[WARNING] 
[WARNING] Some problems were encountered while building the effective settings
[WARNING] 'profiles.profile[repos].repositories.repository.id' must be unique but found duplicate repository with id mapr-public @ /home/runner/.m2/settings.xml
[WARNING] 'profiles.profile[repos].repositories.repository.id' must be unique but found duplicate repository with id apache-snapshots @ /home/runner/.m2/settings.xml
[WARNING] 'profiles.profile[repos].repositories.repository.id' must be unique but found duplicate repository with id apache-group-snapshots @ /home/runner/.m2/settings.xml
[WARNING] 
[INFO] BuildTimeEventSpy is registered.
[WARNING] 
[WARNING] Some problems were encountered while building the effective settings
[WARNING] 'profiles.profile[repos].repositories.repository.id' must be unique but found duplicate repository with id mapr-public @ /home/runner/.m2/settings.xml
[WARNING] 'profiles.profile[repos].repositories.repository.id' must be unique but found duplicate repository with id apache-snapshots @ /home/runner/.m2/settings.xml
[WARNING] 'profiles.profile[repos].repositories.repository.id' must be unique but found duplicate repository with id apache-group-snapshots @ /home/runner/.m2/settings.xml
[WARNING] 
[INFO] Scanning for projects...
[INFO] ------------------------------------------------------------------------
[INFO] Detecting the operating system and CPU architecture
[INFO] ------------------------------------------------------------------------
[INFO] os.detected.name: linux
[INFO] os.detected.arch: x86_64
[INFO] os.detected.version: 6.17
[INFO] os.detected.version.major: 6
[INFO] os.detected.version.minor: 17
[INFO] os.detected.release: ubuntu
[INFO] os.detected.release.version: 24.04
[INFO] os.detected.release.like.ubuntu: true
[INFO] os.detected.release.like.debian: true
[INFO] os.detected.classifier: linux-x86_64
[WARNING] The project org.apache.camel:camel:pom:3.6.0-SNAPSHOT uses prerequisites which is only intended for maven-plugin projects but not for non maven-plugin projects. For such purposes you should use the maven-enforcer-plugin. See https://maven.apache.org/enforcer/enforcer-rules/requireMavenVersion.html
[INFO] ------------------------------------------------------------------------
[INFO] Reactor Build Order:
[INFO] 
[INFO] Camel                                                              [pom]
[INFO] Camel :: Parent                                                    [pom]
[INFO] Camel :: Dependencies                                              [pom]
[INFO] Camel :: Init                                                      [pom]
[INFO] Camel :: Maven Plugins :: Enhanced Formatter Plugin       [maven-plugin]
[INFO] Camel :: Maven Plugins :: Enhanced Bundle Plugin          [maven-plugin]
[INFO] Camel :: Etc                                                       [pom]
[INFO] Camel :: Buildtools                                                [jar]
[INFO] Camel :: Tooling                                                   [pom]
[INFO] Camel :: Tooling :: Util                                           [jar]
[INFO] Camel :: Tooling Parent                                            [pom]
[INFO] Camel :: Maven Plugins                                             [pom]
[INFO] Camel :: Maven Plugins :: BOM Generator                   [maven-plugin]
[INFO] Camel :: BOM :: Generator                                          [pom]
[INFO] Camel :: BOM                                                       [pom]
[INFO] Camel :: SPI Annotations                                           [jar]
[INFO] Camel :: Util :: JSon                                              [jar]
[INFO] Camel :: Tooling :: Model                                          [jar]
[INFO] Camel :: Maven Plugins :: Camel Maven Package             [maven-plugin]
[INFO] Camel :: Core Modules                                              [pom]
[INFO] Camel :: Util                                                      [jar]
[INFO] Camel :: API                                                       [jar]
[INFO] Camel :: Management API                                            [jar]
[INFO] Camel :: Support                                                   [jar]
[INFO] Camel :: Base                                                      [jar]
[INFO] Camel :: Core Engine                                               [jar]
[INFO] Camel :: Core Languages                                            [jar]
[INFO] Camel :: Components                                                [pom]
[INFO] Camel :: Bean                                                      [jar]
[INFO] Camel :: Browse                                                    [jar]
[INFO] Camel :: Caffeine LRUCache                                         [jar]
[INFO] Camel :: Cluster                                                   [jar]
[INFO] Camel :: Controlbus                                                [jar]
[INFO] Camel :: Dataformat                                                [jar]
[INFO] Camel :: Mock                                                      [jar]
[INFO] Camel :: DataSet                                                   [jar]
[INFO] Camel :: Direct                                                    [jar]
[INFO] Camel :: Direct VM                                                 [jar]
[INFO] Camel :: Core Catalog                                              [jar]
[INFO] Camel :: File                                                      [jar]
[INFO] Camel :: Log                                                       [jar]
[INFO] Camel :: Health                                                    [jar]
[INFO] Camel :: Language                                                  [jar]
[INFO] Camel :: Ref                                                       [jar]
[INFO] Camel :: REST                                                      [jar]
[INFO] Camel :: Saga                                                      [jar]
[INFO] Camel :: Scheduler                                                 [jar]
[INFO] Camel :: Seda                                                      [jar]
[INFO] Camel :: VM                                                        [jar]
[INFO] Camel :: Stub                                                      [jar]
[INFO] Camel :: Timer                                                     [jar]
[INFO] Camel :: XML JAXP                                                  [jar]
[INFO] Camel :: Validator                                                 [jar]
[INFO] Camel :: XPath                                                     [jar]
[INFO] Camel :: XSLT                                                      [jar]
[INFO] Camel :: XML JAXB                                                  [jar]
[INFO] Camel :: Core                                                      [jar]
[INFO] Camel :: Tooling :: Swagger REST DSL Generator                     [jar]
[INFO] Camel :: Tooling :: OpenApi REST DSL Generator                     [jar]
[INFO] Camel :: Test :: JUnit5                                            [jar]
[INFO] Camel :: Main                                                      [jar]
[INFO] Camel :: Core XML                                                  [jar]
[INFO] Camel :: Cron                                                      [jar]
[INFO] Camel :: Cloud                                                     [jar]
[INFO] Camel :: Management                                                [jar]
[INFO] Camel :: Maven Plugins :: Camel EIP Documentation Enricher Plugin [maven-plugin]
[INFO] Camel :: Spring                                                    [jar]
[INFO] Camel :: Test :: Spring:: JUnit5                                   [jar]
[INFO] Camel :: Spring Main                                               [jar]
[INFO] Camel :: Spring JavaConfig (deprecated)                            [jar]
[INFO] Camel :: JTA                                                       [jar]
[INFO] Camel :: CDI                                                       [jar]
[INFO] Camel :: Maven Plugins :: Camel Maven Plugin              [maven-plugin]
[INFO] Camel :: Maven Plugins :: Camel API Component Plugin      [maven-plugin]
[INFO] Camel :: HTTP :: Base                                              [jar]
[INFO] Camel :: Attachments                                               [jar]
[INFO] Camel :: HTTP :: Common                                            [jar]
[INFO] Camel :: Jackson                                                   [jar]
[INFO] Camel :: JAXB                                                      [jar]
[INFO] Camel :: Swagger Java                                              [jar]
[INFO] Camel :: Servlet                                                   [jar]
[INFO] Camel :: Jetty :: Common                                           [jar]
[INFO] Camel :: HTTP                                                      [jar]
[INFO] Camel :: Jetty                                                     [jar]
[INFO] Camel :: Maven Plugins :: Swagger REST DSL Generator Maven plugin [maven-plugin]
[INFO] Camel :: Maven Plugins :: OpenApi REST DSL Generator Maven plugin [maven-plugin]
[INFO] Camel :: Maven Plugins :: Enhanced javadoc plugin         [maven-plugin]
[INFO] Camel :: Maven Plugins :: Enhanced Resources Plugin       [maven-plugin]
[INFO] Camel :: Maven Plugins :: Sync Properties                 [maven-plugin]
[INFO] Camel :: Maven Plugins :: Camel Maven Component           [maven-plugin]
[INFO] Camel :: XML IO                                                    [jar]
[INFO] Camel :: JMS                                                       [jar]
[INFO] Camel :: JDBC                                                      [jar]
[INFO] Camel :: ActiveMQ                                                  [jar]
[INFO] Camel :: AHC                                                       [jar]
[INFO] Camel :: AHC-WS                                                    [jar]
[INFO] Camel :: AMQP                                                      [jar]
[INFO] Camel :: Any23                                                     [jar]
[INFO] Camel :: APNS                                                      [jar]
[INFO] Camel :: Testcontainers :: JUnit 5                                 [jar]
[INFO] Camel :: Testcontainers :: Spring :: JUnit5                        [jar]
[INFO] Camel ArangoDb Component                                           [jar]
[INFO] Camel :: AS2 :: Parent                                             [pom]
[INFO] Camel :: AS2 :: API                                                [jar]
[INFO] Camel :: AS2 :: Component                                          [jar]
[INFO] Camel :: ASN.1                                                     [jar]
[INFO] Camel :: Asterisk                                                  [jar]
[INFO] Camel :: Atmos                                                     [jar]
[INFO] Camel :: Atmosphere WebSocket Servlet                              [jar]
[INFO] Camel :: Atom                                                      [jar]
[INFO] Camel :: Atomix                                                    [jar]
[INFO] Camel :: Avro RPC                                                  [jar]
[INFO] Camel :: Avro                                                      [jar]
[INFO] Camel :: AWS CW                                                    [jar]
[INFO] Camel :: AWS DDB                                                   [jar]
[INFO] Camel :: AWS EC2                                                   [jar]
[INFO] Camel :: AWS ECS                                                   [jar]
[INFO] Camel :: AWS EKS                                                   [jar]
[INFO] Camel :: AWS IAM                                                   [jar]
[INFO] Camel :: AWS Kinesis                                               [jar]
[INFO] Camel :: AWS KMS                                                   [jar]
[INFO] Camel :: AWS Lambda                                                [jar]
[INFO] Camel :: AWS MQ                                                    [jar]
[INFO] Camel :: AWS MSK                                                   [jar]
[INFO] Camel :: AWS S3                                                    [jar]
[INFO] Camel :: AWS SDB                                                   [jar]
[INFO] Camel :: AWS SES                                                   [jar]
[INFO] Camel :: AWS SNS                                                   [jar]
[INFO] Camel :: AWS SQS                                                   [jar]
[INFO] Camel :: AWS SWF                                                   [jar]
[INFO] Camel :: AWS Translate                                             [jar]
[INFO] Camel :: AWS2 Athena                                               [jar]
[INFO] Camel :: AWS2 CW                                                   [jar]
[INFO] Camel :: AWS2 DDB                                                  [jar]
[INFO] Camel :: AWS2 EC2                                                  [jar]
[INFO] Camel :: AWS2 ECS                                                  [jar]
[INFO] Camel :: AWS2 EKS                                                  [jar]
[INFO] Camel :: AWS2 IAM                                                  [jar]
[INFO] Camel :: AWS2 Kinesis                                              [jar]
[INFO] Camel :: AWS2 KMS                                                  [jar]
[INFO] Camel :: AWS2 Lambda                                               [jar]
[INFO] Camel :: AWS2 MQ                                                   [jar]
[INFO] Camel :: AWS2 MSK                                                  [jar]
[INFO] Camel :: AWS2 S3                                                   [jar]
[INFO] Camel :: AWS2 SES                                                  [jar]
[INFO] Camel :: AWS2 SNS                                                  [jar]
[INFO] Camel :: AWS2 SQS                                                  [jar]
[INFO] Camel :: AWS2 STS                                                  [jar]
[INFO] Camel :: AWS2 Translate                                            [jar]
[INFO] Camel :: Azure Event Hubs                                          [jar]
[INFO] Camel :: Azure Storage Blob                                        [jar]
[INFO] Camel :: Azure Storage Queue                                       [jar]
[INFO] Camel :: Azure                                                     [jar]
[INFO] Camel :: Barcode                                                   [jar]
[INFO] Camel :: Base64                                                    [jar]
[INFO] Camel :: Bean validator                                            [jar]
[INFO] Camel :: BeanIO                                                    [jar]
[INFO] Camel :: Beanstalk                                                 [jar]
[INFO] Camel :: Bindy                                                     [jar]
[INFO] Camel :: Bonita                                                    [jar]
[INFO] Camel :: Box :: Parent                                             [pom]
[INFO] Camel :: Box :: API                                                [jar]
[INFO] Camel :: Box :: Component                                          [jar]
[INFO] Camel :: Braintree                                                 [jar]
[INFO] Camel :: Caffeine                                                  [jar]
[INFO] Camel :: Cassandra CQL                                             [jar]
[INFO] Camel :: CBOR                                                      [jar]
[INFO] Camel :: ChatScript                                                [jar]
[INFO] Camel :: Chunk                                                     [jar]
[INFO] Camel :: CM SMS                                                    [jar]
[INFO] Camel :: CMIS                                                      [jar]
[INFO] Camel :: CoAP                                                      [jar]
[INFO] Camel :: Cometd                                                    [jar]
[INFO] Camel :: Undertow                                                  [jar]
[INFO] Camel :: Master                                                    [jar]
[INFO] Camel :: Service                                                   [jar]
[INFO] Camel :: Ribbon                                                    [jar]
[INFO] Camel :: Consul                                                    [jar]
[INFO] Camel :: Corda                                                     [jar]
[INFO] Camel :: Couchbase                                                 [jar]
[INFO] Camel :: CouchDB                                                   [jar]
[INFO] Camel :: Crypto CMS (deprecated)                                   [jar]
[INFO] Camel :: Crypto                                                    [jar]
[INFO] Camel :: CSV                                                       [jar]
[INFO] Camel :: CXF :: Transport                                          [jar]
[INFO] Camel :: CXF                                                       [jar]
[INFO] Camel :: Debezium :: Parent                                        [pom]
[INFO] Camel :: Debezium :: Common                                        [jar]
[INFO] Camel :: Debezium :: Maven plugin                         [maven-plugin]
[INFO] Camel :: Debezium :: MongoDB                                       [jar]
[INFO] Camel :: Debezium :: MySQL                                         [jar]
[INFO] Camel :: Debezium :: PostgreSQL                                    [jar]
[INFO] Camel :: Debezium :: SQL Server                                    [jar]
[INFO] Camel :: DigitalOcean                                              [jar]
[INFO] Camel :: Disruptor                                                 [jar]
[INFO] Camel :: Deep Java Library                                         [jar]
[INFO] Camel :: DNS                                                       [jar]
[INFO] Camel :: Docker                                                    [jar]
[INFO] Camel :: Dozer                                                     [jar]
[INFO] Camel :: Drill                                                     [jar]
[INFO] Camel :: Dropbox                                                   [jar]
[INFO] Camel :: Ehcache                                                   [jar]
[INFO] Camel :: ElasticSearch REST                                        [jar]
[INFO] Camel :: SQL                                                       [jar]
[INFO] Camel :: ElSql                                                     [jar]
[INFO] Camel :: Elytron                                                   [jar]
[INFO] Camel :: Etcd                                                      [jar]
[INFO] Camel :: Exec                                                      [jar]
[INFO] Camel :: Facebook                                                  [jar]
[INFO] Camel :: Fastjson                                                  [jar]
[INFO] Camel :: FHIR :: Parent                                            [pom]
[INFO] Camel :: FHIR :: API                                               [jar]
[INFO] Camel :: Netty                                                     [jar]
[INFO] Camel :: MINA                                                      [jar]
[INFO] Camel :: HL7                                                       [jar]
[INFO] Camel :: FHIR                                                      [jar]
[INFO] Camel :: File Watch                                                [jar]
[INFO] Camel :: FlatPack                                                  [jar]
[INFO] Camel :: Flink                                                     [jar]
[INFO] Camel :: FOP                                                       [jar]
[INFO] Camel :: Freemarker                                                [jar]
[INFO] Camel :: SSH                                                       [jar]
[INFO] Camel :: FTP                                                       [jar]
[INFO] Camel :: Ganglia                                                   [jar]
[INFO] Camel :: Geocoder                                                  [jar]
[INFO] Camel :: Git                                                       [jar]
[INFO] Camel :: GitHub                                                    [jar]
[INFO] Camel :: Google BigQuery                                           [jar]
[INFO] Camel :: Google Calendar                                           [jar]
[INFO] Camel :: Google Drive                                              [jar]
[INFO] Camel :: Google Mail                                               [jar]
[INFO] Camel :: Google PubSub                                             [jar]
[INFO] Camel :: Google Sheets                                             [jar]
[INFO] Camel :: Gora                                                      [jar]
[INFO] Camel :: Stream                                                    [jar]
[INFO] Camel :: Grape                                                     [jar]
[INFO] Camel :: GraphQL                                                   [jar]
[INFO] Camel :: Grok                                                      [jar]
[INFO] Camel :: Groovy                                                    [jar]
[INFO] Camel :: gRPC                                                      [jar]
[INFO] Camel :: Gson                                                      [jar]
[INFO] Camel :: Guava-EventBus                                            [jar]
[INFO] Camel :: HazelCast                                                 [jar]
[INFO] Camel :: Hbase                                                     [jar]
[INFO] Camel :: HDFS                                                      [jar]
[INFO] Camel :: Hipchat                                                   [jar]
[INFO] Camel :: iCal                                                      [jar]
[INFO] Camel :: IEC 60870                                                 [jar]
[INFO] Camel :: Ignite                                                    [jar]
[INFO] Camel :: Infinispan                                                [jar]
[INFO] Camel :: InfluxDB                                                  [jar]
[INFO] Camel :: IOTA                                                      [jar]
[INFO] Camel :: IPFS                                                      [jar]
[INFO] Camel :: IRC                                                       [jar]
[INFO] Camel :: IronMQ                                                    [jar]
[INFO] Camel :: Jackson XML                                               [jar]
[INFO] Camel :: JBPM                                                      [jar]
[INFO] Camel :: JCache                                                    [jar]
[INFO] Camel :: JClouds                                                   [jar]
[INFO] Camel :: JCR                                                       [jar]
[INFO] Camel :: JGroups Raft                                              [jar]
[INFO] Camel :: JGroups                                                   [jar]
[INFO] Camel :: Jing                                                      [jar]
[INFO] Camel :: JIRA                                                      [jar]
[INFO] Camel :: JMX                                                       [jar]
[INFO] Camel :: Johnzon                                                   [jar]
[INFO] Camel :: Jolt                                                      [jar]
[INFO] Camel :: JOOQ                                                      [jar]
[INFO] Camel :: JPA                                                       [jar]
[INFO] Camel :: Jsch                                                      [jar]
[INFO] Camel :: Jslt                                                      [jar]
[INFO] Camel :: JSON validator                                            [jar]
[INFO] Camel :: JSonApi                                                   [jar]
[INFO] Camel :: JSONATA                                                   [jar]
[INFO] Camel :: JSon Path                                                 [jar]
[INFO] Camel :: Java Toolbox for AS/400                                   [jar]
[INFO] Camel :: Kafka                                                     [jar]
[INFO] Camel :: Kubernetes                                                [jar]
[INFO] Camel :: Kudu                                                      [jar]
[INFO] Camel :: LDAP                                                      [jar]
[INFO] Camel :: LDIF                                                      [jar]
[INFO] Camel :: Lucene                                                    [jar]
[INFO] Camel :: Lumberjack                                                [jar]
[INFO] Camel :: LZF                                                       [jar]
[INFO] Camel :: Quartz                                                    [jar]
[INFO] Camel :: Mail                                                      [jar]
[INFO] Camel :: Metrics                                                   [jar]
[INFO] Camel :: Micrometer                                                [jar]
[INFO] Camel :: MicroProfile Metrics                                      [jar]
[INFO] Camel :: Milo                                                      [jar]
[INFO] Camel :: Test                                                      [jar]
[INFO] Camel :: MinIO                                                     [jar]
[INFO] Camel :: Simple JMS                                                [jar]
[INFO] Camel :: MLLP                                                      [jar]
[INFO] Camel :: MongoDB GridFS                                            [jar]
[INFO] Camel :: MongoDB                                                   [jar]
[INFO] Camel :: MSV                                                       [jar]
[INFO] Camel :: Mustache                                                  [jar]
[INFO] Camel :: MVEL                                                      [jar]
[INFO] Camel :: MyBatis                                                   [jar]
[INFO] Camel :: Nagios                                                    [jar]
[INFO] Camel :: Nats                                                      [jar]
[INFO] Camel :: Netty HTTP                                                [jar]
[INFO] Camel :: Nitrite                                                   [jar]
[INFO] Camel :: NSQ                                                       [jar]
[INFO] Camel :: OAIPMH                                                    [jar]
[INFO] Camel :: OGNL                                                      [jar]
[INFO] Camel :: Olingo2 :: Parent                                         [pom]
[INFO] Camel :: Olingo2 :: API                                            [jar]
[INFO] Camel :: Olingo2 :: Component                                      [jar]
[INFO] Camel :: Olingo4 :: Parent                                         [pom]
[INFO] Camel :: Olingo4 :: API                                            [jar]
[INFO] Camel :: Olingo4 :: Component                                      [jar]
[INFO] Camel :: OpenStack                                                 [jar]
[INFO] Camel :: OptaPlanner                                               [jar]
[INFO] Camel :: Paho                                                      [jar]
[INFO] Camel :: PDF                                                       [jar]
[INFO] Camel :: PgReplicationSlot                                         [jar]
[INFO] Camel :: PgEvent                                                   [jar]
[INFO] Camel :: Platform HTTP                                             [jar]
[INFO] Camel :: Platform HTTP :: Vert.x                                   [jar]
[INFO] Camel :: Printer                                                   [jar]
[INFO] Camel :: Protobuf                                                  [jar]
[INFO] Camel :: PubNub                                                    [jar]
[INFO] Camel :: Pulsar                                                    [jar]
[INFO] Camel :: QuickFIX/J                                                [jar]
[INFO] Camel :: RabbitMQ                                                  [jar]
[INFO] Camel :: Reactive Streams                                          [jar]
[INFO] Camel :: REST OpenApi                                              [jar]
[INFO] Camel :: REST Swagger                                              [jar]
[INFO] Camel :: Resteasy                                                  [jar]
[INFO] Camel :: RobotFramework                                            [jar]
[INFO] Camel :: RSS                                                       [jar]
[INFO] Camel :: Salesforce :: Parent                                      [pom]
[INFO] Camel :: Salesforce                                                [jar]
[INFO] Camel :: Velocity                                                  [jar]
[INFO] Camel :: SAP NetWeaver                                             [jar]
[INFO] Camel :: XSLT Saxon                                                [jar]
[INFO] Camel :: Saxon                                                     [jar]
[INFO] Camel :: Schematron                                                [jar]
[INFO] Camel :: ServiceNow :: Parent                                      [pom]
[INFO] Camel :: ServiceNow :: Component                                   [jar]
[INFO] Camel :: SIP                                                       [jar]
[INFO] Camel :: Simple JMS2                                               [jar]
[INFO] Camel :: Slack                                                     [jar]
[INFO] Camel :: SMPP                                                      [jar]
[INFO] Camel :: SnakeYAML                                                 [jar]
[INFO] Camel :: SNMP                                                      [jar]
[INFO] Camel :: SOAP                                                      [jar]
[INFO] Camel :: Solr                                                      [jar]
[INFO] Camel :: Soroush                                                   [jar]
[INFO] Camel :: Apache Spark                                              [jar]
[INFO] Camel :: Splunk HEC                                                [jar]
[INFO] Camel :: Splunk                                                    [jar]
[INFO] Camel :: Spring Batch                                              [jar]
[INFO] Camel :: Spring Integration                                        [jar]
[INFO] Camel :: Spring LDAP                                               [jar]
[INFO] Camel :: Redis                                                     [jar]
[INFO] Camel :: Spring Web Services                                       [jar]
[INFO] Camel :: StAX                                                      [jar]
[INFO] Camel :: Stomp                                                     [jar]
[INFO] Camel :: StringTemplate                                            [jar]
[INFO] Camel :: Syslog                                                    [jar]
[INFO] Camel :: TagSoup                                                   [jar]
[INFO] Camel :: Tar File                                                  [jar]
[INFO] Camel :: Webhook                                                   [jar]
[INFO] Camel :: Telegram                                                  [jar]
[INFO] Camel :: Thrift                                                    [jar]
[INFO] Camel :: Tika                                                      [jar]
[INFO] Camel :: Twilio                                                    [jar]
[INFO] Camel :: Twitter                                                   [jar]
[INFO] Camel :: UniVocity Parsers                                         [jar]
[INFO] Camel :: OpenApi Java                                              [jar]
[INFO] Camel :: Vert.x :: HTTP                                            [jar]
[INFO] Camel :: Vert.x :: WebSocket                                       [jar]
[INFO] Camel :: Vertx                                                     [jar]
[INFO] Camel :: Weather                                                   [jar]
[INFO] Camel :: Web3j                                                     [jar]
[INFO] Camel :: WebSocket JSR356                                          [jar]
[INFO] Camel :: WebSocket                                                 [jar]
[INFO] Camel :: Weka                                                      [jar]
[INFO] Camel :: Wordpress                                                 [jar]
[INFO] Camel :: Workday                                                   [jar]
[INFO] Camel :: XChange                                                   [jar]
[INFO] Camel :: XJ                                                        [jar]
[INFO] Camel :: XML Security                                              [jar]
[INFO] Camel :: XMPP                                                      [jar]
[INFO] Camel :: XStream                                                   [jar]
[INFO] Camel :: Yammer                                                    [jar]
[INFO] Camel :: Zendesk                                                   [jar]
[INFO] Camel :: Zip Deflater                                              [jar]
[INFO] Camel :: Zip File                                                  [jar]
[INFO] Camel :: Test :: Spring                                            [jar]
[INFO] Camel :: Testcontainers                                            [jar]
[INFO] Camel :: Testcontainers :: Spring                                  [jar]
[INFO] Camel :: Zookeeper Master                                          [jar]
[INFO] Camel :: Zookeeper                                                 [jar]
[INFO] Camel :: All Components Sync point                                 [pom]
[INFO] Camel :: Endpoint DSL                                              [jar]
[INFO] Camel :: Component DSL                                             [jar]
[INFO] Camel :: Test :: CDI                                               [jar]
[INFO] Camel :: Hystrix (deprecated)                                      [jar]
[INFO] Camel :: AWS :: XRay                                               [jar]
[INFO] Camel :: Etcd3                                                     [jar]
[INFO] Camel :: Headers Map                                               [jar]
[INFO] Camel :: Jasypt                                                    [jar]
[INFO] Camel :: Common Tracing                                            [jar]
[INFO] Camel :: LevelDB                                                   [jar]
[INFO] Camel :: Long-Running-Action                                       [jar]
[INFO] Camel :: MicroProfile Config                                       [jar]
[INFO] Camel :: MicroProfile :: Fault Tolerance                           [jar]
[INFO] Camel :: MicroProfile Health                                       [jar]
[INFO] Camel :: OpenTracing                                               [jar]
[INFO] Camel :: OpenTelemetry                                             [jar]
[INFO] Camel :: Reactive Executor :: Vert.x                               [jar]
[INFO] Camel :: Reactor                                                   [jar]
[INFO] Camel :: Redis                                                     [jar]
[INFO] Camel :: Resilience4j                                              [jar]
[INFO] Camel :: RxJava                                                    [jar]
[INFO] Camel :: Salesforce :: Maven plugin                       [maven-plugin]
[INFO] Camel :: ServiceNow :: Maven plugin                       [maven-plugin]
[INFO] Camel :: Shiro                                                     [jar]
[INFO] Camel :: Spring Security                                           [jar]
[INFO] Camel :: Thread Pool Factory :: Vert.x                             [jar]
[INFO] Camel :: Undertow Spring Security                                  [jar]
[INFO] Camel :: Zipkin                                                    [jar]
[INFO] Camel :: Archetypes                                                [pom]
[INFO] Camel :: Archetypes :: Component                       [maven-archetype]
[INFO] Camel :: Archetypes :: Blueprint (OSGi) Based Router   [maven-archetype]
[INFO] Camel :: Archetypes :: CDI Based Router                [maven-archetype]
[INFO] Camel :: Archetypes :: Component                       [maven-archetype]
[INFO] Camel :: Archetypes :: Data Format                     [maven-archetype]
[INFO] Camel :: Archetypes :: Java Router                     [maven-archetype]
[INFO] Camel :: Archetypes :: Main                            [maven-archetype]
[INFO] Camel :: Archetypes :: Spring XML Based Router         [maven-archetype]
[INFO] Camel :: Archetypes :: Spring Boot Based Router        [maven-archetype]
[INFO] Camel :: Catalog                                                   [pom]
[INFO] Camel :: Catalog :: Dummy Component                                [jar]
[INFO] Camel :: Catalog :: Camel Catalog                                  [jar]
[INFO] Camel :: Catalog :: Lucene                                         [jar]
[INFO] Camel :: Catalog :: Maven                                          [jar]
[INFO] Camel :: Catalog :: Camel Route Parser                             [jar]
[INFO] Camel :: Catalog :: Camel Report Maven Plugin             [maven-plugin]
[INFO] Camel :: Integration Tests :: Test Bundles                         [pom]
[INFO] Camel :: Integration Tests :: Test Bundles: mock-javamail-1.7      [jar]
[INFO] Camel :: Integration Tests :: Camel Validator Test Resources       [jar]
[INFO] Camel :: Integration Tests                                         [pom]
[INFO] Camel :: Integration Tests :: Standalone                           [jar]
[INFO] Camel :: Integration Tests :: Non OSGi                             [jar]
[INFO] Camel :: Integration Tests :: CDI                                  [jar]
[INFO] Camel :: Integration Tests :: JMS 2.0 API                          [jar]
[INFO] Camel :: Integration Tests :: JMH                                  [jar]
[INFO] Camel :: Integration Tests :: Partial Classpath                    [jar]
[INFO] Camel :: Integration Tests :: TypeConverter Scan                   [jar]
[INFO] Camel :: Assembly                                                  [pom]
[INFO] 
[INFO] -----------------------< org.apache.camel:camel >-----------------------
[INFO] Building Camel 3.6.0-SNAPSHOT                                    [1/455]
[INFO]   from pom.xml
[INFO] --------------------------------[ pom ]---------------------------------
[INFO] 
[INFO] --- clean:3.1.0:clean (default-clean) @ camel ---
[INFO] Deleting /home/runner/work/sonar-analysis/sonar-analysis/project/target
[INFO] 
[INFO] --- enforcer:1.4.1:enforce (enforce-maven-version) @ camel ---
[INFO] Skipping Rule Enforcement.
[INFO] 
[INFO] --- flatten:1.2.1:flatten (default-cli) @ camel ---
[INFO] Generating flattened POM of project org.apache.camel:camel:pom:3.6.0-SNAPSHOT...
[INFO] 
[INFO] --- site:3.7.1:attach-descriptor (attach-descriptor) @ camel ---
[INFO] No site descriptor found: nothing to attach.
[INFO] 
[INFO] --- install:2.5.2:install (default-install) @ camel ---
[INFO] Installing /home/runner/work/sonar-analysis/sonar-analysis/project/target/.flattened-pom.xml to /home/runner/.m2/repository/org/apache/camel/camel/3.6.0-SNAPSHOT/camel-3.6.0-SNAPSHOT.pom
[INFO] 
[INFO] -------------------< org.apache.camel:camel-parent >--------------------
[INFO] Building Camel :: Parent 3.6.0-SNAPSHOT                          [2/455]
[INFO]   from parent/pom.xml
[INFO] --------------------------------[ pom ]---------------------------------
[INFO] 
[INFO] --- clean:3.1.0:clean (default-clean) @ camel-parent ---
[INFO] Deleting /home/runner/work/sonar-analysis/sonar-analysis/project/parent/target
[INFO] 
[INFO] --- impsort:1.3.2:sort (sort-imports) @ camel-parent ---
[INFO] Skipping execution of impsort-maven-plugin
[INFO] 
[INFO] --- flatten:1.2.1:flatten (default-cli) @ camel-parent ---
[INFO] Generating flattened POM of project org.apache.camel:camel-parent:pom:3.6.0-SNAPSHOT...
[INFO] 
[INFO] --- install:2.5.2:install (default-install) @ camel-parent ---
[INFO] Installing /home/runner/work/sonar-analysis/sonar-analysis/project/parent/target/.flattened-pom.xml to /home/runner/.m2/repository/org/apache/camel/camel-parent/3.6.0-SNAPSHOT/camel-parent-3.6.0-SNAPSHOT.pom
[INFO] 
[INFO] ----------------< org.apache.camel:camel-dependencies >-----------------
[INFO] Building Camel :: Dependencies 3.6.0-SNAPSHOT                    [3/455]
[INFO]   from camel-dependencies/pom.xml
[INFO] --------------------------------[ pom ]---------------------------------
[INFO] 
[INFO] --- clean:3.1.0:clean (default-clean) @ camel-dependencies ---
[INFO] Deleting /home/runner/work/sonar-analysis/sonar-analysis/project/camel-dependencies/target
[INFO] 
[INFO] --- enforcer:1.4.1:enforce (enforce-maven-version) @ camel-dependencies ---
[INFO] Skipping Rule Enforcement.
[INFO] 
[INFO] --- remote-resources:1.7.0:process (process-resource-bundles) @ camel-dependencies ---
[INFO] Preparing remote bundle org.apache:apache-jar-resource-bundle:1.4
[INFO] Copying 3 resources from 1 bundle.
[INFO] 
[INFO] --- site:3.7.1:attach-descriptor (attach-descriptor) @ camel-dependencies ---
[INFO] No site descriptor found: nothing to attach.
[INFO] 
[INFO] --- install:2.5.2:install (default-install) @ camel-dependencies ---
[INFO] Installing /home/runner/work/sonar-analysis/sonar-analysis/project/camel-dependencies/pom.xml to /home/runner/.m2/repository/org/apache/camel/camel-dependencies/3.6.0-SNAPSHOT/camel-dependencies-3.6.0-SNAPSHOT.pom
[INFO] 
[INFO] -----------------------< org.apache.camel:init >------------------------
[INFO] Building Camel :: Init 3.6.0-SNAPSHOT                            [4/455]
[INFO]   from init/pom.xml
[INFO] --------------------------------[ pom ]---------------------------------
[INFO] 
[INFO] --- clean:3.1.0:clean (default-clean) @ init ---
[INFO] Deleting /home/runner/work/sonar-analysis/sonar-analysis/project/init/target
[INFO] 
[INFO] --- enforcer:1.4.1:enforce (enforce-maven-version) @ init ---
[INFO] Skipping Rule Enforcement.
[INFO] 
[INFO] --- flatten:1.2.1:flatten (default-cli) @ init ---
[INFO] Generating flattened POM of project org.apache.camel:init:pom:3.6.0-SNAPSHOT...
[INFO] 
[INFO] --- site:3.7.1:attach-descriptor (attach-descriptor) @ init ---
[INFO] No site descriptor found: nothing to attach.
[INFO] 
[INFO] --- install:2.5.2:install (default-install) @ init ---
[INFO] Installing /home/runner/work/sonar-analysis/sonar-analysis/project/init/target/.flattened-pom.xml to /home/runner/.m2/repository/org/apache/camel/init/3.6.0-SNAPSHOT/init-3.6.0-SNAPSHOT.pom
[INFO] 
[INFO] ----------------< org.apache.camel:camel-format-plugin >----------------
[INFO] Building Camel :: Maven Plugins :: Enhanced Formatter Plugin 3.6.0-SNAPSHOT [5/455]
[INFO]   from init/camel-format-plugin/pom.xml
[INFO] ----------------------------[ maven-plugin ]----------------------------
[WARNING] Could not transfer metadata org.eclipse.platform:org.eclipse.core.resources/maven-metadata.xml from/to jboss (https://repository.jboss.org/nexus/content/groups/public/): status code: 503, reason phrase: Service Unavailable (503)
[WARNING] Could not transfer metadata org.eclipse.platform:org.eclipse.core.resources/maven-metadata.xml from/to jboss-thirdparty (https://repository.jboss.org/nexus/service/local/repositories/thirdparty-releases/content/): status code: 503, reason phrase: Service Unavailable (503)
[WARNING] Could not transfer metadata org.eclipse.platform:org.eclipse.core.resources/maven-metadata.xml from/to jboss.thirdparty (https://repository.jboss.org/nexus/service/local/repositories/thirdparty-releases/content/): status code: 503, reason phrase: Service Unavailable (503)
[WARNING] Could not transfer metadata org.eclipse.platform:org.eclipse.core.expressions/maven-metadata.xml from/to jboss (https://repository.jboss.org/nexus/content/groups/public/): status code: 503, reason phrase: Service Unavailable (503)
[WARNING] Could not transfer metadata org.eclipse.platform:org.eclipse.core.expressions/maven-metadata.xml from/to jboss-thirdparty (https://repository.jboss.org/nexus/service/local/repositories/thirdparty-releases/content/): status code: 503, reason phrase: Service Unavailable (503)
[WARNING] Could not transfer metadata org.eclipse.platform:org.eclipse.core.expressions/maven-metadata.xml from/to jboss.thirdparty (https://repository.jboss.org/nexus/service/local/repositories/thirdparty-releases/content/): status code: 503, reason phrase: Service Unavailable (503)
[WARNING] Could not transfer metadata org.eclipse.platform:org.eclipse.core.runtime/maven-metadata.xml from/to jboss (https://repository.jboss.org/nexus/content/groups/public/): status code: 503, reason phrase: Service Unavailable (503)
[WARNING] Could not transfer metadata org.eclipse.platform:org.eclipse.core.runtime/maven-metadata.xml from/to jboss-thirdparty (https://repository.jboss.org/nexus/service/local/repositories/thirdparty-releases/content/): status code: 503, reason phrase: Service Unavailable (503)
[WARNING] Could not transfer metadata org.eclipse.platform:org.eclipse.core.runtime/maven-metadata.xml from/to jboss.thirdparty (https://repository.jboss.org/nexus/service/local/repositories/thirdparty-releases/content/): status code: 503, reason phrase: Service Unavailable (503)
[WARNING] Could not transfer metadata org.eclipse.platform:org.eclipse.osgi/maven-metadata.xml from/to jboss (https://repository.jboss.org/nexus/content/groups/public/): status code: 503, reason phrase: Service Unavailable (503)
[WARNING] Could not transfer metadata org.eclipse.platform:org.eclipse.osgi/maven-metadata.xml from/to jboss-thirdparty (https://repository.jboss.org/nexus/service/local/repositories/thirdparty-releases/content/): status code: 503, reason phrase: Service Unavailable (503)
[WARNING] Could not transfer metadata org.eclipse.platform:org.eclipse.osgi/maven-metadata.xml from/to jboss.thirdparty (https://repository.jboss.org/nexus/service/local/repositories/thirdparty-releases/content/): status code: 503, reason phrase: Service Unavailable (503)
[WARNING] Could not transfer metadata org.eclipse.platform:org.eclipse.equinox.common/maven-metadata.xml from/to jboss (https://repository.jboss.org/nexus/content/groups/public/): status code: 503, reason phrase: Service Unavailable (503)
[WARNING] Could not transfer metadata org.eclipse.platform:org.eclipse.equinox.common/maven-metadata.xml from/to jboss-thirdparty (https://repository.jboss.org/nexus/service/local/repositories/thirdparty-releases/content/): status code: 503, reason phrase: Service Unavailable (503)
[WARNING] Could not transfer metadata org.eclipse.platform:org.eclipse.equinox.common/maven-metadata.xml from/to jboss.thirdparty (https://repository.jboss.org/nexus/service/local/repositories/thirdparty-releases/content/): status code: 503, reason phrase: Service Unavailable (503)
[WARNING] org.eclipse.platform:org.eclipse.osgi/maven-metadata.xml failed to transfer from https://repository.jboss.org/nexus/content/groups/public/ during a previous attempt. This failure was cached in the local repository and resolution will not be reattempted until the update interval of jboss has elapsed or updates are forced. Original error: Could not transfer metadata org.eclipse.platform:org.eclipse.osgi/maven-metadata.xml from/to jboss (https://repository.jboss.org/nexus/content/groups/public/): status code: 503, reason phrase: Service Unavailable (503)
[WARNING] org.eclipse.platform:org.eclipse.osgi/maven-metadata.xml failed to transfer from https://repository.jboss.org/nexus/service/local/repositories/thirdparty-releases/content/ during a previous attempt. This failure was cached in the local repository and resolution will not be reattempted until the update interval of jboss-thirdparty has elapsed or updates are forced. Original error: Could not transfer metadata org.eclipse.platform:org.eclipse.osgi/maven-metadata.xml from/to jboss-thirdparty (https://repository.jboss.org/nexus/service/local/repositories/thirdparty-releases/content/): status code: 503, reason phrase: Service Unavailable (503)
[WARNING] org.eclipse.platform:org.eclipse.osgi/maven-metadata.xml failed to transfer from https://repository.jboss.org/nexus/service/local/repositories/thirdparty-releases/content/ during a previous attempt. This failure was cached in the local repository and resolution will not be reattempted until the update interval of jboss.thirdparty has elapsed or updates are forced. Original error: Could not transfer metadata org.eclipse.platform:org.eclipse.osgi/maven-metadata.xml from/to jboss.thirdparty (https://repository.jboss.org/nexus/service/local/repositories/thirdparty-releases/content/): status code: 503, reason phrase: Service Unavailable (503)
[WARNING] Could not transfer metadata org.eclipse.platform:org.eclipse.core.jobs/maven-metadata.xml from/to jboss (https://repository.jboss.org/nexus/content/groups/public/): status code: 503, reason phrase: Service Unavailable (503)
[WARNING] Could not transfer metadata org.eclipse.platform:org.eclipse.core.jobs/maven-metadata.xml from/to jboss-thirdparty (https://repository.jboss.org/nexus/service/local/repositories/thirdparty-releases/content/): status code: 503, reason phrase: Service Unavailable (503)
[WARNING] Could not transfer metadata org.eclipse.platform:org.eclipse.core.jobs/maven-metadata.xml from/to jboss.thirdparty (https://repository.jboss.org/nexus/service/local/repositories/thirdparty-releases/content/): status code: 503, reason phrase: Service Unavailable (503)
[WARNING] org.eclipse.platform:org.eclipse.osgi/maven-metadata.xml failed to transfer from https://repository.jboss.org/nexus/content/groups/public/ during a previous attempt. This failure was cached in the local repository and resolution will not be reattempted until the update interval of jboss has elapsed or updates are forced. Original error: Could not transfer metadata org.eclipse.platform:org.eclipse.osgi/maven-metadata.xml from/to jboss (https://repository.jboss.org/nexus/content/groups/public/): status code: 503, reason phrase: Service Unavailable (503)
[WARNING] org.eclipse.platform:org.eclipse.osgi/maven-metadata.xml failed to transfer from https://repository.jboss.org/nexus/service/local/repositories/thirdparty-releases/content/ during a previous attempt. This failure was cached in the local repository and resolution will not be reattempted until the update interval of jboss-thirdparty has elapsed or updates are forced. Original error: Could not transfer metadata org.eclipse.platform:org.eclipse.osgi/maven-metadata.xml from/to jboss-thirdparty (https://repository.jboss.org/nexus/service/local/repositories/thirdparty-releases/content/): status code: 503, reason phrase: Service Unavailable (503)
[WARNING] org.eclipse.platform:org.eclipse.osgi/maven-metadata.xml failed to transfer from https://repository.jboss.org/nexus/service/local/repositories/thirdparty-releases/content/ during a previous attempt. This failure was cached in the local repository and resolution will not be reattempted until the update interval of jboss.thirdparty has elapsed or updates are forced. Original error: Could not transfer metadata org.eclipse.platform:org.eclipse.osgi/maven-metadata.xml from/to jboss.thirdparty (https://repository.jboss.org/nexus/service/local/repositories/thirdparty-releases/content/): status code: 503, reason phrase: Service Unavailable (503)
[WARNING] Could not transfer metadata org.eclipse.platform:org.eclipse.equinox.registry/maven-metadata.xml from/to jboss (https://repository.jboss.org/nexus/content/groups/public/): status code: 503, reason phrase: Service Unavailable (503)
[WARNING] Could not transfer metadata org.eclipse.platform:org.eclipse.equinox.registry/maven-metadata.xml from/to jboss-thirdparty (https://repository.jboss.org/nexus/service/local/repositories/thirdparty-releases/content/): status code: 503, reason phrase: Service Unavailable (503)
[WARNING] Could not transfer metadata org.eclipse.platform:org.eclipse.equinox.registry/maven-metadata.xml from/to jboss.thirdparty (https://repository.jboss.org/nexus/service/local/repositories/thirdparty-releases/content/): status code: 503, reason phrase: Service Unavailable (503)
[WARNING] org.eclipse.platform:org.eclipse.equinox.common/maven-metadata.xml failed to transfer from https://repository.jboss.org/nexus/content/groups/public/ during a previous attempt. This failure was cached in the local repository and resolution will not be reattempted until the update interval of jboss has elapsed or updates are forced. Original error: Could not transfer metadata org.eclipse.platform:org.eclipse.equinox.common/maven-metadata.xml from/to jboss (https://repository.jboss.org/nexus/content/groups/public/): status code: 503, reason phrase: Service Unavailable (503)
[WARNING] org.eclipse.platform:org.eclipse.equinox.common/maven-metadata.xml failed to transfer from https://repository.jboss.org/nexus/service/local/repositories/thirdparty-releases/content/ during a previous attempt. This failure was cached in the local repository and resolution will not be reattempted until the update interval of jboss-thirdparty has elapsed or updates are forced. Original error: Could not transfer metadata org.eclipse.platform:org.eclipse.equinox.common/maven-metadata.xml from/to jboss-thirdparty (https://repository.jboss.org/nexus/service/local/repositories/thirdparty-releases/content/): status code: 503, reason phrase: Service Unavailable (503)
[WARNING] org.eclipse.platform:org.eclipse.equinox.common/maven-metadata.xml failed to transfer from https://repository.jboss.org/nexus/service/local/repositories/thirdparty-releases/content/ during a previous attempt. This failure was cached in the local repository and resolution will not be reattempted until the update interval of jboss.thirdparty has elapsed or updates are forced. Original error: Could not transfer metadata org.eclipse.platform:org.eclipse.equinox.common/maven-metadata.xml from/to jboss.thirdparty (https://repository.jboss.org/nexus/service/local/repositories/thirdparty-releases/content/): status code: 503, reason phrase: Service Unavailable (503)
[WARNING] org.eclipse.platform:org.eclipse.equinox.common/maven-metadata.xml failed to transfer from https://repository.jboss.org/nexus/content/groups/public/ during a previous attempt. This failure was cached in the local repository and resolution will not be reattempted until the update interval of jboss has elapsed or updates are forced. Original error: Could not transfer metadata org.eclipse.platform:org.eclipse.equinox.common/maven-metadata.xml from/to jboss (https://repository.jboss.org/nexus/content/groups/public/): status code: 503, reason phrase: Service Unavailable (503)
[WARNING] org.eclipse.platform:org.eclipse.equinox.common/maven-metadata.xml failed to transfer from https://repository.jboss.org/nexus/service/local/repositories/thirdparty-releases/content/ during a previous attempt. This failure was cached in the local repository and resolution will not be reattempted until the update interval of jboss-thirdparty has elapsed or updates are forced. Original error: Could not transfer metadata org.eclipse.platform:org.eclipse.equinox.common/maven-metadata.xml from/to jboss-thirdparty (https://repository.jboss.org/nexus/service/local/repositories/thirdparty-releases/content/): status code: 503, reason phrase: Service Unavailable (503)
[WARNING] org.eclipse.platform:org.eclipse.equinox.common/maven-metadata.xml failed to transfer from https://repository.jboss.org/nexus/service/local/repositories/thirdparty-releases/content/ during a previous attempt. This failure was cached in the local repository and resolution will not be reattempted until the update interval of jboss.thirdparty has elapsed or updates are forced. Original error: Could not transfer metadata org.eclipse.platform:org.eclipse.equinox.common/maven-metadata.xml from/to jboss.thirdparty (https://repository.jboss.org/nexus/service/local/repositories/thirdparty-releases/content/): status code: 503, reason phrase: Service Unavailable (503)
[WARNING] org.eclipse.platform:org.eclipse.equinox.common/maven-metadata.xml failed to transfer from https://repository.jboss.org/nexus/content/groups/public/ during a previous attempt. This failure was cached in the local repository and resolution will not be reattempted until the update interval of jboss has elapsed or updates are forced. Original error: Could not transfer metadata org.eclipse.platform:org.eclipse.equinox.common/maven-metadata.xml from/to jboss (https://repository.jboss.org/nexus/content/groups/public/): status code: 503, reason phrase: Service Unavailable (503)
[WARNING] org.eclipse.platform:org.eclipse.equinox.common/maven-metadata.xml failed to transfer from https://repository.jboss.org/nexus/service/local/repositories/thirdparty-releases/content/ during a previous attempt. This failure was cached in the local repository and resolution will not be reattempted until the update interval of jboss-thirdparty has elapsed or updates are forced. Original error: Could not transfer metadata org.eclipse.platform:org.eclipse.equinox.common/maven-metadata.xml from/to jboss-thirdparty (https://repository.jboss.org/nexus/service/local/repositories/thirdparty-releases/content/): status code: 503, reason phrase: Service Unavailable (503)
[WARNING] org.eclipse.platform:org.eclipse.equinox.common/maven-metadata.xml failed to transfer from https://repository.jboss.org/nexus/service/local/repositories/thirdparty-releases/content/ during a previous attempt. This failure was cached in the local repository and resolution will not be reattempted until the update interval of jboss.thirdparty has elapsed or updates are forced. Original error: Could not transfer metadata org.eclipse.platform:org.eclipse.equinox.common/maven-metadata.xml from/to jboss.thirdparty (https://repository.jboss.org/nexus/service/local/repositories/thirdparty-releases/content/): status code: 503, reason phrase: Service Unavailable (503)
[WARNING] org.eclipse.platform:org.eclipse.equinox.common/maven-metadata.xml failed to transfer from https://repository.jboss.org/nexus/content/groups/public/ during a previous attempt. This failure was cached in the local repository and resolution will not be reattempted until the update interval of jboss has elapsed or updates are forced. Original error: Could not transfer metadata org.eclipse.platform:org.eclipse.equinox.common/maven-metadata.xml from/to jboss (https://repository.jboss.org/nexus/content/groups/public/): status code: 503, reason phrase: Service Unavailable (503)
[WARNING] org.eclipse.platform:org.eclipse.equinox.common/maven-metadata.xml failed to transfer from https://repository.jboss.org/nexus/service/local/repositories/thirdparty-releases/content/ during a previous attempt. This failure was cached in the local repository and resolution will not be reattempted until the update interval of jboss-thirdparty has elapsed or updates are forced. Original error: Could not transfer metadata org.eclipse.platform:org.eclipse.equinox.common/maven-metadata.xml from/to jboss-thirdparty (https://repository.jboss.org/nexus/service/local/repositories/thirdparty-releases/content/): status code: 503, reason phrase: Service Unavailable (503)
[WARNING] org.eclipse.platform:org.eclipse.equinox.common/maven-metadata.xml failed to transfer from https://repository.jboss.org/nexus/service/local/repositories/thirdparty-releases/content/ during a previous attempt. This failure was cached in the local repository and resolution will not be reattempted until the update interval of jboss.thirdparty has elapsed or updates are forced. Original error: Could not transfer metadata org.eclipse.platform:org.eclipse.equinox.common/maven-metadata.xml from/to jboss.thirdparty (https://repository.jboss.org/nexus/service/local/repositories/thirdparty-releases/content/): status code: 503, reason phrase: Service Unavailable (503)
[WARNING] Could not transfer metadata org.eclipse.platform:org.eclipse.equinox.preferences/maven-metadata.xml from/to jboss (https://repository.jboss.org/nexus/content/groups/public/): status code: 503, reason phrase: Service Unavailable (503)
[WARNING] Could not transfer metadata org.eclipse.platform:org.eclipse.equinox.preferences/maven-metadata.xml from/to jboss-thirdparty (https://repository.jboss.org/nexus/service/local/repositories/thirdparty-releases/content/): status code: 503, reason phrase: Service Unavailable (503)
[WARNING] Could not transfer metadata org.eclipse.platform:org.eclipse.equinox.preferences/maven-metadata.xml from/to jboss.thirdparty (https://repository.jboss.org/nexus/service/local/repositories/thirdparty-releases/content/): status code: 503, reason phrase: Service Unavailable (503)
[WARNING] org.eclipse.platform:org.eclipse.equinox.common/maven-metadata.xml failed to transfer from https://repository.jboss.org/nexus/content/groups/public/ during a previous attempt. This failure was cached in the local repository and resolution will not be reattempted until the update interval of jboss has elapsed or updates are forced. Original error: Could not transfer metadata org.eclipse.platform:org.eclipse.equinox.common/maven-metadata.xml from/to jboss (https://repository.jboss.org/nexus/content/groups/public/): status code: 503, reason phrase: Service Unavailable (503)
[WARNING] org.eclipse.platform:org.eclipse.equinox.common/maven-metadata.xml failed to transfer from https://repository.jboss.org/nexus/service/local/repositories/thirdparty-releases/content/ during a previous attempt. This failure was cached in the local repository and resolution will not be reattempted until the update interval of jboss-thirdparty has elapsed or updates are forced. Original error: Could not transfer metadata org.eclipse.platform:org.eclipse.equinox.common/maven-metadata.xml from/to jboss-thirdparty (https://repository.jboss.org/nexus/service/local/repositories/thirdparty-releases/content/): status code: 503, reason phrase: Service Unavailable (503)
[WARNING] org.eclipse.platform:org.eclipse.equinox.common/maven-metadata.xml failed to transfer from https://repository.jboss.org/nexus/service/local/repositories/thirdparty-releases/content/ during a previous attempt. This failure was cached in the local repository and resolution will not be reattempted until the update interval of jboss.thirdparty has elapsed or updates are forced. Original error: Could not transfer metadata org.eclipse.platform:org.eclipse.equinox.common/maven-metadata.xml from/to jboss.thirdparty (https://repository.jboss.org/nexus/service/local/repositories/thirdparty-releases/content/): status code: 503, reason phrase: Service Unavailable (503)
[WARNING] Could not transfer metadata org.osgi:org.osgi.service.prefs/maven-metadata.xml from/to jboss (https://repository.jboss.org/nexus/content/groups/public/): status code: 503, reason phrase: Service Unavailable (503)
[WARNING] Could not transfer metadata org.osgi:org.osgi.service.prefs/maven-metadata.xml from/to jboss-thirdparty (https://repository.jboss.org/nexus/service/local/repositories/thirdparty-releases/content/): status code: 503, reason phrase: Service Unavailable (503)
[WARNING] Could not transfer metadata org.osgi:org.osgi.service.prefs/maven-metadata.xml from/to jboss.thirdparty (https://repository.jboss.org/nexus/service/local/repositories/thirdparty-releases/content/): status code: 503, reason phrase: Service Unavailable (503)
[WARNING] Could not transfer metadata org.eclipse.platform:org.eclipse.core.contenttype/maven-metadata.xml from/to jboss (https://repository.jboss.org/nexus/content/groups/public/): status code: 503, reason phrase: Service Unavailable (503)
[WARNING] Could not transfer metadata org.eclipse.platform:org.eclipse.core.contenttype/maven-metadata.xml from/to jboss-thirdparty (https://repository.jboss.org/nexus/service/local/repositories/thirdparty-releases/content/): status code: 503, reason phrase: Service Unavailable (503)
[WARNING] Could not transfer metadata org.eclipse.platform:org.eclipse.core.contenttype/maven-metadata.xml from/to jboss.thirdparty (https://repository.jboss.org/nexus/service/local/repositories/thirdparty-releases/content/): status code: 503, reason phrase: Service Unavailable (503)
[WARNING] org.eclipse.platform:org.eclipse.equinox.preferences/maven-metadata.xml failed to transfer from https://repository.jboss.org/nexus/content/groups/public/ during a previous attempt. This failure was cached in the local repository and resolution will not be reattempted until the update interval of jboss has elapsed or updates are forced. Original error: Could not transfer metadata org.eclipse.platform:org.eclipse.equinox.preferences/maven-metadata.xml from/to jboss (https://repository.jboss.org/nexus/content/groups/public/): status code: 503, reason phrase: Service Unavailable (503)
[WARNING] org.eclipse.platform:org.eclipse.equinox.preferences/maven-metadata.xml failed to transfer from https://repository.jboss.org/nexus/service/local/repositories/thirdparty-releases/content/ during a previous attempt. This failure was cached in the local repository and resolution will not be reattempted until the update interval of jboss-thirdparty has elapsed or updates are forced. Original error: Could not transfer metadata org.eclipse.platform:org.eclipse.equinox.preferences/maven-metadata.xml from/to jboss-thirdparty (https://repository.jboss.org/nexus/service/local/repositories/thirdparty-releases/content/): status code: 503, reason phrase: Service Unavailable (503)
[WARNING] org.eclipse.platform:org.eclipse.equinox.preferences/maven-metadata.xml failed to transfer from https://repository.jboss.org/nexus/service/local/repositories/thirdparty-releases/content/ during a previous attempt. This failure was cached in the local repository and resolution will not be reattempted until the update interval of jboss.thirdparty has elapsed or updates are forced. Original error: Could not transfer metadata org.eclipse.platform:org.eclipse.equinox.preferences/maven-metadata.xml from/to jboss.thirdparty (https://repository.jboss.org/nexus/service/local/repositories/thirdparty-releases/content/): status code: 503, reason phrase: Service Unavailable (503)
[WARNING] org.eclipse.platform:org.eclipse.equinox.registry/maven-metadata.xml failed to transfer from https://repository.jboss.org/nexus/content/groups/public/ during a previous attempt. This failure was cached in the local repository and resolution will not be reattempted until the update interval of jboss has elapsed or updates are forced. Original error: Could not transfer metadata org.eclipse.platform:org.eclipse.equinox.registry/maven-metadata.xml from/to jboss (https://repository.jboss.org/nexus/content/groups/public/): status code: 503, reason phrase: Service Unavailable (503)
[WARNING] org.eclipse.platform:org.eclipse.equinox.registry/maven-metadata.xml failed to transfer from https://repository.jboss.org/nexus/service/local/repositories/thirdparty-releases/content/ during a previous attempt. This failure was cached in the local repository and resolution will not be reattempted until the update interval of jboss-thirdparty has elapsed or updates are forced. Original error: Could not transfer metadata org.eclipse.platform:org.eclipse.equinox.registry/maven-metadata.xml from/to jboss-thirdparty (https://repository.jboss.org/nexus/service/local/repositories/thirdparty-releases/content/): status code: 503, reason phrase: Service Unavailable (503)
[WARNING] org.eclipse.platform:org.eclipse.equinox.registry/maven-metadata.xml failed to transfer from https://repository.jboss.org/nexus/service/local/repositories/thirdparty-releases/content/ during a previous attempt. This failure was cached in the local repository and resolution will not be reattempted until the update interval of jboss.thirdparty has elapsed or updates are forced. Original error: Could not transfer metadata org.eclipse.platform:org.eclipse.equinox.registry/maven-metadata.xml from/to jboss.thirdparty (https://repository.jboss.org/nexus/service/local/repositories/thirdparty-releases/content/): status code: 503, reason phrase: Service Unavailable (503)
[WARNING] Could not transfer metadata org.eclipse.platform:org.eclipse.equinox.app/maven-metadata.xml from/to jboss (https://repository.jboss.org/nexus/content/groups/public/): status code: 503, reason phrase: Service Unavailable (503)
[WARNING] Could not transfer metadata org.eclipse.platform:org.eclipse.equinox.app/maven-metadata.xml from/to jboss-thirdparty (https://repository.jboss.org/nexus/service/local/repositories/thirdparty-releases/content/): status code: 503, reason phrase: Service Unavailable (503)
[WARNING] Could not transfer metadata org.eclipse.platform:org.eclipse.equinox.app/maven-metadata.xml from/to jboss.thirdparty (https://repository.jboss.org/nexus/service/local/repositories/thirdparty-releases/content/): status code: 503, reason phrase: Service Unavailable (503)
[WARNING] org.eclipse.platform:org.eclipse.equinox.registry/maven-metadata.xml failed to transfer from https://repository.jboss.org/nexus/content/groups/public/ during a previous attempt. This failure was cached in the local repository and resolution will not be reattempted until the update interval of jboss has elapsed or updates are forced. Original error: Could not transfer metadata org.eclipse.platform:org.eclipse.equinox.registry/maven-metadata.xml from/to jboss (https://repository.jboss.org/nexus/content/groups/public/): status code: 503, reason phrase: Service Unavailable (503)
[WARNING] org.eclipse.platform:org.eclipse.equinox.registry/maven-metadata.xml failed to transfer from https://repository.jboss.org/nexus/service/local/repositories/thirdparty-releases/content/ during a previous attempt. This failure was cached in the local repository and resolution will not be reattempted until the update interval of jboss-thirdparty has elapsed or updates are forced. Original error: Could not transfer metadata org.eclipse.platform:org.eclipse.equinox.registry/maven-metadata.xml from/to jboss-thirdparty (https://repository.jboss.org/nexus/service/local/repositories/thirdparty-releases/content/): status code: 503, reason phrase: Service Unavailable (503)
[WARNING] org.eclipse.platform:org.eclipse.equinox.registry/maven-metadata.xml failed to transfer from https://repository.jboss.org/nexus/service/local/repositories/thirdparty-releases/content/ during a previous attempt. This failure was cached in the local repository and resolution will not be reattempted until the update interval of jboss.thirdparty has elapsed or updates are forced. Original error: Could not transfer metadata org.eclipse.platform:org.eclipse.equinox.registry/maven-metadata.xml from/to jboss.thirdparty (https://repository.jboss.org/nexus/service/local/repositories/thirdparty-releases/content/): status code: 503, reason phrase: Service Unavailable (503)
[WARNING] org.eclipse.platform:org.eclipse.osgi/maven-metadata.xml failed to transfer from https://repository.jboss.org/nexus/content/groups/public/ during a previous attempt. This failure was cached in the local repository and resolution will not be reattempted until the update interval of jboss has elapsed or updates are forced. Original error: Could not transfer metadata org.eclipse.platform:org.eclipse.osgi/maven-metadata.xml from/to jboss (https://repository.jboss.org/nexus/content/groups/public/): status code: 503, reason phrase: Service Unavailable (503)
[WARNING] org.eclipse.platform:org.eclipse.osgi/maven-metadata.xml failed to transfer from https://repository.jboss.org/nexus/service/local/repositories/thirdparty-releases/content/ during a previous attempt. This failure was cached in the local repository and resolution will not be reattempted until the update interval of jboss-thirdparty has elapsed or updates are forced. Original error: Could not transfer metadata org.eclipse.platform:org.eclipse.osgi/maven-metadata.xml from/to jboss-thirdparty (https://repository.jboss.org/nexus/service/local/repositories/thirdparty-releases/content/): status code: 503, reason phrase: Service Unavailable (503)
[WARNING] org.eclipse.platform:org.eclipse.osgi/maven-metadata.xml failed to transfer from https://repository.jboss.org/nexus/service/local/repositories/thirdparty-releases/content/ during a previous attempt. This failure was cached in the local repository and resolution will not be reattempted until the update interval of jboss.thirdparty has elapsed or updates are forced. Original error: Could not transfer metadata org.eclipse.platform:org.eclipse.osgi/maven-metadata.xml from/to jboss.thirdparty (https://repository.jboss.org/nexus/service/local/repositories/thirdparty-releases/content/): status code: 503, reason phrase: Service Unavailable (503)
[WARNING] org.eclipse.platform:org.eclipse.equinox.common/maven-metadata.xml failed to transfer from https://repository.jboss.org/nexus/content/groups/public/ during a previous attempt. This failure was cached in the local repository and resolution will not be reattempted until the update interval of jboss has elapsed or updates are forced. Original error: Could not transfer metadata org.eclipse.platform:org.eclipse.equinox.common/maven-metadata.xml from/to jboss (https://repository.jboss.org/nexus/content/groups/public/): status code: 503, reason phrase: Service Unavailable (503)
[WARNING] org.eclipse.platform:org.eclipse.equinox.common/maven-metadata.xml failed to transfer from https://repository.jboss.org/nexus/service/local/repositories/thirdparty-releases/content/ during a previous attempt. This failure was cached in the local repository and resolution will not be reattempted until the update interval of jboss-thirdparty has elapsed or updates are forced. Original error: Could not transfer metadata org.eclipse.platform:org.eclipse.equinox.common/maven-metadata.xml from/to jboss-thirdparty (https://repository.jboss.org/nexus/service/local/repositories/thirdparty-releases/content/): status code: 503, reason phrase: Service Unavailable (503)
[WARNING] org.eclipse.platform:org.eclipse.equinox.common/maven-metadata.xml failed to transfer from https://repository.jboss.org/nexus/service/local/repositories/thirdparty-releases/content/ during a previous attempt. This failure was cached in the local repository and resolution will not be reattempted until the update interval of jboss.thirdparty has elapsed or updates are forced. Original error: Could not transfer metadata org.eclipse.platform:org.eclipse.equinox.common/maven-metadata.xml from/to jboss.thirdparty (https://repository.jboss.org/nexus/service/local/repositories/thirdparty-releases/content/): status code: 503, reason phrase: Service Unavailable (503)
[WARNING] org.eclipse.platform:org.eclipse.core.jobs/maven-metadata.xml failed to transfer from https://repository.jboss.org/nexus/content/groups/public/ during a previous attempt. This failure was cached in the local repository and resolution will not be reattempted until the update interval of jboss has elapsed or updates are forced. Original error: Could not transfer metadata org.eclipse.platform:org.eclipse.core.jobs/maven-metadata.xml from/to jboss (https://repository.jboss.org/nexus/content/groups/public/): status code: 503, reason phrase: Service Unavailable (503)
[WARNING] org.eclipse.platform:org.eclipse.core.jobs/maven-metadata.xml failed to transfer from https://repository.jboss.org/nexus/service/local/repositories/thirdparty-releases/content/ during a previous attempt. This failure was cached in the local repository and resolution will not be reattempted until the update interval of jboss-thirdparty has elapsed or updates are forced. Original error: Could not transfer metadata org.eclipse.platform:org.eclipse.core.jobs/maven-metadata.xml from/to jboss-thirdparty (https://repository.jboss.org/nexus/service/local/repositories/thirdparty-releases/content/): status code: 503, reason phrase: Service Unavailable (503)
[WARNING] org.eclipse.platform:org.eclipse.core.jobs/maven-metadata.xml failed to transfer from https://repository.jboss.org/nexus/service/local/repositories/thirdparty-releases/content/ during a previous attempt. This failure was cached in the local repository and resolution will not be reattempted until the update interval of jboss.thirdparty has elapsed or updates are forced. Original error: Could not transfer metadata org.eclipse.platform:org.eclipse.core.jobs/maven-metadata.xml from/to jboss.thirdparty (https://repository.jboss.org/nexus/service/local/repositories/thirdparty-releases/content/): status code: 503, reason phrase: Service Unavailable (503)
[WARNING] org.eclipse.platform:org.eclipse.equinox.preferences/maven-metadata.xml failed to transfer from https://repository.jboss.org/nexus/content/groups/public/ during a previous attempt. This failure was cached in the local repository and resolution will not be reattempted until the update interval of jboss has elapsed or updates are forced. Original error: Could not transfer metadata org.eclipse.platform:org.eclipse.equinox.preferences/maven-metadata.xml from/to jboss (https://repository.jboss.org/nexus/content/groups/public/): status code: 503, reason phrase: Service Unavailable (503)
[WARNING] org.eclipse.platform:org.eclipse.equinox.preferences/maven-metadata.xml failed to transfer from https://repository.jboss.org/nexus/service/local/repositories/thirdparty-releases/content/ during a previous attempt. This failure was cached in the local repository and resolution will not be reattempted until the update interval of jboss-thirdparty has elapsed or updates are forced. Original error: Could not transfer metadata org.eclipse.platform:org.eclipse.equinox.preferences/maven-metadata.xml from/to jboss-thirdparty (https://repository.jboss.org/nexus/service/local/repositories/thirdparty-releases/content/): status code: 503, reason phrase: Service Unavailable (503)
[WARNING] org.eclipse.platform:org.eclipse.equinox.preferences/maven-metadata.xml failed to transfer from https://repository.jboss.org/nexus/service/local/repositories/thirdparty-releases/content/ during a previous attempt. This failure was cached in the local repository and resolution will not be reattempted until the update interval of jboss.thirdparty has elapsed or updates are forced. Original error: Could not transfer metadata org.eclipse.platform:org.eclipse.equinox.preferences/maven-metadata.xml from/to jboss.thirdparty (https://repository.jboss.org/nexus/service/local/repositories/thirdparty-releases/content/): status code: 503, reason phrase: Service Unavailable (503)
[WARNING] org.eclipse.platform:org.eclipse.core.contenttype/maven-metadata.xml failed to transfer from https://repository.jboss.org/nexus/content/groups/public/ during a previous attempt. This failure was cached in the local repository and resolution will not be reattempted until the update interval of jboss has elapsed or updates are forced. Original error: Could not transfer metadata org.eclipse.platform:org.eclipse.core.contenttype/maven-metadata.xml from/to jboss (https://repository.jboss.org/nexus/content/groups/public/): status code: 503, reason phrase: Service Unavailable (503)
[WARNING] org.eclipse.platform:org.eclipse.core.contenttype/maven-metadata.xml failed to transfer from https://repository.jboss.org/nexus/service/local/repositories/thirdparty-releases/content/ during a previous attempt. This failure was cached in the local repository and resolution will not be reattempted until the update interval of jboss-thirdparty has elapsed or updates are forced. Original error: Could not transfer metadata org.eclipse.platform:org.eclipse.core.contenttype/maven-metadata.xml from/to jboss-thirdparty (https://repository.jboss.org/nexus/service/local/repositories/thirdparty-releases/content/): status code: 503, reason phrase: Service Unavailable (503)
[WARNING] org.eclipse.platform:org.eclipse.core.contenttype/maven-metadata.xml failed to transfer from https://repository.jboss.org/nexus/service/local/repositories/thirdparty-releases/content/ during a previous attempt. This failure was cached in the local repository and resolution will not be reattempted until the update interval of jboss.thirdparty has elapsed or updates are forced. Original error: Could not transfer metadata org.eclipse.platform:org.eclipse.core.contenttype/maven-metadata.xml from/to jboss.thirdparty (https://repository.jboss.org/nexus/service/local/repositories/thirdparty-releases/content/): status code: 503, reason phrase: Service Unavailable (503)
[WARNING] org.eclipse.platform:org.eclipse.equinox.app/maven-metadata.xml failed to transfer from https://repository.jboss.org/nexus/content/groups/public/ during a previous attempt. This failure was cached in the local repository and resolution will not be reattempted until the update interval of jboss has elapsed or updates are forced. Original error: Could not transfer metadata org.eclipse.platform:org.eclipse.equinox.app/maven-metadata.xml from/to jboss (https://repository.jboss.org/nexus/content/groups/public/): status code: 503, reason phrase: Service Unavailable (503)
[WARNING] org.eclipse.platform:org.eclipse.equinox.app/maven-metadata.xml failed to transfer from https://repository.jboss.org/nexus/service/local/repositories/thirdparty-releases/content/ during a previous attempt. This failure was cached in the local repository and resolution will not be reattempted until the update interval of jboss-thirdparty has elapsed or updates are forced. Original error: Could not transfer metadata org.eclipse.platform:org.eclipse.equinox.app/maven-metadata.xml from/to jboss-thirdparty (https://repository.jboss.org/nexus/service/local/repositories/thirdparty-releases/content/): status code: 503, reason phrase: Service Unavailable (503)
[WARNING] org.eclipse.platform:org.eclipse.equinox.app/maven-metadata.xml failed to transfer from https://repository.jboss.org/nexus/service/local/repositories/thirdparty-releases/content/ during a previous attempt. This failure was cached in the local repository and resolution will not be reattempted until the update interval of jboss.thirdparty has elapsed or updates are forced. Original error: Could not transfer metadata org.eclipse.platform:org.eclipse.equinox.app/maven-metadata.xml from/to jboss.thirdparty (https://repository.jboss.org/nexus/service/local/repositories/thirdparty-releases/content/): status code: 503, reason phrase: Service Unavailable (503)
[WARNING] org.eclipse.platform:org.eclipse.equinox.common/maven-metadata.xml failed to transfer from https://repository.jboss.org/nexus/content/groups/public/ during a previous attempt. This failure was cached in the local repository and resolution will not be reattempted until the update interval of jboss has elapsed or updates are forced. Original error: Could not transfer metadata org.eclipse.platform:org.eclipse.equinox.common/maven-metadata.xml from/to jboss (https://repository.jboss.org/nexus/content/groups/public/): status code: 503, reason phrase: Service Unavailable (503)
[WARNING] org.eclipse.platform:org.eclipse.equinox.common/maven-metadata.xml failed to transfer from https://repository.jboss.org/nexus/service/local/repositories/thirdparty-releases/content/ during a previous attempt. This failure was cached in the local repository and resolution will not be reattempted until the update interval of jboss-thirdparty has elapsed or updates are forced. Original error: Could not transfer metadata org.eclipse.platform:org.eclipse.equinox.common/maven-metadata.xml from/to jboss-thirdparty (https://repository.jboss.org/nexus/service/local/repositories/thirdparty-releases/content/): status code: 503, reason phrase: Service Unavailable (503)
[WARNING] org.eclipse.platform:org.eclipse.equinox.common/maven-metadata.xml failed to transfer from https://repository.jboss.org/nexus/service/local/repositories/thirdparty-releases/content/ during a previous attempt. This failure was cached in the local repository and resolution will not be reattempted until the update interval of jboss.thirdparty has elapsed or updates are forced. Original error: Could not transfer metadata org.eclipse.platform:org.eclipse.equinox.common/maven-metadata.xml from/to jboss.thirdparty (https://repository.jboss.org/nexus/service/local/repositories/thirdparty-releases/content/): status code: 503, reason phrase: Service Unavailable (503)
[WARNING] org.eclipse.platform:org.eclipse.equinox.registry/maven-metadata.xml failed to transfer from https://repository.jboss.org/nexus/content/groups/public/ during a previous attempt. This failure was cached in the local repository and resolution will not be reattempted until the update interval of jboss has elapsed or updates are forced. Original error: Could not transfer metadata org.eclipse.platform:org.eclipse.equinox.registry/maven-metadata.xml from/to jboss (https://repository.jboss.org/nexus/content/groups/public/): status code: 503, reason phrase: Service Unavailable (503)
[WARNING] org.eclipse.platform:org.eclipse.equinox.registry/maven-metadata.xml failed to transfer from https://repository.jboss.org/nexus/service/local/repositories/thirdparty-releases/content/ during a previous attempt. This failure was cached in the local repository and resolution will not be reattempted until the update interval of jboss-thirdparty has elapsed or updates are forced. Original error: Could not transfer metadata org.eclipse.platform:org.eclipse.equinox.registry/maven-metadata.xml from/to jboss-thirdparty (https://repository.jboss.org/nexus/service/local/repositories/thirdparty-releases/content/): status code: 503, reason phrase: Service Unavailable (503)
[WARNING] org.eclipse.platform:org.eclipse.equinox.registry/maven-metadata.xml failed to transfer from https://repository.jboss.org/nexus/service/local/repositories/thirdparty-releases/content/ during a previous attempt. This failure was cached in the local repository and resolution will not be reattempted until the update interval of jboss.thirdparty has elapsed or updates are forced. Original error: Could not transfer metadata org.eclipse.platform:org.eclipse.equinox.registry/maven-metadata.xml from/to jboss.thirdparty (https://repository.jboss.org/nexus/service/local/repositories/thirdparty-releases/content/): status code: 503, reason phrase: Service Unavailable (503)
[WARNING] org.eclipse.platform:org.eclipse.equinox.registry/maven-metadata.xml failed to transfer from https://repository.jboss.org/nexus/content/groups/public/ during a previous attempt. This failure was cached in the local repository and resolution will not be reattempted until the update interval of jboss has elapsed or updates are forced. Original error: Could not transfer metadata org.eclipse.platform:org.eclipse.equinox.registry/maven-metadata.xml from/to jboss (https://repository.jboss.org/nexus/content/groups/public/): status code: 503, reason phrase: Service Unavailable (503)
[WARNING] org.eclipse.platform:org.eclipse.equinox.registry/maven-metadata.xml failed to transfer from https://repository.jboss.org/nexus/service/local/repositories/thirdparty-releases/content/ during a previous attempt. This failure was cached in the local repository and resolution will not be reattempted until the update interval of jboss-thirdparty has elapsed or updates are forced. Original error: Could not transfer metadata org.eclipse.platform:org.eclipse.equinox.registry/maven-metadata.xml from/to jboss-thirdparty (https://repository.jboss.org/nexus/service/local/repositories/thirdparty-releases/content/): status code: 503, reason phrase: Service Unavailable (503)
[WARNING] org.eclipse.platform:org.eclipse.equinox.registry/maven-metadata.xml failed to transfer from https://repository.jboss.org/nexus/service/local/repositories/thirdparty-releases/content/ during a previous attempt. This failure was cached in the local repository and resolution will not be reattempted until the update interval of jboss.thirdparty has elapsed or updates are forced. Original error: Could not transfer metadata org.eclipse.platform:org.eclipse.equinox.registry/maven-metadata.xml from/to jboss.thirdparty (https://repository.jboss.org/nexus/service/local/repositories/thirdparty-releases/content/): status code: 503, reason phrase: Service Unavailable (503)
[WARNING] org.eclipse.platform:org.eclipse.osgi/maven-metadata.xml failed to transfer from https://repository.jboss.org/nexus/content/groups/public/ during a previous attempt. This failure was cached in the local repository and resolution will not be reattempted until the update interval of jboss has elapsed or updates are forced. Original error: Could not transfer metadata org.eclipse.platform:org.eclipse.osgi/maven-metadata.xml from/to jboss (https://repository.jboss.org/nexus/content/groups/public/): status code: 503, reason phrase: Service Unavailable (503)
[WARNING] org.eclipse.platform:org.eclipse.osgi/maven-metadata.xml failed to transfer from https://repository.jboss.org/nexus/service/local/repositories/thirdparty-releases/content/ during a previous attempt. This failure was cached in the local repository and resolution will not be reattempted until the update interval of jboss-thirdparty has elapsed or updates are forced. Original error: Could not transfer metadata org.eclipse.platform:org.eclipse.osgi/maven-metadata.xml from/to jboss-thirdparty (https://repository.jboss.org/nexus/service/local/repositories/thirdparty-releases/content/): status code: 503, reason phrase: Service Unavailable (503)
[WARNING] org.eclipse.platform:org.eclipse.osgi/maven-metadata.xml failed to transfer from https://repository.jboss.org/nexus/service/local/repositories/thirdparty-releases/content/ during a previous attempt. This failure was cached in the local repository and resolution will not be reattempted until the update interval of jboss.thirdparty has elapsed or updates are forced. Original error: Could not transfer metadata org.eclipse.platform:org.eclipse.osgi/maven-metadata.xml from/to jboss.thirdparty (https://repository.jboss.org/nexus/service/local/repositories/thirdparty-releases/content/): status code: 503, reason phrase: Service Unavailable (503)
[WARNING] org.eclipse.platform:org.eclipse.equinox.common/maven-metadata.xml failed to transfer from https://repository.jboss.org/nexus/content/groups/public/ during a previous attempt. This failure was cached in the local repository and resolution will not be reattempted until the update interval of jboss has elapsed or updates are forced. Original error: Could not transfer metadata org.eclipse.platform:org.eclipse.equinox.common/maven-metadata.xml from/to jboss (https://repository.jboss.org/nexus/content/groups/public/): status code: 503, reason phrase: Service Unavailable (503)
[WARNING] org.eclipse.platform:org.eclipse.equinox.common/maven-metadata.xml failed to transfer from https://repository.jboss.org/nexus/service/local/repositories/thirdparty-releases/content/ during a previous attempt. This failure was cached in the local repository and resolution will not be reattempted until the update interval of jboss-thirdparty has elapsed or updates are forced. Original error: Could not transfer metadata org.eclipse.platform:org.eclipse.equinox.common/maven-metadata.xml from/to jboss-thirdparty (https://repository.jboss.org/nexus/service/local/repositories/thirdparty-releases/content/): status code: 503, reason phrase: Service Unavailable (503)
[WARNING] org.eclipse.platform:org.eclipse.equinox.common/maven-metadata.xml failed to transfer from https://repository.jboss.org/nexus/service/local/repositories/thirdparty-releases/content/ during a previous attempt. This failure was cached in the local repository and resolution will not be reattempted until the update interval of jboss.thirdparty has elapsed or updates are forced. Original error: Could not transfer metadata org.eclipse.platform:org.eclipse.equinox.common/maven-metadata.xml from/to jboss.thirdparty (https://repository.jboss.org/nexus/service/local/repositories/thirdparty-releases/content/): status code: 503, reason phrase: Service Unavailable (503)
[WARNING] org.eclipse.platform:org.eclipse.core.jobs/maven-metadata.xml failed to transfer from https://repository.jboss.org/nexus/content/groups/public/ during a previous attempt. This failure was cached in the local repository and resolution will not be reattempted until the update interval of jboss has elapsed or updates are forced. Original error: Could not transfer metadata org.eclipse.platform:org.eclipse.core.jobs/maven-metadata.xml from/to jboss (https://repository.jboss.org/nexus/content/groups/public/): status code: 503, reason phrase: Service Unavailable (503)
[WARNING] org.eclipse.platform:org.eclipse.core.jobs/maven-metadata.xml failed to transfer from https://repository.jboss.org/nexus/service/local/repositories/thirdparty-releases/content/ during a previous attempt. This failure was cached in the local repository and resolution will not be reattempted until the update interval of jboss-thirdparty has elapsed or updates are forced. Original error: Could not transfer metadata org.eclipse.platform:org.eclipse.core.jobs/maven-metadata.xml from/to jboss-thirdparty (https://repository.jboss.org/nexus/service/local/repositories/thirdparty-releases/content/): status code: 503, reason phrase: Service Unavailable (503)
[WARNING] org.eclipse.platform:org.eclipse.core.jobs/maven-metadata.xml failed to transfer from https://repository.jboss.org/nexus/service/local/repositories/thirdparty-releases/content/ during a previous attempt. This failure was cached in the local repository and resolution will not be reattempted until the update interval of jboss.thirdparty has elapsed or updates are forced. Original error: Could not transfer metadata org.eclipse.platform:org.eclipse.core.jobs/maven-metadata.xml from/to jboss.thirdparty (https://repository.jboss.org/nexus/service/local/repositories/thirdparty-releases/content/): status code: 503, reason phrase: Service Unavailable (503)
[WARNING] org.eclipse.platform:org.eclipse.equinox.registry/maven-metadata.xml failed to transfer from https://repository.jboss.org/nexus/content/groups/public/ during a previous attempt. This failure was cached in the local repository and resolution will not be reattempted until the update interval of jboss has elapsed or updates are forced. Original error: Could not transfer metadata org.eclipse.platform:org.eclipse.equinox.registry/maven-metadata.xml from/to jboss (https://repository.jboss.org/nexus/content/groups/public/): status code: 503, reason phrase: Service Unavailable (503)
[WARNING] org.eclipse.platform:org.eclipse.equinox.registry/maven-metadata.xml failed to transfer from https://repository.jboss.org/nexus/service/local/repositories/thirdparty-releases/content/ during a previous attempt. This failure was cached in the local repository and resolution will not be reattempted until the update interval of jboss-thirdparty has elapsed or updates are forced. Original error: Could not transfer metadata org.eclipse.platform:org.eclipse.equinox.registry/maven-metadata.xml from/to jboss-thirdparty (https://repository.jboss.org/nexus/service/local/repositories/thirdparty-releases/content/): status code: 503, reason phrase: Service Unavailable (503)
[WARNING] org.eclipse.platform:org.eclipse.equinox.registry/maven-metadata.xml failed to transfer from https://repository.jboss.org/nexus/service/local/repositories/thirdparty-releases/content/ during a previous attempt. This failure was cached in the local repository and resolution will not be reattempted until the update interval of jboss.thirdparty has elapsed or updates are forced. Original error: Could not transfer metadata org.eclipse.platform:org.eclipse.equinox.registry/maven-metadata.xml from/to jboss.thirdparty (https://repository.jboss.org/nexus/service/local/repositories/thirdparty-releases/content/): status code: 503, reason phrase: Service Unavailable (503)
[WARNING] org.eclipse.platform:org.eclipse.equinox.preferences/maven-metadata.xml failed to transfer from https://repository.jboss.org/nexus/content/groups/public/ during a previous attempt. This failure was cached in the local repository and resolution will not be reattempted until the update interval of jboss has elapsed or updates are forced. Original error: Could not transfer metadata org.eclipse.platform:org.eclipse.equinox.preferences/maven-metadata.xml from/to jboss (https://repository.jboss.org/nexus/content/groups/public/): status code: 503, reason phrase: Service Unavailable (503)
[WARNING] org.eclipse.platform:org.eclipse.equinox.preferences/maven-metadata.xml failed to transfer from https://repository.jboss.org/nexus/service/local/repositories/thirdparty-releases/content/ during a previous attempt. This failure was cached in the local repository and resolution will not be reattempted until the update interval of jboss-thirdparty has elapsed or updates are forced. Original error: Could not transfer metadata org.eclipse.platform:org.eclipse.equinox.preferences/maven-metadata.xml from/to jboss-thirdparty (https://repository.jboss.org/nexus/service/local/repositories/thirdparty-releases/content/): status code: 503, reason phrase: Service Unavailable (503)
[WARNING] org.eclipse.platform:org.eclipse.equinox.preferences/maven-metadata.xml failed to transfer from https://repository.jboss.org/nexus/service/local/repositories/thirdparty-releases/content/ during a previous attempt. This failure was cached in the local repository and resolution will not be reattempted until the update interval of jboss.thirdparty has elapsed or updates are forced. Original error: Could not transfer metadata org.eclipse.platform:org.eclipse.equinox.preferences/maven-metadata.xml from/to jboss.thirdparty (https://repository.jboss.org/nexus/service/local/repositories/thirdparty-releases/content/): status code: 503, reason phrase: Service Unavailable (503)
[WARNING] org.eclipse.platform:org.eclipse.core.contenttype/maven-metadata.xml failed to transfer from https://repository.jboss.org/nexus/content/groups/public/ during a previous attempt. This failure was cached in the local repository and resolution will not be reattempted until the update interval of jboss has elapsed or updates are forced. Original error: Could not transfer metadata org.eclipse.platform:org.eclipse.core.contenttype/maven-metadata.xml from/to jboss (https://repository.jboss.org/nexus/content/groups/public/): status code: 503, reason phrase: Service Unavailable (503)
[WARNING] org.eclipse.platform:org.eclipse.core.contenttype/maven-metadata.xml failed to transfer from https://repository.jboss.org/nexus/service/local/repositories/thirdparty-releases/content/ during a previous attempt. This failure was cached in the local repository and resolution will not be reattempted until the update interval of jboss-thirdparty has elapsed or updates are forced. Original error: Could not transfer metadata org.eclipse.platform:org.eclipse.core.contenttype/maven-metadata.xml from/to jboss-thirdparty (https://repository.jboss.org/nexus/service/local/repositories/thirdparty-releases/content/): status code: 503, reason phrase: Service Unavailable (503)
[WARNING] org.eclipse.platform:org.eclipse.core.contenttype/maven-metadata.xml failed to transfer from https://repository.jboss.org/nexus/service/local/repositories/thirdparty-releases/content/ during a previous attempt. This failure was cached in the local repository and resolution will not be reattempted until the update interval of jboss.thirdparty has elapsed or updates are forced. Original error: Could not transfer metadata org.eclipse.platform:org.eclipse.core.contenttype/maven-metadata.xml from/to jboss.thirdparty (https://repository.jboss.org/nexus/service/local/repositories/thirdparty-releases/content/): status code: 503, reason phrase: Service Unavailable (503)
[WARNING] org.eclipse.platform:org.eclipse.equinox.app/maven-metadata.xml failed to transfer from https://repository.jboss.org/nexus/content/groups/public/ during a previous attempt. This failure was cached in the local repository and resolution will not be reattempted until the update interval of jboss has elapsed or updates are forced. Original error: Could not transfer metadata org.eclipse.platform:org.eclipse.equinox.app/maven-metadata.xml from/to jboss (https://repository.jboss.org/nexus/content/groups/public/): status code: 503, reason phrase: Service Unavailable (503)
[WARNING] org.eclipse.platform:org.eclipse.equinox.app/maven-metadata.xml failed to transfer from https://repository.jboss.org/nexus/service/local/repositories/thirdparty-releases/content/ during a previous attempt. This failure was cached in the local repository and resolution will not be reattempted until the update interval of jboss-thirdparty has elapsed or updates are forced. Original error: Could not transfer metadata org.eclipse.platform:org.eclipse.equinox.app/maven-metadata.xml from/to jboss-thirdparty (https://repository.jboss.org/nexus/service/local/repositories/thirdparty-releases/content/): status code: 503, reason phrase: Service Unavailable (503)
[WARNING] org.eclipse.platform:org.eclipse.equinox.app/maven-metadata.xml failed to transfer from https://repository.jboss.org/nexus/service/local/repositories/thirdparty-releases/content/ during a previous attempt. This failure was cached in the local repository and resolution will not be reattempted until the update interval of jboss.thirdparty has elapsed or updates are forced. Original error: Could not transfer metadata org.eclipse.platform:org.eclipse.equinox.app/maven-metadata.xml from/to jboss.thirdparty (https://repository.jboss.org/nexus/service/local/repositories/thirdparty-releases/content/): status code: 503, reason phrase: Service Unavailable (503)
[WARNING] org.eclipse.platform:org.eclipse.equinox.common/maven-metadata.xml failed to transfer from https://repository.jboss.org/nexus/content/groups/public/ during a previous attempt. This failure was cached in the local repository and resolution will not be reattempted until the update interval of jboss has elapsed or updates are forced. Original error: Could not transfer metadata org.eclipse.platform:org.eclipse.equinox.common/maven-metadata.xml from/to jboss (https://repository.jboss.org/nexus/content/groups/public/): status code: 503, reason phrase: Service Unavailable (503)
[WARNING] org.eclipse.platform:org.eclipse.equinox.common/maven-metadata.xml failed to transfer from https://repository.jboss.org/nexus/service/local/repositories/thirdparty-releases/content/ during a previous attempt. This failure was cached in the local repository and resolution will not be reattempted until the update interval of jboss-thirdparty has elapsed or updates are forced. Original error: Could not transfer metadata org.eclipse.platform:org.eclipse.equinox.common/maven-metadata.xml from/to jboss-thirdparty (https://repository.jboss.org/nexus/service/local/repositories/thirdparty-releases/content/): status code: 503, reason phrase: Service Unavailable (503)
[WARNING] org.eclipse.platform:org.eclipse.equinox.common/maven-metadata.xml failed to transfer from https://repository.jboss.org/nexus/service/local/repositories/thirdparty-releases/content/ during a previous attempt. This failure was cached in the local repository and resolution will not be reattempted until the update interval of jboss.thirdparty has elapsed or updates are forced. Original error: Could not transfer metadata org.eclipse.platform:org.eclipse.equinox.common/maven-metadata.xml from/to jboss.thirdparty (https://repository.jboss.org/nexus/service/local/repositories/thirdparty-releases/content/): status code: 503, reason phrase: Service Unavailable (503)
[WARNING] org.eclipse.platform:org.eclipse.core.jobs/maven-metadata.xml failed to transfer from https://repository.jboss.org/nexus/content/groups/public/ during a previous attempt. This failure was cached in the local repository and resolution will not be reattempted until the update interval of jboss has elapsed or updates are forced. Original error: Could not transfer metadata org.eclipse.platform:org.eclipse.core.jobs/maven-metadata.xml from/to jboss (https://repository.jboss.org/nexus/content/groups/public/): status code: 503, reason phrase: Service Unavailable (503)
[WARNING] org.eclipse.platform:org.eclipse.core.jobs/maven-metadata.xml failed to transfer from https://repository.jboss.org/nexus/service/local/repositories/thirdparty-releases/content/ during a previous attempt. This failure was cached in the local repository and resolution will not be reattempted until the update interval of jboss-thirdparty has elapsed or updates are forced. Original error: Could not transfer metadata org.eclipse.platform:org.eclipse.core.jobs/maven-metadata.xml from/to jboss-thirdparty (https://repository.jboss.org/nexus/service/local/repositories/thirdparty-releases/content/): status code: 503, reason phrase: Service Unavailable (503)
[WARNING] org.eclipse.platform:org.eclipse.core.jobs/maven-metadata.xml failed to transfer from https://repository.jboss.org/nexus/service/local/repositories/thirdparty-releases/content/ during a previous attempt. This failure was cached in the local repository and resolution will not be reattempted until the update interval of jboss.thirdparty has elapsed or updates are forced. Original error: Could not transfer metadata org.eclipse.platform:org.eclipse.core.jobs/maven-metadata.xml from/to jboss.thirdparty (https://repository.jboss.org/nexus/service/local/repositories/thirdparty-releases/content/): status code: 503, reason phrase: Service Unavailable (503)
[WARNING] org.eclipse.platform:org.eclipse.equinox.preferences/maven-metadata.xml failed to transfer from https://repository.jboss.org/nexus/content/groups/public/ during a previous attempt. This failure was cached in the local repository and resolution will not be reattempted until the update interval of jboss has elapsed or updates are forced. Original error: Could not transfer metadata org.eclipse.platform:org.eclipse.equinox.preferences/maven-metadata.xml from/to jboss (https://repository.jboss.org/nexus/content/groups/public/): status code: 503, reason phrase: Service Unavailable (503)
[WARNING] org.eclipse.platform:org.eclipse.equinox.preferences/maven-metadata.xml failed to transfer from https://repository.jboss.org/nexus/service/local/repositories/thirdparty-releases/content/ during a previous attempt. This failure was cached in the local repository and resolution will not be reattempted until the update interval of jboss-thirdparty has elapsed or updates are forced. Original error: Could not transfer metadata org.eclipse.platform:org.eclipse.equinox.preferences/maven-metadata.xml from/to jboss-thirdparty (https://repository.jboss.org/nexus/service/local/repositories/thirdparty-releases/content/): status code: 503, reason phrase: Service Unavailable (503)
[WARNING] org.eclipse.platform:org.eclipse.equinox.preferences/maven-metadata.xml failed to transfer from https://repository.jboss.org/nexus/service/local/repositories/thirdparty-releases/content/ during a previous attempt. This failure was cached in the local repository and resolution will not be reattempted until the update interval of jboss.thirdparty has elapsed or updates are forced. Original error: Could not transfer metadata org.eclipse.platform:org.eclipse.equinox.preferences/maven-metadata.xml from/to jboss.thirdparty (https://repository.jboss.org/nexus/service/local/repositories/thirdparty-releases/content/): status code: 503, reason phrase: Service Unavailable (503)
[WARNING] Could not transfer metadata org.eclipse.platform:org.eclipse.core.filesystem/maven-metadata.xml from/to jboss (https://repository.jboss.org/nexus/content/groups/public/): status code: 503, reason phrase: Service Unavailable (503)
[WARNING] Could not transfer metadata org.eclipse.platform:org.eclipse.core.filesystem/maven-metadata.xml from/to jboss-thirdparty (https://repository.jboss.org/nexus/service/local/repositories/thirdparty-releases/content/): status code: 503, reason phrase: Service Unavailable (503)
[WARNING] Could not transfer metadata org.eclipse.platform:org.eclipse.core.filesystem/maven-metadata.xml from/to jboss.thirdparty (https://repository.jboss.org/nexus/service/local/repositories/thirdparty-releases/content/): status code: 503, reason phrase: Service Unavailable (503)
[WARNING] org.eclipse.platform:org.eclipse.osgi/maven-metadata.xml failed to transfer from https://repository.jboss.org/nexus/content/groups/public/ during a previous attempt. This failure was cached in the local repository and resolution will not be reattempted until the update interval of jboss has elapsed or updates are forced. Original error: Could not transfer metadata org.eclipse.platform:org.eclipse.osgi/maven-metadata.xml from/to jboss (https://repository.jboss.org/nexus/content/groups/public/): status code: 503, reason phrase: Service Unavailable (503)
[WARNING] org.eclipse.platform:org.eclipse.osgi/maven-metadata.xml failed to transfer from https://repository.jboss.org/nexus/service/local/repositories/thirdparty-releases/content/ during a previous attempt. This failure was cached in the local repository and resolution will not be reattempted until the update interval of jboss-thirdparty has elapsed or updates are forced. Original error: Could not transfer metadata org.eclipse.platform:org.eclipse.osgi/maven-metadata.xml from/to jboss-thirdparty (https://repository.jboss.org/nexus/service/local/repositories/thirdparty-releases/content/): status code: 503, reason phrase: Service Unavailable (503)
[WARNING] org.eclipse.platform:org.eclipse.osgi/maven-metadata.xml failed to transfer from https://repository.jboss.org/nexus/service/local/repositories/thirdparty-releases/content/ during a previous attempt. This failure was cached in the local repository and resolution will not be reattempted until the update interval of jboss.thirdparty has elapsed or updates are forced. Original error: Could not transfer metadata org.eclipse.platform:org.eclipse.osgi/maven-metadata.xml from/to jboss.thirdparty (https://repository.jboss.org/nexus/service/local/repositories/thirdparty-releases/content/): status code: 503, reason phrase: Service Unavailable (503)
[WARNING] org.eclipse.platform:org.eclipse.core.runtime/maven-metadata.xml failed to transfer from https://repository.jboss.org/nexus/content/groups/public/ during a previous attempt. This failure was cached in the local repository and resolution will not be reattempted until the update interval of jboss has elapsed or updates are forced. Original error: Could not transfer metadata org.eclipse.platform:org.eclipse.core.runtime/maven-metadata.xml from/to jboss (https://repository.jboss.org/nexus/content/groups/public/): status code: 503, reason phrase: Service Unavailable (503)
[WARNING] org.eclipse.platform:org.eclipse.core.runtime/maven-metadata.xml failed to transfer from https://repository.jboss.org/nexus/service/local/repositories/thirdparty-releases/content/ during a previous attempt. This failure was cached in the local repository and resolution will not be reattempted until the update interval of jboss-thirdparty has elapsed or updates are forced. Original error: Could not transfer metadata org.eclipse.platform:org.eclipse.core.runtime/maven-metadata.xml from/to jboss-thirdparty (https://repository.jboss.org/nexus/service/local/repositories/thirdparty-releases/content/): status code: 503, reason phrase: Service Unavailable (503)
[WARNING] org.eclipse.platform:org.eclipse.core.runtime/maven-metadata.xml failed to transfer from https://repository.jboss.org/nexus/service/local/repositories/thirdparty-releases/content/ during a previous attempt. This failure was cached in the local repository and resolution will not be reattempted until the update interval of jboss.thirdparty has elapsed or updates are forced. Original error: Could not transfer metadata org.eclipse.platform:org.eclipse.core.runtime/maven-metadata.xml from/to jboss.thirdparty (https://repository.jboss.org/nexus/service/local/repositories/thirdparty-releases/content/): status code: 503, reason phrase: Service Unavailable (503)
[WARNING] org.eclipse.platform:org.eclipse.core.runtime/maven-metadata.xml failed to transfer from https://repository.jboss.org/nexus/content/groups/public/ during a previous attempt. This failure was cached in the local repository and resolution will not be reattempted until the update interval of jboss has elapsed or updates are forced. Original error: Could not transfer metadata org.eclipse.platform:org.eclipse.core.runtime/maven-metadata.xml from/to jboss (https://repository.jboss.org/nexus/content/groups/public/): status code: 503, reason phrase: Service Unavailable (503)
[WARNING] org.eclipse.platform:org.eclipse.core.runtime/maven-metadata.xml failed to transfer from https://repository.jboss.org/nexus/service/local/repositories/thirdparty-releases/content/ during a previous attempt. This failure was cached in the local repository and resolution will not be reattempted until the update interval of jboss-thirdparty has elapsed or updates are forced. Original error: Could not transfer metadata org.eclipse.platform:org.eclipse.core.runtime/maven-metadata.xml from/to jboss-thirdparty (https://repository.jboss.org/nexus/service/local/repositories/thirdparty-releases/content/): status code: 503, reason phrase: Service Unavailable (503)
[WARNING] org.eclipse.platform:org.eclipse.core.runtime/maven-metadata.xml failed to transfer from https://repository.jboss.org/nexus/service/local/repositories/thirdparty-releases/content/ during a previous attempt. This failure was cached in the local repository and resolution will not be reattempted until the update interval of jboss.thirdparty has elapsed or updates are forced. Original error: Could not transfer metadata org.eclipse.platform:org.eclipse.core.runtime/maven-metadata.xml from/to jboss.thirdparty (https://repository.jboss.org/nexus/service/local/repositories/thirdparty-releases/content/): status code: 503, reason phrase: Service Unavailable (503)
[WARNING] org.eclipse.platform:org.eclipse.core.runtime/maven-metadata.xml failed to transfer from https://repository.jboss.org/nexus/content/groups/public/ during a previous attempt. This failure was cached in the local repository and resolution will not be reattempted until the update interval of jboss has elapsed or updates are forced. Original error: Could not transfer metadata org.eclipse.platform:org.eclipse.core.runtime/maven-metadata.xml from/to jboss (https://repository.jboss.org/nexus/content/groups/public/): status code: 503, reason phrase: Service Unavailable (503)
[WARNING] org.eclipse.platform:org.eclipse.core.runtime/maven-metadata.xml failed to transfer from https://repository.jboss.org/nexus/service/local/repositories/thirdparty-releases/content/ during a previous attempt. This failure was cached in the local repository and resolution will not be reattempted until the update interval of jboss-thirdparty has elapsed or updates are forced. Original error: Could not transfer metadata org.eclipse.platform:org.eclipse.core.runtime/maven-metadata.xml from/to jboss-thirdparty (https://repository.jboss.org/nexus/service/local/repositories/thirdparty-releases/content/): status code: 503, reason phrase: Service Unavailable (503)
[WARNING] org.eclipse.platform:org.eclipse.core.runtime/maven-metadata.xml failed to transfer from https://repository.jboss.org/nexus/service/local/repositories/thirdparty-releases/content/ during a previous attempt. This failure was cached in the local repository and resolution will not be reattempted until the update interval of jboss.thirdparty has elapsed or updates are forced. Original error: Could not transfer metadata org.eclipse.platform:org.eclipse.core.runtime/maven-metadata.xml from/to jboss.thirdparty (https://repository.jboss.org/nexus/service/local/repositories/thirdparty-releases/content/): status code: 503, reason phrase: Service Unavailable (503)
[WARNING] org.eclipse.platform:org.eclipse.core.runtime/maven-metadata.xml failed to transfer from https://repository.jboss.org/nexus/content/groups/public/ during a previous attempt. This failure was cached in the local repository and resolution will not be reattempted until the update interval of jboss has elapsed or updates are forced. Original error: Could not transfer metadata org.eclipse.platform:org.eclipse.core.runtime/maven-metadata.xml from/to jboss (https://repository.jboss.org/nexus/content/groups/public/): status code: 503, reason phrase: Service Unavailable (503)
[WARNING] org.eclipse.platform:org.eclipse.core.runtime/maven-metadata.xml failed to transfer from https://repository.jboss.org/nexus/service/local/repositories/thirdparty-releases/content/ during a previous attempt. This failure was cached in the local repository and resolution will not be reattempted until the update interval of jboss-thirdparty has elapsed or updates are forced. Original error: Could not transfer metadata org.eclipse.platform:org.eclipse.core.runtime/maven-metadata.xml from/to jboss-thirdparty (https://repository.jboss.org/nexus/service/local/repositories/thirdparty-releases/content/): status code: 503, reason phrase: Service Unavailable (503)
[WARNING] org.eclipse.platform:org.eclipse.core.runtime/maven-metadata.xml failed to transfer from https://repository.jboss.org/nexus/service/local/repositories/thirdparty-releases/content/ during a previous attempt. This failure was cached in the local repository and resolution will not be reattempted until the update interval of jboss.thirdparty has elapsed or updates are forced. Original error: Could not transfer metadata org.eclipse.platform:org.eclipse.core.runtime/maven-metadata.xml from/to jboss.thirdparty (https://repository.jboss.org/nexus/service/local/repositories/thirdparty-releases/content/): status code: 503, reason phrase: Service Unavailable (503)
[WARNING] org.eclipse.platform:org.eclipse.core.filesystem/maven-metadata.xml failed to transfer from https://repository.jboss.org/nexus/content/groups/public/ during a previous attempt. This failure was cached in the local repository and resolution will not be reattempted until the update interval of jboss has elapsed or updates are forced. Original error: Could not transfer metadata org.eclipse.platform:org.eclipse.core.filesystem/maven-metadata.xml from/to jboss (https://repository.jboss.org/nexus/content/groups/public/): status code: 503, reason phrase: Service Unavailable (503)
[WARNING] org.eclipse.platform:org.eclipse.core.filesystem/maven-metadata.xml failed to transfer from https://repository.jboss.org/nexus/service/local/repositories/thirdparty-releases/content/ during a previous attempt. This failure was cached in the local repository and resolution will not be reattempted until the update interval of jboss-thirdparty has elapsed or updates are forced. Original error: Could not transfer metadata org.eclipse.platform:org.eclipse.core.filesystem/maven-metadata.xml from/to jboss-thirdparty (https://repository.jboss.org/nexus/service/local/repositories/thirdparty-releases/content/): status code: 503, reason phrase: Service Unavailable (503)
[WARNING] org.eclipse.platform:org.eclipse.core.filesystem/maven-metadata.xml failed to transfer from https://repository.jboss.org/nexus/service/local/repositories/thirdparty-releases/content/ during a previous attempt. This failure was cached in the local repository and resolution will not be reattempted until the update interval of jboss.thirdparty has elapsed or updates are forced. Original error: Could not transfer metadata org.eclipse.platform:org.eclipse.core.filesystem/maven-metadata.xml from/to jboss.thirdparty (https://repository.jboss.org/nexus/service/local/repositories/thirdparty-releases/content/): status code: 503, reason phrase: Service Unavailable (503)
[WARNING] Could not transfer metadata org.eclipse.platform:org.eclipse.text/maven-metadata.xml from/to jboss (https://repository.jboss.org/nexus/content/groups/public/): status code: 503, reason phrase: Service Unavailable (503)
[WARNING] Could not transfer metadata org.eclipse.platform:org.eclipse.text/maven-metadata.xml from/to jboss-thirdparty (https://repository.jboss.org/nexus/service/local/repositories/thirdparty-releases/content/): status code: 503, reason phrase: Service Unavailable (503)
[WARNING] Could not transfer metadata org.eclipse.platform:org.eclipse.text/maven-metadata.xml from/to jboss.thirdparty (https://repository.jboss.org/nexus/service/local/repositories/thirdparty-releases/content/): status code: 503, reason phrase: Service Unavailable (503)
[WARNING] Could not transfer metadata org.eclipse.platform:org.eclipse.core.commands/maven-metadata.xml from/to jboss (https://repository.jboss.org/nexus/content/groups/public/): status code: 503, reason phrase: Service Unavailable (503)
[WARNING] Could not transfer metadata org.eclipse.platform:org.eclipse.core.commands/maven-metadata.xml from/to jboss-thirdparty (https://repository.jboss.org/nexus/service/local/repositories/thirdparty-releases/content/): status code: 503, reason phrase: Service Unavailable (503)
[WARNING] Could not transfer metadata org.eclipse.platform:org.eclipse.core.commands/maven-metadata.xml from/to jboss.thirdparty (https://repository.jboss.org/nexus/service/local/repositories/thirdparty-releases/content/): status code: 503, reason phrase: Service Unavailable (503)
[WARNING] org.eclipse.platform:org.eclipse.equinox.common/maven-metadata.xml failed to transfer from https://repository.jboss.org/nexus/content/groups/public/ during a previous attempt. This failure was cached in the local repository and resolution will not be reattempted until the update interval of jboss has elapsed or updates are forced. Original error: Could not transfer metadata org.eclipse.platform:org.eclipse.equinox.common/maven-metadata.xml from/to jboss (https://repository.jboss.org/nexus/content/groups/public/): status code: 503, reason phrase: Service Unavailable (503)
[WARNING] org.eclipse.platform:org.eclipse.equinox.common/maven-metadata.xml failed to transfer from https://repository.jboss.org/nexus/service/local/repositories/thirdparty-releases/content/ during a previous attempt. This failure was cached in the local repository and resolution will not be reattempted until the update interval of jboss-thirdparty has elapsed or updates are forced. Original error: Could not transfer metadata org.eclipse.platform:org.eclipse.equinox.common/maven-metadata.xml from/to jboss-thirdparty (https://repository.jboss.org/nexus/service/local/repositories/thirdparty-releases/content/): status code: 503, reason phrase: Service Unavailable (503)
[WARNING] org.eclipse.platform:org.eclipse.equinox.common/maven-metadata.xml failed to transfer from https://repository.jboss.org/nexus/service/local/repositories/thirdparty-releases/content/ during a previous attempt. This failure was cached in the local repository and resolution will not be reattempted until the update interval of jboss.thirdparty has elapsed or updates are forced. Original error: Could not transfer metadata org.eclipse.platform:org.eclipse.equinox.common/maven-metadata.xml from/to jboss.thirdparty (https://repository.jboss.org/nexus/service/local/repositories/thirdparty-releases/content/): status code: 503, reason phrase: Service Unavailable (503)
[WARNING] org.eclipse.platform:org.eclipse.core.runtime/maven-metadata.xml failed to transfer from https://repository.jboss.org/nexus/content/groups/public/ during a previous attempt. This failure was cached in the local repository and resolution will not be reattempted until the update interval of jboss has elapsed or updates are forced. Original error: Could not transfer metadata org.eclipse.platform:org.eclipse.core.runtime/maven-metadata.xml from/to jboss (https://repository.jboss.org/nexus/content/groups/public/): status code: 503, reason phrase: Service Unavailable (503)
[WARNING] org.eclipse.platform:org.eclipse.core.runtime/maven-metadata.xml failed to transfer from https://repository.jboss.org/nexus/service/local/repositories/thirdparty-releases/content/ during a previous attempt. This failure was cached in the local repository and resolution will not be reattempted until the update interval of jboss-thirdparty has elapsed or updates are forced. Original error: Could not transfer metadata org.eclipse.platform:org.eclipse.core.runtime/maven-metadata.xml from/to jboss-thirdparty (https://repository.jboss.org/nexus/service/local/repositories/thirdparty-releases/content/): status code: 503, reason phrase: Service Unavailable (503)
[WARNING] org.eclipse.platform:org.eclipse.core.runtime/maven-metadata.xml failed to transfer from https://repository.jboss.org/nexus/service/local/repositories/thirdparty-releases/content/ during a previous attempt. This failure was cached in the local repository and resolution will not be reattempted until the update interval of jboss.thirdparty has elapsed or updates are forced. Original error: Could not transfer metadata org.eclipse.platform:org.eclipse.core.runtime/maven-metadata.xml from/to jboss.thirdparty (https://repository.jboss.org/nexus/service/local/repositories/thirdparty-releases/content/): status code: 503, reason phrase: Service Unavailable (503)
[INFO] 
[INFO] --- clean:3.1.0:clean (default-clean) @ camel-format-plugin ---
[INFO] Deleting /home/runner/work/sonar-analysis/sonar-analysis/project/init/camel-format-plugin/target
[INFO] 
[INFO] --- enforcer:1.4.1:enforce (enforce-maven-version) @ camel-format-plugin ---
[INFO] Skipping Rule Enforcement.
[INFO] 
[INFO] --- resources:3.1.0:resources (default-resources) @ camel-format-plugin ---
[INFO] Using 'UTF-8' encoding to copy filtered resources.
[INFO] Copying 3 resources
[INFO] 
[INFO] --- flatten:1.2.1:flatten (default-cli) @ camel-format-plugin ---
[INFO] Generating flattened POM of project org.apache.camel:camel-format-plugin:maven-plugin:3.6.0-SNAPSHOT...
[INFO] 
[INFO] --- compiler:3.8.1:compile (default-compile) @ camel-format-plugin ---
[INFO] Changes detected - recompiling the module!
[INFO] Compiling 3 source files to /home/runner/work/sonar-analysis/sonar-analysis/project/init/camel-format-plugin/target/classes
[INFO] 
[INFO] --- plugin:3.5.2:descriptor (default-descriptor) @ camel-format-plugin ---
[INFO] Using 'UTF-8' encoding to read mojo source files.
[INFO] java-javadoc mojo extractor found 0 mojo descriptor.
[ERROR] Failed to analyze /home/runner/.m2/repository/org/eclipse/platform/org.eclipse.core.resources/3.23.200/org.eclipse.core.resources-3.23.200.jar!/org/eclipse/core/internal/dtree/AbstractDataTree.class
[INFO] 
[INFO] ----------------< org.apache.camel:camel-bundle-plugin >----------------
[INFO] Building Camel :: Maven Plugins :: Enhanced Bundle Plugin 3.6.0-SNAPSHOT [6/455]
[INFO]   from init/camel-bundle-plugin/pom.xml
[INFO] ----------------------------[ maven-plugin ]----------------------------
[INFO] 
[INFO] --- clean:3.1.0:clean (default-clean) @ camel-bundle-plugin ---
[INFO] Deleting /home/runner/work/sonar-analysis/sonar-analysis/project/init/camel-bundle-plugin/target
[INFO] 
[INFO] --- enforcer:1.4.1:enforce (enforce-maven-version) @ camel-bundle-plugin ---
[INFO] Skipping Rule Enforcement.
[INFO] 
[INFO] --- resources:3.1.0:resources (default-resources) @ camel-bundle-plugin ---
[INFO] Using 'UTF-8' encoding to copy filtered resources.
[INFO] Copying 3 resources
[INFO] 
[INFO] --- flatten:1.2.1:flatten (default-cli) @ camel-bundle-plugin ---
[INFO] Generating flattened POM of project org.apache.camel:camel-bundle-plugin:maven-plugin:3.6.0-SNAPSHOT...
[INFO] 
[INFO] --- compiler:3.8.1:compile (default-compile) @ camel-bundle-plugin ---
[INFO] Changes detected - recompiling the module!
[INFO] Compiling 3 source files to /home/runner/work/sonar-analysis/sonar-analysis/project/init/camel-bundle-plugin/target/classes
[INFO] 
[INFO] --- plugin:3.5.2:descriptor (default-descriptor) @ camel-bundle-plugin ---
[INFO] Using 'UTF-8' encoding to read mojo source files.
[INFO] java-javadoc mojo extractor found 0 mojo descriptor.
[INFO] java-annotations mojo extractor found 2 mojo descriptors.
[INFO] 
[INFO] --- resources:3.1.0:testResources (default-testResources) @ camel-bundle-plugin ---
[INFO] Using 'UTF-8' encoding to copy filtered resources.
[INFO] skip non existing resourceDirectory /home/runner/work/sonar-analysis/sonar-analysis/project/init/camel-bundle-plugin/src/test/resources
[INFO] 
[INFO] --- compiler:3.8.1:testCompile (default-testCompile) @ camel-bundle-plugin ---
[INFO] No sources to compile
[INFO] 
[INFO] --- surefire:3.0.0-M4:test (default-test) @ camel-bundle-plugin ---
[INFO] Tests are skipped.
[INFO] 
[INFO] --- jar:3.2.0:jar (default-jar) @ camel-bundle-plugin ---
[INFO] Building jar: /home/runner/work/sonar-analysis/sonar-analysis/project/init/camel-bundle-plugin/target/camel-bundle-plugin-3.6.0-SNAPSHOT.jar
[INFO] 
[INFO] --- site:3.7.1:attach-descriptor (attach-descriptor) @ camel-bundle-plugin ---
[INFO] Skipping because packaging 'maven-plugin' is not pom.
[INFO] 
[INFO] --- install:2.5.2:install (default-install) @ camel-bundle-plugin ---
[INFO] Installing /home/runner/work/sonar-analysis/sonar-analysis/project/init/camel-bundle-plugin/target/camel-bundle-plugin-3.6.0-SNAPSHOT.jar to /home/runner/.m2/repository/org/apache/camel/camel-bundle-plugin/3.6.0-SNAPSHOT/camel-bundle-plugin-3.6.0-SNAPSHOT.jar
[INFO] Installing /home/runner/work/sonar-analysis/sonar-analysis/project/init/camel-bundle-plugin/target/.flattened-pom.xml to /home/runner/.m2/repository/org/apache/camel/camel-bundle-plugin/3.6.0-SNAPSHOT/camel-bundle-plugin-3.6.0-SNAPSHOT.pom
[INFO] 
[INFO] ---------------------< org.apache.camel:camel-etc >---------------------
[INFO] Building Camel :: Etc 3.6.0-SNAPSHOT                             [7/455]
[INFO]   from etc/pom.xml
[INFO] --------------------------------[ pom ]---------------------------------
[INFO] 
[INFO] --- clean:3.1.0:clean (default-clean) @ camel-etc ---
[INFO] Deleting /home/runner/work/sonar-analysis/sonar-analysis/project/etc/target
[INFO] 
[INFO] --- impsort:1.3.2:sort (sort-imports) @ camel-etc ---
[INFO] Skipping execution of impsort-maven-plugin
[INFO] 
[INFO] --- flatten:1.2.1:flatten (default-cli) @ camel-etc ---
[INFO] Generating flattened POM of project org.apache.camel:camel-etc:pom:3.6.0-SNAPSHOT...
[INFO] 
[INFO] --- install:2.5.2:install (default-install) @ camel-etc ---
[INFO] Installing /home/runner/work/sonar-analysis/sonar-analysis/project/etc/target/.flattened-pom.xml to /home/runner/.m2/repository/org/apache/camel/camel-etc/3.6.0-SNAPSHOT/camel-etc-3.6.0-SNAPSHOT.pom
[INFO] 
[INFO] -----------------< org.apache.camel:camel-buildtools >------------------
[INFO] Building Camel :: Buildtools 3.6.0-SNAPSHOT                      [8/455]
[INFO]   from buildingtools/pom.xml
[INFO] --------------------------------[ jar ]---------------------------------
[INFO] 
[INFO] --- clean:3.1.0:clean (default-clean) @ camel-buildtools ---
[INFO] Deleting /home/runner/work/sonar-analysis/sonar-analysis/project/buildingtools/target
[INFO] 
[INFO] --- enforcer:1.4.1:enforce (enforce-maven-version) @ camel-buildtools ---
[INFO] Skipping Rule Enforcement.
[INFO] 
[INFO] --- license:3.0:format (default-cli) @ camel-buildtools ---
[INFO] Updating license headers...
[INFO] 
[INFO] --- gplus:1.10.0:execute (default) @ camel-buildtools ---
[INFO] Artifact org.apache.ivy:ivy:pom:2.5.0 is present in the local repository, but cached from a remote repository ID that is unavailable in current build context, verifying that is downloadable from [apache.snapshots (https://repository.apache.org/snapshots/, default, snapshots), central (https://repo.maven.apache.org/maven2, default, releases)]
[INFO] Artifact org.apache.ivy:ivy:pom:2.5.0 is present in the local repository, but cached from a remote repository ID that is unavailable in current build context, verifying that is downloadable from [apache.snapshots (https://repository.apache.org/snapshots/, default, snapshots), central (https://repo.maven.apache.org/maven2, default, releases)]
[INFO] Artifact org.apache.ant:ant:jar:1.10.8 is present in the local repository, but cached from a remote repository ID that is unavailable in current build context, verifying that is downloadable from [apache.snapshots (https://repository.apache.org/snapshots/, default, snapshots), central (https://repo.maven.apache.org/maven2, default, releases)]
[INFO] Artifact org.apache.ivy:ivy:jar:2.5.0 is present in the local repository, but cached from a remote repository ID that is unavailable in current build context, verifying that is downloadable from [apache.snapshots (https://repository.apache.org/snapshots/, default, snapshots), central (https://repo.maven.apache.org/maven2, default, releases)]
[INFO] Artifact org.apache.ant:ant:jar:1.10.8 is present in the local repository, but cached from a remote repository ID that is unavailable in current build context, verifying that is downloadable from [apache.snapshots (https://repository.apache.org/snapshots/, default, snapshots), central (https://repo.maven.apache.org/maven2, default, releases)]
[INFO] Artifact org.apache.ivy:ivy:jar:2.5.0 is present in the local repository, but cached from a remote repository ID that is unavailable in current build context, verifying that is downloadable from [apache.snapshots (https://repository.apache.org/snapshots/, default, snapshots), central (https://repo.maven.apache.org/maven2, default, releases)]
[INFO] Using plugin classloader, includes GMavenPlus classpath.
[INFO] Using Groovy 3.0.5 to perform execute.
[INFO] 
[INFO] --- resources:3.1.0:resources (default-resources) @ camel-buildtools ---
[INFO] Using 'UTF-8' encoding to copy filtered resources.
[INFO] Copying 14 resources
[INFO] 
[INFO] --- flatten:1.2.1:flatten (default-cli) @ camel-buildtools ---
[INFO] Generating flattened POM of project org.apache.camel:camel-buildtools:jar:3.6.0-SNAPSHOT...
[INFO] 
[INFO] --- compiler:3.8.1:compile (default-compile) @ camel-buildtools ---
[INFO] No sources to compile
[INFO] 
[INFO] --- resources:3.1.0:testResources (default-testResources) @ camel-buildtools ---
[INFO] Not copying test resources
[INFO] 
[INFO] --- compiler:3.8.1:testCompile (default-testCompile) @ camel-buildtools ---
[INFO] Not compiling test sources
[INFO] 
[INFO] --- surefire:3.0.0-M4:test (default-test) @ camel-buildtools ---
[INFO] Tests are skipped.
[INFO] 
[INFO] --- jar:3.2.0:jar (default-jar) @ camel-buildtools ---
[INFO] Building jar: /home/runner/work/sonar-analysis/sonar-analysis/project/buildingtools/target/camel-buildtools-3.6.0-SNAPSHOT.jar
[INFO] 
[INFO] --- site:3.7.1:attach-descriptor (attach-descriptor) @ camel-buildtools ---
[INFO] Skipping because packaging 'jar' is not pom.
[INFO] 
[INFO] --- install:2.5.2:install (default-install) @ camel-buildtools ---
[INFO] Installing /home/runner/work/sonar-analysis/sonar-analysis/project/buildingtools/target/camel-buildtools-3.6.0-SNAPSHOT.jar to /home/runner/.m2/repository/org/apache/camel/camel-buildtools/3.6.0-SNAPSHOT/camel-buildtools-3.6.0-SNAPSHOT.jar
[INFO] Installing /home/runner/work/sonar-analysis/sonar-analysis/project/buildingtools/target/.flattened-pom.xml to /home/runner/.m2/repository/org/apache/camel/camel-buildtools/3.6.0-SNAPSHOT/camel-buildtools-3.6.0-SNAPSHOT.pom
[INFO] 
[INFO] ------------------------------------------------------------------------
[INFO] Skipping Camel :: Tooling
[INFO] This project has been banned from the build due to previous failures.
[INFO] ------------------------------------------------------------------------
[INFO] 
[INFO] ------------------------------------------------------------------------
[INFO] Skipping Camel :: Tooling :: Util
[INFO] This project has been banned from the build due to previous failures.
[INFO] ------------------------------------------------------------------------
[INFO] 
[INFO] ------------------------------------------------------------------------
[INFO] Skipping Camel :: Tooling Parent
[INFO] This project has been banned from the build due to previous failures.
[INFO] ------------------------------------------------------------------------
[INFO] 
[INFO] ------------------------------------------------------------------------
[INFO] Skipping Camel :: Maven Plugins
[INFO] This project has been banned from the build due to previous failures.
[INFO] ------------------------------------------------------------------------
[INFO] 
[INFO] ------------------------------------------------------------------------
[INFO] Skipping Camel :: Maven Plugins :: BOM Generator
[INFO] This project has been banned from the build due to previous failures.
[INFO] ------------------------------------------------------------------------
[INFO] 
[INFO] ------------------------------------------------------------------------
[INFO] Skipping Camel :: BOM :: Generator
[INFO] This project has been banned from the build due to previous failures.
[INFO] ------------------------------------------------------------------------
[INFO] 
[INFO] ------------------------------------------------------------------------
[INFO] Skipping Camel :: BOM
[INFO] This project has been banned from the build due to previous failures.
[INFO] ------------------------------------------------------------------------
[INFO] 
[INFO] ------------------------------------------------------------------------
[INFO] Skipping Camel :: SPI Annotations
[INFO] This project has been banned from the build due to previous failures.
[INFO] ------------------------------------------------------------------------
[INFO] 
[INFO] ------------------------------------------------------------------------
[INFO] Skipping Camel :: Util :: JSon
[INFO] This project has been banned from the build due to previous failures.
[INFO] ------------------------------------------------------------------------
[INFO] 
[INFO] ------------------------------------------------------------------------
[INFO] Skipping Camel :: Tooling :: Model
[INFO] This project has been banned from the build due to previous failures.
[INFO] ------------------------------------------------------------------------
[INFO] 
[INFO] ------------------------------------------------------------------------
[INFO] Skipping Camel :: Maven Plugins :: Camel Maven Package
[INFO] This project has been banned from the build due to previous failures.
[INFO] ------------------------------------------------------------------------
[INFO] 
[INFO] ------------------------------------------------------------------------
[INFO] Skipping Camel :: Core Modules
[INFO] This project has been banned from the build due to previous failures.
[INFO] ------------------------------------------------------------------------
[INFO] 
[INFO] ------------------------------------------------------------------------
[INFO] Skipping Camel :: Util
[INFO] This project has been banned from the build due to previous failures.
[INFO] ------------------------------------------------------------------------
[INFO] 
[INFO] ------------------------------------------------------------------------
[INFO] Skipping Camel :: API
[INFO] This project has been banned from the build due to previous failures.
[INFO] ------------------------------------------------------------------------
[INFO] 
[INFO] ------------------------------------------------------------------------
[INFO] Skipping Camel :: Management API
[INFO] This project has been banned from the build due to previous failures.
[INFO] ------------------------------------------------------------------------
[INFO] 
[INFO] ------------------------------------------------------------------------
[INFO] Skipping Camel :: Support
[INFO] This project has been banned from the build due to previous failures.
[INFO] ------------------------------------------------------------------------
[INFO] 
[INFO] ------------------------------------------------------------------------
[INFO] Skipping Camel :: Base
[INFO] This project has been banned from the build due to previous failures.
[INFO] ------------------------------------------------------------------------
[INFO] 
[INFO] ------------------------------------------------------------------------
[INFO] Skipping Camel :: Core Engine
[INFO] This project has been banned from the build due to previous failures.
[INFO] ------------------------------------------------------------------------
[INFO] 
[INFO] ------------------------------------------------------------------------
[INFO] Skipping Camel :: Core Languages
[INFO] This project has been banned from the build due to previous failures.
[INFO] ------------------------------------------------------------------------
[INFO] 
[INFO] ------------------------------------------------------------------------
[INFO] Skipping Camel :: Components
[INFO] This project has been banned from the build due to previous failures.
[INFO] ------------------------------------------------------------------------
[INFO] 
[INFO] ------------------------------------------------------------------------
[INFO] Skipping Camel :: Bean
[INFO] This project has been banned from the build due to previous failures.
[INFO] ------------------------------------------------------------------------
[INFO] 
[INFO] ------------------------------------------------------------------------
[INFO] Skipping Camel :: Browse
[INFO] This project has been banned from the build due to previous failures.
[INFO] ------------------------------------------------------------------------
[INFO] 
[INFO] ------------------------------------------------------------------------
[INFO] Skipping Camel :: Caffeine LRUCache
[INFO] This project has been banned from the build due to previous failures.
[INFO] ------------------------------------------------------------------------
[INFO] 
[INFO] ------------------------------------------------------------------------
[INFO] Skipping Camel :: Cluster
[INFO] This project has been banned from the build due to previous failures.
[INFO] ------------------------------------------------------------------------
[INFO] 
[INFO] ------------------------------------------------------------------------
[INFO] Skipping Camel :: Controlbus
[INFO] This project has been banned from the build due to previous failures.
[INFO] ------------------------------------------------------------------------
[INFO] 
[INFO] ------------------------------------------------------------------------
[INFO] Skipping Camel :: Dataformat
[INFO] This project has been banned from the build due to previous failures.
[INFO] ------------------------------------------------------------------------
[INFO] 
[INFO] ------------------------------------------------------------------------
[INFO] Skipping Camel :: Mock
[INFO] This project has been banned from the build due to previous failures.
[INFO] ------------------------------------------------------------------------
[INFO] 
[INFO] ------------------------------------------------------------------------
[INFO] Skipping Camel :: DataSet
[INFO] This project has been banned from the build due to previous failures.
[INFO] ------------------------------------------------------------------------
[INFO] 
[INFO] ------------------------------------------------------------------------
[INFO] Skipping Camel :: Direct
[INFO] This project has been banned from the build due to previous failures.
[INFO] ------------------------------------------------------------------------
[INFO] 
[INFO] ------------------------------------------------------------------------
[INFO] Skipping Camel :: Direct VM
[INFO] This project has been banned from the build due to previous failures.
[INFO] ------------------------------------------------------------------------
[INFO] 
[INFO] ------------------------------------------------------------------------
[INFO] Skipping Camel :: Core Catalog
[INFO] This project has been banned from the build due to previous failures.
[INFO] ------------------------------------------------------------------------
[INFO] 
[INFO] ------------------------------------------------------------------------
[INFO] Skipping Camel :: File
[INFO] This project has been banned from the build due to previous failures.
[INFO] ------------------------------------------------------------------------
[INFO] 
[INFO] ------------------------------------------------------------------------
[INFO] Skipping Camel :: Log
[INFO] This project has been banned from the build due to previous failures.
[INFO] ------------------------------------------------------------------------
[INFO] 
[INFO] ------------------------------------------------------------------------
[INFO] Skipping Camel :: Health
[INFO] This project has been banned from the build due to previous failures.
[INFO] ------------------------------------------------------------------------
[INFO] 
[INFO] ------------------------------------------------------------------------
[INFO] Skipping Camel :: Language
[INFO] This project has been banned from the build due to previous failures.
[INFO] ------------------------------------------------------------------------
[INFO] 
[INFO] ------------------------------------------------------------------------
[INFO] Skipping Camel :: Ref
[INFO] This project has been banned from the build due to previous failures.
[INFO] ------------------------------------------------------------------------
[INFO] 
[INFO] ------------------------------------------------------------------------
[INFO] Skipping Camel :: REST
[INFO] This project has been banned from the build due to previous failures.
[INFO] ------------------------------------------------------------------------
[INFO] 
[INFO] ------------------------------------------------------------------------
[INFO] Skipping Camel :: Saga
[INFO] This project has been banned from the build due to previous failures.
[INFO] ------------------------------------------------------------------------
[INFO] 
[INFO] ------------------------------------------------------------------------
[INFO] Skipping Camel :: Scheduler
[INFO] This project has been banned from the build due to previous failures.
[INFO] ------------------------------------------------------------------------
[INFO] 
[INFO] ------------------------------------------------------------------------
[INFO] Skipping Camel :: Seda
[INFO] This project has been banned from the build due to previous failures.
[INFO] ------------------------------------------------------------------------
[INFO] 
[INFO] ------------------------------------------------------------------------
[INFO] Skipping Camel :: VM
[INFO] This project has been banned from the build due to previous failures.
[INFO] ------------------------------------------------------------------------
[INFO] 
[INFO] ------------------------------------------------------------------------
[INFO] Skipping Camel :: Stub
[INFO] This project has been banned from the build due to previous failures.
[INFO] ------------------------------------------------------------------------
[INFO] 
[INFO] ------------------------------------------------------------------------
[INFO] Skipping Camel :: Timer
[INFO] This project has been banned from the build due to previous failures.
[INFO] ------------------------------------------------------------------------
[INFO] 
[INFO] ------------------------------------------------------------------------
[INFO] Skipping Camel :: XML JAXP
[INFO] This project has been banned from the build due to previous failures.
[INFO] ------------------------------------------------------------------------
[INFO] 
[INFO] ------------------------------------------------------------------------
[INFO] Skipping Camel :: Validator
[INFO] This project has been banned from the build due to previous failures.
[INFO] ------------------------------------------------------------------------
[INFO] 
[INFO] ------------------------------------------------------------------------
[INFO] Skipping Camel :: XPath
[INFO] This project has been banned from the build due to previous failures.
[INFO] ------------------------------------------------------------------------
[INFO] 
[INFO] ------------------------------------------------------------------------
[INFO] Skipping Camel :: XSLT
[INFO] This project has been banned from the build due to previous failures.
[INFO] ------------------------------------------------------------------------
[INFO] 
[INFO] ------------------------------------------------------------------------
[INFO] Skipping Camel :: XML JAXB
[INFO] This project has been banned from the build due to previous failures.
[INFO] ------------------------------------------------------------------------
[INFO] 
[INFO] ------------------------------------------------------------------------
[INFO] Skipping Camel :: Core
[INFO] This project has been banned from the build due to previous failures.
[INFO] ------------------------------------------------------------------------
[INFO] 
[INFO] ------------------------------------------------------------------------
[INFO] Skipping Camel :: Tooling :: Swagger REST DSL Generator
[INFO] This project has been banned from the build due to previous failures.
[INFO] ------------------------------------------------------------------------
[INFO] 
[INFO] ------------------------------------------------------------------------
[INFO] Skipping Camel :: Tooling :: OpenApi REST DSL Generator
[INFO] This project has been banned from the build due to previous failures.
[INFO] ------------------------------------------------------------------------
[INFO] 
[INFO] ------------------------------------------------------------------------
[INFO] Skipping Camel :: Test :: JUnit5
[INFO] This project has been banned from the build due to previous failures.
[INFO] ------------------------------------------------------------------------
[INFO] 
[INFO] ------------------------------------------------------------------------
[INFO] Skipping Camel :: Main
[INFO] This project has been banned from the build due to previous failures.
[INFO] ------------------------------------------------------------------------
[INFO] 
[INFO] ------------------------------------------------------------------------
[INFO] Skipping Camel :: Core XML
[INFO] This project has been banned from the build due to previous failures.
[INFO] ------------------------------------------------------------------------
[INFO] 
[INFO] ------------------------------------------------------------------------
[INFO] Skipping Camel :: Cron
[INFO] This project has been banned from the build due to previous failures.
[INFO] ------------------------------------------------------------------------
[INFO] 
[INFO] ------------------------------------------------------------------------
[INFO] Skipping Camel :: Cloud
[INFO] This project has been banned from the build due to previous failures.
[INFO] ------------------------------------------------------------------------
[INFO] 
[INFO] ------------------------------------------------------------------------
[INFO] Skipping Camel :: Management
[INFO] This project has been banned from the build due to previous failures.
[INFO] ------------------------------------------------------------------------
[INFO] 
[INFO] ------------------------------------------------------------------------
[INFO] Skipping Camel :: Maven Plugins :: Camel EIP Documentation Enricher Plugin
[INFO] This project has been banned from the build due to previous failures.
[INFO] ------------------------------------------------------------------------
[INFO] 
[INFO] ------------------------------------------------------------------------
[INFO] Skipping Camel :: Spring
[INFO] This project has been banned from the build due to previous failures.
[INFO] ------------------------------------------------------------------------
[INFO] 
[INFO] ------------------------------------------------------------------------
[INFO] Skipping Camel :: Test :: Spring:: JUnit5
[INFO] This project has been banned from the build due to previous failures.
[INFO] ------------------------------------------------------------------------
[INFO] 
[INFO] ------------------------------------------------------------------------
[INFO] Skipping Camel :: Spring Main
[INFO] This project has been banned from the build due to previous failures.
[INFO] ------------------------------------------------------------------------
[INFO] 
[INFO] ------------------------------------------------------------------------
[INFO] Skipping Camel :: Spring JavaConfig (deprecated)
[INFO] This project has been banned from the build due to previous failures.
[INFO] ------------------------------------------------------------------------
[INFO] 
[INFO] ------------------------------------------------------------------------
[INFO] Skipping Camel :: JTA
[INFO] This project has been banned from the build due to previous failures.
[INFO] ------------------------------------------------------------------------
[INFO] 
[INFO] ------------------------------------------------------------------------
[INFO] Skipping Camel :: CDI
[INFO] This project has been banned from the build due to previous failures.
[INFO] ------------------------------------------------------------------------
[INFO] 
[INFO] ------------------------------------------------------------------------
[INFO] Skipping Camel :: Maven Plugins :: Camel Maven Plugin
[INFO] This project has been banned from the build due to previous failures.
[INFO] ------------------------------------------------------------------------
[INFO] 
[INFO] ------------------------------------------------------------------------
[INFO] Skipping Camel :: Maven Plugins :: Camel API Component Plugin
[INFO] This project has been banned from the build due to previous failures.
[INFO] ------------------------------------------------------------------------
[INFO] 
[INFO] ------------------------------------------------------------------------
[INFO] Skipping Camel :: HTTP :: Base
[INFO] This project has been banned from the build due to previous failures.
[INFO] ------------------------------------------------------------------------
[INFO] 
[INFO] ------------------------------------------------------------------------
[INFO] Skipping Camel :: Attachments
[INFO] This project has been banned from the build due to previous failures.
[INFO] ------------------------------------------------------------------------
[INFO] 
[INFO] ------------------------------------------------------------------------
[INFO] Skipping Camel :: HTTP :: Common
[INFO] This project has been banned from the build due to previous failures.
[INFO] ------------------------------------------------------------------------
[INFO] 
[INFO] ------------------------------------------------------------------------
[INFO] Skipping Camel :: Jackson
[INFO] This project has been banned from the build due to previous failures.
[INFO] ------------------------------------------------------------------------
[INFO] 
[INFO] ------------------------------------------------------------------------
[INFO] Skipping Camel :: JAXB
[INFO] This project has been banned from the build due to previous failures.
[INFO] ------------------------------------------------------------------------
[INFO] 
[INFO] ------------------------------------------------------------------------
[INFO] Skipping Camel :: Swagger Java
[INFO] This project has been banned from the build due to previous failures.
[INFO] ------------------------------------------------------------------------
[INFO] 
[INFO] ------------------------------------------------------------------------
[INFO] Skipping Camel :: Servlet
[INFO] This project has been banned from the build due to previous failures.
[INFO] ------------------------------------------------------------------------
[INFO] 
[INFO] ------------------------------------------------------------------------
[INFO] Skipping Camel :: Jetty :: Common
[INFO] This project has been banned from the build due to previous failures.
[INFO] ------------------------------------------------------------------------
[INFO] 
[INFO] ------------------------------------------------------------------------
[INFO] Skipping Camel :: HTTP
[INFO] This project has been banned from the build due to previous failures.
[INFO] ------------------------------------------------------------------------
[INFO] 
[INFO] ------------------------------------------------------------------------
[INFO] Skipping Camel :: Jetty
[INFO] This project has been banned from the build due to previous failures.
[INFO] ------------------------------------------------------------------------
[INFO] 
[INFO] ------------------------------------------------------------------------
[INFO] Skipping Camel :: Maven Plugins :: Swagger REST DSL Generator Maven plugin
[INFO] This project has been banned from the build due to previous failures.
[INFO] ------------------------------------------------------------------------
[INFO] 
[INFO] ------------------------------------------------------------------------
[INFO] Skipping Camel :: Maven Plugins :: OpenApi REST DSL Generator Maven plugin
[INFO] This project has been banned from the build due to previous failures.
[INFO] ------------------------------------------------------------------------
[INFO] 
[INFO] ------------------------------------------------------------------------
[INFO] Skipping Camel :: Maven Plugins :: Enhanced javadoc plugin
[INFO] This project has been banned from the build due to previous failures.
[INFO] ------------------------------------------------------------------------
[INFO] 
[INFO] ------------------------------------------------------------------------
[INFO] Skipping Camel :: Maven Plugins :: Enhanced Resources Plugin
[INFO] This project has been banned from the build due to previous failures.
[INFO] ------------------------------------------------------------------------
[INFO] 
[INFO] ------------------------------------------------------------------------
[INFO] Skipping Camel :: Maven Plugins :: Sync Properties
[INFO] This project has been banned from the build due to previous failures.
[INFO] ------------------------------------------------------------------------
[INFO] 
[INFO] ------------------------------------------------------------------------
[INFO] Skipping Camel :: Maven Plugins :: Camel Maven Component
[INFO] This project has been banned from the build due to previous failures.
[INFO] ------------------------------------------------------------------------
[INFO] 
[INFO] ------------------------------------------------------------------------
[INFO] Skipping Camel :: XML IO
[INFO] This project has been banned from the build due to previous failures.
[INFO] ------------------------------------------------------------------------
[INFO] 
[INFO] ------------------------------------------------------------------------
[INFO] Skipping Camel :: JMS
[INFO] This project has been banned from the build due to previous failures.
[INFO] ------------------------------------------------------------------------
[INFO] 
[INFO] ------------------------------------------------------------------------
[INFO] Skipping Camel :: JDBC
[INFO] This project has been banned from the build due to previous failures.
[INFO] ------------------------------------------------------------------------
[INFO] 
[INFO] ------------------------------------------------------------------------
[INFO] Skipping Camel :: ActiveMQ
[INFO] This project has been banned from the build due to previous failures.
[INFO] ------------------------------------------------------------------------
[INFO] 
[INFO] ------------------------------------------------------------------------
[INFO] Skipping Camel :: AHC
[INFO] This project has been banned from the build due to previous failures.
[INFO] ------------------------------------------------------------------------
[INFO] 
[INFO] ------------------------------------------------------------------------
[INFO] Skipping Camel :: AHC-WS
[INFO] This project has been banned from the build due to previous failures.
[INFO] ------------------------------------------------------------------------
[INFO] 
[INFO] ------------------------------------------------------------------------
[INFO] Skipping Camel :: AMQP
[INFO] This project has been banned from the build due to previous failures.
[INFO] ------------------------------------------------------------------------
[INFO] 
[INFO] ------------------------------------------------------------------------
[INFO] Skipping Camel :: Any23
[INFO] This project has been banned from the build due to previous failures.
[INFO] ------------------------------------------------------------------------
[INFO] 
[INFO] ------------------------------------------------------------------------
[INFO] Skipping Camel :: APNS
[INFO] This project has been banned from the build due to previous failures.
[INFO] ------------------------------------------------------------------------
[INFO] 
[INFO] ------------------------------------------------------------------------
[INFO] Skipping Camel :: Testcontainers :: JUnit 5
[INFO] This project has been banned from the build due to previous failures.
[INFO] ------------------------------------------------------------------------
[INFO] 
[INFO] ------------------------------------------------------------------------
[INFO] Skipping Camel :: Testcontainers :: Spring :: JUnit5
[INFO] This project has been banned from the build due to previous failures.
[INFO] ------------------------------------------------------------------------
[INFO] 
[INFO] ------------------------------------------------------------------------
[INFO] Skipping Camel ArangoDb Component
[INFO] This project has been banned from the build due to previous failures.
[INFO] ------------------------------------------------------------------------
[INFO] 
[INFO] ------------------------------------------------------------------------
[INFO] Skipping Camel :: AS2 :: Parent
[INFO] This project has been banned from the build due to previous failures.
[INFO] ------------------------------------------------------------------------
[INFO] 
[INFO] ------------------------------------------------------------------------
[INFO] Skipping Camel :: AS2 :: API
[INFO] This project has been banned from the build due to previous failures.
[INFO] ------------------------------------------------------------------------
[INFO] 
[INFO] ------------------------------------------------------------------------
[INFO] Skipping Camel :: AS2 :: Component
[INFO] This project has been banned from the build due to previous failures.
[INFO] ------------------------------------------------------------------------
[INFO] 
[INFO] ------------------------------------------------------------------------
[INFO] Skipping Camel :: ASN.1
[INFO] This project has been banned from the build due to previous failures.
[INFO] ------------------------------------------------------------------------
[INFO] 
[INFO] ------------------------------------------------------------------------
[INFO] Skipping Camel :: Asterisk
[INFO] This project has been banned from the build due to previous failures.
[INFO] ------------------------------------------------------------------------
[INFO] 
[INFO] ------------------------------------------------------------------------
[INFO] Skipping Camel :: Atmos
[INFO] This project has been banned from the build due to previous failures.
[INFO] ------------------------------------------------------------------------
[INFO] 
[INFO] ------------------------------------------------------------------------
[INFO] Skipping Camel :: Atmosphere WebSocket Servlet
[INFO] This project has been banned from the build due to previous failures.
[INFO] ------------------------------------------------------------------------
[INFO] 
[INFO] ------------------------------------------------------------------------
[INFO] Skipping Camel :: Atom
[INFO] This project has been banned from the build due to previous failures.
[INFO] ------------------------------------------------------------------------
[INFO] 
[INFO] ------------------------------------------------------------------------
[INFO] Skipping Camel :: Atomix
[INFO] This project has been banned from the build due to previous failures.
[INFO] ------------------------------------------------------------------------
[INFO] 
[INFO] ------------------------------------------------------------------------
[INFO] Skipping Camel :: Avro RPC
[INFO] This project has been banned from the build due to previous failures.
[INFO] ------------------------------------------------------------------------
[INFO] 
[INFO] ------------------------------------------------------------------------
[INFO] Skipping Camel :: Avro
[INFO] This project has been banned from the build due to previous failures.
[INFO] ------------------------------------------------------------------------
[INFO] 
[INFO] ------------------------------------------------------------------------
[INFO] Skipping Camel :: AWS CW
[INFO] This project has been banned from the build due to previous failures.
[INFO] ------------------------------------------------------------------------
[INFO] 
[INFO] ------------------------------------------------------------------------
[INFO] Skipping Camel :: AWS DDB
[INFO] This project has been banned from the build due to previous failures.
[INFO] ------------------------------------------------------------------------
[INFO] 
[INFO] ------------------------------------------------------------------------
[INFO] Skipping Camel :: AWS EC2
[INFO] This project has been banned from the build due to previous failures.
[INFO] ------------------------------------------------------------------------
[INFO] 
[INFO] ------------------------------------------------------------------------
[INFO] Skipping Camel :: AWS ECS
[INFO] This project has been banned from the build due to previous failures.
[INFO] ------------------------------------------------------------------------
[INFO] 
[INFO] ------------------------------------------------------------------------
[INFO] Skipping Camel :: AWS EKS
[INFO] This project has been banned from the build due to previous failures.
[INFO] ------------------------------------------------------------------------
[INFO] 
[INFO] ------------------------------------------------------------------------
[INFO] Skipping Camel :: AWS IAM
[INFO] This project has been banned from the build due to previous failures.
[INFO] ------------------------------------------------------------------------
[INFO] 
[INFO] ------------------------------------------------------------------------
[INFO] Skipping Camel :: AWS Kinesis
[INFO] This project has been banned from the build due to previous failures.
[INFO] ------------------------------------------------------------------------
[INFO] 
[INFO] ------------------------------------------------------------------------
[INFO] Skipping Camel :: AWS KMS
[INFO] This project has been banned from the build due to previous failures.
[INFO] ------------------------------------------------------------------------
[INFO] 
[INFO] ------------------------------------------------------------------------
[INFO] Skipping Camel :: AWS Lambda
[INFO] This project has been banned from the build due to previous failures.
[INFO] ------------------------------------------------------------------------
[INFO] 
[INFO] ------------------------------------------------------------------------
[INFO] Skipping Camel :: AWS MQ
[INFO] This project has been banned from the build due to previous failures.
[INFO] ------------------------------------------------------------------------
[INFO] 
[INFO] ------------------------------------------------------------------------
[INFO] Skipping Camel :: AWS MSK
[INFO] This project has been banned from the build due to previous failures.
[INFO] ------------------------------------------------------------------------
[INFO] 
[INFO] ------------------------------------------------------------------------
[INFO] Skipping Camel :: AWS S3
[INFO] This project has been banned from the build due to previous failures.
[INFO] ------------------------------------------------------------------------
[INFO] 
[INFO] ------------------------------------------------------------------------
[INFO] Skipping Camel :: AWS SDB
[INFO] This project has been banned from the build due to previous failures.
[INFO] ------------------------------------------------------------------------
[INFO] 
[INFO] ------------------------------------------------------------------------
[INFO] Skipping Camel :: AWS SES
[INFO] This project has been banned from the build due to previous failures.
[INFO] ------------------------------------------------------------------------
[INFO] 
[INFO] ------------------------------------------------------------------------
[INFO] Skipping Camel :: AWS SNS
[INFO] This project has been banned from the build due to previous failures.
[INFO] ------------------------------------------------------------------------
[INFO] 
[INFO] ------------------------------------------------------------------------
[INFO] Skipping Camel :: AWS SQS
[INFO] This project has been banned from the build due to previous failures.
[INFO] ------------------------------------------------------------------------
[INFO] 
[INFO] ------------------------------------------------------------------------
[INFO] Skipping Camel :: AWS SWF
[INFO] This project has been banned from the build due to previous failures.
[INFO] ------------------------------------------------------------------------
[INFO] 
[INFO] ------------------------------------------------------------------------
[INFO] Skipping Camel :: AWS Translate
[INFO] This project has been banned from the build due to previous failures.
[INFO] ------------------------------------------------------------------------
[INFO] 
[INFO] ------------------------------------------------------------------------
[INFO] Skipping Camel :: AWS2 Athena
[INFO] This project has been banned from the build due to previous failures.
[INFO] ------------------------------------------------------------------------
[INFO] 
[INFO] ------------------------------------------------------------------------
[INFO] Skipping Camel :: AWS2 CW
[INFO] This project has been banned from the build due to previous failures.
[INFO] ------------------------------------------------------------------------
[INFO] 
[INFO] ------------------------------------------------------------------------
[INFO] Skipping Camel :: AWS2 DDB
[INFO] This project has been banned from the build due to previous failures.
[INFO] ------------------------------------------------------------------------
[INFO] 
[INFO] ------------------------------------------------------------------------
[INFO] Skipping Camel :: AWS2 EC2
[INFO] This project has been banned from the build due to previous failures.
[INFO] ------------------------------------------------------------------------
[INFO] 
[INFO] ------------------------------------------------------------------------
[INFO] Skipping Camel :: AWS2 ECS
[INFO] This project has been banned from the build due to previous failures.
[INFO] ------------------------------------------------------------------------
[INFO] 
[INFO] ------------------------------------------------------------------------
[INFO] Skipping Camel :: AWS2 EKS
[INFO] This project has been banned from the build due to previous failures.
[INFO] ------------------------------------------------------------------------
[INFO] 
[INFO] ------------------------------------------------------------------------
[INFO] Skipping Camel :: AWS2 IAM
[INFO] This project has been banned from the build due to previous failures.
[INFO] ------------------------------------------------------------------------
[INFO] 
[INFO] ------------------------------------------------------------------------
[INFO] Skipping Camel :: AWS2 Kinesis
[INFO] This project has been banned from the build due to previous failures.
[INFO] ------------------------------------------------------------------------
[INFO] 
[INFO] ------------------------------------------------------------------------
[INFO] Skipping Camel :: AWS2 KMS
[INFO] This project has been banned from the build due to previous failures.
[INFO] ------------------------------------------------------------------------
[INFO] 
[INFO] ------------------------------------------------------------------------
[INFO] Skipping Camel :: AWS2 Lambda
[INFO] This project has been banned from the build due to previous failures.
[INFO] ------------------------------------------------------------------------
[INFO] 
[INFO] ------------------------------------------------------------------------
[INFO] Skipping Camel :: AWS2 MQ
[INFO] This project has been banned from the build due to previous failures.
[INFO] ------------------------------------------------------------------------
[INFO] 
[INFO] ------------------------------------------------------------------------
[INFO] Skipping Camel :: AWS2 MSK
[INFO] This project has been banned from the build due to previous failures.
[INFO] ------------------------------------------------------------------------
[INFO] 
[INFO] ------------------------------------------------------------------------
[INFO] Skipping Camel :: AWS2 S3
[INFO] This project has been banned from the build due to previous failures.
[INFO] ------------------------------------------------------------------------
[INFO] 
[INFO] ------------------------------------------------------------------------
[INFO] Skipping Camel :: AWS2 SES
[INFO] This project has been banned from the build due to previous failures.
[INFO] ------------------------------------------------------------------------
[INFO] 
[INFO] ------------------------------------------------------------------------
[INFO] Skipping Camel :: AWS2 SNS
[INFO] This project has been banned from the build due to previous failures.
[INFO] ------------------------------------------------------------------------
[INFO] 
[INFO] ------------------------------------------------------------------------
[INFO] Skipping Camel :: AWS2 SQS
[INFO] This project has been banned from the build due to previous failures.
[INFO] ------------------------------------------------------------------------
[INFO] 
[INFO] ------------------------------------------------------------------------
[INFO] Skipping Camel :: AWS2 STS
[INFO] This project has been banned from the build due to previous failures.
[INFO] ------------------------------------------------------------------------
[INFO] 
[INFO] ------------------------------------------------------------------------
[INFO] Skipping Camel :: AWS2 Translate
[INFO] This project has been banned from the build due to previous failures.
[INFO] ------------------------------------------------------------------------
[INFO] 
[INFO] ------------------------------------------------------------------------
[INFO] Skipping Camel :: Azure Event Hubs
[INFO] This project has been banned from the build due to previous failures.
[INFO] ------------------------------------------------------------------------
[INFO] 
[INFO] ------------------------------------------------------------------------
[INFO] Skipping Camel :: Azure Storage Blob
[INFO] This project has been banned from the build due to previous failures.
[INFO] ------------------------------------------------------------------------
[INFO] 
[INFO] ------------------------------------------------------------------------
[INFO] Skipping Camel :: Azure Storage Queue
[INFO] This project has been banned from the build due to previous failures.
[INFO] ------------------------------------------------------------------------
[INFO] 
[INFO] ------------------------------------------------------------------------
[INFO] Skipping Camel :: Azure
[INFO] This project has been banned from the build due to previous failures.
[INFO] ------------------------------------------------------------------------
[INFO] 
[INFO] ------------------------------------------------------------------------
[INFO] Skipping Camel :: Barcode
[INFO] This project has been banned from the build due to previous failures.
[INFO] ------------------------------------------------------------------------
[INFO] 
[INFO] ------------------------------------------------------------------------
[INFO] Skipping Camel :: Base64
[INFO] This project has been banned from the build due to previous failures.
[INFO] ------------------------------------------------------------------------
[INFO] 
[INFO] ------------------------------------------------------------------------
[INFO] Skipping Camel :: Bean validator
[INFO] This project has been banned from the build due to previous failures.
[INFO] ------------------------------------------------------------------------
[INFO] 
[INFO] ------------------------------------------------------------------------
[INFO] Skipping Camel :: BeanIO
[INFO] This project has been banned from the build due to previous failures.
[INFO] ------------------------------------------------------------------------
[INFO] 
[INFO] ------------------------------------------------------------------------
[INFO] Skipping Camel :: Beanstalk
[INFO] This project has been banned from the build due to previous failures.
[INFO] ------------------------------------------------------------------------
[INFO] 
[INFO] ------------------------------------------------------------------------
[INFO] Skipping Camel :: Bindy
[INFO] This project has been banned from the build due to previous failures.
[INFO] ------------------------------------------------------------------------
[INFO] 
[INFO] ------------------------------------------------------------------------
[INFO] Skipping Camel :: Bonita
[INFO] This project has been banned from the build due to previous failures.
[INFO] ------------------------------------------------------------------------
[INFO] 
[INFO] ------------------------------------------------------------------------
[INFO] Skipping Camel :: Box :: Parent
[INFO] This project has been banned from the build due to previous failures.
[INFO] ------------------------------------------------------------------------
[INFO] 
[INFO] ------------------------------------------------------------------------
[INFO] Skipping Camel :: Box :: API
[INFO] This project has been banned from the build due to previous failures.
[INFO] ------------------------------------------------------------------------
[INFO] 
[INFO] ------------------------------------------------------------------------
[INFO] Skipping Camel :: Box :: Component
[INFO] This project has been banned from the build due to previous failures.
[INFO] ------------------------------------------------------------------------
[INFO] 
[INFO] ------------------------------------------------------------------------
[INFO] Skipping Camel :: Braintree
[INFO] This project has been banned from the build due to previous failures.
[INFO] ------------------------------------------------------------------------
[INFO] 
[INFO] ------------------------------------------------------------------------
[INFO] Skipping Camel :: Caffeine
[INFO] This project has been banned from the build due to previous failures.
[INFO] ------------------------------------------------------------------------
[INFO] 
[INFO] ------------------------------------------------------------------------
[INFO] Skipping Camel :: Cassandra CQL
[INFO] This project has been banned from the build due to previous failures.
[INFO] ------------------------------------------------------------------------
[INFO] 
[INFO] ------------------------------------------------------------------------
[INFO] Skipping Camel :: CBOR
[INFO] This project has been banned from the build due to previous failures.
[INFO] ------------------------------------------------------------------------
[INFO] 
[INFO] ------------------------------------------------------------------------
[INFO] Skipping Camel :: ChatScript
[INFO] This project has been banned from the build due to previous failures.
[INFO] ------------------------------------------------------------------------
[INFO] 
[INFO] ------------------------------------------------------------------------
[INFO] Skipping Camel :: Chunk
[INFO] This project has been banned from the build due to previous failures.
[INFO] ------------------------------------------------------------------------
[INFO] 
[INFO] ------------------------------------------------------------------------
[INFO] Skipping Camel :: CM SMS
[INFO] This project has been banned from the build due to previous failures.
[INFO] ------------------------------------------------------------------------
[INFO] 
[INFO] ------------------------------------------------------------------------
[INFO] Skipping Camel :: CMIS
[INFO] This project has been banned from the build due to previous failures.
[INFO] ------------------------------------------------------------------------
[INFO] 
[INFO] ------------------------------------------------------------------------
[INFO] Skipping Camel :: CoAP
[INFO] This project has been banned from the build due to previous failures.
[INFO] ------------------------------------------------------------------------
[INFO] 
[INFO] ------------------------------------------------------------------------
[INFO] Skipping Camel :: Cometd
[INFO] This project has been banned from the build due to previous failures.
[INFO] ------------------------------------------------------------------------
[INFO] 
[INFO] ------------------------------------------------------------------------
[INFO] Skipping Camel :: Undertow
[INFO] This project has been banned from the build due to previous failures.
[INFO] ------------------------------------------------------------------------
[INFO] 
[INFO] ------------------------------------------------------------------------
[INFO] Skipping Camel :: Master
[INFO] This project has been banned from the build due to previous failures.
[INFO] ------------------------------------------------------------------------
[INFO] 
[INFO] ------------------------------------------------------------------------
[INFO] Skipping Camel :: Service
[INFO] This project has been banned from the build due to previous failures.
[INFO] ------------------------------------------------------------------------
[INFO] 
[INFO] ------------------------------------------------------------------------
[INFO] Skipping Camel :: Ribbon
[INFO] This project has been banned from the build due to previous failures.
[INFO] ------------------------------------------------------------------------
[INFO] 
[INFO] ------------------------------------------------------------------------
[INFO] Skipping Camel :: Consul
[INFO] This project has been banned from the build due to previous failures.
[INFO] ------------------------------------------------------------------------
[INFO] 
[INFO] ------------------------------------------------------------------------
[INFO] Skipping Camel :: Corda
[INFO] This project has been banned from the build due to previous failures.
[INFO] ------------------------------------------------------------------------
[INFO] 
[INFO] ------------------------------------------------------------------------
[INFO] Skipping Camel :: Couchbase
[INFO] This project has been banned from the build due to previous failures.
[INFO] ------------------------------------------------------------------------
[INFO] 
[INFO] ------------------------------------------------------------------------
[INFO] Skipping Camel :: CouchDB
[INFO] This project has been banned from the build due to previous failures.
[INFO] ------------------------------------------------------------------------
[INFO] 
[INFO] ------------------------------------------------------------------------
[INFO] Skipping Camel :: Crypto CMS (deprecated)
[INFO] This project has been banned from the build due to previous failures.
[INFO] ------------------------------------------------------------------------
[INFO] 
[INFO] ------------------------------------------------------------------------
[INFO] Skipping Camel :: Crypto
[INFO] This project has been banned from the build due to previous failures.
[INFO] ------------------------------------------------------------------------
[INFO] 
[INFO] ------------------------------------------------------------------------
[INFO] Skipping Camel :: CSV
[INFO] This project has been banned from the build due to previous failures.
[INFO] ------------------------------------------------------------------------
[INFO] 
[INFO] ------------------------------------------------------------------------
[INFO] Skipping Camel :: CXF :: Transport
[INFO] This project has been banned from the build due to previous failures.
[INFO] ------------------------------------------------------------------------
[INFO] 
[INFO] ------------------------------------------------------------------------
[INFO] Skipping Camel :: CXF
[INFO] This project has been banned from the build due to previous failures.
[INFO] ------------------------------------------------------------------------
[INFO] 
[INFO] ------------------------------------------------------------------------
[INFO] Skipping Camel :: Debezium :: Parent
[INFO] This project has been banned from the build due to previous failures.
[INFO] ------------------------------------------------------------------------
[INFO] 
[INFO] ------------------------------------------------------------------------
[INFO] Skipping Camel :: Debezium :: Common
[INFO] This project has been banned from the build due to previous failures.
[INFO] ------------------------------------------------------------------------
[INFO] 
[INFO] ------------------------------------------------------------------------
[INFO] Skipping Camel :: Debezium :: Maven plugin
[INFO] This project has been banned from the build due to previous failures.
[INFO] ------------------------------------------------------------------------
[INFO] 
[INFO] ------------------------------------------------------------------------
[INFO] Skipping Camel :: Debezium :: MongoDB
[INFO] This project has been banned from the build due to previous failures.
[INFO] ------------------------------------------------------------------------
[INFO] 
[INFO] ------------------------------------------------------------------------
[INFO] Skipping Camel :: Debezium :: MySQL
[INFO] This project has been banned from the build due to previous failures.
[INFO] ------------------------------------------------------------------------
[INFO] 
[INFO] ------------------------------------------------------------------------
[INFO] Skipping Camel :: Debezium :: PostgreSQL
[INFO] This project has been banned from the build due to previous failures.
[INFO] ------------------------------------------------------------------------
[INFO] 
[INFO] ------------------------------------------------------------------------
[INFO] Skipping Camel :: Debezium :: SQL Server
[INFO] This project has been banned from the build due to previous failures.
[INFO] ------------------------------------------------------------------------
[INFO] 
[INFO] ------------------------------------------------------------------------
[INFO] Skipping Camel :: DigitalOcean
[INFO] This project has been banned from the build due to previous failures.
[INFO] ------------------------------------------------------------------------
[INFO] 
[INFO] ------------------------------------------------------------------------
[INFO] Skipping Camel :: Disruptor
[INFO] This project has been banned from the build due to previous failures.
[INFO] ------------------------------------------------------------------------
[INFO] 
[INFO] ------------------------------------------------------------------------
[INFO] Skipping Camel :: Deep Java Library
[INFO] This project has been banned from the build due to previous failures.
[INFO] ------------------------------------------------------------------------
[INFO] 
[INFO] ------------------------------------------------------------------------
[INFO] Skipping Camel :: DNS
[INFO] This project has been banned from the build due to previous failures.
[INFO] ------------------------------------------------------------------------
[INFO] 
[INFO] ------------------------------------------------------------------------
[INFO] Skipping Camel :: Docker
[INFO] This project has been banned from the build due to previous failures.
[INFO] ------------------------------------------------------------------------
[INFO] 
[INFO] ------------------------------------------------------------------------
[INFO] Skipping Camel :: Dozer
[INFO] This project has been banned from the build due to previous failures.
[INFO] ------------------------------------------------------------------------
[INFO] 
[INFO] ------------------------------------------------------------------------
[INFO] Skipping Camel :: Drill
[INFO] This project has been banned from the build due to previous failures.
[INFO] ------------------------------------------------------------------------
[INFO] 
[INFO] ------------------------------------------------------------------------
[INFO] Skipping Camel :: Dropbox
[INFO] This project has been banned from the build due to previous failures.
[INFO] ------------------------------------------------------------------------
[INFO] 
[INFO] ------------------------------------------------------------------------
[INFO] Skipping Camel :: Ehcache
[INFO] This project has been banned from the build due to previous failures.
[INFO] ------------------------------------------------------------------------
[INFO] 
[INFO] ------------------------------------------------------------------------
[INFO] Skipping Camel :: ElasticSearch REST
[INFO] This project has been banned from the build due to previous failures.
[INFO] ------------------------------------------------------------------------
[INFO] 
[INFO] ------------------------------------------------------------------------
[INFO] Skipping Camel :: SQL
[INFO] This project has been banned from the build due to previous failures.
[INFO] ------------------------------------------------------------------------
[INFO] 
[INFO] ------------------------------------------------------------------------
[INFO] Skipping Camel :: ElSql
[INFO] This project has been banned from the build due to previous failures.
[INFO] ------------------------------------------------------------------------
[INFO] 
[INFO] ------------------------------------------------------------------------
[INFO] Skipping Camel :: Elytron
[INFO] This project has been banned from the build due to previous failures.
[INFO] ------------------------------------------------------------------------
[INFO] 
[INFO] ------------------------------------------------------------------------
[INFO] Skipping Camel :: Etcd
[INFO] This project has been banned from the build due to previous failures.
[INFO] ------------------------------------------------------------------------
[INFO] 
[INFO] ------------------------------------------------------------------------
[INFO] Skipping Camel :: Exec
[INFO] This project has been banned from the build due to previous failures.
[INFO] ------------------------------------------------------------------------
[INFO] 
[INFO] ------------------------------------------------------------------------
[INFO] Skipping Camel :: Facebook
[INFO] This project has been banned from the build due to previous failures.
[INFO] ------------------------------------------------------------------------
[INFO] 
[INFO] ------------------------------------------------------------------------
[INFO] Skipping Camel :: Fastjson
[INFO] This project has been banned from the build due to previous failures.
[INFO] ------------------------------------------------------------------------
[INFO] 
[INFO] ------------------------------------------------------------------------
[INFO] Skipping Camel :: FHIR :: Parent
[INFO] This project has been banned from the build due to previous failures.
[INFO] ------------------------------------------------------------------------
[INFO] 
[INFO] ------------------------------------------------------------------------
[INFO] Skipping Camel :: FHIR :: API
[INFO] This project has been banned from the build due to previous failures.
[INFO] ------------------------------------------------------------------------
[INFO] 
[INFO] ------------------------------------------------------------------------
[INFO] Skipping Camel :: Netty
[INFO] This project has been banned from the build due to previous failures.
[INFO] ------------------------------------------------------------------------
[INFO] 
[INFO] ------------------------------------------------------------------------
[INFO] Skipping Camel :: MINA
[INFO] This project has been banned from the build due to previous failures.
[INFO] ------------------------------------------------------------------------
[INFO] 
[INFO] ------------------------------------------------------------------------
[INFO] Skipping Camel :: HL7
[INFO] This project has been banned from the build due to previous failures.
[INFO] ------------------------------------------------------------------------
[INFO] 
[INFO] ------------------------------------------------------------------------
[INFO] Skipping Camel :: FHIR
[INFO] This project has been banned from the build due to previous failures.
[INFO] ------------------------------------------------------------------------
[INFO] 
[INFO] ------------------------------------------------------------------------
[INFO] Skipping Camel :: File Watch
[INFO] This project has been banned from the build due to previous failures.
[INFO] ------------------------------------------------------------------------
[INFO] 
[INFO] ------------------------------------------------------------------------
[INFO] Skipping Camel :: FlatPack
[INFO] This project has been banned from the build due to previous failures.
[INFO] ------------------------------------------------------------------------
[INFO] 
[INFO] ------------------------------------------------------------------------
[INFO] Skipping Camel :: Flink
[INFO] This project has been banned from the build due to previous failures.
[INFO] ------------------------------------------------------------------------
[INFO] 
[INFO] ------------------------------------------------------------------------
[INFO] Skipping Camel :: FOP
[INFO] This project has been banned from the build due to previous failures.
[INFO] ------------------------------------------------------------------------
[INFO] 
[INFO] ------------------------------------------------------------------------
[INFO] Skipping Camel :: Freemarker
[INFO] This project has been banned from the build due to previous failures.
[INFO] ------------------------------------------------------------------------
[INFO] 
[INFO] ------------------------------------------------------------------------
[INFO] Skipping Camel :: SSH
[INFO] This project has been banned from the build due to previous failures.
[INFO] ------------------------------------------------------------------------
[INFO] 
[INFO] ------------------------------------------------------------------------
[INFO] Skipping Camel :: FTP
[INFO] This project has been banned from the build due to previous failures.
[INFO] ------------------------------------------------------------------------
[INFO] 
[INFO] ------------------------------------------------------------------------
[INFO] Skipping Camel :: Ganglia
[INFO] This project has been banned from the build due to previous failures.
[INFO] ------------------------------------------------------------------------
[INFO] 
[INFO] ------------------------------------------------------------------------
[INFO] Skipping Camel :: Geocoder
[INFO] This project has been banned from the build due to previous failures.
[INFO] ------------------------------------------------------------------------
[INFO] 
[INFO] ------------------------------------------------------------------------
[INFO] Skipping Camel :: Git
[INFO] This project has been banned from the build due to previous failures.
[INFO] ------------------------------------------------------------------------
[INFO] 
[INFO] ------------------------------------------------------------------------
[INFO] Skipping Camel :: GitHub
[INFO] This project has been banned from the build due to previous failures.
[INFO] ------------------------------------------------------------------------
[INFO] 
[INFO] ------------------------------------------------------------------------
[INFO] Skipping Camel :: Google BigQuery
[INFO] This project has been banned from the build due to previous failures.
[INFO] ------------------------------------------------------------------------
[INFO] 
[INFO] ------------------------------------------------------------------------
[INFO] Skipping Camel :: Google Calendar
[INFO] This project has been banned from the build due to previous failures.
[INFO] ------------------------------------------------------------------------
[INFO] 
[INFO] ------------------------------------------------------------------------
[INFO] Skipping Camel :: Google Drive
[INFO] This project has been banned from the build due to previous failures.
[INFO] ------------------------------------------------------------------------
[INFO] 
[INFO] ------------------------------------------------------------------------
[INFO] Skipping Camel :: Google Mail
[INFO] This project has been banned from the build due to previous failures.
[INFO] ------------------------------------------------------------------------
[INFO] 
[INFO] ------------------------------------------------------------------------
[INFO] Skipping Camel :: Google PubSub
[INFO] This project has been banned from the build due to previous failures.
[INFO] ------------------------------------------------------------------------
[INFO] 
[INFO] ------------------------------------------------------------------------
[INFO] Skipping Camel :: Google Sheets
[INFO] This project has been banned from the build due to previous failures.
[INFO] ------------------------------------------------------------------------
[INFO] 
[INFO] ------------------------------------------------------------------------
[INFO] Skipping Camel :: Gora
[INFO] This project has been banned from the build due to previous failures.
[INFO] ------------------------------------------------------------------------
[INFO] 
[INFO] ------------------------------------------------------------------------
[INFO] Skipping Camel :: Stream
[INFO] This project has been banned from the build due to previous failures.
[INFO] ------------------------------------------------------------------------
[INFO] 
[INFO] ------------------------------------------------------------------------
[INFO] Skipping Camel :: Grape
[INFO] This project has been banned from the build due to previous failures.
[INFO] ------------------------------------------------------------------------
[INFO] 
[INFO] ------------------------------------------------------------------------
[INFO] Skipping Camel :: GraphQL
[INFO] This project has been banned from the build due to previous failures.
[INFO] ------------------------------------------------------------------------
[INFO] 
[INFO] ------------------------------------------------------------------------
[INFO] Skipping Camel :: Grok
[INFO] This project has been banned from the build due to previous failures.
[INFO] ------------------------------------------------------------------------
[INFO] 
[INFO] ------------------------------------------------------------------------
[INFO] Skipping Camel :: Groovy
[INFO] This project has been banned from the build due to previous failures.
[INFO] ------------------------------------------------------------------------
[INFO] 
[INFO] ------------------------------------------------------------------------
[INFO] Skipping Camel :: gRPC
[INFO] This project has been banned from the build due to previous failures.
[INFO] ------------------------------------------------------------------------
[INFO] 
[INFO] ------------------------------------------------------------------------
[INFO] Skipping Camel :: Gson
[INFO] This project has been banned from the build due to previous failures.
[INFO] ------------------------------------------------------------------------
[INFO] 
[INFO] ------------------------------------------------------------------------
[INFO] Skipping Camel :: Guava-EventBus
[INFO] This project has been banned from the build due to previous failures.
[INFO] ------------------------------------------------------------------------
[INFO] 
[INFO] ------------------------------------------------------------------------
[INFO] Skipping Camel :: HazelCast
[INFO] This project has been banned from the build due to previous failures.
[INFO] ------------------------------------------------------------------------
[INFO] 
[INFO] ------------------------------------------------------------------------
[INFO] Skipping Camel :: Hbase
[INFO] This project has been banned from the build due to previous failures.
[INFO] ------------------------------------------------------------------------
[INFO] 
[INFO] ------------------------------------------------------------------------
[INFO] Skipping Camel :: HDFS
[INFO] This project has been banned from the build due to previous failures.
[INFO] ------------------------------------------------------------------------
[INFO] 
[INFO] ------------------------------------------------------------------------
[INFO] Skipping Camel :: Hipchat
[INFO] This project has been banned from the build due to previous failures.
[INFO] ------------------------------------------------------------------------
[INFO] 
[INFO] ------------------------------------------------------------------------
[INFO] Skipping Camel :: iCal
[INFO] This project has been banned from the build due to previous failures.
[INFO] ------------------------------------------------------------------------
[INFO] 
[INFO] ------------------------------------------------------------------------
[INFO] Skipping Camel :: IEC 60870
[INFO] This project has been banned from the build due to previous failures.
[INFO] ------------------------------------------------------------------------
[INFO] 
[INFO] ------------------------------------------------------------------------
[INFO] Skipping Camel :: Ignite
[INFO] This project has been banned from the build due to previous failures.
[INFO] ------------------------------------------------------------------------
[INFO] 
[INFO] ------------------------------------------------------------------------
[INFO] Skipping Camel :: Infinispan
[INFO] This project has been banned from the build due to previous failures.
[INFO] ------------------------------------------------------------------------
[INFO] 
[INFO] ------------------------------------------------------------------------
[INFO] Skipping Camel :: InfluxDB
[INFO] This project has been banned from the build due to previous failures.
[INFO] ------------------------------------------------------------------------
[INFO] 
[INFO] ------------------------------------------------------------------------
[INFO] Skipping Camel :: IOTA
[INFO] This project has been banned from the build due to previous failures.
[INFO] ------------------------------------------------------------------------
[INFO] 
[INFO] ------------------------------------------------------------------------
[INFO] Skipping Camel :: IPFS
[INFO] This project has been banned from the build due to previous failures.
[INFO] ------------------------------------------------------------------------
[INFO] 
[INFO] ------------------------------------------------------------------------
[INFO] Skipping Camel :: IRC
[INFO] This project has been banned from the build due to previous failures.
[INFO] ------------------------------------------------------------------------
[INFO] 
[INFO] ------------------------------------------------------------------------
[INFO] Skipping Camel :: IronMQ
[INFO] This project has been banned from the build due to previous failures.
[INFO] ------------------------------------------------------------------------
[INFO] 
[INFO] ------------------------------------------------------------------------
[INFO] Skipping Camel :: Jackson XML
[INFO] This project has been banned from the build due to previous failures.
[INFO] ------------------------------------------------------------------------
[INFO] 
[INFO] ------------------------------------------------------------------------
[INFO] Skipping Camel :: JBPM
[INFO] This project has been banned from the build due to previous failures.
[INFO] ------------------------------------------------------------------------
[INFO] 
[INFO] ------------------------------------------------------------------------
[INFO] Skipping Camel :: JCache
[INFO] This project has been banned from the build due to previous failures.
[INFO] ------------------------------------------------------------------------
[INFO] 
[INFO] ------------------------------------------------------------------------
[INFO] Skipping Camel :: JClouds
[INFO] This project has been banned from the build due to previous failures.
[INFO] ------------------------------------------------------------------------
[INFO] 
[INFO] ------------------------------------------------------------------------
[INFO] Skipping Camel :: JCR
[INFO] This project has been banned from the build due to previous failures.
[INFO] ------------------------------------------------------------------------
[INFO] 
[INFO] ------------------------------------------------------------------------
[INFO] Skipping Camel :: JGroups Raft
[INFO] This project has been banned from the build due to previous failures.
[INFO] ------------------------------------------------------------------------
[INFO] 
[INFO] ------------------------------------------------------------------------
[INFO] Skipping Camel :: JGroups
[INFO] This project has been banned from the build due to previous failures.
[INFO] ------------------------------------------------------------------------
[INFO] 
[INFO] ------------------------------------------------------------------------
[INFO] Skipping Camel :: Jing
[INFO] This project has been banned from the build due to previous failures.
[INFO] ------------------------------------------------------------------------
[INFO] 
[INFO] ------------------------------------------------------------------------
[INFO] Skipping Camel :: JIRA
[INFO] This project has been banned from the build due to previous failures.
[INFO] ------------------------------------------------------------------------
[INFO] 
[INFO] ------------------------------------------------------------------------
[INFO] Skipping Camel :: JMX
[INFO] This project has been banned from the build due to previous failures.
[INFO] ------------------------------------------------------------------------
[INFO] 
[INFO] ------------------------------------------------------------------------
[INFO] Skipping Camel :: Johnzon
[INFO] This project has been banned from the build due to previous failures.
[INFO] ------------------------------------------------------------------------
[INFO] 
[INFO] ------------------------------------------------------------------------
[INFO] Skipping Camel :: Jolt
[INFO] This project has been banned from the build due to previous failures.
[INFO] ------------------------------------------------------------------------
[INFO] 
[INFO] ------------------------------------------------------------------------
[INFO] Skipping Camel :: JOOQ
[INFO] This project has been banned from the build due to previous failures.
[INFO] ------------------------------------------------------------------------
[INFO] 
[INFO] ------------------------------------------------------------------------
[INFO] Skipping Camel :: JPA
[INFO] This project has been banned from the build due to previous failures.
[INFO] ------------------------------------------------------------------------
[INFO] 
[INFO] ------------------------------------------------------------------------
[INFO] Skipping Camel :: Jsch
[INFO] This project has been banned from the build due to previous failures.
[INFO] ------------------------------------------------------------------------
[INFO] 
[INFO] ------------------------------------------------------------------------
[INFO] Skipping Camel :: Jslt
[INFO] This project has been banned from the build due to previous failures.
[INFO] ------------------------------------------------------------------------
[INFO] 
[INFO] ------------------------------------------------------------------------
[INFO] Skipping Camel :: JSON validator
[INFO] This project has been banned from the build due to previous failures.
[INFO] ------------------------------------------------------------------------
[INFO] 
[INFO] ------------------------------------------------------------------------
[INFO] Skipping Camel :: JSonApi
[INFO] This project has been banned from the build due to previous failures.
[INFO] ------------------------------------------------------------------------
[INFO] 
[INFO] ------------------------------------------------------------------------
[INFO] Skipping Camel :: JSONATA
[INFO] This project has been banned from the build due to previous failures.
[INFO] ------------------------------------------------------------------------
[INFO] 
[INFO] ------------------------------------------------------------------------
[INFO] Skipping Camel :: JSon Path
[INFO] This project has been banned from the build due to previous failures.
[INFO] ------------------------------------------------------------------------
[INFO] 
[INFO] ------------------------------------------------------------------------
[INFO] Skipping Camel :: Java Toolbox for AS/400
[INFO] This project has been banned from the build due to previous failures.
[INFO] ------------------------------------------------------------------------
[INFO] 
[INFO] ------------------------------------------------------------------------
[INFO] Skipping Camel :: Kafka
[INFO] This project has been banned from the build due to previous failures.
[INFO] ------------------------------------------------------------------------
[INFO] 
[INFO] ------------------------------------------------------------------------
[INFO] Skipping Camel :: Kubernetes
[INFO] This project has been banned from the build due to previous failures.
[INFO] ------------------------------------------------------------------------
[INFO] 
[INFO] ------------------------------------------------------------------------
[INFO] Skipping Camel :: Kudu
[INFO] This project has been banned from the build due to previous failures.
[INFO] ------------------------------------------------------------------------
[INFO] 
[INFO] ------------------------------------------------------------------------
[INFO] Skipping Camel :: LDAP
[INFO] This project has been banned from the build due to previous failures.
[INFO] ------------------------------------------------------------------------
[INFO] 
[INFO] ------------------------------------------------------------------------
[INFO] Skipping Camel :: LDIF
[INFO] This project has been banned from the build due to previous failures.
[INFO] ------------------------------------------------------------------------
[INFO] 
[INFO] ------------------------------------------------------------------------
[INFO] Skipping Camel :: Lucene
[INFO] This project has been banned from the build due to previous failures.
[INFO] ------------------------------------------------------------------------
[INFO] 
[INFO] ------------------------------------------------------------------------
[INFO] Skipping Camel :: Lumberjack
[INFO] This project has been banned from the build due to previous failures.
[INFO] ------------------------------------------------------------------------
[INFO] 
[INFO] ------------------------------------------------------------------------
[INFO] Skipping Camel :: LZF
[INFO] This project has been banned from the build due to previous failures.
[INFO] ------------------------------------------------------------------------
[INFO] 
[INFO] ------------------------------------------------------------------------
[INFO] Skipping Camel :: Quartz
[INFO] This project has been banned from the build due to previous failures.
[INFO] ------------------------------------------------------------------------
[INFO] 
[INFO] ------------------------------------------------------------------------
[INFO] Skipping Camel :: Mail
[INFO] This project has been banned from the build due to previous failures.
[INFO] ------------------------------------------------------------------------
[INFO] 
[INFO] ------------------------------------------------------------------------
[INFO] Skipping Camel :: Metrics
[INFO] This project has been banned from the build due to previous failures.
[INFO] ------------------------------------------------------------------------
[INFO] 
[INFO] ------------------------------------------------------------------------
[INFO] Skipping Camel :: Micrometer
[INFO] This project has been banned from the build due to previous failures.
[INFO] ------------------------------------------------------------------------
[INFO] 
[INFO] ------------------------------------------------------------------------
[INFO] Skipping Camel :: MicroProfile Metrics
[INFO] This project has been banned from the build due to previous failures.
[INFO] ------------------------------------------------------------------------
[INFO] 
[INFO] ------------------------------------------------------------------------
[INFO] Skipping Camel :: Milo
[INFO] This project has been banned from the build due to previous failures.
[INFO] ------------------------------------------------------------------------
[INFO] 
[INFO] ------------------------------------------------------------------------
[INFO] Skipping Camel :: Test
[INFO] This project has been banned from the build due to previous failures.
[INFO] ------------------------------------------------------------------------
[INFO] 
[INFO] ------------------------------------------------------------------------
[INFO] Skipping Camel :: MinIO
[INFO] This project has been banned from the build due to previous failures.
[INFO] ------------------------------------------------------------------------
[INFO] 
[INFO] ------------------------------------------------------------------------
[INFO] Skipping Camel :: Simple JMS
[INFO] This project has been banned from the build due to previous failures.
[INFO] ------------------------------------------------------------------------
[INFO] 
[INFO] ------------------------------------------------------------------------
[INFO] Skipping Camel :: MLLP
[INFO] This project has been banned from the build due to previous failures.
[INFO] ------------------------------------------------------------------------
[INFO] 
[INFO] ------------------------------------------------------------------------
[INFO] Skipping Camel :: MongoDB GridFS
[INFO] This project has been banned from the build due to previous failures.
[INFO] ------------------------------------------------------------------------
[INFO] 
[INFO] ------------------------------------------------------------------------
[INFO] Skipping Camel :: MongoDB
[INFO] This project has been banned from the build due to previous failures.
[INFO] ------------------------------------------------------------------------
[INFO] 
[INFO] ------------------------------------------------------------------------
[INFO] Skipping Camel :: MSV
[INFO] This project has been banned from the build due to previous failures.
[INFO] ------------------------------------------------------------------------
[INFO] 
[INFO] ------------------------------------------------------------------------
[INFO] Skipping Camel :: Mustache
[INFO] This project has been banned from the build due to previous failures.
[INFO] ------------------------------------------------------------------------
[INFO] 
[INFO] ------------------------------------------------------------------------
[INFO] Skipping Camel :: MVEL
[INFO] This project has been banned from the build due to previous failures.
[INFO] ------------------------------------------------------------------------
[INFO] 
[INFO] ------------------------------------------------------------------------
[INFO] Skipping Camel :: MyBatis
[INFO] This project has been banned from the build due to previous failures.
[INFO] ------------------------------------------------------------------------
[INFO] 
[INFO] ------------------------------------------------------------------------
[INFO] Skipping Camel :: Nagios
[INFO] This project has been banned from the build due to previous failures.
[INFO] ------------------------------------------------------------------------
[INFO] 
[INFO] ------------------------------------------------------------------------
[INFO] Skipping Camel :: Nats
[INFO] This project has been banned from the build due to previous failures.
[INFO] ------------------------------------------------------------------------
[INFO] 
[INFO] ------------------------------------------------------------------------
[INFO] Skipping Camel :: Netty HTTP
[INFO] This project has been banned from the build due to previous failures.
[INFO] ------------------------------------------------------------------------
[INFO] 
[INFO] ------------------------------------------------------------------------
[INFO] Skipping Camel :: Nitrite
[INFO] This project has been banned from the build due to previous failures.
[INFO] ------------------------------------------------------------------------
[INFO] 
[INFO] ------------------------------------------------------------------------
[INFO] Skipping Camel :: NSQ
[INFO] This project has been banned from the build due to previous failures.
[INFO] ------------------------------------------------------------------------
[INFO] 
[INFO] ------------------------------------------------------------------------
[INFO] Skipping Camel :: OAIPMH
[INFO] This project has been banned from the build due to previous failures.
[INFO] ------------------------------------------------------------------------
[INFO] 
[INFO] ------------------------------------------------------------------------
[INFO] Skipping Camel :: OGNL
[INFO] This project has been banned from the build due to previous failures.
[INFO] ------------------------------------------------------------------------
[INFO] 
[INFO] ------------------------------------------------------------------------
[INFO] Skipping Camel :: Olingo2 :: Parent
[INFO] This project has been banned from the build due to previous failures.
[INFO] ------------------------------------------------------------------------
[INFO] 
[INFO] ------------------------------------------------------------------------
[INFO] Skipping Camel :: Olingo2 :: API
[INFO] This project has been banned from the build due to previous failures.
[INFO] ------------------------------------------------------------------------
[INFO] 
[INFO] ------------------------------------------------------------------------
[INFO] Skipping Camel :: Olingo2 :: Component
[INFO] This project has been banned from the build due to previous failures.
[INFO] ------------------------------------------------------------------------
[INFO] 
[INFO] ------------------------------------------------------------------------
[INFO] Skipping Camel :: Olingo4 :: Parent
[INFO] This project has been banned from the build due to previous failures.
[INFO] ------------------------------------------------------------------------
[INFO] 
[INFO] ------------------------------------------------------------------------
[INFO] Skipping Camel :: Olingo4 :: API
[INFO] This project has been banned from the build due to previous failures.
[INFO] ------------------------------------------------------------------------
[INFO] 
[INFO] ------------------------------------------------------------------------
[INFO] Skipping Camel :: Olingo4 :: Component
[INFO] This project has been banned from the build due to previous failures.
[INFO] ------------------------------------------------------------------------
[INFO] 
[INFO] ------------------------------------------------------------------------
[INFO] Skipping Camel :: OpenStack
[INFO] This project has been banned from the build due to previous failures.
[INFO] ------------------------------------------------------------------------
[INFO] 
[INFO] ------------------------------------------------------------------------
[INFO] Skipping Camel :: OptaPlanner
[INFO] This project has been banned from the build due to previous failures.
[INFO] ------------------------------------------------------------------------
[INFO] 
[INFO] ------------------------------------------------------------------------
[INFO] Skipping Camel :: Paho
[INFO] This project has been banned from the build due to previous failures.
[INFO] ------------------------------------------------------------------------
[INFO] 
[INFO] ------------------------------------------------------------------------
[INFO] Skipping Camel :: PDF
[INFO] This project has been banned from the build due to previous failures.
[INFO] ------------------------------------------------------------------------
[INFO] 
[INFO] ------------------------------------------------------------------------
[INFO] Skipping Camel :: PgReplicationSlot
[INFO] This project has been banned from the build due to previous failures.
[INFO] ------------------------------------------------------------------------
[INFO] 
[INFO] ------------------------------------------------------------------------
[INFO] Skipping Camel :: PgEvent
[INFO] This project has been banned from the build due to previous failures.
[INFO] ------------------------------------------------------------------------
[INFO] 
[INFO] ------------------------------------------------------------------------
[INFO] Skipping Camel :: Platform HTTP
[INFO] This project has been banned from the build due to previous failures.
[INFO] ------------------------------------------------------------------------
[INFO] 
[INFO] ------------------------------------------------------------------------
[INFO] Skipping Camel :: Platform HTTP :: Vert.x
[INFO] This project has been banned from the build due to previous failures.
[INFO] ------------------------------------------------------------------------
[INFO] 
[INFO] ------------------------------------------------------------------------
[INFO] Skipping Camel :: Printer
[INFO] This project has been banned from the build due to previous failures.
[INFO] ------------------------------------------------------------------------
[INFO] 
[INFO] ------------------------------------------------------------------------
[INFO] Skipping Camel :: Protobuf
[INFO] This project has been banned from the build due to previous failures.
[INFO] ------------------------------------------------------------------------
[INFO] 
[INFO] ------------------------------------------------------------------------
[INFO] Skipping Camel :: PubNub
[INFO] This project has been banned from the build due to previous failures.
[INFO] ------------------------------------------------------------------------
[INFO] 
[INFO] ------------------------------------------------------------------------
[INFO] Skipping Camel :: Pulsar
[INFO] This project has been banned from the build due to previous failures.
[INFO] ------------------------------------------------------------------------
[INFO] 
[INFO] ------------------------------------------------------------------------
[INFO] Skipping Camel :: QuickFIX/J
[INFO] This project has been banned from the build due to previous failures.
[INFO] ------------------------------------------------------------------------
[INFO] 
[INFO] ------------------------------------------------------------------------
[INFO] Skipping Camel :: RabbitMQ
[INFO] This project has been banned from the build due to previous failures.
[INFO] ------------------------------------------------------------------------
[INFO] 
[INFO] ------------------------------------------------------------------------
[INFO] Skipping Camel :: Reactive Streams
[INFO] This project has been banned from the build due to previous failures.
[INFO] ------------------------------------------------------------------------
[INFO] 
[INFO] ------------------------------------------------------------------------
[INFO] Skipping Camel :: REST OpenApi
[INFO] This project has been banned from the build due to previous failures.
[INFO] ------------------------------------------------------------------------
[INFO] 
[INFO] ------------------------------------------------------------------------
[INFO] Skipping Camel :: REST Swagger
[INFO] This project has been banned from the build due to previous failures.
[INFO] ------------------------------------------------------------------------
[INFO] 
[INFO] ------------------------------------------------------------------------
[INFO] Skipping Camel :: Resteasy
[INFO] This project has been banned from the build due to previous failures.
[INFO] ------------------------------------------------------------------------
[INFO] 
[INFO] ------------------------------------------------------------------------
[INFO] Skipping Camel :: RobotFramework
[INFO] This project has been banned from the build due to previous failures.
[INFO] ------------------------------------------------------------------------
[INFO] 
[INFO] ------------------------------------------------------------------------
[INFO] Skipping Camel :: RSS
[INFO] This project has been banned from the build due to previous failures.
[INFO] ------------------------------------------------------------------------
[INFO] 
[INFO] ------------------------------------------------------------------------
[INFO] Skipping Camel :: Salesforce :: Parent
[INFO] This project has been banned from the build due to previous failures.
[INFO] ------------------------------------------------------------------------
[INFO] 
[INFO] ------------------------------------------------------------------------
[INFO] Skipping Camel :: Salesforce
[INFO] This project has been banned from the build due to previous failures.
[INFO] ------------------------------------------------------------------------
[INFO] 
[INFO] ------------------------------------------------------------------------
[INFO] Skipping Camel :: Velocity
[INFO] This project has been banned from the build due to previous failures.
[INFO] ------------------------------------------------------------------------
[INFO] 
[INFO] ------------------------------------------------------------------------
[INFO] Skipping Camel :: SAP NetWeaver
[INFO] This project has been banned from the build due to previous failures.
[INFO] ------------------------------------------------------------------------
[INFO] 
[INFO] ------------------------------------------------------------------------
[INFO] Skipping Camel :: XSLT Saxon
[INFO] This project has been banned from the build due to previous failures.
[INFO] ------------------------------------------------------------------------
[INFO] 
[INFO] ------------------------------------------------------------------------
[INFO] Skipping Camel :: Saxon
[INFO] This project has been banned from the build due to previous failures.
[INFO] ------------------------------------------------------------------------
[INFO] 
[INFO] ------------------------------------------------------------------------
[INFO] Skipping Camel :: Schematron
[INFO] This project has been banned from the build due to previous failures.
[INFO] ------------------------------------------------------------------------
[INFO] 
[INFO] ------------------------------------------------------------------------
[INFO] Skipping Camel :: ServiceNow :: Parent
[INFO] This project has been banned from the build due to previous failures.
[INFO] ------------------------------------------------------------------------
[INFO] 
[INFO] ------------------------------------------------------------------------
[INFO] Skipping Camel :: ServiceNow :: Component
[INFO] This project has been banned from the build due to previous failures.
[INFO] ------------------------------------------------------------------------
[INFO] 
[INFO] ------------------------------------------------------------------------
[INFO] Skipping Camel :: SIP
[INFO] This project has been banned from the build due to previous failures.
[INFO] ------------------------------------------------------------------------
[INFO] 
[INFO] ------------------------------------------------------------------------
[INFO] Skipping Camel :: Simple JMS2
[INFO] This project has been banned from the build due to previous failures.
[INFO] ------------------------------------------------------------------------
[INFO] 
[INFO] ------------------------------------------------------------------------
[INFO] Skipping Camel :: Slack
[INFO] This project has been banned from the build due to previous failures.
[INFO] ------------------------------------------------------------------------
[INFO] 
[INFO] ------------------------------------------------------------------------
[INFO] Skipping Camel :: SMPP
[INFO] This project has been banned from the build due to previous failures.
[INFO] ------------------------------------------------------------------------
[INFO] 
[INFO] ------------------------------------------------------------------------
[INFO] Skipping Camel :: SnakeYAML
[INFO] This project has been banned from the build due to previous failures.
[INFO] ------------------------------------------------------------------------
[INFO] 
[INFO] ------------------------------------------------------------------------
[INFO] Skipping Camel :: SNMP
[INFO] This project has been banned from the build due to previous failures.
[INFO] ------------------------------------------------------------------------
[INFO] 
[INFO] ------------------------------------------------------------------------
[INFO] Skipping Camel :: SOAP
[INFO] This project has been banned from the build due to previous failures.
[INFO] ------------------------------------------------------------------------
[INFO] 
[INFO] ------------------------------------------------------------------------
[INFO] Skipping Camel :: Solr
[INFO] This project has been banned from the build due to previous failures.
[INFO] ------------------------------------------------------------------------
[INFO] 
[INFO] ------------------------------------------------------------------------
[INFO] Skipping Camel :: Soroush
[INFO] This project has been banned from the build due to previous failures.
[INFO] ------------------------------------------------------------------------
[INFO] 
[INFO] ------------------------------------------------------------------------
[INFO] Skipping Camel :: Apache Spark
[INFO] This project has been banned from the build due to previous failures.
[INFO] ------------------------------------------------------------------------
[INFO] 
[INFO] ------------------------------------------------------------------------
[INFO] Skipping Camel :: Splunk HEC
[INFO] This project has been banned from the build due to previous failures.
[INFO] ------------------------------------------------------------------------
[INFO] 
[INFO] ------------------------------------------------------------------------
[INFO] Skipping Camel :: Splunk
[INFO] This project has been banned from the build due to previous failures.
[INFO] ------------------------------------------------------------------------
[INFO] 
[INFO] ------------------------------------------------------------------------
[INFO] Skipping Camel :: Spring Batch
[INFO] This project has been banned from the build due to previous failures.
[INFO] ------------------------------------------------------------------------
[INFO] 
[INFO] ------------------------------------------------------------------------
[INFO] Skipping Camel :: Spring Integration
[INFO] This project has been banned from the build due to previous failures.
[INFO] ------------------------------------------------------------------------
[INFO] 
[INFO] ------------------------------------------------------------------------
[INFO] Skipping Camel :: Spring LDAP
[INFO] This project has been banned from the build due to previous failures.
[INFO] ------------------------------------------------------------------------
[INFO] 
[INFO] ------------------------------------------------------------------------
[INFO] Skipping Camel :: Redis
[INFO] This project has been banned from the build due to previous failures.
[INFO] ------------------------------------------------------------------------
[INFO] 
[INFO] ------------------------------------------------------------------------
[INFO] Skipping Camel :: Spring Web Services
[INFO] This project has been banned from the build due to previous failures.
[INFO] ------------------------------------------------------------------------
[INFO] 
[INFO] ------------------------------------------------------------------------
[INFO] Skipping Camel :: StAX
[INFO] This project has been banned from the build due to previous failures.
[INFO] ------------------------------------------------------------------------
[INFO] 
[INFO] ------------------------------------------------------------------------
[INFO] Skipping Camel :: Stomp
[INFO] This project has been banned from the build due to previous failures.
[INFO] ------------------------------------------------------------------------
[INFO] 
[INFO] ------------------------------------------------------------------------
[INFO] Skipping Camel :: StringTemplate
[INFO] This project has been banned from the build due to previous failures.
[INFO] ------------------------------------------------------------------------
[INFO] 
[INFO] ------------------------------------------------------------------------
[INFO] Skipping Camel :: Syslog
[INFO] This project has been banned from the build due to previous failures.
[INFO] ------------------------------------------------------------------------
[INFO] 
[INFO] ------------------------------------------------------------------------
[INFO] Skipping Camel :: TagSoup
[INFO] This project has been banned from the build due to previous failures.
[INFO] ------------------------------------------------------------------------
[INFO] 
[INFO] ------------------------------------------------------------------------
[INFO] Skipping Camel :: Tar File
[INFO] This project has been banned from the build due to previous failures.
[INFO] ------------------------------------------------------------------------
[INFO] 
[INFO] ------------------------------------------------------------------------
[INFO] Skipping Camel :: Webhook
[INFO] This project has been banned from the build due to previous failures.
[INFO] ------------------------------------------------------------------------
[INFO] 
[INFO] ------------------------------------------------------------------------
[INFO] Skipping Camel :: Telegram
[INFO] This project has been banned from the build due to previous failures.
[INFO] ------------------------------------------------------------------------
[INFO] 
[INFO] ------------------------------------------------------------------------
[INFO] Skipping Camel :: Thrift
[INFO] This project has been banned from the build due to previous failures.
[INFO] ------------------------------------------------------------------------
[INFO] 
[INFO] ------------------------------------------------------------------------
[INFO] Skipping Camel :: Tika
[INFO] This project has been banned from the build due to previous failures.
[INFO] ------------------------------------------------------------------------
[INFO] 
[INFO] ------------------------------------------------------------------------
[INFO] Skipping Camel :: Twilio
[INFO] This project has been banned from the build due to previous failures.
[INFO] ------------------------------------------------------------------------
[INFO] 
[INFO] ------------------------------------------------------------------------
[INFO] Skipping Camel :: Twitter
[INFO] This project has been banned from the build due to previous failures.
[INFO] ------------------------------------------------------------------------
[INFO] 
[INFO] ------------------------------------------------------------------------
[INFO] Skipping Camel :: UniVocity Parsers
[INFO] This project has been banned from the build due to previous failures.
[INFO] ------------------------------------------------------------------------
[INFO] 
[INFO] ------------------------------------------------------------------------
[INFO] Skipping Camel :: OpenApi Java
[INFO] This project has been banned from the build due to previous failures.
[INFO] ------------------------------------------------------------------------
[INFO] 
[INFO] ------------------------------------------------------------------------
[INFO] Skipping Camel :: Vert.x :: HTTP
[INFO] This project has been banned from the build due to previous failures.
[INFO] ------------------------------------------------------------------------
[INFO] 
[INFO] ------------------------------------------------------------------------
[INFO] Skipping Camel :: Vert.x :: WebSocket
[INFO] This project has been banned from the build due to previous failures.
[INFO] ------------------------------------------------------------------------
[INFO] 
[INFO] ------------------------------------------------------------------------
[INFO] Skipping Camel :: Vertx
[INFO] This project has been banned from the build due to previous failures.
[INFO] ------------------------------------------------------------------------
[INFO] 
[INFO] ------------------------------------------------------------------------
[INFO] Skipping Camel :: Weather
[INFO] This project has been banned from the build due to previous failures.
[INFO] ------------------------------------------------------------------------
[INFO] 
[INFO] ------------------------------------------------------------------------
[INFO] Skipping Camel :: Web3j
[INFO] This project has been banned from the build due to previous failures.
[INFO] ------------------------------------------------------------------------
[INFO] 
[INFO] ------------------------------------------------------------------------
[INFO] Skipping Camel :: WebSocket JSR356
[INFO] This project has been banned from the build due to previous failures.
[INFO] ------------------------------------------------------------------------
[INFO] 
[INFO] ------------------------------------------------------------------------
[INFO] Skipping Camel :: WebSocket
[INFO] This project has been banned from the build due to previous failures.
[INFO] ------------------------------------------------------------------------
[INFO] 
[INFO] ------------------------------------------------------------------------
[INFO] Skipping Camel :: Weka
[INFO] This project has been banned from the build due to previous failures.
[INFO] ------------------------------------------------------------------------
[INFO] 
[INFO] ------------------------------------------------------------------------
[INFO] Skipping Camel :: Wordpress
[INFO] This project has been banned from the build due to previous failures.
[INFO] ------------------------------------------------------------------------
[INFO] 
[INFO] ------------------------------------------------------------------------
[INFO] Skipping Camel :: Workday
[INFO] This project has been banned from the build due to previous failures.
[INFO] ------------------------------------------------------------------------
[INFO] 
[INFO] ------------------------------------------------------------------------
[INFO] Skipping Camel :: XChange
[INFO] This project has been banned from the build due to previous failures.
[INFO] ------------------------------------------------------------------------
[INFO] 
[INFO] ------------------------------------------------------------------------
[INFO] Skipping Camel :: XJ
[INFO] This project has been banned from the build due to previous failures.
[INFO] ------------------------------------------------------------------------
[INFO] 
[INFO] ------------------------------------------------------------------------
[INFO] Skipping Camel :: XML Security
[INFO] This project has been banned from the build due to previous failures.
[INFO] ------------------------------------------------------------------------
[INFO] 
[INFO] ------------------------------------------------------------------------
[INFO] Skipping Camel :: XMPP
[INFO] This project has been banned from the build due to previous failures.
[INFO] ------------------------------------------------------------------------
[INFO] 
[INFO] ------------------------------------------------------------------------
[INFO] Skipping Camel :: XStream
[INFO] This project has been banned from the build due to previous failures.
[INFO] ------------------------------------------------------------------------
[INFO] 
[INFO] ------------------------------------------------------------------------
[INFO] Skipping Camel :: Yammer
[INFO] This project has been banned from the build due to previous failures.
[INFO] ------------------------------------------------------------------------
[INFO] 
[INFO] ------------------------------------------------------------------------
[INFO] Skipping Camel :: Zendesk
[INFO] This project has been banned from the build due to previous failures.
[INFO] ------------------------------------------------------------------------
[INFO] 
[INFO] ------------------------------------------------------------------------
[INFO] Skipping Camel :: Zip Deflater
[INFO] This project has been banned from the build due to previous failures.
[INFO] ------------------------------------------------------------------------
[INFO] 
[INFO] ------------------------------------------------------------------------
[INFO] Skipping Camel :: Zip File
[INFO] This project has been banned from the build due to previous failures.
[INFO] ------------------------------------------------------------------------
[INFO] 
[INFO] ------------------------------------------------------------------------
[INFO] Skipping Camel :: Test :: Spring
[INFO] This project has been banned from the build due to previous failures.
[INFO] ------------------------------------------------------------------------
[INFO] 
[INFO] ------------------------------------------------------------------------
[INFO] Skipping Camel :: Testcontainers
[INFO] This project has been banned from the build due to previous failures.
[INFO] ------------------------------------------------------------------------
[INFO] 
[INFO] ------------------------------------------------------------------------
[INFO] Skipping Camel :: Testcontainers :: Spring
[INFO] This project has been banned from the build due to previous failures.
[INFO] ------------------------------------------------------------------------
[INFO] 
[INFO] ------------------------------------------------------------------------
[INFO] Skipping Camel :: Zookeeper Master
[INFO] This project has been banned from the build due to previous failures.
[INFO] ------------------------------------------------------------------------
[INFO] 
[INFO] ------------------------------------------------------------------------
[INFO] Skipping Camel :: Zookeeper
[INFO] This project has been banned from the build due to previous failures.
[INFO] ------------------------------------------------------------------------
[INFO] 
[INFO] ------------------------------------------------------------------------
[INFO] Skipping Camel :: All Components Sync point
[INFO] This project has been banned from the build due to previous failures.
[INFO] ------------------------------------------------------------------------
[INFO] 
[INFO] ------------------------------------------------------------------------
[INFO] Skipping Camel :: Endpoint DSL
[INFO] This project has been banned from the build due to previous failures.
[INFO] ------------------------------------------------------------------------
[INFO] 
[INFO] ------------------------------------------------------------------------
[INFO] Skipping Camel :: Component DSL
[INFO] This project has been banned from the build due to previous failures.
[INFO] ------------------------------------------------------------------------
[INFO] 
[INFO] ------------------------------------------------------------------------
[INFO] Skipping Camel :: Test :: CDI
[INFO] This project has been banned from the build due to previous failures.
[INFO] ------------------------------------------------------------------------
[INFO] 
[INFO] ------------------------------------------------------------------------
[INFO] Skipping Camel :: Hystrix (deprecated)
[INFO] This project has been banned from the build due to previous failures.
[INFO] ------------------------------------------------------------------------
[INFO] 
[INFO] ------------------------------------------------------------------------
[INFO] Skipping Camel :: AWS :: XRay
[INFO] This project has been banned from the build due to previous failures.
[INFO] ------------------------------------------------------------------------
[INFO] 
[INFO] ------------------------------------------------------------------------
[INFO] Skipping Camel :: Etcd3
[INFO] This project has been banned from the build due to previous failures.
[INFO] ------------------------------------------------------------------------
[INFO] 
[INFO] ------------------------------------------------------------------------
[INFO] Skipping Camel :: Headers Map
[INFO] This project has been banned from the build due to previous failures.
[INFO] ------------------------------------------------------------------------
[INFO] 
[INFO] ------------------------------------------------------------------------
[INFO] Skipping Camel :: Jasypt
[INFO] This project has been banned from the build due to previous failures.
[INFO] ------------------------------------------------------------------------
[INFO] 
[INFO] ------------------------------------------------------------------------
[INFO] Skipping Camel :: Common Tracing
[INFO] This project has been banned from the build due to previous failures.
[INFO] ------------------------------------------------------------------------
[INFO] 
[INFO] ------------------------------------------------------------------------
[INFO] Skipping Camel :: LevelDB
[INFO] This project has been banned from the build due to previous failures.
[INFO] ------------------------------------------------------------------------
[INFO] 
[INFO] ------------------------------------------------------------------------
[INFO] Skipping Camel :: Long-Running-Action
[INFO] This project has been banned from the build due to previous failures.
[INFO] ------------------------------------------------------------------------
[INFO] 
[INFO] ------------------------------------------------------------------------
[INFO] Skipping Camel :: MicroProfile Config
[INFO] This project has been banned from the build due to previous failures.
[INFO] ------------------------------------------------------------------------
[INFO] 
[INFO] ------------------------------------------------------------------------
[INFO] Skipping Camel :: MicroProfile :: Fault Tolerance
[INFO] This project has been banned from the build due to previous failures.
[INFO] ------------------------------------------------------------------------
[INFO] 
[INFO] ------------------------------------------------------------------------
[INFO] Skipping Camel :: MicroProfile Health
[INFO] This project has been banned from the build due to previous failures.
[INFO] ------------------------------------------------------------------------
[INFO] 
[INFO] ------------------------------------------------------------------------
[INFO] Skipping Camel :: OpenTracing
[INFO] This project has been banned from the build due to previous failures.
[INFO] ------------------------------------------------------------------------
[INFO] 
[INFO] ------------------------------------------------------------------------
[INFO] Skipping Camel :: OpenTelemetry
[INFO] This project has been banned from the build due to previous failures.
[INFO] ------------------------------------------------------------------------
[INFO] 
[INFO] ------------------------------------------------------------------------
[INFO] Skipping Camel :: Reactive Executor :: Vert.x
[INFO] This project has been banned from the build due to previous failures.
[INFO] ------------------------------------------------------------------------
[INFO] 
[INFO] ------------------------------------------------------------------------
[INFO] Skipping Camel :: Reactor
[INFO] This project has been banned from the build due to previous failures.
[INFO] ------------------------------------------------------------------------
[INFO] 
[INFO] ------------------------------------------------------------------------
[INFO] Skipping Camel :: Redis
[INFO] This project has been banned from the build due to previous failures.
[INFO] ------------------------------------------------------------------------
[INFO] 
[INFO] ------------------------------------------------------------------------
[INFO] Skipping Camel :: Resilience4j
[INFO] This project has been banned from the build due to previous failures.
[INFO] ------------------------------------------------------------------------
[INFO] 
[INFO] ------------------------------------------------------------------------
[INFO] Skipping Camel :: RxJava
[INFO] This project has been banned from the build due to previous failures.
[INFO] ------------------------------------------------------------------------
[INFO] 
[INFO] ------------------------------------------------------------------------
[INFO] Skipping Camel :: Salesforce :: Maven plugin
[INFO] This project has been banned from the build due to previous failures.
[INFO] ------------------------------------------------------------------------
[INFO] 
[INFO] ------------------------------------------------------------------------
[INFO] Skipping Camel :: ServiceNow :: Maven plugin
[INFO] This project has been banned from the build due to previous failures.
[INFO] ------------------------------------------------------------------------
[INFO] 
[INFO] ------------------------------------------------------------------------
[INFO] Skipping Camel :: Shiro
[INFO] This project has been banned from the build due to previous failures.
[INFO] ------------------------------------------------------------------------
[INFO] 
[INFO] ------------------------------------------------------------------------
[INFO] Skipping Camel :: Spring Security
[INFO] This project has been banned from the build due to previous failures.
[INFO] ------------------------------------------------------------------------
[INFO] 
[INFO] ------------------------------------------------------------------------
[INFO] Skipping Camel :: Thread Pool Factory :: Vert.x
[INFO] This project has been banned from the build due to previous failures.
[INFO] ------------------------------------------------------------------------
[INFO] 
[INFO] ------------------------------------------------------------------------
[INFO] Skipping Camel :: Undertow Spring Security
[INFO] This project has been banned from the build due to previous failures.
[INFO] ------------------------------------------------------------------------
[INFO] 
[INFO] ------------------------------------------------------------------------
[INFO] Skipping Camel :: Zipkin
[INFO] This project has been banned from the build due to previous failures.
[INFO] ------------------------------------------------------------------------
[INFO] 
[INFO] ------------------------------------------------------------------------
[INFO] Skipping Camel :: Archetypes
[INFO] This project has been banned from the build due to previous failures.
[INFO] ------------------------------------------------------------------------
[INFO] 
[INFO] ------------------------------------------------------------------------
[INFO] Skipping Camel :: Archetypes :: Component
[INFO] This project has been banned from the build due to previous failures.
[INFO] ------------------------------------------------------------------------
[INFO] 
[INFO] ------------------------------------------------------------------------
[INFO] Skipping Camel :: Archetypes :: Blueprint (OSGi) Based Router
[INFO] This project has been banned from the build due to previous failures.
[INFO] ------------------------------------------------------------------------
[INFO] 
[INFO] ------------------------------------------------------------------------
[INFO] Skipping Camel :: Archetypes :: CDI Based Router
[INFO] This project has been banned from the build due to previous failures.
[INFO] ------------------------------------------------------------------------
[INFO] 
[INFO] ------------------------------------------------------------------------
[INFO] Skipping Camel :: Archetypes :: Component
[INFO] This project has been banned from the build due to previous failures.
[INFO] ------------------------------------------------------------------------
[INFO] 
[INFO] ------------------------------------------------------------------------
[INFO] Skipping Camel :: Archetypes :: Data Format
[INFO] This project has been banned from the build due to previous failures.
[INFO] ------------------------------------------------------------------------
[INFO] 
[INFO] ------------------------------------------------------------------------
[INFO] Skipping Camel :: Archetypes :: Java Router
[INFO] This project has been banned from the build due to previous failures.
[INFO] ------------------------------------------------------------------------
[INFO] 
[INFO] ------------------------------------------------------------------------
[INFO] Skipping Camel :: Archetypes :: Main
[INFO] This project has been banned from the build due to previous failures.
[INFO] ------------------------------------------------------------------------
[INFO] 
[INFO] ------------------------------------------------------------------------
[INFO] Skipping Camel :: Archetypes :: Spring XML Based Router
[INFO] This project has been banned from the build due to previous failures.
[INFO] ------------------------------------------------------------------------
[INFO] 
[INFO] ------------------------------------------------------------------------
[INFO] Skipping Camel :: Archetypes :: Spring Boot Based Router
[INFO] This project has been banned from the build due to previous failures.
[INFO] ------------------------------------------------------------------------
[INFO] 
[INFO] ------------------------------------------------------------------------
[INFO] Skipping Camel :: Catalog
[INFO] This project has been banned from the build due to previous failures.
[INFO] ------------------------------------------------------------------------
[INFO] 
[INFO] ------------------------------------------------------------------------
[INFO] Skipping Camel :: Catalog :: Dummy Component
[INFO] This project has been banned from the build due to previous failures.
[INFO] ------------------------------------------------------------------------
[INFO] 
[INFO] ------------------------------------------------------------------------
[INFO] Skipping Camel :: Catalog :: Camel Catalog
[INFO] This project has been banned from the build due to previous failures.
[INFO] ------------------------------------------------------------------------
[INFO] 
[INFO] ------------------------------------------------------------------------
[INFO] Skipping Camel :: Catalog :: Lucene
[INFO] This project has been banned from the build due to previous failures.
[INFO] ------------------------------------------------------------------------
[INFO] 
[INFO] ------------------------------------------------------------------------
[INFO] Skipping Camel :: Catalog :: Maven
[INFO] This project has been banned from the build due to previous failures.
[INFO] ------------------------------------------------------------------------
[INFO] 
[INFO] ------------------------------------------------------------------------
[INFO] Skipping Camel :: Catalog :: Camel Route Parser
[INFO] This project has been banned from the build due to previous failures.
[INFO] ------------------------------------------------------------------------
[INFO] 
[INFO] ------------------------------------------------------------------------
[INFO] Skipping Camel :: Catalog :: Camel Report Maven Plugin
[INFO] This project has been banned from the build due to previous failures.
[INFO] ------------------------------------------------------------------------
[INFO] 
[INFO] -------------< org.apache.camel.tests.bundles:bundles-pom >-------------
[INFO] Building Camel :: Integration Tests :: Test Bundles 3.6.0-SNAPSHOT [9/455]
[INFO]   from tests/test-bundles/pom.xml
[INFO] --------------------------------[ pom ]---------------------------------
[INFO] 
[INFO] --- clean:3.1.0:clean (default-clean) @ bundles-pom ---
[INFO] Deleting /home/runner/work/sonar-analysis/sonar-analysis/project/tests/test-bundles/target
[INFO] 
[INFO] --- impsort:1.3.2:sort (sort-imports) @ bundles-pom ---
[INFO] Skipping execution of impsort-maven-plugin
[INFO] 
[INFO] --- dependency:3.1.1:copy (copy-legal) @ bundles-pom ---
[INFO] Configured Artifact: org.apache.servicemix.legal:legal:1.0:xml
[INFO] Copying legal-1.0.xml to /home/runner/work/sonar-analysis/sonar-analysis/project/tests/test-bundles/target/legal/legal.xml
[INFO] 
[INFO] --- remote-resources:1.7.0:process (default) @ bundles-pom ---
[INFO] Preparing remote bundle org.apache:apache-jar-resource-bundle:1.4
[INFO] Copying 3 resources from 1 bundle.
[INFO] 
[INFO] --- flatten:1.2.1:flatten (default-cli) @ bundles-pom ---
[INFO] Generating flattened POM of project org.apache.camel.tests.bundles:bundles-pom:pom:3.6.0-SNAPSHOT...
[INFO] 
[INFO] --- camel-bundle:3.6.0-SNAPSHOT:manifest (bundle-manifest) @ bundles-pom ---
[WARNING] Ignoring project type pom - supportedProjectTypes = [jar, bundle]
[INFO] 
[INFO] --- install:2.5.2:install (default-install) @ bundles-pom ---
[INFO] Installing /home/runner/work/sonar-analysis/sonar-analysis/project/tests/test-bundles/target/.flattened-pom.xml to /home/runner/.m2/repository/org/apache/camel/tests/bundles/bundles-pom/3.6.0-SNAPSHOT/bundles-pom-3.6.0-SNAPSHOT.pom
[INFO] 
[INFO] --< org.apache.camel.tests:org.apache.camel.tests.mock-javamail_1.7 >---
[INFO] Building Camel :: Integration Tests :: Test Bundles: mock-javamail-1.7 3.6.0-SNAPSHOT [10/455]
[INFO]   from tests/test-bundles/mock-javamail_1.7/pom.xml
[INFO] --------------------------------[ jar ]---------------------------------
[INFO] 
[INFO] --- clean:3.1.0:clean (default-clean) @ org.apache.camel.tests.mock-javamail_1.7 ---
[INFO] Deleting /home/runner/work/sonar-analysis/sonar-analysis/project/tests/test-bundles/mock-javamail_1.7/target
[INFO] 
[INFO] --- impsort:1.3.2:sort (sort-imports) @ org.apache.camel.tests.mock-javamail_1.7 ---
[INFO] Skipping execution of impsort-maven-plugin
[INFO] 
[INFO] --- dependency:3.1.1:copy (copy-legal) @ org.apache.camel.tests.mock-javamail_1.7 ---
[INFO] Configured Artifact: org.apache.servicemix.legal:legal:1.0:xml
[INFO] Copying legal-1.0.xml to /home/runner/work/sonar-analysis/sonar-analysis/project/tests/test-bundles/mock-javamail_1.7/target/legal/legal.xml
[INFO] 
[INFO] --- remote-resources:1.7.0:process (default) @ org.apache.camel.tests.mock-javamail_1.7 ---
[INFO] Preparing remote bundle org.apache:apache-jar-resource-bundle:1.4
[INFO] Copying 3 resources from 1 bundle.
[INFO] 
[INFO] --- resources:3.2.0:resources (default-resources) @ org.apache.camel.tests.mock-javamail_1.7 ---
[INFO] Using 'UTF-8' encoding to copy filtered resources.
[INFO] Using 'UTF-8' encoding to copy filtered properties files.
[INFO] Copying 8 resources
[INFO] Copying 3 resources
[INFO] 
[INFO] --- flatten:1.2.1:flatten (default-cli) @ org.apache.camel.tests.mock-javamail_1.7 ---
[INFO] Generating flattened POM of project org.apache.camel.tests:org.apache.camel.tests.mock-javamail_1.7:jar:3.6.0-SNAPSHOT...
[INFO] 
[INFO] --- compiler:3.8.1:compile (default-compile) @ org.apache.camel.tests.mock-javamail_1.7 ---
[INFO] Changes detected - recompiling the module!
[INFO] Compiling 3 source files to /home/runner/work/sonar-analysis/sonar-analysis/project/tests/test-bundles/mock-javamail_1.7/target/classes
[WARNING] [options] bootstrap class path not set in conjunction with -source 8
[INFO] 
[INFO] --- resources:3.2.0:testResources (default-testResources) @ org.apache.camel.tests.mock-javamail_1.7 ---
[INFO] Using 'UTF-8' encoding to copy filtered resources.
[INFO] Using 'UTF-8' encoding to copy filtered properties files.
[INFO] skip non existing resourceDirectory /home/runner/work/sonar-analysis/sonar-analysis/project/tests/test-bundles/mock-javamail_1.7/src/test/resources
[INFO] Copying 3 resources
[INFO] 
[INFO] --- compiler:3.8.1:testCompile (default-testCompile) @ org.apache.camel.tests.mock-javamail_1.7 ---
[INFO] No sources to compile
[INFO] 
[INFO] --- surefire:3.0.0-M4:test (default-test) @ org.apache.camel.tests.mock-javamail_1.7 ---
[INFO] Tests are skipped.
[INFO] 
[INFO] --- camel-bundle:3.6.0-SNAPSHOT:manifest (bundle-manifest) @ org.apache.camel.tests.mock-javamail_1.7 ---
[INFO] 
[INFO] --- jar:3.2.0:jar (default-jar) @ org.apache.camel.tests.mock-javamail_1.7 ---
[INFO] Building jar: /home/runner/work/sonar-analysis/sonar-analysis/project/tests/test-bundles/mock-javamail_1.7/target/org.apache.camel.tests.mock-javamail_1.7-3.6.0-SNAPSHOT.jar
[INFO] 
[INFO] --- shade:3.2.1:shade (default) @ org.apache.camel.tests.mock-javamail_1.7 ---
[INFO] Including org.jvnet.mock-javamail:mock-javamail:jar:1.7 in the shaded jar.
[INFO] Excluding junit:junit:jar:4.13 from the shaded jar.
[INFO] Excluding org.hamcrest:hamcrest-core:jar:1.3 from the shaded jar.
[INFO] Excluding com.sun.mail:jakarta.mail:jar:1.6.5 from the shaded jar.
[INFO] Excluding com.sun.activation:jakarta.activation:jar:1.2.1 from the shaded jar.
[INFO] Excluding javax.annotation:javax.annotation-api:jar:1.3.2 from the shaded jar.
[INFO] Excluding javax.xml.ws:jaxws-api:jar:2.3.0 from the shaded jar.
[INFO] Excluding jakarta.xml.bind:jakarta.xml.bind-api:jar:2.3.3 from the shaded jar.
[INFO] Excluding jakarta.activation:jakarta.activation-api:jar:1.2.2 from the shaded jar.
[INFO] Excluding org.apache.geronimo.specs:geronimo-ws-metadata_2.0_spec:jar:1.1.3 from the shaded jar.
[INFO] Excluding com.sun.xml.messaging.saaj:saaj-impl:jar:1.3.28 from the shaded jar.
[INFO] Excluding org.jvnet.mimepull:mimepull:jar:1.9.7 from the shaded jar.
[INFO] Excluding org.apache.geronimo.specs:geronimo-jta_1.1_spec:jar:1.1.1 from the shaded jar.
[INFO] Excluding org.jboss.spec.javax.rmi:jboss-rmi-api_1.0_spec:jar:1.0.6.Final from the shaded jar.
[INFO] Excluding org.glassfish.jaxb:jaxb-runtime:jar:2.3.3 from the shaded jar.
[INFO] Excluding org.glassfish.jaxb:txw2:jar:2.3.3 from the shaded jar.
[INFO] Excluding com.sun.istack:istack-commons-runtime:jar:3.0.11 from the shaded jar.
[INFO] Excluding javax.xml.soap:javax.xml.soap-api:jar:1.4.0 from the shaded jar.
[INFO] Replacing original artifact with shaded artifact.
[INFO] Replacing /home/runner/work/sonar-analysis/sonar-analysis/project/tests/test-bundles/mock-javamail_1.7/target/org.apache.camel.tests.mock-javamail_1.7-3.6.0-SNAPSHOT.jar with /home/runner/work/sonar-analysis/sonar-analysis/project/tests/test-bundles/mock-javamail_1.7/target/org.apache.camel.tests.mock-javamail_1.7-3.6.0-SNAPSHOT-shaded.jar
[INFO] Dependency-reduced POM written at: /home/runner/work/sonar-analysis/sonar-analysis/project/tests/test-bundles/mock-javamail_1.7/dependency-reduced-pom.xml
[INFO] 
[INFO] --- install:2.5.2:install (default-install) @ org.apache.camel.tests.mock-javamail_1.7 ---
[INFO] Installing /home/runner/work/sonar-analysis/sonar-analysis/project/tests/test-bundles/mock-javamail_1.7/target/org.apache.camel.tests.mock-javamail_1.7-3.6.0-SNAPSHOT.jar to /home/runner/.m2/repository/org/apache/camel/tests/org.apache.camel.tests.mock-javamail_1.7/3.6.0-SNAPSHOT/org.apache.camel.tests.mock-javamail_1.7-3.6.0-SNAPSHOT.jar
[INFO] Installing /home/runner/work/sonar-analysis/sonar-analysis/project/tests/test-bundles/mock-javamail_1.7/dependency-reduced-pom.xml to /home/runner/.m2/repository/org/apache/camel/tests/org.apache.camel.tests.mock-javamail_1.7/3.6.0-SNAPSHOT/org.apache.camel.tests.mock-javamail_1.7-3.6.0-SNAPSHOT.pom
[INFO] 
[INFO] -------< org.apache.camel.tests:camel-validator-test-resources >--------
[INFO] Building Camel :: Integration Tests :: Camel Validator Test Resources 3.6.0-SNAPSHOT [11/455]
[INFO]   from tests/test-bundles/camel-validator-test-resources/pom.xml
[INFO] --------------------------------[ jar ]---------------------------------
[INFO] 
[INFO] --- clean:3.1.0:clean (default-clean) @ camel-validator-test-resources ---
[INFO] Deleting /home/runner/work/sonar-analysis/sonar-analysis/project/tests/test-bundles/camel-validator-test-resources/target
[INFO] 
[INFO] --- impsort:1.3.2:sort (sort-imports) @ camel-validator-test-resources ---
[INFO] Skipping execution of impsort-maven-plugin
[INFO] 
[INFO] --- dependency:3.1.1:copy (copy-legal) @ camel-validator-test-resources ---
[INFO] Configured Artifact: org.apache.servicemix.legal:legal:1.0:xml
[INFO] Copying legal-1.0.xml to /home/runner/work/sonar-analysis/sonar-analysis/project/tests/test-bundles/camel-validator-test-resources/target/legal/legal.xml
[INFO] 
[INFO] --- remote-resources:1.7.0:process (default) @ camel-validator-test-resources ---
[INFO] Preparing remote bundle org.apache:apache-jar-resource-bundle:1.4
[INFO] Copying 3 resources from 1 bundle.
[INFO] 
[INFO] --- resources:3.2.0:resources (default-resources) @ camel-validator-test-resources ---
[INFO] Using 'UTF-8' encoding to copy filtered resources.
[INFO] Using 'UTF-8' encoding to copy filtered properties files.
[INFO] Copying 6 resources
[INFO] Copying 3 resources
[INFO] 
[INFO] --- flatten:1.2.1:flatten (default-cli) @ camel-validator-test-resources ---
[INFO] Generating flattened POM of project org.apache.camel.tests:camel-validator-test-resources:jar:3.6.0-SNAPSHOT...
[INFO] 
[INFO] --- compiler:3.8.1:compile (default-compile) @ camel-validator-test-resources ---
[INFO] No sources to compile
[INFO] 
[INFO] --- resources:3.2.0:testResources (default-testResources) @ camel-validator-test-resources ---
[INFO] Using 'UTF-8' encoding to copy filtered resources.
[INFO] Using 'UTF-8' encoding to copy filtered properties files.
[INFO] skip non existing resourceDirectory /home/runner/work/sonar-analysis/sonar-analysis/project/tests/test-bundles/camel-validator-test-resources/src/test/resources
[INFO] Copying 3 resources
[INFO] 
[INFO] --- compiler:3.8.1:testCompile (default-testCompile) @ camel-validator-test-resources ---
[INFO] No sources to compile
[INFO] 
[INFO] --- surefire:3.0.0-M4:test (default-test) @ camel-validator-test-resources ---
[INFO] Tests are skipped.
[INFO] 
[INFO] --- camel-bundle:3.6.0-SNAPSHOT:manifest (bundle-manifest) @ camel-validator-test-resources ---
[WARNING] Manifest org.apache.camel.tests:camel-validator-test-resources:jar:3.6.0-SNAPSHOT : No translation found for macro: pkgVersion
[INFO] 
[INFO] --- jar:3.2.0:jar (default-jar) @ camel-validator-test-resources ---
[INFO] Building jar: /home/runner/work/sonar-analysis/sonar-analysis/project/tests/test-bundles/camel-validator-test-resources/target/camel-validator-test-resources-3.6.0-SNAPSHOT.jar
[INFO] 
[INFO] --- install:2.5.2:install (default-install) @ camel-validator-test-resources ---
[INFO] Installing /home/runner/work/sonar-analysis/sonar-analysis/project/tests/test-bundles/camel-validator-test-resources/target/camel-validator-test-resources-3.6.0-SNAPSHOT.jar to /home/runner/.m2/repository/org/apache/camel/tests/camel-validator-test-resources/3.6.0-SNAPSHOT/camel-validator-test-resources-3.6.0-SNAPSHOT.jar
[INFO] Installing /home/runner/work/sonar-analysis/sonar-analysis/project/tests/test-bundles/camel-validator-test-resources/target/.flattened-pom.xml to /home/runner/.m2/repository/org/apache/camel/tests/camel-validator-test-resources/3.6.0-SNAPSHOT/camel-validator-test-resources-3.6.0-SNAPSHOT.pom
[INFO] 
[INFO] ------------------------------------------------------------------------
[INFO] Skipping Camel :: Integration Tests
[INFO] This project has been banned from the build due to previous failures.
[INFO] ------------------------------------------------------------------------
[INFO] 
[INFO] ------------------------------------------------------------------------
[INFO] Skipping Camel :: Integration Tests :: Standalone
[INFO] This project has been banned from the build due to previous failures.
[INFO] ------------------------------------------------------------------------
[INFO] 
[INFO] ------------------------------------------------------------------------
[INFO] Skipping Camel :: Integration Tests :: Non OSGi
[INFO] This project has been banned from the build due to previous failures.
[INFO] ------------------------------------------------------------------------
[INFO] 
[INFO] ------------------------------------------------------------------------
[INFO] Skipping Camel :: Integration Tests :: CDI
[INFO] This project has been banned from the build due to previous failures.
[INFO] ------------------------------------------------------------------------
[INFO] 
[INFO] ------------------------------------------------------------------------
[INFO] Skipping Camel :: Integration Tests :: JMS 2.0 API
[INFO] This project has been banned from the build due to previous failures.
[INFO] ------------------------------------------------------------------------
[INFO] 
[INFO] ------------------------------------------------------------------------
[INFO] Skipping Camel :: Integration Tests :: JMH
[INFO] This project has been banned from the build due to previous failures.
[INFO] ------------------------------------------------------------------------
[INFO] 
[INFO] ------------------------------------------------------------------------
[INFO] Skipping Camel :: Integration Tests :: Partial Classpath
[INFO] This project has been banned from the build due to previous failures.
[INFO] ------------------------------------------------------------------------
[INFO] 
[INFO] ------------------------------------------------------------------------
[INFO] Skipping Camel :: Integration Tests :: TypeConverter Scan
[INFO] This project has been banned from the build due to previous failures.
[INFO] ------------------------------------------------------------------------
[INFO] 
[INFO] ------------------------------------------------------------------------
[INFO] Skipping Camel :: Assembly
[INFO] This project has been banned from the build due to previous failures.
[INFO] ------------------------------------------------------------------------
[INFO] ------------------------------------------------------------------------
[INFO] Reactor Summary for Camel 3.6.0-SNAPSHOT:
[INFO] 
[INFO] Camel .............................................. SUCCESS [  1.112 s]
[INFO] Camel :: Parent .................................... SUCCESS [  2.188 s]
[INFO] Camel :: Dependencies .............................. SUCCESS [  0.560 s]
[INFO] Camel :: Init ...................................... SUCCESS [  0.015 s]
[INFO] Camel :: Maven Plugins :: Enhanced Formatter Plugin  FAILURE [07:24 min]
[INFO] Camel :: Maven Plugins :: Enhanced Bundle Plugin ... SUCCESS [  1.272 s]
[INFO] Camel :: Etc ....................................... SUCCESS [  0.020 s]
[INFO] Camel :: Buildtools ................................ SUCCESS [  1.390 s]
[INFO] Camel :: Tooling ................................... SKIPPED
[INFO] Camel :: Tooling :: Util ........................... SKIPPED
[INFO] Camel :: Tooling Parent ............................ SKIPPED
[INFO] Camel :: Maven Plugins ............................. SKIPPED
[INFO] Camel :: Maven Plugins :: BOM Generator ............ SKIPPED
[INFO] Camel :: BOM :: Generator .......................... SKIPPED
[INFO] Camel :: BOM ....................................... SKIPPED
[INFO] Camel :: SPI Annotations ........................... SKIPPED
[INFO] Camel :: Util :: JSon .............................. SKIPPED
[INFO] Camel :: Tooling :: Model .......................... SKIPPED
[INFO] Camel :: Maven Plugins :: Camel Maven Package ...... SKIPPED
[INFO] Camel :: Core Modules .............................. SKIPPED
[INFO] Camel :: Util ...................................... SKIPPED
[INFO] Camel :: API ....................................... SKIPPED
[INFO] Camel :: Management API ............................ SKIPPED
[INFO] Camel :: Support ................................... SKIPPED
[INFO] Camel :: Base ...................................... SKIPPED
[INFO] Camel :: Core Engine ............................... SKIPPED
[INFO] Camel :: Core Languages ............................ SKIPPED
[INFO] Camel :: Components ................................ SKIPPED
[INFO] Camel :: Bean ...................................... SKIPPED
[INFO] Camel :: Browse .................................... SKIPPED
[INFO] Camel :: Caffeine LRUCache ......................... SKIPPED
[INFO] Camel :: Cluster ................................... SKIPPED
[INFO] Camel :: Controlbus ................................ SKIPPED
[INFO] Camel :: Dataformat ................................ SKIPPED
[INFO] Camel :: Mock ...................................... SKIPPED
[INFO] Camel :: DataSet ................................... SKIPPED
[INFO] Camel :: Direct .................................... SKIPPED
[INFO] Camel :: Direct VM ................................. SKIPPED
[INFO] Camel :: Core Catalog .............................. SKIPPED
[INFO] Camel :: File ...................................... SKIPPED
[INFO] Camel :: Log ....................................... SKIPPED
[INFO] Camel :: Health .................................... SKIPPED
[INFO] Camel :: Language .................................. SKIPPED
[INFO] Camel :: Ref ....................................... SKIPPED
[INFO] Camel :: REST ...................................... SKIPPED
[INFO] Camel :: Saga ...................................... SKIPPED
[INFO] Camel :: Scheduler ................................. SKIPPED
[INFO] Camel :: Seda ...................................... SKIPPED
[INFO] Camel :: VM ........................................ SKIPPED
[INFO] Camel :: Stub ...................................... SKIPPED
[INFO] Camel :: Timer ..................................... SKIPPED
[INFO] Camel :: XML JAXP .................................. SKIPPED
[INFO] Camel :: Validator ................................. SKIPPED
[INFO] Camel :: XPath ..................................... SKIPPED
[INFO] Camel :: XSLT ...................................... SKIPPED
[INFO] Camel :: XML JAXB .................................. SKIPPED
[INFO] Camel :: Core ...................................... SKIPPED
[INFO] Camel :: Tooling :: Swagger REST DSL Generator ..... SKIPPED
[INFO] Camel :: Tooling :: OpenApi REST DSL Generator ..... SKIPPED
[INFO] Camel :: Test :: JUnit5 ............................ SKIPPED
[INFO] Camel :: Main ...................................... SKIPPED
[INFO] Camel :: Core XML .................................. SKIPPED
[INFO] Camel :: Cron ...................................... SKIPPED
[INFO] Camel :: Cloud ..................................... SKIPPED
[INFO] Camel :: Management ................................ SKIPPED
[INFO] Camel :: Maven Plugins :: Camel EIP Documentation Enricher Plugin SKIPPED
[INFO] Camel :: Spring .................................... SKIPPED
[INFO] Camel :: Test :: Spring:: JUnit5 ................... SKIPPED
[INFO] Camel :: Spring Main ............................... SKIPPED
[INFO] Camel :: Spring JavaConfig (deprecated) ............ SKIPPED
[INFO] Camel :: JTA ....................................... SKIPPED
[INFO] Camel :: CDI ....................................... SKIPPED
[INFO] Camel :: Maven Plugins :: Camel Maven Plugin ....... SKIPPED
[INFO] Camel :: Maven Plugins :: Camel API Component Plugin SKIPPED
[INFO] Camel :: HTTP :: Base .............................. SKIPPED
[INFO] Camel :: Attachments ............................... SKIPPED
[INFO] Camel :: HTTP :: Common ............................ SKIPPED
[INFO] Camel :: Jackson ................................... SKIPPED
[INFO] Camel :: JAXB ...................................... SKIPPED
[INFO] Camel :: Swagger Java .............................. SKIPPED
[INFO] Camel :: Servlet ................................... SKIPPED
[INFO] Camel :: Jetty :: Common ........................... SKIPPED
[INFO] Camel :: HTTP ...................................... SKIPPED
[INFO] Camel :: Jetty ..................................... SKIPPED
[INFO] Camel :: Maven Plugins :: Swagger REST DSL Generator Maven plugin SKIPPED
[INFO] Camel :: Maven Plugins :: OpenApi REST DSL Generator Maven plugin SKIPPED
[INFO] Camel :: Maven Plugins :: Enhanced javadoc plugin .. SKIPPED
[INFO] Camel :: Maven Plugins :: Enhanced Resources Plugin  SKIPPED
[INFO] Camel :: Maven Plugins :: Sync Properties .......... SKIPPED
[INFO] Camel :: Maven Plugins :: Camel Maven Component .... SKIPPED
[INFO] Camel :: XML IO .................................... SKIPPED
[INFO] Camel :: JMS ....................................... SKIPPED
[INFO] Camel :: JDBC ...................................... SKIPPED
[INFO] Camel :: ActiveMQ .................................. SKIPPED
[INFO] Camel :: AHC ....................................... SKIPPED
[INFO] Camel :: AHC-WS .................................... SKIPPED
[INFO] Camel :: AMQP ...................................... SKIPPED
[INFO] Camel :: Any23 ..................................... SKIPPED
[INFO] Camel :: APNS ...................................... SKIPPED
[INFO] Camel :: Testcontainers :: JUnit 5 ................. SKIPPED
[INFO] Camel :: Testcontainers :: Spring :: JUnit5 ........ SKIPPED
[INFO] Camel ArangoDb Component ........................... SKIPPED
[INFO] Camel :: AS2 :: Parent ............................. SKIPPED
[INFO] Camel :: AS2 :: API ................................ SKIPPED
[INFO] Camel :: AS2 :: Component .......................... SKIPPED
[INFO] Camel :: ASN.1 ..................................... SKIPPED
[INFO] Camel :: Asterisk .................................. SKIPPED
[INFO] Camel :: Atmos ..................................... SKIPPED
[INFO] Camel :: Atmosphere WebSocket Servlet .............. SKIPPED
[INFO] Camel :: Atom ...................................... SKIPPED
[INFO] Camel :: Atomix .................................... SKIPPED
[INFO] Camel :: Avro RPC .................................. SKIPPED
[INFO] Camel :: Avro ...................................... SKIPPED
[INFO] Camel :: AWS CW .................................... SKIPPED
[INFO] Camel :: AWS DDB ................................... SKIPPED
[INFO] Camel :: AWS EC2 ................................... SKIPPED
[INFO] Camel :: AWS ECS ................................... SKIPPED
[INFO] Camel :: AWS EKS ................................... SKIPPED
[INFO] Camel :: AWS IAM ................................... SKIPPED
[INFO] Camel :: AWS Kinesis ............................... SKIPPED
[INFO] Camel :: AWS KMS ................................... SKIPPED
[INFO] Camel :: AWS Lambda ................................ SKIPPED
[INFO] Camel :: AWS MQ .................................... SKIPPED
[INFO] Camel :: AWS MSK ................................... SKIPPED
[INFO] Camel :: AWS S3 .................................... SKIPPED
[INFO] Camel :: AWS SDB ................................... SKIPPED
[INFO] Camel :: AWS SES ................................... SKIPPED
[INFO] Camel :: AWS SNS ................................... SKIPPED
[INFO] Camel :: AWS SQS ................................... SKIPPED
[INFO] Camel :: AWS SWF ................................... SKIPPED
[INFO] Camel :: AWS Translate ............................. SKIPPED
[INFO] Camel :: AWS2 Athena ............................... SKIPPED
[INFO] Camel :: AWS2 CW ................................... SKIPPED
[INFO] Camel :: AWS2 DDB .................................. SKIPPED
[INFO] Camel :: AWS2 EC2 .................................. SKIPPED
[INFO] Camel :: AWS2 ECS .................................. SKIPPED
[INFO] Camel :: AWS2 EKS .................................. SKIPPED
[INFO] Camel :: AWS2 IAM .................................. SKIPPED
[INFO] Camel :: AWS2 Kinesis .............................. SKIPPED
[INFO] Camel :: AWS2 KMS .................................. SKIPPED
[INFO] Camel :: AWS2 Lambda ............................... SKIPPED
[INFO] Camel :: AWS2 MQ ................................... SKIPPED
[INFO] Camel :: AWS2 MSK .................................. SKIPPED
[INFO] Camel :: AWS2 S3 ................................... SKIPPED
[INFO] Camel :: AWS2 SES .................................. SKIPPED
[INFO] Camel :: AWS2 SNS .................................. SKIPPED
[INFO] Camel :: AWS2 SQS .................................. SKIPPED
[INFO] Camel :: AWS2 STS .................................. SKIPPED
[INFO] Camel :: AWS2 Translate ............................ SKIPPED
[INFO] Camel :: Azure Event Hubs .......................... SKIPPED
[INFO] Camel :: Azure Storage Blob ........................ SKIPPED
[INFO] Camel :: Azure Storage Queue ....................... SKIPPED
[INFO] Camel :: Azure ..................................... SKIPPED
[INFO] Camel :: Barcode ................................... SKIPPED
[INFO] Camel :: Base64 .................................... SKIPPED
[INFO] Camel :: Bean validator ............................ SKIPPED
[INFO] Camel :: BeanIO .................................... SKIPPED
[INFO] Camel :: Beanstalk ................................. SKIPPED
[INFO] Camel :: Bindy ..................................... SKIPPED
[INFO] Camel :: Bonita .................................... SKIPPED
[INFO] Camel :: Box :: Parent ............................. SKIPPED
[INFO] Camel :: Box :: API ................................ SKIPPED
[INFO] Camel :: Box :: Component .......................... SKIPPED
[INFO] Camel :: Braintree ................................. SKIPPED
[INFO] Camel :: Caffeine .................................. SKIPPED
[INFO] Camel :: Cassandra CQL ............................. SKIPPED
[INFO] Camel :: CBOR ...................................... SKIPPED
[INFO] Camel :: ChatScript ................................ SKIPPED
[INFO] Camel :: Chunk ..................................... SKIPPED
[INFO] Camel :: CM SMS .................................... SKIPPED
[INFO] Camel :: CMIS ...................................... SKIPPED
[INFO] Camel :: CoAP ...................................... SKIPPED
[INFO] Camel :: Cometd .................................... SKIPPED
[INFO] Camel :: Undertow .................................. SKIPPED
[INFO] Camel :: Master .................................... SKIPPED
[INFO] Camel :: Service ................................... SKIPPED
[INFO] Camel :: Ribbon .................................... SKIPPED
[INFO] Camel :: Consul .................................... SKIPPED
[INFO] Camel :: Corda ..................................... SKIPPED
[INFO] Camel :: Couchbase ................................. SKIPPED
[INFO] Camel :: CouchDB ................................... SKIPPED
[INFO] Camel :: Crypto CMS (deprecated) ................... SKIPPED
[INFO] Camel :: Crypto .................................... SKIPPED
[INFO] Camel :: CSV ....................................... SKIPPED
[INFO] Camel :: CXF :: Transport .......................... SKIPPED
[INFO] Camel :: CXF ....................................... SKIPPED
[INFO] Camel :: Debezium :: Parent ........................ SKIPPED
[INFO] Camel :: Debezium :: Common ........................ SKIPPED
[INFO] Camel :: Debezium :: Maven plugin .................. SKIPPED
[INFO] Camel :: Debezium :: MongoDB ....................... SKIPPED
[INFO] Camel :: Debezium :: MySQL ......................... SKIPPED
[INFO] Camel :: Debezium :: PostgreSQL .................... SKIPPED
[INFO] Camel :: Debezium :: SQL Server .................... SKIPPED
[INFO] Camel :: DigitalOcean .............................. SKIPPED
[INFO] Camel :: Disruptor ................................. SKIPPED
[INFO] Camel :: Deep Java Library ......................... SKIPPED
[INFO] Camel :: DNS ....................................... SKIPPED
[INFO] Camel :: Docker .................................... SKIPPED
[INFO] Camel :: Dozer ..................................... SKIPPED
[INFO] Camel :: Drill ..................................... SKIPPED
[INFO] Camel :: Dropbox ................................... SKIPPED
[INFO] Camel :: Ehcache ................................... SKIPPED
[INFO] Camel :: ElasticSearch REST ........................ SKIPPED
[INFO] Camel :: SQL ....................................... SKIPPED
[INFO] Camel :: ElSql ..................................... SKIPPED
[INFO] Camel :: Elytron ................................... SKIPPED
[INFO] Camel :: Etcd ...................................... SKIPPED
[INFO] Camel :: Exec ...................................... SKIPPED
[INFO] Camel :: Facebook .................................. SKIPPED
[INFO] Camel :: Fastjson .................................. SKIPPED
[INFO] Camel :: FHIR :: Parent ............................ SKIPPED
[INFO] Camel :: FHIR :: API ............................... SKIPPED
[INFO] Camel :: Netty ..................................... SKIPPED
[INFO] Camel :: MINA ...................................... SKIPPED
[INFO] Camel :: HL7 ....................................... SKIPPED
[INFO] Camel :: FHIR ...................................... SKIPPED
[INFO] Camel :: File Watch ................................ SKIPPED
[INFO] Camel :: FlatPack .................................. SKIPPED
[INFO] Camel :: Flink ..................................... SKIPPED
[INFO] Camel :: FOP ....................................... SKIPPED
[INFO] Camel :: Freemarker ................................ SKIPPED
[INFO] Camel :: SSH ....................................... SKIPPED
[INFO] Camel :: FTP ....................................... SKIPPED
[INFO] Camel :: Ganglia ................................... SKIPPED
[INFO] Camel :: Geocoder .................................. SKIPPED
[INFO] Camel :: Git ....................................... SKIPPED
[INFO] Camel :: GitHub .................................... SKIPPED
[INFO] Camel :: Google BigQuery ........................... SKIPPED
[INFO] Camel :: Google Calendar ........................... SKIPPED
[INFO] Camel :: Google Drive .............................. SKIPPED
[INFO] Camel :: Google Mail ............................... SKIPPED
[INFO] Camel :: Google PubSub ............................. SKIPPED
[INFO] Camel :: Google Sheets ............................. SKIPPED
[INFO] Camel :: Gora ...................................... SKIPPED
[INFO] Camel :: Stream .................................... SKIPPED
[INFO] Camel :: Grape ..................................... SKIPPED
[INFO] Camel :: GraphQL ................................... SKIPPED
[INFO] Camel :: Grok ...................................... SKIPPED
[INFO] Camel :: Groovy .................................... SKIPPED
[INFO] Camel :: gRPC ...................................... SKIPPED
[INFO] Camel :: Gson ...................................... SKIPPED
[INFO] Camel :: Guava-EventBus ............................ SKIPPED
[INFO] Camel :: HazelCast ................................. SKIPPED
[INFO] Camel :: Hbase ..................................... SKIPPED
[INFO] Camel :: HDFS ...................................... SKIPPED
[INFO] Camel :: Hipchat ................................... SKIPPED
[INFO] Camel :: iCal ...................................... SKIPPED
[INFO] Camel :: IEC 60870 ................................. SKIPPED
[INFO] Camel :: Ignite .................................... SKIPPED
[INFO] Camel :: Infinispan ................................ SKIPPED
[INFO] Camel :: InfluxDB .................................. SKIPPED
[INFO] Camel :: IOTA ...................................... SKIPPED
[INFO] Camel :: IPFS ...................................... SKIPPED
[INFO] Camel :: IRC ....................................... SKIPPED
[INFO] Camel :: IronMQ .................................... SKIPPED
[INFO] Camel :: Jackson XML ............................... SKIPPED
[INFO] Camel :: JBPM ...................................... SKIPPED
[INFO] Camel :: JCache .................................... SKIPPED
[INFO] Camel :: JClouds ................................... SKIPPED
[INFO] Camel :: JCR ....................................... SKIPPED
[INFO] Camel :: JGroups Raft .............................. SKIPPED
[INFO] Camel :: JGroups ................................... SKIPPED
[INFO] Camel :: Jing ...................................... SKIPPED
[INFO] Camel :: JIRA ...................................... SKIPPED
[INFO] Camel :: JMX ....................................... SKIPPED
[INFO] Camel :: Johnzon ................................... SKIPPED
[INFO] Camel :: Jolt ...................................... SKIPPED
[INFO] Camel :: JOOQ ...................................... SKIPPED
[INFO] Camel :: JPA ....................................... SKIPPED
[INFO] Camel :: Jsch ...................................... SKIPPED
[INFO] Camel :: Jslt ...................................... SKIPPED
[INFO] Camel :: JSON validator ............................ SKIPPED
[INFO] Camel :: JSonApi ................................... SKIPPED
[INFO] Camel :: JSONATA ................................... SKIPPED
[INFO] Camel :: JSon Path ................................. SKIPPED
[INFO] Camel :: Java Toolbox for AS/400 ................... SKIPPED
[INFO] Camel :: Kafka ..................................... SKIPPED
[INFO] Camel :: Kubernetes ................................ SKIPPED
[INFO] Camel :: Kudu ...................................... SKIPPED
[INFO] Camel :: LDAP ...................................... SKIPPED
[INFO] Camel :: LDIF ...................................... SKIPPED
[INFO] Camel :: Lucene .................................... SKIPPED
[INFO] Camel :: Lumberjack ................................ SKIPPED
[INFO] Camel :: LZF ....................................... SKIPPED
[INFO] Camel :: Quartz .................................... SKIPPED
[INFO] Camel :: Mail ...................................... SKIPPED
[INFO] Camel :: Metrics ................................... SKIPPED
[INFO] Camel :: Micrometer ................................ SKIPPED
[INFO] Camel :: MicroProfile Metrics ...................... SKIPPED
[INFO] Camel :: Milo ...................................... SKIPPED
[INFO] Camel :: Test ...................................... SKIPPED
[INFO] Camel :: MinIO ..................................... SKIPPED
[INFO] Camel :: Simple JMS ................................ SKIPPED
[INFO] Camel :: MLLP ...................................... SKIPPED
[INFO] Camel :: MongoDB GridFS ............................ SKIPPED
[INFO] Camel :: MongoDB ................................... SKIPPED
[INFO] Camel :: MSV ....................................... SKIPPED
[INFO] Camel :: Mustache .................................. SKIPPED
[INFO] Camel :: MVEL ...................................... SKIPPED
[INFO] Camel :: MyBatis ................................... SKIPPED
[INFO] Camel :: Nagios .................................... SKIPPED
[INFO] Camel :: Nats ...................................... SKIPPED
[INFO] Camel :: Netty HTTP ................................ SKIPPED
[INFO] Camel :: Nitrite ................................... SKIPPED
[INFO] Camel :: NSQ ....................................... SKIPPED
[INFO] Camel :: OAIPMH .................................... SKIPPED
[INFO] Camel :: OGNL ...................................... SKIPPED
[INFO] Camel :: Olingo2 :: Parent ......................... SKIPPED
[INFO] Camel :: Olingo2 :: API ............................ SKIPPED
[INFO] Camel :: Olingo2 :: Component ...................... SKIPPED
[INFO] Camel :: Olingo4 :: Parent ......................... SKIPPED
[INFO] Camel :: Olingo4 :: API ............................ SKIPPED
[INFO] Camel :: Olingo4 :: Component ...................... SKIPPED
[INFO] Camel :: OpenStack ................................. SKIPPED
[INFO] Camel :: OptaPlanner ............................... SKIPPED
[INFO] Camel :: Paho ...................................... SKIPPED
[INFO] Camel :: PDF ....................................... SKIPPED
[INFO] Camel :: PgReplicationSlot ......................... SKIPPED
[INFO] Camel :: PgEvent ................................... SKIPPED
[INFO] Camel :: Platform HTTP ............................. SKIPPED
[INFO] Camel :: Platform HTTP :: Vert.x ................... SKIPPED
[INFO] Camel :: Printer ................................... SKIPPED
[INFO] Camel :: Protobuf .................................. SKIPPED
[INFO] Camel :: PubNub .................................... SKIPPED
[INFO] Camel :: Pulsar .................................... SKIPPED
[INFO] Camel :: QuickFIX/J ................................ SKIPPED
[INFO] Camel :: RabbitMQ .................................. SKIPPED
[INFO] Camel :: Reactive Streams .......................... SKIPPED
[INFO] Camel :: REST OpenApi .............................. SKIPPED
[INFO] Camel :: REST Swagger .............................. SKIPPED
[INFO] Camel :: Resteasy .................................. SKIPPED
[INFO] Camel :: RobotFramework ............................ SKIPPED
[INFO] Camel :: RSS ....................................... SKIPPED
[INFO] Camel :: Salesforce :: Parent ...................... SKIPPED
[INFO] Camel :: Salesforce ................................ SKIPPED
[INFO] Camel :: Velocity .................................. SKIPPED
[INFO] Camel :: SAP NetWeaver ............................. SKIPPED
[INFO] Camel :: XSLT Saxon ................................ SKIPPED
[INFO] Camel :: Saxon ..................................... SKIPPED
[INFO] Camel :: Schematron ................................ SKIPPED
[INFO] Camel :: ServiceNow :: Parent ...................... SKIPPED
[INFO] Camel :: ServiceNow :: Component ................... SKIPPED
[INFO] Camel :: SIP ....................................... SKIPPED
[INFO] Camel :: Simple JMS2 ............................... SKIPPED
[INFO] Camel :: Slack ..................................... SKIPPED
[INFO] Camel :: SMPP ...................................... SKIPPED
[INFO] Camel :: SnakeYAML ................................. SKIPPED
[INFO] Camel :: SNMP ...................................... SKIPPED
[INFO] Camel :: SOAP ...................................... SKIPPED
[INFO] Camel :: Solr ...................................... SKIPPED
[INFO] Camel :: Soroush ................................... SKIPPED
[INFO] Camel :: Apache Spark .............................. SKIPPED
[INFO] Camel :: Splunk HEC ................................ SKIPPED
[INFO] Camel :: Splunk .................................... SKIPPED
[INFO] Camel :: Spring Batch .............................. SKIPPED
[INFO] Camel :: Spring Integration ........................ SKIPPED
[INFO] Camel :: Spring LDAP ............................... SKIPPED
[INFO] Camel :: Redis ..................................... SKIPPED
[INFO] Camel :: Spring Web Services ....................... SKIPPED
[INFO] Camel :: StAX ...................................... SKIPPED
[INFO] Camel :: Stomp ..................................... SKIPPED
[INFO] Camel :: StringTemplate ............................ SKIPPED
[INFO] Camel :: Syslog .................................... SKIPPED
[INFO] Camel :: TagSoup ................................... SKIPPED
[INFO] Camel :: Tar File .................................. SKIPPED
[INFO] Camel :: Webhook ................................... SKIPPED
[INFO] Camel :: Telegram .................................. SKIPPED
[INFO] Camel :: Thrift .................................... SKIPPED
[INFO] Camel :: Tika ...................................... SKIPPED
[INFO] Camel :: Twilio .................................... SKIPPED
[INFO] Camel :: Twitter ................................... SKIPPED
[INFO] Camel :: UniVocity Parsers ......................... SKIPPED
[INFO] Camel :: OpenApi Java .............................. SKIPPED
[INFO] Camel :: Vert.x :: HTTP ............................ SKIPPED
[INFO] Camel :: Vert.x :: WebSocket ....................... SKIPPED
[INFO] Camel :: Vertx ..................................... SKIPPED
[INFO] Camel :: Weather ................................... SKIPPED
[INFO] Camel :: Web3j ..................................... SKIPPED
[INFO] Camel :: WebSocket JSR356 .......................... SKIPPED
[INFO] Camel :: WebSocket ................................. SKIPPED
[INFO] Camel :: Weka ...................................... SKIPPED
[INFO] Camel :: Wordpress ................................. SKIPPED
[INFO] Camel :: Workday ................................... SKIPPED
[INFO] Camel :: XChange ................................... SKIPPED
[INFO] Camel :: XJ ........................................ SKIPPED
[INFO] Camel :: XML Security .............................. SKIPPED
[INFO] Camel :: XMPP ...................................... SKIPPED
[INFO] Camel :: XStream ................................... SKIPPED
[INFO] Camel :: Yammer .................................... SKIPPED
[INFO] Camel :: Zendesk ................................... SKIPPED
[INFO] Camel :: Zip Deflater .............................. SKIPPED
[INFO] Camel :: Zip File .................................. SKIPPED
[INFO] Camel :: Test :: Spring ............................ SKIPPED
[INFO] Camel :: Testcontainers ............................ SKIPPED
[INFO] Camel :: Testcontainers :: Spring .................. SKIPPED
[INFO] Camel :: Zookeeper Master .......................... SKIPPED
[INFO] Camel :: Zookeeper ................................. SKIPPED
[INFO] Camel :: All Components Sync point ................. SKIPPED
[INFO] Camel :: Endpoint DSL .............................. SKIPPED
[INFO] Camel :: Component DSL ............................. SKIPPED
[INFO] Camel :: Test :: CDI ............................... SKIPPED
[INFO] Camel :: Hystrix (deprecated) ...................... SKIPPED
[INFO] Camel :: AWS :: XRay ............................... SKIPPED
[INFO] Camel :: Etcd3 ..................................... SKIPPED
[INFO] Camel :: Headers Map ............................... SKIPPED
[INFO] Camel :: Jasypt .................................... SKIPPED
[INFO] Camel :: Common Tracing ............................ SKIPPED
[INFO] Camel :: LevelDB ................................... SKIPPED
[INFO] Camel :: Long-Running-Action ....................... SKIPPED
[INFO] Camel :: MicroProfile Config ....................... SKIPPED
[INFO] Camel :: MicroProfile :: Fault Tolerance ........... SKIPPED
[INFO] Camel :: MicroProfile Health ....................... SKIPPED
[INFO] Camel :: OpenTracing ............................... SKIPPED
[INFO] Camel :: OpenTelemetry ............................. SKIPPED
[INFO] Camel :: Reactive Executor :: Vert.x ............... SKIPPED
[INFO] Camel :: Reactor ................................... SKIPPED
[INFO] Camel :: Redis ..................................... SKIPPED
[INFO] Camel :: Resilience4j .............................. SKIPPED
[INFO] Camel :: RxJava .................................... SKIPPED
[INFO] Camel :: Salesforce :: Maven plugin ................ SKIPPED
[INFO] Camel :: ServiceNow :: Maven plugin ................ SKIPPED
[INFO] Camel :: Shiro ..................................... SKIPPED
[INFO] Camel :: Spring Security ........................... SKIPPED
[INFO] Camel :: Thread Pool Factory :: Vert.x ............. SKIPPED
[INFO] Camel :: Undertow Spring Security .................. SKIPPED
[INFO] Camel :: Zipkin .................................... SKIPPED
[INFO] Camel :: Archetypes ................................ SKIPPED
[INFO] Camel :: Archetypes :: Component ................... SKIPPED
[INFO] Camel :: Archetypes :: Blueprint (OSGi) Based Router SKIPPED
[INFO] Camel :: Archetypes :: CDI Based Router ............ SKIPPED
[INFO] Camel :: Archetypes :: Component ................... SKIPPED
[INFO] Camel :: Archetypes :: Data Format ................. SKIPPED
[INFO] Camel :: Archetypes :: Java Router ................. SKIPPED
[INFO] Camel :: Archetypes :: Main ........................ SKIPPED
[INFO] Camel :: Archetypes :: Spring XML Based Router ..... SKIPPED
[INFO] Camel :: Archetypes :: Spring Boot Based Router .... SKIPPED
[INFO] Camel :: Catalog ................................... SKIPPED
[INFO] Camel :: Catalog :: Dummy Component ................ SKIPPED
[INFO] Camel :: Catalog :: Camel Catalog .................. SKIPPED
[INFO] Camel :: Catalog :: Lucene ......................... SKIPPED
[INFO] Camel :: Catalog :: Maven .......................... SKIPPED
[INFO] Camel :: Catalog :: Camel Route Parser ............. SKIPPED
[INFO] Camel :: Catalog :: Camel Report Maven Plugin ...... SKIPPED
[INFO] Camel :: Integration Tests :: Test Bundles ......... SUCCESS [  1.065 s]
[INFO] Camel :: Integration Tests :: Test Bundles: mock-javamail-1.7 SUCCESS [  1.335 s]
[INFO] Camel :: Integration Tests :: Camel Validator Test Resources SUCCESS [  0.196 s]
[INFO] Camel :: Integration Tests ......................... SKIPPED
[INFO] Camel :: Integration Tests :: Standalone ........... SKIPPED
[INFO] Camel :: Integration Tests :: Non OSGi ............. SKIPPED
[INFO] Camel :: Integration Tests :: CDI .................. SKIPPED
[INFO] Camel :: Integration Tests :: JMS 2.0 API .......... SKIPPED
[INFO] Camel :: Integration Tests :: JMH .................. SKIPPED
[INFO] Camel :: Integration Tests :: Partial Classpath .... SKIPPED
[INFO] Camel :: Integration Tests :: TypeConverter Scan ... SKIPPED
[INFO] Camel :: Assembly .................................. SKIPPED
[INFO] ------------------------------------------------------------------------
[INFO] BUILD FAILURE
[INFO] ------------------------------------------------------------------------
[INFO] Total time:  07:37 min
[INFO] Finished at: 2026-06-03T04:38:48Z
[INFO] ------------------------------------------------------------------------
[ERROR] Failed to execute goal org.apache.maven.plugins:maven-plugin-plugin:3.5.2:descriptor (default-descriptor) on project camel-format-plugin: Execution default-descriptor of goal org.apache.maven.plugins:maven-plugin-plugin:3.5.2:descriptor failed: Unsupported class file major version 61 -> [Help 1]
[ERROR] 
[ERROR] To see the full stack trace of the errors, re-run Maven with the -e switch.
[ERROR] Re-run Maven using the -X switch to enable full debug logging.
[ERROR] 
[ERROR] For more information about the errors and possible solutions, please read the following articles:
[ERROR] [Help 1] http://cwiki.apache.org/confluence/display/MAVEN/PluginExecutionException
[ERROR] 
[ERROR] After correcting the problems, you can resume the build with the command
[ERROR]   mvn <args> -rf :camel-format-plugin
