[WARNING] 
[WARNING] Some problems were encountered while building the effective settings
[WARNING] 'profiles.profile[repos].repositories.repository.id' must be unique but found duplicate repository with id mapr-public @ /home/runner/.m2/settings.xml
[WARNING] 'profiles.profile[repos].repositories.repository.id' must be unique but found duplicate repository with id apache-snapshots @ /home/runner/.m2/settings.xml
[WARNING] 'profiles.profile[repos].repositories.repository.id' must be unique but found duplicate repository with id apache-group-snapshots @ /home/runner/.m2/settings.xml
[WARNING] 
[INFO] BuildTimeEventSpy is registered.
[WARNING] 
[WARNING] Some problems were encountered while building the effective settings
[WARNING] 'profiles.profile[repos].repositories.repository.id' must be unique but found duplicate repository with id mapr-public @ /home/runner/.m2/settings.xml
[WARNING] 'profiles.profile[repos].repositories.repository.id' must be unique but found duplicate repository with id apache-snapshots @ /home/runner/.m2/settings.xml
[WARNING] 'profiles.profile[repos].repositories.repository.id' must be unique but found duplicate repository with id apache-group-snapshots @ /home/runner/.m2/settings.xml
[WARNING] 
[INFO] Scanning for projects...
[INFO] ------------------------------------------------------------------------
[INFO] Detecting the operating system and CPU architecture
[INFO] ------------------------------------------------------------------------
[INFO] os.detected.name: linux
[INFO] os.detected.arch: x86_64
[INFO] os.detected.version: 6.17
[INFO] os.detected.version.major: 6
[INFO] os.detected.version.minor: 17
[INFO] os.detected.release: ubuntu
[INFO] os.detected.release.version: 24.04
[INFO] os.detected.release.like.ubuntu: true
[INFO] os.detected.release.like.debian: true
[INFO] os.detected.classifier: linux-x86_64
[INFO] ------------------------------------------------------------------------
[INFO] Reactor Build Order:
[INFO] 
[INFO] Camel                                                              [pom]
[INFO] Camel :: Parent                                                    [pom]
[INFO] Camel :: Dependencies                                              [pom]
[INFO] Camel :: Init                                                      [pom]
[INFO] Camel :: Maven Plugins :: Enhanced Formatter Plugin       [maven-plugin]
[INFO] Camel :: Maven Plugins :: Enhanced Bundle Plugin          [maven-plugin]
[INFO] Camel :: Etc                                                       [pom]
[INFO] Camel :: Buildtools                                                [jar]
[INFO] Camel :: Tooling                                                   [pom]
[INFO] Camel :: Tooling :: Util                                           [jar]
[INFO] Camel :: Tooling Parent                                            [pom]
[INFO] Camel :: Maven Plugins                                             [pom]
[INFO] Camel :: Maven Plugins :: BOM Generator                   [maven-plugin]
[INFO] Camel :: BOM :: Generator                                          [pom]
[INFO] Camel :: BOM                                                       [pom]
[INFO] Camel :: SPI Annotations                                           [jar]
[INFO] Camel :: Util :: JSon                                              [jar]
[INFO] Camel :: Tooling :: Model                                          [jar]
[INFO] Camel :: Maven Plugins :: Camel Maven Package             [maven-plugin]
[INFO] Camel :: Core Modules                                              [pom]
[INFO] Camel :: Util                                                      [jar]
[INFO] Camel :: API                                                       [jar]
[INFO] Camel :: Management API                                            [jar]
[INFO] Camel :: Support                                                   [jar]
[INFO] Camel :: Base                                                      [jar]
[INFO] Camel :: Base Engine                                               [jar]
[INFO] Camel :: Core Processor                                            [jar]
[INFO] Camel :: Core Model                                                [jar]
[INFO] Camel :: Core Reifier                                              [jar]
[INFO] Camel :: Core Engine                                               [jar]
[INFO] Camel :: Core Languages                                            [jar]
[INFO] Camel :: Components                                                [pom]
[INFO] Camel :: Bean                                                      [jar]
[INFO] Camel :: Browse                                                    [jar]
[INFO] Camel :: Caffeine LRUCache                                         [jar]
[INFO] Camel :: Cluster                                                   [jar]
[INFO] Camel :: Controlbus                                                [jar]
[INFO] Camel :: Dataformat                                                [jar]
[INFO] Camel :: Mock                                                      [jar]
[INFO] Camel :: DataSet                                                   [jar]
[INFO] Camel :: Direct                                                    [jar]
[INFO] Camel :: Direct VM                                                 [jar]
[INFO] Camel :: File                                                      [jar]
[INFO] Camel :: Health                                                    [jar]
[INFO] Camel :: Language                                                  [jar]
[INFO] Camel :: Log                                                       [jar]
[INFO] Camel :: Ref                                                       [jar]
[INFO] Camel :: REST                                                      [jar]
[INFO] Camel :: Saga                                                      [jar]
[INFO] Camel :: Scheduler                                                 [jar]
[INFO] Camel :: Seda                                                      [jar]
[INFO] Camel :: VM                                                        [jar]
[INFO] Camel :: Stub                                                      [jar]
[INFO] Camel :: Timer                                                     [jar]
[INFO] Camel :: XML JAXP                                                  [jar]
[INFO] Camel :: Validator                                                 [jar]
[INFO] Camel :: XPath                                                     [jar]
[INFO] Camel :: XSLT                                                      [jar]
[INFO] Camel :: XML JAXB                                                  [jar]
[INFO] Camel :: Core Catalog                                              [jar]
[INFO] Camel :: Core                                                      [jar]
[INFO] Camel :: Tooling :: Swagger REST DSL Generator                     [jar]
[INFO] Camel :: Tooling :: OpenApi REST DSL Generator                     [jar]
[INFO] Camel :: Management                                                [jar]
[INFO] Camel :: Test :: JUnit5                                            [jar]
[INFO] Camel :: Main                                                      [jar]
[INFO] Camel :: Core XML                                                  [jar]
[INFO] Camel :: Cron                                                      [jar]
[INFO] Camel :: Cloud                                                     [jar]
[INFO] Camel :: Maven Plugins :: Camel EIP Documentation Enricher Plugin [maven-plugin]
[INFO] Camel :: Spring                                                    [jar]
[INFO] Camel :: Test :: Spring:: JUnit5                                   [jar]
[INFO] Camel :: Spring Main                                               [jar]
[INFO] Camel :: Spring JavaConfig (deprecated)                            [jar]
[INFO] Camel :: JTA                                                       [jar]
[INFO] Camel :: CDI                                                       [jar]
[INFO] Camel :: Maven Plugins :: Camel Maven Plugin              [maven-plugin]
[INFO] Camel :: Maven Plugins :: Camel API Component Plugin      [maven-plugin]
[INFO] Camel :: HTTP :: Base                                              [jar]
[INFO] Camel :: Attachments                                               [jar]
[INFO] Camel :: HTTP :: Common                                            [jar]
[INFO] Camel :: Jackson                                                   [jar]
[INFO] Camel :: JAXB                                                      [jar]
[INFO] Camel :: Swagger Java                                              [jar]
[INFO] Camel :: Gson                                                      [jar]
[INFO] Camel :: Servlet                                                   [jar]
[INFO] Camel :: Jetty :: Common                                           [jar]
[INFO] Camel :: HTTP                                                      [jar]
[INFO] Camel :: Jetty                                                     [jar]
[INFO] Camel :: Maven Plugins :: Swagger REST DSL Generator Maven plugin [maven-plugin]
[INFO] Camel :: Maven Plugins :: OpenApi REST DSL Generator Maven plugin [maven-plugin]
[INFO] Camel :: Maven Plugins :: Enhanced javadoc plugin         [maven-plugin]
[INFO] Camel :: Maven Plugins :: Enhanced Resources Plugin       [maven-plugin]
[INFO] Camel :: Maven Plugins :: Sync Properties                 [maven-plugin]
[INFO] Camel :: Maven Plugins :: Camel Maven Component           [maven-plugin]
[INFO] Camel :: XML IO                                                    [jar]
[INFO] Camel :: JMS                                                       [jar]
[INFO] Camel :: JDBC                                                      [jar]
[INFO] Camel :: ActiveMQ                                                  [jar]
[INFO] Camel :: AHC                                                       [jar]
[INFO] Camel :: AHC-WS                                                    [jar]
[INFO] Camel :: AMQP                                                      [jar]
[INFO] Camel :: Any23                                                     [jar]
[INFO] Camel :: APNS                                                      [jar]
[INFO] Camel :: Test Infra                                                [pom]
[INFO] Camel :: Test Infra :: Parent                                      [pom]
[INFO] Camel :: Test Infra :: Common                                      [jar]
[INFO] Camel :: Test Infra :: ArangoDB                                    [jar]
[INFO] Camel :: ArangoDB                                                  [jar]
[INFO] Camel :: AS2 :: Parent                                             [pom]
[INFO] Camel :: AS2 :: API                                                [jar]
[INFO] Camel :: AS2 :: Component                                          [jar]
[INFO] Camel :: ASN.1                                                     [jar]
[INFO] Camel :: Asterisk                                                  [jar]
[INFO] Camel :: AtlasMap                                                  [jar]
[INFO] Camel :: Atmos                                                     [jar]
[INFO] Camel :: Atmosphere WebSocket Servlet                              [jar]
[INFO] Camel :: Atom                                                      [jar]
[INFO] Camel :: Atomix                                                    [jar]
[INFO] Camel :: Avro RPC                                                  [jar]
[INFO] Camel :: Avro                                                      [jar]
[INFO] Camel :: AWS CW                                                    [jar]
[INFO] Camel :: AWS DDB                                                   [jar]
[INFO] Camel :: AWS EC2                                                   [jar]
[INFO] Camel :: AWS ECS                                                   [jar]
[INFO] Camel :: AWS EKS                                                   [jar]
[INFO] Camel :: AWS IAM                                                   [jar]
[INFO] Camel :: AWS Kinesis                                               [jar]
[INFO] Camel :: AWS KMS                                                   [jar]
[INFO] Camel :: AWS Lambda                                                [jar]
[INFO] Camel :: AWS MQ                                                    [jar]
[INFO] Camel :: AWS MSK                                                   [jar]
[INFO] Camel :: AWS S3                                                    [jar]
[INFO] Camel :: AWS SDB                                                   [jar]
[INFO] Camel :: AWS SES                                                   [jar]
[INFO] Camel :: AWS SNS                                                   [jar]
[INFO] Camel :: Test Infra :: AWS Common                                  [jar]
[INFO] Camel :: Test Infra :: AWS SDK v1                                  [jar]
[INFO] Camel :: AWS SQS                                                   [jar]
[INFO] Camel :: AWS SWF                                                   [jar]
[INFO] Camel :: AWS Translate                                             [jar]
[INFO] Camel :: AWS :: XRay                                               [jar]
[INFO] Camel :: AWS2 Athena                                               [jar]
[INFO] Camel :: Test Infra :: AWS SDK v2                                  [jar]
[INFO] Camel :: AWS2 CW                                                   [jar]
[INFO] Camel :: AWS2 DDB                                                  [jar]
[INFO] Camel :: AWS2 EC2                                                  [jar]
[INFO] Camel :: AWS2 ECS                                                  [jar]
[INFO] Camel :: AWS2 EKS                                                  [jar]
[INFO] Camel :: Zip Deflater                                              [jar]
[INFO] Camel :: AWS2 S3                                                   [jar]
[INFO] Camel :: AWS2 SQS                                                  [jar]
[INFO] Camel :: AWS2 Eventbridge                                          [jar]
[INFO] Camel :: AWS2 IAM                                                  [jar]
[INFO] Camel :: AWS2 Kinesis                                              [jar]
[INFO] Camel :: AWS2 KMS                                                  [jar]
[INFO] Camel :: AWS2 Lambda                                               [jar]
[INFO] Camel :: AWS2 MQ                                                   [jar]
[INFO] Camel :: AWS2 MSK                                                  [jar]
[INFO] Camel :: AWS2 SES                                                  [jar]
[INFO] Camel :: AWS2 SNS                                                  [jar]
[INFO] Camel :: AWS2 STS                                                  [jar]
[INFO] Camel :: AWS2 Translate                                            [jar]
[INFO] Camel :: Azure Event Hubs                                          [jar]
[INFO] Camel :: Test Infra :: Azure Common                                [jar]
[INFO] Camel :: Test Infra :: Azure Storage Blob                          [jar]
[INFO] Camel :: Azure Storage Blob                                        [jar]
[INFO] Camel :: Azure Storage Queue                                       [jar]
[INFO] Camel :: Azure                                                     [jar]
[INFO] Camel :: Barcode                                                   [jar]
[INFO] Camel :: Base64                                                    [jar]
[INFO] Camel :: Bean validator                                            [jar]
[INFO] Camel :: BeanIO                                                    [jar]
[INFO] Camel :: Beanstalk                                                 [jar]
[INFO] Camel :: Bindy                                                     [jar]
[INFO] Camel :: Bonita                                                    [jar]
[INFO] Camel :: Box :: Parent                                             [pom]
[INFO] Camel :: Box :: API                                                [jar]
[INFO] Camel :: Box :: Component                                          [jar]
[INFO] Camel :: Braintree                                                 [jar]
[INFO] Camel :: Caffeine                                                  [jar]
[INFO] Camel :: Test Infra :: Cassandra                                   [jar]
[INFO] Camel :: Cassandra CQL                                             [jar]
[INFO] Camel :: CBOR                                                      [jar]
[INFO] Camel :: ChatScript                                                [jar]
[INFO] Camel :: Chunk                                                     [jar]
[INFO] Camel :: CM SMS                                                    [jar]
[INFO] Camel :: CMIS                                                      [jar]
[INFO] Camel :: CoAP                                                      [jar]
[INFO] Camel :: Cometd                                                    [jar]
[INFO] Camel :: Undertow                                                  [jar]
[INFO] Camel :: Master                                                    [jar]
[INFO] Camel :: Service                                                   [jar]
[INFO] Camel :: Ribbon                                                    [jar]
[INFO] Camel :: Test Infra :: Consul                                      [jar]
[INFO] Camel :: Consul                                                    [jar]
[INFO] Camel :: Corda                                                     [jar]
[INFO] Camel :: Test Infra :: Couchbase                                   [jar]
[INFO] Camel :: Couchbase                                                 [jar]
[INFO] Camel :: Test Infra :: CouchDb                                     [jar]
[INFO] Camel :: CouchDB                                                   [jar]
[INFO] Camel :: Crypto CMS (deprecated)                                   [jar]
[INFO] Camel :: Crypto                                                    [jar]
[INFO] Camel :: csimple jOOR                                              [jar]
[INFO] Camel :: CSV                                                       [jar]
[INFO] Camel :: CXF :: Transport                                          [jar]
[INFO] Camel :: CXF                                                       [jar]
[INFO] Camel :: DataSonnet                                                [jar]
[INFO] Camel :: Debezium :: Parent                                        [pom]
[INFO] Camel :: Debezium :: Common                                        [jar]
[INFO] Camel :: Debezium :: Maven plugin                         [maven-plugin]
[INFO] Camel :: Debezium :: MongoDB                                       [jar]
[INFO] Camel :: Debezium :: MySQL                                         [jar]
[INFO] Camel :: Debezium :: PostgreSQL                                    [jar]
[INFO] Camel :: Debezium :: SQL Server                                    [jar]
[INFO] Camel :: DigitalOcean                                              [jar]
[INFO] Camel :: Disruptor                                                 [jar]
[INFO] Camel :: Deep Java Library                                         [jar]
[INFO] Camel :: DNS                                                       [jar]
[INFO] Camel :: Docker                                                    [jar]
[INFO] Camel :: Dozer                                                     [jar]
[INFO] Camel :: Drill                                                     [jar]
[INFO] Camel :: Dropbox                                                   [jar]
[INFO] Camel :: Ehcache                                                   [jar]
[INFO] Camel :: Test Infra :: Elasticsearch                               [jar]
[INFO] Camel :: ElasticSearch REST                                        [jar]
[INFO] Camel :: SQL                                                       [jar]
[INFO] Camel :: ElSql                                                     [jar]
[INFO] Camel :: Elytron                                                   [jar]
[INFO] Camel :: Etcd3                                                     [jar]
[INFO] Camel :: Test Infra :: EtcD                                        [jar]
[INFO] Camel :: Etcd                                                      [jar]
[INFO] Camel :: Exec                                                      [jar]
[INFO] Camel :: Facebook                                                  [jar]
[INFO] Camel :: Fastjson                                                  [jar]
[INFO] Camel :: FHIR :: Parent                                            [pom]
[INFO] Camel :: FHIR :: API                                               [jar]
[INFO] Camel :: Netty                                                     [jar]
[INFO] Camel :: MINA                                                      [jar]
[INFO] Camel :: HL7                                                       [jar]
[INFO] Camel :: Test Infra :: FHIR                                        [jar]
[INFO] Camel :: FHIR                                                      [jar]
[INFO] Camel :: File Watch                                                [jar]
[INFO] Camel :: FlatPack                                                  [jar]
[INFO] Camel :: Flink                                                     [jar]
[INFO] Camel :: FOP                                                       [jar]
[INFO] Camel :: Freemarker                                                [jar]
[INFO] Camel :: SSH                                                       [jar]
[INFO] Camel :: Test Infra :: Ftp                                         [jar]
[INFO] Camel :: FTP                                                       [jar]
[INFO] Camel :: Ganglia                                                   [jar]
[INFO] Camel :: Geocoder                                                  [jar]
[INFO] Camel :: Git                                                       [jar]
[INFO] Camel :: GitHub                                                    [jar]
[INFO] Camel :: Google BigQuery                                           [jar]
[INFO] Camel :: Google Calendar                                           [jar]
[INFO] Camel :: Google Drive                                              [jar]
[INFO] Camel :: Google Mail                                               [jar]
[INFO] Camel :: Test Infra :: Google Pub/Sub                              [jar]
[INFO] Camel :: Google PubSub                                             [jar]
[INFO] Camel :: Google Sheets                                             [jar]
[INFO] Camel :: Gora                                                      [jar]
[INFO] Camel :: Stream                                                    [jar]
[INFO] Camel :: Grape                                                     [jar]
[INFO] Camel :: GraphQL                                                   [jar]
[INFO] Camel :: Grok                                                      [jar]
[INFO] Camel :: Groovy                                                    [jar]
[INFO] Camel :: gRPC                                                      [jar]
[INFO] Camel :: Guava-EventBus                                            [jar]
[INFO] Camel :: HazelCast                                                 [jar]
[INFO] Camel :: Test Infra :: HBase                                       [jar]
[INFO] Camel :: Hbase                                                     [jar]
[INFO] Camel :: Test Infra :: HDFS                                        [jar]
[INFO] Camel :: HDFS                                                      [jar]
[INFO] Camel :: Headers Map                                               [jar]
[INFO] Camel :: Hystrix (deprecated)                                      [jar]
[INFO] Camel :: iCal                                                      [jar]
[INFO] Camel :: IEC 60870                                                 [jar]
[INFO] Camel :: Ignite                                                    [jar]
[INFO] Camel :: Test Infra :: Infinispan                                  [jar]
[INFO] Camel :: Infinispan                                                [jar]
[INFO] Camel :: InfluxDB                                                  [jar]
[INFO] Camel :: IOTA                                                      [jar]
[INFO] Camel :: IPFS                                                      [jar]
[INFO] Camel :: IRC                                                       [jar]
[INFO] Camel :: IronMQ                                                    [jar]
[INFO] Camel :: Jackson XML                                               [jar]
[INFO] Camel :: Jasypt                                                    [jar]
[INFO] Camel :: JBPM                                                      [jar]
[INFO] Camel :: JCache                                                    [jar]
[INFO] Camel :: JClouds                                                   [jar]
[INFO] Camel :: JCR                                                       [jar]
[INFO] Camel :: Java Flight Recorder                                      [jar]
[INFO] Camel :: JGroups Raft                                              [jar]
[INFO] Camel :: JGroups                                                   [jar]
[INFO] Camel :: Jing                                                      [jar]
[INFO] Camel :: JIRA                                                      [jar]
[INFO] Camel :: JMX                                                       [jar]
[INFO] Camel :: Johnzon                                                   [jar]
[INFO] Camel :: Jolt                                                      [jar]
[INFO] Camel :: JOOQ                                                      [jar]
[INFO] Camel :: jOOR                                                      [jar]
[INFO] Camel :: JPA                                                       [jar]
[INFO] Camel :: Jsch                                                      [jar]
[INFO] Camel :: Jslt                                                      [jar]
[INFO] Camel :: JSON validator                                            [jar]
[INFO] Camel :: JSonApi                                                   [jar]
[INFO] Camel :: JSONATA                                                   [jar]
[INFO] Camel :: JSON-B                                                    [jar]
[INFO] Camel :: JSon Path                                                 [jar]
[INFO] Camel :: Java Toolbox for AS/400                                   [jar]
[INFO] Camel :: Test Infra :: Kafka                                       [jar]
[INFO] Camel :: Kafka                                                     [jar]
[INFO] Camel :: Kubernetes                                                [jar]
[INFO] Camel :: Kudu                                                      [jar]
[INFO] Camel :: LDAP                                                      [jar]
[INFO] Camel :: LDIF                                                      [jar]
[INFO] Camel :: LevelDB Legacy                                            [jar]
[INFO] Camel :: LevelDB                                                   [jar]
[INFO] Camel :: Long-Running-Action                                       [jar]
[INFO] Camel :: Lucene                                                    [jar]
[INFO] Camel :: Lumberjack                                                [jar]
[INFO] Camel :: LZF                                                       [jar]
[INFO] Camel :: Quartz                                                    [jar]
[INFO] Camel :: Mail                                                      [jar]
[INFO] Camel :: Metrics                                                   [jar]
[INFO] Camel :: Micrometer                                                [jar]
[INFO] Camel :: MicroProfile Config                                       [jar]
[INFO] Camel :: MicroProfile :: Fault Tolerance                           [jar]
[INFO] Camel :: MicroProfile Health                                       [jar]
[INFO] Camel :: MicroProfile Metrics                                      [jar]
[INFO] Camel :: Milo                                                      [jar]
[INFO] Camel :: Test                                                      [jar]
[INFO] Camel :: Test Infra :: Minio                                       [jar]
[INFO] Camel :: MinIO                                                     [jar]
[INFO] Camel :: Simple JMS                                                [jar]
[INFO] Camel :: MLLP                                                      [jar]
[INFO] Camel :: Test Infra :: MongoDB                                     [jar]
[INFO] Camel :: MongoDB GridFS                                            [jar]
[INFO] Camel :: MongoDB                                                   [jar]
[INFO] Camel :: MSV                                                       [jar]
[INFO] Camel :: Mustache                                                  [jar]
[INFO] Camel :: MVEL                                                      [jar]
[INFO] Camel :: MyBatis                                                   [jar]
[INFO] Camel :: Nagios                                                    [jar]
[INFO] Camel :: Test Infra :: Nats                                        [jar]
[INFO] Camel :: Nats                                                      [jar]
[INFO] Camel :: Netty HTTP                                                [jar]
[INFO] Camel :: Nitrite                                                   [jar]
[INFO] Camel :: Test Infra :: Nsq                                         [jar]
[INFO] Camel :: NSQ                                                       [jar]
[INFO] Camel :: OAIPMH                                                    [jar]
[INFO] Camel :: OGNL                                                      [jar]
[INFO] Camel :: Olingo2 :: Parent                                         [pom]
[INFO] Camel :: Olingo2 :: API                                            [jar]
[INFO] Camel :: Olingo2 :: Component                                      [jar]
[INFO] Camel :: Olingo4 :: Parent                                         [pom]
[INFO] Camel :: Olingo4 :: API                                            [jar]
[INFO] Camel :: Olingo4 :: Component                                      [jar]
[INFO] Camel :: OpenApi Java                                              [jar]
[INFO] Camel :: OpenStack                                                 [jar]
[INFO] Camel :: Common Tracing                                            [jar]
[INFO] Camel :: OpenTelemetry                                             [jar]
[INFO] Camel :: OpenTracing                                               [jar]
[INFO] Camel :: OptaPlanner                                               [jar]
[INFO] Camel :: Test Infra :: Mosquitto                                   [jar]
[INFO] Camel :: Paho MQTT 5                                               [jar]
[INFO] Camel :: Paho                                                      [jar]
[INFO] Camel :: PDF                                                       [jar]
[INFO] Camel :: Test Infra :: Postgres                                    [jar]
[INFO] Camel :: PgReplicationSlot                                         [jar]
[INFO] Camel :: Test Infra :: JDBC                                        [jar]
[INFO] Camel :: PgEvent                                                   [jar]
[INFO] Camel :: Platform HTTP                                             [jar]
[INFO] Camel :: Platform HTTP :: Vert.x                                   [jar]
[INFO] Camel :: Printer                                                   [jar]
[INFO] Camel :: Protobuf                                                  [jar]
[INFO] Camel :: PubNub                                                    [jar]
[INFO] Camel :: Test Infra :: Pulsar                                      [jar]
[INFO] Camel :: Pulsar                                                    [jar]
[INFO] Camel :: QuickFIX/J                                                [jar]
[INFO] Camel :: Test Infra :: RabbitMQ                                    [jar]
[INFO] Camel :: RabbitMQ                                                  [jar]
[INFO] Camel :: Reactive Executor :: Vert.x                               [jar]
[INFO] Camel :: Reactive Streams                                          [jar]
[INFO] Camel :: Reactor                                                   [jar]
[INFO] Camel :: Test Infra :: Redis                                       [jar]
[INFO] Camel :: Redis                                                     [jar]
[INFO] Camel :: Resilience4j                                              [jar]
[INFO] Camel :: REST OpenApi                                              [jar]
[INFO] Camel :: REST Swagger                                              [jar]
[INFO] Camel :: Resteasy                                                  [jar]
[INFO] Camel :: RobotFramework                                            [jar]
[INFO] Camel :: RSS                                                       [jar]
[INFO] Camel :: RxJava                                                    [jar]
[INFO] Camel :: Salesforce :: Parent                                      [pom]
[INFO] Camel :: Salesforce                                                [jar]
[INFO] Camel :: Velocity                                                  [jar]
[INFO] Camel :: SAP NetWeaver                                             [jar]
[INFO] Camel :: XSLT Saxon                                                [jar]
[INFO] Camel :: Saxon                                                     [jar]
[INFO] Camel :: Schematron                                                [jar]
[INFO] Camel :: ServiceNow :: Parent                                      [pom]
[INFO] Camel :: ServiceNow :: Component                                   [jar]
[INFO] Camel :: Shiro                                                     [jar]
[INFO] Camel :: SIP                                                       [jar]
[INFO] Camel :: Simple JMS2                                               [jar]
[INFO] Camel :: Slack                                                     [jar]
[INFO] Camel :: SMPP                                                      [jar]
[INFO] Camel :: SnakeYAML                                                 [jar]
[INFO] Camel :: SNMP                                                      [jar]
[INFO] Camel :: SOAP                                                      [jar]
[INFO] Camel :: Solr                                                      [jar]
[INFO] Camel :: Soroush                                                   [jar]
[INFO] Camel :: Apache Spark                                              [jar]
[INFO] Camel :: Splunk HEC                                                [jar]
[INFO] Camel :: Splunk                                                    [jar]
[INFO] Camel :: Spring Batch                                              [jar]
[INFO] Camel :: Spring Integration                                        [jar]
[INFO] Camel :: Spring LDAP                                               [jar]
[INFO] Camel :: Spring RabbitMQ                                           [jar]
[INFO] Camel :: Redis                                                     [jar]
[INFO] Camel :: Spring Security                                           [jar]
[INFO] Camel :: Spring Web Services                                       [jar]
[INFO] Camel :: StAX                                                      [jar]
[INFO] Camel :: Stomp                                                     [jar]
[INFO] Camel :: StringTemplate                                            [jar]
[INFO] Camel :: Syslog                                                    [jar]
[INFO] Camel :: TagSoup                                                   [jar]
[INFO] Camel :: Tar File                                                  [jar]
[INFO] Camel :: Webhook                                                   [jar]
[INFO] Camel :: Telegram                                                  [jar]
[INFO] Camel :: Test :: CDI                                               [jar]
[INFO] Camel :: Test :: Spring                                            [jar]
[INFO] Camel :: Testcontainers :: JUnit 5                                 [jar]
[INFO] Camel :: Testcontainers :: Spring :: JUnit5                        [jar]
[INFO] Camel :: Testcontainers                                            [jar]
[INFO] Camel :: Testcontainers :: Spring                                  [jar]
[INFO] Camel :: Thread Pool Factory :: Vert.x                             [jar]
[INFO] Camel :: Thrift                                                    [jar]
[INFO] Camel :: Tika                                                      [jar]
[INFO] Camel :: Twilio                                                    [jar]
[INFO] Camel :: Twitter                                                   [jar]
[INFO] Camel :: Undertow Spring Security                                  [jar]
[INFO] Camel :: UniVocity Parsers                                         [jar]
[INFO] Camel :: Vert.x :: HTTP                                            [jar]
[INFO] Camel :: Vert.x :: Kafka :: Parent                                 [pom]
[INFO] Camel :: Vert.x :: Kafka :: Maven plugin                  [maven-plugin]
[INFO] Camel :: Vert.x :: Kafka                                           [jar]
[INFO] Camel :: Vert.x :: WebSocket                                       [jar]
[INFO] Camel :: Vertx                                                     [jar]
[INFO] Camel :: Weather                                                   [jar]
[INFO] Camel :: Web3j                                                     [jar]
[INFO] Camel :: WebSocket JSR356                                          [jar]
[INFO] Camel :: WebSocket                                                 [jar]
[INFO] Camel :: Weka                                                      [jar]
[INFO] Camel :: Wordpress                                                 [jar]
[INFO] Camel :: Workday                                                   [jar]
[INFO] Camel :: XChange                                                   [jar]
[INFO] Camel :: XJ                                                        [jar]
[INFO] Camel :: XML Security                                              [jar]
[INFO] Camel :: Test Infra :: Xmpp                                        [jar]
[INFO] Camel :: XMPP                                                      [jar]
[INFO] Camel :: XStream                                                   [jar]
[INFO] Camel :: Yammer                                                    [jar]
[INFO] Camel :: Zendesk                                                   [jar]
[INFO] Camel :: Zip File                                                  [jar]
[INFO] Camel :: Zipkin                                                    [jar]
[INFO] Camel :: Test Infra :: ZooKeeper                                   [jar]
[INFO] Camel :: Zookeeper Master                                          [jar]
[INFO] Camel :: Zookeeper                                                 [jar]
[INFO] Camel :: Component DSL                                             [jar]
[INFO] Camel :: Test Infra :: Azure Storage Queue                         [jar]
[INFO] Camel :: Test Infra :: Messaging Common                            [jar]
[INFO] Camel :: Test Infra :: Artemis                                     [jar]
[INFO] Camel :: Test Infra :: Dispatch Router                             [jar]
[INFO] Camel :: Salesforce :: Maven plugin                       [maven-plugin]
[INFO] Camel :: ServiceNow :: Maven plugin                       [maven-plugin]
[INFO] Camel :: Archetypes                                                [pom]
[INFO] Camel :: Archetypes :: API Component                   [maven-archetype]
[INFO] Camel :: Archetypes :: CDI Based Router                [maven-archetype]
[INFO] Camel :: Archetypes :: Component                       [maven-archetype]
[INFO] Camel :: Archetypes :: Data Format                     [maven-archetype]
[INFO] Camel :: Archetypes :: Java Router                     [maven-archetype]
[INFO] Camel :: Archetypes :: Main                            [maven-archetype]
[INFO] Camel :: Archetypes :: Spring XML Based Router         [maven-archetype]
[INFO] Camel :: Archetypes :: Endpoint DSL Router             [maven-archetype]
[INFO] Camel :: Catalog                                                   [pom]
[INFO] Camel :: Catalog :: Dummy Component                                [jar]
[INFO] Camel :: Catalog :: Camel Catalog                                  [jar]
[INFO] Camel :: Catalog :: Lucene                                         [jar]
[INFO] Camel :: Catalog :: Maven                                          [jar]
[INFO] Camel :: Catalog :: Camel Route Parser                             [jar]
[INFO] Camel :: Catalog :: Camel Compiled Simple Maven Plugin    [maven-plugin]
[INFO] Camel :: Catalog :: Camel Report Maven Plugin             [maven-plugin]
[INFO] Camel :: Integration Tests :: Test Bundles                         [pom]
[INFO] Camel :: Integration Tests :: Test Bundles: mock-javamail-1.7      [jar]
[INFO] Camel :: Integration Tests :: Camel Validator Test Resources       [jar]
[INFO] Camel :: Integration Tests                                         [pom]
[INFO] Camel :: Integration Tests :: Standalone                           [jar]
[INFO] Camel :: Integration Tests :: CDI                                  [jar]
[INFO] Camel :: Integration Tests :: JMS 2.0 API                          [jar]
[INFO] Camel :: Integration Tests :: JMH                                  [jar]
[INFO] Camel :: Integration Tests :: Partial Classpath                    [jar]
[INFO] Camel :: Integration Tests :: TypeConverter Scan                   [jar]
[INFO] Camel :: Docs                                                      [pom]
[INFO] Camel :: Assembly                                                  [pom]
[INFO] 
[INFO] -----------------------< org.apache.camel:camel >-----------------------
[INFO] Building Camel 3.8.0-SNAPSHOT                                    [1/507]
[INFO]   from pom.xml
[INFO] --------------------------------[ pom ]---------------------------------
[INFO] 
[INFO] --- clean:3.1.0:clean (default-clean) @ camel ---
[INFO] Deleting /home/runner/work/sonar-analysis/sonar-analysis/project/target
[INFO] 
[INFO] --- enforcer:1.4.1:enforce (enforce-maven-version) @ camel ---
[INFO] Skipping Rule Enforcement.
[INFO] 
[INFO] --- enforcer:1.4.1:enforce (enforce-maven) @ camel ---
[INFO] Skipping Rule Enforcement.
[INFO] 
[INFO] --- flatten:1.2.5:flatten (default-cli) @ camel ---
[INFO] Generating flattened POM of project org.apache.camel:camel:pom:3.8.0-SNAPSHOT...
[INFO] 
[INFO] --- site:3.7.1:attach-descriptor (attach-descriptor) @ camel ---
[INFO] No site descriptor found: nothing to attach.
[INFO] 
[INFO] --- install:2.5.2:install (default-install) @ camel ---
[INFO] Installing /home/runner/work/sonar-analysis/sonar-analysis/project/target/.flattened-pom.xml to /home/runner/.m2/repository/org/apache/camel/camel/3.8.0-SNAPSHOT/camel-3.8.0-SNAPSHOT.pom
[INFO] 
[INFO] -------------------< org.apache.camel:camel-parent >--------------------
[INFO] Building Camel :: Parent 3.8.0-SNAPSHOT                          [2/507]
[INFO]   from parent/pom.xml
[INFO] --------------------------------[ pom ]---------------------------------
[INFO] 
[INFO] --- clean:3.1.0:clean (default-clean) @ camel-parent ---
[INFO] Deleting /home/runner/work/sonar-analysis/sonar-analysis/project/parent/target
[INFO] 
[INFO] --- enforcer:1.4.1:enforce (enforce-maven) @ camel-parent ---
[INFO] Skipping Rule Enforcement.
[INFO] 
[INFO] --- impsort:1.4.1:sort (sort-imports) @ camel-parent ---
[INFO] Skipping execution of impsort-maven-plugin
[INFO] 
[INFO] --- flatten:1.2.5:flatten (default-cli) @ camel-parent ---
[INFO] Generating flattened POM of project org.apache.camel:camel-parent:pom:3.8.0-SNAPSHOT...
[INFO] 
[INFO] --- install:2.5.2:install (default-install) @ camel-parent ---
[INFO] Installing /home/runner/work/sonar-analysis/sonar-analysis/project/parent/target/.flattened-pom.xml to /home/runner/.m2/repository/org/apache/camel/camel-parent/3.8.0-SNAPSHOT/camel-parent-3.8.0-SNAPSHOT.pom
[INFO] 
[INFO] ----------------< org.apache.camel:camel-dependencies >-----------------
[INFO] Building Camel :: Dependencies 3.8.0-SNAPSHOT                    [3/507]
[INFO]   from camel-dependencies/pom.xml
[INFO] --------------------------------[ pom ]---------------------------------
[INFO] 
[INFO] --- clean:3.1.0:clean (default-clean) @ camel-dependencies ---
[INFO] Deleting /home/runner/work/sonar-analysis/sonar-analysis/project/camel-dependencies/target
[INFO] 
[INFO] --- enforcer:1.4.1:enforce (enforce-maven-version) @ camel-dependencies ---
[INFO] Skipping Rule Enforcement.
[INFO] 
[INFO] --- remote-resources:1.7.0:process (process-resource-bundles) @ camel-dependencies ---
[INFO] Preparing remote bundle org.apache:apache-jar-resource-bundle:1.4
[INFO] Copying 3 resources from 1 bundle.
[INFO] 
[INFO] --- site:3.7.1:attach-descriptor (attach-descriptor) @ camel-dependencies ---
[INFO] No site descriptor found: nothing to attach.
[INFO] 
[INFO] --- install:2.5.2:install (default-install) @ camel-dependencies ---
[INFO] Installing /home/runner/work/sonar-analysis/sonar-analysis/project/camel-dependencies/pom.xml to /home/runner/.m2/repository/org/apache/camel/camel-dependencies/3.8.0-SNAPSHOT/camel-dependencies-3.8.0-SNAPSHOT.pom
[INFO] 
[INFO] -----------------------< org.apache.camel:init >------------------------
[INFO] Building Camel :: Init 3.8.0-SNAPSHOT                            [4/507]
[INFO]   from init/pom.xml
[INFO] --------------------------------[ pom ]---------------------------------
[INFO] 
[INFO] --- clean:3.1.0:clean (default-clean) @ init ---
[INFO] Deleting /home/runner/work/sonar-analysis/sonar-analysis/project/init/target
[INFO] 
[INFO] --- enforcer:1.4.1:enforce (enforce-maven-version) @ init ---
[INFO] Skipping Rule Enforcement.
[INFO] 
[INFO] --- enforcer:1.4.1:enforce (enforce-maven) @ init ---
[INFO] Skipping Rule Enforcement.
[INFO] 
[INFO] --- flatten:1.2.5:flatten (default-cli) @ init ---
[INFO] Generating flattened POM of project org.apache.camel:init:pom:3.8.0-SNAPSHOT...
[INFO] 
[INFO] --- site:3.7.1:attach-descriptor (attach-descriptor) @ init ---
[INFO] No site descriptor found: nothing to attach.
[INFO] 
[INFO] --- install:2.5.2:install (default-install) @ init ---
[INFO] Installing /home/runner/work/sonar-analysis/sonar-analysis/project/init/target/.flattened-pom.xml to /home/runner/.m2/repository/org/apache/camel/init/3.8.0-SNAPSHOT/init-3.8.0-SNAPSHOT.pom
[INFO] 
[INFO] ----------------< org.apache.camel:camel-format-plugin >----------------
[INFO] Building Camel :: Maven Plugins :: Enhanced Formatter Plugin 3.8.0-SNAPSHOT [5/507]
[INFO]   from init/camel-format-plugin/pom.xml
[INFO] ----------------------------[ maven-plugin ]----------------------------
[INFO] 
[INFO] --- clean:3.1.0:clean (default-clean) @ camel-format-plugin ---
[INFO] Deleting /home/runner/work/sonar-analysis/sonar-analysis/project/init/camel-format-plugin/target
[INFO] 
[INFO] --- enforcer:1.4.1:enforce (enforce-maven-version) @ camel-format-plugin ---
[INFO] Skipping Rule Enforcement.
[INFO] 
[INFO] --- enforcer:1.4.1:enforce (enforce-maven) @ camel-format-plugin ---
[INFO] Skipping Rule Enforcement.
[INFO] 
[INFO] --- resources:3.1.0:resources (default-resources) @ camel-format-plugin ---
[INFO] Using 'UTF-8' encoding to copy filtered resources.
[INFO] Copying 3 resources
[INFO] 
[INFO] --- flatten:1.2.5:flatten (default-cli) @ camel-format-plugin ---
[INFO] Generating flattened POM of project org.apache.camel:camel-format-plugin:maven-plugin:3.8.0-SNAPSHOT...
[INFO] 
[INFO] --- compiler:3.8.1:compile (default-compile) @ camel-format-plugin ---
[INFO] Changes detected - recompiling the module!
[INFO] Compiling 3 source files to /home/runner/work/sonar-analysis/sonar-analysis/project/init/camel-format-plugin/target/classes
[INFO] 
[INFO] --- plugin:3.5.2:descriptor (default-descriptor) @ camel-format-plugin ---
[WARNING] Execution skipped
[INFO] 
[INFO] --- resources:3.1.0:testResources (default-testResources) @ camel-format-plugin ---
[INFO] Using 'UTF-8' encoding to copy filtered resources.
[INFO] skip non existing resourceDirectory /home/runner/work/sonar-analysis/sonar-analysis/project/init/camel-format-plugin/src/test/resources
[INFO] 
[INFO] --- compiler:3.8.1:testCompile (default-testCompile) @ camel-format-plugin ---
[INFO] No sources to compile
[INFO] 
[INFO] --- surefire:3.0.0-M5:test (default-test) @ camel-format-plugin ---
[INFO] Tests are skipped.
[INFO] 
[INFO] --- jar:3.2.0:jar (default-jar) @ camel-format-plugin ---
[INFO] Building jar: /home/runner/work/sonar-analysis/sonar-analysis/project/init/camel-format-plugin/target/camel-format-plugin-3.8.0-SNAPSHOT.jar
[INFO] 
[INFO] --- site:3.7.1:attach-descriptor (attach-descriptor) @ camel-format-plugin ---
[INFO] Skipping because packaging 'maven-plugin' is not pom.
[INFO] 
[INFO] --- shade:3.2.4:shade (default) @ camel-format-plugin ---
[INFO] Including net.revelc.code.formatter:formatter-maven-plugin:jar:2.12.1 in the shaded jar.
[INFO] Excluding com.fasterxml.jackson.core:jackson-annotations:jar:2.11.1 from the shaded jar.
[INFO] Excluding com.fasterxml.jackson.core:jackson-core:jar:2.11.1 from the shaded jar.
[INFO] Excluding com.fasterxml.jackson.core:jackson-databind:jar:2.11.1 from the shaded jar.
[INFO] Excluding com.google.guava:guava:jar:29.0-jre from the shaded jar.
[INFO] Excluding com.google.guava:failureaccess:jar:1.0.1 from the shaded jar.
[INFO] Excluding com.google.guava:listenablefuture:jar:9999.0-empty-to-avoid-conflict-with-guava from the shaded jar.
[INFO] Excluding com.google.code.findbugs:jsr305:jar:3.0.2 from the shaded jar.
[INFO] Excluding org.checkerframework:checker-qual:jar:2.11.1 from the shaded jar.
[INFO] Excluding com.google.errorprone:error_prone_annotations:jar:2.3.4 from the shaded jar.
[INFO] Excluding com.google.j2objc:j2objc-annotations:jar:1.3 from the shaded jar.
[INFO] Excluding commons-beanutils:commons-beanutils:jar:1.9.4 from the shaded jar.
[INFO] Excluding commons-logging:commons-logging:jar:1.2 from the shaded jar.
[INFO] Excluding commons-collections:commons-collections:jar:3.2.2 from the shaded jar.
[INFO] Excluding net.revelc.code.formatter:jsdt-core:jar:2.8.0 from the shaded jar.
[INFO] Excluding net.revelc.code.formatter:xml-formatter:jar:0.2.0 from the shaded jar.
[INFO] Excluding net.sourceforge.cssparser:cssparser:jar:0.9.27 from the shaded jar.
[INFO] Excluding org.apache.commons:commons-digester3:jar:3.2 from the shaded jar.
[INFO] Excluding cglib:cglib:jar:2.2.2 from the shaded jar.
[INFO] Excluding asm:asm:jar:3.3.1 from the shaded jar.
[INFO] Excluding org.codehaus.plexus:plexus-resources:jar:1.1.0 from the shaded jar.
[INFO] Excluding org.codehaus.plexus:plexus-container-default:jar:1.0-alpha-9-stable-1 from the shaded jar.
[INFO] Excluding classworlds:classworlds:jar:1.1-alpha-2 from the shaded jar.
[INFO] Excluding org.codehaus.plexus:plexus-utils:jar:3.3.0 from the shaded jar.
[INFO] Excluding org.eclipse.jdt:org.eclipse.jdt.core:jar:3.22.0 from the shaded jar.
[INFO] Excluding org.eclipse.platform:org.eclipse.core.resources:jar:3.23.200 from the shaded jar.
[INFO] Excluding org.eclipse.platform:org.eclipse.core.expressions:jar:3.9.500 from the shaded jar.
[INFO] Excluding net.java.dev.jna:jna:jar:5.18.1 from the shaded jar.
[INFO] Excluding org.eclipse.platform:org.eclipse.osgi:jar:3.24.100 from the shaded jar.
[INFO] Excluding org.eclipse.platform:org.eclipse.core.runtime:jar:3.34.200 from the shaded jar.
[INFO] Excluding org.eclipse.platform:org.eclipse.equinox.common:jar:3.20.300 from the shaded jar.
[INFO] Excluding org.eclipse.platform:org.eclipse.core.jobs:jar:3.15.700 from the shaded jar.
[INFO] Excluding org.eclipse.platform:org.eclipse.equinox.registry:jar:3.12.600 from the shaded jar.
[INFO] Excluding org.eclipse.platform:org.eclipse.equinox.preferences:jar:3.12.100 from the shaded jar.
[INFO] Excluding org.osgi:org.osgi.service.prefs:jar:1.1.2 from the shaded jar.
[INFO] Excluding org.osgi:osgi.annotation:jar:8.0.1 from the shaded jar.
[INFO] Excluding org.eclipse.platform:org.eclipse.core.contenttype:jar:3.9.800 from the shaded jar.
[INFO] Excluding org.eclipse.platform:org.eclipse.equinox.app:jar:1.7.600 from the shaded jar.
[INFO] Excluding org.eclipse.platform:org.eclipse.core.filesystem:jar:1.11.400 from the shaded jar.
[INFO] Excluding net.java.dev.jna:jna-platform:jar:5.18.1 from the shaded jar.
[INFO] Excluding org.eclipse.platform:org.eclipse.text:jar:3.14.600 from the shaded jar.
[INFO] Excluding org.eclipse.platform:org.eclipse.core.commands:jar:3.12.500 from the shaded jar.
[INFO] Excluding org.jsoup:jsoup:jar:1.13.1 from the shaded jar.
[INFO] Excluding org.w3c.css:sac:jar:1.3 from the shaded jar.
[INFO] Excluding xml-apis:xml-apis:jar:1.4.01 from the shaded jar.
[INFO] Excluding io.github.java-diff-utils:java-diff-utils:jar:4.7 from the shaded jar.
[WARNING] camel-format-plugin-3.8.0-SNAPSHOT.jar, formatter-maven-plugin-2.12.1.jar define 5 overlapping class and resource: 
[WARNING]   - META-INF/MANIFEST.MF
[WARNING]   - net.revelc.code.formatter.FormatterMojo
[WARNING]   - net.revelc.code.formatter.FormatterMojo$ResultCollector
[WARNING]   - net.revelc.code.formatter.ValidateMojo
[WARNING]   - net.revelc.code.formatter.java.JavaFormatter
[WARNING] maven-shade-plugin has detected that some class files are
[WARNING] present in two or more JARs. When this happens, only one
[WARNING] single version of the class is copied to the uber jar.
[WARNING] Usually this is not harmful and you can skip these warnings,
[WARNING] otherwise try to manually exclude artifacts based on
[WARNING] mvn dependency:tree -Ddetail=true and the above output.
[WARNING] See http://maven.apache.org/plugins/maven-shade-plugin/
[INFO] Replacing original artifact with shaded artifact.
[INFO] Replacing /home/runner/work/sonar-analysis/sonar-analysis/project/init/camel-format-plugin/target/camel-format-plugin-3.8.0-SNAPSHOT.jar with /home/runner/work/sonar-analysis/sonar-analysis/project/init/camel-format-plugin/target/camel-format-plugin-3.8.0-SNAPSHOT-shaded.jar
[INFO] Dependency-reduced POM written at: /home/runner/work/sonar-analysis/sonar-analysis/project/init/camel-format-plugin/dependency-reduced-pom.xml
[INFO] 
[INFO] --- install:2.5.2:install (default-install) @ camel-format-plugin ---
[INFO] Installing /home/runner/work/sonar-analysis/sonar-analysis/project/init/camel-format-plugin/target/camel-format-plugin-3.8.0-SNAPSHOT.jar to /home/runner/.m2/repository/org/apache/camel/camel-format-plugin/3.8.0-SNAPSHOT/camel-format-plugin-3.8.0-SNAPSHOT.jar
[INFO] Installing /home/runner/work/sonar-analysis/sonar-analysis/project/init/camel-format-plugin/dependency-reduced-pom.xml to /home/runner/.m2/repository/org/apache/camel/camel-format-plugin/3.8.0-SNAPSHOT/camel-format-plugin-3.8.0-SNAPSHOT.pom
[WARNING] Artifact org.apache.camel:camel-format-plugin JAR (about to be installed/deployed) contains Maven Plugin metadata for conflicting coordinates: net.revelc.code.formatter:formatter-maven-plugin. Your JAR contains rogue Maven Plugin metadata. Possible causes may be: shaded into this JAR some Maven Plugin or some rogue resource.
[INFO] 
[INFO] ----------------< org.apache.camel:camel-bundle-plugin >----------------
[INFO] Building Camel :: Maven Plugins :: Enhanced Bundle Plugin 3.8.0-SNAPSHOT [6/507]
[INFO]   from init/camel-bundle-plugin/pom.xml
[INFO] ----------------------------[ maven-plugin ]----------------------------
[INFO] 
[INFO] --- clean:3.1.0:clean (default-clean) @ camel-bundle-plugin ---
[INFO] Deleting /home/runner/work/sonar-analysis/sonar-analysis/project/init/camel-bundle-plugin/target
[INFO] 
[INFO] --- enforcer:1.4.1:enforce (enforce-maven-version) @ camel-bundle-plugin ---
[INFO] Skipping Rule Enforcement.
[INFO] 
[INFO] --- enforcer:1.4.1:enforce (enforce-maven) @ camel-bundle-plugin ---
[INFO] Skipping Rule Enforcement.
[INFO] 
[INFO] --- resources:3.1.0:resources (default-resources) @ camel-bundle-plugin ---
[INFO] Using 'UTF-8' encoding to copy filtered resources.
[INFO] Copying 3 resources
[INFO] 
[INFO] --- flatten:1.2.5:flatten (default-cli) @ camel-bundle-plugin ---
[INFO] Generating flattened POM of project org.apache.camel:camel-bundle-plugin:maven-plugin:3.8.0-SNAPSHOT...
[INFO] 
[INFO] --- compiler:3.8.1:compile (default-compile) @ camel-bundle-plugin ---
[INFO] Changes detected - recompiling the module!
[INFO] Compiling 3 source files to /home/runner/work/sonar-analysis/sonar-analysis/project/init/camel-bundle-plugin/target/classes
[INFO] 
[INFO] --- plugin:3.5.2:descriptor (default-descriptor) @ camel-bundle-plugin ---
[WARNING] Execution skipped
[INFO] 
[INFO] --- resources:3.1.0:testResources (default-testResources) @ camel-bundle-plugin ---
[INFO] Using 'UTF-8' encoding to copy filtered resources.
[INFO] skip non existing resourceDirectory /home/runner/work/sonar-analysis/sonar-analysis/project/init/camel-bundle-plugin/src/test/resources
[INFO] 
[INFO] --- compiler:3.8.1:testCompile (default-testCompile) @ camel-bundle-plugin ---
[INFO] No sources to compile
[INFO] 
[INFO] --- surefire:3.0.0-M5:test (default-test) @ camel-bundle-plugin ---
[INFO] Tests are skipped.
[INFO] 
[INFO] --- jar:3.2.0:jar (default-jar) @ camel-bundle-plugin ---
[INFO] Building jar: /home/runner/work/sonar-analysis/sonar-analysis/project/init/camel-bundle-plugin/target/camel-bundle-plugin-3.8.0-SNAPSHOT.jar
[INFO] 
[INFO] --- site:3.7.1:attach-descriptor (attach-descriptor) @ camel-bundle-plugin ---
[INFO] Skipping because packaging 'maven-plugin' is not pom.
[INFO] 
[INFO] --- install:2.5.2:install (default-install) @ camel-bundle-plugin ---
[INFO] Installing /home/runner/work/sonar-analysis/sonar-analysis/project/init/camel-bundle-plugin/target/camel-bundle-plugin-3.8.0-SNAPSHOT.jar to /home/runner/.m2/repository/org/apache/camel/camel-bundle-plugin/3.8.0-SNAPSHOT/camel-bundle-plugin-3.8.0-SNAPSHOT.jar
[INFO] Installing /home/runner/work/sonar-analysis/sonar-analysis/project/init/camel-bundle-plugin/target/.flattened-pom.xml to /home/runner/.m2/repository/org/apache/camel/camel-bundle-plugin/3.8.0-SNAPSHOT/camel-bundle-plugin-3.8.0-SNAPSHOT.pom
[INFO] 
[INFO] ---------------------< org.apache.camel:camel-etc >---------------------
[INFO] Building Camel :: Etc 3.8.0-SNAPSHOT                             [7/507]
[INFO]   from etc/pom.xml
[INFO] --------------------------------[ pom ]---------------------------------
[INFO] 
[INFO] --- clean:3.1.0:clean (default-clean) @ camel-etc ---
[INFO] Deleting /home/runner/work/sonar-analysis/sonar-analysis/project/etc/target
[INFO] 
[INFO] --- enforcer:1.4.1:enforce (enforce-maven) @ camel-etc ---
[INFO] Skipping Rule Enforcement.
[INFO] 
[INFO] --- impsort:1.4.1:sort (sort-imports) @ camel-etc ---
[INFO] Skipping execution of impsort-maven-plugin
[INFO] 
[INFO] --- flatten:1.2.5:flatten (default-cli) @ camel-etc ---
[INFO] Generating flattened POM of project org.apache.camel:camel-etc:pom:3.8.0-SNAPSHOT...
[INFO] 
[INFO] --- install:2.5.2:install (default-install) @ camel-etc ---
[INFO] Installing /home/runner/work/sonar-analysis/sonar-analysis/project/etc/target/.flattened-pom.xml to /home/runner/.m2/repository/org/apache/camel/camel-etc/3.8.0-SNAPSHOT/camel-etc-3.8.0-SNAPSHOT.pom
[INFO] 
[INFO] -----------------< org.apache.camel:camel-buildtools >------------------
[INFO] Building Camel :: Buildtools 3.8.0-SNAPSHOT                      [8/507]
[INFO]   from buildingtools/pom.xml
[INFO] --------------------------------[ jar ]---------------------------------
[INFO] 
[INFO] --- clean:3.1.0:clean (default-clean) @ camel-buildtools ---
[INFO] Deleting /home/runner/work/sonar-analysis/sonar-analysis/project/buildingtools/target
[INFO] 
[INFO] --- enforcer:1.4.1:enforce (enforce-maven-version) @ camel-buildtools ---
[INFO] Skipping Rule Enforcement.
[INFO] 
[INFO] --- enforcer:1.4.1:enforce (enforce-maven) @ camel-buildtools ---
[INFO] Skipping Rule Enforcement.
[INFO] 
[INFO] --- license:3.0:format (default-cli) @ camel-buildtools ---
[INFO] Updating license headers...
[INFO] 
[INFO] --- gplus:1.11.1:execute (default) @ camel-buildtools ---
[INFO] Using plugin classloader, includes GMavenPlus classpath.
[INFO] Using Groovy 3.0.7 to perform execute.
[INFO] 
[INFO] --- resources:3.1.0:resources (default-resources) @ camel-buildtools ---
[INFO] Using 'UTF-8' encoding to copy filtered resources.
[INFO] Copying 14 resources
[INFO] 
[INFO] --- flatten:1.2.5:flatten (default-cli) @ camel-buildtools ---
[INFO] Generating flattened POM of project org.apache.camel:camel-buildtools:jar:3.8.0-SNAPSHOT...
[INFO] 
[INFO] --- compiler:3.8.1:compile (default-compile) @ camel-buildtools ---
[INFO] No sources to compile
[INFO] 
[INFO] --- resources:3.1.0:testResources (default-testResources) @ camel-buildtools ---
[INFO] Not copying test resources
[INFO] 
[INFO] --- compiler:3.8.1:testCompile (default-testCompile) @ camel-buildtools ---
[INFO] Not compiling test sources
[INFO] 
[INFO] --- surefire:3.0.0-M5:test (default-test) @ camel-buildtools ---
[INFO] Tests are skipped.
[INFO] 
[INFO] --- jar:3.2.0:jar (default-jar) @ camel-buildtools ---
[INFO] Building jar: /home/runner/work/sonar-analysis/sonar-analysis/project/buildingtools/target/camel-buildtools-3.8.0-SNAPSHOT.jar
[INFO] 
[INFO] --- site:3.7.1:attach-descriptor (attach-descriptor) @ camel-buildtools ---
[INFO] Skipping because packaging 'jar' is not pom.
[INFO] 
[INFO] --- install:2.5.2:install (default-install) @ camel-buildtools ---
[INFO] Installing /home/runner/work/sonar-analysis/sonar-analysis/project/buildingtools/target/camel-buildtools-3.8.0-SNAPSHOT.jar to /home/runner/.m2/repository/org/apache/camel/camel-buildtools/3.8.0-SNAPSHOT/camel-buildtools-3.8.0-SNAPSHOT.jar
[INFO] Installing /home/runner/work/sonar-analysis/sonar-analysis/project/buildingtools/target/.flattened-pom.xml to /home/runner/.m2/repository/org/apache/camel/camel-buildtools/3.8.0-SNAPSHOT/camel-buildtools-3.8.0-SNAPSHOT.pom
[INFO] 
[INFO] ----------------------< org.apache.camel:tooling >----------------------
[INFO] Building Camel :: Tooling 3.8.0-SNAPSHOT                         [9/507]
[INFO]   from tooling/pom.xml
[INFO] --------------------------------[ pom ]---------------------------------
[INFO] 
[INFO] ----------------< org.apache.camel:camel-tooling-util >-----------------
[INFO] Building Camel :: Tooling :: Util 3.8.0-SNAPSHOT                [10/507]
[INFO]   from tooling/camel-tooling-util/pom.xml
[INFO] --------------------------------[ jar ]---------------------------------
[INFO] 
[INFO] ------------------< org.apache.camel:tooling-parent >-------------------
[INFO] Building Camel :: Tooling Parent 3.8.0-SNAPSHOT                 [11/507]
[INFO]   from tooling/parent/pom.xml
[INFO] --------------------------------[ pom ]---------------------------------
[INFO] 
[INFO] -------------------< org.apache.camel:maven-plugins >-------------------
[INFO] Building Camel :: Maven Plugins 3.8.0-SNAPSHOT                  [12/507]
[INFO]   from tooling/maven/pom.xml
[INFO] --------------------------------[ pom ]---------------------------------
[INFO] 
[INFO] ------------< org.apache.camel:bom-generator-maven-plugin >-------------
[INFO] Building Camel :: Maven Plugins :: BOM Generator 3.8.0-SNAPSHOT [13/507]
[INFO]   from tooling/maven/bom-generator-maven-plugin/pom.xml
[INFO] ----------------------------[ maven-plugin ]----------------------------
[INFO] 
[INFO] -------------------< org.apache.camel:bom-generator >-------------------
[INFO] Building Camel :: BOM :: Generator 3.8.0-SNAPSHOT               [14/507]
[INFO]   from bom/pom.xml
[INFO] --------------------------------[ pom ]---------------------------------
[INFO] 
[INFO] ---------------------< org.apache.camel:camel-bom >---------------------
[INFO] Building Camel :: BOM 3.8.0-SNAPSHOT                            [15/507]
[INFO]   from bom/camel-bom/pom.xml
[INFO] --------------------------------[ pom ]---------------------------------
[INFO] 
[INFO] --- clean:3.1.0:clean (default-clean) @ camel-bom ---
[INFO] Deleting /home/runner/work/sonar-analysis/sonar-analysis/project/bom/camel-bom/target
[INFO] 
[INFO] --- enforcer:1.4.1:enforce (enforce-maven-version) @ camel-bom ---
[INFO] Skipping Rule Enforcement.
[INFO] 
[INFO] --- enforcer:1.4.1:enforce (enforce-maven) @ camel-bom ---
[INFO] Skipping Rule Enforcement.
[INFO] 
[INFO] --- flatten:1.2.5:flatten (default-cli) @ camel-bom ---
[INFO] Generating flattened POM of project org.apache.camel:camel-bom:pom:3.8.0-SNAPSHOT...
[INFO] 
[INFO] --- site:3.7.1:attach-descriptor (attach-descriptor) @ camel-bom ---
[INFO] No site descriptor found: nothing to attach.
[INFO] 
[INFO] --- install:2.5.2:install (default-install) @ camel-bom ---
[INFO] Installing /home/runner/work/sonar-analysis/sonar-analysis/project/bom/camel-bom/target/.flattened-pom.xml to /home/runner/.m2/repository/org/apache/camel/camel-bom/3.8.0-SNAPSHOT/camel-bom-3.8.0-SNAPSHOT.pom
[INFO] 
[INFO] ------------------< org.apache.camel:spi-annotations >------------------
[INFO] Building Camel :: SPI Annotations 3.8.0-SNAPSHOT                [16/507]
[INFO]   from tooling/spi-annotations/pom.xml
[INFO] --------------------------------[ jar ]---------------------------------
[INFO] 
[INFO] ------------------< org.apache.camel:camel-util-json >------------------
[INFO] Building Camel :: Util :: JSon 3.8.0-SNAPSHOT                   [17/507]
[INFO]   from tooling/camel-util-json/pom.xml
[INFO] --------------------------------[ jar ]---------------------------------
[INFO] 
[INFO] ----------------< org.apache.camel:camel-tooling-model >----------------
[INFO] Building Camel :: Tooling :: Model 3.8.0-SNAPSHOT               [18/507]
[INFO]   from tooling/camel-tooling-model/pom.xml
[INFO] --------------------------------[ jar ]---------------------------------
[INFO] 
[INFO] ------------< org.apache.camel:camel-package-maven-plugin >-------------
[INFO] Building Camel :: Maven Plugins :: Camel Maven Package 3.8.0-SNAPSHOT [19/507]
[INFO]   from tooling/maven/camel-package-maven-plugin/pom.xml
[INFO] ----------------------------[ maven-plugin ]----------------------------
[INFO] 
[INFO] -----------------------< org.apache.camel:core >------------------------
[INFO] Building Camel :: Core Modules 3.8.0-SNAPSHOT                   [20/507]
[INFO]   from core/pom.xml
[INFO] --------------------------------[ pom ]---------------------------------
[INFO] 
[INFO] --------------------< org.apache.camel:camel-util >---------------------
[INFO] Building Camel :: Util 3.8.0-SNAPSHOT                           [21/507]
[INFO]   from core/camel-util/pom.xml
[INFO] --------------------------------[ jar ]---------------------------------
[INFO] 
[INFO] ---------------------< org.apache.camel:camel-api >---------------------
[INFO] Building Camel :: API 3.8.0-SNAPSHOT                            [22/507]
[INFO]   from core/camel-api/pom.xml
[INFO] --------------------------------[ jar ]---------------------------------
[INFO] 
[INFO] ---------------< org.apache.camel:camel-management-api >----------------
[INFO] Building Camel :: Management API 3.8.0-SNAPSHOT                 [23/507]
[INFO]   from core/camel-management-api/pom.xml
[INFO] --------------------------------[ jar ]---------------------------------
[INFO] 
[INFO] -------------------< org.apache.camel:camel-support >-------------------
[INFO] Building Camel :: Support 3.8.0-SNAPSHOT                        [24/507]
[INFO]   from core/camel-support/pom.xml
[INFO] --------------------------------[ jar ]---------------------------------
[INFO] 
[INFO] --------------------< org.apache.camel:camel-base >---------------------
[INFO] Building Camel :: Base 3.8.0-SNAPSHOT                           [25/507]
[INFO]   from core/camel-base/pom.xml
[INFO] --------------------------------[ jar ]---------------------------------
[INFO] 
[INFO] -----------------< org.apache.camel:camel-base-engine >-----------------
[INFO] Building Camel :: Base Engine 3.8.0-SNAPSHOT                    [26/507]
[INFO]   from core/camel-base-engine/pom.xml
[INFO] --------------------------------[ jar ]---------------------------------
[INFO] 
[INFO] ---------------< org.apache.camel:camel-core-processor >----------------
[INFO] Building Camel :: Core Processor 3.8.0-SNAPSHOT                 [27/507]
[INFO]   from core/camel-core-processor/pom.xml
[INFO] --------------------------------[ jar ]---------------------------------
[INFO] 
[INFO] -----------------< org.apache.camel:camel-core-model >------------------
[INFO] Building Camel :: Core Model 3.8.0-SNAPSHOT                     [28/507]
[INFO]   from core/camel-core-model/pom.xml
[INFO] --------------------------------[ jar ]---------------------------------
[INFO] 
[INFO] ----------------< org.apache.camel:camel-core-reifier >-----------------
[INFO] Building Camel :: Core Reifier 3.8.0-SNAPSHOT                   [29/507]
[INFO]   from core/camel-core-reifier/pom.xml
[INFO] --------------------------------[ jar ]---------------------------------
[INFO] 
[INFO] -----------------< org.apache.camel:camel-core-engine >-----------------
[INFO] Building Camel :: Core Engine 3.8.0-SNAPSHOT                    [30/507]
[INFO]   from core/camel-core-engine/pom.xml
[INFO] --------------------------------[ jar ]---------------------------------
[INFO] 
[INFO] ---------------< org.apache.camel:camel-core-languages >----------------
[INFO] Building Camel :: Core Languages 3.8.0-SNAPSHOT                 [31/507]
[INFO]   from core/camel-core-languages/pom.xml
[INFO] --------------------------------[ jar ]---------------------------------
[INFO] 
[INFO] --------------------< org.apache.camel:components >---------------------
[INFO] Building Camel :: Components 3.8.0-SNAPSHOT                     [32/507]
[INFO]   from components/pom.xml
[INFO] --------------------------------[ pom ]---------------------------------
[INFO] 
[INFO] --------------------< org.apache.camel:camel-bean >---------------------
[INFO] Building Camel :: Bean 3.8.0-SNAPSHOT                           [33/507]
[INFO]   from components/camel-bean/pom.xml
[INFO] --------------------------------[ jar ]---------------------------------
[INFO] 
[INFO] -------------------< org.apache.camel:camel-browse >--------------------
[INFO] Building Camel :: Browse 3.8.0-SNAPSHOT                         [34/507]
[INFO]   from components/camel-browse/pom.xml
[INFO] --------------------------------[ jar ]---------------------------------
[INFO] 
[INFO] --------------< org.apache.camel:camel-caffeine-lrucache >--------------
[INFO] Building Camel :: Caffeine LRUCache 3.8.0-SNAPSHOT              [35/507]
[INFO]   from core/camel-caffeine-lrucache/pom.xml
[INFO] --------------------------------[ jar ]---------------------------------
[INFO] 
[INFO] -------------------< org.apache.camel:camel-cluster >-------------------
[INFO] Building Camel :: Cluster 3.8.0-SNAPSHOT                        [36/507]
[INFO]   from core/camel-cluster/pom.xml
[INFO] --------------------------------[ jar ]---------------------------------
[INFO] 
[INFO] -----------------< org.apache.camel:camel-controlbus >------------------
[INFO] Building Camel :: Controlbus 3.8.0-SNAPSHOT                     [37/507]
[INFO]   from components/camel-controlbus/pom.xml
[INFO] --------------------------------[ jar ]---------------------------------
[INFO] 
[INFO] -----------------< org.apache.camel:camel-dataformat >------------------
[INFO] Building Camel :: Dataformat 3.8.0-SNAPSHOT                     [38/507]
[INFO]   from components/camel-dataformat/pom.xml
[INFO] --------------------------------[ jar ]---------------------------------
[INFO] 
[INFO] --------------------< org.apache.camel:camel-mock >---------------------
[INFO] Building Camel :: Mock 3.8.0-SNAPSHOT                           [39/507]
[INFO]   from components/camel-mock/pom.xml
[INFO] --------------------------------[ jar ]---------------------------------
[INFO] 
[INFO] -------------------< org.apache.camel:camel-dataset >-------------------
[INFO] Building Camel :: DataSet 3.8.0-SNAPSHOT                        [40/507]
[INFO]   from components/camel-dataset/pom.xml
[INFO] --------------------------------[ jar ]---------------------------------
[INFO] 
[INFO] -------------------< org.apache.camel:camel-direct >--------------------
[INFO] Building Camel :: Direct 3.8.0-SNAPSHOT                         [41/507]
[INFO]   from components/camel-direct/pom.xml
[INFO] --------------------------------[ jar ]---------------------------------
[INFO] 
[INFO] ------------------< org.apache.camel:camel-directvm >-------------------
[INFO] Building Camel :: Direct VM 3.8.0-SNAPSHOT                      [42/507]
[INFO]   from components/camel-directvm/pom.xml
[INFO] --------------------------------[ jar ]---------------------------------
[INFO] 
[INFO] --------------------< org.apache.camel:camel-file >---------------------
[INFO] Building Camel :: File 3.8.0-SNAPSHOT                           [43/507]
[INFO]   from components/camel-file/pom.xml
[INFO] --------------------------------[ jar ]---------------------------------
[INFO] 
[INFO] -------------------< org.apache.camel:camel-health >--------------------
[INFO] Building Camel :: Health 3.8.0-SNAPSHOT                         [44/507]
[INFO]   from core/camel-health/pom.xml
[INFO] --------------------------------[ jar ]---------------------------------
[INFO] 
[INFO] ------------------< org.apache.camel:camel-language >-------------------
[INFO] Building Camel :: Language 3.8.0-SNAPSHOT                       [45/507]
[INFO]   from components/camel-language/pom.xml
[INFO] --------------------------------[ jar ]---------------------------------
[INFO] 
[INFO] ---------------------< org.apache.camel:camel-log >---------------------
[INFO] Building Camel :: Log 3.8.0-SNAPSHOT                            [46/507]
[INFO]   from components/camel-log/pom.xml
[INFO] --------------------------------[ jar ]---------------------------------
[INFO] 
[INFO] ---------------------< org.apache.camel:camel-ref >---------------------
[INFO] Building Camel :: Ref 3.8.0-SNAPSHOT                            [47/507]
[INFO]   from components/camel-ref/pom.xml
[INFO] --------------------------------[ jar ]---------------------------------
[INFO] 
[INFO] --------------------< org.apache.camel:camel-rest >---------------------
[INFO] Building Camel :: REST 3.8.0-SNAPSHOT                           [48/507]
[INFO]   from components/camel-rest/pom.xml
[INFO] --------------------------------[ jar ]---------------------------------
[INFO] 
[INFO] --------------------< org.apache.camel:camel-saga >---------------------
[INFO] Building Camel :: Saga 3.8.0-SNAPSHOT                           [49/507]
[INFO]   from components/camel-saga/pom.xml
[INFO] --------------------------------[ jar ]---------------------------------
[INFO] 
[INFO] ------------------< org.apache.camel:camel-scheduler >------------------
[INFO] Building Camel :: Scheduler 3.8.0-SNAPSHOT                      [50/507]
[INFO]   from components/camel-scheduler/pom.xml
[INFO] --------------------------------[ jar ]---------------------------------
[INFO] 
[INFO] --------------------< org.apache.camel:camel-seda >---------------------
[INFO] Building Camel :: Seda 3.8.0-SNAPSHOT                           [51/507]
[INFO]   from components/camel-seda/pom.xml
[INFO] --------------------------------[ jar ]---------------------------------
[INFO] 
[INFO] ---------------------< org.apache.camel:camel-vm >----------------------
[INFO] Building Camel :: VM 3.8.0-SNAPSHOT                             [52/507]
[INFO]   from components/camel-vm/pom.xml
[INFO] --------------------------------[ jar ]---------------------------------
[INFO] 
[INFO] --------------------< org.apache.camel:camel-stub >---------------------
[INFO] Building Camel :: Stub 3.8.0-SNAPSHOT                           [53/507]
[INFO]   from components/camel-stub/pom.xml
[INFO] --------------------------------[ jar ]---------------------------------
[INFO] 
[INFO] --------------------< org.apache.camel:camel-timer >--------------------
[INFO] Building Camel :: Timer 3.8.0-SNAPSHOT                          [54/507]
[INFO]   from components/camel-timer/pom.xml
[INFO] --------------------------------[ jar ]---------------------------------
[INFO] 
[INFO] ------------------< org.apache.camel:camel-xml-jaxp >-------------------
[INFO] Building Camel :: XML JAXP 3.8.0-SNAPSHOT                       [55/507]
[INFO]   from core/camel-xml-jaxp/pom.xml
[INFO] --------------------------------[ jar ]---------------------------------
[INFO] 
[INFO] ------------------< org.apache.camel:camel-validator >------------------
[INFO] Building Camel :: Validator 3.8.0-SNAPSHOT                      [56/507]
[INFO]   from components/camel-validator/pom.xml
[INFO] --------------------------------[ jar ]---------------------------------
[INFO] 
[INFO] --------------------< org.apache.camel:camel-xpath >--------------------
[INFO] Building Camel :: XPath 3.8.0-SNAPSHOT                          [57/507]
[INFO]   from components/camel-xpath/pom.xml
[INFO] --------------------------------[ jar ]---------------------------------
[INFO] 
[INFO] --------------------< org.apache.camel:camel-xslt >---------------------
[INFO] Building Camel :: XSLT 3.8.0-SNAPSHOT                           [58/507]
[INFO]   from components/camel-xslt/pom.xml
[INFO] --------------------------------[ jar ]---------------------------------
[INFO] 
[INFO] ------------------< org.apache.camel:camel-xml-jaxb >-------------------
[INFO] Building Camel :: XML JAXB 3.8.0-SNAPSHOT                       [59/507]
[INFO]   from core/camel-xml-jaxb/pom.xml
[INFO] --------------------------------[ jar ]---------------------------------
[INFO] 
[INFO] ----------------< org.apache.camel:camel-core-catalog >-----------------
[INFO] Building Camel :: Core Catalog 3.8.0-SNAPSHOT                   [60/507]
[INFO]   from core/camel-core-catalog/pom.xml
[INFO] --------------------------------[ jar ]---------------------------------
[INFO] 
[INFO] --------------------< org.apache.camel:camel-core >---------------------
[INFO] Building Camel :: Core 3.8.0-SNAPSHOT                           [61/507]
[INFO]   from core/camel-core/pom.xml
[INFO] --------------------------------[ jar ]---------------------------------
[INFO] 
[INFO] ---------< org.apache.camel:camel-swagger-rest-dsl-generator >----------
[INFO] Building Camel :: Tooling :: Swagger REST DSL Generator 3.8.0-SNAPSHOT [62/507]
[INFO]   from tooling/swagger-rest-dsl-generator/pom.xml
[INFO] --------------------------------[ jar ]---------------------------------
[INFO] 
[INFO] ---------< org.apache.camel:camel-openapi-rest-dsl-generator >----------
[INFO] Building Camel :: Tooling :: OpenApi REST DSL Generator 3.8.0-SNAPSHOT [63/507]
[INFO]   from tooling/openapi-rest-dsl-generator/pom.xml
[INFO] --------------------------------[ jar ]---------------------------------
[INFO] 
[INFO] -----------------< org.apache.camel:camel-management >------------------
[INFO] Building Camel :: Management 3.8.0-SNAPSHOT                     [64/507]
[INFO]   from core/camel-management/pom.xml
[INFO] --------------------------------[ jar ]---------------------------------
[INFO] 
[INFO] -----------------< org.apache.camel:camel-test-junit5 >-----------------
[INFO] Building Camel :: Test :: JUnit5 3.8.0-SNAPSHOT                 [65/507]
[INFO]   from components/camel-test-junit5/pom.xml
[INFO] --------------------------------[ jar ]---------------------------------
[INFO] 
[INFO] --------------------< org.apache.camel:camel-main >---------------------
[INFO] Building Camel :: Main 3.8.0-SNAPSHOT                           [66/507]
[INFO]   from core/camel-main/pom.xml
[INFO] --------------------------------[ jar ]---------------------------------
[INFO] 
[INFO] ------------------< org.apache.camel:camel-core-xml >-------------------
[INFO] Building Camel :: Core XML 3.8.0-SNAPSHOT                       [67/507]
[INFO]   from core/camel-core-xml/pom.xml
[INFO] --------------------------------[ jar ]---------------------------------
[INFO] 
[INFO] --------------------< org.apache.camel:camel-cron >---------------------
[INFO] Building Camel :: Cron 3.8.0-SNAPSHOT                           [68/507]
[INFO]   from components/camel-cron/pom.xml
[INFO] --------------------------------[ jar ]---------------------------------
[INFO] 
[INFO] --------------------< org.apache.camel:camel-cloud >--------------------
[INFO] Building Camel :: Cloud 3.8.0-SNAPSHOT                          [69/507]
[INFO]   from core/camel-cloud/pom.xml
[INFO] --------------------------------[ jar ]---------------------------------
[INFO] 
[INFO] ---< org.apache.camel:camel-eip-documentation-enricher-maven-plugin >---
[INFO] Building Camel :: Maven Plugins :: Camel EIP Documentation Enricher Plugin 3.8.0-SNAPSHOT [70/507]
[INFO]   from tooling/maven/camel-eip-documentation-enricher-maven-plugin/pom.xml
[INFO] ----------------------------[ maven-plugin ]----------------------------
[INFO] 
[INFO] -------------------< org.apache.camel:camel-spring >--------------------
[INFO] Building Camel :: Spring 3.8.0-SNAPSHOT                         [71/507]
[INFO]   from components/camel-spring/pom.xml
[INFO] --------------------------------[ jar ]---------------------------------
[INFO] 
[INFO] -------------< org.apache.camel:camel-test-spring-junit5 >--------------
[INFO] Building Camel :: Test :: Spring:: JUnit5 3.8.0-SNAPSHOT        [72/507]
[INFO]   from components/camel-test-spring-junit5/pom.xml
[INFO] --------------------------------[ jar ]---------------------------------
[INFO] 
[INFO] -----------------< org.apache.camel:camel-spring-main >-----------------
[INFO] Building Camel :: Spring Main 3.8.0-SNAPSHOT                    [73/507]
[INFO]   from components/camel-spring-main/pom.xml
[INFO] --------------------------------[ jar ]---------------------------------
[INFO] 
[INFO] --------------< org.apache.camel:camel-spring-javaconfig >--------------
[INFO] Building Camel :: Spring JavaConfig (deprecated) 3.8.0-SNAPSHOT [74/507]
[INFO]   from components/camel-spring-javaconfig/pom.xml
[INFO] --------------------------------[ jar ]---------------------------------
[INFO] 
[INFO] ---------------------< org.apache.camel:camel-jta >---------------------
[INFO] Building Camel :: JTA 3.8.0-SNAPSHOT                            [75/507]
[INFO]   from components/camel-jta/pom.xml
[INFO] --------------------------------[ jar ]---------------------------------
[INFO] 
[INFO] ---------------------< org.apache.camel:camel-cdi >---------------------
[INFO] Building Camel :: CDI 3.8.0-SNAPSHOT                            [76/507]
[INFO]   from components/camel-cdi/pom.xml
[INFO] --------------------------------[ jar ]---------------------------------
[INFO] 
[INFO] ----------------< org.apache.camel:camel-maven-plugin >-----------------
[INFO] Building Camel :: Maven Plugins :: Camel Maven Plugin 3.8.0-SNAPSHOT [77/507]
[INFO]   from tooling/maven/camel-maven-plugin/pom.xml
[INFO] ----------------------------[ maven-plugin ]----------------------------
[INFO] 
[INFO] ---------< org.apache.camel:camel-api-component-maven-plugin >----------
[INFO] Building Camel :: Maven Plugins :: Camel API Component Plugin 3.8.0-SNAPSHOT [78/507]
[INFO]   from tooling/maven/camel-api-component-maven-plugin/pom.xml
[INFO] ----------------------------[ maven-plugin ]----------------------------
[INFO] 
[INFO] ------------------< org.apache.camel:camel-http-base >------------------
[INFO] Building Camel :: HTTP :: Base 3.8.0-SNAPSHOT                   [79/507]
[INFO]   from components/camel-http-base/pom.xml
[INFO] --------------------------------[ jar ]---------------------------------
[INFO] 
[INFO] -----------------< org.apache.camel:camel-attachments >-----------------
[INFO] Building Camel :: Attachments 3.8.0-SNAPSHOT                    [80/507]
[INFO]   from components/camel-attachments/pom.xml
[INFO] --------------------------------[ jar ]---------------------------------
[INFO] 
[INFO] -----------------< org.apache.camel:camel-http-common >-----------------
[INFO] Building Camel :: HTTP :: Common 3.8.0-SNAPSHOT                 [81/507]
[INFO]   from components/camel-http-common/pom.xml
[INFO] --------------------------------[ jar ]---------------------------------
[INFO] 
[INFO] -------------------< org.apache.camel:camel-jackson >-------------------
[INFO] Building Camel :: Jackson 3.8.0-SNAPSHOT                        [82/507]
[INFO]   from components/camel-jackson/pom.xml
[INFO] --------------------------------[ jar ]---------------------------------
[INFO] 
[INFO] --------------------< org.apache.camel:camel-jaxb >---------------------
[INFO] Building Camel :: JAXB 3.8.0-SNAPSHOT                           [83/507]
[INFO]   from components/camel-jaxb/pom.xml
[INFO] --------------------------------[ jar ]---------------------------------
[INFO] 
[INFO] ----------------< org.apache.camel:camel-swagger-java >-----------------
[INFO] Building Camel :: Swagger Java 3.8.0-SNAPSHOT                   [84/507]
[INFO]   from components/camel-swagger-java/pom.xml
[INFO] --------------------------------[ jar ]---------------------------------
[INFO] 
[INFO] --------------------< org.apache.camel:camel-gson >---------------------
[INFO] Building Camel :: Gson 3.8.0-SNAPSHOT                           [85/507]
[INFO]   from components/camel-gson/pom.xml
[INFO] --------------------------------[ jar ]---------------------------------
[INFO] 
[INFO] -------------------< org.apache.camel:camel-servlet >-------------------
[INFO] Building Camel :: Servlet 3.8.0-SNAPSHOT                        [86/507]
[INFO]   from components/camel-servlet/pom.xml
[INFO] --------------------------------[ jar ]---------------------------------
[INFO] 
[INFO] ----------------< org.apache.camel:camel-jetty-common >-----------------
[INFO] Building Camel :: Jetty :: Common 3.8.0-SNAPSHOT                [87/507]
[INFO]   from components/camel-jetty-common/pom.xml
[INFO] --------------------------------[ jar ]---------------------------------
[INFO] 
[INFO] --------------------< org.apache.camel:camel-http >---------------------
[INFO] Building Camel :: HTTP 3.8.0-SNAPSHOT                           [88/507]
[INFO]   from components/camel-http/pom.xml
[INFO] --------------------------------[ jar ]---------------------------------
[INFO] 
[INFO] --------------------< org.apache.camel:camel-jetty >--------------------
[INFO] Building Camel :: Jetty 3.8.0-SNAPSHOT                          [89/507]
[INFO]   from components/camel-jetty/pom.xml
[INFO] --------------------------------[ jar ]---------------------------------
[INFO] 
[INFO] -----------< org.apache.camel:camel-restdsl-swagger-plugin >------------
[INFO] Building Camel :: Maven Plugins :: Swagger REST DSL Generator Maven plugin 3.8.0-SNAPSHOT [90/507]
[INFO]   from tooling/maven/camel-restdsl-swagger-plugin/pom.xml
[INFO] ----------------------------[ maven-plugin ]----------------------------
[INFO] 
[INFO] -----------< org.apache.camel:camel-restdsl-openapi-plugin >------------
[INFO] Building Camel :: Maven Plugins :: OpenApi REST DSL Generator Maven plugin 3.8.0-SNAPSHOT [91/507]
[INFO]   from tooling/maven/camel-restdsl-openapi-plugin/pom.xml
[INFO] ----------------------------[ maven-plugin ]----------------------------
[INFO] 
[INFO] ---------------< org.apache.camel:camel-javadoc-plugin >----------------
[INFO] Building Camel :: Maven Plugins :: Enhanced javadoc plugin 3.8.0-SNAPSHOT [92/507]
[INFO]   from tooling/maven/camel-javadoc-plugin/pom.xml
[INFO] ----------------------------[ maven-plugin ]----------------------------
[INFO] 
[INFO] --------------< org.apache.camel:camel-resources-plugin >---------------
[INFO] Building Camel :: Maven Plugins :: Enhanced Resources Plugin 3.8.0-SNAPSHOT [93/507]
[INFO]   from tooling/maven/camel-resources-plugin/pom.xml
[INFO] ----------------------------[ maven-plugin ]----------------------------
[INFO] 
[INFO] -----------< org.apache.camel:sync-properties-maven-plugin >------------
[INFO] Building Camel :: Maven Plugins :: Sync Properties 3.8.0-SNAPSHOT [94/507]
[INFO]   from tooling/maven/sync-properties-maven-plugin/pom.xml
[INFO] ----------------------------[ maven-plugin ]----------------------------
[INFO] 
[INFO] -----------< org.apache.camel:camel-component-maven-plugin >------------
[INFO] Building Camel :: Maven Plugins :: Camel Maven Component 3.8.0-SNAPSHOT [95/507]
[INFO]   from tooling/maven/camel-component-maven-plugin/pom.xml
[INFO] ----------------------------[ maven-plugin ]----------------------------
[INFO] 
[INFO] -------------------< org.apache.camel:camel-xml-io >--------------------
[INFO] Building Camel :: XML IO 3.8.0-SNAPSHOT                         [96/507]
[INFO]   from core/camel-xml-io/pom.xml
[INFO] --------------------------------[ jar ]---------------------------------
[INFO] 
[INFO] ---------------------< org.apache.camel:camel-jms >---------------------
[INFO] Building Camel :: JMS 3.8.0-SNAPSHOT                            [97/507]
[INFO]   from components/camel-jms/pom.xml
[INFO] --------------------------------[ jar ]---------------------------------
[INFO] 
[INFO] --------------------< org.apache.camel:camel-jdbc >---------------------
[INFO] Building Camel :: JDBC 3.8.0-SNAPSHOT                           [98/507]
[INFO]   from components/camel-jdbc/pom.xml
[INFO] --------------------------------[ jar ]---------------------------------
[INFO] 
[INFO] ------------------< org.apache.camel:camel-activemq >-------------------
[INFO] Building Camel :: ActiveMQ 3.8.0-SNAPSHOT                       [99/507]
[INFO]   from components/camel-activemq/pom.xml
[INFO] --------------------------------[ jar ]---------------------------------
[INFO] 
[INFO] ---------------------< org.apache.camel:camel-ahc >---------------------
[INFO] Building Camel :: AHC 3.8.0-SNAPSHOT                           [100/507]
[INFO]   from components/camel-ahc/pom.xml
[INFO] --------------------------------[ jar ]---------------------------------
[INFO] 
[INFO] -------------------< org.apache.camel:camel-ahc-ws >--------------------
[INFO] Building Camel :: AHC-WS 3.8.0-SNAPSHOT                        [101/507]
[INFO]   from components/camel-ahc-ws/pom.xml
[INFO] --------------------------------[ jar ]---------------------------------
[INFO] 
[INFO] --------------------< org.apache.camel:camel-amqp >---------------------
[INFO] Building Camel :: AMQP 3.8.0-SNAPSHOT                          [102/507]
[INFO]   from components/camel-amqp/pom.xml
[INFO] --------------------------------[ jar ]---------------------------------
[INFO] 
[INFO] --------------------< org.apache.camel:camel-any23 >--------------------
[INFO] Building Camel :: Any23 3.8.0-SNAPSHOT                         [103/507]
[INFO]   from components/camel-any23/pom.xml
[INFO] --------------------------------[ jar ]---------------------------------
[INFO] 
[INFO] --------------------< org.apache.camel:camel-apns >---------------------
[INFO] Building Camel :: APNS 3.8.0-SNAPSHOT                          [104/507]
[INFO]   from components/camel-apns/pom.xml
[INFO] --------------------------------[ jar ]---------------------------------
[INFO] 
[INFO] --------------------< org.apache.camel:test-infra >---------------------
[INFO] Building Camel :: Test Infra 3.8.0-SNAPSHOT                    [105/507]
[INFO]   from test-infra/pom.xml
[INFO] --------------------------------[ pom ]---------------------------------
[INFO] 
[INFO] --- clean:3.1.0:clean (default-clean) @ test-infra ---
[INFO] Deleting /home/runner/work/sonar-analysis/sonar-analysis/project/test-infra/target
[INFO] 
[INFO] --- enforcer:1.4.1:enforce (enforce-maven) @ test-infra ---
[INFO] Skipping Rule Enforcement.
[INFO] 
[INFO] --- impsort:1.4.1:sort (sort-imports) @ test-infra ---
[INFO] Skipping execution of impsort-maven-plugin
[INFO] 
[INFO] --- flatten:1.2.5:flatten (default-cli) @ test-infra ---
[INFO] Generating flattened POM of project org.apache.camel:test-infra:pom:3.8.0-SNAPSHOT...
[INFO] 
[INFO] --- install:2.5.2:install (default-install) @ test-infra ---
[INFO] Installing /home/runner/work/sonar-analysis/sonar-analysis/project/test-infra/target/.flattened-pom.xml to /home/runner/.m2/repository/org/apache/camel/test-infra/3.8.0-SNAPSHOT/test-infra-3.8.0-SNAPSHOT.pom
[INFO] 
[INFO] --------------< org.apache.camel:camel-test-infra-parent >--------------
[INFO] Building Camel :: Test Infra :: Parent 3.8.0-SNAPSHOT          [106/507]
[INFO]   from test-infra/camel-test-infra-parent/pom.xml
[INFO] --------------------------------[ pom ]---------------------------------
[INFO] 
[INFO] --- clean:3.1.0:clean (default-clean) @ camel-test-infra-parent ---
[INFO] Deleting /home/runner/work/sonar-analysis/sonar-analysis/project/test-infra/camel-test-infra-parent/target
[INFO] 
[INFO] --- enforcer:1.4.1:enforce (enforce-maven) @ camel-test-infra-parent ---
[INFO] Skipping Rule Enforcement.
[INFO] 
[INFO] --- impsort:1.4.1:sort (sort-imports) @ camel-test-infra-parent ---
[INFO] Skipping execution of impsort-maven-plugin
[INFO] 
[INFO] --- flatten:1.2.5:flatten (default-cli) @ camel-test-infra-parent ---
[INFO] Generating flattened POM of project org.apache.camel:camel-test-infra-parent:pom:3.8.0-SNAPSHOT...
[INFO] 
[INFO] --- install:2.5.2:install (default-install) @ camel-test-infra-parent ---
[INFO] Installing /home/runner/work/sonar-analysis/sonar-analysis/project/test-infra/camel-test-infra-parent/target/.flattened-pom.xml to /home/runner/.m2/repository/org/apache/camel/camel-test-infra-parent/3.8.0-SNAPSHOT/camel-test-infra-parent-3.8.0-SNAPSHOT.pom
[INFO] 
[INFO] --------------< org.apache.camel:camel-test-infra-common >--------------
[INFO] Building Camel :: Test Infra :: Common 3.8.0-SNAPSHOT          [107/507]
[INFO]   from test-infra/camel-test-infra-common/pom.xml
[INFO] --------------------------------[ jar ]---------------------------------
[INFO] 
[INFO] --- clean:3.1.0:clean (default-clean) @ camel-test-infra-common ---
[INFO] Deleting /home/runner/work/sonar-analysis/sonar-analysis/project/test-infra/camel-test-infra-common/target
[INFO] 
[INFO] --- enforcer:1.4.1:enforce (enforce-maven) @ camel-test-infra-common ---
[INFO] Skipping Rule Enforcement.
[INFO] 
[INFO] --- impsort:1.4.1:sort (sort-imports) @ camel-test-infra-common ---
[INFO] Skipping execution of impsort-maven-plugin
[INFO] 
[INFO] --- resources:3.2.0:resources (default-resources) @ camel-test-infra-common ---
[INFO] Using 'UTF-8' encoding to copy filtered resources.
[INFO] Using 'UTF-8' encoding to copy filtered properties files.
[INFO] Copying 1 resource
[INFO] 
[INFO] --- flatten:1.2.5:flatten (default-cli) @ camel-test-infra-common ---
[INFO] Generating flattened POM of project org.apache.camel:camel-test-infra-common:jar:3.8.0-SNAPSHOT...
[INFO] 
[INFO] --- compiler:3.8.1:compile (default-compile) @ camel-test-infra-common ---
[INFO] No sources to compile
[INFO] 
[INFO] --- resources:3.2.0:testResources (default-testResources) @ camel-test-infra-common ---
[INFO] Using 'UTF-8' encoding to copy filtered resources.
[INFO] Using 'UTF-8' encoding to copy filtered properties files.
[INFO] skip non existing resourceDirectory /home/runner/work/sonar-analysis/sonar-analysis/project/test-infra/camel-test-infra-common/src/test/resources
[INFO] 
[INFO] --- compiler:3.8.1:testCompile (default-testCompile) @ camel-test-infra-common ---
[INFO] Changes detected - recompiling the module!
[INFO] Compiling 6 source files to /home/runner/work/sonar-analysis/sonar-analysis/project/test-infra/camel-test-infra-common/target/test-classes
[WARNING] [options] bootstrap class path not set in conjunction with -source 8
[INFO] 
[INFO] --- jar:3.2.0:test-jar (default) @ camel-test-infra-common ---
[INFO] Building jar: /home/runner/work/sonar-analysis/sonar-analysis/project/test-infra/camel-test-infra-common/target/camel-test-infra-common-3.8.0-SNAPSHOT-tests.jar
[INFO] 
[INFO] --- surefire:3.0.0-M5:test (default-test) @ camel-test-infra-common ---
[INFO] Tests are skipped.
[INFO] 
[INFO] --- jar:3.2.0:jar (default-jar) @ camel-test-infra-common ---
[INFO] Building jar: /home/runner/work/sonar-analysis/sonar-analysis/project/test-infra/camel-test-infra-common/target/camel-test-infra-common-3.8.0-SNAPSHOT.jar
[INFO] 
[INFO] --- install:2.5.2:install (default-install) @ camel-test-infra-common ---
[INFO] Installing /home/runner/work/sonar-analysis/sonar-analysis/project/test-infra/camel-test-infra-common/target/camel-test-infra-common-3.8.0-SNAPSHOT.jar to /home/runner/.m2/repository/org/apache/camel/camel-test-infra-common/3.8.0-SNAPSHOT/camel-test-infra-common-3.8.0-SNAPSHOT.jar
[INFO] Installing /home/runner/work/sonar-analysis/sonar-analysis/project/test-infra/camel-test-infra-common/target/.flattened-pom.xml to /home/runner/.m2/repository/org/apache/camel/camel-test-infra-common/3.8.0-SNAPSHOT/camel-test-infra-common-3.8.0-SNAPSHOT.pom
[INFO] Installing /home/runner/work/sonar-analysis/sonar-analysis/project/test-infra/camel-test-infra-common/target/camel-test-infra-common-3.8.0-SNAPSHOT-tests.jar to /home/runner/.m2/repository/org/apache/camel/camel-test-infra-common/3.8.0-SNAPSHOT/camel-test-infra-common-3.8.0-SNAPSHOT-tests.jar
[INFO] 
[INFO] -------------< org.apache.camel:camel-test-infra-arangodb >-------------
[INFO] Building Camel :: Test Infra :: ArangoDB 3.8.0-SNAPSHOT        [108/507]
[INFO]   from test-infra/camel-test-infra-arangodb/pom.xml
[INFO] --------------------------------[ jar ]---------------------------------
[INFO] 
[INFO] --- clean:3.1.0:clean (default-clean) @ camel-test-infra-arangodb ---
[INFO] Deleting /home/runner/work/sonar-analysis/sonar-analysis/project/test-infra/camel-test-infra-arangodb/target
[INFO] 
[INFO] --- enforcer:1.4.1:enforce (enforce-maven) @ camel-test-infra-arangodb ---
[INFO] Skipping Rule Enforcement.
[INFO] 
[INFO] --- impsort:1.4.1:sort (sort-imports) @ camel-test-infra-arangodb ---
[INFO] Skipping execution of impsort-maven-plugin
[INFO] 
[INFO] --- resources:3.2.0:resources (default-resources) @ camel-test-infra-arangodb ---
[INFO] Using 'UTF-8' encoding to copy filtered resources.
[INFO] Using 'UTF-8' encoding to copy filtered properties files.
[INFO] Copying 1 resource
[INFO] 
[INFO] --- flatten:1.2.5:flatten (default-cli) @ camel-test-infra-arangodb ---
[INFO] Generating flattened POM of project org.apache.camel:camel-test-infra-arangodb:jar:3.8.0-SNAPSHOT...
[INFO] 
[INFO] --- compiler:3.8.1:compile (default-compile) @ camel-test-infra-arangodb ---
[INFO] No sources to compile
[INFO] 
[INFO] --- resources:3.2.0:testResources (default-testResources) @ camel-test-infra-arangodb ---
[INFO] Using 'UTF-8' encoding to copy filtered resources.
[INFO] Using 'UTF-8' encoding to copy filtered properties files.
[INFO] skip non existing resourceDirectory /home/runner/work/sonar-analysis/sonar-analysis/project/test-infra/camel-test-infra-arangodb/src/test/resources
[INFO] 
[INFO] --- compiler:3.8.1:testCompile (default-testCompile) @ camel-test-infra-arangodb ---
[INFO] Changes detected - recompiling the module!
[INFO] Compiling 6 source files to /home/runner/work/sonar-analysis/sonar-analysis/project/test-infra/camel-test-infra-arangodb/target/test-classes
[WARNING] [options] bootstrap class path not set in conjunction with -source 8
[INFO] 
[INFO] --- jar:3.2.0:test-jar (default) @ camel-test-infra-arangodb ---
[INFO] Building jar: /home/runner/work/sonar-analysis/sonar-analysis/project/test-infra/camel-test-infra-arangodb/target/camel-test-infra-arangodb-3.8.0-SNAPSHOT-tests.jar
[INFO] 
[INFO] --- surefire:3.0.0-M5:test (default-test) @ camel-test-infra-arangodb ---
[INFO] Tests are skipped.
[INFO] 
[INFO] --- jar:3.2.0:jar (default-jar) @ camel-test-infra-arangodb ---
[INFO] Building jar: /home/runner/work/sonar-analysis/sonar-analysis/project/test-infra/camel-test-infra-arangodb/target/camel-test-infra-arangodb-3.8.0-SNAPSHOT.jar
[INFO] 
[INFO] --- install:2.5.2:install (default-install) @ camel-test-infra-arangodb ---
[INFO] Installing /home/runner/work/sonar-analysis/sonar-analysis/project/test-infra/camel-test-infra-arangodb/target/camel-test-infra-arangodb-3.8.0-SNAPSHOT.jar to /home/runner/.m2/repository/org/apache/camel/camel-test-infra-arangodb/3.8.0-SNAPSHOT/camel-test-infra-arangodb-3.8.0-SNAPSHOT.jar
[INFO] Installing /home/runner/work/sonar-analysis/sonar-analysis/project/test-infra/camel-test-infra-arangodb/target/.flattened-pom.xml to /home/runner/.m2/repository/org/apache/camel/camel-test-infra-arangodb/3.8.0-SNAPSHOT/camel-test-infra-arangodb-3.8.0-SNAPSHOT.pom
[INFO] Installing /home/runner/work/sonar-analysis/sonar-analysis/project/test-infra/camel-test-infra-arangodb/target/camel-test-infra-arangodb-3.8.0-SNAPSHOT-tests.jar to /home/runner/.m2/repository/org/apache/camel/camel-test-infra-arangodb/3.8.0-SNAPSHOT/camel-test-infra-arangodb-3.8.0-SNAPSHOT-tests.jar
[INFO] 
[INFO] ------------------< org.apache.camel:camel-arangodb >-------------------
[INFO] Building Camel :: ArangoDB 3.8.0-SNAPSHOT                      [109/507]
[INFO]   from components/camel-arangodb/pom.xml
[INFO] --------------------------------[ jar ]---------------------------------
[INFO] 
[INFO] -----------------< org.apache.camel:camel-as2-parent >------------------
[INFO] Building Camel :: AS2 :: Parent 3.8.0-SNAPSHOT                 [110/507]
[INFO]   from components/camel-as2/pom.xml
[INFO] --------------------------------[ pom ]---------------------------------
[INFO] 
[INFO] -------------------< org.apache.camel:camel-as2-api >-------------------
[INFO] Building Camel :: AS2 :: API 3.8.0-SNAPSHOT                    [111/507]
[INFO]   from components/camel-as2/camel-as2-api/pom.xml
[INFO] --------------------------------[ jar ]---------------------------------
[INFO] 
[INFO] ---------------------< org.apache.camel:camel-as2 >---------------------
[INFO] Building Camel :: AS2 :: Component 3.8.0-SNAPSHOT              [112/507]
[INFO]   from components/camel-as2/camel-as2-component/pom.xml
[INFO] --------------------------------[ jar ]---------------------------------
[INFO] 
[INFO] --------------------< org.apache.camel:camel-asn1 >---------------------
[INFO] Building Camel :: ASN.1 3.8.0-SNAPSHOT                         [113/507]
[INFO]   from components/camel-asn1/pom.xml
[INFO] --------------------------------[ jar ]---------------------------------
[INFO] 
[INFO] ------------------< org.apache.camel:camel-asterisk >-------------------
[INFO] Building Camel :: Asterisk 3.8.0-SNAPSHOT                      [114/507]
[INFO]   from components/camel-asterisk/pom.xml
[INFO] --------------------------------[ jar ]---------------------------------
[INFO] 
[INFO] ------------------< org.apache.camel:camel-atlasmap >-------------------
[INFO] Building Camel :: AtlasMap 3.8.0-SNAPSHOT                      [115/507]
[INFO]   from components/camel-atlasmap/pom.xml
[INFO] --------------------------------[ jar ]---------------------------------
[INFO] 
[INFO] --------------------< org.apache.camel:camel-atmos >--------------------
[INFO] Building Camel :: Atmos 3.8.0-SNAPSHOT                         [116/507]
[INFO]   from components/camel-atmos/pom.xml
[INFO] --------------------------------[ jar ]---------------------------------
[INFO] 
[INFO] ------------< org.apache.camel:camel-atmosphere-websocket >-------------
[INFO] Building Camel :: Atmosphere WebSocket Servlet 3.8.0-SNAPSHOT  [117/507]
[INFO]   from components/camel-atmosphere-websocket/pom.xml
[INFO] --------------------------------[ jar ]---------------------------------
[INFO] 
[INFO] --------------------< org.apache.camel:camel-atom >---------------------
[INFO] Building Camel :: Atom 3.8.0-SNAPSHOT                          [118/507]
[INFO]   from components/camel-atom/pom.xml
[INFO] --------------------------------[ jar ]---------------------------------
[INFO] 
[INFO] -------------------< org.apache.camel:camel-atomix >--------------------
[INFO] Building Camel :: Atomix 3.8.0-SNAPSHOT                        [119/507]
[INFO]   from components/camel-atomix/pom.xml
[INFO] --------------------------------[ jar ]---------------------------------
[INFO] 
[INFO] ------------------< org.apache.camel:camel-avro-rpc >-------------------
[INFO] Building Camel :: Avro RPC 3.8.0-SNAPSHOT                      [120/507]
[INFO]   from components/camel-avro-rpc/pom.xml
[INFO] --------------------------------[ jar ]---------------------------------
[INFO] 
[INFO] --------------------< org.apache.camel:camel-avro >---------------------
[INFO] Building Camel :: Avro 3.8.0-SNAPSHOT                          [121/507]
[INFO]   from components/camel-avro/pom.xml
[INFO] --------------------------------[ jar ]---------------------------------
[INFO] 
[INFO] -------------------< org.apache.camel:camel-aws-cw >--------------------
[INFO] Building Camel :: AWS CW 3.8.0-SNAPSHOT                        [122/507]
[INFO]   from components/camel-aws-cw/pom.xml
[INFO] --------------------------------[ jar ]---------------------------------
[INFO] 
[INFO] -------------------< org.apache.camel:camel-aws-ddb >-------------------
[INFO] Building Camel :: AWS DDB 3.8.0-SNAPSHOT                       [123/507]
[INFO]   from components/camel-aws-ddb/pom.xml
[INFO] --------------------------------[ jar ]---------------------------------
[INFO] 
[INFO] -------------------< org.apache.camel:camel-aws-ec2 >-------------------
[INFO] Building Camel :: AWS EC2 3.8.0-SNAPSHOT                       [124/507]
[INFO]   from components/camel-aws-ec2/pom.xml
[INFO] --------------------------------[ jar ]---------------------------------
[INFO] 
[INFO] -------------------< org.apache.camel:camel-aws-ecs >-------------------
[INFO] Building Camel :: AWS ECS 3.8.0-SNAPSHOT                       [125/507]
[INFO]   from components/camel-aws-ecs/pom.xml
[INFO] --------------------------------[ jar ]---------------------------------
[INFO] 
[INFO] -------------------< org.apache.camel:camel-aws-eks >-------------------
[INFO] Building Camel :: AWS EKS 3.8.0-SNAPSHOT                       [126/507]
[INFO]   from components/camel-aws-eks/pom.xml
[INFO] --------------------------------[ jar ]---------------------------------
[INFO] 
[INFO] -------------------< org.apache.camel:camel-aws-iam >-------------------
[INFO] Building Camel :: AWS IAM 3.8.0-SNAPSHOT                       [127/507]
[INFO]   from components/camel-aws-iam/pom.xml
[INFO] --------------------------------[ jar ]---------------------------------
[INFO] 
[INFO] -----------------< org.apache.camel:camel-aws-kinesis >-----------------
[INFO] Building Camel :: AWS Kinesis 3.8.0-SNAPSHOT                   [128/507]
[INFO]   from components/camel-aws-kinesis/pom.xml
[INFO] --------------------------------[ jar ]---------------------------------
[INFO] 
[INFO] -------------------< org.apache.camel:camel-aws-kms >-------------------
[INFO] Building Camel :: AWS KMS 3.8.0-SNAPSHOT                       [129/507]
[INFO]   from components/camel-aws-kms/pom.xml
[INFO] --------------------------------[ jar ]---------------------------------
[INFO] 
[INFO] -----------------< org.apache.camel:camel-aws-lambda >------------------
[INFO] Building Camel :: AWS Lambda 3.8.0-SNAPSHOT                    [130/507]
[INFO]   from components/camel-aws-lambda/pom.xml
[INFO] --------------------------------[ jar ]---------------------------------
[INFO] 
[INFO] -------------------< org.apache.camel:camel-aws-mq >--------------------
[INFO] Building Camel :: AWS MQ 3.8.0-SNAPSHOT                        [131/507]
[INFO]   from components/camel-aws-mq/pom.xml
[INFO] --------------------------------[ jar ]---------------------------------
[INFO] 
[INFO] -------------------< org.apache.camel:camel-aws-msk >-------------------
[INFO] Building Camel :: AWS MSK 3.8.0-SNAPSHOT                       [132/507]
[INFO]   from components/camel-aws-msk/pom.xml
[INFO] --------------------------------[ jar ]---------------------------------
[INFO] 
[INFO] -------------------< org.apache.camel:camel-aws-s3 >--------------------
[INFO] Building Camel :: AWS S3 3.8.0-SNAPSHOT                        [133/507]
[INFO]   from components/camel-aws-s3/pom.xml
[INFO] --------------------------------[ jar ]---------------------------------
[INFO] 
[INFO] -------------------< org.apache.camel:camel-aws-sdb >-------------------
[INFO] Building Camel :: AWS SDB 3.8.0-SNAPSHOT                       [134/507]
[INFO]   from components/camel-aws-sdb/pom.xml
[INFO] --------------------------------[ jar ]---------------------------------
[INFO] 
[INFO] -------------------< org.apache.camel:camel-aws-ses >-------------------
[INFO] Building Camel :: AWS SES 3.8.0-SNAPSHOT                       [135/507]
[INFO]   from components/camel-aws-ses/pom.xml
[INFO] --------------------------------[ jar ]---------------------------------
[INFO] 
[INFO] -------------------< org.apache.camel:camel-aws-sns >-------------------
[INFO] Building Camel :: AWS SNS 3.8.0-SNAPSHOT                       [136/507]
[INFO]   from components/camel-aws-sns/pom.xml
[INFO] --------------------------------[ jar ]---------------------------------
[INFO] 
[INFO] ------------< org.apache.camel:camel-test-infra-aws-common >------------
[INFO] Building Camel :: Test Infra :: AWS Common 3.8.0-SNAPSHOT      [137/507]
[INFO]   from test-infra/camel-test-infra-aws-common/pom.xml
[INFO] --------------------------------[ jar ]---------------------------------
[INFO] 
[INFO] --- clean:3.1.0:clean (default-clean) @ camel-test-infra-aws-common ---
[INFO] Deleting /home/runner/work/sonar-analysis/sonar-analysis/project/test-infra/camel-test-infra-aws-common/target
[INFO] 
[INFO] --- enforcer:1.4.1:enforce (enforce-maven) @ camel-test-infra-aws-common ---
[INFO] Skipping Rule Enforcement.
[INFO] 
[INFO] --- impsort:1.4.1:sort (sort-imports) @ camel-test-infra-aws-common ---
[INFO] Skipping execution of impsort-maven-plugin
[INFO] 
[INFO] --- resources:3.2.0:resources (default-resources) @ camel-test-infra-aws-common ---
[INFO] Using 'UTF-8' encoding to copy filtered resources.
[INFO] Using 'UTF-8' encoding to copy filtered properties files.
[INFO] Copying 1 resource
[INFO] 
[INFO] --- flatten:1.2.5:flatten (default-cli) @ camel-test-infra-aws-common ---
[INFO] Generating flattened POM of project org.apache.camel:camel-test-infra-aws-common:jar:3.8.0-SNAPSHOT...
[INFO] 
[INFO] --- compiler:3.8.1:compile (default-compile) @ camel-test-infra-aws-common ---
[INFO] No sources to compile
[INFO] 
[INFO] --- resources:3.2.0:testResources (default-testResources) @ camel-test-infra-aws-common ---
[INFO] Using 'UTF-8' encoding to copy filtered resources.
[INFO] Using 'UTF-8' encoding to copy filtered properties files.
[INFO] skip non existing resourceDirectory /home/runner/work/sonar-analysis/sonar-analysis/project/test-infra/camel-test-infra-aws-common/src/test/resources
[INFO] 
[INFO] --- compiler:3.8.1:testCompile (default-testCompile) @ camel-test-infra-aws-common ---
[INFO] Changes detected - recompiling the module!
[INFO] Compiling 3 source files to /home/runner/work/sonar-analysis/sonar-analysis/project/test-infra/camel-test-infra-aws-common/target/test-classes
[WARNING] [options] bootstrap class path not set in conjunction with -source 8
[INFO] 
[INFO] --- jar:3.2.0:test-jar (default) @ camel-test-infra-aws-common ---
[INFO] Building jar: /home/runner/work/sonar-analysis/sonar-analysis/project/test-infra/camel-test-infra-aws-common/target/camel-test-infra-aws-common-3.8.0-SNAPSHOT-tests.jar
[INFO] 
[INFO] --- surefire:3.0.0-M5:test (default-test) @ camel-test-infra-aws-common ---
[INFO] Tests are skipped.
[INFO] 
[INFO] --- jar:3.2.0:jar (default-jar) @ camel-test-infra-aws-common ---
[INFO] Building jar: /home/runner/work/sonar-analysis/sonar-analysis/project/test-infra/camel-test-infra-aws-common/target/camel-test-infra-aws-common-3.8.0-SNAPSHOT.jar
[INFO] 
[INFO] --- install:2.5.2:install (default-install) @ camel-test-infra-aws-common ---
[INFO] Installing /home/runner/work/sonar-analysis/sonar-analysis/project/test-infra/camel-test-infra-aws-common/target/camel-test-infra-aws-common-3.8.0-SNAPSHOT.jar to /home/runner/.m2/repository/org/apache/camel/camel-test-infra-aws-common/3.8.0-SNAPSHOT/camel-test-infra-aws-common-3.8.0-SNAPSHOT.jar
[INFO] Installing /home/runner/work/sonar-analysis/sonar-analysis/project/test-infra/camel-test-infra-aws-common/target/.flattened-pom.xml to /home/runner/.m2/repository/org/apache/camel/camel-test-infra-aws-common/3.8.0-SNAPSHOT/camel-test-infra-aws-common-3.8.0-SNAPSHOT.pom
[INFO] Installing /home/runner/work/sonar-analysis/sonar-analysis/project/test-infra/camel-test-infra-aws-common/target/camel-test-infra-aws-common-3.8.0-SNAPSHOT-tests.jar to /home/runner/.m2/repository/org/apache/camel/camel-test-infra-aws-common/3.8.0-SNAPSHOT/camel-test-infra-aws-common-3.8.0-SNAPSHOT-tests.jar
[INFO] 
[INFO] --------------< org.apache.camel:camel-test-infra-aws-v1 >--------------
[INFO] Building Camel :: Test Infra :: AWS SDK v1 3.8.0-SNAPSHOT      [138/507]
[INFO]   from test-infra/camel-test-infra-aws-v1/pom.xml
[INFO] --------------------------------[ jar ]---------------------------------
[INFO] 
[INFO] --- clean:3.1.0:clean (default-clean) @ camel-test-infra-aws-v1 ---
[INFO] Deleting /home/runner/work/sonar-analysis/sonar-analysis/project/test-infra/camel-test-infra-aws-v1/target
[INFO] 
[INFO] --- enforcer:1.4.1:enforce (enforce-maven) @ camel-test-infra-aws-v1 ---
[INFO] Skipping Rule Enforcement.
[INFO] 
[INFO] --- impsort:1.4.1:sort (sort-imports) @ camel-test-infra-aws-v1 ---
[INFO] Skipping execution of impsort-maven-plugin
[INFO] 
[INFO] --- resources:3.2.0:resources (default-resources) @ camel-test-infra-aws-v1 ---
[INFO] Using 'UTF-8' encoding to copy filtered resources.
[INFO] Using 'UTF-8' encoding to copy filtered properties files.
[INFO] Copying 1 resource
[INFO] 
[INFO] --- flatten:1.2.5:flatten (default-cli) @ camel-test-infra-aws-v1 ---
[INFO] Generating flattened POM of project org.apache.camel:camel-test-infra-aws-v1:jar:3.8.0-SNAPSHOT...
[INFO] 
[INFO] --- compiler:3.8.1:compile (default-compile) @ camel-test-infra-aws-v1 ---
[INFO] No sources to compile
[INFO] 
[INFO] --- resources:3.2.0:testResources (default-testResources) @ camel-test-infra-aws-v1 ---
[INFO] Using 'UTF-8' encoding to copy filtered resources.
[INFO] Using 'UTF-8' encoding to copy filtered properties files.
[INFO] skip non existing resourceDirectory /home/runner/work/sonar-analysis/sonar-analysis/project/test-infra/camel-test-infra-aws-v1/src/test/resources
[INFO] 
[INFO] --- compiler:3.8.1:testCompile (default-testCompile) @ camel-test-infra-aws-v1 ---
[INFO] Changes detected - recompiling the module!
[INFO] Compiling 11 source files to /home/runner/work/sonar-analysis/sonar-analysis/project/test-infra/camel-test-infra-aws-v1/target/test-classes
[WARNING] [options] bootstrap class path not set in conjunction with -source 8
[WARNING] /home/runner/work/sonar-analysis/sonar-analysis/project/test-infra/camel-test-infra-aws-v1/src/test/java/org/apache/camel/test/infra/aws/services/AWSLocalContainerService.java:[36,25] [deprecation] LocalStackContainer() in LocalStackContainer has been deprecated
[INFO] 
[INFO] --- jar:3.2.0:test-jar (default) @ camel-test-infra-aws-v1 ---
[INFO] Building jar: /home/runner/work/sonar-analysis/sonar-analysis/project/test-infra/camel-test-infra-aws-v1/target/camel-test-infra-aws-v1-3.8.0-SNAPSHOT-tests.jar
[INFO] 
[INFO] --- surefire:3.0.0-M5:test (default-test) @ camel-test-infra-aws-v1 ---
[INFO] Tests are skipped.
[INFO] 
[INFO] --- jar:3.2.0:jar (default-jar) @ camel-test-infra-aws-v1 ---
[INFO] Building jar: /home/runner/work/sonar-analysis/sonar-analysis/project/test-infra/camel-test-infra-aws-v1/target/camel-test-infra-aws-v1-3.8.0-SNAPSHOT.jar
[INFO] 
[INFO] --- install:2.5.2:install (default-install) @ camel-test-infra-aws-v1 ---
[INFO] Installing /home/runner/work/sonar-analysis/sonar-analysis/project/test-infra/camel-test-infra-aws-v1/target/camel-test-infra-aws-v1-3.8.0-SNAPSHOT.jar to /home/runner/.m2/repository/org/apache/camel/camel-test-infra-aws-v1/3.8.0-SNAPSHOT/camel-test-infra-aws-v1-3.8.0-SNAPSHOT.jar
[INFO] Installing /home/runner/work/sonar-analysis/sonar-analysis/project/test-infra/camel-test-infra-aws-v1/target/.flattened-pom.xml to /home/runner/.m2/repository/org/apache/camel/camel-test-infra-aws-v1/3.8.0-SNAPSHOT/camel-test-infra-aws-v1-3.8.0-SNAPSHOT.pom
[INFO] Installing /home/runner/work/sonar-analysis/sonar-analysis/project/test-infra/camel-test-infra-aws-v1/target/camel-test-infra-aws-v1-3.8.0-SNAPSHOT-tests.jar to /home/runner/.m2/repository/org/apache/camel/camel-test-infra-aws-v1/3.8.0-SNAPSHOT/camel-test-infra-aws-v1-3.8.0-SNAPSHOT-tests.jar
[INFO] 
[INFO] -------------------< org.apache.camel:camel-aws-sqs >-------------------
[INFO] Building Camel :: AWS SQS 3.8.0-SNAPSHOT                       [139/507]
[INFO]   from components/camel-aws-sqs/pom.xml
[INFO] --------------------------------[ jar ]---------------------------------
[INFO] 
[INFO] -------------------< org.apache.camel:camel-aws-swf >-------------------
[INFO] Building Camel :: AWS SWF 3.8.0-SNAPSHOT                       [140/507]
[INFO]   from components/camel-aws-swf/pom.xml
[INFO] --------------------------------[ jar ]---------------------------------
[INFO] 
[INFO] ----------------< org.apache.camel:camel-aws-translate >----------------
[INFO] Building Camel :: AWS Translate 3.8.0-SNAPSHOT                 [141/507]
[INFO]   from components/camel-aws-translate/pom.xml
[INFO] --------------------------------[ jar ]---------------------------------
[INFO] 
[INFO] ------------------< org.apache.camel:camel-aws-xray >-------------------
[INFO] Building Camel :: AWS :: XRay 3.8.0-SNAPSHOT                   [142/507]
[INFO]   from components/camel-aws-xray/pom.xml
[INFO] --------------------------------[ jar ]---------------------------------
[INFO] 
[INFO] -----------------< org.apache.camel:camel-aws2-athena >-----------------
[INFO] Building Camel :: AWS2 Athena 3.8.0-SNAPSHOT                   [143/507]
[INFO]   from components/camel-aws2-athena/pom.xml
[INFO] --------------------------------[ jar ]---------------------------------
[INFO] 
[INFO] --------------< org.apache.camel:camel-test-infra-aws-v2 >--------------
[INFO] Building Camel :: Test Infra :: AWS SDK v2 3.8.0-SNAPSHOT      [144/507]
[INFO]   from test-infra/camel-test-infra-aws-v2/pom.xml
[INFO] --------------------------------[ jar ]---------------------------------
[INFO] 
[INFO] --- clean:3.1.0:clean (default-clean) @ camel-test-infra-aws-v2 ---
[INFO] Deleting /home/runner/work/sonar-analysis/sonar-analysis/project/test-infra/camel-test-infra-aws-v2/target
[INFO] 
[INFO] --- enforcer:1.4.1:enforce (enforce-maven) @ camel-test-infra-aws-v2 ---
[INFO] Skipping Rule Enforcement.
[INFO] 
[INFO] --- impsort:1.4.1:sort (sort-imports) @ camel-test-infra-aws-v2 ---
[INFO] Skipping execution of impsort-maven-plugin
[INFO] 
[INFO] --- resources:3.2.0:resources (default-resources) @ camel-test-infra-aws-v2 ---
[INFO] Using 'UTF-8' encoding to copy filtered resources.
[INFO] Using 'UTF-8' encoding to copy filtered properties files.
[INFO] Copying 1 resource
[INFO] 
[INFO] --- flatten:1.2.5:flatten (default-cli) @ camel-test-infra-aws-v2 ---
[INFO] Generating flattened POM of project org.apache.camel:camel-test-infra-aws-v2:jar:3.8.0-SNAPSHOT...
[INFO] 
[INFO] --- compiler:3.8.1:compile (default-compile) @ camel-test-infra-aws-v2 ---
[INFO] No sources to compile
[INFO] 
[INFO] --- resources:3.2.0:testResources (default-testResources) @ camel-test-infra-aws-v2 ---
[INFO] Using 'UTF-8' encoding to copy filtered resources.
[INFO] Using 'UTF-8' encoding to copy filtered properties files.
[INFO] skip non existing resourceDirectory /home/runner/work/sonar-analysis/sonar-analysis/project/test-infra/camel-test-infra-aws-v2/src/test/resources
[INFO] 
[INFO] --- compiler:3.8.1:testCompile (default-testCompile) @ camel-test-infra-aws-v2 ---
[INFO] Changes detected - recompiling the module!
[INFO] Compiling 20 source files to /home/runner/work/sonar-analysis/sonar-analysis/project/test-infra/camel-test-infra-aws-v2/target/test-classes
[WARNING] [options] bootstrap class path not set in conjunction with -source 8
[INFO] 
[INFO] --- jar:3.2.0:test-jar (default) @ camel-test-infra-aws-v2 ---
[INFO] Building jar: /home/runner/work/sonar-analysis/sonar-analysis/project/test-infra/camel-test-infra-aws-v2/target/camel-test-infra-aws-v2-3.8.0-SNAPSHOT-tests.jar
[INFO] 
[INFO] --- surefire:3.0.0-M5:test (default-test) @ camel-test-infra-aws-v2 ---
[INFO] Tests are skipped.
[INFO] 
[INFO] --- jar:3.2.0:jar (default-jar) @ camel-test-infra-aws-v2 ---
[INFO] Building jar: /home/runner/work/sonar-analysis/sonar-analysis/project/test-infra/camel-test-infra-aws-v2/target/camel-test-infra-aws-v2-3.8.0-SNAPSHOT.jar
[INFO] 
[INFO] --- install:2.5.2:install (default-install) @ camel-test-infra-aws-v2 ---
[INFO] Installing /home/runner/work/sonar-analysis/sonar-analysis/project/test-infra/camel-test-infra-aws-v2/target/camel-test-infra-aws-v2-3.8.0-SNAPSHOT.jar to /home/runner/.m2/repository/org/apache/camel/camel-test-infra-aws-v2/3.8.0-SNAPSHOT/camel-test-infra-aws-v2-3.8.0-SNAPSHOT.jar
[INFO] Installing /home/runner/work/sonar-analysis/sonar-analysis/project/test-infra/camel-test-infra-aws-v2/target/.flattened-pom.xml to /home/runner/.m2/repository/org/apache/camel/camel-test-infra-aws-v2/3.8.0-SNAPSHOT/camel-test-infra-aws-v2-3.8.0-SNAPSHOT.pom
[INFO] Installing /home/runner/work/sonar-analysis/sonar-analysis/project/test-infra/camel-test-infra-aws-v2/target/camel-test-infra-aws-v2-3.8.0-SNAPSHOT-tests.jar to /home/runner/.m2/repository/org/apache/camel/camel-test-infra-aws-v2/3.8.0-SNAPSHOT/camel-test-infra-aws-v2-3.8.0-SNAPSHOT-tests.jar
[INFO] 
[INFO] -------------------< org.apache.camel:camel-aws2-cw >-------------------
[INFO] Building Camel :: AWS2 CW 3.8.0-SNAPSHOT                       [145/507]
[INFO]   from components/camel-aws2-cw/pom.xml
[INFO] --------------------------------[ jar ]---------------------------------
[INFO] 
[INFO] ------------------< org.apache.camel:camel-aws2-ddb >-------------------
[INFO] Building Camel :: AWS2 DDB 3.8.0-SNAPSHOT                      [146/507]
[INFO]   from components/camel-aws2-ddb/pom.xml
[INFO] --------------------------------[ jar ]---------------------------------
[INFO] 
[INFO] ------------------< org.apache.camel:camel-aws2-ec2 >-------------------
[INFO] Building Camel :: AWS2 EC2 3.8.0-SNAPSHOT                      [147/507]
[INFO]   from components/camel-aws2-ec2/pom.xml
[INFO] --------------------------------[ jar ]---------------------------------
[INFO] 
[INFO] ------------------< org.apache.camel:camel-aws2-ecs >-------------------
[INFO] Building Camel :: AWS2 ECS 3.8.0-SNAPSHOT                      [148/507]
[INFO]   from components/camel-aws2-ecs/pom.xml
[INFO] --------------------------------[ jar ]---------------------------------
[INFO] 
[INFO] ------------------< org.apache.camel:camel-aws2-eks >-------------------
[INFO] Building Camel :: AWS2 EKS 3.8.0-SNAPSHOT                      [149/507]
[INFO]   from components/camel-aws2-eks/pom.xml
[INFO] --------------------------------[ jar ]---------------------------------
[INFO] 
[INFO] ----------------< org.apache.camel:camel-zip-deflater >-----------------
[INFO] Building Camel :: Zip Deflater 3.8.0-SNAPSHOT                  [150/507]
[INFO]   from components/camel-zip-deflater/pom.xml
[INFO] --------------------------------[ jar ]---------------------------------
[INFO] 
[INFO] -------------------< org.apache.camel:camel-aws2-s3 >-------------------
[INFO] Building Camel :: AWS2 S3 3.8.0-SNAPSHOT                       [151/507]
[INFO]   from components/camel-aws2-s3/pom.xml
[INFO] --------------------------------[ jar ]---------------------------------
[INFO] 
[INFO] ------------------< org.apache.camel:camel-aws2-sqs >-------------------
[INFO] Building Camel :: AWS2 SQS 3.8.0-SNAPSHOT                      [152/507]
[INFO]   from components/camel-aws2-sqs/pom.xml
[INFO] --------------------------------[ jar ]---------------------------------
[INFO] 
[INFO] --------------< org.apache.camel:camel-aws2-eventbridge >---------------
[INFO] Building Camel :: AWS2 Eventbridge 3.8.0-SNAPSHOT              [153/507]
[INFO]   from components/camel-aws2-eventbridge/pom.xml
[INFO] --------------------------------[ jar ]---------------------------------
[INFO] 
[INFO] ------------------< org.apache.camel:camel-aws2-iam >-------------------
[INFO] Building Camel :: AWS2 IAM 3.8.0-SNAPSHOT                      [154/507]
[INFO]   from components/camel-aws2-iam/pom.xml
[INFO] --------------------------------[ jar ]---------------------------------
[INFO] 
[INFO] ----------------< org.apache.camel:camel-aws2-kinesis >-----------------
[INFO] Building Camel :: AWS2 Kinesis 3.8.0-SNAPSHOT                  [155/507]
[INFO]   from components/camel-aws2-kinesis/pom.xml
[INFO] --------------------------------[ jar ]---------------------------------
[INFO] 
[INFO] ------------------< org.apache.camel:camel-aws2-kms >-------------------
[INFO] Building Camel :: AWS2 KMS 3.8.0-SNAPSHOT                      [156/507]
[INFO]   from components/camel-aws2-kms/pom.xml
[INFO] --------------------------------[ jar ]---------------------------------
[INFO] 
[INFO] -----------------< org.apache.camel:camel-aws2-lambda >-----------------
[INFO] Building Camel :: AWS2 Lambda 3.8.0-SNAPSHOT                   [157/507]
[INFO]   from components/camel-aws2-lambda/pom.xml
[INFO] --------------------------------[ jar ]---------------------------------
[INFO] 
[INFO] -------------------< org.apache.camel:camel-aws2-mq >-------------------
[INFO] Building Camel :: AWS2 MQ 3.8.0-SNAPSHOT                       [158/507]
[INFO]   from components/camel-aws2-mq/pom.xml
[INFO] --------------------------------[ jar ]---------------------------------
[INFO] 
[INFO] ------------------< org.apache.camel:camel-aws2-msk >-------------------
[INFO] Building Camel :: AWS2 MSK 3.8.0-SNAPSHOT                      [159/507]
[INFO]   from components/camel-aws2-msk/pom.xml
[INFO] --------------------------------[ jar ]---------------------------------
[INFO] 
[INFO] ------------------< org.apache.camel:camel-aws2-ses >-------------------
[INFO] Building Camel :: AWS2 SES 3.8.0-SNAPSHOT                      [160/507]
[INFO]   from components/camel-aws2-ses/pom.xml
[INFO] --------------------------------[ jar ]---------------------------------
[INFO] 
[INFO] ------------------< org.apache.camel:camel-aws2-sns >-------------------
[INFO] Building Camel :: AWS2 SNS 3.8.0-SNAPSHOT                      [161/507]
[INFO]   from components/camel-aws2-sns/pom.xml
[INFO] --------------------------------[ jar ]---------------------------------
[INFO] 
[INFO] ------------------< org.apache.camel:camel-aws2-sts >-------------------
[INFO] Building Camel :: AWS2 STS 3.8.0-SNAPSHOT                      [162/507]
[INFO]   from components/camel-aws2-sts/pom.xml
[INFO] --------------------------------[ jar ]---------------------------------
[INFO] 
[INFO] ---------------< org.apache.camel:camel-aws2-translate >----------------
[INFO] Building Camel :: AWS2 Translate 3.8.0-SNAPSHOT                [163/507]
[INFO]   from components/camel-aws2-translate/pom.xml
[INFO] --------------------------------[ jar ]---------------------------------
[INFO] 
[INFO] ---------------< org.apache.camel:camel-azure-eventhubs >---------------
[INFO] Building Camel :: Azure Event Hubs 3.8.0-SNAPSHOT              [164/507]
[INFO]   from components/camel-azure-eventhubs/pom.xml
[INFO] --------------------------------[ jar ]---------------------------------
[INFO] 
[INFO] -----------< org.apache.camel:camel-test-infra-azure-common >-----------
[INFO] Building Camel :: Test Infra :: Azure Common 3.8.0-SNAPSHOT    [165/507]
[INFO]   from test-infra/camel-test-infra-azure-common/pom.xml
[INFO] --------------------------------[ jar ]---------------------------------
[INFO] 
[INFO] --- clean:3.1.0:clean (default-clean) @ camel-test-infra-azure-common ---
[INFO] Deleting /home/runner/work/sonar-analysis/sonar-analysis/project/test-infra/camel-test-infra-azure-common/target
[INFO] 
[INFO] --- enforcer:1.4.1:enforce (enforce-maven) @ camel-test-infra-azure-common ---
[INFO] Skipping Rule Enforcement.
[INFO] 
[INFO] --- impsort:1.4.1:sort (sort-imports) @ camel-test-infra-azure-common ---
[INFO] Skipping execution of impsort-maven-plugin
[INFO] 
[INFO] --- resources:3.2.0:resources (default-resources) @ camel-test-infra-azure-common ---
[INFO] Using 'UTF-8' encoding to copy filtered resources.
[INFO] Using 'UTF-8' encoding to copy filtered properties files.
[INFO] Copying 1 resource
[INFO] 
[INFO] --- flatten:1.2.5:flatten (default-cli) @ camel-test-infra-azure-common ---
[INFO] Generating flattened POM of project org.apache.camel:camel-test-infra-azure-common:jar:3.8.0-SNAPSHOT...
[INFO] 
[INFO] --- compiler:3.8.1:compile (default-compile) @ camel-test-infra-azure-common ---
[INFO] No sources to compile
[INFO] 
[INFO] --- resources:3.2.0:testResources (default-testResources) @ camel-test-infra-azure-common ---
[INFO] Using 'UTF-8' encoding to copy filtered resources.
[INFO] Using 'UTF-8' encoding to copy filtered properties files.
[INFO] skip non existing resourceDirectory /home/runner/work/sonar-analysis/sonar-analysis/project/test-infra/camel-test-infra-azure-common/src/test/resources
[INFO] 
[INFO] --- compiler:3.8.1:testCompile (default-testCompile) @ camel-test-infra-azure-common ---
[INFO] Changes detected - recompiling the module!
[INFO] Compiling 6 source files to /home/runner/work/sonar-analysis/sonar-analysis/project/test-infra/camel-test-infra-azure-common/target/test-classes
[WARNING] [options] bootstrap class path not set in conjunction with -source 8
[INFO] 
[INFO] --- jar:3.2.0:test-jar (default) @ camel-test-infra-azure-common ---
[INFO] Building jar: /home/runner/work/sonar-analysis/sonar-analysis/project/test-infra/camel-test-infra-azure-common/target/camel-test-infra-azure-common-3.8.0-SNAPSHOT-tests.jar
[INFO] 
[INFO] --- surefire:3.0.0-M5:test (default-test) @ camel-test-infra-azure-common ---
[INFO] Tests are skipped.
[INFO] 
[INFO] --- jar:3.2.0:jar (default-jar) @ camel-test-infra-azure-common ---
[INFO] Building jar: /home/runner/work/sonar-analysis/sonar-analysis/project/test-infra/camel-test-infra-azure-common/target/camel-test-infra-azure-common-3.8.0-SNAPSHOT.jar
[INFO] 
[INFO] --- install:2.5.2:install (default-install) @ camel-test-infra-azure-common ---
[INFO] Installing /home/runner/work/sonar-analysis/sonar-analysis/project/test-infra/camel-test-infra-azure-common/target/camel-test-infra-azure-common-3.8.0-SNAPSHOT.jar to /home/runner/.m2/repository/org/apache/camel/camel-test-infra-azure-common/3.8.0-SNAPSHOT/camel-test-infra-azure-common-3.8.0-SNAPSHOT.jar
[INFO] Installing /home/runner/work/sonar-analysis/sonar-analysis/project/test-infra/camel-test-infra-azure-common/target/.flattened-pom.xml to /home/runner/.m2/repository/org/apache/camel/camel-test-infra-azure-common/3.8.0-SNAPSHOT/camel-test-infra-azure-common-3.8.0-SNAPSHOT.pom
[INFO] Installing /home/runner/work/sonar-analysis/sonar-analysis/project/test-infra/camel-test-infra-azure-common/target/camel-test-infra-azure-common-3.8.0-SNAPSHOT-tests.jar to /home/runner/.m2/repository/org/apache/camel/camel-test-infra-azure-common/3.8.0-SNAPSHOT/camel-test-infra-azure-common-3.8.0-SNAPSHOT-tests.jar
[INFO] 
[INFO] --------< org.apache.camel:camel-test-infra-azure-storage-blob >--------
[INFO] Building Camel :: Test Infra :: Azure Storage Blob 3.8.0-SNAPSHOT [166/507]
[INFO]   from test-infra/camel-test-infra-azure-storage-blob/pom.xml
[INFO] --------------------------------[ jar ]---------------------------------
[INFO] 
[INFO] --- clean:3.1.0:clean (default-clean) @ camel-test-infra-azure-storage-blob ---
[INFO] Deleting /home/runner/work/sonar-analysis/sonar-analysis/project/test-infra/camel-test-infra-azure-storage-blob/target
[INFO] 
[INFO] --- enforcer:1.4.1:enforce (enforce-maven) @ camel-test-infra-azure-storage-blob ---
[INFO] Skipping Rule Enforcement.
[INFO] 
[INFO] --- impsort:1.4.1:sort (sort-imports) @ camel-test-infra-azure-storage-blob ---
[INFO] Skipping execution of impsort-maven-plugin
[INFO] 
[INFO] --- resources:3.2.0:resources (default-resources) @ camel-test-infra-azure-storage-blob ---
[INFO] Using 'UTF-8' encoding to copy filtered resources.
[INFO] Using 'UTF-8' encoding to copy filtered properties files.
[INFO] Copying 1 resource
[INFO] 
[INFO] --- flatten:1.2.5:flatten (default-cli) @ camel-test-infra-azure-storage-blob ---
[INFO] Generating flattened POM of project org.apache.camel:camel-test-infra-azure-storage-blob:jar:3.8.0-SNAPSHOT...
[INFO] 
[INFO] --- compiler:3.8.1:compile (default-compile) @ camel-test-infra-azure-storage-blob ---
[INFO] No sources to compile
[INFO] 
[INFO] --- resources:3.2.0:testResources (default-testResources) @ camel-test-infra-azure-storage-blob ---
[INFO] Using 'UTF-8' encoding to copy filtered resources.
[INFO] Using 'UTF-8' encoding to copy filtered properties files.
[INFO] skip non existing resourceDirectory /home/runner/work/sonar-analysis/sonar-analysis/project/test-infra/camel-test-infra-azure-storage-blob/src/test/resources
[INFO] 
[INFO] --- compiler:3.8.1:testCompile (default-testCompile) @ camel-test-infra-azure-storage-blob ---
[INFO] Changes detected - recompiling the module!
[INFO] Compiling 4 source files to /home/runner/work/sonar-analysis/sonar-analysis/project/test-infra/camel-test-infra-azure-storage-blob/target/test-classes
[WARNING] [options] bootstrap class path not set in conjunction with -source 8
[INFO] 
[INFO] --- jar:3.2.0:test-jar (default) @ camel-test-infra-azure-storage-blob ---
[INFO] Building jar: /home/runner/work/sonar-analysis/sonar-analysis/project/test-infra/camel-test-infra-azure-storage-blob/target/camel-test-infra-azure-storage-blob-3.8.0-SNAPSHOT-tests.jar
[INFO] 
[INFO] --- surefire:3.0.0-M5:test (default-test) @ camel-test-infra-azure-storage-blob ---
[INFO] Tests are skipped.
[INFO] 
[INFO] --- jar:3.2.0:jar (default-jar) @ camel-test-infra-azure-storage-blob ---
[INFO] Building jar: /home/runner/work/sonar-analysis/sonar-analysis/project/test-infra/camel-test-infra-azure-storage-blob/target/camel-test-infra-azure-storage-blob-3.8.0-SNAPSHOT.jar
[INFO] 
[INFO] --- install:2.5.2:install (default-install) @ camel-test-infra-azure-storage-blob ---
[INFO] Installing /home/runner/work/sonar-analysis/sonar-analysis/project/test-infra/camel-test-infra-azure-storage-blob/target/camel-test-infra-azure-storage-blob-3.8.0-SNAPSHOT.jar to /home/runner/.m2/repository/org/apache/camel/camel-test-infra-azure-storage-blob/3.8.0-SNAPSHOT/camel-test-infra-azure-storage-blob-3.8.0-SNAPSHOT.jar
[INFO] Installing /home/runner/work/sonar-analysis/sonar-analysis/project/test-infra/camel-test-infra-azure-storage-blob/target/.flattened-pom.xml to /home/runner/.m2/repository/org/apache/camel/camel-test-infra-azure-storage-blob/3.8.0-SNAPSHOT/camel-test-infra-azure-storage-blob-3.8.0-SNAPSHOT.pom
[INFO] Installing /home/runner/work/sonar-analysis/sonar-analysis/project/test-infra/camel-test-infra-azure-storage-blob/target/camel-test-infra-azure-storage-blob-3.8.0-SNAPSHOT-tests.jar to /home/runner/.m2/repository/org/apache/camel/camel-test-infra-azure-storage-blob/3.8.0-SNAPSHOT/camel-test-infra-azure-storage-blob-3.8.0-SNAPSHOT-tests.jar
[INFO] 
[INFO] -------------< org.apache.camel:camel-azure-storage-blob >--------------
[INFO] Building Camel :: Azure Storage Blob 3.8.0-SNAPSHOT            [167/507]
[INFO]   from components/camel-azure-storage-blob/pom.xml
[INFO] --------------------------------[ jar ]---------------------------------
[INFO] 
[INFO] -------------< org.apache.camel:camel-azure-storage-queue >-------------
[INFO] Building Camel :: Azure Storage Queue 3.8.0-SNAPSHOT           [168/507]
[INFO]   from components/camel-azure-storage-queue/pom.xml
[INFO] --------------------------------[ jar ]---------------------------------
[INFO] 
[INFO] --------------------< org.apache.camel:camel-azure >--------------------
[INFO] Building Camel :: Azure 3.8.0-SNAPSHOT                         [169/507]
[INFO]   from components/camel-azure/pom.xml
[INFO] --------------------------------[ jar ]---------------------------------
[INFO] 
[INFO] -------------------< org.apache.camel:camel-barcode >-------------------
[INFO] Building Camel :: Barcode 3.8.0-SNAPSHOT                       [170/507]
[INFO]   from components/camel-barcode/pom.xml
[INFO] --------------------------------[ jar ]---------------------------------
[INFO] 
[INFO] -------------------< org.apache.camel:camel-base64 >--------------------
[INFO] Building Camel :: Base64 3.8.0-SNAPSHOT                        [171/507]
[INFO]   from components/camel-base64/pom.xml
[INFO] --------------------------------[ jar ]---------------------------------
[INFO] 
[INFO] ---------------< org.apache.camel:camel-bean-validator >----------------
[INFO] Building Camel :: Bean validator 3.8.0-SNAPSHOT                [172/507]
[INFO]   from components/camel-bean-validator/pom.xml
[INFO] --------------------------------[ jar ]---------------------------------
[INFO] 
[INFO] -------------------< org.apache.camel:camel-beanio >--------------------
[INFO] Building Camel :: BeanIO 3.8.0-SNAPSHOT                        [173/507]
[INFO]   from components/camel-beanio/pom.xml
[INFO] --------------------------------[ jar ]---------------------------------
[INFO] 
[INFO] ------------------< org.apache.camel:camel-beanstalk >------------------
[INFO] Building Camel :: Beanstalk 3.8.0-SNAPSHOT                     [174/507]
[INFO]   from components/camel-beanstalk/pom.xml
[INFO] --------------------------------[ jar ]---------------------------------
[INFO] 
[INFO] --------------------< org.apache.camel:camel-bindy >--------------------
[INFO] Building Camel :: Bindy 3.8.0-SNAPSHOT                         [175/507]
[INFO]   from components/camel-bindy/pom.xml
[INFO] --------------------------------[ jar ]---------------------------------
[INFO] 
[INFO] -------------------< org.apache.camel:camel-bonita >--------------------
[INFO] Building Camel :: Bonita 3.8.0-SNAPSHOT                        [176/507]
[INFO]   from components/camel-bonita/pom.xml
[INFO] --------------------------------[ jar ]---------------------------------
[INFO] 
[INFO] -----------------< org.apache.camel:camel-box-parent >------------------
[INFO] Building Camel :: Box :: Parent 3.8.0-SNAPSHOT                 [177/507]
[INFO]   from components/camel-box/pom.xml
[INFO] --------------------------------[ pom ]---------------------------------
[INFO] 
[INFO] -------------------< org.apache.camel:camel-box-api >-------------------
[INFO] Building Camel :: Box :: API 3.8.0-SNAPSHOT                    [178/507]
[INFO]   from components/camel-box/camel-box-api/pom.xml
[INFO] --------------------------------[ jar ]---------------------------------
[INFO] 
[INFO] ---------------------< org.apache.camel:camel-box >---------------------
[INFO] Building Camel :: Box :: Component 3.8.0-SNAPSHOT              [179/507]
[INFO]   from components/camel-box/camel-box-component/pom.xml
[INFO] --------------------------------[ jar ]---------------------------------
[INFO] 
[INFO] ------------------< org.apache.camel:camel-braintree >------------------
[INFO] Building Camel :: Braintree 3.8.0-SNAPSHOT                     [180/507]
[INFO]   from components/camel-braintree/pom.xml
[INFO] --------------------------------[ jar ]---------------------------------
[INFO] 
[INFO] ------------------< org.apache.camel:camel-caffeine >-------------------
[INFO] Building Camel :: Caffeine 3.8.0-SNAPSHOT                      [181/507]
[INFO]   from components/camel-caffeine/pom.xml
[INFO] --------------------------------[ jar ]---------------------------------
[INFO] 
[INFO] ------------< org.apache.camel:camel-test-infra-cassandra >-------------
[INFO] Building Camel :: Test Infra :: Cassandra 3.8.0-SNAPSHOT       [182/507]
[INFO]   from test-infra/camel-test-infra-cassandra/pom.xml
[INFO] --------------------------------[ jar ]---------------------------------
[INFO] 
[INFO] --- clean:3.1.0:clean (default-clean) @ camel-test-infra-cassandra ---
[INFO] Deleting /home/runner/work/sonar-analysis/sonar-analysis/project/test-infra/camel-test-infra-cassandra/target
[INFO] 
[INFO] --- enforcer:1.4.1:enforce (enforce-maven) @ camel-test-infra-cassandra ---
[INFO] Skipping Rule Enforcement.
[INFO] 
[INFO] --- impsort:1.4.1:sort (sort-imports) @ camel-test-infra-cassandra ---
[INFO] Skipping execution of impsort-maven-plugin
[INFO] 
[INFO] --- resources:3.2.0:resources (default-resources) @ camel-test-infra-cassandra ---
[INFO] Using 'UTF-8' encoding to copy filtered resources.
[INFO] Using 'UTF-8' encoding to copy filtered properties files.
[INFO] Copying 1 resource
[INFO] 
[INFO] --- flatten:1.2.5:flatten (default-cli) @ camel-test-infra-cassandra ---
[INFO] Generating flattened POM of project org.apache.camel:camel-test-infra-cassandra:jar:3.8.0-SNAPSHOT...
[INFO] 
[INFO] --- compiler:3.8.1:compile (default-compile) @ camel-test-infra-cassandra ---
[INFO] No sources to compile
[INFO] 
[INFO] --- resources:3.2.0:testResources (default-testResources) @ camel-test-infra-cassandra ---
[INFO] Using 'UTF-8' encoding to copy filtered resources.
[INFO] Using 'UTF-8' encoding to copy filtered properties files.
[INFO] skip non existing resourceDirectory /home/runner/work/sonar-analysis/sonar-analysis/project/test-infra/camel-test-infra-cassandra/src/test/resources
[INFO] 
[INFO] --- compiler:3.8.1:testCompile (default-testCompile) @ camel-test-infra-cassandra ---
[INFO] Changes detected - recompiling the module!
[INFO] Compiling 5 source files to /home/runner/work/sonar-analysis/sonar-analysis/project/test-infra/camel-test-infra-cassandra/target/test-classes
[WARNING] [options] bootstrap class path not set in conjunction with -source 8
[WARNING] /home/runner/work/sonar-analysis/sonar-analysis/project/test-infra/camel-test-infra-cassandra/src/test/java/org/apache/camel/test/infra/cassandra/services/CassandraLocalContainerService.java:[34,20] [deprecation] CassandraContainer() in CassandraContainer has been deprecated
[INFO] 
[INFO] --- jar:3.2.0:test-jar (default) @ camel-test-infra-cassandra ---
[INFO] Building jar: /home/runner/work/sonar-analysis/sonar-analysis/project/test-infra/camel-test-infra-cassandra/target/camel-test-infra-cassandra-3.8.0-SNAPSHOT-tests.jar
[INFO] 
[INFO] --- surefire:3.0.0-M5:test (default-test) @ camel-test-infra-cassandra ---
[INFO] Tests are skipped.
[INFO] 
[INFO] --- jar:3.2.0:jar (default-jar) @ camel-test-infra-cassandra ---
[INFO] Building jar: /home/runner/work/sonar-analysis/sonar-analysis/project/test-infra/camel-test-infra-cassandra/target/camel-test-infra-cassandra-3.8.0-SNAPSHOT.jar
[INFO] 
[INFO] --- install:2.5.2:install (default-install) @ camel-test-infra-cassandra ---
[INFO] Installing /home/runner/work/sonar-analysis/sonar-analysis/project/test-infra/camel-test-infra-cassandra/target/camel-test-infra-cassandra-3.8.0-SNAPSHOT.jar to /home/runner/.m2/repository/org/apache/camel/camel-test-infra-cassandra/3.8.0-SNAPSHOT/camel-test-infra-cassandra-3.8.0-SNAPSHOT.jar
[INFO] Installing /home/runner/work/sonar-analysis/sonar-analysis/project/test-infra/camel-test-infra-cassandra/target/.flattened-pom.xml to /home/runner/.m2/repository/org/apache/camel/camel-test-infra-cassandra/3.8.0-SNAPSHOT/camel-test-infra-cassandra-3.8.0-SNAPSHOT.pom
[INFO] Installing /home/runner/work/sonar-analysis/sonar-analysis/project/test-infra/camel-test-infra-cassandra/target/camel-test-infra-cassandra-3.8.0-SNAPSHOT-tests.jar to /home/runner/.m2/repository/org/apache/camel/camel-test-infra-cassandra/3.8.0-SNAPSHOT/camel-test-infra-cassandra-3.8.0-SNAPSHOT-tests.jar
[INFO] 
[INFO] -----------------< org.apache.camel:camel-cassandraql >-----------------
[INFO] Building Camel :: Cassandra CQL 3.8.0-SNAPSHOT                 [183/507]
[INFO]   from components/camel-cassandraql/pom.xml
[INFO] --------------------------------[ jar ]---------------------------------
[INFO] 
[INFO] --------------------< org.apache.camel:camel-cbor >---------------------
[INFO] Building Camel :: CBOR 3.8.0-SNAPSHOT                          [184/507]
[INFO]   from components/camel-cbor/pom.xml
[INFO] --------------------------------[ jar ]---------------------------------
[INFO] 
[INFO] -----------------< org.apache.camel:camel-chatscript >------------------
[INFO] Building Camel :: ChatScript 3.8.0-SNAPSHOT                    [185/507]
[INFO]   from components/camel-chatscript/pom.xml
[INFO] --------------------------------[ jar ]---------------------------------
[INFO] 
[INFO] --------------------< org.apache.camel:camel-chunk >--------------------
[INFO] Building Camel :: Chunk 3.8.0-SNAPSHOT                         [186/507]
[INFO]   from components/camel-chunk/pom.xml
[INFO] --------------------------------[ jar ]---------------------------------
[INFO] 
[INFO] -------------------< org.apache.camel:camel-cm-sms >--------------------
[INFO] Building Camel :: CM SMS 3.8.0-SNAPSHOT                        [187/507]
[INFO]   from components/camel-cm-sms/pom.xml
[INFO] --------------------------------[ jar ]---------------------------------
[INFO] 
[INFO] --------------------< org.apache.camel:camel-cmis >---------------------
[INFO] Building Camel :: CMIS 3.8.0-SNAPSHOT                          [188/507]
[INFO]   from components/camel-cmis/pom.xml
[INFO] --------------------------------[ jar ]---------------------------------
[INFO] 
[INFO] --------------------< org.apache.camel:camel-coap >---------------------
[INFO] Building Camel :: CoAP 3.8.0-SNAPSHOT                          [189/507]
[INFO]   from components/camel-coap/pom.xml
[INFO] --------------------------------[ jar ]---------------------------------
[INFO] 
[INFO] -------------------< org.apache.camel:camel-cometd >--------------------
[INFO] Building Camel :: Cometd 3.8.0-SNAPSHOT                        [190/507]
[INFO]   from components/camel-cometd/pom.xml
[INFO] --------------------------------[ jar ]---------------------------------
[INFO] 
[INFO] ------------------< org.apache.camel:camel-undertow >-------------------
[INFO] Building Camel :: Undertow 3.8.0-SNAPSHOT                      [191/507]
[INFO]   from components/camel-undertow/pom.xml
[INFO] --------------------------------[ jar ]---------------------------------
[INFO] 
[INFO] -------------------< org.apache.camel:camel-master >--------------------
[INFO] Building Camel :: Master 3.8.0-SNAPSHOT                        [192/507]
[INFO]   from components/camel-master/pom.xml
[INFO] --------------------------------[ jar ]---------------------------------
[INFO] 
[INFO] -------------------< org.apache.camel:camel-service >-------------------
[INFO] Building Camel :: Service 3.8.0-SNAPSHOT                       [193/507]
[INFO]   from components/camel-service/pom.xml
[INFO] --------------------------------[ jar ]---------------------------------
[INFO] 
[INFO] -------------------< org.apache.camel:camel-ribbon >--------------------
[INFO] Building Camel :: Ribbon 3.8.0-SNAPSHOT                        [194/507]
[INFO]   from components/camel-ribbon/pom.xml
[INFO] --------------------------------[ jar ]---------------------------------
[INFO] 
[INFO] --------------< org.apache.camel:camel-test-infra-consul >--------------
[INFO] Building Camel :: Test Infra :: Consul 3.8.0-SNAPSHOT          [195/507]
[INFO]   from test-infra/camel-test-infra-consul/pom.xml
[INFO] --------------------------------[ jar ]---------------------------------
[INFO] 
[INFO] --- clean:3.1.0:clean (default-clean) @ camel-test-infra-consul ---
[INFO] Deleting /home/runner/work/sonar-analysis/sonar-analysis/project/test-infra/camel-test-infra-consul/target
[INFO] 
[INFO] --- enforcer:1.4.1:enforce (enforce-maven) @ camel-test-infra-consul ---
[INFO] Skipping Rule Enforcement.
[INFO] 
[INFO] --- impsort:1.4.1:sort (sort-imports) @ camel-test-infra-consul ---
[INFO] Skipping execution of impsort-maven-plugin
[INFO] 
[INFO] --- resources:3.2.0:resources (default-resources) @ camel-test-infra-consul ---
[INFO] Using 'UTF-8' encoding to copy filtered resources.
[INFO] Using 'UTF-8' encoding to copy filtered properties files.
[INFO] Copying 1 resource
[INFO] 
[INFO] --- flatten:1.2.5:flatten (default-cli) @ camel-test-infra-consul ---
[INFO] Generating flattened POM of project org.apache.camel:camel-test-infra-consul:jar:3.8.0-SNAPSHOT...
[INFO] 
[INFO] --- compiler:3.8.1:compile (default-compile) @ camel-test-infra-consul ---
[INFO] No sources to compile
[INFO] 
[INFO] --- resources:3.2.0:testResources (default-testResources) @ camel-test-infra-consul ---
[INFO] Using 'UTF-8' encoding to copy filtered resources.
[INFO] Using 'UTF-8' encoding to copy filtered properties files.
[INFO] skip non existing resourceDirectory /home/runner/work/sonar-analysis/sonar-analysis/project/test-infra/camel-test-infra-consul/src/test/resources
[INFO] 
[INFO] --- compiler:3.8.1:testCompile (default-testCompile) @ camel-test-infra-consul ---
[INFO] Changes detected - recompiling the module!
[INFO] Compiling 5 source files to /home/runner/work/sonar-analysis/sonar-analysis/project/test-infra/camel-test-infra-consul/target/test-classes
[WARNING] [options] bootstrap class path not set in conjunction with -source 8
[INFO] 
[INFO] --- jar:3.2.0:test-jar (default) @ camel-test-infra-consul ---
[INFO] Building jar: /home/runner/work/sonar-analysis/sonar-analysis/project/test-infra/camel-test-infra-consul/target/camel-test-infra-consul-3.8.0-SNAPSHOT-tests.jar
[INFO] 
[INFO] --- surefire:3.0.0-M5:test (default-test) @ camel-test-infra-consul ---
[INFO] Tests are skipped.
[INFO] 
[INFO] --- jar:3.2.0:jar (default-jar) @ camel-test-infra-consul ---
[INFO] Building jar: /home/runner/work/sonar-analysis/sonar-analysis/project/test-infra/camel-test-infra-consul/target/camel-test-infra-consul-3.8.0-SNAPSHOT.jar
[INFO] 
[INFO] --- install:2.5.2:install (default-install) @ camel-test-infra-consul ---
[INFO] Installing /home/runner/work/sonar-analysis/sonar-analysis/project/test-infra/camel-test-infra-consul/target/camel-test-infra-consul-3.8.0-SNAPSHOT.jar to /home/runner/.m2/repository/org/apache/camel/camel-test-infra-consul/3.8.0-SNAPSHOT/camel-test-infra-consul-3.8.0-SNAPSHOT.jar
[INFO] Installing /home/runner/work/sonar-analysis/sonar-analysis/project/test-infra/camel-test-infra-consul/target/.flattened-pom.xml to /home/runner/.m2/repository/org/apache/camel/camel-test-infra-consul/3.8.0-SNAPSHOT/camel-test-infra-consul-3.8.0-SNAPSHOT.pom
[INFO] Installing /home/runner/work/sonar-analysis/sonar-analysis/project/test-infra/camel-test-infra-consul/target/camel-test-infra-consul-3.8.0-SNAPSHOT-tests.jar to /home/runner/.m2/repository/org/apache/camel/camel-test-infra-consul/3.8.0-SNAPSHOT/camel-test-infra-consul-3.8.0-SNAPSHOT-tests.jar
[INFO] 
[INFO] -------------------< org.apache.camel:camel-consul >--------------------
[INFO] Building Camel :: Consul 3.8.0-SNAPSHOT                        [196/507]
[INFO]   from components/camel-consul/pom.xml
[INFO] --------------------------------[ jar ]---------------------------------
[INFO] 
[INFO] --------------------< org.apache.camel:camel-corda >--------------------
[INFO] Building Camel :: Corda 3.8.0-SNAPSHOT                         [197/507]
[INFO]   from components/camel-corda/pom.xml
[INFO] --------------------------------[ jar ]---------------------------------
[INFO] 
[INFO] ------------< org.apache.camel:camel-test-infra-couchbase >-------------
[INFO] Building Camel :: Test Infra :: Couchbase 3.8.0-SNAPSHOT       [198/507]
[INFO]   from test-infra/camel-test-infra-couchbase/pom.xml
[INFO] --------------------------------[ jar ]---------------------------------
[INFO] 
[INFO] --- clean:3.1.0:clean (default-clean) @ camel-test-infra-couchbase ---
[INFO] Deleting /home/runner/work/sonar-analysis/sonar-analysis/project/test-infra/camel-test-infra-couchbase/target
[INFO] 
[INFO] --- enforcer:1.4.1:enforce (enforce-maven) @ camel-test-infra-couchbase ---
[INFO] Skipping Rule Enforcement.
[INFO] 
[INFO] --- impsort:1.4.1:sort (sort-imports) @ camel-test-infra-couchbase ---
[INFO] Skipping execution of impsort-maven-plugin
[INFO] 
[INFO] --- resources:3.2.0:resources (default-resources) @ camel-test-infra-couchbase ---
[INFO] Using 'UTF-8' encoding to copy filtered resources.
[INFO] Using 'UTF-8' encoding to copy filtered properties files.
[INFO] Copying 1 resource
[INFO] 
[INFO] --- flatten:1.2.5:flatten (default-cli) @ camel-test-infra-couchbase ---
[INFO] Generating flattened POM of project org.apache.camel:camel-test-infra-couchbase:jar:3.8.0-SNAPSHOT...
[INFO] 
[INFO] --- compiler:3.8.1:compile (default-compile) @ camel-test-infra-couchbase ---
[INFO] No sources to compile
[INFO] 
[INFO] --- resources:3.2.0:testResources (default-testResources) @ camel-test-infra-couchbase ---
[INFO] Using 'UTF-8' encoding to copy filtered resources.
[INFO] Using 'UTF-8' encoding to copy filtered properties files.
[INFO] skip non existing resourceDirectory /home/runner/work/sonar-analysis/sonar-analysis/project/test-infra/camel-test-infra-couchbase/src/test/resources
[INFO] 
[INFO] --- compiler:3.8.1:testCompile (default-testCompile) @ camel-test-infra-couchbase ---
[INFO] Changes detected - recompiling the module!
[INFO] Compiling 5 source files to /home/runner/work/sonar-analysis/sonar-analysis/project/test-infra/camel-test-infra-couchbase/target/test-classes
[WARNING] [options] bootstrap class path not set in conjunction with -source 8
[INFO] 
[INFO] --- jar:3.2.0:test-jar (default) @ camel-test-infra-couchbase ---
[INFO] Building jar: /home/runner/work/sonar-analysis/sonar-analysis/project/test-infra/camel-test-infra-couchbase/target/camel-test-infra-couchbase-3.8.0-SNAPSHOT-tests.jar
[INFO] 
[INFO] --- surefire:3.0.0-M5:test (default-test) @ camel-test-infra-couchbase ---
[INFO] Tests are skipped.
[INFO] 
[INFO] --- jar:3.2.0:jar (default-jar) @ camel-test-infra-couchbase ---
[INFO] Building jar: /home/runner/work/sonar-analysis/sonar-analysis/project/test-infra/camel-test-infra-couchbase/target/camel-test-infra-couchbase-3.8.0-SNAPSHOT.jar
[INFO] 
[INFO] --- install:2.5.2:install (default-install) @ camel-test-infra-couchbase ---
[INFO] Installing /home/runner/work/sonar-analysis/sonar-analysis/project/test-infra/camel-test-infra-couchbase/target/camel-test-infra-couchbase-3.8.0-SNAPSHOT.jar to /home/runner/.m2/repository/org/apache/camel/camel-test-infra-couchbase/3.8.0-SNAPSHOT/camel-test-infra-couchbase-3.8.0-SNAPSHOT.jar
[INFO] Installing /home/runner/work/sonar-analysis/sonar-analysis/project/test-infra/camel-test-infra-couchbase/target/.flattened-pom.xml to /home/runner/.m2/repository/org/apache/camel/camel-test-infra-couchbase/3.8.0-SNAPSHOT/camel-test-infra-couchbase-3.8.0-SNAPSHOT.pom
[INFO] Installing /home/runner/work/sonar-analysis/sonar-analysis/project/test-infra/camel-test-infra-couchbase/target/camel-test-infra-couchbase-3.8.0-SNAPSHOT-tests.jar to /home/runner/.m2/repository/org/apache/camel/camel-test-infra-couchbase/3.8.0-SNAPSHOT/camel-test-infra-couchbase-3.8.0-SNAPSHOT-tests.jar
[INFO] 
[INFO] ------------------< org.apache.camel:camel-couchbase >------------------
[INFO] Building Camel :: Couchbase 3.8.0-SNAPSHOT                     [199/507]
[INFO]   from components/camel-couchbase/pom.xml
[INFO] --------------------------------[ jar ]---------------------------------
[INFO] 
[INFO] -------------< org.apache.camel:camel-test-infra-couchdb >--------------
[INFO] Building Camel :: Test Infra :: CouchDb 3.8.0-SNAPSHOT         [200/507]
[INFO]   from test-infra/camel-test-infra-couchdb/pom.xml
[INFO] --------------------------------[ jar ]---------------------------------
[INFO] 
[INFO] --- clean:3.1.0:clean (default-clean) @ camel-test-infra-couchdb ---
[INFO] Deleting /home/runner/work/sonar-analysis/sonar-analysis/project/test-infra/camel-test-infra-couchdb/target
[INFO] 
[INFO] --- enforcer:1.4.1:enforce (enforce-maven) @ camel-test-infra-couchdb ---
[INFO] Skipping Rule Enforcement.
[INFO] 
[INFO] --- impsort:1.4.1:sort (sort-imports) @ camel-test-infra-couchdb ---
[INFO] Skipping execution of impsort-maven-plugin
[INFO] 
[INFO] --- resources:3.2.0:resources (default-resources) @ camel-test-infra-couchdb ---
[INFO] Using 'UTF-8' encoding to copy filtered resources.
[INFO] Using 'UTF-8' encoding to copy filtered properties files.
[INFO] Copying 1 resource
[INFO] 
[INFO] --- flatten:1.2.5:flatten (default-cli) @ camel-test-infra-couchdb ---
[INFO] Generating flattened POM of project org.apache.camel:camel-test-infra-couchdb:jar:3.8.0-SNAPSHOT...
[INFO] 
[INFO] --- compiler:3.8.1:compile (default-compile) @ camel-test-infra-couchdb ---
[INFO] No sources to compile
[INFO] 
[INFO] --- resources:3.2.0:testResources (default-testResources) @ camel-test-infra-couchdb ---
[INFO] Using 'UTF-8' encoding to copy filtered resources.
[INFO] Using 'UTF-8' encoding to copy filtered properties files.
[INFO] skip non existing resourceDirectory /home/runner/work/sonar-analysis/sonar-analysis/project/test-infra/camel-test-infra-couchdb/src/test/resources
[INFO] 
[INFO] --- compiler:3.8.1:testCompile (default-testCompile) @ camel-test-infra-couchdb ---
[INFO] Changes detected - recompiling the module!
[INFO] Compiling 5 source files to /home/runner/work/sonar-analysis/sonar-analysis/project/test-infra/camel-test-infra-couchdb/target/test-classes
[WARNING] [options] bootstrap class path not set in conjunction with -source 8
[INFO] 
[INFO] --- jar:3.2.0:test-jar (default) @ camel-test-infra-couchdb ---
[INFO] Building jar: /home/runner/work/sonar-analysis/sonar-analysis/project/test-infra/camel-test-infra-couchdb/target/camel-test-infra-couchdb-3.8.0-SNAPSHOT-tests.jar
[INFO] 
[INFO] --- surefire:3.0.0-M5:test (default-test) @ camel-test-infra-couchdb ---
[INFO] Tests are skipped.
[INFO] 
[INFO] --- jar:3.2.0:jar (default-jar) @ camel-test-infra-couchdb ---
[INFO] Building jar: /home/runner/work/sonar-analysis/sonar-analysis/project/test-infra/camel-test-infra-couchdb/target/camel-test-infra-couchdb-3.8.0-SNAPSHOT.jar
[INFO] 
[INFO] --- install:2.5.2:install (default-install) @ camel-test-infra-couchdb ---
[INFO] Installing /home/runner/work/sonar-analysis/sonar-analysis/project/test-infra/camel-test-infra-couchdb/target/camel-test-infra-couchdb-3.8.0-SNAPSHOT.jar to /home/runner/.m2/repository/org/apache/camel/camel-test-infra-couchdb/3.8.0-SNAPSHOT/camel-test-infra-couchdb-3.8.0-SNAPSHOT.jar
[INFO] Installing /home/runner/work/sonar-analysis/sonar-analysis/project/test-infra/camel-test-infra-couchdb/target/.flattened-pom.xml to /home/runner/.m2/repository/org/apache/camel/camel-test-infra-couchdb/3.8.0-SNAPSHOT/camel-test-infra-couchdb-3.8.0-SNAPSHOT.pom
[INFO] Installing /home/runner/work/sonar-analysis/sonar-analysis/project/test-infra/camel-test-infra-couchdb/target/camel-test-infra-couchdb-3.8.0-SNAPSHOT-tests.jar to /home/runner/.m2/repository/org/apache/camel/camel-test-infra-couchdb/3.8.0-SNAPSHOT/camel-test-infra-couchdb-3.8.0-SNAPSHOT-tests.jar
[INFO] 
[INFO] -------------------< org.apache.camel:camel-couchdb >-------------------
[INFO] Building Camel :: CouchDB 3.8.0-SNAPSHOT                       [201/507]
[INFO]   from components/camel-couchdb/pom.xml
[INFO] --------------------------------[ jar ]---------------------------------
[INFO] 
[INFO] -----------------< org.apache.camel:camel-crypto-cms >------------------
[INFO] Building Camel :: Crypto CMS (deprecated) 3.8.0-SNAPSHOT       [202/507]
[INFO]   from components/camel-crypto-cms/pom.xml
[INFO] --------------------------------[ jar ]---------------------------------
[INFO] 
[INFO] -------------------< org.apache.camel:camel-crypto >--------------------
[INFO] Building Camel :: Crypto 3.8.0-SNAPSHOT                        [203/507]
[INFO]   from components/camel-crypto/pom.xml
[INFO] --------------------------------[ jar ]---------------------------------
[INFO] 
[INFO] ----------------< org.apache.camel:camel-csimple-joor >-----------------
[INFO] Building Camel :: csimple jOOR 3.8.0-SNAPSHOT                  [204/507]
[INFO]   from components/camel-csimple-joor/pom.xml
[INFO] --------------------------------[ jar ]---------------------------------
[INFO] 
[INFO] ---------------------< org.apache.camel:camel-csv >---------------------
[INFO] Building Camel :: CSV 3.8.0-SNAPSHOT                           [205/507]
[INFO]   from components/camel-csv/pom.xml
[INFO] --------------------------------[ jar ]---------------------------------
[INFO] 
[INFO] ----------------< org.apache.camel:camel-cxf-transport >----------------
[INFO] Building Camel :: CXF :: Transport 3.8.0-SNAPSHOT              [206/507]
[INFO]   from components/camel-cxf-transport/pom.xml
[INFO] --------------------------------[ jar ]---------------------------------
[INFO] 
[INFO] ---------------------< org.apache.camel:camel-cxf >---------------------
[INFO] Building Camel :: CXF 3.8.0-SNAPSHOT                           [207/507]
[INFO]   from components/camel-cxf/pom.xml
[INFO] --------------------------------[ jar ]---------------------------------
[INFO] 
[INFO] -----------------< org.apache.camel:camel-datasonnet >------------------
[INFO] Building Camel :: DataSonnet 3.8.0-SNAPSHOT                    [208/507]
[INFO]   from components/camel-datasonnet/pom.xml
[INFO] --------------------------------[ jar ]---------------------------------
[INFO] 
[INFO] ---------------< org.apache.camel:camel-debezium-parent >---------------
[INFO] Building Camel :: Debezium :: Parent 3.8.0-SNAPSHOT            [209/507]
[INFO]   from components/camel-debezium-common/pom.xml
[INFO] --------------------------------[ pom ]---------------------------------
[INFO] 
[INFO] ---------------< org.apache.camel:camel-debezium-common >---------------
[INFO] Building Camel :: Debezium :: Common 3.8.0-SNAPSHOT            [210/507]
[INFO]   from components/camel-debezium-common/camel-debezium-common-component/pom.xml
[INFO] --------------------------------[ jar ]---------------------------------
[INFO] 
[INFO] ---------< org.apache.camel.maven:camel-debezium-maven-plugin >---------
[INFO] Building Camel :: Debezium :: Maven plugin 3.8.0-SNAPSHOT      [211/507]
[INFO]   from components/camel-debezium-common/camel-debezium-maven-plugin/pom.xml
[INFO] ----------------------------[ maven-plugin ]----------------------------
[INFO] 
[INFO] --------------< org.apache.camel:camel-debezium-mongodb >---------------
[INFO] Building Camel :: Debezium :: MongoDB 3.8.0-SNAPSHOT           [212/507]
[INFO]   from components/camel-debezium-mongodb/pom.xml
[INFO] --------------------------------[ jar ]---------------------------------
[INFO] 
[INFO] ---------------< org.apache.camel:camel-debezium-mysql >----------------
[INFO] Building Camel :: Debezium :: MySQL 3.8.0-SNAPSHOT             [213/507]
[INFO]   from components/camel-debezium-mysql/pom.xml
[INFO] --------------------------------[ jar ]---------------------------------
[INFO] 
[INFO] --------------< org.apache.camel:camel-debezium-postgres >--------------
[INFO] Building Camel :: Debezium :: PostgreSQL 3.8.0-SNAPSHOT        [214/507]
[INFO]   from components/camel-debezium-postgres/pom.xml
[INFO] --------------------------------[ jar ]---------------------------------
[INFO] 
[INFO] -------------< org.apache.camel:camel-debezium-sqlserver >--------------
[INFO] Building Camel :: Debezium :: SQL Server 3.8.0-SNAPSHOT        [215/507]
[INFO]   from components/camel-debezium-sqlserver/pom.xml
[INFO] --------------------------------[ jar ]---------------------------------
[INFO] 
[INFO] ----------------< org.apache.camel:camel-digitalocean >-----------------
[INFO] Building Camel :: DigitalOcean 3.8.0-SNAPSHOT                  [216/507]
[INFO]   from components/camel-digitalocean/pom.xml
[INFO] --------------------------------[ jar ]---------------------------------
[INFO] 
[INFO] ------------------< org.apache.camel:camel-disruptor >------------------
[INFO] Building Camel :: Disruptor 3.8.0-SNAPSHOT                     [217/507]
[INFO]   from components/camel-disruptor/pom.xml
[INFO] --------------------------------[ jar ]---------------------------------
[INFO] 
[INFO] ---------------------< org.apache.camel:camel-djl >---------------------
[INFO] Building Camel :: Deep Java Library 3.8.0-SNAPSHOT             [218/507]
[INFO]   from components/camel-djl/pom.xml
[INFO] --------------------------------[ jar ]---------------------------------
[INFO] 
[INFO] ---------------------< org.apache.camel:camel-dns >---------------------
[INFO] Building Camel :: DNS 3.8.0-SNAPSHOT                           [219/507]
[INFO]   from components/camel-dns/pom.xml
[INFO] --------------------------------[ jar ]---------------------------------
[INFO] 
[INFO] -------------------< org.apache.camel:camel-docker >--------------------
[INFO] Building Camel :: Docker 3.8.0-SNAPSHOT                        [220/507]
[INFO]   from components/camel-docker/pom.xml
[INFO] --------------------------------[ jar ]---------------------------------
[INFO] 
[INFO] --------------------< org.apache.camel:camel-dozer >--------------------
[INFO] Building Camel :: Dozer 3.8.0-SNAPSHOT                         [221/507]
[INFO]   from components/camel-dozer/pom.xml
[INFO] --------------------------------[ jar ]---------------------------------
[INFO] 
[INFO] --------------------< org.apache.camel:camel-drill >--------------------
[INFO] Building Camel :: Drill 3.8.0-SNAPSHOT                         [222/507]
[INFO]   from components/camel-drill/pom.xml
[INFO] --------------------------------[ jar ]---------------------------------
[INFO] 
[INFO] -------------------< org.apache.camel:camel-dropbox >-------------------
[INFO] Building Camel :: Dropbox 3.8.0-SNAPSHOT                       [223/507]
[INFO]   from components/camel-dropbox/pom.xml
[INFO] --------------------------------[ jar ]---------------------------------
[INFO] 
[INFO] -------------------< org.apache.camel:camel-ehcache >-------------------
[INFO] Building Camel :: Ehcache 3.8.0-SNAPSHOT                       [224/507]
[INFO]   from components/camel-ehcache/pom.xml
[INFO] --------------------------------[ jar ]---------------------------------
[INFO] 
[INFO] ----------< org.apache.camel:camel-test-infra-elasticsearch >-----------
[INFO] Building Camel :: Test Infra :: Elasticsearch 3.8.0-SNAPSHOT   [225/507]
[INFO]   from test-infra/camel-test-infra-elasticsearch/pom.xml
[INFO] --------------------------------[ jar ]---------------------------------
[INFO] 
[INFO] --- clean:3.1.0:clean (default-clean) @ camel-test-infra-elasticsearch ---
[INFO] Deleting /home/runner/work/sonar-analysis/sonar-analysis/project/test-infra/camel-test-infra-elasticsearch/target
[INFO] 
[INFO] --- enforcer:1.4.1:enforce (enforce-maven) @ camel-test-infra-elasticsearch ---
[INFO] Skipping Rule Enforcement.
[INFO] 
[INFO] --- impsort:1.4.1:sort (sort-imports) @ camel-test-infra-elasticsearch ---
[INFO] Skipping execution of impsort-maven-plugin
[INFO] 
[INFO] --- resources:3.2.0:resources (default-resources) @ camel-test-infra-elasticsearch ---
[INFO] Using 'UTF-8' encoding to copy filtered resources.
[INFO] Using 'UTF-8' encoding to copy filtered properties files.
[INFO] Copying 1 resource
[INFO] 
[INFO] --- flatten:1.2.5:flatten (default-cli) @ camel-test-infra-elasticsearch ---
[INFO] Generating flattened POM of project org.apache.camel:camel-test-infra-elasticsearch:jar:3.8.0-SNAPSHOT...
[INFO] 
[INFO] --- compiler:3.8.1:compile (default-compile) @ camel-test-infra-elasticsearch ---
[INFO] No sources to compile
[INFO] 
[INFO] --- resources:3.2.0:testResources (default-testResources) @ camel-test-infra-elasticsearch ---
[INFO] Using 'UTF-8' encoding to copy filtered resources.
[INFO] Using 'UTF-8' encoding to copy filtered properties files.
[INFO] skip non existing resourceDirectory /home/runner/work/sonar-analysis/sonar-analysis/project/test-infra/camel-test-infra-elasticsearch/src/test/resources
[INFO] 
[INFO] --- compiler:3.8.1:testCompile (default-testCompile) @ camel-test-infra-elasticsearch ---
[INFO] Changes detected - recompiling the module!
[INFO] Compiling 5 source files to /home/runner/work/sonar-analysis/sonar-analysis/project/test-infra/camel-test-infra-elasticsearch/target/test-classes
[WARNING] [options] bootstrap class path not set in conjunction with -source 8
[INFO] 
[INFO] --- jar:3.2.0:test-jar (default) @ camel-test-infra-elasticsearch ---
[INFO] Building jar: /home/runner/work/sonar-analysis/sonar-analysis/project/test-infra/camel-test-infra-elasticsearch/target/camel-test-infra-elasticsearch-3.8.0-SNAPSHOT-tests.jar
[INFO] 
[INFO] --- surefire:3.0.0-M5:test (default-test) @ camel-test-infra-elasticsearch ---
[INFO] Tests are skipped.
[INFO] 
[INFO] --- jar:3.2.0:jar (default-jar) @ camel-test-infra-elasticsearch ---
[INFO] Building jar: /home/runner/work/sonar-analysis/sonar-analysis/project/test-infra/camel-test-infra-elasticsearch/target/camel-test-infra-elasticsearch-3.8.0-SNAPSHOT.jar
[INFO] 
[INFO] --- install:2.5.2:install (default-install) @ camel-test-infra-elasticsearch ---
[INFO] Installing /home/runner/work/sonar-analysis/sonar-analysis/project/test-infra/camel-test-infra-elasticsearch/target/camel-test-infra-elasticsearch-3.8.0-SNAPSHOT.jar to /home/runner/.m2/repository/org/apache/camel/camel-test-infra-elasticsearch/3.8.0-SNAPSHOT/camel-test-infra-elasticsearch-3.8.0-SNAPSHOT.jar
[INFO] Installing /home/runner/work/sonar-analysis/sonar-analysis/project/test-infra/camel-test-infra-elasticsearch/target/.flattened-pom.xml to /home/runner/.m2/repository/org/apache/camel/camel-test-infra-elasticsearch/3.8.0-SNAPSHOT/camel-test-infra-elasticsearch-3.8.0-SNAPSHOT.pom
[INFO] Installing /home/runner/work/sonar-analysis/sonar-analysis/project/test-infra/camel-test-infra-elasticsearch/target/camel-test-infra-elasticsearch-3.8.0-SNAPSHOT-tests.jar to /home/runner/.m2/repository/org/apache/camel/camel-test-infra-elasticsearch/3.8.0-SNAPSHOT/camel-test-infra-elasticsearch-3.8.0-SNAPSHOT-tests.jar
[INFO] 
[INFO] -------------< org.apache.camel:camel-elasticsearch-rest >--------------
[INFO] Building Camel :: ElasticSearch REST 3.8.0-SNAPSHOT            [226/507]
[INFO]   from components/camel-elasticsearch-rest/pom.xml
[INFO] --------------------------------[ jar ]---------------------------------
[INFO] 
[INFO] ---------------------< org.apache.camel:camel-sql >---------------------
[INFO] Building Camel :: SQL 3.8.0-SNAPSHOT                           [227/507]
[INFO]   from components/camel-sql/pom.xml
[INFO] --------------------------------[ jar ]---------------------------------
[INFO] 
[INFO] --------------------< org.apache.camel:camel-elsql >--------------------
[INFO] Building Camel :: ElSql 3.8.0-SNAPSHOT                         [228/507]
[INFO]   from components/camel-elsql/pom.xml
[INFO] --------------------------------[ jar ]---------------------------------
[INFO] 
[INFO] -------------------< org.apache.camel:camel-elytron >-------------------
[INFO] Building Camel :: Elytron 3.8.0-SNAPSHOT                       [229/507]
[INFO]   from components/camel-elytron/pom.xml
[INFO] --------------------------------[ jar ]---------------------------------
[INFO] 
[INFO] --------------------< org.apache.camel:camel-etcd3 >--------------------
[INFO] Building Camel :: Etcd3 3.8.0-SNAPSHOT                         [230/507]
[INFO]   from components/camel-etcd3/pom.xml
[INFO] --------------------------------[ jar ]---------------------------------
[INFO] 
[INFO] ---------------< org.apache.camel:camel-test-infra-etcd >---------------
[INFO] Building Camel :: Test Infra :: EtcD 3.8.0-SNAPSHOT            [231/507]
[INFO]   from test-infra/camel-test-infra-etcd/pom.xml
[INFO] --------------------------------[ jar ]---------------------------------
[INFO] 
[INFO] --- clean:3.1.0:clean (default-clean) @ camel-test-infra-etcd ---
[INFO] Deleting /home/runner/work/sonar-analysis/sonar-analysis/project/test-infra/camel-test-infra-etcd/target
[INFO] 
[INFO] --- enforcer:1.4.1:enforce (enforce-maven) @ camel-test-infra-etcd ---
[INFO] Skipping Rule Enforcement.
[INFO] 
[INFO] --- impsort:1.4.1:sort (sort-imports) @ camel-test-infra-etcd ---
[INFO] Skipping execution of impsort-maven-plugin
[INFO] 
[INFO] --- resources:3.2.0:resources (default-resources) @ camel-test-infra-etcd ---
[INFO] Using 'UTF-8' encoding to copy filtered resources.
[INFO] Using 'UTF-8' encoding to copy filtered properties files.
[INFO] Copying 1 resource
[INFO] 
[INFO] --- flatten:1.2.5:flatten (default-cli) @ camel-test-infra-etcd ---
[INFO] Generating flattened POM of project org.apache.camel:camel-test-infra-etcd:jar:3.8.0-SNAPSHOT...
[INFO] 
[INFO] --- compiler:3.8.1:compile (default-compile) @ camel-test-infra-etcd ---
[INFO] No sources to compile
[INFO] 
[INFO] --- resources:3.2.0:testResources (default-testResources) @ camel-test-infra-etcd ---
[INFO] Using 'UTF-8' encoding to copy filtered resources.
[INFO] Using 'UTF-8' encoding to copy filtered properties files.
[INFO] skip non existing resourceDirectory /home/runner/work/sonar-analysis/sonar-analysis/project/test-infra/camel-test-infra-etcd/src/test/resources
[INFO] 
[INFO] --- compiler:3.8.1:testCompile (default-testCompile) @ camel-test-infra-etcd ---
[INFO] Changes detected - recompiling the module!
[INFO] Compiling 5 source files to /home/runner/work/sonar-analysis/sonar-analysis/project/test-infra/camel-test-infra-etcd/target/test-classes
[WARNING] [options] bootstrap class path not set in conjunction with -source 8
[INFO] 
[INFO] --- jar:3.2.0:test-jar (default) @ camel-test-infra-etcd ---
[INFO] Building jar: /home/runner/work/sonar-analysis/sonar-analysis/project/test-infra/camel-test-infra-etcd/target/camel-test-infra-etcd-3.8.0-SNAPSHOT-tests.jar
[INFO] 
[INFO] --- surefire:3.0.0-M5:test (default-test) @ camel-test-infra-etcd ---
[INFO] Tests are skipped.
[INFO] 
[INFO] --- jar:3.2.0:jar (default-jar) @ camel-test-infra-etcd ---
[INFO] Building jar: /home/runner/work/sonar-analysis/sonar-analysis/project/test-infra/camel-test-infra-etcd/target/camel-test-infra-etcd-3.8.0-SNAPSHOT.jar
[INFO] 
[INFO] --- install:2.5.2:install (default-install) @ camel-test-infra-etcd ---
[INFO] Installing /home/runner/work/sonar-analysis/sonar-analysis/project/test-infra/camel-test-infra-etcd/target/camel-test-infra-etcd-3.8.0-SNAPSHOT.jar to /home/runner/.m2/repository/org/apache/camel/camel-test-infra-etcd/3.8.0-SNAPSHOT/camel-test-infra-etcd-3.8.0-SNAPSHOT.jar
[INFO] Installing /home/runner/work/sonar-analysis/sonar-analysis/project/test-infra/camel-test-infra-etcd/target/.flattened-pom.xml to /home/runner/.m2/repository/org/apache/camel/camel-test-infra-etcd/3.8.0-SNAPSHOT/camel-test-infra-etcd-3.8.0-SNAPSHOT.pom
[INFO] Installing /home/runner/work/sonar-analysis/sonar-analysis/project/test-infra/camel-test-infra-etcd/target/camel-test-infra-etcd-3.8.0-SNAPSHOT-tests.jar to /home/runner/.m2/repository/org/apache/camel/camel-test-infra-etcd/3.8.0-SNAPSHOT/camel-test-infra-etcd-3.8.0-SNAPSHOT-tests.jar
[INFO] 
[INFO] --------------------< org.apache.camel:camel-etcd >---------------------
[INFO] Building Camel :: Etcd 3.8.0-SNAPSHOT                          [232/507]
[INFO]   from components/camel-etcd/pom.xml
[INFO] --------------------------------[ jar ]---------------------------------
[INFO] 
[INFO] --------------------< org.apache.camel:camel-exec >---------------------
[INFO] Building Camel :: Exec 3.8.0-SNAPSHOT                          [233/507]
[INFO]   from components/camel-exec/pom.xml
[INFO] --------------------------------[ jar ]---------------------------------
[INFO] 
[INFO] ------------------< org.apache.camel:camel-facebook >-------------------
[INFO] Building Camel :: Facebook 3.8.0-SNAPSHOT                      [234/507]
[INFO]   from components/camel-facebook/pom.xml
[INFO] --------------------------------[ jar ]---------------------------------
[INFO] 
[INFO] ------------------< org.apache.camel:camel-fastjson >-------------------
[INFO] Building Camel :: Fastjson 3.8.0-SNAPSHOT                      [235/507]
[INFO]   from components/camel-fastjson/pom.xml
[INFO] --------------------------------[ jar ]---------------------------------
[INFO] 
[INFO] -----------------< org.apache.camel:camel-fhir-parent >-----------------
[INFO] Building Camel :: FHIR :: Parent 3.8.0-SNAPSHOT                [236/507]
[INFO]   from components/camel-fhir/pom.xml
[INFO] --------------------------------[ pom ]---------------------------------
[INFO] 
[INFO] ------------------< org.apache.camel:camel-fhir-api >-------------------
[INFO] Building Camel :: FHIR :: API 3.8.0-SNAPSHOT                   [237/507]
[INFO]   from components/camel-fhir/camel-fhir-api/pom.xml
[INFO] --------------------------------[ jar ]---------------------------------
[INFO] 
[INFO] --------------------< org.apache.camel:camel-netty >--------------------
[INFO] Building Camel :: Netty 3.8.0-SNAPSHOT                         [238/507]
[INFO]   from components/camel-netty/pom.xml
[INFO] --------------------------------[ jar ]---------------------------------
[INFO] 
[INFO] --------------------< org.apache.camel:camel-mina >---------------------
[INFO] Building Camel :: MINA 3.8.0-SNAPSHOT                          [239/507]
[INFO]   from components/camel-mina/pom.xml
[INFO] --------------------------------[ jar ]---------------------------------
[INFO] 
[INFO] ---------------------< org.apache.camel:camel-hl7 >---------------------
[INFO] Building Camel :: HL7 3.8.0-SNAPSHOT                           [240/507]
[INFO]   from components/camel-hl7/pom.xml
[INFO] --------------------------------[ jar ]---------------------------------
[INFO] 
[INFO] ---------------< org.apache.camel:camel-test-infra-fhir >---------------
[INFO] Building Camel :: Test Infra :: FHIR 3.8.0-SNAPSHOT            [241/507]
[INFO]   from test-infra/camel-test-infra-fhir/pom.xml
[INFO] --------------------------------[ jar ]---------------------------------
[INFO] 
[INFO] --- clean:3.1.0:clean (default-clean) @ camel-test-infra-fhir ---
[INFO] Deleting /home/runner/work/sonar-analysis/sonar-analysis/project/test-infra/camel-test-infra-fhir/target
[INFO] 
[INFO] --- enforcer:1.4.1:enforce (enforce-maven) @ camel-test-infra-fhir ---
[INFO] Skipping Rule Enforcement.
[INFO] 
[INFO] --- impsort:1.4.1:sort (sort-imports) @ camel-test-infra-fhir ---
[INFO] Skipping execution of impsort-maven-plugin
[INFO] 
[INFO] --- resources:3.2.0:resources (default-resources) @ camel-test-infra-fhir ---
[INFO] Using 'UTF-8' encoding to copy filtered resources.
[INFO] Using 'UTF-8' encoding to copy filtered properties files.
[INFO] Copying 1 resource
[INFO] 
[INFO] --- flatten:1.2.5:flatten (default-cli) @ camel-test-infra-fhir ---
[INFO] Generating flattened POM of project org.apache.camel:camel-test-infra-fhir:jar:3.8.0-SNAPSHOT...
[INFO] 
[INFO] --- compiler:3.8.1:compile (default-compile) @ camel-test-infra-fhir ---
[INFO] No sources to compile
[INFO] 
[INFO] --- resources:3.2.0:testResources (default-testResources) @ camel-test-infra-fhir ---
[INFO] Using 'UTF-8' encoding to copy filtered resources.
[INFO] Using 'UTF-8' encoding to copy filtered properties files.
[INFO] skip non existing resourceDirectory /home/runner/work/sonar-analysis/sonar-analysis/project/test-infra/camel-test-infra-fhir/src/test/resources
[INFO] 
[INFO] --- compiler:3.8.1:testCompile (default-testCompile) @ camel-test-infra-fhir ---
[INFO] Changes detected - recompiling the module!
[INFO] Compiling 5 source files to /home/runner/work/sonar-analysis/sonar-analysis/project/test-infra/camel-test-infra-fhir/target/test-classes
[WARNING] [options] bootstrap class path not set in conjunction with -source 8
[INFO] 
[INFO] --- jar:3.2.0:test-jar (default) @ camel-test-infra-fhir ---
[INFO] Building jar: /home/runner/work/sonar-analysis/sonar-analysis/project/test-infra/camel-test-infra-fhir/target/camel-test-infra-fhir-3.8.0-SNAPSHOT-tests.jar
[INFO] 
[INFO] --- surefire:3.0.0-M5:test (default-test) @ camel-test-infra-fhir ---
[INFO] Tests are skipped.
[INFO] 
[INFO] --- jar:3.2.0:jar (default-jar) @ camel-test-infra-fhir ---
[INFO] Building jar: /home/runner/work/sonar-analysis/sonar-analysis/project/test-infra/camel-test-infra-fhir/target/camel-test-infra-fhir-3.8.0-SNAPSHOT.jar
[INFO] 
[INFO] --- install:2.5.2:install (default-install) @ camel-test-infra-fhir ---
[INFO] Installing /home/runner/work/sonar-analysis/sonar-analysis/project/test-infra/camel-test-infra-fhir/target/camel-test-infra-fhir-3.8.0-SNAPSHOT.jar to /home/runner/.m2/repository/org/apache/camel/camel-test-infra-fhir/3.8.0-SNAPSHOT/camel-test-infra-fhir-3.8.0-SNAPSHOT.jar
[INFO] Installing /home/runner/work/sonar-analysis/sonar-analysis/project/test-infra/camel-test-infra-fhir/target/.flattened-pom.xml to /home/runner/.m2/repository/org/apache/camel/camel-test-infra-fhir/3.8.0-SNAPSHOT/camel-test-infra-fhir-3.8.0-SNAPSHOT.pom
[INFO] Installing /home/runner/work/sonar-analysis/sonar-analysis/project/test-infra/camel-test-infra-fhir/target/camel-test-infra-fhir-3.8.0-SNAPSHOT-tests.jar to /home/runner/.m2/repository/org/apache/camel/camel-test-infra-fhir/3.8.0-SNAPSHOT/camel-test-infra-fhir-3.8.0-SNAPSHOT-tests.jar
[INFO] 
[INFO] --------------------< org.apache.camel:camel-fhir >---------------------
[INFO] Building Camel :: FHIR 3.8.0-SNAPSHOT                          [242/507]
[INFO]   from components/camel-fhir/camel-fhir-component/pom.xml
[INFO] --------------------------------[ jar ]---------------------------------
[INFO] 
[INFO] -----------------< org.apache.camel:camel-file-watch >------------------
[INFO] Building Camel :: File Watch 3.8.0-SNAPSHOT                    [243/507]
[INFO]   from components/camel-file-watch/pom.xml
[INFO] --------------------------------[ jar ]---------------------------------
[INFO] 
[INFO] ------------------< org.apache.camel:camel-flatpack >-------------------
[INFO] Building Camel :: FlatPack 3.8.0-SNAPSHOT                      [244/507]
[INFO]   from components/camel-flatpack/pom.xml
[INFO] --------------------------------[ jar ]---------------------------------
[INFO] 
[INFO] --------------------< org.apache.camel:camel-flink >--------------------
[INFO] Building Camel :: Flink 3.8.0-SNAPSHOT                         [245/507]
[INFO]   from components/camel-flink/pom.xml
[INFO] --------------------------------[ jar ]---------------------------------
[INFO] 
[INFO] ---------------------< org.apache.camel:camel-fop >---------------------
[INFO] Building Camel :: FOP 3.8.0-SNAPSHOT                           [246/507]
[INFO]   from components/camel-fop/pom.xml
[INFO] --------------------------------[ jar ]---------------------------------
[INFO] 
[INFO] -----------------< org.apache.camel:camel-freemarker >------------------
[INFO] Building Camel :: Freemarker 3.8.0-SNAPSHOT                    [247/507]
[INFO]   from components/camel-freemarker/pom.xml
[INFO] --------------------------------[ jar ]---------------------------------
[INFO] 
[INFO] ---------------------< org.apache.camel:camel-ssh >---------------------
[INFO] Building Camel :: SSH 3.8.0-SNAPSHOT                           [248/507]
[INFO]   from components/camel-ssh/pom.xml
[INFO] --------------------------------[ jar ]---------------------------------
[INFO] 
[INFO] ---------------< org.apache.camel:camel-test-infra-ftp >----------------
[INFO] Building Camel :: Test Infra :: Ftp 3.8.0-SNAPSHOT             [249/507]
[INFO]   from test-infra/camel-test-infra-ftp/pom.xml
[INFO] --------------------------------[ jar ]---------------------------------
[INFO] 
[INFO] --- clean:3.1.0:clean (default-clean) @ camel-test-infra-ftp ---
[INFO] Deleting /home/runner/work/sonar-analysis/sonar-analysis/project/test-infra/camel-test-infra-ftp/target
[INFO] 
[INFO] --- enforcer:1.4.1:enforce (enforce-maven) @ camel-test-infra-ftp ---
[INFO] Skipping Rule Enforcement.
[INFO] 
[INFO] --- impsort:1.4.1:sort (sort-imports) @ camel-test-infra-ftp ---
[INFO] Skipping execution of impsort-maven-plugin
[INFO] 
[INFO] --- resources:3.2.0:resources (default-resources) @ camel-test-infra-ftp ---
[INFO] Using 'UTF-8' encoding to copy filtered resources.
[INFO] Using 'UTF-8' encoding to copy filtered properties files.
[INFO] Copying 1 resource
[INFO] 
[INFO] --- flatten:1.2.5:flatten (default-cli) @ camel-test-infra-ftp ---
[INFO] Generating flattened POM of project org.apache.camel:camel-test-infra-ftp:jar:3.8.0-SNAPSHOT...
[INFO] 
[INFO] --- compiler:3.8.1:compile (default-compile) @ camel-test-infra-ftp ---
[INFO] No sources to compile
[INFO] 
[INFO] --- resources:3.2.0:testResources (default-testResources) @ camel-test-infra-ftp ---
[INFO] Using 'UTF-8' encoding to copy filtered resources.
[INFO] Using 'UTF-8' encoding to copy filtered properties files.
[INFO] skip non existing resourceDirectory /home/runner/work/sonar-analysis/sonar-analysis/project/test-infra/camel-test-infra-ftp/src/test/resources
[INFO] 
[INFO] --- compiler:3.8.1:testCompile (default-testCompile) @ camel-test-infra-ftp ---
[INFO] Changes detected - recompiling the module!
[INFO] Compiling 4 source files to /home/runner/work/sonar-analysis/sonar-analysis/project/test-infra/camel-test-infra-ftp/target/test-classes
[WARNING] [options] bootstrap class path not set in conjunction with -source 8
[INFO] 
[INFO] --- jar:3.2.0:test-jar (default) @ camel-test-infra-ftp ---
[INFO] Building jar: /home/runner/work/sonar-analysis/sonar-analysis/project/test-infra/camel-test-infra-ftp/target/camel-test-infra-ftp-3.8.0-SNAPSHOT-tests.jar
[INFO] 
[INFO] --- surefire:3.0.0-M5:test (default-test) @ camel-test-infra-ftp ---
[INFO] Tests are skipped.
[INFO] 
[INFO] --- jar:3.2.0:jar (default-jar) @ camel-test-infra-ftp ---
[INFO] Building jar: /home/runner/work/sonar-analysis/sonar-analysis/project/test-infra/camel-test-infra-ftp/target/camel-test-infra-ftp-3.8.0-SNAPSHOT.jar
[INFO] 
[INFO] --- install:2.5.2:install (default-install) @ camel-test-infra-ftp ---
[INFO] Installing /home/runner/work/sonar-analysis/sonar-analysis/project/test-infra/camel-test-infra-ftp/target/camel-test-infra-ftp-3.8.0-SNAPSHOT.jar to /home/runner/.m2/repository/org/apache/camel/camel-test-infra-ftp/3.8.0-SNAPSHOT/camel-test-infra-ftp-3.8.0-SNAPSHOT.jar
[INFO] Installing /home/runner/work/sonar-analysis/sonar-analysis/project/test-infra/camel-test-infra-ftp/target/.flattened-pom.xml to /home/runner/.m2/repository/org/apache/camel/camel-test-infra-ftp/3.8.0-SNAPSHOT/camel-test-infra-ftp-3.8.0-SNAPSHOT.pom
[INFO] Installing /home/runner/work/sonar-analysis/sonar-analysis/project/test-infra/camel-test-infra-ftp/target/camel-test-infra-ftp-3.8.0-SNAPSHOT-tests.jar to /home/runner/.m2/repository/org/apache/camel/camel-test-infra-ftp/3.8.0-SNAPSHOT/camel-test-infra-ftp-3.8.0-SNAPSHOT-tests.jar
[INFO] 
[INFO] ---------------------< org.apache.camel:camel-ftp >---------------------
[INFO] Building Camel :: FTP 3.8.0-SNAPSHOT                           [250/507]
[INFO]   from components/camel-ftp/pom.xml
[INFO] --------------------------------[ jar ]---------------------------------
[INFO] 
[INFO] -------------------< org.apache.camel:camel-ganglia >-------------------
[INFO] Building Camel :: Ganglia 3.8.0-SNAPSHOT                       [251/507]
[INFO]   from components/camel-ganglia/pom.xml
[INFO] --------------------------------[ jar ]---------------------------------
[INFO] 
[INFO] ------------------< org.apache.camel:camel-geocoder >-------------------
[INFO] Building Camel :: Geocoder 3.8.0-SNAPSHOT                      [252/507]
[INFO]   from components/camel-geocoder/pom.xml
[INFO] --------------------------------[ jar ]---------------------------------
[INFO] 
[INFO] ---------------------< org.apache.camel:camel-git >---------------------
[INFO] Building Camel :: Git 3.8.0-SNAPSHOT                           [253/507]
[INFO]   from components/camel-git/pom.xml
[INFO] --------------------------------[ jar ]---------------------------------
[INFO] 
[INFO] -------------------< org.apache.camel:camel-github >--------------------
[INFO] Building Camel :: GitHub 3.8.0-SNAPSHOT                        [254/507]
[INFO]   from components/camel-github/pom.xml
[INFO] --------------------------------[ jar ]---------------------------------
[INFO] 
[INFO] ---------------< org.apache.camel:camel-google-bigquery >---------------
[INFO] Building Camel :: Google BigQuery 3.8.0-SNAPSHOT               [255/507]
[INFO]   from components/camel-google-bigquery/pom.xml
[INFO] --------------------------------[ jar ]---------------------------------
[INFO] 
[INFO] ---------------< org.apache.camel:camel-google-calendar >---------------
[INFO] Building Camel :: Google Calendar 3.8.0-SNAPSHOT               [256/507]
[INFO]   from components/camel-google-calendar/pom.xml
[INFO] --------------------------------[ jar ]---------------------------------
[INFO] 
[INFO] ----------------< org.apache.camel:camel-google-drive >-----------------
[INFO] Building Camel :: Google Drive 3.8.0-SNAPSHOT                  [257/507]
[INFO]   from components/camel-google-drive/pom.xml
[INFO] --------------------------------[ jar ]---------------------------------
[INFO] 
[INFO] -----------------< org.apache.camel:camel-google-mail >-----------------
[INFO] Building Camel :: Google Mail 3.8.0-SNAPSHOT                   [258/507]
[INFO]   from components/camel-google-mail/pom.xml
[INFO] --------------------------------[ jar ]---------------------------------
[INFO] 
[INFO] ----------< org.apache.camel:camel-test-infra-google-pubsub >-----------
[INFO] Building Camel :: Test Infra :: Google Pub/Sub 3.8.0-SNAPSHOT  [259/507]
[INFO]   from test-infra/camel-test-infra-google-pubsub/pom.xml
[INFO] --------------------------------[ jar ]---------------------------------
[INFO] 
[INFO] --- clean:3.1.0:clean (default-clean) @ camel-test-infra-google-pubsub ---
[INFO] Deleting /home/runner/work/sonar-analysis/sonar-analysis/project/test-infra/camel-test-infra-google-pubsub/target
[INFO] 
[INFO] --- enforcer:1.4.1:enforce (enforce-maven) @ camel-test-infra-google-pubsub ---
[INFO] Skipping Rule Enforcement.
[INFO] 
[INFO] --- impsort:1.4.1:sort (sort-imports) @ camel-test-infra-google-pubsub ---
[INFO] Skipping execution of impsort-maven-plugin
[INFO] 
[INFO] --- resources:3.2.0:resources (default-resources) @ camel-test-infra-google-pubsub ---
[INFO] Using 'UTF-8' encoding to copy filtered resources.
[INFO] Using 'UTF-8' encoding to copy filtered properties files.
[INFO] Copying 1 resource
[INFO] 
[INFO] --- flatten:1.2.5:flatten (default-cli) @ camel-test-infra-google-pubsub ---
[INFO] Generating flattened POM of project org.apache.camel:camel-test-infra-google-pubsub:jar:3.8.0-SNAPSHOT...
[INFO] 
[INFO] --- compiler:3.8.1:compile (default-compile) @ camel-test-infra-google-pubsub ---
[INFO] No sources to compile
[INFO] 
[INFO] --- resources:3.2.0:testResources (default-testResources) @ camel-test-infra-google-pubsub ---
[INFO] Using 'UTF-8' encoding to copy filtered resources.
[INFO] Using 'UTF-8' encoding to copy filtered properties files.
[INFO] skip non existing resourceDirectory /home/runner/work/sonar-analysis/sonar-analysis/project/test-infra/camel-test-infra-google-pubsub/src/test/resources
[INFO] 
[INFO] --- compiler:3.8.1:testCompile (default-testCompile) @ camel-test-infra-google-pubsub ---
[INFO] Changes detected - recompiling the module!
[INFO] Compiling 5 source files to /home/runner/work/sonar-analysis/sonar-analysis/project/test-infra/camel-test-infra-google-pubsub/target/test-classes
[WARNING] [options] bootstrap class path not set in conjunction with -source 8
[INFO] 
[INFO] --- jar:3.2.0:test-jar (default) @ camel-test-infra-google-pubsub ---
[INFO] Building jar: /home/runner/work/sonar-analysis/sonar-analysis/project/test-infra/camel-test-infra-google-pubsub/target/camel-test-infra-google-pubsub-3.8.0-SNAPSHOT-tests.jar
[INFO] 
[INFO] --- surefire:3.0.0-M5:test (default-test) @ camel-test-infra-google-pubsub ---
[INFO] Tests are skipped.
[INFO] 
[INFO] --- jar:3.2.0:jar (default-jar) @ camel-test-infra-google-pubsub ---
[INFO] Building jar: /home/runner/work/sonar-analysis/sonar-analysis/project/test-infra/camel-test-infra-google-pubsub/target/camel-test-infra-google-pubsub-3.8.0-SNAPSHOT.jar
[INFO] 
[INFO] --- install:2.5.2:install (default-install) @ camel-test-infra-google-pubsub ---
[INFO] Installing /home/runner/work/sonar-analysis/sonar-analysis/project/test-infra/camel-test-infra-google-pubsub/target/camel-test-infra-google-pubsub-3.8.0-SNAPSHOT.jar to /home/runner/.m2/repository/org/apache/camel/camel-test-infra-google-pubsub/3.8.0-SNAPSHOT/camel-test-infra-google-pubsub-3.8.0-SNAPSHOT.jar
[INFO] Installing /home/runner/work/sonar-analysis/sonar-analysis/project/test-infra/camel-test-infra-google-pubsub/target/.flattened-pom.xml to /home/runner/.m2/repository/org/apache/camel/camel-test-infra-google-pubsub/3.8.0-SNAPSHOT/camel-test-infra-google-pubsub-3.8.0-SNAPSHOT.pom
[INFO] Installing /home/runner/work/sonar-analysis/sonar-analysis/project/test-infra/camel-test-infra-google-pubsub/target/camel-test-infra-google-pubsub-3.8.0-SNAPSHOT-tests.jar to /home/runner/.m2/repository/org/apache/camel/camel-test-infra-google-pubsub/3.8.0-SNAPSHOT/camel-test-infra-google-pubsub-3.8.0-SNAPSHOT-tests.jar
[INFO] 
[INFO] ----------------< org.apache.camel:camel-google-pubsub >----------------
[INFO] Building Camel :: Google PubSub 3.8.0-SNAPSHOT                 [260/507]
[INFO]   from components/camel-google-pubsub/pom.xml
[INFO] --------------------------------[ jar ]---------------------------------
[INFO] 
[INFO] ----------------< org.apache.camel:camel-google-sheets >----------------
[INFO] Building Camel :: Google Sheets 3.8.0-SNAPSHOT                 [261/507]
[INFO]   from components/camel-google-sheets/pom.xml
[INFO] --------------------------------[ jar ]---------------------------------
[INFO] 
[INFO] --------------------< org.apache.camel:camel-gora >---------------------
[INFO] Building Camel :: Gora 3.8.0-SNAPSHOT                          [262/507]
[INFO]   from components/camel-gora/pom.xml
[INFO] --------------------------------[ jar ]---------------------------------
[INFO] 
[INFO] -------------------< org.apache.camel:camel-stream >--------------------
[INFO] Building Camel :: Stream 3.8.0-SNAPSHOT                        [263/507]
[INFO]   from components/camel-stream/pom.xml
[INFO] --------------------------------[ jar ]---------------------------------
[INFO] 
[INFO] --------------------< org.apache.camel:camel-grape >--------------------
[INFO] Building Camel :: Grape 3.8.0-SNAPSHOT                         [264/507]
[INFO]   from components/camel-grape/pom.xml
[INFO] --------------------------------[ jar ]---------------------------------
[INFO] 
[INFO] -------------------< org.apache.camel:camel-graphql >-------------------
[INFO] Building Camel :: GraphQL 3.8.0-SNAPSHOT                       [265/507]
[INFO]   from components/camel-graphql/pom.xml
[INFO] --------------------------------[ jar ]---------------------------------
[INFO] 
[INFO] --------------------< org.apache.camel:camel-grok >---------------------
[INFO] Building Camel :: Grok 3.8.0-SNAPSHOT                          [266/507]
[INFO]   from components/camel-grok/pom.xml
[INFO] --------------------------------[ jar ]---------------------------------
[INFO] 
[INFO] -------------------< org.apache.camel:camel-groovy >--------------------
[INFO] Building Camel :: Groovy 3.8.0-SNAPSHOT                        [267/507]
[INFO]   from components/camel-groovy/pom.xml
[INFO] --------------------------------[ jar ]---------------------------------
[INFO] 
[INFO] --------------------< org.apache.camel:camel-grpc >---------------------
[INFO] Building Camel :: gRPC 3.8.0-SNAPSHOT                          [268/507]
[INFO]   from components/camel-grpc/pom.xml
[INFO] --------------------------------[ jar ]---------------------------------
[INFO] 
[INFO] ---------------< org.apache.camel:camel-guava-eventbus >----------------
[INFO] Building Camel :: Guava-EventBus 3.8.0-SNAPSHOT                [269/507]
[INFO]   from components/camel-guava-eventbus/pom.xml
[INFO] --------------------------------[ jar ]---------------------------------
[INFO] 
[INFO] ------------------< org.apache.camel:camel-hazelcast >------------------
[INFO] Building Camel :: HazelCast 3.8.0-SNAPSHOT                     [270/507]
[INFO]   from components/camel-hazelcast/pom.xml
[INFO] --------------------------------[ jar ]---------------------------------
[INFO] 
[INFO] --------------< org.apache.camel:camel-test-infra-hbase >---------------
[INFO] Building Camel :: Test Infra :: HBase 3.8.0-SNAPSHOT           [271/507]
[INFO]   from test-infra/camel-test-infra-hbase/pom.xml
[INFO] --------------------------------[ jar ]---------------------------------
[WARNING] 2 problems were encountered while building the effective model for org.apache.yetus:audience-annotations:jar:0.5.0 during dependency collection step for project (use -X to see details)
[WARNING] 1 problem was encountered while building the effective model for org.javassist:javassist:jar:3.20.0-GA during dependency collection step for project (use -X to see details)
[INFO] 
[INFO] --- clean:3.1.0:clean (default-clean) @ camel-test-infra-hbase ---
[INFO] Deleting /home/runner/work/sonar-analysis/sonar-analysis/project/test-infra/camel-test-infra-hbase/target
[INFO] 
[INFO] --- enforcer:1.4.1:enforce (enforce-maven) @ camel-test-infra-hbase ---
[INFO] Skipping Rule Enforcement.
[INFO] 
[INFO] --- impsort:1.4.1:sort (sort-imports) @ camel-test-infra-hbase ---
[INFO] Skipping execution of impsort-maven-plugin
[INFO] 
[INFO] --- resources:3.2.0:resources (default-resources) @ camel-test-infra-hbase ---
[INFO] Using 'UTF-8' encoding to copy filtered resources.
[INFO] Using 'UTF-8' encoding to copy filtered properties files.
[INFO] Copying 1 resource
[INFO] 
[INFO] --- flatten:1.2.5:flatten (default-cli) @ camel-test-infra-hbase ---
[INFO] Generating flattened POM of project org.apache.camel:camel-test-infra-hbase:jar:3.8.0-SNAPSHOT...
[INFO] 
[INFO] --- compiler:3.8.1:compile (default-compile) @ camel-test-infra-hbase ---
[INFO] No sources to compile
[INFO] 
[INFO] --- resources:3.2.0:testResources (default-testResources) @ camel-test-infra-hbase ---
[INFO] Using 'UTF-8' encoding to copy filtered resources.
[INFO] Using 'UTF-8' encoding to copy filtered properties files.
[INFO] skip non existing resourceDirectory /home/runner/work/sonar-analysis/sonar-analysis/project/test-infra/camel-test-infra-hbase/src/test/resources
[INFO] 
[INFO] --- compiler:3.8.1:testCompile (default-testCompile) @ camel-test-infra-hbase ---
[INFO] Changes detected - recompiling the module!
[INFO] Compiling 5 source files to /home/runner/work/sonar-analysis/sonar-analysis/project/test-infra/camel-test-infra-hbase/target/test-classes
[WARNING] [options] bootstrap class path not set in conjunction with -source 8
[WARNING] /home/runner/work/sonar-analysis/sonar-analysis/project/test-infra/camel-test-infra-hbase/src/test/java/org/apache/camel/test/infra/hbase/services/HBaseContainer.java:[34,28] [deprecation] GenericContainer() in GenericContainer has been deprecated
[WARNING] /home/runner/work/sonar-analysis/sonar-analysis/project/test-infra/camel-test-infra-hbase/src/test/java/org/apache/camel/test/infra/hbase/services/HBaseContainer.java:[38,46] [deprecation] GenericContainer() in GenericContainer has been deprecated
[INFO] 
[INFO] --- jar:3.2.0:test-jar (default) @ camel-test-infra-hbase ---
[INFO] Building jar: /home/runner/work/sonar-analysis/sonar-analysis/project/test-infra/camel-test-infra-hbase/target/camel-test-infra-hbase-3.8.0-SNAPSHOT-tests.jar
[INFO] 
[INFO] --- surefire:3.0.0-M5:test (default-test) @ camel-test-infra-hbase ---
[INFO] Tests are skipped.
[INFO] 
[INFO] --- jar:3.2.0:jar (default-jar) @ camel-test-infra-hbase ---
[INFO] Building jar: /home/runner/work/sonar-analysis/sonar-analysis/project/test-infra/camel-test-infra-hbase/target/camel-test-infra-hbase-3.8.0-SNAPSHOT.jar
[INFO] 
[INFO] --- install:2.5.2:install (default-install) @ camel-test-infra-hbase ---
[INFO] Installing /home/runner/work/sonar-analysis/sonar-analysis/project/test-infra/camel-test-infra-hbase/target/camel-test-infra-hbase-3.8.0-SNAPSHOT.jar to /home/runner/.m2/repository/org/apache/camel/camel-test-infra-hbase/3.8.0-SNAPSHOT/camel-test-infra-hbase-3.8.0-SNAPSHOT.jar
[INFO] Installing /home/runner/work/sonar-analysis/sonar-analysis/project/test-infra/camel-test-infra-hbase/target/.flattened-pom.xml to /home/runner/.m2/repository/org/apache/camel/camel-test-infra-hbase/3.8.0-SNAPSHOT/camel-test-infra-hbase-3.8.0-SNAPSHOT.pom
[INFO] Installing /home/runner/work/sonar-analysis/sonar-analysis/project/test-infra/camel-test-infra-hbase/target/camel-test-infra-hbase-3.8.0-SNAPSHOT-tests.jar to /home/runner/.m2/repository/org/apache/camel/camel-test-infra-hbase/3.8.0-SNAPSHOT/camel-test-infra-hbase-3.8.0-SNAPSHOT-tests.jar
[INFO] 
[INFO] --------------------< org.apache.camel:camel-hbase >--------------------
[INFO] Building Camel :: Hbase 3.8.0-SNAPSHOT                         [272/507]
[INFO]   from components/camel-hbase/pom.xml
[INFO] --------------------------------[ jar ]---------------------------------
[INFO] 
[INFO] ---------------< org.apache.camel:camel-test-infra-hdfs >---------------
[INFO] Building Camel :: Test Infra :: HDFS 3.8.0-SNAPSHOT            [273/507]
[INFO]   from test-infra/camel-test-infra-hdfs/pom.xml
[INFO] --------------------------------[ jar ]---------------------------------
[INFO] 
[INFO] --- clean:3.1.0:clean (default-clean) @ camel-test-infra-hdfs ---
[INFO] Deleting /home/runner/work/sonar-analysis/sonar-analysis/project/test-infra/camel-test-infra-hdfs/target
[INFO] 
[INFO] --- enforcer:1.4.1:enforce (enforce-maven) @ camel-test-infra-hdfs ---
[INFO] Skipping Rule Enforcement.
[INFO] 
[INFO] --- impsort:1.4.1:sort (sort-imports) @ camel-test-infra-hdfs ---
[INFO] Skipping execution of impsort-maven-plugin
[INFO] 
[INFO] --- resources:3.2.0:resources (default-resources) @ camel-test-infra-hdfs ---
[INFO] Using 'UTF-8' encoding to copy filtered resources.
[INFO] Using 'UTF-8' encoding to copy filtered properties files.
[INFO] Copying 1 resource
[INFO] 
[INFO] --- flatten:1.2.5:flatten (default-cli) @ camel-test-infra-hdfs ---
[INFO] Generating flattened POM of project org.apache.camel:camel-test-infra-hdfs:jar:3.8.0-SNAPSHOT...
[INFO] 
[INFO] --- compiler:3.8.1:compile (default-compile) @ camel-test-infra-hdfs ---
[INFO] No sources to compile
[INFO] 
[INFO] --- resources:3.2.0:testResources (default-testResources) @ camel-test-infra-hdfs ---
[INFO] Using 'UTF-8' encoding to copy filtered resources.
[INFO] Using 'UTF-8' encoding to copy filtered properties files.
[INFO] Copying 5 resources
[INFO] 
[INFO] --- compiler:3.8.1:testCompile (default-testCompile) @ camel-test-infra-hdfs ---
[INFO] Changes detected - recompiling the module!
[INFO] Compiling 9 source files to /home/runner/work/sonar-analysis/sonar-analysis/project/test-infra/camel-test-infra-hdfs/target/test-classes
[WARNING] [options] bootstrap class path not set in conjunction with -source 8
[WARNING] /home/runner/work/sonar-analysis/sonar-analysis/project/test-infra/camel-test-infra-hdfs/src/test/java/org/apache/camel/test/infra/hdfs/v2/services/DataNodeContainer.java:[39,54] [deprecation] getDockerHostIpAddress(URI) in DockerClientConfigUtils has been deprecated
[INFO] 
[INFO] --- jar:3.2.0:test-jar (default) @ camel-test-infra-hdfs ---
[INFO] Building jar: /home/runner/work/sonar-analysis/sonar-analysis/project/test-infra/camel-test-infra-hdfs/target/camel-test-infra-hdfs-3.8.0-SNAPSHOT-tests.jar
[INFO] 
[INFO] --- surefire:3.0.0-M5:test (default-test) @ camel-test-infra-hdfs ---
[INFO] Tests are skipped.
[INFO] 
[INFO] --- jar:3.2.0:jar (default-jar) @ camel-test-infra-hdfs ---
[INFO] Building jar: /home/runner/work/sonar-analysis/sonar-analysis/project/test-infra/camel-test-infra-hdfs/target/camel-test-infra-hdfs-3.8.0-SNAPSHOT.jar
[INFO] 
[INFO] --- install:2.5.2:install (default-install) @ camel-test-infra-hdfs ---
[INFO] Installing /home/runner/work/sonar-analysis/sonar-analysis/project/test-infra/camel-test-infra-hdfs/target/camel-test-infra-hdfs-3.8.0-SNAPSHOT.jar to /home/runner/.m2/repository/org/apache/camel/camel-test-infra-hdfs/3.8.0-SNAPSHOT/camel-test-infra-hdfs-3.8.0-SNAPSHOT.jar
[INFO] Installing /home/runner/work/sonar-analysis/sonar-analysis/project/test-infra/camel-test-infra-hdfs/target/.flattened-pom.xml to /home/runner/.m2/repository/org/apache/camel/camel-test-infra-hdfs/3.8.0-SNAPSHOT/camel-test-infra-hdfs-3.8.0-SNAPSHOT.pom
[INFO] Installing /home/runner/work/sonar-analysis/sonar-analysis/project/test-infra/camel-test-infra-hdfs/target/camel-test-infra-hdfs-3.8.0-SNAPSHOT-tests.jar to /home/runner/.m2/repository/org/apache/camel/camel-test-infra-hdfs/3.8.0-SNAPSHOT/camel-test-infra-hdfs-3.8.0-SNAPSHOT-tests.jar
[INFO] 
[INFO] --------------------< org.apache.camel:camel-hdfs >---------------------
[INFO] Building Camel :: HDFS 3.8.0-SNAPSHOT                          [274/507]
[INFO]   from components/camel-hdfs/pom.xml
[INFO] --------------------------------[ jar ]---------------------------------
[INFO] 
[INFO] -----------------< org.apache.camel:camel-headersmap >------------------
[INFO] Building Camel :: Headers Map 3.8.0-SNAPSHOT                   [275/507]
[INFO]   from components/camel-headersmap/pom.xml
[INFO] --------------------------------[ jar ]---------------------------------
[INFO] 
[INFO] -------------------< org.apache.camel:camel-hystrix >-------------------
[INFO] Building Camel :: Hystrix (deprecated) 3.8.0-SNAPSHOT          [276/507]
[INFO]   from components/camel-hystrix/pom.xml
[INFO] --------------------------------[ jar ]---------------------------------
[INFO] 
[INFO] --------------------< org.apache.camel:camel-ical >---------------------
[INFO] Building Camel :: iCal 3.8.0-SNAPSHOT                          [277/507]
[INFO]   from components/camel-ical/pom.xml
[INFO] --------------------------------[ jar ]---------------------------------
[INFO] 
[INFO] ------------------< org.apache.camel:camel-iec60870 >-------------------
[INFO] Building Camel :: IEC 60870 3.8.0-SNAPSHOT                     [278/507]
[INFO]   from components/camel-iec60870/pom.xml
[INFO] --------------------------------[ jar ]---------------------------------
[INFO] 
[INFO] -------------------< org.apache.camel:camel-ignite >--------------------
[INFO] Building Camel :: Ignite 3.8.0-SNAPSHOT                        [279/507]
[INFO]   from components/camel-ignite/pom.xml
[INFO] --------------------------------[ jar ]---------------------------------
[INFO] 
[INFO] ------------< org.apache.camel:camel-test-infra-infinispan >------------
[INFO] Building Camel :: Test Infra :: Infinispan 3.8.0-SNAPSHOT      [280/507]
[INFO]   from test-infra/camel-test-infra-infinispan/pom.xml
[INFO] --------------------------------[ jar ]---------------------------------
[INFO] 
[INFO] --- clean:3.1.0:clean (default-clean) @ camel-test-infra-infinispan ---
[INFO] Deleting /home/runner/work/sonar-analysis/sonar-analysis/project/test-infra/camel-test-infra-infinispan/target
[INFO] 
[INFO] --- enforcer:1.4.1:enforce (enforce-maven) @ camel-test-infra-infinispan ---
[INFO] Skipping Rule Enforcement.
[INFO] 
[INFO] --- impsort:1.4.1:sort (sort-imports) @ camel-test-infra-infinispan ---
[INFO] Skipping execution of impsort-maven-plugin
[INFO] 
[INFO] --- resources:3.2.0:resources (default-resources) @ camel-test-infra-infinispan ---
[INFO] Using 'UTF-8' encoding to copy filtered resources.
[INFO] Using 'UTF-8' encoding to copy filtered properties files.
[INFO] Copying 1 resource
[INFO] 
[INFO] --- flatten:1.2.5:flatten (default-cli) @ camel-test-infra-infinispan ---
[INFO] Generating flattened POM of project org.apache.camel:camel-test-infra-infinispan:jar:3.8.0-SNAPSHOT...
[INFO] 
[INFO] --- compiler:3.8.1:compile (default-compile) @ camel-test-infra-infinispan ---
[INFO] No sources to compile
[INFO] 
[INFO] --- resources:3.2.0:testResources (default-testResources) @ camel-test-infra-infinispan ---
[INFO] Using 'UTF-8' encoding to copy filtered resources.
[INFO] Using 'UTF-8' encoding to copy filtered properties files.
[INFO] skip non existing resourceDirectory /home/runner/work/sonar-analysis/sonar-analysis/project/test-infra/camel-test-infra-infinispan/src/test/resources
[INFO] 
[INFO] --- compiler:3.8.1:testCompile (default-testCompile) @ camel-test-infra-infinispan ---
[INFO] Changes detected - recompiling the module!
[INFO] Compiling 5 source files to /home/runner/work/sonar-analysis/sonar-analysis/project/test-infra/camel-test-infra-infinispan/target/test-classes
[WARNING] [options] bootstrap class path not set in conjunction with -source 8
[INFO] 
[INFO] --- jar:3.2.0:test-jar (default) @ camel-test-infra-infinispan ---
[INFO] Building jar: /home/runner/work/sonar-analysis/sonar-analysis/project/test-infra/camel-test-infra-infinispan/target/camel-test-infra-infinispan-3.8.0-SNAPSHOT-tests.jar
[INFO] 
[INFO] --- surefire:3.0.0-M5:test (default-test) @ camel-test-infra-infinispan ---
[INFO] Tests are skipped.
[INFO] 
[INFO] --- jar:3.2.0:jar (default-jar) @ camel-test-infra-infinispan ---
[INFO] Building jar: /home/runner/work/sonar-analysis/sonar-analysis/project/test-infra/camel-test-infra-infinispan/target/camel-test-infra-infinispan-3.8.0-SNAPSHOT.jar
[INFO] 
[INFO] --- install:2.5.2:install (default-install) @ camel-test-infra-infinispan ---
[INFO] Installing /home/runner/work/sonar-analysis/sonar-analysis/project/test-infra/camel-test-infra-infinispan/target/camel-test-infra-infinispan-3.8.0-SNAPSHOT.jar to /home/runner/.m2/repository/org/apache/camel/camel-test-infra-infinispan/3.8.0-SNAPSHOT/camel-test-infra-infinispan-3.8.0-SNAPSHOT.jar
[INFO] Installing /home/runner/work/sonar-analysis/sonar-analysis/project/test-infra/camel-test-infra-infinispan/target/.flattened-pom.xml to /home/runner/.m2/repository/org/apache/camel/camel-test-infra-infinispan/3.8.0-SNAPSHOT/camel-test-infra-infinispan-3.8.0-SNAPSHOT.pom
[INFO] Installing /home/runner/work/sonar-analysis/sonar-analysis/project/test-infra/camel-test-infra-infinispan/target/camel-test-infra-infinispan-3.8.0-SNAPSHOT-tests.jar to /home/runner/.m2/repository/org/apache/camel/camel-test-infra-infinispan/3.8.0-SNAPSHOT/camel-test-infra-infinispan-3.8.0-SNAPSHOT-tests.jar
[INFO] 
[INFO] -----------------< org.apache.camel:camel-infinispan >------------------
[INFO] Building Camel :: Infinispan 3.8.0-SNAPSHOT                    [281/507]
[INFO]   from components/camel-infinispan/pom.xml
[INFO] --------------------------------[ jar ]---------------------------------
[INFO] 
[INFO] ------------------< org.apache.camel:camel-influxdb >-------------------
[INFO] Building Camel :: InfluxDB 3.8.0-SNAPSHOT                      [282/507]
[INFO]   from components/camel-influxdb/pom.xml
[INFO] --------------------------------[ jar ]---------------------------------
[INFO] 
[INFO] --------------------< org.apache.camel:camel-iota >---------------------
[INFO] Building Camel :: IOTA 3.8.0-SNAPSHOT                          [283/507]
[INFO]   from components/camel-iota/pom.xml
[INFO] --------------------------------[ jar ]---------------------------------
[INFO] 
[INFO] --------------------< org.apache.camel:camel-ipfs >---------------------
[INFO] Building Camel :: IPFS 3.8.0-SNAPSHOT                          [284/507]
[INFO]   from components/camel-ipfs/pom.xml
[INFO] --------------------------------[ jar ]---------------------------------
[INFO] 
[INFO] ---------------------< org.apache.camel:camel-irc >---------------------
[INFO] Building Camel :: IRC 3.8.0-SNAPSHOT                           [285/507]
[INFO]   from components/camel-irc/pom.xml
[INFO] --------------------------------[ jar ]---------------------------------
[INFO] 
[INFO] -------------------< org.apache.camel:camel-ironmq >--------------------
[INFO] Building Camel :: IronMQ 3.8.0-SNAPSHOT                        [286/507]
[INFO]   from components/camel-ironmq/pom.xml
[INFO] --------------------------------[ jar ]---------------------------------
[INFO] 
[INFO] -----------------< org.apache.camel:camel-jacksonxml >------------------
[INFO] Building Camel :: Jackson XML 3.8.0-SNAPSHOT                   [287/507]
[INFO]   from components/camel-jacksonxml/pom.xml
[INFO] --------------------------------[ jar ]---------------------------------
[INFO] 
[INFO] -------------------< org.apache.camel:camel-jasypt >--------------------
[INFO] Building Camel :: Jasypt 3.8.0-SNAPSHOT                        [288/507]
[INFO]   from components/camel-jasypt/pom.xml
[INFO] --------------------------------[ jar ]---------------------------------
[INFO] 
[INFO] --------------------< org.apache.camel:camel-jbpm >---------------------
[INFO] Building Camel :: JBPM 3.8.0-SNAPSHOT                          [289/507]
[INFO]   from components/camel-jbpm/pom.xml
[INFO] --------------------------------[ jar ]---------------------------------
[INFO] 
[INFO] -------------------< org.apache.camel:camel-jcache >--------------------
[INFO] Building Camel :: JCache 3.8.0-SNAPSHOT                        [290/507]
[INFO]   from components/camel-jcache/pom.xml
[INFO] --------------------------------[ jar ]---------------------------------
[INFO] 
[INFO] -------------------< org.apache.camel:camel-jclouds >-------------------
[INFO] Building Camel :: JClouds 3.8.0-SNAPSHOT                       [291/507]
[INFO]   from components/camel-jclouds/pom.xml
[INFO] --------------------------------[ jar ]---------------------------------
[INFO] 
[INFO] ---------------------< org.apache.camel:camel-jcr >---------------------
[INFO] Building Camel :: JCR 3.8.0-SNAPSHOT                           [292/507]
[INFO]   from components/camel-jcr/pom.xml
[INFO] --------------------------------[ jar ]---------------------------------
[INFO] 
[INFO] ---------------------< org.apache.camel:camel-jfr >---------------------
[INFO] Building Camel :: Java Flight Recorder 3.8.0-SNAPSHOT          [293/507]
[INFO]   from components/camel-jfr/pom.xml
[INFO] --------------------------------[ jar ]---------------------------------
[INFO] 
[INFO] ----------------< org.apache.camel:camel-jgroups-raft >-----------------
[INFO] Building Camel :: JGroups Raft 3.8.0-SNAPSHOT                  [294/507]
[INFO]   from components/camel-jgroups-raft/pom.xml
[INFO] --------------------------------[ jar ]---------------------------------
[INFO] 
[INFO] -------------------< org.apache.camel:camel-jgroups >-------------------
[INFO] Building Camel :: JGroups 3.8.0-SNAPSHOT                       [295/507]
[INFO]   from components/camel-jgroups/pom.xml
[INFO] --------------------------------[ jar ]---------------------------------
[INFO] 
[INFO] --------------------< org.apache.camel:camel-jing >---------------------
[INFO] Building Camel :: Jing 3.8.0-SNAPSHOT                          [296/507]
[INFO]   from components/camel-jing/pom.xml
[INFO] --------------------------------[ jar ]---------------------------------
[INFO] 
[INFO] --------------------< org.apache.camel:camel-jira >---------------------
[INFO] Building Camel :: JIRA 3.8.0-SNAPSHOT                          [297/507]
[INFO]   from components/camel-jira/pom.xml
[INFO] --------------------------------[ jar ]---------------------------------
[INFO] 
[INFO] ---------------------< org.apache.camel:camel-jmx >---------------------
[INFO] Building Camel :: JMX 3.8.0-SNAPSHOT                           [298/507]
[INFO]   from components/camel-jmx/pom.xml
[INFO] --------------------------------[ jar ]---------------------------------
[INFO] 
[INFO] -------------------< org.apache.camel:camel-johnzon >-------------------
[INFO] Building Camel :: Johnzon 3.8.0-SNAPSHOT                       [299/507]
[INFO]   from components/camel-johnzon/pom.xml
[INFO] --------------------------------[ jar ]---------------------------------
[INFO] 
[INFO] --------------------< org.apache.camel:camel-jolt >---------------------
[INFO] Building Camel :: Jolt 3.8.0-SNAPSHOT                          [300/507]
[INFO]   from components/camel-jolt/pom.xml
[INFO] --------------------------------[ jar ]---------------------------------
[INFO] 
[INFO] --------------------< org.apache.camel:camel-jooq >---------------------
[INFO] Building Camel :: JOOQ 3.8.0-SNAPSHOT                          [301/507]
[INFO]   from components/camel-jooq/pom.xml
[INFO] --------------------------------[ jar ]---------------------------------
[INFO] 
[INFO] --------------------< org.apache.camel:camel-joor >---------------------
[INFO] Building Camel :: jOOR 3.8.0-SNAPSHOT                          [302/507]
[INFO]   from components/camel-joor/pom.xml
[INFO] --------------------------------[ jar ]---------------------------------
[INFO] 
[INFO] ---------------------< org.apache.camel:camel-jpa >---------------------
[INFO] Building Camel :: JPA 3.8.0-SNAPSHOT                           [303/507]
[INFO]   from components/camel-jpa/pom.xml
[INFO] --------------------------------[ jar ]---------------------------------
[INFO] 
[INFO] --------------------< org.apache.camel:camel-jsch >---------------------
[INFO] Building Camel :: Jsch 3.8.0-SNAPSHOT                          [304/507]
[INFO]   from components/camel-jsch/pom.xml
[INFO] --------------------------------[ jar ]---------------------------------
[INFO] 
[INFO] --------------------< org.apache.camel:camel-jslt >---------------------
[INFO] Building Camel :: Jslt 3.8.0-SNAPSHOT                          [305/507]
[INFO]   from components/camel-jslt/pom.xml
[INFO] --------------------------------[ jar ]---------------------------------
[INFO] 
[INFO] ---------------< org.apache.camel:camel-json-validator >----------------
[INFO] Building Camel :: JSON validator 3.8.0-SNAPSHOT                [306/507]
[INFO]   from components/camel-json-validator/pom.xml
[INFO] --------------------------------[ jar ]---------------------------------
[INFO] 
[INFO] -------------------< org.apache.camel:camel-jsonapi >-------------------
[INFO] Building Camel :: JSonApi 3.8.0-SNAPSHOT                       [307/507]
[INFO]   from components/camel-jsonapi/pom.xml
[INFO] --------------------------------[ jar ]---------------------------------
[INFO] 
[INFO] -------------------< org.apache.camel:camel-jsonata >-------------------
[INFO] Building Camel :: JSONATA 3.8.0-SNAPSHOT                       [308/507]
[INFO]   from components/camel-jsonata/pom.xml
[INFO] --------------------------------[ jar ]---------------------------------
[INFO] 
[INFO] --------------------< org.apache.camel:camel-jsonb >--------------------
[INFO] Building Camel :: JSON-B 3.8.0-SNAPSHOT                        [309/507]
[INFO]   from components/camel-jsonb/pom.xml
[INFO] --------------------------------[ jar ]---------------------------------
[INFO] 
[INFO] ------------------< org.apache.camel:camel-jsonpath >-------------------
[INFO] Building Camel :: JSon Path 3.8.0-SNAPSHOT                     [310/507]
[INFO]   from components/camel-jsonpath/pom.xml
[INFO] --------------------------------[ jar ]---------------------------------
[INFO] 
[INFO] --------------------< org.apache.camel:camel-jt400 >--------------------
[INFO] Building Camel :: Java Toolbox for AS/400 3.8.0-SNAPSHOT       [311/507]
[INFO]   from components/camel-jt400/pom.xml
[INFO] --------------------------------[ jar ]---------------------------------
[INFO] 
[INFO] --------------< org.apache.camel:camel-test-infra-kafka >---------------
[INFO] Building Camel :: Test Infra :: Kafka 3.8.0-SNAPSHOT           [312/507]
[INFO]   from test-infra/camel-test-infra-kafka/pom.xml
[INFO] --------------------------------[ jar ]---------------------------------
[INFO] 
[INFO] --- clean:3.1.0:clean (default-clean) @ camel-test-infra-kafka ---
[INFO] Deleting /home/runner/work/sonar-analysis/sonar-analysis/project/test-infra/camel-test-infra-kafka/target
[INFO] 
[INFO] --- enforcer:1.4.1:enforce (enforce-maven) @ camel-test-infra-kafka ---
[INFO] Skipping Rule Enforcement.
[INFO] 
[INFO] --- impsort:1.4.1:sort (sort-imports) @ camel-test-infra-kafka ---
[INFO] Skipping execution of impsort-maven-plugin
[INFO] 
[INFO] --- resources:3.2.0:resources (default-resources) @ camel-test-infra-kafka ---
[INFO] Using 'UTF-8' encoding to copy filtered resources.
[INFO] Using 'UTF-8' encoding to copy filtered properties files.
[INFO] Copying 1 resource
[INFO] 
[INFO] --- flatten:1.2.5:flatten (default-cli) @ camel-test-infra-kafka ---
[INFO] Generating flattened POM of project org.apache.camel:camel-test-infra-kafka:jar:3.8.0-SNAPSHOT...
[INFO] 
[INFO] --- compiler:3.8.1:compile (default-compile) @ camel-test-infra-kafka ---
[INFO] No sources to compile
[INFO] 
[INFO] --- resources:3.2.0:testResources (default-testResources) @ camel-test-infra-kafka ---
[INFO] Using 'UTF-8' encoding to copy filtered resources.
[INFO] Using 'UTF-8' encoding to copy filtered properties files.
[INFO] skip non existing resourceDirectory /home/runner/work/sonar-analysis/sonar-analysis/project/test-infra/camel-test-infra-kafka/src/test/resources
[INFO] 
[INFO] --- compiler:3.8.1:testCompile (default-testCompile) @ camel-test-infra-kafka ---
[INFO] Changes detected - recompiling the module!
[INFO] Compiling 8 source files to /home/runner/work/sonar-analysis/sonar-analysis/project/test-infra/camel-test-infra-kafka/target/test-classes
[WARNING] [options] bootstrap class path not set in conjunction with -source 8
[WARNING] /home/runner/work/sonar-analysis/sonar-analysis/project/test-infra/camel-test-infra-kafka/src/test/java/org/apache/camel/test/infra/kafka/services/ContainerLocalKafkaService.java:[28,35] [deprecation] KafkaContainer() in KafkaContainer has been deprecated
[INFO] 
[INFO] --- jar:3.2.0:test-jar (default) @ camel-test-infra-kafka ---
[INFO] Building jar: /home/runner/work/sonar-analysis/sonar-analysis/project/test-infra/camel-test-infra-kafka/target/camel-test-infra-kafka-3.8.0-SNAPSHOT-tests.jar
[INFO] 
[INFO] --- surefire:3.0.0-M5:test (default-test) @ camel-test-infra-kafka ---
[INFO] Tests are skipped.
[INFO] 
[INFO] --- jar:3.2.0:jar (default-jar) @ camel-test-infra-kafka ---
[INFO] Building jar: /home/runner/work/sonar-analysis/sonar-analysis/project/test-infra/camel-test-infra-kafka/target/camel-test-infra-kafka-3.8.0-SNAPSHOT.jar
[INFO] 
[INFO] --- install:2.5.2:install (default-install) @ camel-test-infra-kafka ---
[INFO] Installing /home/runner/work/sonar-analysis/sonar-analysis/project/test-infra/camel-test-infra-kafka/target/camel-test-infra-kafka-3.8.0-SNAPSHOT.jar to /home/runner/.m2/repository/org/apache/camel/camel-test-infra-kafka/3.8.0-SNAPSHOT/camel-test-infra-kafka-3.8.0-SNAPSHOT.jar
[INFO] Installing /home/runner/work/sonar-analysis/sonar-analysis/project/test-infra/camel-test-infra-kafka/target/.flattened-pom.xml to /home/runner/.m2/repository/org/apache/camel/camel-test-infra-kafka/3.8.0-SNAPSHOT/camel-test-infra-kafka-3.8.0-SNAPSHOT.pom
[INFO] Installing /home/runner/work/sonar-analysis/sonar-analysis/project/test-infra/camel-test-infra-kafka/target/camel-test-infra-kafka-3.8.0-SNAPSHOT-tests.jar to /home/runner/.m2/repository/org/apache/camel/camel-test-infra-kafka/3.8.0-SNAPSHOT/camel-test-infra-kafka-3.8.0-SNAPSHOT-tests.jar
[INFO] 
[INFO] --------------------< org.apache.camel:camel-kafka >--------------------
[INFO] Building Camel :: Kafka 3.8.0-SNAPSHOT                         [313/507]
[INFO]   from components/camel-kafka/pom.xml
[INFO] --------------------------------[ jar ]---------------------------------
[INFO] 
[INFO] -----------------< org.apache.camel:camel-kubernetes >------------------
[INFO] Building Camel :: Kubernetes 3.8.0-SNAPSHOT                    [314/507]
[INFO]   from components/camel-kubernetes/pom.xml
[INFO] --------------------------------[ jar ]---------------------------------
[INFO] 
[INFO] --------------------< org.apache.camel:camel-kudu >---------------------
[INFO] Building Camel :: Kudu 3.8.0-SNAPSHOT                          [315/507]
[INFO]   from components/camel-kudu/pom.xml
[INFO] --------------------------------[ jar ]---------------------------------
[INFO] 
[INFO] --------------------< org.apache.camel:camel-ldap >---------------------
[INFO] Building Camel :: LDAP 3.8.0-SNAPSHOT                          [316/507]
[INFO]   from components/camel-ldap/pom.xml
[INFO] --------------------------------[ jar ]---------------------------------
[INFO] 
[INFO] --------------------< org.apache.camel:camel-ldif >---------------------
[INFO] Building Camel :: LDIF 3.8.0-SNAPSHOT                          [317/507]
[INFO]   from components/camel-ldif/pom.xml
[INFO] --------------------------------[ jar ]---------------------------------
[INFO] 
[INFO] ---------------< org.apache.camel:camel-leveldb-legacy >----------------
[INFO] Building Camel :: LevelDB Legacy 3.8.0-SNAPSHOT                [318/507]
[INFO]   from components/camel-leveldb-legacy/pom.xml
[INFO] --------------------------------[ jar ]---------------------------------
[INFO] 
[INFO] -------------------< org.apache.camel:camel-leveldb >-------------------
[INFO] Building Camel :: LevelDB 3.8.0-SNAPSHOT                       [319/507]
[INFO]   from components/camel-leveldb/pom.xml
[INFO] --------------------------------[ jar ]---------------------------------
[INFO] 
[INFO] ---------------------< org.apache.camel:camel-lra >---------------------
[INFO] Building Camel :: Long-Running-Action 3.8.0-SNAPSHOT           [320/507]
[INFO]   from components/camel-lra/pom.xml
[INFO] --------------------------------[ jar ]---------------------------------
[INFO] 
[INFO] -------------------< org.apache.camel:camel-lucene >--------------------
[INFO] Building Camel :: Lucene 3.8.0-SNAPSHOT                        [321/507]
[INFO]   from components/camel-lucene/pom.xml
[INFO] --------------------------------[ jar ]---------------------------------
[INFO] 
[INFO] -----------------< org.apache.camel:camel-lumberjack >------------------
[INFO] Building Camel :: Lumberjack 3.8.0-SNAPSHOT                    [322/507]
[INFO]   from components/camel-lumberjack/pom.xml
[INFO] --------------------------------[ jar ]---------------------------------
[INFO] 
[INFO] ---------------------< org.apache.camel:camel-lzf >---------------------
[INFO] Building Camel :: LZF 3.8.0-SNAPSHOT                           [323/507]
[INFO]   from components/camel-lzf/pom.xml
[INFO] --------------------------------[ jar ]---------------------------------
[INFO] 
[INFO] -------------------< org.apache.camel:camel-quartz >--------------------
[INFO] Building Camel :: Quartz 3.8.0-SNAPSHOT                        [324/507]
[INFO]   from components/camel-quartz/pom.xml
[INFO] --------------------------------[ jar ]---------------------------------
[INFO] 
[INFO] --------------------< org.apache.camel:camel-mail >---------------------
[INFO] Building Camel :: Mail 3.8.0-SNAPSHOT                          [325/507]
[INFO]   from components/camel-mail/pom.xml
[INFO] --------------------------------[ jar ]---------------------------------
[INFO] 
[INFO] -------------------< org.apache.camel:camel-metrics >-------------------
[INFO] Building Camel :: Metrics 3.8.0-SNAPSHOT                       [326/507]
[INFO]   from components/camel-metrics/pom.xml
[INFO] --------------------------------[ jar ]---------------------------------
[INFO] 
[INFO] -----------------< org.apache.camel:camel-micrometer >------------------
[INFO] Building Camel :: Micrometer 3.8.0-SNAPSHOT                    [327/507]
[INFO]   from components/camel-micrometer/pom.xml
[INFO] --------------------------------[ jar ]---------------------------------
[INFO] 
[INFO] -------------< org.apache.camel:camel-microprofile-config >-------------
[INFO] Building Camel :: MicroProfile Config 3.8.0-SNAPSHOT           [328/507]
[INFO]   from components/camel-microprofile-config/pom.xml
[INFO] --------------------------------[ jar ]---------------------------------
[INFO] 
[INFO] --------< org.apache.camel:camel-microprofile-fault-tolerance >---------
[INFO] Building Camel :: MicroProfile :: Fault Tolerance 3.8.0-SNAPSHOT [329/507]
[INFO]   from components/camel-microprofile-fault-tolerance/pom.xml
[INFO] --------------------------------[ jar ]---------------------------------
[INFO] 
[INFO] -------------< org.apache.camel:camel-microprofile-health >-------------
[INFO] Building Camel :: MicroProfile Health 3.8.0-SNAPSHOT           [330/507]
[INFO]   from components/camel-microprofile-health/pom.xml
[INFO] --------------------------------[ jar ]---------------------------------
[INFO] 
[INFO] ------------< org.apache.camel:camel-microprofile-metrics >-------------
[INFO] Building Camel :: MicroProfile Metrics 3.8.0-SNAPSHOT          [331/507]
[INFO]   from components/camel-microprofile-metrics/pom.xml
[INFO] --------------------------------[ jar ]---------------------------------
[INFO] 
[INFO] --------------------< org.apache.camel:camel-milo >---------------------
[INFO] Building Camel :: Milo 3.8.0-SNAPSHOT                          [332/507]
[INFO]   from components/camel-milo/pom.xml
[INFO] --------------------------------[ jar ]---------------------------------
[INFO] 
[INFO] --------------------< org.apache.camel:camel-test >---------------------
[INFO] Building Camel :: Test 3.8.0-SNAPSHOT                          [333/507]
[INFO]   from components/camel-test/pom.xml
[INFO] --------------------------------[ jar ]---------------------------------
[INFO] 
[INFO] --------------< org.apache.camel:camel-test-infra-minio >---------------
[INFO] Building Camel :: Test Infra :: Minio 3.8.0-SNAPSHOT           [334/507]
[INFO]   from test-infra/camel-test-infra-minio/pom.xml
[INFO] --------------------------------[ jar ]---------------------------------
[INFO] 
[INFO] --- clean:3.1.0:clean (default-clean) @ camel-test-infra-minio ---
[INFO] Deleting /home/runner/work/sonar-analysis/sonar-analysis/project/test-infra/camel-test-infra-minio/target
[INFO] 
[INFO] --- enforcer:1.4.1:enforce (enforce-maven) @ camel-test-infra-minio ---
[INFO] Skipping Rule Enforcement.
[INFO] 
[INFO] --- impsort:1.4.1:sort (sort-imports) @ camel-test-infra-minio ---
[INFO] Skipping execution of impsort-maven-plugin
[INFO] 
[INFO] --- resources:3.2.0:resources (default-resources) @ camel-test-infra-minio ---
[INFO] Using 'UTF-8' encoding to copy filtered resources.
[INFO] Using 'UTF-8' encoding to copy filtered properties files.
[INFO] Copying 1 resource
[INFO] 
[INFO] --- flatten:1.2.5:flatten (default-cli) @ camel-test-infra-minio ---
[INFO] Generating flattened POM of project org.apache.camel:camel-test-infra-minio:jar:3.8.0-SNAPSHOT...
[INFO] 
[INFO] --- compiler:3.8.1:compile (default-compile) @ camel-test-infra-minio ---
[INFO] No sources to compile
[INFO] 
[INFO] --- resources:3.2.0:testResources (default-testResources) @ camel-test-infra-minio ---
[INFO] Using 'UTF-8' encoding to copy filtered resources.
[INFO] Using 'UTF-8' encoding to copy filtered properties files.
[INFO] skip non existing resourceDirectory /home/runner/work/sonar-analysis/sonar-analysis/project/test-infra/camel-test-infra-minio/src/test/resources
[INFO] 
[INFO] --- compiler:3.8.1:testCompile (default-testCompile) @ camel-test-infra-minio ---
[INFO] Changes detected - recompiling the module!
[INFO] Compiling 5 source files to /home/runner/work/sonar-analysis/sonar-analysis/project/test-infra/camel-test-infra-minio/target/test-classes
[WARNING] [options] bootstrap class path not set in conjunction with -source 8
[INFO] 
[INFO] --- jar:3.2.0:test-jar (default) @ camel-test-infra-minio ---
[INFO] Building jar: /home/runner/work/sonar-analysis/sonar-analysis/project/test-infra/camel-test-infra-minio/target/camel-test-infra-minio-3.8.0-SNAPSHOT-tests.jar
[INFO] 
[INFO] --- surefire:3.0.0-M5:test (default-test) @ camel-test-infra-minio ---
[INFO] Tests are skipped.
[INFO] 
[INFO] --- jar:3.2.0:jar (default-jar) @ camel-test-infra-minio ---
[INFO] Building jar: /home/runner/work/sonar-analysis/sonar-analysis/project/test-infra/camel-test-infra-minio/target/camel-test-infra-minio-3.8.0-SNAPSHOT.jar
[INFO] 
[INFO] --- install:2.5.2:install (default-install) @ camel-test-infra-minio ---
[INFO] Installing /home/runner/work/sonar-analysis/sonar-analysis/project/test-infra/camel-test-infra-minio/target/camel-test-infra-minio-3.8.0-SNAPSHOT.jar to /home/runner/.m2/repository/org/apache/camel/camel-test-infra-minio/3.8.0-SNAPSHOT/camel-test-infra-minio-3.8.0-SNAPSHOT.jar
[INFO] Installing /home/runner/work/sonar-analysis/sonar-analysis/project/test-infra/camel-test-infra-minio/target/.flattened-pom.xml to /home/runner/.m2/repository/org/apache/camel/camel-test-infra-minio/3.8.0-SNAPSHOT/camel-test-infra-minio-3.8.0-SNAPSHOT.pom
[INFO] Installing /home/runner/work/sonar-analysis/sonar-analysis/project/test-infra/camel-test-infra-minio/target/camel-test-infra-minio-3.8.0-SNAPSHOT-tests.jar to /home/runner/.m2/repository/org/apache/camel/camel-test-infra-minio/3.8.0-SNAPSHOT/camel-test-infra-minio-3.8.0-SNAPSHOT-tests.jar
[INFO] 
[INFO] --------------------< org.apache.camel:camel-minio >--------------------
[INFO] Building Camel :: MinIO 3.8.0-SNAPSHOT                         [335/507]
[INFO]   from components/camel-minio/pom.xml
[INFO] --------------------------------[ jar ]---------------------------------
[INFO] 
[INFO] --------------------< org.apache.camel:camel-sjms >---------------------
[INFO] Building Camel :: Simple JMS 3.8.0-SNAPSHOT                    [336/507]
[INFO]   from components/camel-sjms/pom.xml
[INFO] --------------------------------[ jar ]---------------------------------
[INFO] 
[INFO] --------------------< org.apache.camel:camel-mllp >---------------------
[INFO] Building Camel :: MLLP 3.8.0-SNAPSHOT                          [337/507]
[INFO]   from components/camel-mllp/pom.xml
[INFO] --------------------------------[ jar ]---------------------------------
[INFO] 
[INFO] -------------< org.apache.camel:camel-test-infra-mongodb >--------------
[INFO] Building Camel :: Test Infra :: MongoDB 3.8.0-SNAPSHOT         [338/507]
[INFO]   from test-infra/camel-test-infra-mongodb/pom.xml
[INFO] --------------------------------[ jar ]---------------------------------
[INFO] 
[INFO] --- clean:3.1.0:clean (default-clean) @ camel-test-infra-mongodb ---
[INFO] Deleting /home/runner/work/sonar-analysis/sonar-analysis/project/test-infra/camel-test-infra-mongodb/target
[INFO] 
[INFO] --- enforcer:1.4.1:enforce (enforce-maven) @ camel-test-infra-mongodb ---
[INFO] Skipping Rule Enforcement.
[INFO] 
[INFO] --- impsort:1.4.1:sort (sort-imports) @ camel-test-infra-mongodb ---
[INFO] Skipping execution of impsort-maven-plugin
[INFO] 
[INFO] --- resources:3.2.0:resources (default-resources) @ camel-test-infra-mongodb ---
[INFO] Using 'UTF-8' encoding to copy filtered resources.
[INFO] Using 'UTF-8' encoding to copy filtered properties files.
[INFO] Copying 1 resource
[INFO] 
[INFO] --- flatten:1.2.5:flatten (default-cli) @ camel-test-infra-mongodb ---
[INFO] Generating flattened POM of project org.apache.camel:camel-test-infra-mongodb:jar:3.8.0-SNAPSHOT...
[INFO] 
[INFO] --- compiler:3.8.1:compile (default-compile) @ camel-test-infra-mongodb ---
[INFO] No sources to compile
[INFO] 
[INFO] --- resources:3.2.0:testResources (default-testResources) @ camel-test-infra-mongodb ---
[INFO] Using 'UTF-8' encoding to copy filtered resources.
[INFO] Using 'UTF-8' encoding to copy filtered properties files.
[INFO] skip non existing resourceDirectory /home/runner/work/sonar-analysis/sonar-analysis/project/test-infra/camel-test-infra-mongodb/src/test/resources
[INFO] 
[INFO] --- compiler:3.8.1:testCompile (default-testCompile) @ camel-test-infra-mongodb ---
[INFO] Changes detected - recompiling the module!
[INFO] Compiling 5 source files to /home/runner/work/sonar-analysis/sonar-analysis/project/test-infra/camel-test-infra-mongodb/target/test-classes
[WARNING] [options] bootstrap class path not set in conjunction with -source 8
[WARNING] /home/runner/work/sonar-analysis/sonar-analysis/project/test-infra/camel-test-infra-mongodb/src/test/java/org/apache/camel/test/infra/mongodb/services/MongoDBLocalContainerService.java:[37,24] [deprecation] MongoDBContainer() in MongoDBContainer has been deprecated
[INFO] 
[INFO] --- jar:3.2.0:test-jar (default) @ camel-test-infra-mongodb ---
[INFO] Building jar: /home/runner/work/sonar-analysis/sonar-analysis/project/test-infra/camel-test-infra-mongodb/target/camel-test-infra-mongodb-3.8.0-SNAPSHOT-tests.jar
[INFO] 
[INFO] --- surefire:3.0.0-M5:test (default-test) @ camel-test-infra-mongodb ---
[INFO] Tests are skipped.
[INFO] 
[INFO] --- jar:3.2.0:jar (default-jar) @ camel-test-infra-mongodb ---
[INFO] Building jar: /home/runner/work/sonar-analysis/sonar-analysis/project/test-infra/camel-test-infra-mongodb/target/camel-test-infra-mongodb-3.8.0-SNAPSHOT.jar
[INFO] 
[INFO] --- install:2.5.2:install (default-install) @ camel-test-infra-mongodb ---
[INFO] Installing /home/runner/work/sonar-analysis/sonar-analysis/project/test-infra/camel-test-infra-mongodb/target/camel-test-infra-mongodb-3.8.0-SNAPSHOT.jar to /home/runner/.m2/repository/org/apache/camel/camel-test-infra-mongodb/3.8.0-SNAPSHOT/camel-test-infra-mongodb-3.8.0-SNAPSHOT.jar
[INFO] Installing /home/runner/work/sonar-analysis/sonar-analysis/project/test-infra/camel-test-infra-mongodb/target/.flattened-pom.xml to /home/runner/.m2/repository/org/apache/camel/camel-test-infra-mongodb/3.8.0-SNAPSHOT/camel-test-infra-mongodb-3.8.0-SNAPSHOT.pom
[INFO] Installing /home/runner/work/sonar-analysis/sonar-analysis/project/test-infra/camel-test-infra-mongodb/target/camel-test-infra-mongodb-3.8.0-SNAPSHOT-tests.jar to /home/runner/.m2/repository/org/apache/camel/camel-test-infra-mongodb/3.8.0-SNAPSHOT/camel-test-infra-mongodb-3.8.0-SNAPSHOT-tests.jar
[INFO] 
[INFO] ---------------< org.apache.camel:camel-mongodb-gridfs >----------------
[INFO] Building Camel :: MongoDB GridFS 3.8.0-SNAPSHOT                [339/507]
[INFO]   from components/camel-mongodb-gridfs/pom.xml
[INFO] --------------------------------[ jar ]---------------------------------
[INFO] 
[INFO] -------------------< org.apache.camel:camel-mongodb >-------------------
[INFO] Building Camel :: MongoDB 3.8.0-SNAPSHOT                       [340/507]
[INFO]   from components/camel-mongodb/pom.xml
[INFO] --------------------------------[ jar ]---------------------------------
[INFO] 
[INFO] ---------------------< org.apache.camel:camel-msv >---------------------
[INFO] Building Camel :: MSV 3.8.0-SNAPSHOT                           [341/507]
[INFO]   from components/camel-msv/pom.xml
[INFO] --------------------------------[ jar ]---------------------------------
[INFO] 
[INFO] ------------------< org.apache.camel:camel-mustache >-------------------
[INFO] Building Camel :: Mustache 3.8.0-SNAPSHOT                      [342/507]
[INFO]   from components/camel-mustache/pom.xml
[INFO] --------------------------------[ jar ]---------------------------------
[INFO] 
[INFO] --------------------< org.apache.camel:camel-mvel >---------------------
[INFO] Building Camel :: MVEL 3.8.0-SNAPSHOT                          [343/507]
[INFO]   from components/camel-mvel/pom.xml
[INFO] --------------------------------[ jar ]---------------------------------
[INFO] 
[INFO] -------------------< org.apache.camel:camel-mybatis >-------------------
[INFO] Building Camel :: MyBatis 3.8.0-SNAPSHOT                       [344/507]
[INFO]   from components/camel-mybatis/pom.xml
[INFO] --------------------------------[ jar ]---------------------------------
[INFO] 
[INFO] -------------------< org.apache.camel:camel-nagios >--------------------
[INFO] Building Camel :: Nagios 3.8.0-SNAPSHOT                        [345/507]
[INFO]   from components/camel-nagios/pom.xml
[INFO] --------------------------------[ jar ]---------------------------------
[INFO] 
[INFO] ---------------< org.apache.camel:camel-test-infra-nats >---------------
[INFO] Building Camel :: Test Infra :: Nats 3.8.0-SNAPSHOT            [346/507]
[INFO]   from test-infra/camel-test-infra-nats/pom.xml
[INFO] --------------------------------[ jar ]---------------------------------
[INFO] 
[INFO] --- clean:3.1.0:clean (default-clean) @ camel-test-infra-nats ---
[INFO] Deleting /home/runner/work/sonar-analysis/sonar-analysis/project/test-infra/camel-test-infra-nats/target
[INFO] 
[INFO] --- enforcer:1.4.1:enforce (enforce-maven) @ camel-test-infra-nats ---
[INFO] Skipping Rule Enforcement.
[INFO] 
[INFO] --- impsort:1.4.1:sort (sort-imports) @ camel-test-infra-nats ---
[INFO] Skipping execution of impsort-maven-plugin
[INFO] 
[INFO] --- resources:3.2.0:resources (default-resources) @ camel-test-infra-nats ---
[INFO] Using 'UTF-8' encoding to copy filtered resources.
[INFO] Using 'UTF-8' encoding to copy filtered properties files.
[INFO] Copying 1 resource
[INFO] 
[INFO] --- flatten:1.2.5:flatten (default-cli) @ camel-test-infra-nats ---
[INFO] Generating flattened POM of project org.apache.camel:camel-test-infra-nats:jar:3.8.0-SNAPSHOT...
[INFO] 
[INFO] --- compiler:3.8.1:compile (default-compile) @ camel-test-infra-nats ---
[INFO] No sources to compile
[INFO] 
[INFO] --- resources:3.2.0:testResources (default-testResources) @ camel-test-infra-nats ---
[INFO] Using 'UTF-8' encoding to copy filtered resources.
[INFO] Using 'UTF-8' encoding to copy filtered properties files.
[INFO] Copying 3 resources
[INFO] 
[INFO] --- compiler:3.8.1:testCompile (default-testCompile) @ camel-test-infra-nats ---
[INFO] Changes detected - recompiling the module!
[INFO] Compiling 8 source files to /home/runner/work/sonar-analysis/sonar-analysis/project/test-infra/camel-test-infra-nats/target/test-classes
[WARNING] [options] bootstrap class path not set in conjunction with -source 8
[INFO] 
[INFO] --- jar:3.2.0:test-jar (default) @ camel-test-infra-nats ---
[INFO] Building jar: /home/runner/work/sonar-analysis/sonar-analysis/project/test-infra/camel-test-infra-nats/target/camel-test-infra-nats-3.8.0-SNAPSHOT-tests.jar
[INFO] 
[INFO] --- surefire:3.0.0-M5:test (default-test) @ camel-test-infra-nats ---
[INFO] Tests are skipped.
[INFO] 
[INFO] --- jar:3.2.0:jar (default-jar) @ camel-test-infra-nats ---
[INFO] Building jar: /home/runner/work/sonar-analysis/sonar-analysis/project/test-infra/camel-test-infra-nats/target/camel-test-infra-nats-3.8.0-SNAPSHOT.jar
[INFO] 
[INFO] --- install:2.5.2:install (default-install) @ camel-test-infra-nats ---
[INFO] Installing /home/runner/work/sonar-analysis/sonar-analysis/project/test-infra/camel-test-infra-nats/target/camel-test-infra-nats-3.8.0-SNAPSHOT.jar to /home/runner/.m2/repository/org/apache/camel/camel-test-infra-nats/3.8.0-SNAPSHOT/camel-test-infra-nats-3.8.0-SNAPSHOT.jar
[INFO] Installing /home/runner/work/sonar-analysis/sonar-analysis/project/test-infra/camel-test-infra-nats/target/.flattened-pom.xml to /home/runner/.m2/repository/org/apache/camel/camel-test-infra-nats/3.8.0-SNAPSHOT/camel-test-infra-nats-3.8.0-SNAPSHOT.pom
[INFO] Installing /home/runner/work/sonar-analysis/sonar-analysis/project/test-infra/camel-test-infra-nats/target/camel-test-infra-nats-3.8.0-SNAPSHOT-tests.jar to /home/runner/.m2/repository/org/apache/camel/camel-test-infra-nats/3.8.0-SNAPSHOT/camel-test-infra-nats-3.8.0-SNAPSHOT-tests.jar
[INFO] 
[INFO] --------------------< org.apache.camel:camel-nats >---------------------
[INFO] Building Camel :: Nats 3.8.0-SNAPSHOT                          [347/507]
[INFO]   from components/camel-nats/pom.xml
[INFO] --------------------------------[ jar ]---------------------------------
[INFO] 
[INFO] -----------------< org.apache.camel:camel-netty-http >------------------
[INFO] Building Camel :: Netty HTTP 3.8.0-SNAPSHOT                    [348/507]
[INFO]   from components/camel-netty-http/pom.xml
[INFO] --------------------------------[ jar ]---------------------------------
[INFO] 
[INFO] -------------------< org.apache.camel:camel-nitrite >-------------------
[INFO] Building Camel :: Nitrite 3.8.0-SNAPSHOT                       [349/507]
[INFO]   from components/camel-nitrite/pom.xml
[INFO] --------------------------------[ jar ]---------------------------------
[INFO] 
[INFO] ---------------< org.apache.camel:camel-test-infra-nsq >----------------
[INFO] Building Camel :: Test Infra :: Nsq 3.8.0-SNAPSHOT             [350/507]
[INFO]   from test-infra/camel-test-infra-nsq/pom.xml
[INFO] --------------------------------[ jar ]---------------------------------
[INFO] 
[INFO] --- clean:3.1.0:clean (default-clean) @ camel-test-infra-nsq ---
[INFO] Deleting /home/runner/work/sonar-analysis/sonar-analysis/project/test-infra/camel-test-infra-nsq/target
[INFO] 
[INFO] --- enforcer:1.4.1:enforce (enforce-maven) @ camel-test-infra-nsq ---
[INFO] Skipping Rule Enforcement.
[INFO] 
[INFO] --- impsort:1.4.1:sort (sort-imports) @ camel-test-infra-nsq ---
[INFO] Skipping execution of impsort-maven-plugin
[INFO] 
[INFO] --- resources:3.2.0:resources (default-resources) @ camel-test-infra-nsq ---
[INFO] Using 'UTF-8' encoding to copy filtered resources.
[INFO] Using 'UTF-8' encoding to copy filtered properties files.
[INFO] Copying 1 resource
[INFO] 
[INFO] --- flatten:1.2.5:flatten (default-cli) @ camel-test-infra-nsq ---
[INFO] Generating flattened POM of project org.apache.camel:camel-test-infra-nsq:jar:3.8.0-SNAPSHOT...
[INFO] 
[INFO] --- compiler:3.8.1:compile (default-compile) @ camel-test-infra-nsq ---
[INFO] No sources to compile
[INFO] 
[INFO] --- resources:3.2.0:testResources (default-testResources) @ camel-test-infra-nsq ---
[INFO] Using 'UTF-8' encoding to copy filtered resources.
[INFO] Using 'UTF-8' encoding to copy filtered properties files.
[INFO] skip non existing resourceDirectory /home/runner/work/sonar-analysis/sonar-analysis/project/test-infra/camel-test-infra-nsq/src/test/resources
[INFO] 
[INFO] --- compiler:3.8.1:testCompile (default-testCompile) @ camel-test-infra-nsq ---
[INFO] Changes detected - recompiling the module!
[INFO] Compiling 5 source files to /home/runner/work/sonar-analysis/sonar-analysis/project/test-infra/camel-test-infra-nsq/target/test-classes
[WARNING] [options] bootstrap class path not set in conjunction with -source 8
[INFO] 
[INFO] --- jar:3.2.0:test-jar (default) @ camel-test-infra-nsq ---
[INFO] Building jar: /home/runner/work/sonar-analysis/sonar-analysis/project/test-infra/camel-test-infra-nsq/target/camel-test-infra-nsq-3.8.0-SNAPSHOT-tests.jar
[INFO] 
[INFO] --- surefire:3.0.0-M5:test (default-test) @ camel-test-infra-nsq ---
[INFO] Tests are skipped.
[INFO] 
[INFO] --- jar:3.2.0:jar (default-jar) @ camel-test-infra-nsq ---
[INFO] Building jar: /home/runner/work/sonar-analysis/sonar-analysis/project/test-infra/camel-test-infra-nsq/target/camel-test-infra-nsq-3.8.0-SNAPSHOT.jar
[INFO] 
[INFO] --- install:2.5.2:install (default-install) @ camel-test-infra-nsq ---
[INFO] Installing /home/runner/work/sonar-analysis/sonar-analysis/project/test-infra/camel-test-infra-nsq/target/camel-test-infra-nsq-3.8.0-SNAPSHOT.jar to /home/runner/.m2/repository/org/apache/camel/camel-test-infra-nsq/3.8.0-SNAPSHOT/camel-test-infra-nsq-3.8.0-SNAPSHOT.jar
[INFO] Installing /home/runner/work/sonar-analysis/sonar-analysis/project/test-infra/camel-test-infra-nsq/target/.flattened-pom.xml to /home/runner/.m2/repository/org/apache/camel/camel-test-infra-nsq/3.8.0-SNAPSHOT/camel-test-infra-nsq-3.8.0-SNAPSHOT.pom
[INFO] Installing /home/runner/work/sonar-analysis/sonar-analysis/project/test-infra/camel-test-infra-nsq/target/camel-test-infra-nsq-3.8.0-SNAPSHOT-tests.jar to /home/runner/.m2/repository/org/apache/camel/camel-test-infra-nsq/3.8.0-SNAPSHOT/camel-test-infra-nsq-3.8.0-SNAPSHOT-tests.jar
[INFO] 
[INFO] ---------------------< org.apache.camel:camel-nsq >---------------------
[INFO] Building Camel :: NSQ 3.8.0-SNAPSHOT                           [351/507]
[INFO]   from components/camel-nsq/pom.xml
[INFO] --------------------------------[ jar ]---------------------------------
[INFO] 
[INFO] -------------------< org.apache.camel:camel-oaipmh >--------------------
[INFO] Building Camel :: OAIPMH 3.8.0-SNAPSHOT                        [352/507]
[INFO]   from components/camel-oaipmh/pom.xml
[INFO] --------------------------------[ jar ]---------------------------------
[INFO] 
[INFO] --------------------< org.apache.camel:camel-ognl >---------------------
[INFO] Building Camel :: OGNL 3.8.0-SNAPSHOT                          [353/507]
[INFO]   from components/camel-ognl/pom.xml
[INFO] --------------------------------[ jar ]---------------------------------
[INFO] 
[INFO] ---------------< org.apache.camel:camel-olingo2-parent >----------------
[INFO] Building Camel :: Olingo2 :: Parent 3.8.0-SNAPSHOT             [354/507]
[INFO]   from components/camel-olingo2/pom.xml
[INFO] --------------------------------[ pom ]---------------------------------
[INFO] 
[INFO] -----------------< org.apache.camel:camel-olingo2-api >-----------------
[INFO] Building Camel :: Olingo2 :: API 3.8.0-SNAPSHOT                [355/507]
[INFO]   from components/camel-olingo2/camel-olingo2-api/pom.xml
[INFO] --------------------------------[ jar ]---------------------------------
[INFO] 
[INFO] -------------------< org.apache.camel:camel-olingo2 >-------------------
[INFO] Building Camel :: Olingo2 :: Component 3.8.0-SNAPSHOT          [356/507]
[INFO]   from components/camel-olingo2/camel-olingo2-component/pom.xml
[INFO] --------------------------------[ jar ]---------------------------------
[INFO] 
[INFO] ---------------< org.apache.camel:camel-olingo4-parent >----------------
[INFO] Building Camel :: Olingo4 :: Parent 3.8.0-SNAPSHOT             [357/507]
[INFO]   from components/camel-olingo4/pom.xml
[INFO] --------------------------------[ pom ]---------------------------------
[INFO] 
[INFO] -----------------< org.apache.camel:camel-olingo4-api >-----------------
[INFO] Building Camel :: Olingo4 :: API 3.8.0-SNAPSHOT                [358/507]
[INFO]   from components/camel-olingo4/camel-olingo4-api/pom.xml
[INFO] --------------------------------[ jar ]---------------------------------
[INFO] 
[INFO] -------------------< org.apache.camel:camel-olingo4 >-------------------
[INFO] Building Camel :: Olingo4 :: Component 3.8.0-SNAPSHOT          [359/507]
[INFO]   from components/camel-olingo4/camel-olingo4-component/pom.xml
[INFO] --------------------------------[ jar ]---------------------------------
[INFO] 
[INFO] ----------------< org.apache.camel:camel-openapi-java >-----------------
[INFO] Building Camel :: OpenApi Java 3.8.0-SNAPSHOT                  [360/507]
[INFO]   from components/camel-openapi-java/pom.xml
[INFO] --------------------------------[ jar ]---------------------------------
[INFO] 
[INFO] ------------------< org.apache.camel:camel-openstack >------------------
[INFO] Building Camel :: OpenStack 3.8.0-SNAPSHOT                     [361/507]
[INFO]   from components/camel-openstack/pom.xml
[INFO] --------------------------------[ jar ]---------------------------------
[INFO] 
[INFO] -------------------< org.apache.camel:camel-tracing >-------------------
[INFO] Building Camel :: Common Tracing 3.8.0-SNAPSHOT                [362/507]
[INFO]   from components/camel-tracing/pom.xml
[INFO] --------------------------------[ jar ]---------------------------------
[INFO] 
[INFO] ----------------< org.apache.camel:camel-opentelemetry >----------------
[INFO] Building Camel :: OpenTelemetry 3.8.0-SNAPSHOT                 [363/507]
[INFO]   from components/camel-opentelemetry/pom.xml
[INFO] --------------------------------[ jar ]---------------------------------
[INFO] 
[INFO] -----------------< org.apache.camel:camel-opentracing >-----------------
[INFO] Building Camel :: OpenTracing 3.8.0-SNAPSHOT                   [364/507]
[INFO]   from components/camel-opentracing/pom.xml
[INFO] --------------------------------[ jar ]---------------------------------
[INFO] 
[INFO] -----------------< org.apache.camel:camel-optaplanner >-----------------
[INFO] Building Camel :: OptaPlanner 3.8.0-SNAPSHOT                   [365/507]
[INFO]   from components/camel-optaplanner/pom.xml
[INFO] --------------------------------[ jar ]---------------------------------
[INFO] 
[INFO] ------------< org.apache.camel:camel-test-infra-mosquitto >-------------
[INFO] Building Camel :: Test Infra :: Mosquitto 3.8.0-SNAPSHOT       [366/507]
[INFO]   from test-infra/camel-test-infra-mosquitto/pom.xml
[INFO] --------------------------------[ jar ]---------------------------------
[INFO] 
[INFO] --- clean:3.1.0:clean (default-clean) @ camel-test-infra-mosquitto ---
[INFO] Deleting /home/runner/work/sonar-analysis/sonar-analysis/project/test-infra/camel-test-infra-mosquitto/target
[INFO] 
[INFO] --- enforcer:1.4.1:enforce (enforce-maven) @ camel-test-infra-mosquitto ---
[INFO] Skipping Rule Enforcement.
[INFO] 
[INFO] --- impsort:1.4.1:sort (sort-imports) @ camel-test-infra-mosquitto ---
[INFO] Skipping execution of impsort-maven-plugin
[INFO] 
[INFO] --- resources:3.2.0:resources (default-resources) @ camel-test-infra-mosquitto ---
[INFO] Using 'UTF-8' encoding to copy filtered resources.
[INFO] Using 'UTF-8' encoding to copy filtered properties files.
[INFO] Copying 1 resource
[INFO] 
[INFO] --- flatten:1.2.5:flatten (default-cli) @ camel-test-infra-mosquitto ---
[INFO] Generating flattened POM of project org.apache.camel:camel-test-infra-mosquitto:jar:3.8.0-SNAPSHOT...
[INFO] 
[INFO] --- compiler:3.8.1:compile (default-compile) @ camel-test-infra-mosquitto ---
[INFO] No sources to compile
[INFO] 
[INFO] --- resources:3.2.0:testResources (default-testResources) @ camel-test-infra-mosquitto ---
[INFO] Using 'UTF-8' encoding to copy filtered resources.
[INFO] Using 'UTF-8' encoding to copy filtered properties files.
[INFO] skip non existing resourceDirectory /home/runner/work/sonar-analysis/sonar-analysis/project/test-infra/camel-test-infra-mosquitto/src/test/resources
[INFO] 
[INFO] --- compiler:3.8.1:testCompile (default-testCompile) @ camel-test-infra-mosquitto ---
[INFO] Changes detected - recompiling the module!
[INFO] Compiling 5 source files to /home/runner/work/sonar-analysis/sonar-analysis/project/test-infra/camel-test-infra-mosquitto/target/test-classes
[WARNING] [options] bootstrap class path not set in conjunction with -source 8
[INFO] 
[INFO] --- jar:3.2.0:test-jar (default) @ camel-test-infra-mosquitto ---
[INFO] Building jar: /home/runner/work/sonar-analysis/sonar-analysis/project/test-infra/camel-test-infra-mosquitto/target/camel-test-infra-mosquitto-3.8.0-SNAPSHOT-tests.jar
[INFO] 
[INFO] --- surefire:3.0.0-M5:test (default-test) @ camel-test-infra-mosquitto ---
[INFO] Tests are skipped.
[INFO] 
[INFO] --- jar:3.2.0:jar (default-jar) @ camel-test-infra-mosquitto ---
[INFO] Building jar: /home/runner/work/sonar-analysis/sonar-analysis/project/test-infra/camel-test-infra-mosquitto/target/camel-test-infra-mosquitto-3.8.0-SNAPSHOT.jar
[INFO] 
[INFO] --- install:2.5.2:install (default-install) @ camel-test-infra-mosquitto ---
[INFO] Installing /home/runner/work/sonar-analysis/sonar-analysis/project/test-infra/camel-test-infra-mosquitto/target/camel-test-infra-mosquitto-3.8.0-SNAPSHOT.jar to /home/runner/.m2/repository/org/apache/camel/camel-test-infra-mosquitto/3.8.0-SNAPSHOT/camel-test-infra-mosquitto-3.8.0-SNAPSHOT.jar
[INFO] Installing /home/runner/work/sonar-analysis/sonar-analysis/project/test-infra/camel-test-infra-mosquitto/target/.flattened-pom.xml to /home/runner/.m2/repository/org/apache/camel/camel-test-infra-mosquitto/3.8.0-SNAPSHOT/camel-test-infra-mosquitto-3.8.0-SNAPSHOT.pom
[INFO] Installing /home/runner/work/sonar-analysis/sonar-analysis/project/test-infra/camel-test-infra-mosquitto/target/camel-test-infra-mosquitto-3.8.0-SNAPSHOT-tests.jar to /home/runner/.m2/repository/org/apache/camel/camel-test-infra-mosquitto/3.8.0-SNAPSHOT/camel-test-infra-mosquitto-3.8.0-SNAPSHOT-tests.jar
[INFO] 
[INFO] -----------------< org.apache.camel:camel-paho-mqtt5 >------------------
[INFO] Building Camel :: Paho MQTT 5 3.8.0-SNAPSHOT                   [367/507]
[INFO]   from components/camel-paho-mqtt5/pom.xml
[INFO] --------------------------------[ jar ]---------------------------------
[INFO] 
[INFO] --------------------< org.apache.camel:camel-paho >---------------------
[INFO] Building Camel :: Paho 3.8.0-SNAPSHOT                          [368/507]
[INFO]   from components/camel-paho/pom.xml
[INFO] --------------------------------[ jar ]---------------------------------
[INFO] 
[INFO] ---------------------< org.apache.camel:camel-pdf >---------------------
[INFO] Building Camel :: PDF 3.8.0-SNAPSHOT                           [369/507]
[INFO]   from components/camel-pdf/pom.xml
[INFO] --------------------------------[ jar ]---------------------------------
[INFO] 
[INFO] -------------< org.apache.camel:camel-test-infra-postgres >-------------
[INFO] Building Camel :: Test Infra :: Postgres 3.8.0-SNAPSHOT        [370/507]
[INFO]   from test-infra/camel-test-infra-postgres/pom.xml
[INFO] --------------------------------[ jar ]---------------------------------
[INFO] 
[INFO] --- clean:3.1.0:clean (default-clean) @ camel-test-infra-postgres ---
[INFO] Deleting /home/runner/work/sonar-analysis/sonar-analysis/project/test-infra/camel-test-infra-postgres/target
[INFO] 
[INFO] --- enforcer:1.4.1:enforce (enforce-maven) @ camel-test-infra-postgres ---
[INFO] Skipping Rule Enforcement.
[INFO] 
[INFO] --- impsort:1.4.1:sort (sort-imports) @ camel-test-infra-postgres ---
[INFO] Skipping execution of impsort-maven-plugin
[INFO] 
[INFO] --- resources:3.2.0:resources (default-resources) @ camel-test-infra-postgres ---
[INFO] Using 'UTF-8' encoding to copy filtered resources.
[INFO] Using 'UTF-8' encoding to copy filtered properties files.
[INFO] Copying 1 resource
[INFO] 
[INFO] --- flatten:1.2.5:flatten (default-cli) @ camel-test-infra-postgres ---
[INFO] Generating flattened POM of project org.apache.camel:camel-test-infra-postgres:jar:3.8.0-SNAPSHOT...
[INFO] 
[INFO] --- compiler:3.8.1:compile (default-compile) @ camel-test-infra-postgres ---
[INFO] No sources to compile
[INFO] 
[INFO] --- resources:3.2.0:testResources (default-testResources) @ camel-test-infra-postgres ---
[INFO] Using 'UTF-8' encoding to copy filtered resources.
[INFO] Using 'UTF-8' encoding to copy filtered properties files.
[INFO] skip non existing resourceDirectory /home/runner/work/sonar-analysis/sonar-analysis/project/test-infra/camel-test-infra-postgres/src/test/resources
[INFO] 
[INFO] --- compiler:3.8.1:testCompile (default-testCompile) @ camel-test-infra-postgres ---
[INFO] Changes detected - recompiling the module!
[INFO] Compiling 5 source files to /home/runner/work/sonar-analysis/sonar-analysis/project/test-infra/camel-test-infra-postgres/target/test-classes
[WARNING] [options] bootstrap class path not set in conjunction with -source 8
[INFO] 
[INFO] --- jar:3.2.0:test-jar (default) @ camel-test-infra-postgres ---
[INFO] Building jar: /home/runner/work/sonar-analysis/sonar-analysis/project/test-infra/camel-test-infra-postgres/target/camel-test-infra-postgres-3.8.0-SNAPSHOT-tests.jar
[INFO] 
[INFO] --- surefire:3.0.0-M5:test (default-test) @ camel-test-infra-postgres ---
[INFO] Tests are skipped.
[INFO] 
[INFO] --- jar:3.2.0:jar (default-jar) @ camel-test-infra-postgres ---
[INFO] Building jar: /home/runner/work/sonar-analysis/sonar-analysis/project/test-infra/camel-test-infra-postgres/target/camel-test-infra-postgres-3.8.0-SNAPSHOT.jar
[INFO] 
[INFO] --- install:2.5.2:install (default-install) @ camel-test-infra-postgres ---
[INFO] Installing /home/runner/work/sonar-analysis/sonar-analysis/project/test-infra/camel-test-infra-postgres/target/camel-test-infra-postgres-3.8.0-SNAPSHOT.jar to /home/runner/.m2/repository/org/apache/camel/camel-test-infra-postgres/3.8.0-SNAPSHOT/camel-test-infra-postgres-3.8.0-SNAPSHOT.jar
[INFO] Installing /home/runner/work/sonar-analysis/sonar-analysis/project/test-infra/camel-test-infra-postgres/target/.flattened-pom.xml to /home/runner/.m2/repository/org/apache/camel/camel-test-infra-postgres/3.8.0-SNAPSHOT/camel-test-infra-postgres-3.8.0-SNAPSHOT.pom
[INFO] Installing /home/runner/work/sonar-analysis/sonar-analysis/project/test-infra/camel-test-infra-postgres/target/camel-test-infra-postgres-3.8.0-SNAPSHOT-tests.jar to /home/runner/.m2/repository/org/apache/camel/camel-test-infra-postgres/3.8.0-SNAPSHOT/camel-test-infra-postgres-3.8.0-SNAPSHOT-tests.jar
[INFO] 
[INFO] -------------< org.apache.camel:camel-pg-replication-slot >-------------
[INFO] Building Camel :: PgReplicationSlot 3.8.0-SNAPSHOT             [371/507]
[INFO]   from components/camel-pg-replication-slot/pom.xml
[INFO] --------------------------------[ jar ]---------------------------------
[INFO] 
[INFO] ---------------< org.apache.camel:camel-test-infra-jdbc >---------------
[INFO] Building Camel :: Test Infra :: JDBC 3.8.0-SNAPSHOT            [372/507]
[INFO]   from test-infra/camel-test-infra-jdbc/pom.xml
[INFO] --------------------------------[ jar ]---------------------------------
[INFO] 
[INFO] --- clean:3.1.0:clean (default-clean) @ camel-test-infra-jdbc ---
[INFO] Deleting /home/runner/work/sonar-analysis/sonar-analysis/project/test-infra/camel-test-infra-jdbc/target
[INFO] 
[INFO] --- enforcer:1.4.1:enforce (enforce-maven) @ camel-test-infra-jdbc ---
[INFO] Skipping Rule Enforcement.
[INFO] 
[INFO] --- impsort:1.4.1:sort (sort-imports) @ camel-test-infra-jdbc ---
[INFO] Skipping execution of impsort-maven-plugin
[INFO] 
[INFO] --- resources:3.2.0:resources (default-resources) @ camel-test-infra-jdbc ---
[INFO] Using 'UTF-8' encoding to copy filtered resources.
[INFO] Using 'UTF-8' encoding to copy filtered properties files.
[INFO] Copying 1 resource
[INFO] 
[INFO] --- flatten:1.2.5:flatten (default-cli) @ camel-test-infra-jdbc ---
[INFO] Generating flattened POM of project org.apache.camel:camel-test-infra-jdbc:jar:3.8.0-SNAPSHOT...
[INFO] 
[INFO] --- compiler:3.8.1:compile (default-compile) @ camel-test-infra-jdbc ---
[INFO] No sources to compile
[INFO] 
[INFO] --- resources:3.2.0:testResources (default-testResources) @ camel-test-infra-jdbc ---
[INFO] Using 'UTF-8' encoding to copy filtered resources.
[INFO] Using 'UTF-8' encoding to copy filtered properties files.
[INFO] skip non existing resourceDirectory /home/runner/work/sonar-analysis/sonar-analysis/project/test-infra/camel-test-infra-jdbc/src/test/resources
[INFO] 
[INFO] --- compiler:3.8.1:testCompile (default-testCompile) @ camel-test-infra-jdbc ---
[INFO] Changes detected - recompiling the module!
[INFO] Compiling 5 source files to /home/runner/work/sonar-analysis/sonar-analysis/project/test-infra/camel-test-infra-jdbc/target/test-classes
[WARNING] [options] bootstrap class path not set in conjunction with -source 8
[INFO] 
[INFO] --- jar:3.2.0:test-jar (default) @ camel-test-infra-jdbc ---
[INFO] Building jar: /home/runner/work/sonar-analysis/sonar-analysis/project/test-infra/camel-test-infra-jdbc/target/camel-test-infra-jdbc-3.8.0-SNAPSHOT-tests.jar
[INFO] 
[INFO] --- surefire:3.0.0-M5:test (default-test) @ camel-test-infra-jdbc ---
[INFO] Tests are skipped.
[INFO] 
[INFO] --- jar:3.2.0:jar (default-jar) @ camel-test-infra-jdbc ---
[INFO] Building jar: /home/runner/work/sonar-analysis/sonar-analysis/project/test-infra/camel-test-infra-jdbc/target/camel-test-infra-jdbc-3.8.0-SNAPSHOT.jar
[INFO] 
[INFO] --- install:2.5.2:install (default-install) @ camel-test-infra-jdbc ---
[INFO] Installing /home/runner/work/sonar-analysis/sonar-analysis/project/test-infra/camel-test-infra-jdbc/target/camel-test-infra-jdbc-3.8.0-SNAPSHOT.jar to /home/runner/.m2/repository/org/apache/camel/camel-test-infra-jdbc/3.8.0-SNAPSHOT/camel-test-infra-jdbc-3.8.0-SNAPSHOT.jar
[INFO] Installing /home/runner/work/sonar-analysis/sonar-analysis/project/test-infra/camel-test-infra-jdbc/target/.flattened-pom.xml to /home/runner/.m2/repository/org/apache/camel/camel-test-infra-jdbc/3.8.0-SNAPSHOT/camel-test-infra-jdbc-3.8.0-SNAPSHOT.pom
[INFO] Installing /home/runner/work/sonar-analysis/sonar-analysis/project/test-infra/camel-test-infra-jdbc/target/camel-test-infra-jdbc-3.8.0-SNAPSHOT-tests.jar to /home/runner/.m2/repository/org/apache/camel/camel-test-infra-jdbc/3.8.0-SNAPSHOT/camel-test-infra-jdbc-3.8.0-SNAPSHOT-tests.jar
[INFO] 
[INFO] -------------------< org.apache.camel:camel-pgevent >-------------------
[INFO] Building Camel :: PgEvent 3.8.0-SNAPSHOT                       [373/507]
[INFO]   from components/camel-pgevent/pom.xml
[INFO] --------------------------------[ jar ]---------------------------------
[INFO] 
[INFO] ----------------< org.apache.camel:camel-platform-http >----------------
[INFO] Building Camel :: Platform HTTP 3.8.0-SNAPSHOT                 [374/507]
[INFO]   from components/camel-platform-http/pom.xml
[INFO] --------------------------------[ jar ]---------------------------------
[INFO] 
[INFO] -------------< org.apache.camel:camel-platform-http-vertx >-------------
[INFO] Building Camel :: Platform HTTP :: Vert.x 3.8.0-SNAPSHOT       [375/507]
[INFO]   from components/camel-platform-http-vertx/pom.xml
[INFO] --------------------------------[ jar ]---------------------------------
[INFO] 
[INFO] -------------------< org.apache.camel:camel-printer >-------------------
[INFO] Building Camel :: Printer 3.8.0-SNAPSHOT                       [376/507]
[INFO]   from components/camel-printer/pom.xml
[INFO] --------------------------------[ jar ]---------------------------------
[INFO] 
[INFO] ------------------< org.apache.camel:camel-protobuf >-------------------
[INFO] Building Camel :: Protobuf 3.8.0-SNAPSHOT                      [377/507]
[INFO]   from components/camel-protobuf/pom.xml
[INFO] --------------------------------[ jar ]---------------------------------
[INFO] 
[INFO] -------------------< org.apache.camel:camel-pubnub >--------------------
[INFO] Building Camel :: PubNub 3.8.0-SNAPSHOT                        [378/507]
[INFO]   from components/camel-pubnub/pom.xml
[INFO] --------------------------------[ jar ]---------------------------------
[INFO] 
[INFO] --------------< org.apache.camel:camel-test-infra-pulsar >--------------
[INFO] Building Camel :: Test Infra :: Pulsar 3.8.0-SNAPSHOT          [379/507]
[INFO]   from test-infra/camel-test-infra-pulsar/pom.xml
[INFO] --------------------------------[ jar ]---------------------------------
[INFO] 
[INFO] --- clean:3.1.0:clean (default-clean) @ camel-test-infra-pulsar ---
[INFO] Deleting /home/runner/work/sonar-analysis/sonar-analysis/project/test-infra/camel-test-infra-pulsar/target
[INFO] 
[INFO] --- enforcer:1.4.1:enforce (enforce-maven) @ camel-test-infra-pulsar ---
[INFO] Skipping Rule Enforcement.
[INFO] 
[INFO] --- impsort:1.4.1:sort (sort-imports) @ camel-test-infra-pulsar ---
[INFO] Skipping execution of impsort-maven-plugin
[INFO] 
[INFO] --- resources:3.2.0:resources (default-resources) @ camel-test-infra-pulsar ---
[INFO] Using 'UTF-8' encoding to copy filtered resources.
[INFO] Using 'UTF-8' encoding to copy filtered properties files.
[INFO] Copying 1 resource
[INFO] 
[INFO] --- flatten:1.2.5:flatten (default-cli) @ camel-test-infra-pulsar ---
[INFO] Generating flattened POM of project org.apache.camel:camel-test-infra-pulsar:jar:3.8.0-SNAPSHOT...
[INFO] 
[INFO] --- compiler:3.8.1:compile (default-compile) @ camel-test-infra-pulsar ---
[INFO] No sources to compile
[INFO] 
[INFO] --- resources:3.2.0:testResources (default-testResources) @ camel-test-infra-pulsar ---
[INFO] Using 'UTF-8' encoding to copy filtered resources.
[INFO] Using 'UTF-8' encoding to copy filtered properties files.
[INFO] skip non existing resourceDirectory /home/runner/work/sonar-analysis/sonar-analysis/project/test-infra/camel-test-infra-pulsar/src/test/resources
[INFO] 
[INFO] --- compiler:3.8.1:testCompile (default-testCompile) @ camel-test-infra-pulsar ---
[INFO] Changes detected - recompiling the module!
[INFO] Compiling 5 source files to /home/runner/work/sonar-analysis/sonar-analysis/project/test-infra/camel-test-infra-pulsar/target/test-classes
[WARNING] [options] bootstrap class path not set in conjunction with -source 8
[INFO] 
[INFO] --- jar:3.2.0:test-jar (default) @ camel-test-infra-pulsar ---
[INFO] Building jar: /home/runner/work/sonar-analysis/sonar-analysis/project/test-infra/camel-test-infra-pulsar/target/camel-test-infra-pulsar-3.8.0-SNAPSHOT-tests.jar
[INFO] 
[INFO] --- surefire:3.0.0-M5:test (default-test) @ camel-test-infra-pulsar ---
[INFO] Tests are skipped.
[INFO] 
[INFO] --- jar:3.2.0:jar (default-jar) @ camel-test-infra-pulsar ---
[INFO] Building jar: /home/runner/work/sonar-analysis/sonar-analysis/project/test-infra/camel-test-infra-pulsar/target/camel-test-infra-pulsar-3.8.0-SNAPSHOT.jar
[INFO] 
[INFO] --- install:2.5.2:install (default-install) @ camel-test-infra-pulsar ---
[INFO] Installing /home/runner/work/sonar-analysis/sonar-analysis/project/test-infra/camel-test-infra-pulsar/target/camel-test-infra-pulsar-3.8.0-SNAPSHOT.jar to /home/runner/.m2/repository/org/apache/camel/camel-test-infra-pulsar/3.8.0-SNAPSHOT/camel-test-infra-pulsar-3.8.0-SNAPSHOT.jar
[INFO] Installing /home/runner/work/sonar-analysis/sonar-analysis/project/test-infra/camel-test-infra-pulsar/target/.flattened-pom.xml to /home/runner/.m2/repository/org/apache/camel/camel-test-infra-pulsar/3.8.0-SNAPSHOT/camel-test-infra-pulsar-3.8.0-SNAPSHOT.pom
[INFO] Installing /home/runner/work/sonar-analysis/sonar-analysis/project/test-infra/camel-test-infra-pulsar/target/camel-test-infra-pulsar-3.8.0-SNAPSHOT-tests.jar to /home/runner/.m2/repository/org/apache/camel/camel-test-infra-pulsar/3.8.0-SNAPSHOT/camel-test-infra-pulsar-3.8.0-SNAPSHOT-tests.jar
[INFO] 
[INFO] -------------------< org.apache.camel:camel-pulsar >--------------------
[INFO] Building Camel :: Pulsar 3.8.0-SNAPSHOT                        [380/507]
[INFO]   from components/camel-pulsar/pom.xml
[INFO] --------------------------------[ jar ]---------------------------------
[INFO] 
[INFO] ------------------< org.apache.camel:camel-quickfix >-------------------
[INFO] Building Camel :: QuickFIX/J 3.8.0-SNAPSHOT                    [381/507]
[INFO]   from components/camel-quickfix/pom.xml
[INFO] --------------------------------[ jar ]---------------------------------
[INFO] 
[INFO] -------------< org.apache.camel:camel-test-infra-rabbitmq >-------------
[INFO] Building Camel :: Test Infra :: RabbitMQ 3.8.0-SNAPSHOT        [382/507]
[INFO]   from test-infra/camel-test-infra-rabbitmq/pom.xml
[INFO] --------------------------------[ jar ]---------------------------------
[INFO] 
[INFO] --- clean:3.1.0:clean (default-clean) @ camel-test-infra-rabbitmq ---
[INFO] Deleting /home/runner/work/sonar-analysis/sonar-analysis/project/test-infra/camel-test-infra-rabbitmq/target
[INFO] 
[INFO] --- enforcer:1.4.1:enforce (enforce-maven) @ camel-test-infra-rabbitmq ---
[INFO] Skipping Rule Enforcement.
[INFO] 
[INFO] --- impsort:1.4.1:sort (sort-imports) @ camel-test-infra-rabbitmq ---
[INFO] Skipping execution of impsort-maven-plugin
[INFO] 
[INFO] --- resources:3.2.0:resources (default-resources) @ camel-test-infra-rabbitmq ---
[INFO] Using 'UTF-8' encoding to copy filtered resources.
[INFO] Using 'UTF-8' encoding to copy filtered properties files.
[INFO] Copying 1 resource
[INFO] 
[INFO] --- flatten:1.2.5:flatten (default-cli) @ camel-test-infra-rabbitmq ---
[INFO] Generating flattened POM of project org.apache.camel:camel-test-infra-rabbitmq:jar:3.8.0-SNAPSHOT...
[INFO] 
[INFO] --- compiler:3.8.1:compile (default-compile) @ camel-test-infra-rabbitmq ---
[INFO] No sources to compile
[INFO] 
[INFO] --- resources:3.2.0:testResources (default-testResources) @ camel-test-infra-rabbitmq ---
[INFO] Using 'UTF-8' encoding to copy filtered resources.
[INFO] Using 'UTF-8' encoding to copy filtered properties files.
[INFO] skip non existing resourceDirectory /home/runner/work/sonar-analysis/sonar-analysis/project/test-infra/camel-test-infra-rabbitmq/src/test/resources
[INFO] 
[INFO] --- compiler:3.8.1:testCompile (default-testCompile) @ camel-test-infra-rabbitmq ---
[INFO] Changes detected - recompiling the module!
[INFO] Compiling 6 source files to /home/runner/work/sonar-analysis/sonar-analysis/project/test-infra/camel-test-infra-rabbitmq/target/test-classes
[WARNING] [options] bootstrap class path not set in conjunction with -source 8
[INFO] 
[INFO] --- jar:3.2.0:test-jar (default) @ camel-test-infra-rabbitmq ---
[INFO] Building jar: /home/runner/work/sonar-analysis/sonar-analysis/project/test-infra/camel-test-infra-rabbitmq/target/camel-test-infra-rabbitmq-3.8.0-SNAPSHOT-tests.jar
[INFO] 
[INFO] --- surefire:3.0.0-M5:test (default-test) @ camel-test-infra-rabbitmq ---
[INFO] Tests are skipped.
[INFO] 
[INFO] --- jar:3.2.0:jar (default-jar) @ camel-test-infra-rabbitmq ---
[INFO] Building jar: /home/runner/work/sonar-analysis/sonar-analysis/project/test-infra/camel-test-infra-rabbitmq/target/camel-test-infra-rabbitmq-3.8.0-SNAPSHOT.jar
[INFO] 
[INFO] --- install:2.5.2:install (default-install) @ camel-test-infra-rabbitmq ---
[INFO] Installing /home/runner/work/sonar-analysis/sonar-analysis/project/test-infra/camel-test-infra-rabbitmq/target/camel-test-infra-rabbitmq-3.8.0-SNAPSHOT.jar to /home/runner/.m2/repository/org/apache/camel/camel-test-infra-rabbitmq/3.8.0-SNAPSHOT/camel-test-infra-rabbitmq-3.8.0-SNAPSHOT.jar
[INFO] Installing /home/runner/work/sonar-analysis/sonar-analysis/project/test-infra/camel-test-infra-rabbitmq/target/.flattened-pom.xml to /home/runner/.m2/repository/org/apache/camel/camel-test-infra-rabbitmq/3.8.0-SNAPSHOT/camel-test-infra-rabbitmq-3.8.0-SNAPSHOT.pom
[INFO] Installing /home/runner/work/sonar-analysis/sonar-analysis/project/test-infra/camel-test-infra-rabbitmq/target/camel-test-infra-rabbitmq-3.8.0-SNAPSHOT-tests.jar to /home/runner/.m2/repository/org/apache/camel/camel-test-infra-rabbitmq/3.8.0-SNAPSHOT/camel-test-infra-rabbitmq-3.8.0-SNAPSHOT-tests.jar
[INFO] 
[INFO] ------------------< org.apache.camel:camel-rabbitmq >-------------------
[INFO] Building Camel :: RabbitMQ 3.8.0-SNAPSHOT                      [383/507]
[INFO]   from components/camel-rabbitmq/pom.xml
[INFO] --------------------------------[ jar ]---------------------------------
[INFO] 
[INFO] -----------< org.apache.camel:camel-reactive-executor-vertx >-----------
[INFO] Building Camel :: Reactive Executor :: Vert.x 3.8.0-SNAPSHOT   [384/507]
[INFO]   from components/camel-reactive-executor-vertx/pom.xml
[INFO] --------------------------------[ jar ]---------------------------------
[INFO] 
[INFO] --------------< org.apache.camel:camel-reactive-streams >---------------
[INFO] Building Camel :: Reactive Streams 3.8.0-SNAPSHOT              [385/507]
[INFO]   from components/camel-reactive-streams/pom.xml
[INFO] --------------------------------[ jar ]---------------------------------
[INFO] 
[INFO] -------------------< org.apache.camel:camel-reactor >-------------------
[INFO] Building Camel :: Reactor 3.8.0-SNAPSHOT                       [386/507]
[INFO]   from components/camel-reactor/pom.xml
[INFO] --------------------------------[ jar ]---------------------------------
[INFO] 
[INFO] --------------< org.apache.camel:camel-test-infra-redis >---------------
[INFO] Building Camel :: Test Infra :: Redis 3.8.0-SNAPSHOT           [387/507]
[INFO]   from test-infra/camel-test-infra-redis/pom.xml
[INFO] --------------------------------[ jar ]---------------------------------
[INFO] 
[INFO] --- clean:3.1.0:clean (default-clean) @ camel-test-infra-redis ---
[INFO] Deleting /home/runner/work/sonar-analysis/sonar-analysis/project/test-infra/camel-test-infra-redis/target
[INFO] 
[INFO] --- enforcer:1.4.1:enforce (enforce-maven) @ camel-test-infra-redis ---
[INFO] Skipping Rule Enforcement.
[INFO] 
[INFO] --- impsort:1.4.1:sort (sort-imports) @ camel-test-infra-redis ---
[INFO] Skipping execution of impsort-maven-plugin
[INFO] 
[INFO] --- resources:3.2.0:resources (default-resources) @ camel-test-infra-redis ---
[INFO] Using 'UTF-8' encoding to copy filtered resources.
[INFO] Using 'UTF-8' encoding to copy filtered properties files.
[INFO] Copying 1 resource
[INFO] 
[INFO] --- flatten:1.2.5:flatten (default-cli) @ camel-test-infra-redis ---
[INFO] Generating flattened POM of project org.apache.camel:camel-test-infra-redis:jar:3.8.0-SNAPSHOT...
[INFO] 
[INFO] --- compiler:3.8.1:compile (default-compile) @ camel-test-infra-redis ---
[INFO] No sources to compile
[INFO] 
[INFO] --- resources:3.2.0:testResources (default-testResources) @ camel-test-infra-redis ---
[INFO] Using 'UTF-8' encoding to copy filtered resources.
[INFO] Using 'UTF-8' encoding to copy filtered properties files.
[INFO] skip non existing resourceDirectory /home/runner/work/sonar-analysis/sonar-analysis/project/test-infra/camel-test-infra-redis/src/test/resources
[INFO] 
[INFO] --- compiler:3.8.1:testCompile (default-testCompile) @ camel-test-infra-redis ---
[INFO] Changes detected - recompiling the module!
[INFO] Compiling 5 source files to /home/runner/work/sonar-analysis/sonar-analysis/project/test-infra/camel-test-infra-redis/target/test-classes
[WARNING] [options] bootstrap class path not set in conjunction with -source 8
[INFO] 
[INFO] --- jar:3.2.0:test-jar (default) @ camel-test-infra-redis ---
[INFO] Building jar: /home/runner/work/sonar-analysis/sonar-analysis/project/test-infra/camel-test-infra-redis/target/camel-test-infra-redis-3.8.0-SNAPSHOT-tests.jar
[INFO] 
[INFO] --- surefire:3.0.0-M5:test (default-test) @ camel-test-infra-redis ---
[INFO] Tests are skipped.
[INFO] 
[INFO] --- jar:3.2.0:jar (default-jar) @ camel-test-infra-redis ---
[INFO] Building jar: /home/runner/work/sonar-analysis/sonar-analysis/project/test-infra/camel-test-infra-redis/target/camel-test-infra-redis-3.8.0-SNAPSHOT.jar
[INFO] 
[INFO] --- install:2.5.2:install (default-install) @ camel-test-infra-redis ---
[INFO] Installing /home/runner/work/sonar-analysis/sonar-analysis/project/test-infra/camel-test-infra-redis/target/camel-test-infra-redis-3.8.0-SNAPSHOT.jar to /home/runner/.m2/repository/org/apache/camel/camel-test-infra-redis/3.8.0-SNAPSHOT/camel-test-infra-redis-3.8.0-SNAPSHOT.jar
[INFO] Installing /home/runner/work/sonar-analysis/sonar-analysis/project/test-infra/camel-test-infra-redis/target/.flattened-pom.xml to /home/runner/.m2/repository/org/apache/camel/camel-test-infra-redis/3.8.0-SNAPSHOT/camel-test-infra-redis-3.8.0-SNAPSHOT.pom
[INFO] Installing /home/runner/work/sonar-analysis/sonar-analysis/project/test-infra/camel-test-infra-redis/target/camel-test-infra-redis-3.8.0-SNAPSHOT-tests.jar to /home/runner/.m2/repository/org/apache/camel/camel-test-infra-redis/3.8.0-SNAPSHOT/camel-test-infra-redis-3.8.0-SNAPSHOT-tests.jar
[INFO] 
[INFO] --------------------< org.apache.camel:camel-redis >--------------------
[INFO] Building Camel :: Redis 3.8.0-SNAPSHOT                         [388/507]
[INFO]   from components/camel-redis/pom.xml
[INFO] --------------------------------[ jar ]---------------------------------
[INFO] 
[INFO] ----------------< org.apache.camel:camel-resilience4j >-----------------
[INFO] Building Camel :: Resilience4j 3.8.0-SNAPSHOT                  [389/507]
[INFO]   from components/camel-resilience4j/pom.xml
[INFO] --------------------------------[ jar ]---------------------------------
[INFO] 
[INFO] ----------------< org.apache.camel:camel-rest-openapi >-----------------
[INFO] Building Camel :: REST OpenApi 3.8.0-SNAPSHOT                  [390/507]
[INFO]   from components/camel-rest-openapi/pom.xml
[INFO] --------------------------------[ jar ]---------------------------------
[INFO] 
[INFO] ----------------< org.apache.camel:camel-rest-swagger >-----------------
[INFO] Building Camel :: REST Swagger 3.8.0-SNAPSHOT                  [391/507]
[INFO]   from components/camel-rest-swagger/pom.xml
[INFO] --------------------------------[ jar ]---------------------------------
[INFO] 
[INFO] ------------------< org.apache.camel:camel-resteasy >-------------------
[INFO] Building Camel :: Resteasy 3.8.0-SNAPSHOT                      [392/507]
[INFO]   from components/camel-resteasy/pom.xml
[INFO] --------------------------------[ jar ]---------------------------------
[INFO] 
[INFO] ---------------< org.apache.camel:camel-robotframework >----------------
[INFO] Building Camel :: RobotFramework 3.8.0-SNAPSHOT                [393/507]
[INFO]   from components/camel-robotframework/pom.xml
[INFO] --------------------------------[ jar ]---------------------------------
[INFO] 
[INFO] ---------------------< org.apache.camel:camel-rss >---------------------
[INFO] Building Camel :: RSS 3.8.0-SNAPSHOT                           [394/507]
[INFO]   from components/camel-rss/pom.xml
[INFO] --------------------------------[ jar ]---------------------------------
[INFO] 
[INFO] -------------------< org.apache.camel:camel-rxjava >--------------------
[INFO] Building Camel :: RxJava 3.8.0-SNAPSHOT                        [395/507]
[INFO]   from components/camel-rxjava/pom.xml
[INFO] --------------------------------[ jar ]---------------------------------
[INFO] 
[INFO] --------------< org.apache.camel:camel-salesforce-parent >--------------
[INFO] Building Camel :: Salesforce :: Parent 3.8.0-SNAPSHOT          [396/507]
[INFO]   from components/camel-salesforce/pom.xml
[INFO] --------------------------------[ pom ]---------------------------------
[INFO] 
[INFO] -----------------< org.apache.camel:camel-salesforce >------------------
[INFO] Building Camel :: Salesforce 3.8.0-SNAPSHOT                    [397/507]
[INFO]   from components/camel-salesforce/camel-salesforce-component/pom.xml
[INFO] --------------------------------[ jar ]---------------------------------
[INFO] 
[INFO] ------------------< org.apache.camel:camel-velocity >-------------------
[INFO] Building Camel :: Velocity 3.8.0-SNAPSHOT                      [398/507]
[INFO]   from components/camel-velocity/pom.xml
[INFO] --------------------------------[ jar ]---------------------------------
[INFO] 
[INFO] ----------------< org.apache.camel:camel-sap-netweaver >----------------
[INFO] Building Camel :: SAP NetWeaver 3.8.0-SNAPSHOT                 [399/507]
[INFO]   from components/camel-sap-netweaver/pom.xml
[INFO] --------------------------------[ jar ]---------------------------------
[INFO] 
[INFO] -----------------< org.apache.camel:camel-xslt-saxon >------------------
[INFO] Building Camel :: XSLT Saxon 3.8.0-SNAPSHOT                    [400/507]
[INFO]   from components/camel-xslt-saxon/pom.xml
[INFO] --------------------------------[ jar ]---------------------------------
[INFO] 
[INFO] --------------------< org.apache.camel:camel-saxon >--------------------
[INFO] Building Camel :: Saxon 3.8.0-SNAPSHOT                         [401/507]
[INFO]   from components/camel-saxon/pom.xml
[INFO] --------------------------------[ jar ]---------------------------------
[INFO] 
[INFO] -----------------< org.apache.camel:camel-schematron >------------------
[INFO] Building Camel :: Schematron 3.8.0-SNAPSHOT                    [402/507]
[INFO]   from components/camel-schematron/pom.xml
[INFO] --------------------------------[ jar ]---------------------------------
[INFO] 
[INFO] --------------< org.apache.camel:camel-servicenow-parent >--------------
[INFO] Building Camel :: ServiceNow :: Parent 3.8.0-SNAPSHOT          [403/507]
[INFO]   from components/camel-servicenow/pom.xml
[INFO] --------------------------------[ pom ]---------------------------------
[INFO] 
[INFO] -----------------< org.apache.camel:camel-servicenow >------------------
[INFO] Building Camel :: ServiceNow :: Component 3.8.0-SNAPSHOT       [404/507]
[INFO]   from components/camel-servicenow/camel-servicenow-component/pom.xml
[INFO] --------------------------------[ jar ]---------------------------------
[INFO] 
[INFO] --------------------< org.apache.camel:camel-shiro >--------------------
[INFO] Building Camel :: Shiro 3.8.0-SNAPSHOT                         [405/507]
[INFO]   from components/camel-shiro/pom.xml
[INFO] --------------------------------[ jar ]---------------------------------
[INFO] 
[INFO] ---------------------< org.apache.camel:camel-sip >---------------------
[INFO] Building Camel :: SIP 3.8.0-SNAPSHOT                           [406/507]
[INFO]   from components/camel-sip/pom.xml
[INFO] --------------------------------[ jar ]---------------------------------
[INFO] 
[INFO] --------------------< org.apache.camel:camel-sjms2 >--------------------
[INFO] Building Camel :: Simple JMS2 3.8.0-SNAPSHOT                   [407/507]
[INFO]   from components/camel-sjms2/pom.xml
[INFO] --------------------------------[ jar ]---------------------------------
[INFO] 
[INFO] --------------------< org.apache.camel:camel-slack >--------------------
[INFO] Building Camel :: Slack 3.8.0-SNAPSHOT                         [408/507]
[INFO]   from components/camel-slack/pom.xml
[INFO] --------------------------------[ jar ]---------------------------------
[INFO] 
[INFO] --------------------< org.apache.camel:camel-smpp >---------------------
[INFO] Building Camel :: SMPP 3.8.0-SNAPSHOT                          [409/507]
[INFO]   from components/camel-smpp/pom.xml
[INFO] --------------------------------[ jar ]---------------------------------
[INFO] 
[INFO] ------------------< org.apache.camel:camel-snakeyaml >------------------
[INFO] Building Camel :: SnakeYAML 3.8.0-SNAPSHOT                     [410/507]
[INFO]   from components/camel-snakeyaml/pom.xml
[INFO] --------------------------------[ jar ]---------------------------------
[INFO] 
[INFO] --------------------< org.apache.camel:camel-snmp >---------------------
[INFO] Building Camel :: SNMP 3.8.0-SNAPSHOT                          [411/507]
[INFO]   from components/camel-snmp/pom.xml
[INFO] --------------------------------[ jar ]---------------------------------
[INFO] 
[INFO] --------------------< org.apache.camel:camel-soap >---------------------
[INFO] Building Camel :: SOAP 3.8.0-SNAPSHOT                          [412/507]
[INFO]   from components/camel-soap/pom.xml
[INFO] --------------------------------[ jar ]---------------------------------
[INFO] 
[INFO] --------------------< org.apache.camel:camel-solr >---------------------
[INFO] Building Camel :: Solr 3.8.0-SNAPSHOT                          [413/507]
[INFO]   from components/camel-solr/pom.xml
[INFO] --------------------------------[ jar ]---------------------------------
[INFO] 
[INFO] -------------------< org.apache.camel:camel-soroush >-------------------
[INFO] Building Camel :: Soroush 3.8.0-SNAPSHOT                       [414/507]
[INFO]   from components/camel-soroush/pom.xml
[INFO] --------------------------------[ jar ]---------------------------------
[INFO] 
[INFO] --------------------< org.apache.camel:camel-spark >--------------------
[INFO] Building Camel :: Apache Spark 3.8.0-SNAPSHOT                  [415/507]
[INFO]   from components/camel-spark/pom.xml
[INFO] --------------------------------[ jar ]---------------------------------
[INFO] 
[INFO] -----------------< org.apache.camel:camel-splunk-hec >------------------
[INFO] Building Camel :: Splunk HEC 3.8.0-SNAPSHOT                    [416/507]
[INFO]   from components/camel-splunk-hec/pom.xml
[INFO] --------------------------------[ jar ]---------------------------------
[INFO] 
[INFO] -------------------< org.apache.camel:camel-splunk >--------------------
[INFO] Building Camel :: Splunk 3.8.0-SNAPSHOT                        [417/507]
[INFO]   from components/camel-splunk/pom.xml
[INFO] --------------------------------[ jar ]---------------------------------
[INFO] 
[INFO] ----------------< org.apache.camel:camel-spring-batch >-----------------
[INFO] Building Camel :: Spring Batch 3.8.0-SNAPSHOT                  [418/507]
[INFO]   from components/camel-spring-batch/pom.xml
[INFO] --------------------------------[ jar ]---------------------------------
[INFO] 
[INFO] -------------< org.apache.camel:camel-spring-integration >--------------
[INFO] Building Camel :: Spring Integration 3.8.0-SNAPSHOT            [419/507]
[INFO]   from components/camel-spring-integration/pom.xml
[INFO] --------------------------------[ jar ]---------------------------------
[INFO] 
[INFO] -----------------< org.apache.camel:camel-spring-ldap >-----------------
[INFO] Building Camel :: Spring LDAP 3.8.0-SNAPSHOT                   [420/507]
[INFO]   from components/camel-spring-ldap/pom.xml
[INFO] --------------------------------[ jar ]---------------------------------
[INFO] 
[INFO] ---------------< org.apache.camel:camel-spring-rabbitmq >---------------
[INFO] Building Camel :: Spring RabbitMQ 3.8.0-SNAPSHOT               [421/507]
[INFO]   from components/camel-spring-rabbitmq/pom.xml
[INFO] --------------------------------[ jar ]---------------------------------
[INFO] 
[INFO] ----------------< org.apache.camel:camel-spring-redis >-----------------
[INFO] Building Camel :: Redis 3.8.0-SNAPSHOT                         [422/507]
[INFO]   from components/camel-spring-redis/pom.xml
[INFO] --------------------------------[ jar ]---------------------------------
[INFO] 
[INFO] ---------------< org.apache.camel:camel-spring-security >---------------
[INFO] Building Camel :: Spring Security 3.8.0-SNAPSHOT               [423/507]
[INFO]   from components/camel-spring-security/pom.xml
[INFO] --------------------------------[ jar ]---------------------------------
[INFO] 
[INFO] ------------------< org.apache.camel:camel-spring-ws >------------------
[INFO] Building Camel :: Spring Web Services 3.8.0-SNAPSHOT           [424/507]
[INFO]   from components/camel-spring-ws/pom.xml
[INFO] --------------------------------[ jar ]---------------------------------
[INFO] 
[INFO] --------------------< org.apache.camel:camel-stax >---------------------
[INFO] Building Camel :: StAX 3.8.0-SNAPSHOT                          [425/507]
[INFO]   from components/camel-stax/pom.xml
[INFO] --------------------------------[ jar ]---------------------------------
[INFO] 
[INFO] --------------------< org.apache.camel:camel-stomp >--------------------
[INFO] Building Camel :: Stomp 3.8.0-SNAPSHOT                         [426/507]
[INFO]   from components/camel-stomp/pom.xml
[INFO] --------------------------------[ jar ]---------------------------------
[INFO] 
[INFO] ---------------< org.apache.camel:camel-stringtemplate >----------------
[INFO] Building Camel :: StringTemplate 3.8.0-SNAPSHOT                [427/507]
[INFO]   from components/camel-stringtemplate/pom.xml
[INFO] --------------------------------[ jar ]---------------------------------
[INFO] 
[INFO] -------------------< org.apache.camel:camel-syslog >--------------------
[INFO] Building Camel :: Syslog 3.8.0-SNAPSHOT                        [428/507]
[INFO]   from components/camel-syslog/pom.xml
[INFO] --------------------------------[ jar ]---------------------------------
[INFO] 
[INFO] -------------------< org.apache.camel:camel-tagsoup >-------------------
[INFO] Building Camel :: TagSoup 3.8.0-SNAPSHOT                       [429/507]
[INFO]   from components/camel-tagsoup/pom.xml
[INFO] --------------------------------[ jar ]---------------------------------
[INFO] 
[INFO] -------------------< org.apache.camel:camel-tarfile >-------------------
[INFO] Building Camel :: Tar File 3.8.0-SNAPSHOT                      [430/507]
[INFO]   from components/camel-tarfile/pom.xml
[INFO] --------------------------------[ jar ]---------------------------------
[INFO] 
[INFO] -------------------< org.apache.camel:camel-webhook >-------------------
[INFO] Building Camel :: Webhook 3.8.0-SNAPSHOT                       [431/507]
[INFO]   from components/camel-webhook/pom.xml
[INFO] --------------------------------[ jar ]---------------------------------
[INFO] 
[INFO] ------------------< org.apache.camel:camel-telegram >-------------------
[INFO] Building Camel :: Telegram 3.8.0-SNAPSHOT                      [432/507]
[INFO]   from components/camel-telegram/pom.xml
[INFO] --------------------------------[ jar ]---------------------------------
[INFO] 
[INFO] ------------------< org.apache.camel:camel-test-cdi >-------------------
[INFO] Building Camel :: Test :: CDI 3.8.0-SNAPSHOT                   [433/507]
[INFO]   from components/camel-test-cdi/pom.xml
[INFO] --------------------------------[ jar ]---------------------------------
[INFO] 
[INFO] -----------------< org.apache.camel:camel-test-spring >-----------------
[INFO] Building Camel :: Test :: Spring 3.8.0-SNAPSHOT                [434/507]
[INFO]   from components/camel-test-spring/pom.xml
[INFO] --------------------------------[ jar ]---------------------------------
[INFO] 
[INFO] ------------< org.apache.camel:camel-testcontainers-junit5 >------------
[INFO] Building Camel :: Testcontainers :: JUnit 5 3.8.0-SNAPSHOT     [435/507]
[INFO]   from components/camel-testcontainers-junit5/pom.xml
[INFO] --------------------------------[ jar ]---------------------------------
[INFO] 
[INFO] --------< org.apache.camel:camel-testcontainers-spring-junit5 >---------
[INFO] Building Camel :: Testcontainers :: Spring :: JUnit5 3.8.0-SNAPSHOT [436/507]
[INFO]   from components/camel-testcontainers-spring-junit5/pom.xml
[INFO] --------------------------------[ jar ]---------------------------------
[INFO] 
[INFO] ---------------< org.apache.camel:camel-testcontainers >----------------
[INFO] Building Camel :: Testcontainers 3.8.0-SNAPSHOT                [437/507]
[INFO]   from components/camel-testcontainers/pom.xml
[INFO] --------------------------------[ jar ]---------------------------------
[INFO] 
[INFO] ------------< org.apache.camel:camel-testcontainers-spring >------------
[INFO] Building Camel :: Testcontainers :: Spring 3.8.0-SNAPSHOT      [438/507]
[INFO]   from components/camel-testcontainers-spring/pom.xml
[INFO] --------------------------------[ jar ]---------------------------------
[INFO] 
[INFO] -----------< org.apache.camel:camel-threadpoolfactory-vertx >-----------
[INFO] Building Camel :: Thread Pool Factory :: Vert.x 3.8.0-SNAPSHOT [439/507]
[INFO]   from components/camel-threadpoolfactory-vertx/pom.xml
[INFO] --------------------------------[ jar ]---------------------------------
[INFO] 
[INFO] -------------------< org.apache.camel:camel-thrift >--------------------
[INFO] Building Camel :: Thrift 3.8.0-SNAPSHOT                        [440/507]
[INFO]   from components/camel-thrift/pom.xml
[INFO] --------------------------------[ jar ]---------------------------------
[INFO] 
[INFO] --------------------< org.apache.camel:camel-tika >---------------------
[INFO] Building Camel :: Tika 3.8.0-SNAPSHOT                          [441/507]
[INFO]   from components/camel-tika/pom.xml
[INFO] --------------------------------[ jar ]---------------------------------
[INFO] 
[INFO] -------------------< org.apache.camel:camel-twilio >--------------------
[INFO] Building Camel :: Twilio 3.8.0-SNAPSHOT                        [442/507]
[INFO]   from components/camel-twilio/pom.xml
[INFO] --------------------------------[ jar ]---------------------------------
[INFO] 
[INFO] -------------------< org.apache.camel:camel-twitter >-------------------
[INFO] Building Camel :: Twitter 3.8.0-SNAPSHOT                       [443/507]
[INFO]   from components/camel-twitter/pom.xml
[INFO] --------------------------------[ jar ]---------------------------------
[INFO] 
[INFO] ----------< org.apache.camel:camel-undertow-spring-security >-----------
[INFO] Building Camel :: Undertow Spring Security 3.8.0-SNAPSHOT      [444/507]
[INFO]   from components/camel-undertow-spring-security/pom.xml
[INFO] --------------------------------[ jar ]---------------------------------
[INFO] 
[INFO] --------------< org.apache.camel:camel-univocity-parsers >--------------
[INFO] Building Camel :: UniVocity Parsers 3.8.0-SNAPSHOT             [445/507]
[INFO]   from components/camel-univocity-parsers/pom.xml
[INFO] --------------------------------[ jar ]---------------------------------
[INFO] 
[INFO] -----------------< org.apache.camel:camel-vertx-http >------------------
[INFO] Building Camel :: Vert.x :: HTTP 3.8.0-SNAPSHOT                [446/507]
[INFO]   from components/camel-vertx-http/pom.xml
[INFO] --------------------------------[ jar ]---------------------------------
[INFO] 
[INFO] -------------< org.apache.camel:camel-vertx-kafka-parent >--------------
[INFO] Building Camel :: Vert.x :: Kafka :: Parent 3.8.0-SNAPSHOT     [447/507]
[INFO]   from components/camel-vertx-kafka/pom.xml
[INFO] --------------------------------[ pom ]---------------------------------
[INFO] 
[INFO] -------< org.apache.camel.maven:camel-vertx-kafka-maven-plugin >--------
[INFO] Building Camel :: Vert.x :: Kafka :: Maven plugin 3.8.0-SNAPSHOT [448/507]
[INFO]   from components/camel-vertx-kafka/camel-vertx-kafka-maven-plugin/pom.xml
[INFO] ----------------------------[ maven-plugin ]----------------------------
[INFO] 
[INFO] -----------------< org.apache.camel:camel-vertx-kafka >-----------------
[INFO] Building Camel :: Vert.x :: Kafka 3.8.0-SNAPSHOT               [449/507]
[INFO]   from components/camel-vertx-kafka/camel-vertx-kafka-component/pom.xml
[INFO] --------------------------------[ jar ]---------------------------------
[INFO] 
[INFO] ---------------< org.apache.camel:camel-vertx-websocket >---------------
[INFO] Building Camel :: Vert.x :: WebSocket 3.8.0-SNAPSHOT           [450/507]
[INFO]   from components/camel-vertx-websocket/pom.xml
[INFO] --------------------------------[ jar ]---------------------------------
[INFO] 
[INFO] --------------------< org.apache.camel:camel-vertx >--------------------
[INFO] Building Camel :: Vertx 3.8.0-SNAPSHOT                         [451/507]
[INFO]   from components/camel-vertx/pom.xml
[INFO] --------------------------------[ jar ]---------------------------------
[INFO] 
[INFO] -------------------< org.apache.camel:camel-weather >-------------------
[INFO] Building Camel :: Weather 3.8.0-SNAPSHOT                       [452/507]
[INFO]   from components/camel-weather/pom.xml
[INFO] --------------------------------[ jar ]---------------------------------
[INFO] 
[INFO] --------------------< org.apache.camel:camel-web3j >--------------------
[INFO] Building Camel :: Web3j 3.8.0-SNAPSHOT                         [453/507]
[INFO]   from components/camel-web3j/pom.xml
[INFO] --------------------------------[ jar ]---------------------------------
[INFO] 
[INFO] --------------< org.apache.camel:camel-websocket-jsr356 >---------------
[INFO] Building Camel :: WebSocket JSR356 3.8.0-SNAPSHOT              [454/507]
[INFO]   from components/camel-websocket-jsr356/pom.xml
[INFO] --------------------------------[ jar ]---------------------------------
[INFO] 
[INFO] ------------------< org.apache.camel:camel-websocket >------------------
[INFO] Building Camel :: WebSocket 3.8.0-SNAPSHOT                     [455/507]
[INFO]   from components/camel-websocket/pom.xml
[INFO] --------------------------------[ jar ]---------------------------------
[INFO] 
[INFO] --------------------< org.apache.camel:camel-weka >---------------------
[INFO] Building Camel :: Weka 3.8.0-SNAPSHOT                          [456/507]
[INFO]   from components/camel-weka/pom.xml
[INFO] --------------------------------[ jar ]---------------------------------
[INFO] 
[INFO] ------------------< org.apache.camel:camel-wordpress >------------------
[INFO] Building Camel :: Wordpress 3.8.0-SNAPSHOT                     [457/507]
[INFO]   from components/camel-wordpress/pom.xml
[INFO] --------------------------------[ jar ]---------------------------------
[INFO] 
[INFO] -------------------< org.apache.camel:camel-workday >-------------------
[INFO] Building Camel :: Workday 3.8.0-SNAPSHOT                       [458/507]
[INFO]   from components/camel-workday/pom.xml
[INFO] --------------------------------[ jar ]---------------------------------
[INFO] 
[INFO] -------------------< org.apache.camel:camel-xchange >-------------------
[INFO] Building Camel :: XChange 3.8.0-SNAPSHOT                       [459/507]
[INFO]   from components/camel-xchange/pom.xml
[INFO] --------------------------------[ jar ]---------------------------------
[INFO] 
[INFO] ---------------------< org.apache.camel:camel-xj >----------------------
[INFO] Building Camel :: XJ 3.8.0-SNAPSHOT                            [460/507]
[INFO]   from components/camel-xj/pom.xml
[INFO] --------------------------------[ jar ]---------------------------------
[INFO] 
[INFO] -----------------< org.apache.camel:camel-xmlsecurity >-----------------
[INFO] Building Camel :: XML Security 3.8.0-SNAPSHOT                  [461/507]
[INFO]   from components/camel-xmlsecurity/pom.xml
[INFO] --------------------------------[ jar ]---------------------------------
[INFO] 
[INFO] ---------------< org.apache.camel:camel-test-infra-xmpp >---------------
[INFO] Building Camel :: Test Infra :: Xmpp 3.8.0-SNAPSHOT            [462/507]
[INFO]   from test-infra/camel-test-infra-xmpp/pom.xml
[INFO] --------------------------------[ jar ]---------------------------------
[INFO] 
[INFO] --- clean:3.1.0:clean (default-clean) @ camel-test-infra-xmpp ---
[INFO] Deleting /home/runner/work/sonar-analysis/sonar-analysis/project/test-infra/camel-test-infra-xmpp/target
[INFO] 
[INFO] --- enforcer:1.4.1:enforce (enforce-maven) @ camel-test-infra-xmpp ---
[INFO] Skipping Rule Enforcement.
[INFO] 
[INFO] --- impsort:1.4.1:sort (sort-imports) @ camel-test-infra-xmpp ---
[INFO] Skipping execution of impsort-maven-plugin
[INFO] 
[INFO] --- resources:3.2.0:resources (default-resources) @ camel-test-infra-xmpp ---
[INFO] Using 'UTF-8' encoding to copy filtered resources.
[INFO] Using 'UTF-8' encoding to copy filtered properties files.
[INFO] Copying 1 resource
[INFO] 
[INFO] --- flatten:1.2.5:flatten (default-cli) @ camel-test-infra-xmpp ---
[INFO] Generating flattened POM of project org.apache.camel:camel-test-infra-xmpp:jar:3.8.0-SNAPSHOT...
[INFO] 
[INFO] --- compiler:3.8.1:compile (default-compile) @ camel-test-infra-xmpp ---
[INFO] No sources to compile
[INFO] 
[INFO] --- resources:3.2.0:testResources (default-testResources) @ camel-test-infra-xmpp ---
[INFO] Using 'UTF-8' encoding to copy filtered resources.
[INFO] Using 'UTF-8' encoding to copy filtered properties files.
[INFO] skip non existing resourceDirectory /home/runner/work/sonar-analysis/sonar-analysis/project/test-infra/camel-test-infra-xmpp/src/test/resources
[INFO] 
[INFO] --- compiler:3.8.1:testCompile (default-testCompile) @ camel-test-infra-xmpp ---
[INFO] Changes detected - recompiling the module!
[INFO] Compiling 6 source files to /home/runner/work/sonar-analysis/sonar-analysis/project/test-infra/camel-test-infra-xmpp/target/test-classes
[WARNING] [options] bootstrap class path not set in conjunction with -source 8
[INFO] 
[INFO] --- jar:3.2.0:test-jar (default) @ camel-test-infra-xmpp ---
[INFO] Building jar: /home/runner/work/sonar-analysis/sonar-analysis/project/test-infra/camel-test-infra-xmpp/target/camel-test-infra-xmpp-3.8.0-SNAPSHOT-tests.jar
[INFO] 
[INFO] --- surefire:3.0.0-M5:test (default-test) @ camel-test-infra-xmpp ---
[INFO] Tests are skipped.
[INFO] 
[INFO] --- jar:3.2.0:jar (default-jar) @ camel-test-infra-xmpp ---
[INFO] Building jar: /home/runner/work/sonar-analysis/sonar-analysis/project/test-infra/camel-test-infra-xmpp/target/camel-test-infra-xmpp-3.8.0-SNAPSHOT.jar
[INFO] 
[INFO] --- install:2.5.2:install (default-install) @ camel-test-infra-xmpp ---
[INFO] Installing /home/runner/work/sonar-analysis/sonar-analysis/project/test-infra/camel-test-infra-xmpp/target/camel-test-infra-xmpp-3.8.0-SNAPSHOT.jar to /home/runner/.m2/repository/org/apache/camel/camel-test-infra-xmpp/3.8.0-SNAPSHOT/camel-test-infra-xmpp-3.8.0-SNAPSHOT.jar
[INFO] Installing /home/runner/work/sonar-analysis/sonar-analysis/project/test-infra/camel-test-infra-xmpp/target/.flattened-pom.xml to /home/runner/.m2/repository/org/apache/camel/camel-test-infra-xmpp/3.8.0-SNAPSHOT/camel-test-infra-xmpp-3.8.0-SNAPSHOT.pom
[INFO] Installing /home/runner/work/sonar-analysis/sonar-analysis/project/test-infra/camel-test-infra-xmpp/target/camel-test-infra-xmpp-3.8.0-SNAPSHOT-tests.jar to /home/runner/.m2/repository/org/apache/camel/camel-test-infra-xmpp/3.8.0-SNAPSHOT/camel-test-infra-xmpp-3.8.0-SNAPSHOT-tests.jar
[INFO] 
[INFO] --------------------< org.apache.camel:camel-xmpp >---------------------
[INFO] Building Camel :: XMPP 3.8.0-SNAPSHOT                          [463/507]
[INFO]   from components/camel-xmpp/pom.xml
[INFO] --------------------------------[ jar ]---------------------------------
[INFO] 
[INFO] -------------------< org.apache.camel:camel-xstream >-------------------
[INFO] Building Camel :: XStream 3.8.0-SNAPSHOT                       [464/507]
[INFO]   from components/camel-xstream/pom.xml
[INFO] --------------------------------[ jar ]---------------------------------
[INFO] 
[INFO] -------------------< org.apache.camel:camel-yammer >--------------------
[INFO] Building Camel :: Yammer 3.8.0-SNAPSHOT                        [465/507]
[INFO]   from components/camel-yammer/pom.xml
[INFO] --------------------------------[ jar ]---------------------------------
[INFO] 
[INFO] -------------------< org.apache.camel:camel-zendesk >-------------------
[INFO] Building Camel :: Zendesk 3.8.0-SNAPSHOT                       [466/507]
[INFO]   from components/camel-zendesk/pom.xml
[INFO] --------------------------------[ jar ]---------------------------------
[INFO] 
[INFO] -------------------< org.apache.camel:camel-zipfile >-------------------
[INFO] Building Camel :: Zip File 3.8.0-SNAPSHOT                      [467/507]
[INFO]   from components/camel-zipfile/pom.xml
[INFO] --------------------------------[ jar ]---------------------------------
[INFO] 
[INFO] -------------------< org.apache.camel:camel-zipkin >--------------------
[INFO] Building Camel :: Zipkin 3.8.0-SNAPSHOT                        [468/507]
[INFO]   from components/camel-zipkin/pom.xml
[INFO] --------------------------------[ jar ]---------------------------------
[INFO] 
[INFO] ------------< org.apache.camel:camel-test-infra-zookeeper >-------------
[INFO] Building Camel :: Test Infra :: ZooKeeper 3.8.0-SNAPSHOT       [469/507]
[INFO]   from test-infra/camel-test-infra-zookeeper/pom.xml
[INFO] --------------------------------[ jar ]---------------------------------
[INFO] 
[INFO] --- clean:3.1.0:clean (default-clean) @ camel-test-infra-zookeeper ---
[INFO] Deleting /home/runner/work/sonar-analysis/sonar-analysis/project/test-infra/camel-test-infra-zookeeper/target
[INFO] 
[INFO] --- enforcer:1.4.1:enforce (enforce-maven) @ camel-test-infra-zookeeper ---
[INFO] Skipping Rule Enforcement.
[INFO] 
[INFO] --- impsort:1.4.1:sort (sort-imports) @ camel-test-infra-zookeeper ---
[INFO] Skipping execution of impsort-maven-plugin
[INFO] 
[INFO] --- resources:3.2.0:resources (default-resources) @ camel-test-infra-zookeeper ---
[INFO] Using 'UTF-8' encoding to copy filtered resources.
[INFO] Using 'UTF-8' encoding to copy filtered properties files.
[INFO] Copying 1 resource
[INFO] 
[INFO] --- flatten:1.2.5:flatten (default-cli) @ camel-test-infra-zookeeper ---
[INFO] Generating flattened POM of project org.apache.camel:camel-test-infra-zookeeper:jar:3.8.0-SNAPSHOT...
[INFO] 
[INFO] --- compiler:3.8.1:compile (default-compile) @ camel-test-infra-zookeeper ---
[INFO] No sources to compile
[INFO] 
[INFO] --- resources:3.2.0:testResources (default-testResources) @ camel-test-infra-zookeeper ---
[INFO] Using 'UTF-8' encoding to copy filtered resources.
[INFO] Using 'UTF-8' encoding to copy filtered properties files.
[INFO] skip non existing resourceDirectory /home/runner/work/sonar-analysis/sonar-analysis/project/test-infra/camel-test-infra-zookeeper/src/test/resources
[INFO] 
[INFO] --- compiler:3.8.1:testCompile (default-testCompile) @ camel-test-infra-zookeeper ---
[INFO] Changes detected - recompiling the module!
[INFO] Compiling 6 source files to /home/runner/work/sonar-analysis/sonar-analysis/project/test-infra/camel-test-infra-zookeeper/target/test-classes
[WARNING] [options] bootstrap class path not set in conjunction with -source 8
[INFO] 
[INFO] --- jar:3.2.0:test-jar (default) @ camel-test-infra-zookeeper ---
[INFO] Building jar: /home/runner/work/sonar-analysis/sonar-analysis/project/test-infra/camel-test-infra-zookeeper/target/camel-test-infra-zookeeper-3.8.0-SNAPSHOT-tests.jar
[INFO] 
[INFO] --- surefire:3.0.0-M5:test (default-test) @ camel-test-infra-zookeeper ---
[INFO] Tests are skipped.
[INFO] 
[INFO] --- jar:3.2.0:jar (default-jar) @ camel-test-infra-zookeeper ---
[INFO] Building jar: /home/runner/work/sonar-analysis/sonar-analysis/project/test-infra/camel-test-infra-zookeeper/target/camel-test-infra-zookeeper-3.8.0-SNAPSHOT.jar
[INFO] 
[INFO] --- install:2.5.2:install (default-install) @ camel-test-infra-zookeeper ---
[INFO] Installing /home/runner/work/sonar-analysis/sonar-analysis/project/test-infra/camel-test-infra-zookeeper/target/camel-test-infra-zookeeper-3.8.0-SNAPSHOT.jar to /home/runner/.m2/repository/org/apache/camel/camel-test-infra-zookeeper/3.8.0-SNAPSHOT/camel-test-infra-zookeeper-3.8.0-SNAPSHOT.jar
[INFO] Installing /home/runner/work/sonar-analysis/sonar-analysis/project/test-infra/camel-test-infra-zookeeper/target/.flattened-pom.xml to /home/runner/.m2/repository/org/apache/camel/camel-test-infra-zookeeper/3.8.0-SNAPSHOT/camel-test-infra-zookeeper-3.8.0-SNAPSHOT.pom
[INFO] Installing /home/runner/work/sonar-analysis/sonar-analysis/project/test-infra/camel-test-infra-zookeeper/target/camel-test-infra-zookeeper-3.8.0-SNAPSHOT-tests.jar to /home/runner/.m2/repository/org/apache/camel/camel-test-infra-zookeeper/3.8.0-SNAPSHOT/camel-test-infra-zookeeper-3.8.0-SNAPSHOT-tests.jar
[INFO] 
[INFO] --------------< org.apache.camel:camel-zookeeper-master >---------------
[INFO] Building Camel :: Zookeeper Master 3.8.0-SNAPSHOT              [470/507]
[INFO]   from components/camel-zookeeper-master/pom.xml
[INFO] --------------------------------[ jar ]---------------------------------
[INFO] 
[INFO] ------------------< org.apache.camel:camel-zookeeper >------------------
[INFO] Building Camel :: Zookeeper 3.8.0-SNAPSHOT                     [471/507]
[INFO]   from components/camel-zookeeper/pom.xml
[INFO] --------------------------------[ jar ]---------------------------------
[INFO] 
[INFO] ----------------< org.apache.camel:camel-componentdsl >-----------------
[INFO] Building Camel :: Component DSL 3.8.0-SNAPSHOT                 [472/507]
[INFO]   from core/camel-componentdsl/pom.xml
[INFO] --------------------------------[ jar ]---------------------------------
[INFO] 
[INFO] -------< org.apache.camel:camel-test-infra-azure-storage-queue >--------
[INFO] Building Camel :: Test Infra :: Azure Storage Queue 3.8.0-SNAPSHOT [473/507]
[INFO]   from test-infra/camel-test-infra-azure-storage-queue/pom.xml
[INFO] --------------------------------[ jar ]---------------------------------
[INFO] 
[INFO] --- clean:3.1.0:clean (default-clean) @ camel-test-infra-azure-storage-queue ---
[INFO] Deleting /home/runner/work/sonar-analysis/sonar-analysis/project/test-infra/camel-test-infra-azure-storage-queue/target
[INFO] 
[INFO] --- enforcer:1.4.1:enforce (enforce-maven) @ camel-test-infra-azure-storage-queue ---
[INFO] Skipping Rule Enforcement.
[INFO] 
[INFO] --- impsort:1.4.1:sort (sort-imports) @ camel-test-infra-azure-storage-queue ---
[INFO] Skipping execution of impsort-maven-plugin
[INFO] 
[INFO] --- resources:3.2.0:resources (default-resources) @ camel-test-infra-azure-storage-queue ---
[INFO] Using 'UTF-8' encoding to copy filtered resources.
[INFO] Using 'UTF-8' encoding to copy filtered properties files.
[INFO] Copying 1 resource
[INFO] 
[INFO] --- flatten:1.2.5:flatten (default-cli) @ camel-test-infra-azure-storage-queue ---
[INFO] Generating flattened POM of project org.apache.camel:camel-test-infra-azure-storage-queue:jar:3.8.0-SNAPSHOT...
[INFO] 
[INFO] --- compiler:3.8.1:compile (default-compile) @ camel-test-infra-azure-storage-queue ---
[INFO] No sources to compile
[INFO] 
[INFO] --- resources:3.2.0:testResources (default-testResources) @ camel-test-infra-azure-storage-queue ---
[INFO] Using 'UTF-8' encoding to copy filtered resources.
[INFO] Using 'UTF-8' encoding to copy filtered properties files.
[INFO] skip non existing resourceDirectory /home/runner/work/sonar-analysis/sonar-analysis/project/test-infra/camel-test-infra-azure-storage-queue/src/test/resources
[INFO] 
[INFO] --- compiler:3.8.1:testCompile (default-testCompile) @ camel-test-infra-azure-storage-queue ---
[INFO] Changes detected - recompiling the module!
[INFO] Compiling 4 source files to /home/runner/work/sonar-analysis/sonar-analysis/project/test-infra/camel-test-infra-azure-storage-queue/target/test-classes
[WARNING] [options] bootstrap class path not set in conjunction with -source 8
[INFO] 
[INFO] --- jar:3.2.0:test-jar (default) @ camel-test-infra-azure-storage-queue ---
[INFO] Building jar: /home/runner/work/sonar-analysis/sonar-analysis/project/test-infra/camel-test-infra-azure-storage-queue/target/camel-test-infra-azure-storage-queue-3.8.0-SNAPSHOT-tests.jar
[INFO] 
[INFO] --- surefire:3.0.0-M5:test (default-test) @ camel-test-infra-azure-storage-queue ---
[INFO] Tests are skipped.
[INFO] 
[INFO] --- jar:3.2.0:jar (default-jar) @ camel-test-infra-azure-storage-queue ---
[INFO] Building jar: /home/runner/work/sonar-analysis/sonar-analysis/project/test-infra/camel-test-infra-azure-storage-queue/target/camel-test-infra-azure-storage-queue-3.8.0-SNAPSHOT.jar
[INFO] 
[INFO] --- install:2.5.2:install (default-install) @ camel-test-infra-azure-storage-queue ---
[INFO] Installing /home/runner/work/sonar-analysis/sonar-analysis/project/test-infra/camel-test-infra-azure-storage-queue/target/camel-test-infra-azure-storage-queue-3.8.0-SNAPSHOT.jar to /home/runner/.m2/repository/org/apache/camel/camel-test-infra-azure-storage-queue/3.8.0-SNAPSHOT/camel-test-infra-azure-storage-queue-3.8.0-SNAPSHOT.jar
[INFO] Installing /home/runner/work/sonar-analysis/sonar-analysis/project/test-infra/camel-test-infra-azure-storage-queue/target/.flattened-pom.xml to /home/runner/.m2/repository/org/apache/camel/camel-test-infra-azure-storage-queue/3.8.0-SNAPSHOT/camel-test-infra-azure-storage-queue-3.8.0-SNAPSHOT.pom
[INFO] Installing /home/runner/work/sonar-analysis/sonar-analysis/project/test-infra/camel-test-infra-azure-storage-queue/target/camel-test-infra-azure-storage-queue-3.8.0-SNAPSHOT-tests.jar to /home/runner/.m2/repository/org/apache/camel/camel-test-infra-azure-storage-queue/3.8.0-SNAPSHOT/camel-test-infra-azure-storage-queue-3.8.0-SNAPSHOT-tests.jar
[INFO] 
[INFO] ---------< org.apache.camel:camel-test-infra-messaging-common >---------
[INFO] Building Camel :: Test Infra :: Messaging Common 3.8.0-SNAPSHOT [474/507]
[INFO]   from test-infra/camel-test-infra-messaging-common/pom.xml
[INFO] --------------------------------[ jar ]---------------------------------
[INFO] 
[INFO] --- clean:3.1.0:clean (default-clean) @ camel-test-infra-messaging-common ---
[INFO] Deleting /home/runner/work/sonar-analysis/sonar-analysis/project/test-infra/camel-test-infra-messaging-common/target
[INFO] 
[INFO] --- enforcer:1.4.1:enforce (enforce-maven) @ camel-test-infra-messaging-common ---
[INFO] Skipping Rule Enforcement.
[INFO] 
[INFO] --- impsort:1.4.1:sort (sort-imports) @ camel-test-infra-messaging-common ---
[INFO] Skipping execution of impsort-maven-plugin
[INFO] 
[INFO] --- resources:3.2.0:resources (default-resources) @ camel-test-infra-messaging-common ---
[INFO] Using 'UTF-8' encoding to copy filtered resources.
[INFO] Using 'UTF-8' encoding to copy filtered properties files.
[INFO] Copying 1 resource
[INFO] 
[INFO] --- flatten:1.2.5:flatten (default-cli) @ camel-test-infra-messaging-common ---
[INFO] Generating flattened POM of project org.apache.camel:camel-test-infra-messaging-common:jar:3.8.0-SNAPSHOT...
[INFO] 
[INFO] --- compiler:3.8.1:compile (default-compile) @ camel-test-infra-messaging-common ---
[INFO] No sources to compile
[INFO] 
[INFO] --- resources:3.2.0:testResources (default-testResources) @ camel-test-infra-messaging-common ---
[INFO] Using 'UTF-8' encoding to copy filtered resources.
[INFO] Using 'UTF-8' encoding to copy filtered properties files.
[INFO] skip non existing resourceDirectory /home/runner/work/sonar-analysis/sonar-analysis/project/test-infra/camel-test-infra-messaging-common/src/test/resources
[INFO] 
[INFO] --- compiler:3.8.1:testCompile (default-testCompile) @ camel-test-infra-messaging-common ---
[INFO] Changes detected - recompiling the module!
[INFO] Compiling 6 source files to /home/runner/work/sonar-analysis/sonar-analysis/project/test-infra/camel-test-infra-messaging-common/target/test-classes
[WARNING] [options] bootstrap class path not set in conjunction with -source 8
[INFO] 
[INFO] --- jar:3.2.0:test-jar (default) @ camel-test-infra-messaging-common ---
[INFO] Building jar: /home/runner/work/sonar-analysis/sonar-analysis/project/test-infra/camel-test-infra-messaging-common/target/camel-test-infra-messaging-common-3.8.0-SNAPSHOT-tests.jar
[INFO] 
[INFO] --- surefire:3.0.0-M5:test (default-test) @ camel-test-infra-messaging-common ---
[INFO] Tests are skipped.
[INFO] 
[INFO] --- jar:3.2.0:jar (default-jar) @ camel-test-infra-messaging-common ---
[INFO] Building jar: /home/runner/work/sonar-analysis/sonar-analysis/project/test-infra/camel-test-infra-messaging-common/target/camel-test-infra-messaging-common-3.8.0-SNAPSHOT.jar
[INFO] 
[INFO] --- install:2.5.2:install (default-install) @ camel-test-infra-messaging-common ---
[INFO] Installing /home/runner/work/sonar-analysis/sonar-analysis/project/test-infra/camel-test-infra-messaging-common/target/camel-test-infra-messaging-common-3.8.0-SNAPSHOT.jar to /home/runner/.m2/repository/org/apache/camel/camel-test-infra-messaging-common/3.8.0-SNAPSHOT/camel-test-infra-messaging-common-3.8.0-SNAPSHOT.jar
[INFO] Installing /home/runner/work/sonar-analysis/sonar-analysis/project/test-infra/camel-test-infra-messaging-common/target/.flattened-pom.xml to /home/runner/.m2/repository/org/apache/camel/camel-test-infra-messaging-common/3.8.0-SNAPSHOT/camel-test-infra-messaging-common-3.8.0-SNAPSHOT.pom
[INFO] Installing /home/runner/work/sonar-analysis/sonar-analysis/project/test-infra/camel-test-infra-messaging-common/target/camel-test-infra-messaging-common-3.8.0-SNAPSHOT-tests.jar to /home/runner/.m2/repository/org/apache/camel/camel-test-infra-messaging-common/3.8.0-SNAPSHOT/camel-test-infra-messaging-common-3.8.0-SNAPSHOT-tests.jar
[INFO] 
[INFO] -------------< org.apache.camel:camel-test-infra-artemis >--------------
[INFO] Building Camel :: Test Infra :: Artemis 3.8.0-SNAPSHOT         [475/507]
[INFO]   from test-infra/camel-test-infra-artemis/pom.xml
[INFO] --------------------------------[ jar ]---------------------------------
[INFO] 
[INFO] --- clean:3.1.0:clean (default-clean) @ camel-test-infra-artemis ---
[INFO] Deleting /home/runner/work/sonar-analysis/sonar-analysis/project/test-infra/camel-test-infra-artemis/target
[INFO] 
[INFO] --- enforcer:1.4.1:enforce (enforce-maven) @ camel-test-infra-artemis ---
[INFO] Skipping Rule Enforcement.
[INFO] 
[INFO] --- impsort:1.4.1:sort (sort-imports) @ camel-test-infra-artemis ---
[INFO] Skipping execution of impsort-maven-plugin
[INFO] 
[INFO] --- resources:3.2.0:resources (default-resources) @ camel-test-infra-artemis ---
[INFO] Using 'UTF-8' encoding to copy filtered resources.
[INFO] Using 'UTF-8' encoding to copy filtered properties files.
[INFO] Copying 1 resource
[INFO] 
[INFO] --- flatten:1.2.5:flatten (default-cli) @ camel-test-infra-artemis ---
[INFO] Generating flattened POM of project org.apache.camel:camel-test-infra-artemis:jar:3.8.0-SNAPSHOT...
[INFO] 
[INFO] --- compiler:3.8.1:compile (default-compile) @ camel-test-infra-artemis ---
[INFO] No sources to compile
[INFO] 
[INFO] --- resources:3.2.0:testResources (default-testResources) @ camel-test-infra-artemis ---
[INFO] Using 'UTF-8' encoding to copy filtered resources.
[INFO] Using 'UTF-8' encoding to copy filtered properties files.
[INFO] Copying 1 resource
[INFO] 
[INFO] --- compiler:3.8.1:testCompile (default-testCompile) @ camel-test-infra-artemis ---
[INFO] Changes detected - recompiling the module!
[INFO] Compiling 1 source file to /home/runner/work/sonar-analysis/sonar-analysis/project/test-infra/camel-test-infra-artemis/target/test-classes
[WARNING] [options] bootstrap class path not set in conjunction with -source 8
[INFO] 
[INFO] --- jar:3.2.0:test-jar (default) @ camel-test-infra-artemis ---
[INFO] Building jar: /home/runner/work/sonar-analysis/sonar-analysis/project/test-infra/camel-test-infra-artemis/target/camel-test-infra-artemis-3.8.0-SNAPSHOT-tests.jar
[INFO] 
[INFO] --- surefire:3.0.0-M5:test (default-test) @ camel-test-infra-artemis ---
[INFO] Tests are skipped.
[INFO] 
[INFO] --- jar:3.2.0:jar (default-jar) @ camel-test-infra-artemis ---
[INFO] Building jar: /home/runner/work/sonar-analysis/sonar-analysis/project/test-infra/camel-test-infra-artemis/target/camel-test-infra-artemis-3.8.0-SNAPSHOT.jar
[INFO] 
[INFO] --- install:2.5.2:install (default-install) @ camel-test-infra-artemis ---
[INFO] Installing /home/runner/work/sonar-analysis/sonar-analysis/project/test-infra/camel-test-infra-artemis/target/camel-test-infra-artemis-3.8.0-SNAPSHOT.jar to /home/runner/.m2/repository/org/apache/camel/camel-test-infra-artemis/3.8.0-SNAPSHOT/camel-test-infra-artemis-3.8.0-SNAPSHOT.jar
[INFO] Installing /home/runner/work/sonar-analysis/sonar-analysis/project/test-infra/camel-test-infra-artemis/target/.flattened-pom.xml to /home/runner/.m2/repository/org/apache/camel/camel-test-infra-artemis/3.8.0-SNAPSHOT/camel-test-infra-artemis-3.8.0-SNAPSHOT.pom
[INFO] Installing /home/runner/work/sonar-analysis/sonar-analysis/project/test-infra/camel-test-infra-artemis/target/camel-test-infra-artemis-3.8.0-SNAPSHOT-tests.jar to /home/runner/.m2/repository/org/apache/camel/camel-test-infra-artemis/3.8.0-SNAPSHOT/camel-test-infra-artemis-3.8.0-SNAPSHOT-tests.jar
[INFO] 
[INFO] ---------< org.apache.camel:camel-test-infra-dispatch-router >----------
[INFO] Building Camel :: Test Infra :: Dispatch Router 3.8.0-SNAPSHOT [476/507]
[INFO]   from test-infra/camel-test-infra-dispatch-router/pom.xml
[INFO] --------------------------------[ jar ]---------------------------------
[INFO] 
[INFO] --- clean:3.1.0:clean (default-clean) @ camel-test-infra-dispatch-router ---
[INFO] Deleting /home/runner/work/sonar-analysis/sonar-analysis/project/test-infra/camel-test-infra-dispatch-router/target
[INFO] 
[INFO] --- enforcer:1.4.1:enforce (enforce-maven) @ camel-test-infra-dispatch-router ---
[INFO] Skipping Rule Enforcement.
[INFO] 
[INFO] --- impsort:1.4.1:sort (sort-imports) @ camel-test-infra-dispatch-router ---
[INFO] Skipping execution of impsort-maven-plugin
[INFO] 
[INFO] --- resources:3.2.0:resources (default-resources) @ camel-test-infra-dispatch-router ---
[INFO] Using 'UTF-8' encoding to copy filtered resources.
[INFO] Using 'UTF-8' encoding to copy filtered properties files.
[INFO] Copying 1 resource
[INFO] 
[INFO] --- flatten:1.2.5:flatten (default-cli) @ camel-test-infra-dispatch-router ---
[INFO] Generating flattened POM of project org.apache.camel:camel-test-infra-dispatch-router:jar:3.8.0-SNAPSHOT...
[INFO] 
[INFO] --- compiler:3.8.1:compile (default-compile) @ camel-test-infra-dispatch-router ---
[INFO] No sources to compile
[INFO] 
[INFO] --- resources:3.2.0:testResources (default-testResources) @ camel-test-infra-dispatch-router ---
[INFO] Using 'UTF-8' encoding to copy filtered resources.
[INFO] Using 'UTF-8' encoding to copy filtered properties files.
[INFO] Copying 1 resource
[INFO] 
[INFO] --- compiler:3.8.1:testCompile (default-testCompile) @ camel-test-infra-dispatch-router ---
[INFO] Changes detected - recompiling the module!
[INFO] Compiling 1 source file to /home/runner/work/sonar-analysis/sonar-analysis/project/test-infra/camel-test-infra-dispatch-router/target/test-classes
[WARNING] [options] bootstrap class path not set in conjunction with -source 8
[INFO] 
[INFO] --- jar:3.2.0:test-jar (default) @ camel-test-infra-dispatch-router ---
[INFO] Building jar: /home/runner/work/sonar-analysis/sonar-analysis/project/test-infra/camel-test-infra-dispatch-router/target/camel-test-infra-dispatch-router-3.8.0-SNAPSHOT-tests.jar
[INFO] 
[INFO] --- surefire:3.0.0-M5:test (default-test) @ camel-test-infra-dispatch-router ---
[INFO] Tests are skipped.
[INFO] 
[INFO] --- jar:3.2.0:jar (default-jar) @ camel-test-infra-dispatch-router ---
[INFO] Building jar: /home/runner/work/sonar-analysis/sonar-analysis/project/test-infra/camel-test-infra-dispatch-router/target/camel-test-infra-dispatch-router-3.8.0-SNAPSHOT.jar
[INFO] 
[INFO] --- install:2.5.2:install (default-install) @ camel-test-infra-dispatch-router ---
[INFO] Installing /home/runner/work/sonar-analysis/sonar-analysis/project/test-infra/camel-test-infra-dispatch-router/target/camel-test-infra-dispatch-router-3.8.0-SNAPSHOT.jar to /home/runner/.m2/repository/org/apache/camel/camel-test-infra-dispatch-router/3.8.0-SNAPSHOT/camel-test-infra-dispatch-router-3.8.0-SNAPSHOT.jar
[INFO] Installing /home/runner/work/sonar-analysis/sonar-analysis/project/test-infra/camel-test-infra-dispatch-router/target/.flattened-pom.xml to /home/runner/.m2/repository/org/apache/camel/camel-test-infra-dispatch-router/3.8.0-SNAPSHOT/camel-test-infra-dispatch-router-3.8.0-SNAPSHOT.pom
[INFO] Installing /home/runner/work/sonar-analysis/sonar-analysis/project/test-infra/camel-test-infra-dispatch-router/target/camel-test-infra-dispatch-router-3.8.0-SNAPSHOT-tests.jar to /home/runner/.m2/repository/org/apache/camel/camel-test-infra-dispatch-router/3.8.0-SNAPSHOT/camel-test-infra-dispatch-router-3.8.0-SNAPSHOT-tests.jar
[INFO] 
[INFO] --------< org.apache.camel.maven:camel-salesforce-maven-plugin >--------
[INFO] Building Camel :: Salesforce :: Maven plugin 3.8.0-SNAPSHOT    [477/507]
[INFO]   from components/camel-salesforce/camel-salesforce-maven-plugin/pom.xml
[INFO] ----------------------------[ maven-plugin ]----------------------------
[INFO] 
[INFO] --------< org.apache.camel.maven:camel-servicenow-maven-plugin >--------
[INFO] Building Camel :: ServiceNow :: Maven plugin 3.8.0-SNAPSHOT    [478/507]
[INFO]   from components/camel-servicenow/camel-servicenow-maven-plugin/pom.xml
[INFO] ----------------------------[ maven-plugin ]----------------------------
[INFO] 
[INFO] --------------------< org.apache.camel:archetypes >---------------------
[INFO] Building Camel :: Archetypes 3.8.0-SNAPSHOT                    [479/507]
[INFO]   from archetypes/pom.xml
[INFO] --------------------------------[ pom ]---------------------------------
[INFO] 
[INFO] -----< org.apache.camel.archetypes:camel-archetype-api-component >------
[INFO] Building Camel :: Archetypes :: API Component 3.8.0-SNAPSHOT   [480/507]
[INFO]   from archetypes/camel-archetype-api-component/pom.xml
[INFO] --------------------------[ maven-archetype ]---------------------------
[INFO] 
[INFO] ----------< org.apache.camel.archetypes:camel-archetype-cdi >-----------
[INFO] Building Camel :: Archetypes :: CDI Based Router 3.8.0-SNAPSHOT [481/507]
[INFO]   from archetypes/camel-archetype-cdi/pom.xml
[INFO] --------------------------[ maven-archetype ]---------------------------
[INFO] 
[INFO] -------< org.apache.camel.archetypes:camel-archetype-component >--------
[INFO] Building Camel :: Archetypes :: Component 3.8.0-SNAPSHOT       [482/507]
[INFO]   from archetypes/camel-archetype-component/pom.xml
[INFO] --------------------------[ maven-archetype ]---------------------------
[INFO] 
[INFO] -------< org.apache.camel.archetypes:camel-archetype-dataformat >-------
[INFO] Building Camel :: Archetypes :: Data Format 3.8.0-SNAPSHOT     [483/507]
[INFO]   from archetypes/camel-archetype-dataformat/pom.xml
[INFO] --------------------------[ maven-archetype ]---------------------------
[INFO] 
[INFO] ----------< org.apache.camel.archetypes:camel-archetype-java >----------
[INFO] Building Camel :: Archetypes :: Java Router 3.8.0-SNAPSHOT     [484/507]
[INFO]   from archetypes/camel-archetype-java/pom.xml
[INFO] --------------------------[ maven-archetype ]---------------------------
[INFO] 
[INFO] ----------< org.apache.camel.archetypes:camel-archetype-main >----------
[INFO] Building Camel :: Archetypes :: Main 3.8.0-SNAPSHOT            [485/507]
[INFO]   from archetypes/camel-archetype-main/pom.xml
[INFO] --------------------------[ maven-archetype ]---------------------------
[INFO] 
[INFO] ---------< org.apache.camel.archetypes:camel-archetype-spring >---------
[INFO] Building Camel :: Archetypes :: Spring XML Based Router 3.8.0-SNAPSHOT [486/507]
[INFO]   from archetypes/camel-archetype-spring/pom.xml
[INFO] --------------------------[ maven-archetype ]---------------------------
[INFO] 
[INFO] ------< org.apache.camel.archetypes:camel-archetype-endpointdsl >-------
[INFO] Building Camel :: Archetypes :: Endpoint DSL Router 3.8.0-SNAPSHOT [487/507]
[INFO]   from archetypes/camel-archetype-endpointdsl/pom.xml
[INFO] --------------------------[ maven-archetype ]---------------------------
[INFO] 
[INFO] ----------------------< org.apache.camel:catalog >----------------------
[INFO] Building Camel :: Catalog 3.8.0-SNAPSHOT                       [488/507]
[INFO]   from catalog/pom.xml
[INFO] --------------------------------[ pom ]---------------------------------
[INFO] 
[INFO] ------------------< org.apache.camel:dummy-component >------------------
[INFO] Building Camel :: Catalog :: Dummy Component 3.8.0-SNAPSHOT    [489/507]
[INFO]   from catalog/dummy-component/pom.xml
[INFO] --------------------------------[ jar ]---------------------------------
[INFO] 
[INFO] -------------------< org.apache.camel:camel-catalog >-------------------
[INFO] Building Camel :: Catalog :: Camel Catalog 3.8.0-SNAPSHOT      [490/507]
[INFO]   from catalog/camel-catalog/pom.xml
[INFO] --------------------------------[ jar ]---------------------------------
[INFO] 
[INFO] ---------------< org.apache.camel:camel-catalog-lucene >----------------
[INFO] Building Camel :: Catalog :: Lucene 3.8.0-SNAPSHOT             [491/507]
[INFO]   from catalog/camel-catalog-lucene/pom.xml
[INFO] --------------------------------[ jar ]---------------------------------
[INFO] 
[INFO] ----------------< org.apache.camel:camel-catalog-maven >----------------
[INFO] Building Camel :: Catalog :: Maven 3.8.0-SNAPSHOT              [492/507]
[INFO]   from catalog/camel-catalog-maven/pom.xml
[INFO] --------------------------------[ jar ]---------------------------------
[INFO] 
[INFO] ----------------< org.apache.camel:camel-route-parser >-----------------
[INFO] Building Camel :: Catalog :: Camel Route Parser 3.8.0-SNAPSHOT [493/507]
[INFO]   from catalog/camel-route-parser/pom.xml
[INFO] --------------------------------[ jar ]---------------------------------
[INFO] 
[INFO] ------------< org.apache.camel:camel-csimple-maven-plugin >-------------
[INFO] Building Camel :: Catalog :: Camel Compiled Simple Maven Plugin 3.8.0-SNAPSHOT [494/507]
[INFO]   from catalog/camel-csimple-maven-plugin/pom.xml
[INFO] ----------------------------[ maven-plugin ]----------------------------
[INFO] 
[INFO] -------------< org.apache.camel:camel-report-maven-plugin >-------------
[INFO] Building Camel :: Catalog :: Camel Report Maven Plugin 3.8.0-SNAPSHOT [495/507]
[INFO]   from catalog/camel-report-maven-plugin/pom.xml
[INFO] ----------------------------[ maven-plugin ]----------------------------
[INFO] 
[INFO] -------------< org.apache.camel.tests.bundles:bundles-pom >-------------
[INFO] Building Camel :: Integration Tests :: Test Bundles 3.8.0-SNAPSHOT [496/507]
[INFO]   from tests/test-bundles/pom.xml
[INFO] --------------------------------[ pom ]---------------------------------
[INFO] 
[INFO] --< org.apache.camel.tests:org.apache.camel.tests.mock-javamail_1.7 >---
[INFO] Building Camel :: Integration Tests :: Test Bundles: mock-javamail-1.7 3.8.0-SNAPSHOT [497/507]
[INFO]   from tests/test-bundles/mock-javamail_1.7/pom.xml
[INFO] --------------------------------[ jar ]---------------------------------
[INFO] 
[INFO] -------< org.apache.camel.tests:camel-validator-test-resources >--------
[INFO] Building Camel :: Integration Tests :: Camel Validator Test Resources 3.8.0-SNAPSHOT [498/507]
[INFO]   from tests/test-bundles/camel-validator-test-resources/pom.xml
[INFO] --------------------------------[ jar ]---------------------------------
[INFO] 
[INFO] -----------------------< org.apache.camel:tests >-----------------------
[INFO] Building Camel :: Integration Tests 3.8.0-SNAPSHOT             [499/507]
[INFO]   from tests/pom.xml
[INFO] --------------------------------[ pom ]---------------------------------
[INFO] 
[INFO] --------------< org.apache.camel:camel-itest-standalone >---------------
[INFO] Building Camel :: Integration Tests :: Standalone 3.8.0-SNAPSHOT [500/507]
[INFO]   from tests/camel-itest-standalone/pom.xml
[INFO] --------------------------------[ jar ]---------------------------------
[INFO] 
[INFO] ------------------< org.apache.camel:camel-itest-cdi >------------------
[INFO] Building Camel :: Integration Tests :: CDI 3.8.0-SNAPSHOT      [501/507]
[INFO]   from tests/camel-itest-cdi/pom.xml
[INFO] --------------------------------[ jar ]---------------------------------
[INFO] 
[INFO] -----------------< org.apache.camel:camel-itest-jms2 >------------------
[INFO] Building Camel :: Integration Tests :: JMS 2.0 API 3.8.0-SNAPSHOT [502/507]
[INFO]   from tests/camel-itest-jms2/pom.xml
[INFO] --------------------------------[ jar ]---------------------------------
[INFO] 
[INFO] ---------------------< org.apache.camel:camel-jmh >---------------------
[INFO] Building Camel :: Integration Tests :: JMH 3.8.0-SNAPSHOT      [503/507]
[INFO]   from tests/camel-jmh/pom.xml
[INFO] --------------------------------[ jar ]---------------------------------
[INFO] 
[INFO] -----------< org.apache.camel:camel-partial-classpath-test >------------
[INFO] Building Camel :: Integration Tests :: Partial Classpath 3.8.0-SNAPSHOT [504/507]
[INFO]   from tests/camel-partial-classpath-test/pom.xml
[INFO] --------------------------------[ jar ]---------------------------------
[INFO] 
[INFO] -----------< org.apache.camel:camel-typeconverterscan-test >------------
[INFO] Building Camel :: Integration Tests :: TypeConverter Scan 3.8.0-SNAPSHOT [505/507]
[INFO]   from tests/camel-typeconverterscan-test/pom.xml
[INFO] --------------------------------[ jar ]---------------------------------
[INFO] 
[INFO] -----------------------< org.apache.camel:docs >------------------------
[INFO] Building Camel :: Docs 3.8.0-SNAPSHOT                          [506/507]
[INFO]   from docs/pom.xml
[INFO] --------------------------------[ pom ]---------------------------------
[INFO] 
[INFO] -------------------< org.apache.camel:apache-camel >--------------------
[INFO] Building Camel :: Assembly 3.8.0-SNAPSHOT                      [507/507]
[INFO]   from apache-camel/pom.xml
[INFO] --------------------------------[ pom ]---------------------------------
[WARNING] The POM for org.apache.camel:camel-allcomponents:pom:3.8.0-SNAPSHOT is missing, no dependency information available
[INFO] ------------------------------------------------------------------------
[INFO] Reactor Summary for Camel 3.8.0-SNAPSHOT:
[INFO] 
[INFO] Camel .............................................. SUCCESS [  0.961 s]
[INFO] Camel :: Parent .................................... SUCCESS [  0.109 s]
[INFO] Camel :: Dependencies .............................. SUCCESS [  0.623 s]
[INFO] Camel :: Init ...................................... SUCCESS [  0.020 s]
[INFO] Camel :: Maven Plugins :: Enhanced Formatter Plugin  SUCCESS [  2.525 s]
[INFO] Camel :: Maven Plugins :: Enhanced Bundle Plugin ... SUCCESS [  0.397 s]
[INFO] Camel :: Etc ....................................... SUCCESS [  0.022 s]
[INFO] Camel :: Buildtools ................................ SUCCESS [  1.337 s]
[INFO] Camel :: Tooling ................................... FAILURE [  0.003 s]
[INFO] Camel :: Tooling :: Util ........................... FAILURE [  0.003 s]
[INFO] Camel :: Tooling Parent ............................ FAILURE [  0.003 s]
[INFO] Camel :: Maven Plugins ............................. FAILURE [  0.002 s]
[INFO] Camel :: Maven Plugins :: BOM Generator ............ FAILURE [  0.003 s]
[INFO] Camel :: BOM :: Generator .......................... FAILURE [  0.005 s]
[INFO] Camel :: BOM ....................................... SUCCESS [  0.023 s]
[INFO] Camel :: SPI Annotations ........................... FAILURE [  0.003 s]
[INFO] Camel :: Util :: JSon .............................. FAILURE [  0.002 s]
[INFO] Camel :: Tooling :: Model .......................... FAILURE [  0.003 s]
[INFO] Camel :: Maven Plugins :: Camel Maven Package ...... FAILURE [  0.002 s]
[INFO] Camel :: Core Modules .............................. FAILURE [  0.001 s]
[INFO] Camel :: Util ...................................... FAILURE [  0.002 s]
[INFO] Camel :: API ....................................... FAILURE [  0.001 s]
[INFO] Camel :: Management API ............................ FAILURE [  0.001 s]
[INFO] Camel :: Support ................................... FAILURE [  0.002 s]
[INFO] Camel :: Base ...................................... FAILURE [  0.001 s]
[INFO] Camel :: Base Engine ............................... FAILURE [  0.001 s]
[INFO] Camel :: Core Processor ............................ FAILURE [  0.001 s]
[INFO] Camel :: Core Model ................................ FAILURE [  0.002 s]
[INFO] Camel :: Core Reifier .............................. FAILURE [  0.001 s]
[INFO] Camel :: Core Engine ............................... FAILURE [  0.001 s]
[INFO] Camel :: Core Languages ............................ FAILURE [  0.002 s]
[INFO] Camel :: Components ................................ FAILURE [  0.001 s]
[INFO] Camel :: Bean ...................................... FAILURE [  0.001 s]
[INFO] Camel :: Browse .................................... FAILURE [  0.001 s]
[INFO] Camel :: Caffeine LRUCache ......................... FAILURE [  0.001 s]
[INFO] Camel :: Cluster ................................... FAILURE [  0.002 s]
[INFO] Camel :: Controlbus ................................ FAILURE [  0.001 s]
[INFO] Camel :: Dataformat ................................ FAILURE [  0.001 s]
[INFO] Camel :: Mock ...................................... FAILURE [  0.002 s]
[INFO] Camel :: DataSet ................................... FAILURE [  0.001 s]
[INFO] Camel :: Direct .................................... FAILURE [  0.001 s]
[INFO] Camel :: Direct VM ................................. FAILURE [  0.001 s]
[INFO] Camel :: File ...................................... FAILURE [  0.001 s]
[INFO] Camel :: Health .................................... FAILURE [  0.001 s]
[INFO] Camel :: Language .................................. FAILURE [  0.001 s]
[INFO] Camel :: Log ....................................... FAILURE [  0.001 s]
[INFO] Camel :: Ref ....................................... FAILURE [  0.001 s]
[INFO] Camel :: REST ...................................... FAILURE [  0.001 s]
[INFO] Camel :: Saga ...................................... FAILURE [  0.001 s]
[INFO] Camel :: Scheduler ................................. FAILURE [  0.002 s]
[INFO] Camel :: Seda ...................................... FAILURE [  0.001 s]
[INFO] Camel :: VM ........................................ FAILURE [  0.001 s]
[INFO] Camel :: Stub ...................................... FAILURE [  0.002 s]
[INFO] Camel :: Timer ..................................... FAILURE [  0.001 s]
[INFO] Camel :: XML JAXP .................................. FAILURE [  0.001 s]
[INFO] Camel :: Validator ................................. FAILURE [  0.001 s]
[INFO] Camel :: XPath ..................................... FAILURE [  0.001 s]
[INFO] Camel :: XSLT ...................................... FAILURE [  0.001 s]
[INFO] Camel :: XML JAXB .................................. FAILURE [  0.001 s]
[INFO] Camel :: Core Catalog .............................. FAILURE [  0.001 s]
[INFO] Camel :: Core ...................................... FAILURE [  0.001 s]
[INFO] Camel :: Tooling :: Swagger REST DSL Generator ..... FAILURE [  0.002 s]
[INFO] Camel :: Tooling :: OpenApi REST DSL Generator ..... FAILURE [  0.002 s]
[INFO] Camel :: Management ................................ FAILURE [  0.002 s]
[INFO] Camel :: Test :: JUnit5 ............................ FAILURE [  0.001 s]
[INFO] Camel :: Main ...................................... FAILURE [  0.000 s]
[INFO] Camel :: Core XML .................................. FAILURE [  0.002 s]
[INFO] Camel :: Cron ...................................... FAILURE [  0.001 s]
[INFO] Camel :: Cloud ..................................... FAILURE [  0.001 s]
[INFO] Camel :: Maven Plugins :: Camel EIP Documentation Enricher Plugin FAILURE [  0.006 s]
[INFO] Camel :: Spring .................................... FAILURE [  0.001 s]
[INFO] Camel :: Test :: Spring:: JUnit5 ................... FAILURE [  0.001 s]
[INFO] Camel :: Spring Main ............................... FAILURE [  0.001 s]
[INFO] Camel :: Spring JavaConfig (deprecated) ............ FAILURE [  0.001 s]
[INFO] Camel :: JTA ....................................... FAILURE [  0.001 s]
[INFO] Camel :: CDI ....................................... FAILURE [  0.001 s]
[INFO] Camel :: Maven Plugins :: Camel Maven Plugin ....... FAILURE [  0.002 s]
[INFO] Camel :: Maven Plugins :: Camel API Component Plugin FAILURE [  0.002 s]
[INFO] Camel :: HTTP :: Base .............................. FAILURE [  0.001 s]
[INFO] Camel :: Attachments ............................... FAILURE [  0.001 s]
[INFO] Camel :: HTTP :: Common ............................ FAILURE [  0.001 s]
[INFO] Camel :: Jackson ................................... FAILURE [  0.001 s]
[INFO] Camel :: JAXB ...................................... FAILURE [  0.001 s]
[INFO] Camel :: Swagger Java .............................. FAILURE [  0.001 s]
[INFO] Camel :: Gson ...................................... FAILURE [  0.001 s]
[INFO] Camel :: Servlet ................................... FAILURE [  0.000 s]
[INFO] Camel :: Jetty :: Common ........................... FAILURE [  0.001 s]
[INFO] Camel :: HTTP ...................................... FAILURE [  0.001 s]
[INFO] Camel :: Jetty ..................................... FAILURE [  0.001 s]
[INFO] Camel :: Maven Plugins :: Swagger REST DSL Generator Maven plugin FAILURE [  0.002 s]
[INFO] Camel :: Maven Plugins :: OpenApi REST DSL Generator Maven plugin FAILURE [  0.002 s]
[INFO] Camel :: Maven Plugins :: Enhanced javadoc plugin .. FAILURE [  0.002 s]
[INFO] Camel :: Maven Plugins :: Enhanced Resources Plugin  FAILURE [  0.002 s]
[INFO] Camel :: Maven Plugins :: Sync Properties .......... FAILURE [  0.002 s]
[INFO] Camel :: Maven Plugins :: Camel Maven Component .... FAILURE [  0.002 s]
[INFO] Camel :: XML IO .................................... FAILURE [  0.001 s]
[INFO] Camel :: JMS ....................................... FAILURE [  0.001 s]
[INFO] Camel :: JDBC ...................................... FAILURE [  0.001 s]
[INFO] Camel :: ActiveMQ .................................. FAILURE [  0.000 s]
[INFO] Camel :: AHC ....................................... FAILURE [  0.001 s]
[INFO] Camel :: AHC-WS .................................... FAILURE [  0.001 s]
[INFO] Camel :: AMQP ...................................... FAILURE [  0.001 s]
[INFO] Camel :: Any23 ..................................... FAILURE [  0.001 s]
[INFO] Camel :: APNS ...................................... FAILURE [  0.001 s]
[INFO] Camel :: Test Infra ................................ SUCCESS [  0.024 s]
[INFO] Camel :: Test Infra :: Parent ...................... SUCCESS [  0.042 s]
[INFO] Camel :: Test Infra :: Common ...................... SUCCESS [  0.990 s]
[INFO] Camel :: Test Infra :: ArangoDB .................... SUCCESS [  0.987 s]
[INFO] Camel :: ArangoDB .................................. FAILURE [  0.001 s]
[INFO] Camel :: AS2 :: Parent ............................. FAILURE [  0.000 s]
[INFO] Camel :: AS2 :: API ................................ FAILURE [  0.001 s]
[INFO] Camel :: AS2 :: Component .......................... FAILURE [  0.002 s]
[INFO] Camel :: ASN.1 ..................................... FAILURE [  0.001 s]
[INFO] Camel :: Asterisk .................................. FAILURE [  0.001 s]
[INFO] Camel :: AtlasMap .................................. FAILURE [  0.000 s]
[INFO] Camel :: Atmos ..................................... FAILURE [  0.001 s]
[INFO] Camel :: Atmosphere WebSocket Servlet .............. FAILURE [  0.001 s]
[INFO] Camel :: Atom ...................................... FAILURE [  0.001 s]
[INFO] Camel :: Atomix .................................... FAILURE [  0.001 s]
[INFO] Camel :: Avro RPC .................................. FAILURE [  0.001 s]
[INFO] Camel :: Avro ...................................... FAILURE [  0.001 s]
[INFO] Camel :: AWS CW .................................... FAILURE [  0.001 s]
[INFO] Camel :: AWS DDB ................................... FAILURE [  0.001 s]
[INFO] Camel :: AWS EC2 ................................... FAILURE [  0.001 s]
[INFO] Camel :: AWS ECS ................................... FAILURE [  0.000 s]
[INFO] Camel :: AWS EKS ................................... FAILURE [  0.001 s]
[INFO] Camel :: AWS IAM ................................... FAILURE [  0.001 s]
[INFO] Camel :: AWS Kinesis ............................... FAILURE [  0.001 s]
[INFO] Camel :: AWS KMS ................................... FAILURE [  0.001 s]
[INFO] Camel :: AWS Lambda ................................ FAILURE [  0.000 s]
[INFO] Camel :: AWS MQ .................................... FAILURE [  0.001 s]
[INFO] Camel :: AWS MSK ................................... FAILURE [  0.001 s]
[INFO] Camel :: AWS S3 .................................... FAILURE [  0.000 s]
[INFO] Camel :: AWS SDB ................................... FAILURE [  0.001 s]
[INFO] Camel :: AWS SES ................................... FAILURE [  0.001 s]
[INFO] Camel :: AWS SNS ................................... FAILURE [  0.001 s]
[INFO] Camel :: Test Infra :: AWS Common .................. SUCCESS [  0.963 s]
[INFO] Camel :: Test Infra :: AWS SDK v1 .................. SUCCESS [  1.089 s]
[INFO] Camel :: AWS SQS ................................... FAILURE [  0.001 s]
[INFO] Camel :: AWS SWF ................................... FAILURE [  0.000 s]
[INFO] Camel :: AWS Translate ............................. FAILURE [  0.001 s]
[INFO] Camel :: AWS :: XRay ............................... FAILURE [  0.000 s]
[INFO] Camel :: AWS2 Athena ............................... FAILURE [  0.001 s]
[INFO] Camel :: Test Infra :: AWS SDK v2 .................. SUCCESS [  1.406 s]
[INFO] Camel :: AWS2 CW ................................... FAILURE [  0.000 s]
[INFO] Camel :: AWS2 DDB .................................. FAILURE [  0.000 s]
[INFO] Camel :: AWS2 EC2 .................................. FAILURE [  0.001 s]
[INFO] Camel :: AWS2 ECS .................................. FAILURE [  0.001 s]
[INFO] Camel :: AWS2 EKS .................................. FAILURE [  0.000 s]
[INFO] Camel :: Zip Deflater .............................. FAILURE [  0.001 s]
[INFO] Camel :: AWS2 S3 ................................... FAILURE [  0.000 s]
[INFO] Camel :: AWS2 SQS .................................. FAILURE [  0.005 s]
[INFO] Camel :: AWS2 Eventbridge .......................... FAILURE [  0.001 s]
[INFO] Camel :: AWS2 IAM .................................. FAILURE [  0.000 s]
[INFO] Camel :: AWS2 Kinesis .............................. FAILURE [  0.001 s]
[INFO] Camel :: AWS2 KMS .................................. FAILURE [  0.000 s]
[INFO] Camel :: AWS2 Lambda ............................... FAILURE [  0.001 s]
[INFO] Camel :: AWS2 MQ ................................... FAILURE [  0.000 s]
[INFO] Camel :: AWS2 MSK .................................. FAILURE [  0.001 s]
[INFO] Camel :: AWS2 SES .................................. FAILURE [  0.001 s]
[INFO] Camel :: AWS2 SNS .................................. FAILURE [  0.001 s]
[INFO] Camel :: AWS2 STS .................................. FAILURE [  0.001 s]
[INFO] Camel :: AWS2 Translate ............................ FAILURE [  0.001 s]
[INFO] Camel :: Azure Event Hubs .......................... FAILURE [  0.000 s]
[INFO] Camel :: Test Infra :: Azure Common ................ SUCCESS [  0.902 s]
[INFO] Camel :: Test Infra :: Azure Storage Blob .......... SUCCESS [  0.999 s]
[INFO] Camel :: Azure Storage Blob ........................ FAILURE [  0.001 s]
[INFO] Camel :: Azure Storage Queue ....................... FAILURE [  0.000 s]
[INFO] Camel :: Azure ..................................... FAILURE [  0.001 s]
[INFO] Camel :: Barcode ................................... FAILURE [  0.001 s]
[INFO] Camel :: Base64 .................................... FAILURE [  0.000 s]
[INFO] Camel :: Bean validator ............................ FAILURE [  0.001 s]
[INFO] Camel :: BeanIO .................................... FAILURE [  0.001 s]
[INFO] Camel :: Beanstalk ................................. FAILURE [  0.000 s]
[INFO] Camel :: Bindy ..................................... FAILURE [  0.001 s]
[INFO] Camel :: Bonita .................................... FAILURE [  0.000 s]
[INFO] Camel :: Box :: Parent ............................. FAILURE [  0.001 s]
[INFO] Camel :: Box :: API ................................ FAILURE [  0.000 s]
[INFO] Camel :: Box :: Component .......................... FAILURE [  0.002 s]
[INFO] Camel :: Braintree ................................. FAILURE [  0.001 s]
[INFO] Camel :: Caffeine .................................. FAILURE [  0.001 s]
[INFO] Camel :: Test Infra :: Cassandra ................... SUCCESS [  0.965 s]
[INFO] Camel :: Cassandra CQL ............................. FAILURE [  0.001 s]
[INFO] Camel :: CBOR ...................................... FAILURE [  0.001 s]
[INFO] Camel :: ChatScript ................................ FAILURE [  0.001 s]
[INFO] Camel :: Chunk ..................................... FAILURE [  0.000 s]
[INFO] Camel :: CM SMS .................................... FAILURE [  0.001 s]
[INFO] Camel :: CMIS ...................................... FAILURE [  0.001 s]
[INFO] Camel :: CoAP ...................................... FAILURE [  0.000 s]
[INFO] Camel :: Cometd .................................... FAILURE [  0.001 s]
[INFO] Camel :: Undertow .................................. FAILURE [  0.001 s]
[INFO] Camel :: Master .................................... FAILURE [  0.000 s]
[INFO] Camel :: Service ................................... FAILURE [  0.001 s]
[INFO] Camel :: Ribbon .................................... FAILURE [  0.001 s]
[INFO] Camel :: Test Infra :: Consul ...................... SUCCESS [  0.969 s]
[INFO] Camel :: Consul .................................... FAILURE [  0.000 s]
[INFO] Camel :: Corda ..................................... FAILURE [  0.001 s]
[INFO] Camel :: Test Infra :: Couchbase ................... SUCCESS [  0.907 s]
[INFO] Camel :: Couchbase ................................. FAILURE [  0.000 s]
[INFO] Camel :: Test Infra :: CouchDb ..................... SUCCESS [  0.902 s]
[INFO] Camel :: CouchDB ................................... FAILURE [  0.001 s]
[INFO] Camel :: Crypto CMS (deprecated) ................... FAILURE [  0.001 s]
[INFO] Camel :: Crypto .................................... FAILURE [  0.000 s]
[INFO] Camel :: csimple jOOR .............................. FAILURE [  0.001 s]
[INFO] Camel :: CSV ....................................... FAILURE [  0.001 s]
[INFO] Camel :: CXF :: Transport .......................... FAILURE [  0.001 s]
[INFO] Camel :: CXF ....................................... FAILURE [  0.000 s]
[INFO] Camel :: DataSonnet ................................ FAILURE [  0.001 s]
[INFO] Camel :: Debezium :: Parent ........................ FAILURE [  0.001 s]
[INFO] Camel :: Debezium :: Common ........................ FAILURE [  0.004 s]
[INFO] Camel :: Debezium :: Maven plugin .................. FAILURE [  0.002 s]
[INFO] Camel :: Debezium :: MongoDB ....................... FAILURE [  0.002 s]
[INFO] Camel :: Debezium :: MySQL ......................... FAILURE [  0.002 s]
[INFO] Camel :: Debezium :: PostgreSQL .................... FAILURE [  0.001 s]
[INFO] Camel :: Debezium :: SQL Server .................... FAILURE [  0.002 s]
[INFO] Camel :: DigitalOcean .............................. FAILURE [  0.001 s]
[INFO] Camel :: Disruptor ................................. FAILURE [  0.001 s]
[INFO] Camel :: Deep Java Library ......................... FAILURE [  0.001 s]
[INFO] Camel :: DNS ....................................... FAILURE [  0.000 s]
[INFO] Camel :: Docker .................................... FAILURE [  0.001 s]
[INFO] Camel :: Dozer ..................................... FAILURE [  0.001 s]
[INFO] Camel :: Drill ..................................... FAILURE [  0.001 s]
[INFO] Camel :: Dropbox ................................... FAILURE [  0.001 s]
[INFO] Camel :: Ehcache ................................... FAILURE [  0.000 s]
[INFO] Camel :: Test Infra :: Elasticsearch ............... SUCCESS [  0.936 s]
[INFO] Camel :: ElasticSearch REST ........................ FAILURE [  0.001 s]
[INFO] Camel :: SQL ....................................... FAILURE [  0.001 s]
[INFO] Camel :: ElSql ..................................... FAILURE [  0.000 s]
[INFO] Camel :: Elytron ................................... FAILURE [  0.001 s]
[INFO] Camel :: Etcd3 ..................................... FAILURE [  0.000 s]
[INFO] Camel :: Test Infra :: EtcD ........................ SUCCESS [  0.996 s]
[INFO] Camel :: Etcd ...................................... FAILURE [  0.001 s]
[INFO] Camel :: Exec ...................................... FAILURE [  0.000 s]
[INFO] Camel :: Facebook .................................. FAILURE [  0.001 s]
[INFO] Camel :: Fastjson .................................. FAILURE [  0.001 s]
[INFO] Camel :: FHIR :: Parent ............................ FAILURE [  0.000 s]
[INFO] Camel :: FHIR :: API ............................... FAILURE [  0.001 s]
[INFO] Camel :: Netty ..................................... FAILURE [  0.000 s]
[INFO] Camel :: MINA ...................................... FAILURE [  0.001 s]
[INFO] Camel :: HL7 ....................................... FAILURE [  0.000 s]
[INFO] Camel :: Test Infra :: FHIR ........................ SUCCESS [  1.045 s]
[INFO] Camel :: FHIR ...................................... FAILURE [  0.002 s]
[INFO] Camel :: File Watch ................................ FAILURE [  0.000 s]
[INFO] Camel :: FlatPack .................................. FAILURE [  0.001 s]
[INFO] Camel :: Flink ..................................... FAILURE [  0.000 s]
[INFO] Camel :: FOP ....................................... FAILURE [  0.001 s]
[INFO] Camel :: Freemarker ................................ FAILURE [  0.000 s]
[INFO] Camel :: SSH ....................................... FAILURE [  0.001 s]
[INFO] Camel :: Test Infra :: Ftp ......................... SUCCESS [  0.768 s]
[INFO] Camel :: FTP ....................................... FAILURE [  0.001 s]
[INFO] Camel :: Ganglia ................................... FAILURE [  0.001 s]
[INFO] Camel :: Geocoder .................................. FAILURE [  0.000 s]
[INFO] Camel :: Git ....................................... FAILURE [  0.001 s]
[INFO] Camel :: GitHub .................................... FAILURE [  0.001 s]
[INFO] Camel :: Google BigQuery ........................... FAILURE [  0.000 s]
[INFO] Camel :: Google Calendar ........................... FAILURE [  0.003 s]
[INFO] Camel :: Google Drive .............................. FAILURE [  0.002 s]
[INFO] Camel :: Google Mail ............................... FAILURE [  0.002 s]
[INFO] Camel :: Test Infra :: Google Pub/Sub .............. SUCCESS [  0.955 s]
[INFO] Camel :: Google PubSub ............................. FAILURE [  0.000 s]
[INFO] Camel :: Google Sheets ............................. FAILURE [  0.002 s]
[INFO] Camel :: Gora ...................................... FAILURE [  0.000 s]
[INFO] Camel :: Stream .................................... FAILURE [  0.001 s]
[INFO] Camel :: Grape ..................................... FAILURE [  0.001 s]
[INFO] Camel :: GraphQL ................................... FAILURE [  0.000 s]
[INFO] Camel :: Grok ...................................... FAILURE [  0.001 s]
[INFO] Camel :: Groovy .................................... FAILURE [  0.000 s]
[INFO] Camel :: gRPC ...................................... FAILURE [  0.005 s]
[INFO] Camel :: Guava-EventBus ............................ FAILURE [  0.001 s]
[INFO] Camel :: HazelCast ................................. FAILURE [  0.001 s]
[INFO] Camel :: Test Infra :: HBase ....................... SUCCESS [  1.487 s]
[INFO] Camel :: Hbase ..................................... FAILURE [  0.001 s]
[INFO] Camel :: Test Infra :: HDFS ........................ SUCCESS [  1.016 s]
[INFO] Camel :: HDFS ...................................... FAILURE [  0.001 s]
[INFO] Camel :: Headers Map ............................... FAILURE [  0.001 s]
[INFO] Camel :: Hystrix (deprecated) ...................... FAILURE [  0.000 s]
[INFO] Camel :: iCal ...................................... FAILURE [  0.001 s]
[INFO] Camel :: IEC 60870 ................................. FAILURE [  0.000 s]
[INFO] Camel :: Ignite .................................... FAILURE [  0.001 s]
[INFO] Camel :: Test Infra :: Infinispan .................. SUCCESS [  0.897 s]
[INFO] Camel :: Infinispan ................................ FAILURE [  0.000 s]
[INFO] Camel :: InfluxDB .................................. FAILURE [  0.001 s]
[INFO] Camel :: IOTA ...................................... FAILURE [  0.000 s]
[INFO] Camel :: IPFS ...................................... FAILURE [  0.001 s]
[INFO] Camel :: IRC ....................................... FAILURE [  0.000 s]
[INFO] Camel :: IronMQ .................................... FAILURE [  0.001 s]
[INFO] Camel :: Jackson XML ............................... FAILURE [  0.000 s]
[INFO] Camel :: Jasypt .................................... FAILURE [  0.001 s]
[INFO] Camel :: JBPM ...................................... FAILURE [  0.000 s]
[INFO] Camel :: JCache .................................... FAILURE [  0.001 s]
[INFO] Camel :: JClouds ................................... FAILURE [  0.000 s]
[INFO] Camel :: JCR ....................................... FAILURE [  0.000 s]
[INFO] Camel :: Java Flight Recorder ...................... FAILURE [  0.001 s]
[INFO] Camel :: JGroups Raft .............................. FAILURE [  0.000 s]
[INFO] Camel :: JGroups ................................... FAILURE [  0.001 s]
[INFO] Camel :: Jing ...................................... FAILURE [  0.001 s]
[INFO] Camel :: JIRA ...................................... FAILURE [  0.000 s]
[INFO] Camel :: JMX ....................................... FAILURE [  0.001 s]
[INFO] Camel :: Johnzon ................................... FAILURE [  0.001 s]
[INFO] Camel :: Jolt ...................................... FAILURE [  0.000 s]
[INFO] Camel :: JOOQ ...................................... FAILURE [  0.001 s]
[INFO] Camel :: jOOR ...................................... FAILURE [  0.000 s]
[INFO] Camel :: JPA ....................................... FAILURE [  0.008 s]
[INFO] Camel :: Jsch ...................................... FAILURE [  0.001 s]
[INFO] Camel :: Jslt ...................................... FAILURE [  0.001 s]
[INFO] Camel :: JSON validator ............................ FAILURE [  0.000 s]
[INFO] Camel :: JSonApi ................................... FAILURE [  0.001 s]
[INFO] Camel :: JSONATA ................................... FAILURE [  0.000 s]
[INFO] Camel :: JSON-B .................................... FAILURE [  0.001 s]
[INFO] Camel :: JSon Path ................................. FAILURE [  0.001 s]
[INFO] Camel :: Java Toolbox for AS/400 ................... FAILURE [  0.000 s]
[INFO] Camel :: Test Infra :: Kafka ....................... SUCCESS [  0.991 s]
[INFO] Camel :: Kafka ..................................... FAILURE [  0.000 s]
[INFO] Camel :: Kubernetes ................................ FAILURE [  0.001 s]
[INFO] Camel :: Kudu ...................................... FAILURE [  0.001 s]
[INFO] Camel :: LDAP ...................................... FAILURE [  0.001 s]
[INFO] Camel :: LDIF ...................................... FAILURE [  0.001 s]
[INFO] Camel :: LevelDB Legacy ............................ FAILURE [  0.000 s]
[INFO] Camel :: LevelDB ................................... FAILURE [  0.001 s]
[INFO] Camel :: Long-Running-Action ....................... FAILURE [  0.000 s]
[INFO] Camel :: Lucene .................................... FAILURE [  0.001 s]
[INFO] Camel :: Lumberjack ................................ FAILURE [  0.000 s]
[INFO] Camel :: LZF ....................................... FAILURE [  0.001 s]
[INFO] Camel :: Quartz .................................... FAILURE [  0.001 s]
[INFO] Camel :: Mail ...................................... FAILURE [  0.000 s]
[INFO] Camel :: Metrics ................................... FAILURE [  0.001 s]
[INFO] Camel :: Micrometer ................................ FAILURE [  0.000 s]
[INFO] Camel :: MicroProfile Config ....................... FAILURE [  0.001 s]
[INFO] Camel :: MicroProfile :: Fault Tolerance ........... FAILURE [  0.000 s]
[INFO] Camel :: MicroProfile Health ....................... FAILURE [  0.000 s]
[INFO] Camel :: MicroProfile Metrics ...................... FAILURE [  0.001 s]
[INFO] Camel :: Milo ...................................... FAILURE [  0.001 s]
[INFO] Camel :: Test ...................................... FAILURE [  0.000 s]
[INFO] Camel :: Test Infra :: Minio ....................... SUCCESS [  0.935 s]
[INFO] Camel :: MinIO ..................................... FAILURE [  0.000 s]
[INFO] Camel :: Simple JMS ................................ FAILURE [  0.001 s]
[INFO] Camel :: MLLP ...................................... FAILURE [  0.000 s]
[INFO] Camel :: Test Infra :: MongoDB ..................... SUCCESS [  0.867 s]
[INFO] Camel :: MongoDB GridFS ............................ FAILURE [  0.001 s]
[INFO] Camel :: MongoDB ................................... FAILURE [  0.000 s]
[INFO] Camel :: MSV ....................................... FAILURE [  0.001 s]
[INFO] Camel :: Mustache .................................. FAILURE [  0.000 s]
[INFO] Camel :: MVEL ...................................... FAILURE [  0.001 s]
[INFO] Camel :: MyBatis ................................... FAILURE [  0.000 s]
[INFO] Camel :: Nagios .................................... FAILURE [  0.000 s]
[INFO] Camel :: Test Infra :: Nats ........................ SUCCESS [  0.903 s]
[INFO] Camel :: Nats ...................................... FAILURE [  0.001 s]
[INFO] Camel :: Netty HTTP ................................ FAILURE [  0.001 s]
[INFO] Camel :: Nitrite ................................... FAILURE [  0.000 s]
[INFO] Camel :: Test Infra :: Nsq ......................... SUCCESS [  0.933 s]
[INFO] Camel :: NSQ ....................................... FAILURE [  0.001 s]
[INFO] Camel :: OAIPMH .................................... FAILURE [  0.000 s]
[INFO] Camel :: OGNL ...................................... FAILURE [  0.001 s]
[INFO] Camel :: Olingo2 :: Parent ......................... FAILURE [  0.000 s]
[INFO] Camel :: Olingo2 :: API ............................ FAILURE [  0.001 s]
[INFO] Camel :: Olingo2 :: Component ...................... FAILURE [  0.001 s]
[INFO] Camel :: Olingo4 :: Parent ......................... FAILURE [  0.000 s]
[INFO] Camel :: Olingo4 :: API ............................ FAILURE [  0.001 s]
[INFO] Camel :: Olingo4 :: Component ...................... FAILURE [  0.001 s]
[INFO] Camel :: OpenApi Java .............................. FAILURE [  0.000 s]
[INFO] Camel :: OpenStack ................................. FAILURE [  0.001 s]
[INFO] Camel :: Common Tracing ............................ FAILURE [  0.000 s]
[INFO] Camel :: OpenTelemetry ............................. FAILURE [  0.000 s]
[INFO] Camel :: OpenTracing ............................... FAILURE [  0.001 s]
[INFO] Camel :: OptaPlanner ............................... FAILURE [  0.001 s]
[INFO] Camel :: Test Infra :: Mosquitto ................... SUCCESS [  0.878 s]
[INFO] Camel :: Paho MQTT 5 ............................... FAILURE [  0.001 s]
[INFO] Camel :: Paho ...................................... FAILURE [  0.001 s]
[INFO] Camel :: PDF ....................................... FAILURE [  0.000 s]
[INFO] Camel :: Test Infra :: Postgres .................... SUCCESS [  0.881 s]
[INFO] Camel :: PgReplicationSlot ......................... FAILURE [  0.000 s]
[INFO] Camel :: Test Infra :: JDBC ........................ SUCCESS [  0.818 s]
[INFO] Camel :: PgEvent ................................... FAILURE [  0.001 s]
[INFO] Camel :: Platform HTTP ............................. FAILURE [  0.000 s]
[INFO] Camel :: Platform HTTP :: Vert.x ................... FAILURE [  0.001 s]
[INFO] Camel :: Printer ................................... FAILURE [  0.001 s]
[INFO] Camel :: Protobuf .................................. FAILURE [  0.000 s]
[INFO] Camel :: PubNub .................................... FAILURE [  0.001 s]
[INFO] Camel :: Test Infra :: Pulsar ...................... SUCCESS [  0.802 s]
[INFO] Camel :: Pulsar .................................... FAILURE [  0.001 s]
[INFO] Camel :: QuickFIX/J ................................ FAILURE [  0.000 s]
[INFO] Camel :: Test Infra :: RabbitMQ .................... SUCCESS [  0.892 s]
[INFO] Camel :: RabbitMQ .................................. FAILURE [  0.001 s]
[INFO] Camel :: Reactive Executor :: Vert.x ............... FAILURE [  0.000 s]
[INFO] Camel :: Reactive Streams .......................... FAILURE [  0.001 s]
[INFO] Camel :: Reactor ................................... FAILURE [  0.000 s]
[INFO] Camel :: Test Infra :: Redis ....................... SUCCESS [  0.877 s]
[INFO] Camel :: Redis ..................................... FAILURE [  0.001 s]
[INFO] Camel :: Resilience4j .............................. FAILURE [  0.000 s]
[INFO] Camel :: REST OpenApi .............................. FAILURE [  0.001 s]
[INFO] Camel :: REST Swagger .............................. FAILURE [  0.000 s]
[INFO] Camel :: Resteasy .................................. FAILURE [  0.001 s]
[INFO] Camel :: RobotFramework ............................ FAILURE [  0.000 s]
[INFO] Camel :: RSS ....................................... FAILURE [  0.001 s]
[INFO] Camel :: RxJava .................................... FAILURE [  0.000 s]
[INFO] Camel :: Salesforce :: Parent ...................... FAILURE [  0.001 s]
[INFO] Camel :: Salesforce ................................ FAILURE [  0.000 s]
[INFO] Camel :: Velocity .................................. FAILURE [  0.001 s]
[INFO] Camel :: SAP NetWeaver ............................. FAILURE [  0.000 s]
[INFO] Camel :: XSLT Saxon ................................ FAILURE [  0.001 s]
[INFO] Camel :: Saxon ..................................... FAILURE [  0.000 s]
[INFO] Camel :: Schematron ................................ FAILURE [  0.001 s]
[INFO] Camel :: ServiceNow :: Parent ...................... FAILURE [  0.001 s]
[INFO] Camel :: ServiceNow :: Component ................... FAILURE [  0.000 s]
[INFO] Camel :: Shiro ..................................... FAILURE [  0.001 s]
[INFO] Camel :: SIP ....................................... FAILURE [  0.000 s]
[INFO] Camel :: Simple JMS2 ............................... FAILURE [  0.001 s]
[INFO] Camel :: Slack ..................................... FAILURE [  0.001 s]
[INFO] Camel :: SMPP ...................................... FAILURE [  0.000 s]
[INFO] Camel :: SnakeYAML ................................. FAILURE [  0.001 s]
[INFO] Camel :: SNMP ...................................... FAILURE [  0.000 s]
[INFO] Camel :: SOAP ...................................... FAILURE [  0.001 s]
[INFO] Camel :: Solr ...................................... FAILURE [  0.000 s]
[INFO] Camel :: Soroush ................................... FAILURE [  0.000 s]
[INFO] Camel :: Apache Spark .............................. FAILURE [  0.001 s]
[INFO] Camel :: Splunk HEC ................................ FAILURE [  0.000 s]
[INFO] Camel :: Splunk .................................... FAILURE [  0.001 s]
[INFO] Camel :: Spring Batch .............................. FAILURE [  0.001 s]
[INFO] Camel :: Spring Integration ........................ FAILURE [  0.000 s]
[INFO] Camel :: Spring LDAP ............................... FAILURE [  0.001 s]
[INFO] Camel :: Spring RabbitMQ ........................... FAILURE [  0.000 s]
[INFO] Camel :: Redis ..................................... FAILURE [  0.001 s]
[INFO] Camel :: Spring Security ........................... FAILURE [  0.000 s]
[INFO] Camel :: Spring Web Services ....................... FAILURE [  0.001 s]
[INFO] Camel :: StAX ...................................... FAILURE [  0.000 s]
[INFO] Camel :: Stomp ..................................... FAILURE [  0.001 s]
[INFO] Camel :: StringTemplate ............................ FAILURE [  0.000 s]
[INFO] Camel :: Syslog .................................... FAILURE [  0.001 s]
[INFO] Camel :: TagSoup ................................... FAILURE [  0.000 s]
[INFO] Camel :: Tar File .................................. FAILURE [  0.000 s]
[INFO] Camel :: Webhook ................................... FAILURE [  0.001 s]
[INFO] Camel :: Telegram .................................. FAILURE [  0.000 s]
[INFO] Camel :: Test :: CDI ............................... FAILURE [  0.001 s]
[INFO] Camel :: Test :: Spring ............................ FAILURE [  0.000 s]
[INFO] Camel :: Testcontainers :: JUnit 5 ................. FAILURE [  0.001 s]
[INFO] Camel :: Testcontainers :: Spring :: JUnit5 ........ FAILURE [  0.000 s]
[INFO] Camel :: Testcontainers ............................ FAILURE [  0.001 s]
[INFO] Camel :: Testcontainers :: Spring .................. FAILURE [  0.000 s]
[INFO] Camel :: Thread Pool Factory :: Vert.x ............. FAILURE [  0.001 s]
[INFO] Camel :: Thrift .................................... FAILURE [  0.000 s]
[INFO] Camel :: Tika ...................................... FAILURE [  0.001 s]
[INFO] Camel :: Twilio .................................... FAILURE [  0.001 s]
[INFO] Camel :: Twitter ................................... FAILURE [  0.001 s]
[INFO] Camel :: Undertow Spring Security .................. FAILURE [  0.000 s]
[INFO] Camel :: UniVocity Parsers ......................... FAILURE [  0.001 s]
[INFO] Camel :: Vert.x :: HTTP ............................ FAILURE [  0.001 s]
[INFO] Camel :: Vert.x :: Kafka :: Parent ................. FAILURE [  0.001 s]
[INFO] Camel :: Vert.x :: Kafka :: Maven plugin ........... FAILURE [  0.001 s]
[INFO] Camel :: Vert.x :: Kafka ........................... FAILURE [  0.002 s]
[INFO] Camel :: Vert.x :: WebSocket ....................... FAILURE [  0.000 s]
[INFO] Camel :: Vertx ..................................... FAILURE [  0.001 s]
[INFO] Camel :: Weather ................................... FAILURE [  0.000 s]
[INFO] Camel :: Web3j ..................................... FAILURE [  0.001 s]
[INFO] Camel :: WebSocket JSR356 .......................... FAILURE [  0.000 s]
[INFO] Camel :: WebSocket ................................. FAILURE [  0.001 s]
[INFO] Camel :: Weka ...................................... FAILURE [  0.000 s]
[INFO] Camel :: Wordpress ................................. FAILURE [  0.001 s]
[INFO] Camel :: Workday ................................... FAILURE [  0.000 s]
[INFO] Camel :: XChange ................................... FAILURE [  0.000 s]
[INFO] Camel :: XJ ........................................ FAILURE [  0.001 s]
[INFO] Camel :: XML Security .............................. FAILURE [  0.000 s]
[INFO] Camel :: Test Infra :: Xmpp ........................ SUCCESS [  0.943 s]
[INFO] Camel :: XMPP ...................................... FAILURE [  0.000 s]
[INFO] Camel :: XStream ................................... FAILURE [  0.001 s]
[INFO] Camel :: Yammer .................................... FAILURE [  0.000 s]
[INFO] Camel :: Zendesk ................................... FAILURE [  0.001 s]
[INFO] Camel :: Zip File .................................. FAILURE [  0.001 s]
[INFO] Camel :: Zipkin .................................... FAILURE [  0.001 s]
[INFO] Camel :: Test Infra :: ZooKeeper ................... SUCCESS [  0.937 s]
[INFO] Camel :: Zookeeper Master .......................... FAILURE [  0.000 s]
[INFO] Camel :: Zookeeper ................................. FAILURE [  0.001 s]
[INFO] Camel :: Component DSL ............................. FAILURE [  0.000 s]
[INFO] Camel :: Test Infra :: Azure Storage Queue ......... SUCCESS [  0.953 s]
[INFO] Camel :: Test Infra :: Messaging Common ............ SUCCESS [  0.921 s]
[INFO] Camel :: Test Infra :: Artemis ..................... SUCCESS [  0.849 s]
[INFO] Camel :: Test Infra :: Dispatch Router ............. SUCCESS [  0.842 s]
[INFO] Camel :: Salesforce :: Maven plugin ................ FAILURE [  0.002 s]
[INFO] Camel :: ServiceNow :: Maven plugin ................ FAILURE [  0.001 s]
[INFO] Camel :: Archetypes ................................ FAILURE [  0.001 s]
[INFO] Camel :: Archetypes :: API Component ............... FAILURE [  0.001 s]
[INFO] Camel :: Archetypes :: CDI Based Router ............ FAILURE [  0.002 s]
[INFO] Camel :: Archetypes :: Component ................... FAILURE [  0.001 s]
[INFO] Camel :: Archetypes :: Data Format ................. FAILURE [  0.001 s]
[INFO] Camel :: Archetypes :: Java Router ................. FAILURE [  0.001 s]
[INFO] Camel :: Archetypes :: Main ........................ FAILURE [  0.001 s]
[INFO] Camel :: Archetypes :: Spring XML Based Router ..... FAILURE [  0.002 s]
[INFO] Camel :: Archetypes :: Endpoint DSL Router ......... FAILURE [  0.001 s]
[INFO] Camel :: Catalog ................................... FAILURE [  0.001 s]
[INFO] Camel :: Catalog :: Dummy Component ................ FAILURE [  0.001 s]
[INFO] Camel :: Catalog :: Camel Catalog .................. FAILURE [  0.001 s]
[INFO] Camel :: Catalog :: Lucene ......................... FAILURE [  0.001 s]
[INFO] Camel :: Catalog :: Maven .......................... FAILURE [  0.001 s]
[INFO] Camel :: Catalog :: Camel Route Parser ............. FAILURE [  0.001 s]
[INFO] Camel :: Catalog :: Camel Compiled Simple Maven Plugin FAILURE [  0.001 s]
[INFO] Camel :: Catalog :: Camel Report Maven Plugin ...... FAILURE [  0.002 s]
[INFO] Camel :: Integration Tests :: Test Bundles ......... FAILURE [  0.002 s]
[INFO] Camel :: Integration Tests :: Test Bundles: mock-javamail-1.7 FAILURE [  0.001 s]
[INFO] Camel :: Integration Tests :: Camel Validator Test Resources FAILURE [  0.001 s]
[INFO] Camel :: Integration Tests ......................... FAILURE [  0.001 s]
[INFO] Camel :: Integration Tests :: Standalone ........... FAILURE [  0.002 s]
[INFO] Camel :: Integration Tests :: CDI .................. FAILURE [  0.001 s]
[INFO] Camel :: Integration Tests :: JMS 2.0 API .......... FAILURE [  0.001 s]
[INFO] Camel :: Integration Tests :: JMH .................. FAILURE [  0.002 s]
[INFO] Camel :: Integration Tests :: Partial Classpath .... FAILURE [  0.001 s]
[INFO] Camel :: Integration Tests :: TypeConverter Scan ... FAILURE [  0.002 s]
[INFO] Camel :: Docs ...................................... FAILURE [  0.004 s]
[INFO] Camel :: Assembly .................................. FAILURE [  0.143 s]
[INFO] ------------------------------------------------------------------------
[INFO] BUILD FAILURE
[INFO] ------------------------------------------------------------------------
[INFO] Total time:  44.609 s
[INFO] Finished at: 2026-06-06T16:27:32Z
[INFO] ------------------------------------------------------------------------
[ERROR] Invalid plugin descriptor for org.apache.camel:camel-format-plugin:3.8.0-SNAPSHOT (/home/runner/work/sonar-analysis/sonar-analysis/project/init/camel-format-plugin/target/camel-format-plugin-3.8.0-SNAPSHOT.jar), Plugin's descriptor contains the wrong group ID: net.revelc.code.formatter, Plugin's descriptor contains the wrong artifact ID: formatter-maven-plugin, Plugin's descriptor contains the wrong version: 2.12.1 -> [Help 1]
[ERROR] Invalid plugin descriptor for org.apache.camel:camel-format-plugin:3.8.0-SNAPSHOT (/home/runner/work/sonar-analysis/sonar-analysis/project/init/camel-format-plugin/target/camel-format-plugin-3.8.0-SNAPSHOT.jar), Plugin's descriptor contains the wrong group ID: net.revelc.code.formatter, Plugin's descriptor contains the wrong artifact ID: formatter-maven-plugin, Plugin's descriptor contains the wrong version: 2.12.1 -> [Help 1]
[ERROR] Invalid plugin descriptor for org.apache.camel:camel-format-plugin:3.8.0-SNAPSHOT (/home/runner/work/sonar-analysis/sonar-analysis/project/init/camel-format-plugin/target/camel-format-plugin-3.8.0-SNAPSHOT.jar), Plugin's descriptor contains the wrong group ID: net.revelc.code.formatter, Plugin's descriptor contains the wrong artifact ID: formatter-maven-plugin, Plugin's descriptor contains the wrong version: 2.12.1 -> [Help 1]
[ERROR] Invalid plugin descriptor for org.apache.camel:camel-format-plugin:3.8.0-SNAPSHOT (/home/runner/work/sonar-analysis/sonar-analysis/project/init/camel-format-plugin/target/camel-format-plugin-3.8.0-SNAPSHOT.jar), Plugin's descriptor contains the wrong group ID: net.revelc.code.formatter, Plugin's descriptor contains the wrong artifact ID: formatter-maven-plugin, Plugin's descriptor contains the wrong version: 2.12.1 -> [Help 1]
[ERROR] Invalid plugin descriptor for org.apache.camel:camel-format-plugin:3.8.0-SNAPSHOT (/home/runner/work/sonar-analysis/sonar-analysis/project/init/camel-format-plugin/target/camel-format-plugin-3.8.0-SNAPSHOT.jar), Plugin's descriptor contains the wrong group ID: net.revelc.code.formatter, Plugin's descriptor contains the wrong artifact ID: formatter-maven-plugin, Plugin's descriptor contains the wrong version: 2.12.1 -> [Help 1]
[ERROR] Plugin org.apache.camel:bom-generator-maven-plugin:3.8.0-SNAPSHOT or one of its dependencies could not be resolved:
[ERROR] 	org.apache.camel:bom-generator-maven-plugin:jar:3.8.0-SNAPSHOT was not found in https://repository.apache.org/snapshots/ during a previous attempt. This failure was cached in the local repository and resolution is not reattempted until the update interval of apache.snapshots has elapsed or updates are forced
[ERROR] -> [Help 2]
[ERROR] Invalid plugin descriptor for org.apache.camel:camel-format-plugin:3.8.0-SNAPSHOT (/home/runner/work/sonar-analysis/sonar-analysis/project/init/camel-format-plugin/target/camel-format-plugin-3.8.0-SNAPSHOT.jar), Plugin's descriptor contains the wrong group ID: net.revelc.code.formatter, Plugin's descriptor contains the wrong artifact ID: formatter-maven-plugin, Plugin's descriptor contains the wrong version: 2.12.1 -> [Help 1]
[ERROR] Invalid plugin descriptor for org.apache.camel:camel-format-plugin:3.8.0-SNAPSHOT (/home/runner/work/sonar-analysis/sonar-analysis/project/init/camel-format-plugin/target/camel-format-plugin-3.8.0-SNAPSHOT.jar), Plugin's descriptor contains the wrong group ID: net.revelc.code.formatter, Plugin's descriptor contains the wrong artifact ID: formatter-maven-plugin, Plugin's descriptor contains the wrong version: 2.12.1 -> [Help 1]
[ERROR] Invalid plugin descriptor for org.apache.camel:camel-format-plugin:3.8.0-SNAPSHOT (/home/runner/work/sonar-analysis/sonar-analysis/project/init/camel-format-plugin/target/camel-format-plugin-3.8.0-SNAPSHOT.jar), Plugin's descriptor contains the wrong group ID: net.revelc.code.formatter, Plugin's descriptor contains the wrong artifact ID: formatter-maven-plugin, Plugin's descriptor contains the wrong version: 2.12.1 -> [Help 1]
[ERROR] Invalid plugin descriptor for org.apache.camel:camel-format-plugin:3.8.0-SNAPSHOT (/home/runner/work/sonar-analysis/sonar-analysis/project/init/camel-format-plugin/target/camel-format-plugin-3.8.0-SNAPSHOT.jar), Plugin's descriptor contains the wrong group ID: net.revelc.code.formatter, Plugin's descriptor contains the wrong artifact ID: formatter-maven-plugin, Plugin's descriptor contains the wrong version: 2.12.1 -> [Help 1]
[ERROR] Failed to parse plugin descriptor for org.apache.camel:camel-bundle-plugin:3.8.0-SNAPSHOT (/home/runner/work/sonar-analysis/sonar-analysis/project/init/camel-bundle-plugin/target/camel-bundle-plugin-3.8.0-SNAPSHOT.jar): No plugin descriptor found at META-INF/maven/plugin.xml -> [Help 3]
[ERROR] Failed to parse plugin descriptor for org.apache.camel:camel-bundle-plugin:3.8.0-SNAPSHOT (/home/runner/work/sonar-analysis/sonar-analysis/project/init/camel-bundle-plugin/target/camel-bundle-plugin-3.8.0-SNAPSHOT.jar): No plugin descriptor found at META-INF/maven/plugin.xml -> [Help 3]
[ERROR] Failed to parse plugin descriptor for org.apache.camel:camel-bundle-plugin:3.8.0-SNAPSHOT (/home/runner/work/sonar-analysis/sonar-analysis/project/init/camel-bundle-plugin/target/camel-bundle-plugin-3.8.0-SNAPSHOT.jar): No plugin descriptor found at META-INF/maven/plugin.xml -> [Help 3]
[ERROR] Failed to parse plugin descriptor for org.apache.camel:camel-bundle-plugin:3.8.0-SNAPSHOT (/home/runner/work/sonar-analysis/sonar-analysis/project/init/camel-bundle-plugin/target/camel-bundle-plugin-3.8.0-SNAPSHOT.jar): No plugin descriptor found at META-INF/maven/plugin.xml -> [Help 3]
[ERROR] Failed to parse plugin descriptor for org.apache.camel:camel-bundle-plugin:3.8.0-SNAPSHOT (/home/runner/work/sonar-analysis/sonar-analysis/project/init/camel-bundle-plugin/target/camel-bundle-plugin-3.8.0-SNAPSHOT.jar): No plugin descriptor found at META-INF/maven/plugin.xml -> [Help 3]
[ERROR] Failed to parse plugin descriptor for org.apache.camel:camel-bundle-plugin:3.8.0-SNAPSHOT (/home/runner/work/sonar-analysis/sonar-analysis/project/init/camel-bundle-plugin/target/camel-bundle-plugin-3.8.0-SNAPSHOT.jar): No plugin descriptor found at META-INF/maven/plugin.xml -> [Help 3]
[ERROR] Failed to parse plugin descriptor for org.apache.camel:camel-bundle-plugin:3.8.0-SNAPSHOT (/home/runner/work/sonar-analysis/sonar-analysis/project/init/camel-bundle-plugin/target/camel-bundle-plugin-3.8.0-SNAPSHOT.jar): No plugin descriptor found at META-INF/maven/plugin.xml -> [Help 3]
[ERROR] Failed to parse plugin descriptor for org.apache.camel:camel-bundle-plugin:3.8.0-SNAPSHOT (/home/runner/work/sonar-analysis/sonar-analysis/project/init/camel-bundle-plugin/target/camel-bundle-plugin-3.8.0-SNAPSHOT.jar): No plugin descriptor found at META-INF/maven/plugin.xml -> [Help 3]
[ERROR] Failed to parse plugin descriptor for org.apache.camel:camel-bundle-plugin:3.8.0-SNAPSHOT (/home/runner/work/sonar-analysis/sonar-analysis/project/init/camel-bundle-plugin/target/camel-bundle-plugin-3.8.0-SNAPSHOT.jar): No plugin descriptor found at META-INF/maven/plugin.xml -> [Help 3]
[ERROR] Failed to parse plugin descriptor for org.apache.camel:camel-bundle-plugin:3.8.0-SNAPSHOT (/home/runner/work/sonar-analysis/sonar-analysis/project/init/camel-bundle-plugin/target/camel-bundle-plugin-3.8.0-SNAPSHOT.jar): No plugin descriptor found at META-INF/maven/plugin.xml -> [Help 3]
[ERROR] Failed to parse plugin descriptor for org.apache.camel:camel-bundle-plugin:3.8.0-SNAPSHOT (/home/runner/work/sonar-analysis/sonar-analysis/project/init/camel-bundle-plugin/target/camel-bundle-plugin-3.8.0-SNAPSHOT.jar): No plugin descriptor found at META-INF/maven/plugin.xml -> [Help 3]
[ERROR] Failed to parse plugin descriptor for org.apache.camel:camel-bundle-plugin:3.8.0-SNAPSHOT (/home/runner/work/sonar-analysis/sonar-analysis/project/init/camel-bundle-plugin/target/camel-bundle-plugin-3.8.0-SNAPSHOT.jar): No plugin descriptor found at META-INF/maven/plugin.xml -> [Help 3]
[ERROR] Failed to parse plugin descriptor for org.apache.camel:camel-bundle-plugin:3.8.0-SNAPSHOT (/home/runner/work/sonar-analysis/sonar-analysis/project/init/camel-bundle-plugin/target/camel-bundle-plugin-3.8.0-SNAPSHOT.jar): No plugin descriptor found at META-INF/maven/plugin.xml -> [Help 3]
[ERROR] Failed to parse plugin descriptor for org.apache.camel:camel-bundle-plugin:3.8.0-SNAPSHOT (/home/runner/work/sonar-analysis/sonar-analysis/project/init/camel-bundle-plugin/target/camel-bundle-plugin-3.8.0-SNAPSHOT.jar): No plugin descriptor found at META-INF/maven/plugin.xml -> [Help 3]
[ERROR] Failed to parse plugin descriptor for org.apache.camel:camel-bundle-plugin:3.8.0-SNAPSHOT (/home/runner/work/sonar-analysis/sonar-analysis/project/init/camel-bundle-plugin/target/camel-bundle-plugin-3.8.0-SNAPSHOT.jar): No plugin descriptor found at META-INF/maven/plugin.xml -> [Help 3]
[ERROR] Failed to parse plugin descriptor for org.apache.camel:camel-bundle-plugin:3.8.0-SNAPSHOT (/home/runner/work/sonar-analysis/sonar-analysis/project/init/camel-bundle-plugin/target/camel-bundle-plugin-3.8.0-SNAPSHOT.jar): No plugin descriptor found at META-INF/maven/plugin.xml -> [Help 3]
[ERROR] Failed to parse plugin descriptor for org.apache.camel:camel-bundle-plugin:3.8.0-SNAPSHOT (/home/runner/work/sonar-analysis/sonar-analysis/project/init/camel-bundle-plugin/target/camel-bundle-plugin-3.8.0-SNAPSHOT.jar): No plugin descriptor found at META-INF/maven/plugin.xml -> [Help 3]
[ERROR] Failed to parse plugin descriptor for org.apache.camel:camel-bundle-plugin:3.8.0-SNAPSHOT (/home/runner/work/sonar-analysis/sonar-analysis/project/init/camel-bundle-plugin/target/camel-bundle-plugin-3.8.0-SNAPSHOT.jar): No plugin descriptor found at META-INF/maven/plugin.xml -> [Help 3]
[ERROR] Failed to parse plugin descriptor for org.apache.camel:camel-bundle-plugin:3.8.0-SNAPSHOT (/home/runner/work/sonar-analysis/sonar-analysis/project/init/camel-bundle-plugin/target/camel-bundle-plugin-3.8.0-SNAPSHOT.jar): No plugin descriptor found at META-INF/maven/plugin.xml -> [Help 3]
[ERROR] Failed to parse plugin descriptor for org.apache.camel:camel-bundle-plugin:3.8.0-SNAPSHOT (/home/runner/work/sonar-analysis/sonar-analysis/project/init/camel-bundle-plugin/target/camel-bundle-plugin-3.8.0-SNAPSHOT.jar): No plugin descriptor found at META-INF/maven/plugin.xml -> [Help 3]
[ERROR] Failed to parse plugin descriptor for org.apache.camel:camel-bundle-plugin:3.8.0-SNAPSHOT (/home/runner/work/sonar-analysis/sonar-analysis/project/init/camel-bundle-plugin/target/camel-bundle-plugin-3.8.0-SNAPSHOT.jar): No plugin descriptor found at META-INF/maven/plugin.xml -> [Help 3]
[ERROR] Failed to parse plugin descriptor for org.apache.camel:camel-bundle-plugin:3.8.0-SNAPSHOT (/home/runner/work/sonar-analysis/sonar-analysis/project/init/camel-bundle-plugin/target/camel-bundle-plugin-3.8.0-SNAPSHOT.jar): No plugin descriptor found at META-INF/maven/plugin.xml -> [Help 3]
[ERROR] Failed to parse plugin descriptor for org.apache.camel:camel-bundle-plugin:3.8.0-SNAPSHOT (/home/runner/work/sonar-analysis/sonar-analysis/project/init/camel-bundle-plugin/target/camel-bundle-plugin-3.8.0-SNAPSHOT.jar): No plugin descriptor found at META-INF/maven/plugin.xml -> [Help 3]
[ERROR] Failed to parse plugin descriptor for org.apache.camel:camel-bundle-plugin:3.8.0-SNAPSHOT (/home/runner/work/sonar-analysis/sonar-analysis/project/init/camel-bundle-plugin/target/camel-bundle-plugin-3.8.0-SNAPSHOT.jar): No plugin descriptor found at META-INF/maven/plugin.xml -> [Help 3]
[ERROR] Failed to parse plugin descriptor for org.apache.camel:camel-bundle-plugin:3.8.0-SNAPSHOT (/home/runner/work/sonar-analysis/sonar-analysis/project/init/camel-bundle-plugin/target/camel-bundle-plugin-3.8.0-SNAPSHOT.jar): No plugin descriptor found at META-INF/maven/plugin.xml -> [Help 3]
[ERROR] Failed to parse plugin descriptor for org.apache.camel:camel-bundle-plugin:3.8.0-SNAPSHOT (/home/runner/work/sonar-analysis/sonar-analysis/project/init/camel-bundle-plugin/target/camel-bundle-plugin-3.8.0-SNAPSHOT.jar): No plugin descriptor found at META-INF/maven/plugin.xml -> [Help 3]
[ERROR] Failed to parse plugin descriptor for org.apache.camel:camel-bundle-plugin:3.8.0-SNAPSHOT (/home/runner/work/sonar-analysis/sonar-analysis/project/init/camel-bundle-plugin/target/camel-bundle-plugin-3.8.0-SNAPSHOT.jar): No plugin descriptor found at META-INF/maven/plugin.xml -> [Help 3]
[ERROR] Failed to parse plugin descriptor for org.apache.camel:camel-bundle-plugin:3.8.0-SNAPSHOT (/home/runner/work/sonar-analysis/sonar-analysis/project/init/camel-bundle-plugin/target/camel-bundle-plugin-3.8.0-SNAPSHOT.jar): No plugin descriptor found at META-INF/maven/plugin.xml -> [Help 3]
[ERROR] Failed to parse plugin descriptor for org.apache.camel:camel-bundle-plugin:3.8.0-SNAPSHOT (/home/runner/work/sonar-analysis/sonar-analysis/project/init/camel-bundle-plugin/target/camel-bundle-plugin-3.8.0-SNAPSHOT.jar): No plugin descriptor found at META-INF/maven/plugin.xml -> [Help 3]
[ERROR] Failed to parse plugin descriptor for org.apache.camel:camel-bundle-plugin:3.8.0-SNAPSHOT (/home/runner/work/sonar-analysis/sonar-analysis/project/init/camel-bundle-plugin/target/camel-bundle-plugin-3.8.0-SNAPSHOT.jar): No plugin descriptor found at META-INF/maven/plugin.xml -> [Help 3]
[ERROR] Failed to parse plugin descriptor for org.apache.camel:camel-bundle-plugin:3.8.0-SNAPSHOT (/home/runner/work/sonar-analysis/sonar-analysis/project/init/camel-bundle-plugin/target/camel-bundle-plugin-3.8.0-SNAPSHOT.jar): No plugin descriptor found at META-INF/maven/plugin.xml -> [Help 3]
[ERROR] Failed to parse plugin descriptor for org.apache.camel:camel-bundle-plugin:3.8.0-SNAPSHOT (/home/runner/work/sonar-analysis/sonar-analysis/project/init/camel-bundle-plugin/target/camel-bundle-plugin-3.8.0-SNAPSHOT.jar): No plugin descriptor found at META-INF/maven/plugin.xml -> [Help 3]
[ERROR] Failed to parse plugin descriptor for org.apache.camel:camel-bundle-plugin:3.8.0-SNAPSHOT (/home/runner/work/sonar-analysis/sonar-analysis/project/init/camel-bundle-plugin/target/camel-bundle-plugin-3.8.0-SNAPSHOT.jar): No plugin descriptor found at META-INF/maven/plugin.xml -> [Help 3]
[ERROR] Failed to parse plugin descriptor for org.apache.camel:camel-bundle-plugin:3.8.0-SNAPSHOT (/home/runner/work/sonar-analysis/sonar-analysis/project/init/camel-bundle-plugin/target/camel-bundle-plugin-3.8.0-SNAPSHOT.jar): No plugin descriptor found at META-INF/maven/plugin.xml -> [Help 3]
[ERROR] Failed to parse plugin descriptor for org.apache.camel:camel-bundle-plugin:3.8.0-SNAPSHOT (/home/runner/work/sonar-analysis/sonar-analysis/project/init/camel-bundle-plugin/target/camel-bundle-plugin-3.8.0-SNAPSHOT.jar): No plugin descriptor found at META-INF/maven/plugin.xml -> [Help 3]
[ERROR] Failed to parse plugin descriptor for org.apache.camel:camel-bundle-plugin:3.8.0-SNAPSHOT (/home/runner/work/sonar-analysis/sonar-analysis/project/init/camel-bundle-plugin/target/camel-bundle-plugin-3.8.0-SNAPSHOT.jar): No plugin descriptor found at META-INF/maven/plugin.xml -> [Help 3]
[ERROR] Failed to parse plugin descriptor for org.apache.camel:camel-bundle-plugin:3.8.0-SNAPSHOT (/home/runner/work/sonar-analysis/sonar-analysis/project/init/camel-bundle-plugin/target/camel-bundle-plugin-3.8.0-SNAPSHOT.jar): No plugin descriptor found at META-INF/maven/plugin.xml -> [Help 3]
[ERROR] Failed to parse plugin descriptor for org.apache.camel:camel-bundle-plugin:3.8.0-SNAPSHOT (/home/runner/work/sonar-analysis/sonar-analysis/project/init/camel-bundle-plugin/target/camel-bundle-plugin-3.8.0-SNAPSHOT.jar): No plugin descriptor found at META-INF/maven/plugin.xml -> [Help 3]
[ERROR] Failed to parse plugin descriptor for org.apache.camel:camel-bundle-plugin:3.8.0-SNAPSHOT (/home/runner/work/sonar-analysis/sonar-analysis/project/init/camel-bundle-plugin/target/camel-bundle-plugin-3.8.0-SNAPSHOT.jar): No plugin descriptor found at META-INF/maven/plugin.xml -> [Help 3]
[ERROR] Failed to parse plugin descriptor for org.apache.camel:camel-bundle-plugin:3.8.0-SNAPSHOT (/home/runner/work/sonar-analysis/sonar-analysis/project/init/camel-bundle-plugin/target/camel-bundle-plugin-3.8.0-SNAPSHOT.jar): No plugin descriptor found at META-INF/maven/plugin.xml -> [Help 3]
[ERROR] Failed to parse plugin descriptor for org.apache.camel:camel-bundle-plugin:3.8.0-SNAPSHOT (/home/runner/work/sonar-analysis/sonar-analysis/project/init/camel-bundle-plugin/target/camel-bundle-plugin-3.8.0-SNAPSHOT.jar): No plugin descriptor found at META-INF/maven/plugin.xml -> [Help 3]
[ERROR] Failed to parse plugin descriptor for org.apache.camel:camel-bundle-plugin:3.8.0-SNAPSHOT (/home/runner/work/sonar-analysis/sonar-analysis/project/init/camel-bundle-plugin/target/camel-bundle-plugin-3.8.0-SNAPSHOT.jar): No plugin descriptor found at META-INF/maven/plugin.xml -> [Help 3]
[ERROR] Invalid plugin descriptor for org.apache.camel:camel-format-plugin:3.8.0-SNAPSHOT (/home/runner/work/sonar-analysis/sonar-analysis/project/init/camel-format-plugin/target/camel-format-plugin-3.8.0-SNAPSHOT.jar), Plugin's descriptor contains the wrong group ID: net.revelc.code.formatter, Plugin's descriptor contains the wrong artifact ID: formatter-maven-plugin, Plugin's descriptor contains the wrong version: 2.12.1 -> [Help 1]
[ERROR] Invalid plugin descriptor for org.apache.camel:camel-format-plugin:3.8.0-SNAPSHOT (/home/runner/work/sonar-analysis/sonar-analysis/project/init/camel-format-plugin/target/camel-format-plugin-3.8.0-SNAPSHOT.jar), Plugin's descriptor contains the wrong group ID: net.revelc.code.formatter, Plugin's descriptor contains the wrong artifact ID: formatter-maven-plugin, Plugin's descriptor contains the wrong version: 2.12.1 -> [Help 1]
[ERROR] Failed to parse plugin descriptor for org.apache.camel:camel-bundle-plugin:3.8.0-SNAPSHOT (/home/runner/work/sonar-analysis/sonar-analysis/project/init/camel-bundle-plugin/target/camel-bundle-plugin-3.8.0-SNAPSHOT.jar): No plugin descriptor found at META-INF/maven/plugin.xml -> [Help 3]
[ERROR] Failed to parse plugin descriptor for org.apache.camel:camel-bundle-plugin:3.8.0-SNAPSHOT (/home/runner/work/sonar-analysis/sonar-analysis/project/init/camel-bundle-plugin/target/camel-bundle-plugin-3.8.0-SNAPSHOT.jar): No plugin descriptor found at META-INF/maven/plugin.xml -> [Help 3]
[ERROR] Failed to parse plugin descriptor for org.apache.camel:camel-bundle-plugin:3.8.0-SNAPSHOT (/home/runner/work/sonar-analysis/sonar-analysis/project/init/camel-bundle-plugin/target/camel-bundle-plugin-3.8.0-SNAPSHOT.jar): No plugin descriptor found at META-INF/maven/plugin.xml -> [Help 3]
[ERROR] Failed to parse plugin descriptor for org.apache.camel:camel-bundle-plugin:3.8.0-SNAPSHOT (/home/runner/work/sonar-analysis/sonar-analysis/project/init/camel-bundle-plugin/target/camel-bundle-plugin-3.8.0-SNAPSHOT.jar): No plugin descriptor found at META-INF/maven/plugin.xml -> [Help 3]
[ERROR] Failed to parse plugin descriptor for org.apache.camel:camel-bundle-plugin:3.8.0-SNAPSHOT (/home/runner/work/sonar-analysis/sonar-analysis/project/init/camel-bundle-plugin/target/camel-bundle-plugin-3.8.0-SNAPSHOT.jar): No plugin descriptor found at META-INF/maven/plugin.xml -> [Help 3]
[ERROR] Failed to parse plugin descriptor for org.apache.camel:camel-bundle-plugin:3.8.0-SNAPSHOT (/home/runner/work/sonar-analysis/sonar-analysis/project/init/camel-bundle-plugin/target/camel-bundle-plugin-3.8.0-SNAPSHOT.jar): No plugin descriptor found at META-INF/maven/plugin.xml -> [Help 3]
[ERROR] Invalid plugin descriptor for org.apache.camel:camel-format-plugin:3.8.0-SNAPSHOT (/home/runner/work/sonar-analysis/sonar-analysis/project/init/camel-format-plugin/target/camel-format-plugin-3.8.0-SNAPSHOT.jar), Plugin's descriptor contains the wrong group ID: net.revelc.code.formatter, Plugin's descriptor contains the wrong artifact ID: formatter-maven-plugin, Plugin's descriptor contains the wrong version: 2.12.1 -> [Help 1]
[ERROR] Failed to parse plugin descriptor for org.apache.camel:camel-bundle-plugin:3.8.0-SNAPSHOT (/home/runner/work/sonar-analysis/sonar-analysis/project/init/camel-bundle-plugin/target/camel-bundle-plugin-3.8.0-SNAPSHOT.jar): No plugin descriptor found at META-INF/maven/plugin.xml -> [Help 3]
[ERROR] Failed to parse plugin descriptor for org.apache.camel:camel-bundle-plugin:3.8.0-SNAPSHOT (/home/runner/work/sonar-analysis/sonar-analysis/project/init/camel-bundle-plugin/target/camel-bundle-plugin-3.8.0-SNAPSHOT.jar): No plugin descriptor found at META-INF/maven/plugin.xml -> [Help 3]
[ERROR] Failed to parse plugin descriptor for org.apache.camel:camel-bundle-plugin:3.8.0-SNAPSHOT (/home/runner/work/sonar-analysis/sonar-analysis/project/init/camel-bundle-plugin/target/camel-bundle-plugin-3.8.0-SNAPSHOT.jar): No plugin descriptor found at META-INF/maven/plugin.xml -> [Help 3]
[ERROR] Failed to parse plugin descriptor for org.apache.camel:camel-bundle-plugin:3.8.0-SNAPSHOT (/home/runner/work/sonar-analysis/sonar-analysis/project/init/camel-bundle-plugin/target/camel-bundle-plugin-3.8.0-SNAPSHOT.jar): No plugin descriptor found at META-INF/maven/plugin.xml -> [Help 3]
[ERROR] Failed to parse plugin descriptor for org.apache.camel:camel-bundle-plugin:3.8.0-SNAPSHOT (/home/runner/work/sonar-analysis/sonar-analysis/project/init/camel-bundle-plugin/target/camel-bundle-plugin-3.8.0-SNAPSHOT.jar): No plugin descriptor found at META-INF/maven/plugin.xml -> [Help 3]
[ERROR] Failed to parse plugin descriptor for org.apache.camel:camel-bundle-plugin:3.8.0-SNAPSHOT (/home/runner/work/sonar-analysis/sonar-analysis/project/init/camel-bundle-plugin/target/camel-bundle-plugin-3.8.0-SNAPSHOT.jar): No plugin descriptor found at META-INF/maven/plugin.xml -> [Help 3]
[ERROR] Invalid plugin descriptor for org.apache.camel:camel-format-plugin:3.8.0-SNAPSHOT (/home/runner/work/sonar-analysis/sonar-analysis/project/init/camel-format-plugin/target/camel-format-plugin-3.8.0-SNAPSHOT.jar), Plugin's descriptor contains the wrong group ID: net.revelc.code.formatter, Plugin's descriptor contains the wrong artifact ID: formatter-maven-plugin, Plugin's descriptor contains the wrong version: 2.12.1 -> [Help 1]
[ERROR] Invalid plugin descriptor for org.apache.camel:camel-format-plugin:3.8.0-SNAPSHOT (/home/runner/work/sonar-analysis/sonar-analysis/project/init/camel-format-plugin/target/camel-format-plugin-3.8.0-SNAPSHOT.jar), Plugin's descriptor contains the wrong group ID: net.revelc.code.formatter, Plugin's descriptor contains the wrong artifact ID: formatter-maven-plugin, Plugin's descriptor contains the wrong version: 2.12.1 -> [Help 1]
[ERROR] Failed to parse plugin descriptor for org.apache.camel:camel-bundle-plugin:3.8.0-SNAPSHOT (/home/runner/work/sonar-analysis/sonar-analysis/project/init/camel-bundle-plugin/target/camel-bundle-plugin-3.8.0-SNAPSHOT.jar): No plugin descriptor found at META-INF/maven/plugin.xml -> [Help 3]
[ERROR] Failed to parse plugin descriptor for org.apache.camel:camel-bundle-plugin:3.8.0-SNAPSHOT (/home/runner/work/sonar-analysis/sonar-analysis/project/init/camel-bundle-plugin/target/camel-bundle-plugin-3.8.0-SNAPSHOT.jar): No plugin descriptor found at META-INF/maven/plugin.xml -> [Help 3]
[ERROR] Failed to parse plugin descriptor for org.apache.camel:camel-bundle-plugin:3.8.0-SNAPSHOT (/home/runner/work/sonar-analysis/sonar-analysis/project/init/camel-bundle-plugin/target/camel-bundle-plugin-3.8.0-SNAPSHOT.jar): No plugin descriptor found at META-INF/maven/plugin.xml -> [Help 3]
[ERROR] Failed to parse plugin descriptor for org.apache.camel:camel-bundle-plugin:3.8.0-SNAPSHOT (/home/runner/work/sonar-analysis/sonar-analysis/project/init/camel-bundle-plugin/target/camel-bundle-plugin-3.8.0-SNAPSHOT.jar): No plugin descriptor found at META-INF/maven/plugin.xml -> [Help 3]
[ERROR] Failed to parse plugin descriptor for org.apache.camel:camel-bundle-plugin:3.8.0-SNAPSHOT (/home/runner/work/sonar-analysis/sonar-analysis/project/init/camel-bundle-plugin/target/camel-bundle-plugin-3.8.0-SNAPSHOT.jar): No plugin descriptor found at META-INF/maven/plugin.xml -> [Help 3]
[ERROR] Failed to parse plugin descriptor for org.apache.camel:camel-bundle-plugin:3.8.0-SNAPSHOT (/home/runner/work/sonar-analysis/sonar-analysis/project/init/camel-bundle-plugin/target/camel-bundle-plugin-3.8.0-SNAPSHOT.jar): No plugin descriptor found at META-INF/maven/plugin.xml -> [Help 3]
[ERROR] Failed to parse plugin descriptor for org.apache.camel:camel-bundle-plugin:3.8.0-SNAPSHOT (/home/runner/work/sonar-analysis/sonar-analysis/project/init/camel-bundle-plugin/target/camel-bundle-plugin-3.8.0-SNAPSHOT.jar): No plugin descriptor found at META-INF/maven/plugin.xml -> [Help 3]
[ERROR] Failed to parse plugin descriptor for org.apache.camel:camel-bundle-plugin:3.8.0-SNAPSHOT (/home/runner/work/sonar-analysis/sonar-analysis/project/init/camel-bundle-plugin/target/camel-bundle-plugin-3.8.0-SNAPSHOT.jar): No plugin descriptor found at META-INF/maven/plugin.xml -> [Help 3]
[ERROR] Failed to parse plugin descriptor for org.apache.camel:camel-bundle-plugin:3.8.0-SNAPSHOT (/home/runner/work/sonar-analysis/sonar-analysis/project/init/camel-bundle-plugin/target/camel-bundle-plugin-3.8.0-SNAPSHOT.jar): No plugin descriptor found at META-INF/maven/plugin.xml -> [Help 3]
[ERROR] Failed to parse plugin descriptor for org.apache.camel:camel-bundle-plugin:3.8.0-SNAPSHOT (/home/runner/work/sonar-analysis/sonar-analysis/project/init/camel-bundle-plugin/target/camel-bundle-plugin-3.8.0-SNAPSHOT.jar): No plugin descriptor found at META-INF/maven/plugin.xml -> [Help 3]
[ERROR] Failed to parse plugin descriptor for org.apache.camel:camel-bundle-plugin:3.8.0-SNAPSHOT (/home/runner/work/sonar-analysis/sonar-analysis/project/init/camel-bundle-plugin/target/camel-bundle-plugin-3.8.0-SNAPSHOT.jar): No plugin descriptor found at META-INF/maven/plugin.xml -> [Help 3]
[ERROR] Invalid plugin descriptor for org.apache.camel:camel-format-plugin:3.8.0-SNAPSHOT (/home/runner/work/sonar-analysis/sonar-analysis/project/init/camel-format-plugin/target/camel-format-plugin-3.8.0-SNAPSHOT.jar), Plugin's descriptor contains the wrong group ID: net.revelc.code.formatter, Plugin's descriptor contains the wrong artifact ID: formatter-maven-plugin, Plugin's descriptor contains the wrong version: 2.12.1 -> [Help 1]
[ERROR] Invalid plugin descriptor for org.apache.camel:camel-format-plugin:3.8.0-SNAPSHOT (/home/runner/work/sonar-analysis/sonar-analysis/project/init/camel-format-plugin/target/camel-format-plugin-3.8.0-SNAPSHOT.jar), Plugin's descriptor contains the wrong group ID: net.revelc.code.formatter, Plugin's descriptor contains the wrong artifact ID: formatter-maven-plugin, Plugin's descriptor contains the wrong version: 2.12.1 -> [Help 1]
[ERROR] Invalid plugin descriptor for org.apache.camel:camel-format-plugin:3.8.0-SNAPSHOT (/home/runner/work/sonar-analysis/sonar-analysis/project/init/camel-format-plugin/target/camel-format-plugin-3.8.0-SNAPSHOT.jar), Plugin's descriptor contains the wrong group ID: net.revelc.code.formatter, Plugin's descriptor contains the wrong artifact ID: formatter-maven-plugin, Plugin's descriptor contains the wrong version: 2.12.1 -> [Help 1]
[ERROR] Invalid plugin descriptor for org.apache.camel:camel-format-plugin:3.8.0-SNAPSHOT (/home/runner/work/sonar-analysis/sonar-analysis/project/init/camel-format-plugin/target/camel-format-plugin-3.8.0-SNAPSHOT.jar), Plugin's descriptor contains the wrong group ID: net.revelc.code.formatter, Plugin's descriptor contains the wrong artifact ID: formatter-maven-plugin, Plugin's descriptor contains the wrong version: 2.12.1 -> [Help 1]
[ERROR] Invalid plugin descriptor for org.apache.camel:camel-format-plugin:3.8.0-SNAPSHOT (/home/runner/work/sonar-analysis/sonar-analysis/project/init/camel-format-plugin/target/camel-format-plugin-3.8.0-SNAPSHOT.jar), Plugin's descriptor contains the wrong group ID: net.revelc.code.formatter, Plugin's descriptor contains the wrong artifact ID: formatter-maven-plugin, Plugin's descriptor contains the wrong version: 2.12.1 -> [Help 1]
[ERROR] Invalid plugin descriptor for org.apache.camel:camel-format-plugin:3.8.0-SNAPSHOT (/home/runner/work/sonar-analysis/sonar-analysis/project/init/camel-format-plugin/target/camel-format-plugin-3.8.0-SNAPSHOT.jar), Plugin's descriptor contains the wrong group ID: net.revelc.code.formatter, Plugin's descriptor contains the wrong artifact ID: formatter-maven-plugin, Plugin's descriptor contains the wrong version: 2.12.1 -> [Help 1]
[ERROR] Failed to parse plugin descriptor for org.apache.camel:camel-bundle-plugin:3.8.0-SNAPSHOT (/home/runner/work/sonar-analysis/sonar-analysis/project/init/camel-bundle-plugin/target/camel-bundle-plugin-3.8.0-SNAPSHOT.jar): No plugin descriptor found at META-INF/maven/plugin.xml -> [Help 3]
[ERROR] Failed to parse plugin descriptor for org.apache.camel:camel-bundle-plugin:3.8.0-SNAPSHOT (/home/runner/work/sonar-analysis/sonar-analysis/project/init/camel-bundle-plugin/target/camel-bundle-plugin-3.8.0-SNAPSHOT.jar): No plugin descriptor found at META-INF/maven/plugin.xml -> [Help 3]
[ERROR] Failed to parse plugin descriptor for org.apache.camel:camel-bundle-plugin:3.8.0-SNAPSHOT (/home/runner/work/sonar-analysis/sonar-analysis/project/init/camel-bundle-plugin/target/camel-bundle-plugin-3.8.0-SNAPSHOT.jar): No plugin descriptor found at META-INF/maven/plugin.xml -> [Help 3]
[ERROR] Failed to parse plugin descriptor for org.apache.camel:camel-bundle-plugin:3.8.0-SNAPSHOT (/home/runner/work/sonar-analysis/sonar-analysis/project/init/camel-bundle-plugin/target/camel-bundle-plugin-3.8.0-SNAPSHOT.jar): No plugin descriptor found at META-INF/maven/plugin.xml -> [Help 3]
[ERROR] Failed to parse plugin descriptor for org.apache.camel:camel-bundle-plugin:3.8.0-SNAPSHOT (/home/runner/work/sonar-analysis/sonar-analysis/project/init/camel-bundle-plugin/target/camel-bundle-plugin-3.8.0-SNAPSHOT.jar): No plugin descriptor found at META-INF/maven/plugin.xml -> [Help 3]
[ERROR] Failed to parse plugin descriptor for org.apache.camel:camel-bundle-plugin:3.8.0-SNAPSHOT (/home/runner/work/sonar-analysis/sonar-analysis/project/init/camel-bundle-plugin/target/camel-bundle-plugin-3.8.0-SNAPSHOT.jar): No plugin descriptor found at META-INF/maven/plugin.xml -> [Help 3]
[ERROR] Failed to parse plugin descriptor for org.apache.camel:camel-bundle-plugin:3.8.0-SNAPSHOT (/home/runner/work/sonar-analysis/sonar-analysis/project/init/camel-bundle-plugin/target/camel-bundle-plugin-3.8.0-SNAPSHOT.jar): No plugin descriptor found at META-INF/maven/plugin.xml -> [Help 3]
[ERROR] Failed to parse plugin descriptor for org.apache.camel:camel-bundle-plugin:3.8.0-SNAPSHOT (/home/runner/work/sonar-analysis/sonar-analysis/project/init/camel-bundle-plugin/target/camel-bundle-plugin-3.8.0-SNAPSHOT.jar): No plugin descriptor found at META-INF/maven/plugin.xml -> [Help 3]
[ERROR] Failed to parse plugin descriptor for org.apache.camel:camel-bundle-plugin:3.8.0-SNAPSHOT (/home/runner/work/sonar-analysis/sonar-analysis/project/init/camel-bundle-plugin/target/camel-bundle-plugin-3.8.0-SNAPSHOT.jar): No plugin descriptor found at META-INF/maven/plugin.xml -> [Help 3]
[ERROR] Failed to parse plugin descriptor for org.apache.camel:camel-bundle-plugin:3.8.0-SNAPSHOT (/home/runner/work/sonar-analysis/sonar-analysis/project/init/camel-bundle-plugin/target/camel-bundle-plugin-3.8.0-SNAPSHOT.jar): No plugin descriptor found at META-INF/maven/plugin.xml -> [Help 3]
[ERROR] Failed to parse plugin descriptor for org.apache.camel:camel-bundle-plugin:3.8.0-SNAPSHOT (/home/runner/work/sonar-analysis/sonar-analysis/project/init/camel-bundle-plugin/target/camel-bundle-plugin-3.8.0-SNAPSHOT.jar): No plugin descriptor found at META-INF/maven/plugin.xml -> [Help 3]
[ERROR] Failed to parse plugin descriptor for org.apache.camel:camel-bundle-plugin:3.8.0-SNAPSHOT (/home/runner/work/sonar-analysis/sonar-analysis/project/init/camel-bundle-plugin/target/camel-bundle-plugin-3.8.0-SNAPSHOT.jar): No plugin descriptor found at META-INF/maven/plugin.xml -> [Help 3]
[ERROR] Plugin org.apache.camel:camel-api-component-maven-plugin:3.8.0-SNAPSHOT or one of its dependencies could not be resolved:
[ERROR] 	org.apache.camel:camel-api-component-maven-plugin:jar:3.8.0-SNAPSHOT was not found in https://repository.apache.org/snapshots/ during a previous attempt. This failure was cached in the local repository and resolution is not reattempted until the update interval of apache.snapshots has elapsed or updates are forced
[ERROR] -> [Help 2]
[ERROR] Failed to parse plugin descriptor for org.apache.camel:camel-bundle-plugin:3.8.0-SNAPSHOT (/home/runner/work/sonar-analysis/sonar-analysis/project/init/camel-bundle-plugin/target/camel-bundle-plugin-3.8.0-SNAPSHOT.jar): No plugin descriptor found at META-INF/maven/plugin.xml -> [Help 3]
[ERROR] Failed to parse plugin descriptor for org.apache.camel:camel-bundle-plugin:3.8.0-SNAPSHOT (/home/runner/work/sonar-analysis/sonar-analysis/project/init/camel-bundle-plugin/target/camel-bundle-plugin-3.8.0-SNAPSHOT.jar): No plugin descriptor found at META-INF/maven/plugin.xml -> [Help 3]
[ERROR] Failed to parse plugin descriptor for org.apache.camel:camel-bundle-plugin:3.8.0-SNAPSHOT (/home/runner/work/sonar-analysis/sonar-analysis/project/init/camel-bundle-plugin/target/camel-bundle-plugin-3.8.0-SNAPSHOT.jar): No plugin descriptor found at META-INF/maven/plugin.xml -> [Help 3]
[ERROR] Failed to parse plugin descriptor for org.apache.camel:camel-bundle-plugin:3.8.0-SNAPSHOT (/home/runner/work/sonar-analysis/sonar-analysis/project/init/camel-bundle-plugin/target/camel-bundle-plugin-3.8.0-SNAPSHOT.jar): No plugin descriptor found at META-INF/maven/plugin.xml -> [Help 3]
[ERROR] Failed to parse plugin descriptor for org.apache.camel:camel-bundle-plugin:3.8.0-SNAPSHOT (/home/runner/work/sonar-analysis/sonar-analysis/project/init/camel-bundle-plugin/target/camel-bundle-plugin-3.8.0-SNAPSHOT.jar): No plugin descriptor found at META-INF/maven/plugin.xml -> [Help 3]
[ERROR] Failed to parse plugin descriptor for org.apache.camel:camel-bundle-plugin:3.8.0-SNAPSHOT (/home/runner/work/sonar-analysis/sonar-analysis/project/init/camel-bundle-plugin/target/camel-bundle-plugin-3.8.0-SNAPSHOT.jar): No plugin descriptor found at META-INF/maven/plugin.xml -> [Help 3]
[ERROR] Failed to parse plugin descriptor for org.apache.camel:camel-bundle-plugin:3.8.0-SNAPSHOT (/home/runner/work/sonar-analysis/sonar-analysis/project/init/camel-bundle-plugin/target/camel-bundle-plugin-3.8.0-SNAPSHOT.jar): No plugin descriptor found at META-INF/maven/plugin.xml -> [Help 3]
[ERROR] Failed to parse plugin descriptor for org.apache.camel:camel-bundle-plugin:3.8.0-SNAPSHOT (/home/runner/work/sonar-analysis/sonar-analysis/project/init/camel-bundle-plugin/target/camel-bundle-plugin-3.8.0-SNAPSHOT.jar): No plugin descriptor found at META-INF/maven/plugin.xml -> [Help 3]
[ERROR] Failed to parse plugin descriptor for org.apache.camel:camel-bundle-plugin:3.8.0-SNAPSHOT (/home/runner/work/sonar-analysis/sonar-analysis/project/init/camel-bundle-plugin/target/camel-bundle-plugin-3.8.0-SNAPSHOT.jar): No plugin descriptor found at META-INF/maven/plugin.xml -> [Help 3]
[ERROR] Failed to parse plugin descriptor for org.apache.camel:camel-bundle-plugin:3.8.0-SNAPSHOT (/home/runner/work/sonar-analysis/sonar-analysis/project/init/camel-bundle-plugin/target/camel-bundle-plugin-3.8.0-SNAPSHOT.jar): No plugin descriptor found at META-INF/maven/plugin.xml -> [Help 3]
[ERROR] Failed to parse plugin descriptor for org.apache.camel:camel-bundle-plugin:3.8.0-SNAPSHOT (/home/runner/work/sonar-analysis/sonar-analysis/project/init/camel-bundle-plugin/target/camel-bundle-plugin-3.8.0-SNAPSHOT.jar): No plugin descriptor found at META-INF/maven/plugin.xml -> [Help 3]
[ERROR] Failed to parse plugin descriptor for org.apache.camel:camel-bundle-plugin:3.8.0-SNAPSHOT (/home/runner/work/sonar-analysis/sonar-analysis/project/init/camel-bundle-plugin/target/camel-bundle-plugin-3.8.0-SNAPSHOT.jar): No plugin descriptor found at META-INF/maven/plugin.xml -> [Help 3]
[ERROR] Failed to parse plugin descriptor for org.apache.camel:camel-bundle-plugin:3.8.0-SNAPSHOT (/home/runner/work/sonar-analysis/sonar-analysis/project/init/camel-bundle-plugin/target/camel-bundle-plugin-3.8.0-SNAPSHOT.jar): No plugin descriptor found at META-INF/maven/plugin.xml -> [Help 3]
[ERROR] Failed to parse plugin descriptor for org.apache.camel:camel-bundle-plugin:3.8.0-SNAPSHOT (/home/runner/work/sonar-analysis/sonar-analysis/project/init/camel-bundle-plugin/target/camel-bundle-plugin-3.8.0-SNAPSHOT.jar): No plugin descriptor found at META-INF/maven/plugin.xml -> [Help 3]
[ERROR] Failed to parse plugin descriptor for org.apache.camel:camel-bundle-plugin:3.8.0-SNAPSHOT (/home/runner/work/sonar-analysis/sonar-analysis/project/init/camel-bundle-plugin/target/camel-bundle-plugin-3.8.0-SNAPSHOT.jar): No plugin descriptor found at META-INF/maven/plugin.xml -> [Help 3]
[ERROR] Failed to parse plugin descriptor for org.apache.camel:camel-bundle-plugin:3.8.0-SNAPSHOT (/home/runner/work/sonar-analysis/sonar-analysis/project/init/camel-bundle-plugin/target/camel-bundle-plugin-3.8.0-SNAPSHOT.jar): No plugin descriptor found at META-INF/maven/plugin.xml -> [Help 3]
[ERROR] Failed to parse plugin descriptor for org.apache.camel:camel-bundle-plugin:3.8.0-SNAPSHOT (/home/runner/work/sonar-analysis/sonar-analysis/project/init/camel-bundle-plugin/target/camel-bundle-plugin-3.8.0-SNAPSHOT.jar): No plugin descriptor found at META-INF/maven/plugin.xml -> [Help 3]
[ERROR] Failed to parse plugin descriptor for org.apache.camel:camel-bundle-plugin:3.8.0-SNAPSHOT (/home/runner/work/sonar-analysis/sonar-analysis/project/init/camel-bundle-plugin/target/camel-bundle-plugin-3.8.0-SNAPSHOT.jar): No plugin descriptor found at META-INF/maven/plugin.xml -> [Help 3]
[ERROR] Failed to parse plugin descriptor for org.apache.camel:camel-bundle-plugin:3.8.0-SNAPSHOT (/home/runner/work/sonar-analysis/sonar-analysis/project/init/camel-bundle-plugin/target/camel-bundle-plugin-3.8.0-SNAPSHOT.jar): No plugin descriptor found at META-INF/maven/plugin.xml -> [Help 3]
[ERROR] Failed to parse plugin descriptor for org.apache.camel:camel-bundle-plugin:3.8.0-SNAPSHOT (/home/runner/work/sonar-analysis/sonar-analysis/project/init/camel-bundle-plugin/target/camel-bundle-plugin-3.8.0-SNAPSHOT.jar): No plugin descriptor found at META-INF/maven/plugin.xml -> [Help 3]
[ERROR] Failed to parse plugin descriptor for org.apache.camel:camel-bundle-plugin:3.8.0-SNAPSHOT (/home/runner/work/sonar-analysis/sonar-analysis/project/init/camel-bundle-plugin/target/camel-bundle-plugin-3.8.0-SNAPSHOT.jar): No plugin descriptor found at META-INF/maven/plugin.xml -> [Help 3]
[ERROR] Failed to parse plugin descriptor for org.apache.camel:camel-bundle-plugin:3.8.0-SNAPSHOT (/home/runner/work/sonar-analysis/sonar-analysis/project/init/camel-bundle-plugin/target/camel-bundle-plugin-3.8.0-SNAPSHOT.jar): No plugin descriptor found at META-INF/maven/plugin.xml -> [Help 3]
[ERROR] Failed to parse plugin descriptor for org.apache.camel:camel-bundle-plugin:3.8.0-SNAPSHOT (/home/runner/work/sonar-analysis/sonar-analysis/project/init/camel-bundle-plugin/target/camel-bundle-plugin-3.8.0-SNAPSHOT.jar): No plugin descriptor found at META-INF/maven/plugin.xml -> [Help 3]
[ERROR] Failed to parse plugin descriptor for org.apache.camel:camel-bundle-plugin:3.8.0-SNAPSHOT (/home/runner/work/sonar-analysis/sonar-analysis/project/init/camel-bundle-plugin/target/camel-bundle-plugin-3.8.0-SNAPSHOT.jar): No plugin descriptor found at META-INF/maven/plugin.xml -> [Help 3]
[ERROR] Failed to parse plugin descriptor for org.apache.camel:camel-bundle-plugin:3.8.0-SNAPSHOT (/home/runner/work/sonar-analysis/sonar-analysis/project/init/camel-bundle-plugin/target/camel-bundle-plugin-3.8.0-SNAPSHOT.jar): No plugin descriptor found at META-INF/maven/plugin.xml -> [Help 3]
[ERROR] Failed to parse plugin descriptor for org.apache.camel:camel-bundle-plugin:3.8.0-SNAPSHOT (/home/runner/work/sonar-analysis/sonar-analysis/project/init/camel-bundle-plugin/target/camel-bundle-plugin-3.8.0-SNAPSHOT.jar): No plugin descriptor found at META-INF/maven/plugin.xml -> [Help 3]
[ERROR] Failed to parse plugin descriptor for org.apache.camel:camel-bundle-plugin:3.8.0-SNAPSHOT (/home/runner/work/sonar-analysis/sonar-analysis/project/init/camel-bundle-plugin/target/camel-bundle-plugin-3.8.0-SNAPSHOT.jar): No plugin descriptor found at META-INF/maven/plugin.xml -> [Help 3]
[ERROR] Failed to parse plugin descriptor for org.apache.camel:camel-bundle-plugin:3.8.0-SNAPSHOT (/home/runner/work/sonar-analysis/sonar-analysis/project/init/camel-bundle-plugin/target/camel-bundle-plugin-3.8.0-SNAPSHOT.jar): No plugin descriptor found at META-INF/maven/plugin.xml -> [Help 3]
[ERROR] Failed to parse plugin descriptor for org.apache.camel:camel-bundle-plugin:3.8.0-SNAPSHOT (/home/runner/work/sonar-analysis/sonar-analysis/project/init/camel-bundle-plugin/target/camel-bundle-plugin-3.8.0-SNAPSHOT.jar): No plugin descriptor found at META-INF/maven/plugin.xml -> [Help 3]
[ERROR] Failed to parse plugin descriptor for org.apache.camel:camel-bundle-plugin:3.8.0-SNAPSHOT (/home/runner/work/sonar-analysis/sonar-analysis/project/init/camel-bundle-plugin/target/camel-bundle-plugin-3.8.0-SNAPSHOT.jar): No plugin descriptor found at META-INF/maven/plugin.xml -> [Help 3]
[ERROR] Failed to parse plugin descriptor for org.apache.camel:camel-bundle-plugin:3.8.0-SNAPSHOT (/home/runner/work/sonar-analysis/sonar-analysis/project/init/camel-bundle-plugin/target/camel-bundle-plugin-3.8.0-SNAPSHOT.jar): No plugin descriptor found at META-INF/maven/plugin.xml -> [Help 3]
[ERROR] Failed to parse plugin descriptor for org.apache.camel:camel-bundle-plugin:3.8.0-SNAPSHOT (/home/runner/work/sonar-analysis/sonar-analysis/project/init/camel-bundle-plugin/target/camel-bundle-plugin-3.8.0-SNAPSHOT.jar): No plugin descriptor found at META-INF/maven/plugin.xml -> [Help 3]
[ERROR] Failed to parse plugin descriptor for org.apache.camel:camel-bundle-plugin:3.8.0-SNAPSHOT (/home/runner/work/sonar-analysis/sonar-analysis/project/init/camel-bundle-plugin/target/camel-bundle-plugin-3.8.0-SNAPSHOT.jar): No plugin descriptor found at META-INF/maven/plugin.xml -> [Help 3]
[ERROR] Failed to parse plugin descriptor for org.apache.camel:camel-bundle-plugin:3.8.0-SNAPSHOT (/home/runner/work/sonar-analysis/sonar-analysis/project/init/camel-bundle-plugin/target/camel-bundle-plugin-3.8.0-SNAPSHOT.jar): No plugin descriptor found at META-INF/maven/plugin.xml -> [Help 3]
[ERROR] Failed to parse plugin descriptor for org.apache.camel:camel-bundle-plugin:3.8.0-SNAPSHOT (/home/runner/work/sonar-analysis/sonar-analysis/project/init/camel-bundle-plugin/target/camel-bundle-plugin-3.8.0-SNAPSHOT.jar): No plugin descriptor found at META-INF/maven/plugin.xml -> [Help 3]
[ERROR] Failed to parse plugin descriptor for org.apache.camel:camel-bundle-plugin:3.8.0-SNAPSHOT (/home/runner/work/sonar-analysis/sonar-analysis/project/init/camel-bundle-plugin/target/camel-bundle-plugin-3.8.0-SNAPSHOT.jar): No plugin descriptor found at META-INF/maven/plugin.xml -> [Help 3]
[ERROR] Failed to parse plugin descriptor for org.apache.camel:camel-bundle-plugin:3.8.0-SNAPSHOT (/home/runner/work/sonar-analysis/sonar-analysis/project/init/camel-bundle-plugin/target/camel-bundle-plugin-3.8.0-SNAPSHOT.jar): No plugin descriptor found at META-INF/maven/plugin.xml -> [Help 3]
[ERROR] Failed to parse plugin descriptor for org.apache.camel:camel-bundle-plugin:3.8.0-SNAPSHOT (/home/runner/work/sonar-analysis/sonar-analysis/project/init/camel-bundle-plugin/target/camel-bundle-plugin-3.8.0-SNAPSHOT.jar): No plugin descriptor found at META-INF/maven/plugin.xml -> [Help 3]
[ERROR] Failed to parse plugin descriptor for org.apache.camel:camel-bundle-plugin:3.8.0-SNAPSHOT (/home/runner/work/sonar-analysis/sonar-analysis/project/init/camel-bundle-plugin/target/camel-bundle-plugin-3.8.0-SNAPSHOT.jar): No plugin descriptor found at META-INF/maven/plugin.xml -> [Help 3]
[ERROR] Failed to parse plugin descriptor for org.apache.camel:camel-bundle-plugin:3.8.0-SNAPSHOT (/home/runner/work/sonar-analysis/sonar-analysis/project/init/camel-bundle-plugin/target/camel-bundle-plugin-3.8.0-SNAPSHOT.jar): No plugin descriptor found at META-INF/maven/plugin.xml -> [Help 3]
[ERROR] Failed to parse plugin descriptor for org.apache.camel:camel-bundle-plugin:3.8.0-SNAPSHOT (/home/runner/work/sonar-analysis/sonar-analysis/project/init/camel-bundle-plugin/target/camel-bundle-plugin-3.8.0-SNAPSHOT.jar): No plugin descriptor found at META-INF/maven/plugin.xml -> [Help 3]
[ERROR] Failed to parse plugin descriptor for org.apache.camel:camel-bundle-plugin:3.8.0-SNAPSHOT (/home/runner/work/sonar-analysis/sonar-analysis/project/init/camel-bundle-plugin/target/camel-bundle-plugin-3.8.0-SNAPSHOT.jar): No plugin descriptor found at META-INF/maven/plugin.xml -> [Help 3]
[ERROR] Failed to parse plugin descriptor for org.apache.camel:camel-bundle-plugin:3.8.0-SNAPSHOT (/home/runner/work/sonar-analysis/sonar-analysis/project/init/camel-bundle-plugin/target/camel-bundle-plugin-3.8.0-SNAPSHOT.jar): No plugin descriptor found at META-INF/maven/plugin.xml -> [Help 3]
[ERROR] Failed to parse plugin descriptor for org.apache.camel:camel-bundle-plugin:3.8.0-SNAPSHOT (/home/runner/work/sonar-analysis/sonar-analysis/project/init/camel-bundle-plugin/target/camel-bundle-plugin-3.8.0-SNAPSHOT.jar): No plugin descriptor found at META-INF/maven/plugin.xml -> [Help 3]
[ERROR] Failed to parse plugin descriptor for org.apache.camel:camel-bundle-plugin:3.8.0-SNAPSHOT (/home/runner/work/sonar-analysis/sonar-analysis/project/init/camel-bundle-plugin/target/camel-bundle-plugin-3.8.0-SNAPSHOT.jar): No plugin descriptor found at META-INF/maven/plugin.xml -> [Help 3]
[ERROR] Failed to parse plugin descriptor for org.apache.camel:camel-bundle-plugin:3.8.0-SNAPSHOT (/home/runner/work/sonar-analysis/sonar-analysis/project/init/camel-bundle-plugin/target/camel-bundle-plugin-3.8.0-SNAPSHOT.jar): No plugin descriptor found at META-INF/maven/plugin.xml -> [Help 3]
[ERROR] Failed to parse plugin descriptor for org.apache.camel:camel-bundle-plugin:3.8.0-SNAPSHOT (/home/runner/work/sonar-analysis/sonar-analysis/project/init/camel-bundle-plugin/target/camel-bundle-plugin-3.8.0-SNAPSHOT.jar): No plugin descriptor found at META-INF/maven/plugin.xml -> [Help 3]
[ERROR] Failed to parse plugin descriptor for org.apache.camel:camel-bundle-plugin:3.8.0-SNAPSHOT (/home/runner/work/sonar-analysis/sonar-analysis/project/init/camel-bundle-plugin/target/camel-bundle-plugin-3.8.0-SNAPSHOT.jar): No plugin descriptor found at META-INF/maven/plugin.xml -> [Help 3]
[ERROR] Failed to parse plugin descriptor for org.apache.camel:camel-bundle-plugin:3.8.0-SNAPSHOT (/home/runner/work/sonar-analysis/sonar-analysis/project/init/camel-bundle-plugin/target/camel-bundle-plugin-3.8.0-SNAPSHOT.jar): No plugin descriptor found at META-INF/maven/plugin.xml -> [Help 3]
[ERROR] Failed to parse plugin descriptor for org.apache.camel:camel-bundle-plugin:3.8.0-SNAPSHOT (/home/runner/work/sonar-analysis/sonar-analysis/project/init/camel-bundle-plugin/target/camel-bundle-plugin-3.8.0-SNAPSHOT.jar): No plugin descriptor found at META-INF/maven/plugin.xml -> [Help 3]
[ERROR] Failed to parse plugin descriptor for org.apache.camel:camel-bundle-plugin:3.8.0-SNAPSHOT (/home/runner/work/sonar-analysis/sonar-analysis/project/init/camel-bundle-plugin/target/camel-bundle-plugin-3.8.0-SNAPSHOT.jar): No plugin descriptor found at META-INF/maven/plugin.xml -> [Help 3]
[ERROR] Failed to parse plugin descriptor for org.apache.camel:camel-bundle-plugin:3.8.0-SNAPSHOT (/home/runner/work/sonar-analysis/sonar-analysis/project/init/camel-bundle-plugin/target/camel-bundle-plugin-3.8.0-SNAPSHOT.jar): No plugin descriptor found at META-INF/maven/plugin.xml -> [Help 3]
[ERROR] Failed to parse plugin descriptor for org.apache.camel:camel-bundle-plugin:3.8.0-SNAPSHOT (/home/runner/work/sonar-analysis/sonar-analysis/project/init/camel-bundle-plugin/target/camel-bundle-plugin-3.8.0-SNAPSHOT.jar): No plugin descriptor found at META-INF/maven/plugin.xml -> [Help 3]
[ERROR] Failed to parse plugin descriptor for org.apache.camel:camel-bundle-plugin:3.8.0-SNAPSHOT (/home/runner/work/sonar-analysis/sonar-analysis/project/init/camel-bundle-plugin/target/camel-bundle-plugin-3.8.0-SNAPSHOT.jar): No plugin descriptor found at META-INF/maven/plugin.xml -> [Help 3]
[ERROR] Failed to parse plugin descriptor for org.apache.camel:camel-bundle-plugin:3.8.0-SNAPSHOT (/home/runner/work/sonar-analysis/sonar-analysis/project/init/camel-bundle-plugin/target/camel-bundle-plugin-3.8.0-SNAPSHOT.jar): No plugin descriptor found at META-INF/maven/plugin.xml -> [Help 3]
[ERROR] Failed to parse plugin descriptor for org.apache.camel:camel-bundle-plugin:3.8.0-SNAPSHOT (/home/runner/work/sonar-analysis/sonar-analysis/project/init/camel-bundle-plugin/target/camel-bundle-plugin-3.8.0-SNAPSHOT.jar): No plugin descriptor found at META-INF/maven/plugin.xml -> [Help 3]
[ERROR] Failed to parse plugin descriptor for org.apache.camel:camel-bundle-plugin:3.8.0-SNAPSHOT (/home/runner/work/sonar-analysis/sonar-analysis/project/init/camel-bundle-plugin/target/camel-bundle-plugin-3.8.0-SNAPSHOT.jar): No plugin descriptor found at META-INF/maven/plugin.xml -> [Help 3]
[ERROR] Failed to parse plugin descriptor for org.apache.camel:camel-bundle-plugin:3.8.0-SNAPSHOT (/home/runner/work/sonar-analysis/sonar-analysis/project/init/camel-bundle-plugin/target/camel-bundle-plugin-3.8.0-SNAPSHOT.jar): No plugin descriptor found at META-INF/maven/plugin.xml -> [Help 3]
[ERROR] Failed to parse plugin descriptor for org.apache.camel:camel-bundle-plugin:3.8.0-SNAPSHOT (/home/runner/work/sonar-analysis/sonar-analysis/project/init/camel-bundle-plugin/target/camel-bundle-plugin-3.8.0-SNAPSHOT.jar): No plugin descriptor found at META-INF/maven/plugin.xml -> [Help 3]
[ERROR] Failed to parse plugin descriptor for org.apache.camel:camel-bundle-plugin:3.8.0-SNAPSHOT (/home/runner/work/sonar-analysis/sonar-analysis/project/init/camel-bundle-plugin/target/camel-bundle-plugin-3.8.0-SNAPSHOT.jar): No plugin descriptor found at META-INF/maven/plugin.xml -> [Help 3]
[ERROR] Failed to parse plugin descriptor for org.apache.camel:camel-bundle-plugin:3.8.0-SNAPSHOT (/home/runner/work/sonar-analysis/sonar-analysis/project/init/camel-bundle-plugin/target/camel-bundle-plugin-3.8.0-SNAPSHOT.jar): No plugin descriptor found at META-INF/maven/plugin.xml -> [Help 3]
[ERROR] Plugin org.apache.camel:camel-api-component-maven-plugin:3.8.0-SNAPSHOT or one of its dependencies could not be resolved:
[ERROR] 	org.apache.camel:camel-api-component-maven-plugin:jar:3.8.0-SNAPSHOT was not found in https://repository.apache.org/snapshots/ during a previous attempt. This failure was cached in the local repository and resolution is not reattempted until the update interval of apache.snapshots has elapsed or updates are forced
[ERROR] -> [Help 2]
[ERROR] Plugin org.apache.camel:camel-api-component-maven-plugin:3.8.0-SNAPSHOT or one of its dependencies could not be resolved:
[ERROR] 	org.apache.camel:camel-api-component-maven-plugin:jar:3.8.0-SNAPSHOT was not found in https://repository.apache.org/snapshots/ during a previous attempt. This failure was cached in the local repository and resolution is not reattempted until the update interval of apache.snapshots has elapsed or updates are forced
[ERROR] -> [Help 2]
[ERROR] Failed to parse plugin descriptor for org.apache.camel:camel-bundle-plugin:3.8.0-SNAPSHOT (/home/runner/work/sonar-analysis/sonar-analysis/project/init/camel-bundle-plugin/target/camel-bundle-plugin-3.8.0-SNAPSHOT.jar): No plugin descriptor found at META-INF/maven/plugin.xml -> [Help 3]
[ERROR] Failed to parse plugin descriptor for org.apache.camel:camel-bundle-plugin:3.8.0-SNAPSHOT (/home/runner/work/sonar-analysis/sonar-analysis/project/init/camel-bundle-plugin/target/camel-bundle-plugin-3.8.0-SNAPSHOT.jar): No plugin descriptor found at META-INF/maven/plugin.xml -> [Help 3]
[ERROR] Failed to parse plugin descriptor for org.apache.camel:camel-bundle-plugin:3.8.0-SNAPSHOT (/home/runner/work/sonar-analysis/sonar-analysis/project/init/camel-bundle-plugin/target/camel-bundle-plugin-3.8.0-SNAPSHOT.jar): No plugin descriptor found at META-INF/maven/plugin.xml -> [Help 3]
[ERROR] Failed to parse plugin descriptor for org.apache.camel:camel-bundle-plugin:3.8.0-SNAPSHOT (/home/runner/work/sonar-analysis/sonar-analysis/project/init/camel-bundle-plugin/target/camel-bundle-plugin-3.8.0-SNAPSHOT.jar): No plugin descriptor found at META-INF/maven/plugin.xml -> [Help 3]
[ERROR] Failed to parse plugin descriptor for org.apache.camel:camel-bundle-plugin:3.8.0-SNAPSHOT (/home/runner/work/sonar-analysis/sonar-analysis/project/init/camel-bundle-plugin/target/camel-bundle-plugin-3.8.0-SNAPSHOT.jar): No plugin descriptor found at META-INF/maven/plugin.xml -> [Help 3]
[ERROR] Failed to parse plugin descriptor for org.apache.camel:camel-bundle-plugin:3.8.0-SNAPSHOT (/home/runner/work/sonar-analysis/sonar-analysis/project/init/camel-bundle-plugin/target/camel-bundle-plugin-3.8.0-SNAPSHOT.jar): No plugin descriptor found at META-INF/maven/plugin.xml -> [Help 3]
[ERROR] Failed to parse plugin descriptor for org.apache.camel:camel-bundle-plugin:3.8.0-SNAPSHOT (/home/runner/work/sonar-analysis/sonar-analysis/project/init/camel-bundle-plugin/target/camel-bundle-plugin-3.8.0-SNAPSHOT.jar): No plugin descriptor found at META-INF/maven/plugin.xml -> [Help 3]
[ERROR] Failed to parse plugin descriptor for org.apache.camel:camel-bundle-plugin:3.8.0-SNAPSHOT (/home/runner/work/sonar-analysis/sonar-analysis/project/init/camel-bundle-plugin/target/camel-bundle-plugin-3.8.0-SNAPSHOT.jar): No plugin descriptor found at META-INF/maven/plugin.xml -> [Help 3]
[ERROR] Failed to parse plugin descriptor for org.apache.camel:camel-bundle-plugin:3.8.0-SNAPSHOT (/home/runner/work/sonar-analysis/sonar-analysis/project/init/camel-bundle-plugin/target/camel-bundle-plugin-3.8.0-SNAPSHOT.jar): No plugin descriptor found at META-INF/maven/plugin.xml -> [Help 3]
[ERROR] Failed to parse plugin descriptor for org.apache.camel:camel-bundle-plugin:3.8.0-SNAPSHOT (/home/runner/work/sonar-analysis/sonar-analysis/project/init/camel-bundle-plugin/target/camel-bundle-plugin-3.8.0-SNAPSHOT.jar): No plugin descriptor found at META-INF/maven/plugin.xml -> [Help 3]
[ERROR] Failed to parse plugin descriptor for org.apache.camel:camel-bundle-plugin:3.8.0-SNAPSHOT (/home/runner/work/sonar-analysis/sonar-analysis/project/init/camel-bundle-plugin/target/camel-bundle-plugin-3.8.0-SNAPSHOT.jar): No plugin descriptor found at META-INF/maven/plugin.xml -> [Help 3]
[ERROR] Failed to parse plugin descriptor for org.apache.camel:camel-bundle-plugin:3.8.0-SNAPSHOT (/home/runner/work/sonar-analysis/sonar-analysis/project/init/camel-bundle-plugin/target/camel-bundle-plugin-3.8.0-SNAPSHOT.jar): No plugin descriptor found at META-INF/maven/plugin.xml -> [Help 3]
[ERROR] Failed to parse plugin descriptor for org.apache.camel:camel-bundle-plugin:3.8.0-SNAPSHOT (/home/runner/work/sonar-analysis/sonar-analysis/project/init/camel-bundle-plugin/target/camel-bundle-plugin-3.8.0-SNAPSHOT.jar): No plugin descriptor found at META-INF/maven/plugin.xml -> [Help 3]
[ERROR] Failed to parse plugin descriptor for org.apache.camel:camel-bundle-plugin:3.8.0-SNAPSHOT (/home/runner/work/sonar-analysis/sonar-analysis/project/init/camel-bundle-plugin/target/camel-bundle-plugin-3.8.0-SNAPSHOT.jar): No plugin descriptor found at META-INF/maven/plugin.xml -> [Help 3]
[ERROR] Failed to parse plugin descriptor for org.apache.camel:camel-bundle-plugin:3.8.0-SNAPSHOT (/home/runner/work/sonar-analysis/sonar-analysis/project/init/camel-bundle-plugin/target/camel-bundle-plugin-3.8.0-SNAPSHOT.jar): No plugin descriptor found at META-INF/maven/plugin.xml -> [Help 3]
[ERROR] Failed to parse plugin descriptor for org.apache.camel:camel-bundle-plugin:3.8.0-SNAPSHOT (/home/runner/work/sonar-analysis/sonar-analysis/project/init/camel-bundle-plugin/target/camel-bundle-plugin-3.8.0-SNAPSHOT.jar): No plugin descriptor found at META-INF/maven/plugin.xml -> [Help 3]
[ERROR] Failed to parse plugin descriptor for org.apache.camel:camel-bundle-plugin:3.8.0-SNAPSHOT (/home/runner/work/sonar-analysis/sonar-analysis/project/init/camel-bundle-plugin/target/camel-bundle-plugin-3.8.0-SNAPSHOT.jar): No plugin descriptor found at META-INF/maven/plugin.xml -> [Help 3]
[ERROR] Failed to parse plugin descriptor for org.apache.camel:camel-bundle-plugin:3.8.0-SNAPSHOT (/home/runner/work/sonar-analysis/sonar-analysis/project/init/camel-bundle-plugin/target/camel-bundle-plugin-3.8.0-SNAPSHOT.jar): No plugin descriptor found at META-INF/maven/plugin.xml -> [Help 3]
[ERROR] Failed to parse plugin descriptor for org.apache.camel:camel-bundle-plugin:3.8.0-SNAPSHOT (/home/runner/work/sonar-analysis/sonar-analysis/project/init/camel-bundle-plugin/target/camel-bundle-plugin-3.8.0-SNAPSHOT.jar): No plugin descriptor found at META-INF/maven/plugin.xml -> [Help 3]
[ERROR] Failed to parse plugin descriptor for org.apache.camel:camel-bundle-plugin:3.8.0-SNAPSHOT (/home/runner/work/sonar-analysis/sonar-analysis/project/init/camel-bundle-plugin/target/camel-bundle-plugin-3.8.0-SNAPSHOT.jar): No plugin descriptor found at META-INF/maven/plugin.xml -> [Help 3]
[ERROR] Failed to parse plugin descriptor for org.apache.camel:camel-bundle-plugin:3.8.0-SNAPSHOT (/home/runner/work/sonar-analysis/sonar-analysis/project/init/camel-bundle-plugin/target/camel-bundle-plugin-3.8.0-SNAPSHOT.jar): No plugin descriptor found at META-INF/maven/plugin.xml -> [Help 3]
[ERROR] Failed to parse plugin descriptor for org.apache.camel:camel-bundle-plugin:3.8.0-SNAPSHOT (/home/runner/work/sonar-analysis/sonar-analysis/project/init/camel-bundle-plugin/target/camel-bundle-plugin-3.8.0-SNAPSHOT.jar): No plugin descriptor found at META-INF/maven/plugin.xml -> [Help 3]
[ERROR] Failed to parse plugin descriptor for org.apache.camel:camel-bundle-plugin:3.8.0-SNAPSHOT (/home/runner/work/sonar-analysis/sonar-analysis/project/init/camel-bundle-plugin/target/camel-bundle-plugin-3.8.0-SNAPSHOT.jar): No plugin descriptor found at META-INF/maven/plugin.xml -> [Help 3]
[ERROR] Failed to parse plugin descriptor for org.apache.camel:camel-bundle-plugin:3.8.0-SNAPSHOT (/home/runner/work/sonar-analysis/sonar-analysis/project/init/camel-bundle-plugin/target/camel-bundle-plugin-3.8.0-SNAPSHOT.jar): No plugin descriptor found at META-INF/maven/plugin.xml -> [Help 3]
[ERROR] Failed to parse plugin descriptor for org.apache.camel:camel-bundle-plugin:3.8.0-SNAPSHOT (/home/runner/work/sonar-analysis/sonar-analysis/project/init/camel-bundle-plugin/target/camel-bundle-plugin-3.8.0-SNAPSHOT.jar): No plugin descriptor found at META-INF/maven/plugin.xml -> [Help 3]
[ERROR] Failed to parse plugin descriptor for org.apache.camel:camel-bundle-plugin:3.8.0-SNAPSHOT (/home/runner/work/sonar-analysis/sonar-analysis/project/init/camel-bundle-plugin/target/camel-bundle-plugin-3.8.0-SNAPSHOT.jar): No plugin descriptor found at META-INF/maven/plugin.xml -> [Help 3]
[ERROR] Invalid plugin descriptor for org.apache.camel:camel-format-plugin:3.8.0-SNAPSHOT (/home/runner/work/sonar-analysis/sonar-analysis/project/init/camel-format-plugin/target/camel-format-plugin-3.8.0-SNAPSHOT.jar), Plugin's descriptor contains the wrong group ID: net.revelc.code.formatter, Plugin's descriptor contains the wrong artifact ID: formatter-maven-plugin, Plugin's descriptor contains the wrong version: 2.12.1 -> [Help 1]
[ERROR] Plugin org.apache.camel.maven:camel-debezium-maven-plugin:3.8.0-SNAPSHOT or one of its dependencies could not be resolved:
[ERROR] 	org.apache.camel.maven:camel-debezium-maven-plugin:jar:3.8.0-SNAPSHOT was not found in https://repository.apache.org/snapshots/ during a previous attempt. This failure was cached in the local repository and resolution is not reattempted until the update interval of apache.snapshots has elapsed or updates are forced
[ERROR] -> [Help 2]
[ERROR] Plugin org.apache.camel.maven:camel-debezium-maven-plugin:3.8.0-SNAPSHOT or one of its dependencies could not be resolved:
[ERROR] 	org.apache.camel.maven:camel-debezium-maven-plugin:jar:3.8.0-SNAPSHOT was not found in https://repository.apache.org/snapshots/ during a previous attempt. This failure was cached in the local repository and resolution is not reattempted until the update interval of apache.snapshots has elapsed or updates are forced
[ERROR] -> [Help 2]
[ERROR] Plugin org.apache.camel.maven:camel-debezium-maven-plugin:3.8.0-SNAPSHOT or one of its dependencies could not be resolved:
[ERROR] 	org.apache.camel.maven:camel-debezium-maven-plugin:jar:3.8.0-SNAPSHOT was not found in https://repository.apache.org/snapshots/ during a previous attempt. This failure was cached in the local repository and resolution is not reattempted until the update interval of apache.snapshots has elapsed or updates are forced
[ERROR] -> [Help 2]
[ERROR] Plugin org.apache.camel.maven:camel-debezium-maven-plugin:3.8.0-SNAPSHOT or one of its dependencies could not be resolved:
[ERROR] 	org.apache.camel.maven:camel-debezium-maven-plugin:jar:3.8.0-SNAPSHOT was not found in https://repository.apache.org/snapshots/ during a previous attempt. This failure was cached in the local repository and resolution is not reattempted until the update interval of apache.snapshots has elapsed or updates are forced
[ERROR] -> [Help 2]
[ERROR] Failed to parse plugin descriptor for org.apache.camel:camel-bundle-plugin:3.8.0-SNAPSHOT (/home/runner/work/sonar-analysis/sonar-analysis/project/init/camel-bundle-plugin/target/camel-bundle-plugin-3.8.0-SNAPSHOT.jar): No plugin descriptor found at META-INF/maven/plugin.xml -> [Help 3]
[ERROR] Failed to parse plugin descriptor for org.apache.camel:camel-bundle-plugin:3.8.0-SNAPSHOT (/home/runner/work/sonar-analysis/sonar-analysis/project/init/camel-bundle-plugin/target/camel-bundle-plugin-3.8.0-SNAPSHOT.jar): No plugin descriptor found at META-INF/maven/plugin.xml -> [Help 3]
[ERROR] Failed to parse plugin descriptor for org.apache.camel:camel-bundle-plugin:3.8.0-SNAPSHOT (/home/runner/work/sonar-analysis/sonar-analysis/project/init/camel-bundle-plugin/target/camel-bundle-plugin-3.8.0-SNAPSHOT.jar): No plugin descriptor found at META-INF/maven/plugin.xml -> [Help 3]
[ERROR] Failed to parse plugin descriptor for org.apache.camel:camel-bundle-plugin:3.8.0-SNAPSHOT (/home/runner/work/sonar-analysis/sonar-analysis/project/init/camel-bundle-plugin/target/camel-bundle-plugin-3.8.0-SNAPSHOT.jar): No plugin descriptor found at META-INF/maven/plugin.xml -> [Help 3]
[ERROR] Failed to parse plugin descriptor for org.apache.camel:camel-bundle-plugin:3.8.0-SNAPSHOT (/home/runner/work/sonar-analysis/sonar-analysis/project/init/camel-bundle-plugin/target/camel-bundle-plugin-3.8.0-SNAPSHOT.jar): No plugin descriptor found at META-INF/maven/plugin.xml -> [Help 3]
[ERROR] Failed to parse plugin descriptor for org.apache.camel:camel-bundle-plugin:3.8.0-SNAPSHOT (/home/runner/work/sonar-analysis/sonar-analysis/project/init/camel-bundle-plugin/target/camel-bundle-plugin-3.8.0-SNAPSHOT.jar): No plugin descriptor found at META-INF/maven/plugin.xml -> [Help 3]
[ERROR] Failed to parse plugin descriptor for org.apache.camel:camel-bundle-plugin:3.8.0-SNAPSHOT (/home/runner/work/sonar-analysis/sonar-analysis/project/init/camel-bundle-plugin/target/camel-bundle-plugin-3.8.0-SNAPSHOT.jar): No plugin descriptor found at META-INF/maven/plugin.xml -> [Help 3]
[ERROR] Failed to parse plugin descriptor for org.apache.camel:camel-bundle-plugin:3.8.0-SNAPSHOT (/home/runner/work/sonar-analysis/sonar-analysis/project/init/camel-bundle-plugin/target/camel-bundle-plugin-3.8.0-SNAPSHOT.jar): No plugin descriptor found at META-INF/maven/plugin.xml -> [Help 3]
[ERROR] Failed to parse plugin descriptor for org.apache.camel:camel-bundle-plugin:3.8.0-SNAPSHOT (/home/runner/work/sonar-analysis/sonar-analysis/project/init/camel-bundle-plugin/target/camel-bundle-plugin-3.8.0-SNAPSHOT.jar): No plugin descriptor found at META-INF/maven/plugin.xml -> [Help 3]
[ERROR] Failed to parse plugin descriptor for org.apache.camel:camel-bundle-plugin:3.8.0-SNAPSHOT (/home/runner/work/sonar-analysis/sonar-analysis/project/init/camel-bundle-plugin/target/camel-bundle-plugin-3.8.0-SNAPSHOT.jar): No plugin descriptor found at META-INF/maven/plugin.xml -> [Help 3]
[ERROR] Failed to parse plugin descriptor for org.apache.camel:camel-bundle-plugin:3.8.0-SNAPSHOT (/home/runner/work/sonar-analysis/sonar-analysis/project/init/camel-bundle-plugin/target/camel-bundle-plugin-3.8.0-SNAPSHOT.jar): No plugin descriptor found at META-INF/maven/plugin.xml -> [Help 3]
[ERROR] Failed to parse plugin descriptor for org.apache.camel:camel-bundle-plugin:3.8.0-SNAPSHOT (/home/runner/work/sonar-analysis/sonar-analysis/project/init/camel-bundle-plugin/target/camel-bundle-plugin-3.8.0-SNAPSHOT.jar): No plugin descriptor found at META-INF/maven/plugin.xml -> [Help 3]
[ERROR] Failed to parse plugin descriptor for org.apache.camel:camel-bundle-plugin:3.8.0-SNAPSHOT (/home/runner/work/sonar-analysis/sonar-analysis/project/init/camel-bundle-plugin/target/camel-bundle-plugin-3.8.0-SNAPSHOT.jar): No plugin descriptor found at META-INF/maven/plugin.xml -> [Help 3]
[ERROR] Failed to parse plugin descriptor for org.apache.camel:camel-bundle-plugin:3.8.0-SNAPSHOT (/home/runner/work/sonar-analysis/sonar-analysis/project/init/camel-bundle-plugin/target/camel-bundle-plugin-3.8.0-SNAPSHOT.jar): No plugin descriptor found at META-INF/maven/plugin.xml -> [Help 3]
[ERROR] Failed to parse plugin descriptor for org.apache.camel:camel-bundle-plugin:3.8.0-SNAPSHOT (/home/runner/work/sonar-analysis/sonar-analysis/project/init/camel-bundle-plugin/target/camel-bundle-plugin-3.8.0-SNAPSHOT.jar): No plugin descriptor found at META-INF/maven/plugin.xml -> [Help 3]
[ERROR] Failed to parse plugin descriptor for org.apache.camel:camel-bundle-plugin:3.8.0-SNAPSHOT (/home/runner/work/sonar-analysis/sonar-analysis/project/init/camel-bundle-plugin/target/camel-bundle-plugin-3.8.0-SNAPSHOT.jar): No plugin descriptor found at META-INF/maven/plugin.xml -> [Help 3]
[ERROR] Failed to parse plugin descriptor for org.apache.camel:camel-bundle-plugin:3.8.0-SNAPSHOT (/home/runner/work/sonar-analysis/sonar-analysis/project/init/camel-bundle-plugin/target/camel-bundle-plugin-3.8.0-SNAPSHOT.jar): No plugin descriptor found at META-INF/maven/plugin.xml -> [Help 3]
[ERROR] Failed to parse plugin descriptor for org.apache.camel:camel-bundle-plugin:3.8.0-SNAPSHOT (/home/runner/work/sonar-analysis/sonar-analysis/project/init/camel-bundle-plugin/target/camel-bundle-plugin-3.8.0-SNAPSHOT.jar): No plugin descriptor found at META-INF/maven/plugin.xml -> [Help 3]
[ERROR] Failed to parse plugin descriptor for org.apache.camel:camel-bundle-plugin:3.8.0-SNAPSHOT (/home/runner/work/sonar-analysis/sonar-analysis/project/init/camel-bundle-plugin/target/camel-bundle-plugin-3.8.0-SNAPSHOT.jar): No plugin descriptor found at META-INF/maven/plugin.xml -> [Help 3]
[ERROR] Failed to parse plugin descriptor for org.apache.camel:camel-bundle-plugin:3.8.0-SNAPSHOT (/home/runner/work/sonar-analysis/sonar-analysis/project/init/camel-bundle-plugin/target/camel-bundle-plugin-3.8.0-SNAPSHOT.jar): No plugin descriptor found at META-INF/maven/plugin.xml -> [Help 3]
[ERROR] Failed to parse plugin descriptor for org.apache.camel:camel-bundle-plugin:3.8.0-SNAPSHOT (/home/runner/work/sonar-analysis/sonar-analysis/project/init/camel-bundle-plugin/target/camel-bundle-plugin-3.8.0-SNAPSHOT.jar): No plugin descriptor found at META-INF/maven/plugin.xml -> [Help 3]
[ERROR] Failed to parse plugin descriptor for org.apache.camel:camel-bundle-plugin:3.8.0-SNAPSHOT (/home/runner/work/sonar-analysis/sonar-analysis/project/init/camel-bundle-plugin/target/camel-bundle-plugin-3.8.0-SNAPSHOT.jar): No plugin descriptor found at META-INF/maven/plugin.xml -> [Help 3]
[ERROR] Failed to parse plugin descriptor for org.apache.camel:camel-bundle-plugin:3.8.0-SNAPSHOT (/home/runner/work/sonar-analysis/sonar-analysis/project/init/camel-bundle-plugin/target/camel-bundle-plugin-3.8.0-SNAPSHOT.jar): No plugin descriptor found at META-INF/maven/plugin.xml -> [Help 3]
[ERROR] Plugin org.apache.camel:camel-api-component-maven-plugin:3.8.0-SNAPSHOT or one of its dependencies could not be resolved:
[ERROR] 	org.apache.camel:camel-api-component-maven-plugin:jar:3.8.0-SNAPSHOT was not found in https://repository.apache.org/snapshots/ during a previous attempt. This failure was cached in the local repository and resolution is not reattempted until the update interval of apache.snapshots has elapsed or updates are forced
[ERROR] -> [Help 2]
[ERROR] Failed to parse plugin descriptor for org.apache.camel:camel-bundle-plugin:3.8.0-SNAPSHOT (/home/runner/work/sonar-analysis/sonar-analysis/project/init/camel-bundle-plugin/target/camel-bundle-plugin-3.8.0-SNAPSHOT.jar): No plugin descriptor found at META-INF/maven/plugin.xml -> [Help 3]
[ERROR] Failed to parse plugin descriptor for org.apache.camel:camel-bundle-plugin:3.8.0-SNAPSHOT (/home/runner/work/sonar-analysis/sonar-analysis/project/init/camel-bundle-plugin/target/camel-bundle-plugin-3.8.0-SNAPSHOT.jar): No plugin descriptor found at META-INF/maven/plugin.xml -> [Help 3]
[ERROR] Failed to parse plugin descriptor for org.apache.camel:camel-bundle-plugin:3.8.0-SNAPSHOT (/home/runner/work/sonar-analysis/sonar-analysis/project/init/camel-bundle-plugin/target/camel-bundle-plugin-3.8.0-SNAPSHOT.jar): No plugin descriptor found at META-INF/maven/plugin.xml -> [Help 3]
[ERROR] Failed to parse plugin descriptor for org.apache.camel:camel-bundle-plugin:3.8.0-SNAPSHOT (/home/runner/work/sonar-analysis/sonar-analysis/project/init/camel-bundle-plugin/target/camel-bundle-plugin-3.8.0-SNAPSHOT.jar): No plugin descriptor found at META-INF/maven/plugin.xml -> [Help 3]
[ERROR] Failed to parse plugin descriptor for org.apache.camel:camel-bundle-plugin:3.8.0-SNAPSHOT (/home/runner/work/sonar-analysis/sonar-analysis/project/init/camel-bundle-plugin/target/camel-bundle-plugin-3.8.0-SNAPSHOT.jar): No plugin descriptor found at META-INF/maven/plugin.xml -> [Help 3]
[ERROR] Failed to parse plugin descriptor for org.apache.camel:camel-bundle-plugin:3.8.0-SNAPSHOT (/home/runner/work/sonar-analysis/sonar-analysis/project/init/camel-bundle-plugin/target/camel-bundle-plugin-3.8.0-SNAPSHOT.jar): No plugin descriptor found at META-INF/maven/plugin.xml -> [Help 3]
[ERROR] Failed to parse plugin descriptor for org.apache.camel:camel-bundle-plugin:3.8.0-SNAPSHOT (/home/runner/work/sonar-analysis/sonar-analysis/project/init/camel-bundle-plugin/target/camel-bundle-plugin-3.8.0-SNAPSHOT.jar): No plugin descriptor found at META-INF/maven/plugin.xml -> [Help 3]
[ERROR] Failed to parse plugin descriptor for org.apache.camel:camel-bundle-plugin:3.8.0-SNAPSHOT (/home/runner/work/sonar-analysis/sonar-analysis/project/init/camel-bundle-plugin/target/camel-bundle-plugin-3.8.0-SNAPSHOT.jar): No plugin descriptor found at META-INF/maven/plugin.xml -> [Help 3]
[ERROR] Failed to parse plugin descriptor for org.apache.camel:camel-bundle-plugin:3.8.0-SNAPSHOT (/home/runner/work/sonar-analysis/sonar-analysis/project/init/camel-bundle-plugin/target/camel-bundle-plugin-3.8.0-SNAPSHOT.jar): No plugin descriptor found at META-INF/maven/plugin.xml -> [Help 3]
[ERROR] Failed to parse plugin descriptor for org.apache.camel:camel-bundle-plugin:3.8.0-SNAPSHOT (/home/runner/work/sonar-analysis/sonar-analysis/project/init/camel-bundle-plugin/target/camel-bundle-plugin-3.8.0-SNAPSHOT.jar): No plugin descriptor found at META-INF/maven/plugin.xml -> [Help 3]
[ERROR] Failed to parse plugin descriptor for org.apache.camel:camel-bundle-plugin:3.8.0-SNAPSHOT (/home/runner/work/sonar-analysis/sonar-analysis/project/init/camel-bundle-plugin/target/camel-bundle-plugin-3.8.0-SNAPSHOT.jar): No plugin descriptor found at META-INF/maven/plugin.xml -> [Help 3]
[ERROR] Failed to parse plugin descriptor for org.apache.camel:camel-bundle-plugin:3.8.0-SNAPSHOT (/home/runner/work/sonar-analysis/sonar-analysis/project/init/camel-bundle-plugin/target/camel-bundle-plugin-3.8.0-SNAPSHOT.jar): No plugin descriptor found at META-INF/maven/plugin.xml -> [Help 3]
[ERROR] Plugin org.apache.camel:camel-api-component-maven-plugin:3.8.0-SNAPSHOT or one of its dependencies could not be resolved:
[ERROR] 	org.apache.camel:camel-api-component-maven-plugin:jar:3.8.0-SNAPSHOT was not found in https://repository.apache.org/snapshots/ during a previous attempt. This failure was cached in the local repository and resolution is not reattempted until the update interval of apache.snapshots has elapsed or updates are forced
[ERROR] -> [Help 2]
[ERROR] Plugin org.apache.camel:camel-api-component-maven-plugin:3.8.0-SNAPSHOT or one of its dependencies could not be resolved:
[ERROR] 	org.apache.camel:camel-api-component-maven-plugin:jar:3.8.0-SNAPSHOT was not found in https://repository.apache.org/snapshots/ during a previous attempt. This failure was cached in the local repository and resolution is not reattempted until the update interval of apache.snapshots has elapsed or updates are forced
[ERROR] -> [Help 2]
[ERROR] Plugin org.apache.camel:camel-api-component-maven-plugin:3.8.0-SNAPSHOT or one of its dependencies could not be resolved:
[ERROR] 	org.apache.camel:camel-api-component-maven-plugin:jar:3.8.0-SNAPSHOT was not found in https://repository.apache.org/snapshots/ during a previous attempt. This failure was cached in the local repository and resolution is not reattempted until the update interval of apache.snapshots has elapsed or updates are forced
[ERROR] -> [Help 2]
[ERROR] Failed to parse plugin descriptor for org.apache.camel:camel-bundle-plugin:3.8.0-SNAPSHOT (/home/runner/work/sonar-analysis/sonar-analysis/project/init/camel-bundle-plugin/target/camel-bundle-plugin-3.8.0-SNAPSHOT.jar): No plugin descriptor found at META-INF/maven/plugin.xml -> [Help 3]
[ERROR] Plugin org.apache.camel:camel-api-component-maven-plugin:3.8.0-SNAPSHOT or one of its dependencies could not be resolved:
[ERROR] 	org.apache.camel:camel-api-component-maven-plugin:jar:3.8.0-SNAPSHOT was not found in https://repository.apache.org/snapshots/ during a previous attempt. This failure was cached in the local repository and resolution is not reattempted until the update interval of apache.snapshots has elapsed or updates are forced
[ERROR] -> [Help 2]
[ERROR] Failed to parse plugin descriptor for org.apache.camel:camel-bundle-plugin:3.8.0-SNAPSHOT (/home/runner/work/sonar-analysis/sonar-analysis/project/init/camel-bundle-plugin/target/camel-bundle-plugin-3.8.0-SNAPSHOT.jar): No plugin descriptor found at META-INF/maven/plugin.xml -> [Help 3]
[ERROR] Failed to parse plugin descriptor for org.apache.camel:camel-bundle-plugin:3.8.0-SNAPSHOT (/home/runner/work/sonar-analysis/sonar-analysis/project/init/camel-bundle-plugin/target/camel-bundle-plugin-3.8.0-SNAPSHOT.jar): No plugin descriptor found at META-INF/maven/plugin.xml -> [Help 3]
[ERROR] Failed to parse plugin descriptor for org.apache.camel:camel-bundle-plugin:3.8.0-SNAPSHOT (/home/runner/work/sonar-analysis/sonar-analysis/project/init/camel-bundle-plugin/target/camel-bundle-plugin-3.8.0-SNAPSHOT.jar): No plugin descriptor found at META-INF/maven/plugin.xml -> [Help 3]
[ERROR] Failed to parse plugin descriptor for org.apache.camel:camel-bundle-plugin:3.8.0-SNAPSHOT (/home/runner/work/sonar-analysis/sonar-analysis/project/init/camel-bundle-plugin/target/camel-bundle-plugin-3.8.0-SNAPSHOT.jar): No plugin descriptor found at META-INF/maven/plugin.xml -> [Help 3]
[ERROR] Failed to parse plugin descriptor for org.apache.camel:camel-bundle-plugin:3.8.0-SNAPSHOT (/home/runner/work/sonar-analysis/sonar-analysis/project/init/camel-bundle-plugin/target/camel-bundle-plugin-3.8.0-SNAPSHOT.jar): No plugin descriptor found at META-INF/maven/plugin.xml -> [Help 3]
[ERROR] Failed to parse plugin descriptor for org.apache.camel:camel-bundle-plugin:3.8.0-SNAPSHOT (/home/runner/work/sonar-analysis/sonar-analysis/project/init/camel-bundle-plugin/target/camel-bundle-plugin-3.8.0-SNAPSHOT.jar): No plugin descriptor found at META-INF/maven/plugin.xml -> [Help 3]
[ERROR] Failed to parse plugin descriptor for org.apache.camel:camel-bundle-plugin:3.8.0-SNAPSHOT (/home/runner/work/sonar-analysis/sonar-analysis/project/init/camel-bundle-plugin/target/camel-bundle-plugin-3.8.0-SNAPSHOT.jar): No plugin descriptor found at META-INF/maven/plugin.xml -> [Help 3]
[ERROR] Failed to parse plugin descriptor for org.apache.camel:camel-bundle-plugin:3.8.0-SNAPSHOT (/home/runner/work/sonar-analysis/sonar-analysis/project/init/camel-bundle-plugin/target/camel-bundle-plugin-3.8.0-SNAPSHOT.jar): No plugin descriptor found at META-INF/maven/plugin.xml -> [Help 3]
[ERROR] Failed to parse plugin descriptor for org.apache.camel:camel-bundle-plugin:3.8.0-SNAPSHOT (/home/runner/work/sonar-analysis/sonar-analysis/project/init/camel-bundle-plugin/target/camel-bundle-plugin-3.8.0-SNAPSHOT.jar): No plugin descriptor found at META-INF/maven/plugin.xml -> [Help 3]
[ERROR] Failed to parse plugin descriptor for org.apache.camel:camel-bundle-plugin:3.8.0-SNAPSHOT (/home/runner/work/sonar-analysis/sonar-analysis/project/init/camel-bundle-plugin/target/camel-bundle-plugin-3.8.0-SNAPSHOT.jar): No plugin descriptor found at META-INF/maven/plugin.xml -> [Help 3]
[ERROR] Failed to parse plugin descriptor for org.apache.camel:camel-bundle-plugin:3.8.0-SNAPSHOT (/home/runner/work/sonar-analysis/sonar-analysis/project/init/camel-bundle-plugin/target/camel-bundle-plugin-3.8.0-SNAPSHOT.jar): No plugin descriptor found at META-INF/maven/plugin.xml -> [Help 3]
[ERROR] Failed to parse plugin descriptor for org.apache.camel:camel-bundle-plugin:3.8.0-SNAPSHOT (/home/runner/work/sonar-analysis/sonar-analysis/project/init/camel-bundle-plugin/target/camel-bundle-plugin-3.8.0-SNAPSHOT.jar): No plugin descriptor found at META-INF/maven/plugin.xml -> [Help 3]
[ERROR] Failed to parse plugin descriptor for org.apache.camel:camel-bundle-plugin:3.8.0-SNAPSHOT (/home/runner/work/sonar-analysis/sonar-analysis/project/init/camel-bundle-plugin/target/camel-bundle-plugin-3.8.0-SNAPSHOT.jar): No plugin descriptor found at META-INF/maven/plugin.xml -> [Help 3]
[ERROR] Failed to parse plugin descriptor for org.apache.camel:camel-bundle-plugin:3.8.0-SNAPSHOT (/home/runner/work/sonar-analysis/sonar-analysis/project/init/camel-bundle-plugin/target/camel-bundle-plugin-3.8.0-SNAPSHOT.jar): No plugin descriptor found at META-INF/maven/plugin.xml -> [Help 3]
[ERROR] Failed to parse plugin descriptor for org.apache.camel:camel-bundle-plugin:3.8.0-SNAPSHOT (/home/runner/work/sonar-analysis/sonar-analysis/project/init/camel-bundle-plugin/target/camel-bundle-plugin-3.8.0-SNAPSHOT.jar): No plugin descriptor found at META-INF/maven/plugin.xml -> [Help 3]
[ERROR] Failed to parse plugin descriptor for org.apache.camel:camel-bundle-plugin:3.8.0-SNAPSHOT (/home/runner/work/sonar-analysis/sonar-analysis/project/init/camel-bundle-plugin/target/camel-bundle-plugin-3.8.0-SNAPSHOT.jar): No plugin descriptor found at META-INF/maven/plugin.xml -> [Help 3]
[ERROR] Failed to parse plugin descriptor for org.apache.camel:camel-bundle-plugin:3.8.0-SNAPSHOT (/home/runner/work/sonar-analysis/sonar-analysis/project/init/camel-bundle-plugin/target/camel-bundle-plugin-3.8.0-SNAPSHOT.jar): No plugin descriptor found at META-INF/maven/plugin.xml -> [Help 3]
[ERROR] Failed to parse plugin descriptor for org.apache.camel:camel-bundle-plugin:3.8.0-SNAPSHOT (/home/runner/work/sonar-analysis/sonar-analysis/project/init/camel-bundle-plugin/target/camel-bundle-plugin-3.8.0-SNAPSHOT.jar): No plugin descriptor found at META-INF/maven/plugin.xml -> [Help 3]
[ERROR] Failed to parse plugin descriptor for org.apache.camel:camel-bundle-plugin:3.8.0-SNAPSHOT (/home/runner/work/sonar-analysis/sonar-analysis/project/init/camel-bundle-plugin/target/camel-bundle-plugin-3.8.0-SNAPSHOT.jar): No plugin descriptor found at META-INF/maven/plugin.xml -> [Help 3]
[ERROR] Failed to parse plugin descriptor for org.apache.camel:camel-bundle-plugin:3.8.0-SNAPSHOT (/home/runner/work/sonar-analysis/sonar-analysis/project/init/camel-bundle-plugin/target/camel-bundle-plugin-3.8.0-SNAPSHOT.jar): No plugin descriptor found at META-INF/maven/plugin.xml -> [Help 3]
[ERROR] Failed to parse plugin descriptor for org.apache.camel:camel-bundle-plugin:3.8.0-SNAPSHOT (/home/runner/work/sonar-analysis/sonar-analysis/project/init/camel-bundle-plugin/target/camel-bundle-plugin-3.8.0-SNAPSHOT.jar): No plugin descriptor found at META-INF/maven/plugin.xml -> [Help 3]
[ERROR] Failed to parse plugin descriptor for org.apache.camel:camel-bundle-plugin:3.8.0-SNAPSHOT (/home/runner/work/sonar-analysis/sonar-analysis/project/init/camel-bundle-plugin/target/camel-bundle-plugin-3.8.0-SNAPSHOT.jar): No plugin descriptor found at META-INF/maven/plugin.xml -> [Help 3]
[ERROR] Failed to parse plugin descriptor for org.apache.camel:camel-bundle-plugin:3.8.0-SNAPSHOT (/home/runner/work/sonar-analysis/sonar-analysis/project/init/camel-bundle-plugin/target/camel-bundle-plugin-3.8.0-SNAPSHOT.jar): No plugin descriptor found at META-INF/maven/plugin.xml -> [Help 3]
[ERROR] Failed to parse plugin descriptor for org.apache.camel:camel-bundle-plugin:3.8.0-SNAPSHOT (/home/runner/work/sonar-analysis/sonar-analysis/project/init/camel-bundle-plugin/target/camel-bundle-plugin-3.8.0-SNAPSHOT.jar): No plugin descriptor found at META-INF/maven/plugin.xml -> [Help 3]
[ERROR] Failed to parse plugin descriptor for org.apache.camel:camel-bundle-plugin:3.8.0-SNAPSHOT (/home/runner/work/sonar-analysis/sonar-analysis/project/init/camel-bundle-plugin/target/camel-bundle-plugin-3.8.0-SNAPSHOT.jar): No plugin descriptor found at META-INF/maven/plugin.xml -> [Help 3]
[ERROR] Failed to parse plugin descriptor for org.apache.camel:camel-bundle-plugin:3.8.0-SNAPSHOT (/home/runner/work/sonar-analysis/sonar-analysis/project/init/camel-bundle-plugin/target/camel-bundle-plugin-3.8.0-SNAPSHOT.jar): No plugin descriptor found at META-INF/maven/plugin.xml -> [Help 3]
[ERROR] Failed to parse plugin descriptor for org.apache.camel:camel-bundle-plugin:3.8.0-SNAPSHOT (/home/runner/work/sonar-analysis/sonar-analysis/project/init/camel-bundle-plugin/target/camel-bundle-plugin-3.8.0-SNAPSHOT.jar): No plugin descriptor found at META-INF/maven/plugin.xml -> [Help 3]
[ERROR] Failed to parse plugin descriptor for org.apache.camel:camel-bundle-plugin:3.8.0-SNAPSHOT (/home/runner/work/sonar-analysis/sonar-analysis/project/init/camel-bundle-plugin/target/camel-bundle-plugin-3.8.0-SNAPSHOT.jar): No plugin descriptor found at META-INF/maven/plugin.xml -> [Help 3]
[ERROR] Failed to parse plugin descriptor for org.apache.camel:camel-bundle-plugin:3.8.0-SNAPSHOT (/home/runner/work/sonar-analysis/sonar-analysis/project/init/camel-bundle-plugin/target/camel-bundle-plugin-3.8.0-SNAPSHOT.jar): No plugin descriptor found at META-INF/maven/plugin.xml -> [Help 3]
[ERROR] Failed to parse plugin descriptor for org.apache.camel:camel-bundle-plugin:3.8.0-SNAPSHOT (/home/runner/work/sonar-analysis/sonar-analysis/project/init/camel-bundle-plugin/target/camel-bundle-plugin-3.8.0-SNAPSHOT.jar): No plugin descriptor found at META-INF/maven/plugin.xml -> [Help 3]
[ERROR] Failed to parse plugin descriptor for org.apache.camel:camel-bundle-plugin:3.8.0-SNAPSHOT (/home/runner/work/sonar-analysis/sonar-analysis/project/init/camel-bundle-plugin/target/camel-bundle-plugin-3.8.0-SNAPSHOT.jar): No plugin descriptor found at META-INF/maven/plugin.xml -> [Help 3]
[ERROR] Failed to parse plugin descriptor for org.apache.camel:camel-bundle-plugin:3.8.0-SNAPSHOT (/home/runner/work/sonar-analysis/sonar-analysis/project/init/camel-bundle-plugin/target/camel-bundle-plugin-3.8.0-SNAPSHOT.jar): No plugin descriptor found at META-INF/maven/plugin.xml -> [Help 3]
[ERROR] Failed to parse plugin descriptor for org.apache.camel:camel-bundle-plugin:3.8.0-SNAPSHOT (/home/runner/work/sonar-analysis/sonar-analysis/project/init/camel-bundle-plugin/target/camel-bundle-plugin-3.8.0-SNAPSHOT.jar): No plugin descriptor found at META-INF/maven/plugin.xml -> [Help 3]
[ERROR] Failed to parse plugin descriptor for org.apache.camel:camel-bundle-plugin:3.8.0-SNAPSHOT (/home/runner/work/sonar-analysis/sonar-analysis/project/init/camel-bundle-plugin/target/camel-bundle-plugin-3.8.0-SNAPSHOT.jar): No plugin descriptor found at META-INF/maven/plugin.xml -> [Help 3]
[ERROR] Failed to parse plugin descriptor for org.apache.camel:camel-bundle-plugin:3.8.0-SNAPSHOT (/home/runner/work/sonar-analysis/sonar-analysis/project/init/camel-bundle-plugin/target/camel-bundle-plugin-3.8.0-SNAPSHOT.jar): No plugin descriptor found at META-INF/maven/plugin.xml -> [Help 3]
[ERROR] Failed to parse plugin descriptor for org.apache.camel:camel-bundle-plugin:3.8.0-SNAPSHOT (/home/runner/work/sonar-analysis/sonar-analysis/project/init/camel-bundle-plugin/target/camel-bundle-plugin-3.8.0-SNAPSHOT.jar): No plugin descriptor found at META-INF/maven/plugin.xml -> [Help 3]
[ERROR] Failed to parse plugin descriptor for org.apache.camel:camel-bundle-plugin:3.8.0-SNAPSHOT (/home/runner/work/sonar-analysis/sonar-analysis/project/init/camel-bundle-plugin/target/camel-bundle-plugin-3.8.0-SNAPSHOT.jar): No plugin descriptor found at META-INF/maven/plugin.xml -> [Help 3]
[ERROR] Failed to parse plugin descriptor for org.apache.camel:camel-bundle-plugin:3.8.0-SNAPSHOT (/home/runner/work/sonar-analysis/sonar-analysis/project/init/camel-bundle-plugin/target/camel-bundle-plugin-3.8.0-SNAPSHOT.jar): No plugin descriptor found at META-INF/maven/plugin.xml -> [Help 3]
[ERROR] Failed to parse plugin descriptor for org.apache.camel:camel-bundle-plugin:3.8.0-SNAPSHOT (/home/runner/work/sonar-analysis/sonar-analysis/project/init/camel-bundle-plugin/target/camel-bundle-plugin-3.8.0-SNAPSHOT.jar): No plugin descriptor found at META-INF/maven/plugin.xml -> [Help 3]
[ERROR] Failed to parse plugin descriptor for org.apache.camel:camel-bundle-plugin:3.8.0-SNAPSHOT (/home/runner/work/sonar-analysis/sonar-analysis/project/init/camel-bundle-plugin/target/camel-bundle-plugin-3.8.0-SNAPSHOT.jar): No plugin descriptor found at META-INF/maven/plugin.xml -> [Help 3]
[ERROR] Failed to parse plugin descriptor for org.apache.camel:camel-bundle-plugin:3.8.0-SNAPSHOT (/home/runner/work/sonar-analysis/sonar-analysis/project/init/camel-bundle-plugin/target/camel-bundle-plugin-3.8.0-SNAPSHOT.jar): No plugin descriptor found at META-INF/maven/plugin.xml -> [Help 3]
[ERROR] Failed to parse plugin descriptor for org.apache.camel:camel-bundle-plugin:3.8.0-SNAPSHOT (/home/runner/work/sonar-analysis/sonar-analysis/project/init/camel-bundle-plugin/target/camel-bundle-plugin-3.8.0-SNAPSHOT.jar): No plugin descriptor found at META-INF/maven/plugin.xml -> [Help 3]
[ERROR] Failed to parse plugin descriptor for org.apache.camel:camel-bundle-plugin:3.8.0-SNAPSHOT (/home/runner/work/sonar-analysis/sonar-analysis/project/init/camel-bundle-plugin/target/camel-bundle-plugin-3.8.0-SNAPSHOT.jar): No plugin descriptor found at META-INF/maven/plugin.xml -> [Help 3]
[ERROR] Failed to parse plugin descriptor for org.apache.camel:camel-bundle-plugin:3.8.0-SNAPSHOT (/home/runner/work/sonar-analysis/sonar-analysis/project/init/camel-bundle-plugin/target/camel-bundle-plugin-3.8.0-SNAPSHOT.jar): No plugin descriptor found at META-INF/maven/plugin.xml -> [Help 3]
[ERROR] Failed to parse plugin descriptor for org.apache.camel:camel-bundle-plugin:3.8.0-SNAPSHOT (/home/runner/work/sonar-analysis/sonar-analysis/project/init/camel-bundle-plugin/target/camel-bundle-plugin-3.8.0-SNAPSHOT.jar): No plugin descriptor found at META-INF/maven/plugin.xml -> [Help 3]
[ERROR] Failed to parse plugin descriptor for org.apache.camel:camel-bundle-plugin:3.8.0-SNAPSHOT (/home/runner/work/sonar-analysis/sonar-analysis/project/init/camel-bundle-plugin/target/camel-bundle-plugin-3.8.0-SNAPSHOT.jar): No plugin descriptor found at META-INF/maven/plugin.xml -> [Help 3]
[ERROR] Failed to parse plugin descriptor for org.apache.camel:camel-bundle-plugin:3.8.0-SNAPSHOT (/home/runner/work/sonar-analysis/sonar-analysis/project/init/camel-bundle-plugin/target/camel-bundle-plugin-3.8.0-SNAPSHOT.jar): No plugin descriptor found at META-INF/maven/plugin.xml -> [Help 3]
[ERROR] Failed to parse plugin descriptor for org.apache.camel:camel-bundle-plugin:3.8.0-SNAPSHOT (/home/runner/work/sonar-analysis/sonar-analysis/project/init/camel-bundle-plugin/target/camel-bundle-plugin-3.8.0-SNAPSHOT.jar): No plugin descriptor found at META-INF/maven/plugin.xml -> [Help 3]
[ERROR] Failed to parse plugin descriptor for org.apache.camel:camel-bundle-plugin:3.8.0-SNAPSHOT (/home/runner/work/sonar-analysis/sonar-analysis/project/init/camel-bundle-plugin/target/camel-bundle-plugin-3.8.0-SNAPSHOT.jar): No plugin descriptor found at META-INF/maven/plugin.xml -> [Help 3]
[ERROR] Failed to parse plugin descriptor for org.apache.camel:camel-bundle-plugin:3.8.0-SNAPSHOT (/home/runner/work/sonar-analysis/sonar-analysis/project/init/camel-bundle-plugin/target/camel-bundle-plugin-3.8.0-SNAPSHOT.jar): No plugin descriptor found at META-INF/maven/plugin.xml -> [Help 3]
[ERROR] Failed to parse plugin descriptor for org.apache.camel:camel-bundle-plugin:3.8.0-SNAPSHOT (/home/runner/work/sonar-analysis/sonar-analysis/project/init/camel-bundle-plugin/target/camel-bundle-plugin-3.8.0-SNAPSHOT.jar): No plugin descriptor found at META-INF/maven/plugin.xml -> [Help 3]
[ERROR] Failed to parse plugin descriptor for org.apache.camel:camel-bundle-plugin:3.8.0-SNAPSHOT (/home/runner/work/sonar-analysis/sonar-analysis/project/init/camel-bundle-plugin/target/camel-bundle-plugin-3.8.0-SNAPSHOT.jar): No plugin descriptor found at META-INF/maven/plugin.xml -> [Help 3]
[ERROR] Failed to parse plugin descriptor for org.apache.camel:camel-bundle-plugin:3.8.0-SNAPSHOT (/home/runner/work/sonar-analysis/sonar-analysis/project/init/camel-bundle-plugin/target/camel-bundle-plugin-3.8.0-SNAPSHOT.jar): No plugin descriptor found at META-INF/maven/plugin.xml -> [Help 3]
[ERROR] Failed to parse plugin descriptor for org.apache.camel:camel-bundle-plugin:3.8.0-SNAPSHOT (/home/runner/work/sonar-analysis/sonar-analysis/project/init/camel-bundle-plugin/target/camel-bundle-plugin-3.8.0-SNAPSHOT.jar): No plugin descriptor found at META-INF/maven/plugin.xml -> [Help 3]
[ERROR] Failed to parse plugin descriptor for org.apache.camel:camel-bundle-plugin:3.8.0-SNAPSHOT (/home/runner/work/sonar-analysis/sonar-analysis/project/init/camel-bundle-plugin/target/camel-bundle-plugin-3.8.0-SNAPSHOT.jar): No plugin descriptor found at META-INF/maven/plugin.xml -> [Help 3]
[ERROR] Failed to parse plugin descriptor for org.apache.camel:camel-bundle-plugin:3.8.0-SNAPSHOT (/home/runner/work/sonar-analysis/sonar-analysis/project/init/camel-bundle-plugin/target/camel-bundle-plugin-3.8.0-SNAPSHOT.jar): No plugin descriptor found at META-INF/maven/plugin.xml -> [Help 3]
[ERROR] Failed to parse plugin descriptor for org.apache.camel:camel-bundle-plugin:3.8.0-SNAPSHOT (/home/runner/work/sonar-analysis/sonar-analysis/project/init/camel-bundle-plugin/target/camel-bundle-plugin-3.8.0-SNAPSHOT.jar): No plugin descriptor found at META-INF/maven/plugin.xml -> [Help 3]
[ERROR] Failed to parse plugin descriptor for org.apache.camel:camel-bundle-plugin:3.8.0-SNAPSHOT (/home/runner/work/sonar-analysis/sonar-analysis/project/init/camel-bundle-plugin/target/camel-bundle-plugin-3.8.0-SNAPSHOT.jar): No plugin descriptor found at META-INF/maven/plugin.xml -> [Help 3]
[ERROR] Failed to parse plugin descriptor for org.apache.camel:camel-bundle-plugin:3.8.0-SNAPSHOT (/home/runner/work/sonar-analysis/sonar-analysis/project/init/camel-bundle-plugin/target/camel-bundle-plugin-3.8.0-SNAPSHOT.jar): No plugin descriptor found at META-INF/maven/plugin.xml -> [Help 3]
[ERROR] Failed to parse plugin descriptor for org.apache.camel:camel-bundle-plugin:3.8.0-SNAPSHOT (/home/runner/work/sonar-analysis/sonar-analysis/project/init/camel-bundle-plugin/target/camel-bundle-plugin-3.8.0-SNAPSHOT.jar): No plugin descriptor found at META-INF/maven/plugin.xml -> [Help 3]
[ERROR] Failed to parse plugin descriptor for org.apache.camel:camel-bundle-plugin:3.8.0-SNAPSHOT (/home/runner/work/sonar-analysis/sonar-analysis/project/init/camel-bundle-plugin/target/camel-bundle-plugin-3.8.0-SNAPSHOT.jar): No plugin descriptor found at META-INF/maven/plugin.xml -> [Help 3]
[ERROR] Failed to parse plugin descriptor for org.apache.camel:camel-bundle-plugin:3.8.0-SNAPSHOT (/home/runner/work/sonar-analysis/sonar-analysis/project/init/camel-bundle-plugin/target/camel-bundle-plugin-3.8.0-SNAPSHOT.jar): No plugin descriptor found at META-INF/maven/plugin.xml -> [Help 3]
[ERROR] Failed to parse plugin descriptor for org.apache.camel:camel-bundle-plugin:3.8.0-SNAPSHOT (/home/runner/work/sonar-analysis/sonar-analysis/project/init/camel-bundle-plugin/target/camel-bundle-plugin-3.8.0-SNAPSHOT.jar): No plugin descriptor found at META-INF/maven/plugin.xml -> [Help 3]
[ERROR] Failed to parse plugin descriptor for org.apache.camel:camel-bundle-plugin:3.8.0-SNAPSHOT (/home/runner/work/sonar-analysis/sonar-analysis/project/init/camel-bundle-plugin/target/camel-bundle-plugin-3.8.0-SNAPSHOT.jar): No plugin descriptor found at META-INF/maven/plugin.xml -> [Help 3]
[ERROR] Failed to parse plugin descriptor for org.apache.camel:camel-bundle-plugin:3.8.0-SNAPSHOT (/home/runner/work/sonar-analysis/sonar-analysis/project/init/camel-bundle-plugin/target/camel-bundle-plugin-3.8.0-SNAPSHOT.jar): No plugin descriptor found at META-INF/maven/plugin.xml -> [Help 3]
[ERROR] Failed to parse plugin descriptor for org.apache.camel:camel-bundle-plugin:3.8.0-SNAPSHOT (/home/runner/work/sonar-analysis/sonar-analysis/project/init/camel-bundle-plugin/target/camel-bundle-plugin-3.8.0-SNAPSHOT.jar): No plugin descriptor found at META-INF/maven/plugin.xml -> [Help 3]
[ERROR] Failed to parse plugin descriptor for org.apache.camel:camel-bundle-plugin:3.8.0-SNAPSHOT (/home/runner/work/sonar-analysis/sonar-analysis/project/init/camel-bundle-plugin/target/camel-bundle-plugin-3.8.0-SNAPSHOT.jar): No plugin descriptor found at META-INF/maven/plugin.xml -> [Help 3]
[ERROR] Failed to parse plugin descriptor for org.apache.camel:camel-bundle-plugin:3.8.0-SNAPSHOT (/home/runner/work/sonar-analysis/sonar-analysis/project/init/camel-bundle-plugin/target/camel-bundle-plugin-3.8.0-SNAPSHOT.jar): No plugin descriptor found at META-INF/maven/plugin.xml -> [Help 3]
[ERROR] Failed to parse plugin descriptor for org.apache.camel:camel-bundle-plugin:3.8.0-SNAPSHOT (/home/runner/work/sonar-analysis/sonar-analysis/project/init/camel-bundle-plugin/target/camel-bundle-plugin-3.8.0-SNAPSHOT.jar): No plugin descriptor found at META-INF/maven/plugin.xml -> [Help 3]
[ERROR] Failed to parse plugin descriptor for org.apache.camel:camel-bundle-plugin:3.8.0-SNAPSHOT (/home/runner/work/sonar-analysis/sonar-analysis/project/init/camel-bundle-plugin/target/camel-bundle-plugin-3.8.0-SNAPSHOT.jar): No plugin descriptor found at META-INF/maven/plugin.xml -> [Help 3]
[ERROR] Failed to parse plugin descriptor for org.apache.camel:camel-bundle-plugin:3.8.0-SNAPSHOT (/home/runner/work/sonar-analysis/sonar-analysis/project/init/camel-bundle-plugin/target/camel-bundle-plugin-3.8.0-SNAPSHOT.jar): No plugin descriptor found at META-INF/maven/plugin.xml -> [Help 3]
[ERROR] Failed to parse plugin descriptor for org.apache.camel:camel-bundle-plugin:3.8.0-SNAPSHOT (/home/runner/work/sonar-analysis/sonar-analysis/project/init/camel-bundle-plugin/target/camel-bundle-plugin-3.8.0-SNAPSHOT.jar): No plugin descriptor found at META-INF/maven/plugin.xml -> [Help 3]
[ERROR] Failed to parse plugin descriptor for org.apache.camel:camel-bundle-plugin:3.8.0-SNAPSHOT (/home/runner/work/sonar-analysis/sonar-analysis/project/init/camel-bundle-plugin/target/camel-bundle-plugin-3.8.0-SNAPSHOT.jar): No plugin descriptor found at META-INF/maven/plugin.xml -> [Help 3]
[ERROR] Failed to parse plugin descriptor for org.apache.camel:camel-bundle-plugin:3.8.0-SNAPSHOT (/home/runner/work/sonar-analysis/sonar-analysis/project/init/camel-bundle-plugin/target/camel-bundle-plugin-3.8.0-SNAPSHOT.jar): No plugin descriptor found at META-INF/maven/plugin.xml -> [Help 3]
[ERROR] Failed to parse plugin descriptor for org.apache.camel:camel-bundle-plugin:3.8.0-SNAPSHOT (/home/runner/work/sonar-analysis/sonar-analysis/project/init/camel-bundle-plugin/target/camel-bundle-plugin-3.8.0-SNAPSHOT.jar): No plugin descriptor found at META-INF/maven/plugin.xml -> [Help 3]
[ERROR] Failed to parse plugin descriptor for org.apache.camel:camel-bundle-plugin:3.8.0-SNAPSHOT (/home/runner/work/sonar-analysis/sonar-analysis/project/init/camel-bundle-plugin/target/camel-bundle-plugin-3.8.0-SNAPSHOT.jar): No plugin descriptor found at META-INF/maven/plugin.xml -> [Help 3]
[ERROR] Failed to parse plugin descriptor for org.apache.camel:camel-bundle-plugin:3.8.0-SNAPSHOT (/home/runner/work/sonar-analysis/sonar-analysis/project/init/camel-bundle-plugin/target/camel-bundle-plugin-3.8.0-SNAPSHOT.jar): No plugin descriptor found at META-INF/maven/plugin.xml -> [Help 3]
[ERROR] Failed to parse plugin descriptor for org.apache.camel:camel-bundle-plugin:3.8.0-SNAPSHOT (/home/runner/work/sonar-analysis/sonar-analysis/project/init/camel-bundle-plugin/target/camel-bundle-plugin-3.8.0-SNAPSHOT.jar): No plugin descriptor found at META-INF/maven/plugin.xml -> [Help 3]
[ERROR] Failed to parse plugin descriptor for org.apache.camel:camel-bundle-plugin:3.8.0-SNAPSHOT (/home/runner/work/sonar-analysis/sonar-analysis/project/init/camel-bundle-plugin/target/camel-bundle-plugin-3.8.0-SNAPSHOT.jar): No plugin descriptor found at META-INF/maven/plugin.xml -> [Help 3]
[ERROR] Failed to parse plugin descriptor for org.apache.camel:camel-bundle-plugin:3.8.0-SNAPSHOT (/home/runner/work/sonar-analysis/sonar-analysis/project/init/camel-bundle-plugin/target/camel-bundle-plugin-3.8.0-SNAPSHOT.jar): No plugin descriptor found at META-INF/maven/plugin.xml -> [Help 3]
[ERROR] Failed to parse plugin descriptor for org.apache.camel:camel-bundle-plugin:3.8.0-SNAPSHOT (/home/runner/work/sonar-analysis/sonar-analysis/project/init/camel-bundle-plugin/target/camel-bundle-plugin-3.8.0-SNAPSHOT.jar): No plugin descriptor found at META-INF/maven/plugin.xml -> [Help 3]
[ERROR] Failed to parse plugin descriptor for org.apache.camel:camel-bundle-plugin:3.8.0-SNAPSHOT (/home/runner/work/sonar-analysis/sonar-analysis/project/init/camel-bundle-plugin/target/camel-bundle-plugin-3.8.0-SNAPSHOT.jar): No plugin descriptor found at META-INF/maven/plugin.xml -> [Help 3]
[ERROR] Failed to parse plugin descriptor for org.apache.camel:camel-bundle-plugin:3.8.0-SNAPSHOT (/home/runner/work/sonar-analysis/sonar-analysis/project/init/camel-bundle-plugin/target/camel-bundle-plugin-3.8.0-SNAPSHOT.jar): No plugin descriptor found at META-INF/maven/plugin.xml -> [Help 3]
[ERROR] Failed to parse plugin descriptor for org.apache.camel:camel-bundle-plugin:3.8.0-SNAPSHOT (/home/runner/work/sonar-analysis/sonar-analysis/project/init/camel-bundle-plugin/target/camel-bundle-plugin-3.8.0-SNAPSHOT.jar): No plugin descriptor found at META-INF/maven/plugin.xml -> [Help 3]
[ERROR] Failed to parse plugin descriptor for org.apache.camel:camel-bundle-plugin:3.8.0-SNAPSHOT (/home/runner/work/sonar-analysis/sonar-analysis/project/init/camel-bundle-plugin/target/camel-bundle-plugin-3.8.0-SNAPSHOT.jar): No plugin descriptor found at META-INF/maven/plugin.xml -> [Help 3]
[ERROR] Failed to parse plugin descriptor for org.apache.camel:camel-bundle-plugin:3.8.0-SNAPSHOT (/home/runner/work/sonar-analysis/sonar-analysis/project/init/camel-bundle-plugin/target/camel-bundle-plugin-3.8.0-SNAPSHOT.jar): No plugin descriptor found at META-INF/maven/plugin.xml -> [Help 3]
[ERROR] Plugin org.apache.camel:camel-api-component-maven-plugin:3.8.0-SNAPSHOT or one of its dependencies could not be resolved:
[ERROR] 	org.apache.camel:camel-api-component-maven-plugin:jar:3.8.0-SNAPSHOT was not found in https://repository.apache.org/snapshots/ during a previous attempt. This failure was cached in the local repository and resolution is not reattempted until the update interval of apache.snapshots has elapsed or updates are forced
[ERROR] -> [Help 2]
[ERROR] Failed to parse plugin descriptor for org.apache.camel:camel-bundle-plugin:3.8.0-SNAPSHOT (/home/runner/work/sonar-analysis/sonar-analysis/project/init/camel-bundle-plugin/target/camel-bundle-plugin-3.8.0-SNAPSHOT.jar): No plugin descriptor found at META-INF/maven/plugin.xml -> [Help 3]
[ERROR] Failed to parse plugin descriptor for org.apache.camel:camel-bundle-plugin:3.8.0-SNAPSHOT (/home/runner/work/sonar-analysis/sonar-analysis/project/init/camel-bundle-plugin/target/camel-bundle-plugin-3.8.0-SNAPSHOT.jar): No plugin descriptor found at META-INF/maven/plugin.xml -> [Help 3]
[ERROR] Plugin org.apache.camel:camel-api-component-maven-plugin:3.8.0-SNAPSHOT or one of its dependencies could not be resolved:
[ERROR] 	org.apache.camel:camel-api-component-maven-plugin:jar:3.8.0-SNAPSHOT was not found in https://repository.apache.org/snapshots/ during a previous attempt. This failure was cached in the local repository and resolution is not reattempted until the update interval of apache.snapshots has elapsed or updates are forced
[ERROR] -> [Help 2]
[ERROR] Failed to parse plugin descriptor for org.apache.camel:camel-bundle-plugin:3.8.0-SNAPSHOT (/home/runner/work/sonar-analysis/sonar-analysis/project/init/camel-bundle-plugin/target/camel-bundle-plugin-3.8.0-SNAPSHOT.jar): No plugin descriptor found at META-INF/maven/plugin.xml -> [Help 3]
[ERROR] Failed to parse plugin descriptor for org.apache.camel:camel-bundle-plugin:3.8.0-SNAPSHOT (/home/runner/work/sonar-analysis/sonar-analysis/project/init/camel-bundle-plugin/target/camel-bundle-plugin-3.8.0-SNAPSHOT.jar): No plugin descriptor found at META-INF/maven/plugin.xml -> [Help 3]
[ERROR] Failed to parse plugin descriptor for org.apache.camel:camel-bundle-plugin:3.8.0-SNAPSHOT (/home/runner/work/sonar-analysis/sonar-analysis/project/init/camel-bundle-plugin/target/camel-bundle-plugin-3.8.0-SNAPSHOT.jar): No plugin descriptor found at META-INF/maven/plugin.xml -> [Help 3]
[ERROR] Failed to parse plugin descriptor for org.apache.camel:camel-bundle-plugin:3.8.0-SNAPSHOT (/home/runner/work/sonar-analysis/sonar-analysis/project/init/camel-bundle-plugin/target/camel-bundle-plugin-3.8.0-SNAPSHOT.jar): No plugin descriptor found at META-INF/maven/plugin.xml -> [Help 3]
[ERROR] Failed to parse plugin descriptor for org.apache.camel:camel-bundle-plugin:3.8.0-SNAPSHOT (/home/runner/work/sonar-analysis/sonar-analysis/project/init/camel-bundle-plugin/target/camel-bundle-plugin-3.8.0-SNAPSHOT.jar): No plugin descriptor found at META-INF/maven/plugin.xml -> [Help 3]
[ERROR] Failed to parse plugin descriptor for org.apache.camel:camel-bundle-plugin:3.8.0-SNAPSHOT (/home/runner/work/sonar-analysis/sonar-analysis/project/init/camel-bundle-plugin/target/camel-bundle-plugin-3.8.0-SNAPSHOT.jar): No plugin descriptor found at META-INF/maven/plugin.xml -> [Help 3]
[ERROR] Failed to parse plugin descriptor for org.apache.camel:camel-bundle-plugin:3.8.0-SNAPSHOT (/home/runner/work/sonar-analysis/sonar-analysis/project/init/camel-bundle-plugin/target/camel-bundle-plugin-3.8.0-SNAPSHOT.jar): No plugin descriptor found at META-INF/maven/plugin.xml -> [Help 3]
[ERROR] Failed to parse plugin descriptor for org.apache.camel:camel-bundle-plugin:3.8.0-SNAPSHOT (/home/runner/work/sonar-analysis/sonar-analysis/project/init/camel-bundle-plugin/target/camel-bundle-plugin-3.8.0-SNAPSHOT.jar): No plugin descriptor found at META-INF/maven/plugin.xml -> [Help 3]
[ERROR] Failed to parse plugin descriptor for org.apache.camel:camel-bundle-plugin:3.8.0-SNAPSHOT (/home/runner/work/sonar-analysis/sonar-analysis/project/init/camel-bundle-plugin/target/camel-bundle-plugin-3.8.0-SNAPSHOT.jar): No plugin descriptor found at META-INF/maven/plugin.xml -> [Help 3]
[ERROR] Failed to parse plugin descriptor for org.apache.camel:camel-bundle-plugin:3.8.0-SNAPSHOT (/home/runner/work/sonar-analysis/sonar-analysis/project/init/camel-bundle-plugin/target/camel-bundle-plugin-3.8.0-SNAPSHOT.jar): No plugin descriptor found at META-INF/maven/plugin.xml -> [Help 3]
[ERROR] Failed to parse plugin descriptor for org.apache.camel:camel-bundle-plugin:3.8.0-SNAPSHOT (/home/runner/work/sonar-analysis/sonar-analysis/project/init/camel-bundle-plugin/target/camel-bundle-plugin-3.8.0-SNAPSHOT.jar): No plugin descriptor found at META-INF/maven/plugin.xml -> [Help 3]
[ERROR] Failed to parse plugin descriptor for org.apache.camel:camel-bundle-plugin:3.8.0-SNAPSHOT (/home/runner/work/sonar-analysis/sonar-analysis/project/init/camel-bundle-plugin/target/camel-bundle-plugin-3.8.0-SNAPSHOT.jar): No plugin descriptor found at META-INF/maven/plugin.xml -> [Help 3]
[ERROR] Failed to parse plugin descriptor for org.apache.camel:camel-bundle-plugin:3.8.0-SNAPSHOT (/home/runner/work/sonar-analysis/sonar-analysis/project/init/camel-bundle-plugin/target/camel-bundle-plugin-3.8.0-SNAPSHOT.jar): No plugin descriptor found at META-INF/maven/plugin.xml -> [Help 3]
[ERROR] Failed to parse plugin descriptor for org.apache.camel:camel-bundle-plugin:3.8.0-SNAPSHOT (/home/runner/work/sonar-analysis/sonar-analysis/project/init/camel-bundle-plugin/target/camel-bundle-plugin-3.8.0-SNAPSHOT.jar): No plugin descriptor found at META-INF/maven/plugin.xml -> [Help 3]
[ERROR] Failed to parse plugin descriptor for org.apache.camel:camel-bundle-plugin:3.8.0-SNAPSHOT (/home/runner/work/sonar-analysis/sonar-analysis/project/init/camel-bundle-plugin/target/camel-bundle-plugin-3.8.0-SNAPSHOT.jar): No plugin descriptor found at META-INF/maven/plugin.xml -> [Help 3]
[ERROR] Failed to parse plugin descriptor for org.apache.camel:camel-bundle-plugin:3.8.0-SNAPSHOT (/home/runner/work/sonar-analysis/sonar-analysis/project/init/camel-bundle-plugin/target/camel-bundle-plugin-3.8.0-SNAPSHOT.jar): No plugin descriptor found at META-INF/maven/plugin.xml -> [Help 3]
[ERROR] Failed to parse plugin descriptor for org.apache.camel:camel-bundle-plugin:3.8.0-SNAPSHOT (/home/runner/work/sonar-analysis/sonar-analysis/project/init/camel-bundle-plugin/target/camel-bundle-plugin-3.8.0-SNAPSHOT.jar): No plugin descriptor found at META-INF/maven/plugin.xml -> [Help 3]
[ERROR] Failed to parse plugin descriptor for org.apache.camel:camel-bundle-plugin:3.8.0-SNAPSHOT (/home/runner/work/sonar-analysis/sonar-analysis/project/init/camel-bundle-plugin/target/camel-bundle-plugin-3.8.0-SNAPSHOT.jar): No plugin descriptor found at META-INF/maven/plugin.xml -> [Help 3]
[ERROR] Failed to parse plugin descriptor for org.apache.camel:camel-bundle-plugin:3.8.0-SNAPSHOT (/home/runner/work/sonar-analysis/sonar-analysis/project/init/camel-bundle-plugin/target/camel-bundle-plugin-3.8.0-SNAPSHOT.jar): No plugin descriptor found at META-INF/maven/plugin.xml -> [Help 3]
[ERROR] Failed to parse plugin descriptor for org.apache.camel:camel-bundle-plugin:3.8.0-SNAPSHOT (/home/runner/work/sonar-analysis/sonar-analysis/project/init/camel-bundle-plugin/target/camel-bundle-plugin-3.8.0-SNAPSHOT.jar): No plugin descriptor found at META-INF/maven/plugin.xml -> [Help 3]
[ERROR] Failed to parse plugin descriptor for org.apache.camel:camel-bundle-plugin:3.8.0-SNAPSHOT (/home/runner/work/sonar-analysis/sonar-analysis/project/init/camel-bundle-plugin/target/camel-bundle-plugin-3.8.0-SNAPSHOT.jar): No plugin descriptor found at META-INF/maven/plugin.xml -> [Help 3]
[ERROR] Failed to parse plugin descriptor for org.apache.camel:camel-bundle-plugin:3.8.0-SNAPSHOT (/home/runner/work/sonar-analysis/sonar-analysis/project/init/camel-bundle-plugin/target/camel-bundle-plugin-3.8.0-SNAPSHOT.jar): No plugin descriptor found at META-INF/maven/plugin.xml -> [Help 3]
[ERROR] Failed to parse plugin descriptor for org.apache.camel:camel-bundle-plugin:3.8.0-SNAPSHOT (/home/runner/work/sonar-analysis/sonar-analysis/project/init/camel-bundle-plugin/target/camel-bundle-plugin-3.8.0-SNAPSHOT.jar): No plugin descriptor found at META-INF/maven/plugin.xml -> [Help 3]
[ERROR] Failed to parse plugin descriptor for org.apache.camel:camel-bundle-plugin:3.8.0-SNAPSHOT (/home/runner/work/sonar-analysis/sonar-analysis/project/init/camel-bundle-plugin/target/camel-bundle-plugin-3.8.0-SNAPSHOT.jar): No plugin descriptor found at META-INF/maven/plugin.xml -> [Help 3]
[ERROR] Failed to parse plugin descriptor for org.apache.camel:camel-bundle-plugin:3.8.0-SNAPSHOT (/home/runner/work/sonar-analysis/sonar-analysis/project/init/camel-bundle-plugin/target/camel-bundle-plugin-3.8.0-SNAPSHOT.jar): No plugin descriptor found at META-INF/maven/plugin.xml -> [Help 3]
[ERROR] Failed to parse plugin descriptor for org.apache.camel:camel-bundle-plugin:3.8.0-SNAPSHOT (/home/runner/work/sonar-analysis/sonar-analysis/project/init/camel-bundle-plugin/target/camel-bundle-plugin-3.8.0-SNAPSHOT.jar): No plugin descriptor found at META-INF/maven/plugin.xml -> [Help 3]
[ERROR] Failed to parse plugin descriptor for org.apache.camel:camel-bundle-plugin:3.8.0-SNAPSHOT (/home/runner/work/sonar-analysis/sonar-analysis/project/init/camel-bundle-plugin/target/camel-bundle-plugin-3.8.0-SNAPSHOT.jar): No plugin descriptor found at META-INF/maven/plugin.xml -> [Help 3]
[ERROR] Failed to parse plugin descriptor for org.apache.camel:camel-bundle-plugin:3.8.0-SNAPSHOT (/home/runner/work/sonar-analysis/sonar-analysis/project/init/camel-bundle-plugin/target/camel-bundle-plugin-3.8.0-SNAPSHOT.jar): No plugin descriptor found at META-INF/maven/plugin.xml -> [Help 3]
[ERROR] Failed to parse plugin descriptor for org.apache.camel:camel-bundle-plugin:3.8.0-SNAPSHOT (/home/runner/work/sonar-analysis/sonar-analysis/project/init/camel-bundle-plugin/target/camel-bundle-plugin-3.8.0-SNAPSHOT.jar): No plugin descriptor found at META-INF/maven/plugin.xml -> [Help 3]
[ERROR] Failed to parse plugin descriptor for org.apache.camel:camel-bundle-plugin:3.8.0-SNAPSHOT (/home/runner/work/sonar-analysis/sonar-analysis/project/init/camel-bundle-plugin/target/camel-bundle-plugin-3.8.0-SNAPSHOT.jar): No plugin descriptor found at META-INF/maven/plugin.xml -> [Help 3]
[ERROR] Failed to parse plugin descriptor for org.apache.camel:camel-bundle-plugin:3.8.0-SNAPSHOT (/home/runner/work/sonar-analysis/sonar-analysis/project/init/camel-bundle-plugin/target/camel-bundle-plugin-3.8.0-SNAPSHOT.jar): No plugin descriptor found at META-INF/maven/plugin.xml -> [Help 3]
[ERROR] Failed to parse plugin descriptor for org.apache.camel:camel-bundle-plugin:3.8.0-SNAPSHOT (/home/runner/work/sonar-analysis/sonar-analysis/project/init/camel-bundle-plugin/target/camel-bundle-plugin-3.8.0-SNAPSHOT.jar): No plugin descriptor found at META-INF/maven/plugin.xml -> [Help 3]
[ERROR] Failed to parse plugin descriptor for org.apache.camel:camel-bundle-plugin:3.8.0-SNAPSHOT (/home/runner/work/sonar-analysis/sonar-analysis/project/init/camel-bundle-plugin/target/camel-bundle-plugin-3.8.0-SNAPSHOT.jar): No plugin descriptor found at META-INF/maven/plugin.xml -> [Help 3]
[ERROR] Failed to parse plugin descriptor for org.apache.camel:camel-bundle-plugin:3.8.0-SNAPSHOT (/home/runner/work/sonar-analysis/sonar-analysis/project/init/camel-bundle-plugin/target/camel-bundle-plugin-3.8.0-SNAPSHOT.jar): No plugin descriptor found at META-INF/maven/plugin.xml -> [Help 3]
[ERROR] Failed to parse plugin descriptor for org.apache.camel:camel-bundle-plugin:3.8.0-SNAPSHOT (/home/runner/work/sonar-analysis/sonar-analysis/project/init/camel-bundle-plugin/target/camel-bundle-plugin-3.8.0-SNAPSHOT.jar): No plugin descriptor found at META-INF/maven/plugin.xml -> [Help 3]
[ERROR] Failed to parse plugin descriptor for org.apache.camel:camel-bundle-plugin:3.8.0-SNAPSHOT (/home/runner/work/sonar-analysis/sonar-analysis/project/init/camel-bundle-plugin/target/camel-bundle-plugin-3.8.0-SNAPSHOT.jar): No plugin descriptor found at META-INF/maven/plugin.xml -> [Help 3]
[ERROR] Failed to parse plugin descriptor for org.apache.camel:camel-bundle-plugin:3.8.0-SNAPSHOT (/home/runner/work/sonar-analysis/sonar-analysis/project/init/camel-bundle-plugin/target/camel-bundle-plugin-3.8.0-SNAPSHOT.jar): No plugin descriptor found at META-INF/maven/plugin.xml -> [Help 3]
[ERROR] Failed to parse plugin descriptor for org.apache.camel:camel-bundle-plugin:3.8.0-SNAPSHOT (/home/runner/work/sonar-analysis/sonar-analysis/project/init/camel-bundle-plugin/target/camel-bundle-plugin-3.8.0-SNAPSHOT.jar): No plugin descriptor found at META-INF/maven/plugin.xml -> [Help 3]
[ERROR] Failed to parse plugin descriptor for org.apache.camel:camel-bundle-plugin:3.8.0-SNAPSHOT (/home/runner/work/sonar-analysis/sonar-analysis/project/init/camel-bundle-plugin/target/camel-bundle-plugin-3.8.0-SNAPSHOT.jar): No plugin descriptor found at META-INF/maven/plugin.xml -> [Help 3]
[ERROR] Failed to parse plugin descriptor for org.apache.camel:camel-bundle-plugin:3.8.0-SNAPSHOT (/home/runner/work/sonar-analysis/sonar-analysis/project/init/camel-bundle-plugin/target/camel-bundle-plugin-3.8.0-SNAPSHOT.jar): No plugin descriptor found at META-INF/maven/plugin.xml -> [Help 3]
[ERROR] Failed to parse plugin descriptor for org.apache.camel:camel-bundle-plugin:3.8.0-SNAPSHOT (/home/runner/work/sonar-analysis/sonar-analysis/project/init/camel-bundle-plugin/target/camel-bundle-plugin-3.8.0-SNAPSHOT.jar): No plugin descriptor found at META-INF/maven/plugin.xml -> [Help 3]
[ERROR] Failed to parse plugin descriptor for org.apache.camel:camel-bundle-plugin:3.8.0-SNAPSHOT (/home/runner/work/sonar-analysis/sonar-analysis/project/init/camel-bundle-plugin/target/camel-bundle-plugin-3.8.0-SNAPSHOT.jar): No plugin descriptor found at META-INF/maven/plugin.xml -> [Help 3]
[ERROR] Failed to parse plugin descriptor for org.apache.camel:camel-bundle-plugin:3.8.0-SNAPSHOT (/home/runner/work/sonar-analysis/sonar-analysis/project/init/camel-bundle-plugin/target/camel-bundle-plugin-3.8.0-SNAPSHOT.jar): No plugin descriptor found at META-INF/maven/plugin.xml -> [Help 3]
[ERROR] Failed to parse plugin descriptor for org.apache.camel:camel-bundle-plugin:3.8.0-SNAPSHOT (/home/runner/work/sonar-analysis/sonar-analysis/project/init/camel-bundle-plugin/target/camel-bundle-plugin-3.8.0-SNAPSHOT.jar): No plugin descriptor found at META-INF/maven/plugin.xml -> [Help 3]
[ERROR] Failed to parse plugin descriptor for org.apache.camel:camel-bundle-plugin:3.8.0-SNAPSHOT (/home/runner/work/sonar-analysis/sonar-analysis/project/init/camel-bundle-plugin/target/camel-bundle-plugin-3.8.0-SNAPSHOT.jar): No plugin descriptor found at META-INF/maven/plugin.xml -> [Help 3]
[ERROR] Failed to parse plugin descriptor for org.apache.camel:camel-bundle-plugin:3.8.0-SNAPSHOT (/home/runner/work/sonar-analysis/sonar-analysis/project/init/camel-bundle-plugin/target/camel-bundle-plugin-3.8.0-SNAPSHOT.jar): No plugin descriptor found at META-INF/maven/plugin.xml -> [Help 3]
[ERROR] Failed to parse plugin descriptor for org.apache.camel:camel-bundle-plugin:3.8.0-SNAPSHOT (/home/runner/work/sonar-analysis/sonar-analysis/project/init/camel-bundle-plugin/target/camel-bundle-plugin-3.8.0-SNAPSHOT.jar): No plugin descriptor found at META-INF/maven/plugin.xml -> [Help 3]
[ERROR] Failed to parse plugin descriptor for org.apache.camel:camel-bundle-plugin:3.8.0-SNAPSHOT (/home/runner/work/sonar-analysis/sonar-analysis/project/init/camel-bundle-plugin/target/camel-bundle-plugin-3.8.0-SNAPSHOT.jar): No plugin descriptor found at META-INF/maven/plugin.xml -> [Help 3]
[ERROR] Failed to parse plugin descriptor for org.apache.camel:camel-bundle-plugin:3.8.0-SNAPSHOT (/home/runner/work/sonar-analysis/sonar-analysis/project/init/camel-bundle-plugin/target/camel-bundle-plugin-3.8.0-SNAPSHOT.jar): No plugin descriptor found at META-INF/maven/plugin.xml -> [Help 3]
[ERROR] Failed to parse plugin descriptor for org.apache.camel:camel-bundle-plugin:3.8.0-SNAPSHOT (/home/runner/work/sonar-analysis/sonar-analysis/project/init/camel-bundle-plugin/target/camel-bundle-plugin-3.8.0-SNAPSHOT.jar): No plugin descriptor found at META-INF/maven/plugin.xml -> [Help 3]
[ERROR] Failed to parse plugin descriptor for org.apache.camel:camel-bundle-plugin:3.8.0-SNAPSHOT (/home/runner/work/sonar-analysis/sonar-analysis/project/init/camel-bundle-plugin/target/camel-bundle-plugin-3.8.0-SNAPSHOT.jar): No plugin descriptor found at META-INF/maven/plugin.xml -> [Help 3]
[ERROR] Failed to parse plugin descriptor for org.apache.camel:camel-bundle-plugin:3.8.0-SNAPSHOT (/home/runner/work/sonar-analysis/sonar-analysis/project/init/camel-bundle-plugin/target/camel-bundle-plugin-3.8.0-SNAPSHOT.jar): No plugin descriptor found at META-INF/maven/plugin.xml -> [Help 3]
[ERROR] Failed to parse plugin descriptor for org.apache.camel:camel-bundle-plugin:3.8.0-SNAPSHOT (/home/runner/work/sonar-analysis/sonar-analysis/project/init/camel-bundle-plugin/target/camel-bundle-plugin-3.8.0-SNAPSHOT.jar): No plugin descriptor found at META-INF/maven/plugin.xml -> [Help 3]
[ERROR] Failed to parse plugin descriptor for org.apache.camel:camel-bundle-plugin:3.8.0-SNAPSHOT (/home/runner/work/sonar-analysis/sonar-analysis/project/init/camel-bundle-plugin/target/camel-bundle-plugin-3.8.0-SNAPSHOT.jar): No plugin descriptor found at META-INF/maven/plugin.xml -> [Help 3]
[ERROR] Failed to parse plugin descriptor for org.apache.camel:camel-bundle-plugin:3.8.0-SNAPSHOT (/home/runner/work/sonar-analysis/sonar-analysis/project/init/camel-bundle-plugin/target/camel-bundle-plugin-3.8.0-SNAPSHOT.jar): No plugin descriptor found at META-INF/maven/plugin.xml -> [Help 3]
[ERROR] Failed to parse plugin descriptor for org.apache.camel:camel-bundle-plugin:3.8.0-SNAPSHOT (/home/runner/work/sonar-analysis/sonar-analysis/project/init/camel-bundle-plugin/target/camel-bundle-plugin-3.8.0-SNAPSHOT.jar): No plugin descriptor found at META-INF/maven/plugin.xml -> [Help 3]
[ERROR] Failed to parse plugin descriptor for org.apache.camel:camel-bundle-plugin:3.8.0-SNAPSHOT (/home/runner/work/sonar-analysis/sonar-analysis/project/init/camel-bundle-plugin/target/camel-bundle-plugin-3.8.0-SNAPSHOT.jar): No plugin descriptor found at META-INF/maven/plugin.xml -> [Help 3]
[ERROR] Failed to parse plugin descriptor for org.apache.camel:camel-bundle-plugin:3.8.0-SNAPSHOT (/home/runner/work/sonar-analysis/sonar-analysis/project/init/camel-bundle-plugin/target/camel-bundle-plugin-3.8.0-SNAPSHOT.jar): No plugin descriptor found at META-INF/maven/plugin.xml -> [Help 3]
[ERROR] Failed to parse plugin descriptor for org.apache.camel:camel-bundle-plugin:3.8.0-SNAPSHOT (/home/runner/work/sonar-analysis/sonar-analysis/project/init/camel-bundle-plugin/target/camel-bundle-plugin-3.8.0-SNAPSHOT.jar): No plugin descriptor found at META-INF/maven/plugin.xml -> [Help 3]
[ERROR] Failed to parse plugin descriptor for org.apache.camel:camel-bundle-plugin:3.8.0-SNAPSHOT (/home/runner/work/sonar-analysis/sonar-analysis/project/init/camel-bundle-plugin/target/camel-bundle-plugin-3.8.0-SNAPSHOT.jar): No plugin descriptor found at META-INF/maven/plugin.xml -> [Help 3]
[ERROR] Failed to parse plugin descriptor for org.apache.camel:camel-bundle-plugin:3.8.0-SNAPSHOT (/home/runner/work/sonar-analysis/sonar-analysis/project/init/camel-bundle-plugin/target/camel-bundle-plugin-3.8.0-SNAPSHOT.jar): No plugin descriptor found at META-INF/maven/plugin.xml -> [Help 3]
[ERROR] Failed to parse plugin descriptor for org.apache.camel:camel-bundle-plugin:3.8.0-SNAPSHOT (/home/runner/work/sonar-analysis/sonar-analysis/project/init/camel-bundle-plugin/target/camel-bundle-plugin-3.8.0-SNAPSHOT.jar): No plugin descriptor found at META-INF/maven/plugin.xml -> [Help 3]
[ERROR] Failed to parse plugin descriptor for org.apache.camel:camel-bundle-plugin:3.8.0-SNAPSHOT (/home/runner/work/sonar-analysis/sonar-analysis/project/init/camel-bundle-plugin/target/camel-bundle-plugin-3.8.0-SNAPSHOT.jar): No plugin descriptor found at META-INF/maven/plugin.xml -> [Help 3]
[ERROR] Failed to parse plugin descriptor for org.apache.camel:camel-bundle-plugin:3.8.0-SNAPSHOT (/home/runner/work/sonar-analysis/sonar-analysis/project/init/camel-bundle-plugin/target/camel-bundle-plugin-3.8.0-SNAPSHOT.jar): No plugin descriptor found at META-INF/maven/plugin.xml -> [Help 3]
[ERROR] Failed to parse plugin descriptor for org.apache.camel:camel-bundle-plugin:3.8.0-SNAPSHOT (/home/runner/work/sonar-analysis/sonar-analysis/project/init/camel-bundle-plugin/target/camel-bundle-plugin-3.8.0-SNAPSHOT.jar): No plugin descriptor found at META-INF/maven/plugin.xml -> [Help 3]
[ERROR] Failed to parse plugin descriptor for org.apache.camel:camel-bundle-plugin:3.8.0-SNAPSHOT (/home/runner/work/sonar-analysis/sonar-analysis/project/init/camel-bundle-plugin/target/camel-bundle-plugin-3.8.0-SNAPSHOT.jar): No plugin descriptor found at META-INF/maven/plugin.xml -> [Help 3]
[ERROR] Failed to parse plugin descriptor for org.apache.camel:camel-bundle-plugin:3.8.0-SNAPSHOT (/home/runner/work/sonar-analysis/sonar-analysis/project/init/camel-bundle-plugin/target/camel-bundle-plugin-3.8.0-SNAPSHOT.jar): No plugin descriptor found at META-INF/maven/plugin.xml -> [Help 3]
[ERROR] Failed to parse plugin descriptor for org.apache.camel:camel-bundle-plugin:3.8.0-SNAPSHOT (/home/runner/work/sonar-analysis/sonar-analysis/project/init/camel-bundle-plugin/target/camel-bundle-plugin-3.8.0-SNAPSHOT.jar): No plugin descriptor found at META-INF/maven/plugin.xml -> [Help 3]
[ERROR] Failed to parse plugin descriptor for org.apache.camel:camel-bundle-plugin:3.8.0-SNAPSHOT (/home/runner/work/sonar-analysis/sonar-analysis/project/init/camel-bundle-plugin/target/camel-bundle-plugin-3.8.0-SNAPSHOT.jar): No plugin descriptor found at META-INF/maven/plugin.xml -> [Help 3]
[ERROR] Failed to parse plugin descriptor for org.apache.camel:camel-bundle-plugin:3.8.0-SNAPSHOT (/home/runner/work/sonar-analysis/sonar-analysis/project/init/camel-bundle-plugin/target/camel-bundle-plugin-3.8.0-SNAPSHOT.jar): No plugin descriptor found at META-INF/maven/plugin.xml -> [Help 3]
[ERROR] Failed to parse plugin descriptor for org.apache.camel:camel-bundle-plugin:3.8.0-SNAPSHOT (/home/runner/work/sonar-analysis/sonar-analysis/project/init/camel-bundle-plugin/target/camel-bundle-plugin-3.8.0-SNAPSHOT.jar): No plugin descriptor found at META-INF/maven/plugin.xml -> [Help 3]
[ERROR] Failed to parse plugin descriptor for org.apache.camel:camel-bundle-plugin:3.8.0-SNAPSHOT (/home/runner/work/sonar-analysis/sonar-analysis/project/init/camel-bundle-plugin/target/camel-bundle-plugin-3.8.0-SNAPSHOT.jar): No plugin descriptor found at META-INF/maven/plugin.xml -> [Help 3]
[ERROR] Failed to parse plugin descriptor for org.apache.camel:camel-bundle-plugin:3.8.0-SNAPSHOT (/home/runner/work/sonar-analysis/sonar-analysis/project/init/camel-bundle-plugin/target/camel-bundle-plugin-3.8.0-SNAPSHOT.jar): No plugin descriptor found at META-INF/maven/plugin.xml -> [Help 3]
[ERROR] Failed to parse plugin descriptor for org.apache.camel:camel-bundle-plugin:3.8.0-SNAPSHOT (/home/runner/work/sonar-analysis/sonar-analysis/project/init/camel-bundle-plugin/target/camel-bundle-plugin-3.8.0-SNAPSHOT.jar): No plugin descriptor found at META-INF/maven/plugin.xml -> [Help 3]
[ERROR] Failed to parse plugin descriptor for org.apache.camel:camel-bundle-plugin:3.8.0-SNAPSHOT (/home/runner/work/sonar-analysis/sonar-analysis/project/init/camel-bundle-plugin/target/camel-bundle-plugin-3.8.0-SNAPSHOT.jar): No plugin descriptor found at META-INF/maven/plugin.xml -> [Help 3]
[ERROR] Failed to parse plugin descriptor for org.apache.camel:camel-bundle-plugin:3.8.0-SNAPSHOT (/home/runner/work/sonar-analysis/sonar-analysis/project/init/camel-bundle-plugin/target/camel-bundle-plugin-3.8.0-SNAPSHOT.jar): No plugin descriptor found at META-INF/maven/plugin.xml -> [Help 3]
[ERROR] Plugin org.apache.camel:camel-api-component-maven-plugin:3.8.0-SNAPSHOT or one of its dependencies could not be resolved:
[ERROR] 	org.apache.camel:camel-api-component-maven-plugin:jar:3.8.0-SNAPSHOT was not found in https://repository.apache.org/snapshots/ during a previous attempt. This failure was cached in the local repository and resolution is not reattempted until the update interval of apache.snapshots has elapsed or updates are forced
[ERROR] -> [Help 2]
[ERROR] Failed to parse plugin descriptor for org.apache.camel:camel-bundle-plugin:3.8.0-SNAPSHOT (/home/runner/work/sonar-analysis/sonar-analysis/project/init/camel-bundle-plugin/target/camel-bundle-plugin-3.8.0-SNAPSHOT.jar): No plugin descriptor found at META-INF/maven/plugin.xml -> [Help 3]
[ERROR] Failed to parse plugin descriptor for org.apache.camel:camel-bundle-plugin:3.8.0-SNAPSHOT (/home/runner/work/sonar-analysis/sonar-analysis/project/init/camel-bundle-plugin/target/camel-bundle-plugin-3.8.0-SNAPSHOT.jar): No plugin descriptor found at META-INF/maven/plugin.xml -> [Help 3]
[ERROR] Failed to parse plugin descriptor for org.apache.camel:camel-bundle-plugin:3.8.0-SNAPSHOT (/home/runner/work/sonar-analysis/sonar-analysis/project/init/camel-bundle-plugin/target/camel-bundle-plugin-3.8.0-SNAPSHOT.jar): No plugin descriptor found at META-INF/maven/plugin.xml -> [Help 3]
[ERROR] Failed to parse plugin descriptor for org.apache.camel:camel-bundle-plugin:3.8.0-SNAPSHOT (/home/runner/work/sonar-analysis/sonar-analysis/project/init/camel-bundle-plugin/target/camel-bundle-plugin-3.8.0-SNAPSHOT.jar): No plugin descriptor found at META-INF/maven/plugin.xml -> [Help 3]
[ERROR] Failed to parse plugin descriptor for org.apache.camel:camel-bundle-plugin:3.8.0-SNAPSHOT (/home/runner/work/sonar-analysis/sonar-analysis/project/init/camel-bundle-plugin/target/camel-bundle-plugin-3.8.0-SNAPSHOT.jar): No plugin descriptor found at META-INF/maven/plugin.xml -> [Help 3]
[ERROR] Invalid plugin descriptor for org.apache.camel:camel-format-plugin:3.8.0-SNAPSHOT (/home/runner/work/sonar-analysis/sonar-analysis/project/init/camel-format-plugin/target/camel-format-plugin-3.8.0-SNAPSHOT.jar), Plugin's descriptor contains the wrong group ID: net.revelc.code.formatter, Plugin's descriptor contains the wrong artifact ID: formatter-maven-plugin, Plugin's descriptor contains the wrong version: 2.12.1 -> [Help 1]
[ERROR] Plugin org.apache.camel.maven:camel-vertx-kafka-maven-plugin:3.8.0-SNAPSHOT or one of its dependencies could not be resolved:
[ERROR] 	org.apache.camel.maven:camel-vertx-kafka-maven-plugin:jar:3.8.0-SNAPSHOT was not found in https://repository.apache.org/snapshots/ during a previous attempt. This failure was cached in the local repository and resolution is not reattempted until the update interval of apache.snapshots has elapsed or updates are forced
[ERROR] -> [Help 2]
[ERROR] Failed to parse plugin descriptor for org.apache.camel:camel-bundle-plugin:3.8.0-SNAPSHOT (/home/runner/work/sonar-analysis/sonar-analysis/project/init/camel-bundle-plugin/target/camel-bundle-plugin-3.8.0-SNAPSHOT.jar): No plugin descriptor found at META-INF/maven/plugin.xml -> [Help 3]
[ERROR] Failed to parse plugin descriptor for org.apache.camel:camel-bundle-plugin:3.8.0-SNAPSHOT (/home/runner/work/sonar-analysis/sonar-analysis/project/init/camel-bundle-plugin/target/camel-bundle-plugin-3.8.0-SNAPSHOT.jar): No plugin descriptor found at META-INF/maven/plugin.xml -> [Help 3]
[ERROR] Failed to parse plugin descriptor for org.apache.camel:camel-bundle-plugin:3.8.0-SNAPSHOT (/home/runner/work/sonar-analysis/sonar-analysis/project/init/camel-bundle-plugin/target/camel-bundle-plugin-3.8.0-SNAPSHOT.jar): No plugin descriptor found at META-INF/maven/plugin.xml -> [Help 3]
[ERROR] Failed to parse plugin descriptor for org.apache.camel:camel-bundle-plugin:3.8.0-SNAPSHOT (/home/runner/work/sonar-analysis/sonar-analysis/project/init/camel-bundle-plugin/target/camel-bundle-plugin-3.8.0-SNAPSHOT.jar): No plugin descriptor found at META-INF/maven/plugin.xml -> [Help 3]
[ERROR] Failed to parse plugin descriptor for org.apache.camel:camel-bundle-plugin:3.8.0-SNAPSHOT (/home/runner/work/sonar-analysis/sonar-analysis/project/init/camel-bundle-plugin/target/camel-bundle-plugin-3.8.0-SNAPSHOT.jar): No plugin descriptor found at META-INF/maven/plugin.xml -> [Help 3]
[ERROR] Failed to parse plugin descriptor for org.apache.camel:camel-bundle-plugin:3.8.0-SNAPSHOT (/home/runner/work/sonar-analysis/sonar-analysis/project/init/camel-bundle-plugin/target/camel-bundle-plugin-3.8.0-SNAPSHOT.jar): No plugin descriptor found at META-INF/maven/plugin.xml -> [Help 3]
[ERROR] Failed to parse plugin descriptor for org.apache.camel:camel-bundle-plugin:3.8.0-SNAPSHOT (/home/runner/work/sonar-analysis/sonar-analysis/project/init/camel-bundle-plugin/target/camel-bundle-plugin-3.8.0-SNAPSHOT.jar): No plugin descriptor found at META-INF/maven/plugin.xml -> [Help 3]
[ERROR] Failed to parse plugin descriptor for org.apache.camel:camel-bundle-plugin:3.8.0-SNAPSHOT (/home/runner/work/sonar-analysis/sonar-analysis/project/init/camel-bundle-plugin/target/camel-bundle-plugin-3.8.0-SNAPSHOT.jar): No plugin descriptor found at META-INF/maven/plugin.xml -> [Help 3]
[ERROR] Failed to parse plugin descriptor for org.apache.camel:camel-bundle-plugin:3.8.0-SNAPSHOT (/home/runner/work/sonar-analysis/sonar-analysis/project/init/camel-bundle-plugin/target/camel-bundle-plugin-3.8.0-SNAPSHOT.jar): No plugin descriptor found at META-INF/maven/plugin.xml -> [Help 3]
[ERROR] Failed to parse plugin descriptor for org.apache.camel:camel-bundle-plugin:3.8.0-SNAPSHOT (/home/runner/work/sonar-analysis/sonar-analysis/project/init/camel-bundle-plugin/target/camel-bundle-plugin-3.8.0-SNAPSHOT.jar): No plugin descriptor found at META-INF/maven/plugin.xml -> [Help 3]
[ERROR] Failed to parse plugin descriptor for org.apache.camel:camel-bundle-plugin:3.8.0-SNAPSHOT (/home/runner/work/sonar-analysis/sonar-analysis/project/init/camel-bundle-plugin/target/camel-bundle-plugin-3.8.0-SNAPSHOT.jar): No plugin descriptor found at META-INF/maven/plugin.xml -> [Help 3]
[ERROR] Failed to parse plugin descriptor for org.apache.camel:camel-bundle-plugin:3.8.0-SNAPSHOT (/home/runner/work/sonar-analysis/sonar-analysis/project/init/camel-bundle-plugin/target/camel-bundle-plugin-3.8.0-SNAPSHOT.jar): No plugin descriptor found at META-INF/maven/plugin.xml -> [Help 3]
[ERROR] Failed to parse plugin descriptor for org.apache.camel:camel-bundle-plugin:3.8.0-SNAPSHOT (/home/runner/work/sonar-analysis/sonar-analysis/project/init/camel-bundle-plugin/target/camel-bundle-plugin-3.8.0-SNAPSHOT.jar): No plugin descriptor found at META-INF/maven/plugin.xml -> [Help 3]
[ERROR] Failed to parse plugin descriptor for org.apache.camel:camel-bundle-plugin:3.8.0-SNAPSHOT (/home/runner/work/sonar-analysis/sonar-analysis/project/init/camel-bundle-plugin/target/camel-bundle-plugin-3.8.0-SNAPSHOT.jar): No plugin descriptor found at META-INF/maven/plugin.xml -> [Help 3]
[ERROR] Failed to parse plugin descriptor for org.apache.camel:camel-bundle-plugin:3.8.0-SNAPSHOT (/home/runner/work/sonar-analysis/sonar-analysis/project/init/camel-bundle-plugin/target/camel-bundle-plugin-3.8.0-SNAPSHOT.jar): No plugin descriptor found at META-INF/maven/plugin.xml -> [Help 3]
[ERROR] Plugin org.apache.camel:camel-api-component-maven-plugin:3.8.0-SNAPSHOT or one of its dependencies could not be resolved:
[ERROR] 	org.apache.camel:camel-api-component-maven-plugin:jar:3.8.0-SNAPSHOT was not found in https://repository.apache.org/snapshots/ during a previous attempt. This failure was cached in the local repository and resolution is not reattempted until the update interval of apache.snapshots has elapsed or updates are forced
[ERROR] -> [Help 2]
[ERROR] Failed to parse plugin descriptor for org.apache.camel:camel-bundle-plugin:3.8.0-SNAPSHOT (/home/runner/work/sonar-analysis/sonar-analysis/project/init/camel-bundle-plugin/target/camel-bundle-plugin-3.8.0-SNAPSHOT.jar): No plugin descriptor found at META-INF/maven/plugin.xml -> [Help 3]
[ERROR] Failed to parse plugin descriptor for org.apache.camel:camel-bundle-plugin:3.8.0-SNAPSHOT (/home/runner/work/sonar-analysis/sonar-analysis/project/init/camel-bundle-plugin/target/camel-bundle-plugin-3.8.0-SNAPSHOT.jar): No plugin descriptor found at META-INF/maven/plugin.xml -> [Help 3]
[ERROR] Failed to parse plugin descriptor for org.apache.camel:camel-bundle-plugin:3.8.0-SNAPSHOT (/home/runner/work/sonar-analysis/sonar-analysis/project/init/camel-bundle-plugin/target/camel-bundle-plugin-3.8.0-SNAPSHOT.jar): No plugin descriptor found at META-INF/maven/plugin.xml -> [Help 3]
[ERROR] Failed to parse plugin descriptor for org.apache.camel:camel-bundle-plugin:3.8.0-SNAPSHOT (/home/runner/work/sonar-analysis/sonar-analysis/project/init/camel-bundle-plugin/target/camel-bundle-plugin-3.8.0-SNAPSHOT.jar): No plugin descriptor found at META-INF/maven/plugin.xml -> [Help 3]
[ERROR] Failed to parse plugin descriptor for org.apache.camel:camel-bundle-plugin:3.8.0-SNAPSHOT (/home/runner/work/sonar-analysis/sonar-analysis/project/init/camel-bundle-plugin/target/camel-bundle-plugin-3.8.0-SNAPSHOT.jar): No plugin descriptor found at META-INF/maven/plugin.xml -> [Help 3]
[ERROR] Invalid plugin descriptor for org.apache.camel:camel-format-plugin:3.8.0-SNAPSHOT (/home/runner/work/sonar-analysis/sonar-analysis/project/init/camel-format-plugin/target/camel-format-plugin-3.8.0-SNAPSHOT.jar), Plugin's descriptor contains the wrong group ID: net.revelc.code.formatter, Plugin's descriptor contains the wrong artifact ID: formatter-maven-plugin, Plugin's descriptor contains the wrong version: 2.12.1 -> [Help 1]
[ERROR] Invalid plugin descriptor for org.apache.camel:camel-format-plugin:3.8.0-SNAPSHOT (/home/runner/work/sonar-analysis/sonar-analysis/project/init/camel-format-plugin/target/camel-format-plugin-3.8.0-SNAPSHOT.jar), Plugin's descriptor contains the wrong group ID: net.revelc.code.formatter, Plugin's descriptor contains the wrong artifact ID: formatter-maven-plugin, Plugin's descriptor contains the wrong version: 2.12.1 -> [Help 1]
[ERROR] Plugin org.apache.camel:camel-package-maven-plugin:3.8.0-SNAPSHOT or one of its dependencies could not be resolved:
[ERROR] 	org.apache.camel:camel-package-maven-plugin:jar:3.8.0-SNAPSHOT was not found in https://repository.apache.org/snapshots/ during a previous attempt. This failure was cached in the local repository and resolution is not reattempted until the update interval of apache.snapshots has elapsed or updates are forced
[ERROR] -> [Help 2]
[ERROR] Plugin org.apache.camel:camel-package-maven-plugin:3.8.0-SNAPSHOT or one of its dependencies could not be resolved:
[ERROR] 	org.apache.camel:camel-package-maven-plugin:jar:3.8.0-SNAPSHOT was not found in https://repository.apache.org/snapshots/ during a previous attempt. This failure was cached in the local repository and resolution is not reattempted until the update interval of apache.snapshots has elapsed or updates are forced
[ERROR] -> [Help 2]
[ERROR] Plugin org.apache.camel:camel-package-maven-plugin:3.8.0-SNAPSHOT or one of its dependencies could not be resolved:
[ERROR] 	org.apache.camel:camel-package-maven-plugin:jar:3.8.0-SNAPSHOT was not found in https://repository.apache.org/snapshots/ during a previous attempt. This failure was cached in the local repository and resolution is not reattempted until the update interval of apache.snapshots has elapsed or updates are forced
[ERROR] -> [Help 2]
[ERROR] Plugin org.apache.camel:camel-package-maven-plugin:3.8.0-SNAPSHOT or one of its dependencies could not be resolved:
[ERROR] 	org.apache.camel:camel-package-maven-plugin:jar:3.8.0-SNAPSHOT was not found in https://repository.apache.org/snapshots/ during a previous attempt. This failure was cached in the local repository and resolution is not reattempted until the update interval of apache.snapshots has elapsed or updates are forced
[ERROR] -> [Help 2]
[ERROR] Plugin org.apache.camel:camel-package-maven-plugin:3.8.0-SNAPSHOT or one of its dependencies could not be resolved:
[ERROR] 	org.apache.camel:camel-package-maven-plugin:jar:3.8.0-SNAPSHOT was not found in https://repository.apache.org/snapshots/ during a previous attempt. This failure was cached in the local repository and resolution is not reattempted until the update interval of apache.snapshots has elapsed or updates are forced
[ERROR] -> [Help 2]
[ERROR] Plugin org.apache.camel:camel-package-maven-plugin:3.8.0-SNAPSHOT or one of its dependencies could not be resolved:
[ERROR] 	org.apache.camel:camel-package-maven-plugin:jar:3.8.0-SNAPSHOT was not found in https://repository.apache.org/snapshots/ during a previous attempt. This failure was cached in the local repository and resolution is not reattempted until the update interval of apache.snapshots has elapsed or updates are forced
[ERROR] -> [Help 2]
[ERROR] Plugin org.apache.camel:camel-package-maven-plugin:3.8.0-SNAPSHOT or one of its dependencies could not be resolved:
[ERROR] 	org.apache.camel:camel-package-maven-plugin:jar:3.8.0-SNAPSHOT was not found in https://repository.apache.org/snapshots/ during a previous attempt. This failure was cached in the local repository and resolution is not reattempted until the update interval of apache.snapshots has elapsed or updates are forced
[ERROR] -> [Help 2]
[ERROR] Plugin org.apache.camel:camel-package-maven-plugin:3.8.0-SNAPSHOT or one of its dependencies could not be resolved:
[ERROR] 	org.apache.camel:camel-package-maven-plugin:jar:3.8.0-SNAPSHOT was not found in https://repository.apache.org/snapshots/ during a previous attempt. This failure was cached in the local repository and resolution is not reattempted until the update interval of apache.snapshots has elapsed or updates are forced
[ERROR] -> [Help 2]
[ERROR] Plugin org.apache.camel:camel-package-maven-plugin:3.8.0-SNAPSHOT or one of its dependencies could not be resolved:
[ERROR] 	org.apache.camel:camel-package-maven-plugin:jar:3.8.0-SNAPSHOT was not found in https://repository.apache.org/snapshots/ during a previous attempt. This failure was cached in the local repository and resolution is not reattempted until the update interval of apache.snapshots has elapsed or updates are forced
[ERROR] -> [Help 2]
[ERROR] Invalid plugin descriptor for org.apache.camel:camel-format-plugin:3.8.0-SNAPSHOT (/home/runner/work/sonar-analysis/sonar-analysis/project/init/camel-format-plugin/target/camel-format-plugin-3.8.0-SNAPSHOT.jar), Plugin's descriptor contains the wrong group ID: net.revelc.code.formatter, Plugin's descriptor contains the wrong artifact ID: formatter-maven-plugin, Plugin's descriptor contains the wrong version: 2.12.1 -> [Help 1]
[ERROR] Invalid plugin descriptor for org.apache.camel:camel-format-plugin:3.8.0-SNAPSHOT (/home/runner/work/sonar-analysis/sonar-analysis/project/init/camel-format-plugin/target/camel-format-plugin-3.8.0-SNAPSHOT.jar), Plugin's descriptor contains the wrong group ID: net.revelc.code.formatter, Plugin's descriptor contains the wrong artifact ID: formatter-maven-plugin, Plugin's descriptor contains the wrong version: 2.12.1 -> [Help 1]
[ERROR] Plugin org.apache.camel:sync-properties-maven-plugin:3.8.0-SNAPSHOT or one of its dependencies could not be resolved:
[ERROR] 	org.apache.camel:sync-properties-maven-plugin:jar:3.8.0-SNAPSHOT was not found in https://repository.apache.org/snapshots/ during a previous attempt. This failure was cached in the local repository and resolution is not reattempted until the update interval of apache.snapshots has elapsed or updates are forced
[ERROR] -> [Help 2]
[ERROR] Invalid plugin descriptor for org.apache.camel:camel-format-plugin:3.8.0-SNAPSHOT (/home/runner/work/sonar-analysis/sonar-analysis/project/init/camel-format-plugin/target/camel-format-plugin-3.8.0-SNAPSHOT.jar), Plugin's descriptor contains the wrong group ID: net.revelc.code.formatter, Plugin's descriptor contains the wrong artifact ID: formatter-maven-plugin, Plugin's descriptor contains the wrong version: 2.12.1 -> [Help 1]
[ERROR] Invalid plugin descriptor for org.apache.camel:camel-format-plugin:3.8.0-SNAPSHOT (/home/runner/work/sonar-analysis/sonar-analysis/project/init/camel-format-plugin/target/camel-format-plugin-3.8.0-SNAPSHOT.jar), Plugin's descriptor contains the wrong group ID: net.revelc.code.formatter, Plugin's descriptor contains the wrong artifact ID: formatter-maven-plugin, Plugin's descriptor contains the wrong version: 2.12.1 -> [Help 1]
[ERROR] Invalid plugin descriptor for org.apache.camel:camel-format-plugin:3.8.0-SNAPSHOT (/home/runner/work/sonar-analysis/sonar-analysis/project/init/camel-format-plugin/target/camel-format-plugin-3.8.0-SNAPSHOT.jar), Plugin's descriptor contains the wrong group ID: net.revelc.code.formatter, Plugin's descriptor contains the wrong artifact ID: formatter-maven-plugin, Plugin's descriptor contains the wrong version: 2.12.1 -> [Help 1]
[ERROR] Invalid plugin descriptor for org.apache.camel:camel-format-plugin:3.8.0-SNAPSHOT (/home/runner/work/sonar-analysis/sonar-analysis/project/init/camel-format-plugin/target/camel-format-plugin-3.8.0-SNAPSHOT.jar), Plugin's descriptor contains the wrong group ID: net.revelc.code.formatter, Plugin's descriptor contains the wrong artifact ID: formatter-maven-plugin, Plugin's descriptor contains the wrong version: 2.12.1 -> [Help 1]
[ERROR] Invalid plugin descriptor for org.apache.camel:camel-format-plugin:3.8.0-SNAPSHOT (/home/runner/work/sonar-analysis/sonar-analysis/project/init/camel-format-plugin/target/camel-format-plugin-3.8.0-SNAPSHOT.jar), Plugin's descriptor contains the wrong group ID: net.revelc.code.formatter, Plugin's descriptor contains the wrong artifact ID: formatter-maven-plugin, Plugin's descriptor contains the wrong version: 2.12.1 -> [Help 1]
[ERROR] Failed to parse plugin descriptor for org.apache.camel:camel-bundle-plugin:3.8.0-SNAPSHOT (/home/runner/work/sonar-analysis/sonar-analysis/project/init/camel-bundle-plugin/target/camel-bundle-plugin-3.8.0-SNAPSHOT.jar): No plugin descriptor found at META-INF/maven/plugin.xml -> [Help 3]
[ERROR] Failed to parse plugin descriptor for org.apache.camel:camel-bundle-plugin:3.8.0-SNAPSHOT (/home/runner/work/sonar-analysis/sonar-analysis/project/init/camel-bundle-plugin/target/camel-bundle-plugin-3.8.0-SNAPSHOT.jar): No plugin descriptor found at META-INF/maven/plugin.xml -> [Help 3]
[ERROR] Failed to parse plugin descriptor for org.apache.camel:camel-bundle-plugin:3.8.0-SNAPSHOT (/home/runner/work/sonar-analysis/sonar-analysis/project/init/camel-bundle-plugin/target/camel-bundle-plugin-3.8.0-SNAPSHOT.jar): No plugin descriptor found at META-INF/maven/plugin.xml -> [Help 3]
[ERROR] Invalid plugin descriptor for org.apache.camel:camel-format-plugin:3.8.0-SNAPSHOT (/home/runner/work/sonar-analysis/sonar-analysis/project/init/camel-format-plugin/target/camel-format-plugin-3.8.0-SNAPSHOT.jar), Plugin's descriptor contains the wrong group ID: net.revelc.code.formatter, Plugin's descriptor contains the wrong artifact ID: formatter-maven-plugin, Plugin's descriptor contains the wrong version: 2.12.1 -> [Help 1]
[ERROR] Invalid plugin descriptor for org.apache.camel:camel-format-plugin:3.8.0-SNAPSHOT (/home/runner/work/sonar-analysis/sonar-analysis/project/init/camel-format-plugin/target/camel-format-plugin-3.8.0-SNAPSHOT.jar), Plugin's descriptor contains the wrong group ID: net.revelc.code.formatter, Plugin's descriptor contains the wrong artifact ID: formatter-maven-plugin, Plugin's descriptor contains the wrong version: 2.12.1 -> [Help 1]
[ERROR] Invalid plugin descriptor for org.apache.camel:camel-format-plugin:3.8.0-SNAPSHOT (/home/runner/work/sonar-analysis/sonar-analysis/project/init/camel-format-plugin/target/camel-format-plugin-3.8.0-SNAPSHOT.jar), Plugin's descriptor contains the wrong group ID: net.revelc.code.formatter, Plugin's descriptor contains the wrong artifact ID: formatter-maven-plugin, Plugin's descriptor contains the wrong version: 2.12.1 -> [Help 1]
[ERROR] Invalid plugin descriptor for org.apache.camel:camel-format-plugin:3.8.0-SNAPSHOT (/home/runner/work/sonar-analysis/sonar-analysis/project/init/camel-format-plugin/target/camel-format-plugin-3.8.0-SNAPSHOT.jar), Plugin's descriptor contains the wrong group ID: net.revelc.code.formatter, Plugin's descriptor contains the wrong artifact ID: formatter-maven-plugin, Plugin's descriptor contains the wrong version: 2.12.1 -> [Help 1]
[ERROR] Invalid plugin descriptor for org.apache.camel:camel-format-plugin:3.8.0-SNAPSHOT (/home/runner/work/sonar-analysis/sonar-analysis/project/init/camel-format-plugin/target/camel-format-plugin-3.8.0-SNAPSHOT.jar), Plugin's descriptor contains the wrong group ID: net.revelc.code.formatter, Plugin's descriptor contains the wrong artifact ID: formatter-maven-plugin, Plugin's descriptor contains the wrong version: 2.12.1 -> [Help 1]
[ERROR] Invalid plugin descriptor for org.apache.camel:camel-format-plugin:3.8.0-SNAPSHOT (/home/runner/work/sonar-analysis/sonar-analysis/project/init/camel-format-plugin/target/camel-format-plugin-3.8.0-SNAPSHOT.jar), Plugin's descriptor contains the wrong group ID: net.revelc.code.formatter, Plugin's descriptor contains the wrong artifact ID: formatter-maven-plugin, Plugin's descriptor contains the wrong version: 2.12.1 -> [Help 1]
[ERROR] Invalid plugin descriptor for org.apache.camel:camel-format-plugin:3.8.0-SNAPSHOT (/home/runner/work/sonar-analysis/sonar-analysis/project/init/camel-format-plugin/target/camel-format-plugin-3.8.0-SNAPSHOT.jar), Plugin's descriptor contains the wrong group ID: net.revelc.code.formatter, Plugin's descriptor contains the wrong artifact ID: formatter-maven-plugin, Plugin's descriptor contains the wrong version: 2.12.1 -> [Help 1]
[ERROR] Plugin org.apache.camel:camel-package-maven-plugin:3.8.0-SNAPSHOT or one of its dependencies could not be resolved:
[ERROR] 	org.apache.camel:camel-package-maven-plugin:jar:3.8.0-SNAPSHOT was not found in https://repository.apache.org/snapshots/ during a previous attempt. This failure was cached in the local repository and resolution is not reattempted until the update interval of apache.snapshots has elapsed or updates are forced
[ERROR] -> [Help 2]
[ERROR] Failed to execute goal on project apache-camel: Could not resolve dependencies for project org.apache.camel:apache-camel:pom:3.8.0-SNAPSHOT
[ERROR] dependency: org.apache.camel:camel-api:jar:3.8.0-SNAPSHOT (compile)
[ERROR] 	org.apache.camel:camel-api:jar:3.8.0-SNAPSHOT was not found in https://maven.pkg.github.com/SmallKlaus/maven-artifacts during a previous attempt. This failure was cached in the local repository and resolution is not reattempted until the update interval of github-packages has elapsed or updates are forced
[ERROR] 	org.apache.camel:camel-api:jar:3.8.0-SNAPSHOT was not found in https://repository.apache.org/snapshots/ during a previous attempt. This failure was cached in the local repository and resolution is not reattempted until the update interval of apache.snapshots has elapsed or updates are forced
[ERROR] dependency: org.apache.camel:camel-util:jar:3.8.0-SNAPSHOT (compile)
[ERROR] 	org.apache.camel:camel-util:jar:3.8.0-SNAPSHOT was not found in https://maven.pkg.github.com/SmallKlaus/maven-artifacts during a previous attempt. This failure was cached in the local repository and resolution is not reattempted until the update interval of github-packages has elapsed or updates are forced
[ERROR] 	org.apache.camel:camel-util:jar:3.8.0-SNAPSHOT was not found in https://repository.apache.org/snapshots/ during a previous attempt. This failure was cached in the local repository and resolution is not reattempted until the update interval of apache.snapshots has elapsed or updates are forced
[ERROR] dependency: org.apache.camel:camel-management-api:jar:3.8.0-SNAPSHOT (compile)
[ERROR] 	org.apache.camel:camel-management-api:jar:3.8.0-SNAPSHOT was not found in https://maven.pkg.github.com/SmallKlaus/maven-artifacts during a previous attempt. This failure was cached in the local repository and resolution is not reattempted until the update interval of github-packages has elapsed or updates are forced
[ERROR] 	org.apache.camel:camel-management-api:jar:3.8.0-SNAPSHOT was not found in https://repository.apache.org/snapshots/ during a previous attempt. This failure was cached in the local repository and resolution is not reattempted until the update interval of apache.snapshots has elapsed or updates are forced
[ERROR] dependency: org.apache.camel:camel-management:jar:3.8.0-SNAPSHOT (compile)
[ERROR] 	org.apache.camel:camel-management:jar:3.8.0-SNAPSHOT was not found in https://maven.pkg.github.com/SmallKlaus/maven-artifacts during a previous attempt. This failure was cached in the local repository and resolution is not reattempted until the update interval of github-packages has elapsed or updates are forced
[ERROR] 	org.apache.camel:camel-management:jar:3.8.0-SNAPSHOT was not found in https://repository.apache.org/snapshots/ during a previous attempt. This failure was cached in the local repository and resolution is not reattempted until the update interval of apache.snapshots has elapsed or updates are forced
[ERROR] dependency: org.apache.camel:camel-bean:jar:3.8.0-SNAPSHOT (compile)
[ERROR] 	org.apache.camel:camel-bean:jar:3.8.0-SNAPSHOT was not found in https://maven.pkg.github.com/SmallKlaus/maven-artifacts during a previous attempt. This failure was cached in the local repository and resolution is not reattempted until the update interval of github-packages has elapsed or updates are forced
[ERROR] 	org.apache.camel:camel-bean:jar:3.8.0-SNAPSHOT was not found in https://repository.apache.org/snapshots/ during a previous attempt. This failure was cached in the local repository and resolution is not reattempted until the update interval of apache.snapshots has elapsed or updates are forced
[ERROR] dependency: org.apache.camel:camel-log:jar:3.8.0-SNAPSHOT (compile)
[ERROR] 	org.apache.camel:camel-log:jar:3.8.0-SNAPSHOT was not found in https://maven.pkg.github.com/SmallKlaus/maven-artifacts during a previous attempt. This failure was cached in the local repository and resolution is not reattempted until the update interval of github-packages has elapsed or updates are forced
[ERROR] 	org.apache.camel:camel-log:jar:3.8.0-SNAPSHOT was not found in https://repository.apache.org/snapshots/ during a previous attempt. This failure was cached in the local repository and resolution is not reattempted until the update interval of apache.snapshots has elapsed or updates are forced
[ERROR] dependency: org.apache.camel:camel-base:jar:3.8.0-SNAPSHOT (compile)
[ERROR] 	org.apache.camel:camel-base:jar:3.8.0-SNAPSHOT was not found in https://maven.pkg.github.com/SmallKlaus/maven-artifacts during a previous attempt. This failure was cached in the local repository and resolution is not reattempted until the update interval of github-packages has elapsed or updates are forced
[ERROR] 	org.apache.camel:camel-base:jar:3.8.0-SNAPSHOT was not found in https://repository.apache.org/snapshots/ during a previous attempt. This failure was cached in the local repository and resolution is not reattempted until the update interval of apache.snapshots has elapsed or updates are forced
[ERROR] dependency: org.apache.camel:camel-base-engine:jar:3.8.0-SNAPSHOT (compile)
[ERROR] 	org.apache.camel:camel-base-engine:jar:3.8.0-SNAPSHOT was not found in https://maven.pkg.github.com/SmallKlaus/maven-artifacts during a previous attempt. This failure was cached in the local repository and resolution is not reattempted until the update interval of github-packages has elapsed or updates are forced
[ERROR] 	org.apache.camel:camel-base-engine:jar:3.8.0-SNAPSHOT was not found in https://repository.apache.org/snapshots/ during a previous attempt. This failure was cached in the local repository and resolution is not reattempted until the update interval of apache.snapshots has elapsed or updates are forced
[ERROR] dependency: org.apache.camel:camel-support:jar:3.8.0-SNAPSHOT (compile)
[ERROR] 	org.apache.camel:camel-support:jar:3.8.0-SNAPSHOT was not found in https://maven.pkg.github.com/SmallKlaus/maven-artifacts during a previous attempt. This failure was cached in the local repository and resolution is not reattempted until the update interval of github-packages has elapsed or updates are forced
[ERROR] 	org.apache.camel:camel-support:jar:3.8.0-SNAPSHOT was not found in https://repository.apache.org/snapshots/ during a previous attempt. This failure was cached in the local repository and resolution is not reattempted until the update interval of apache.snapshots has elapsed or updates are forced
[ERROR] dependency: org.apache.camel:camel-core:jar:3.8.0-SNAPSHOT (compile)
[ERROR] 	org.apache.camel:camel-core:jar:3.8.0-SNAPSHOT was not found in https://maven.pkg.github.com/SmallKlaus/maven-artifacts during a previous attempt. This failure was cached in the local repository and resolution is not reattempted until the update interval of github-packages has elapsed or updates are forced
[ERROR] 	org.apache.camel:camel-core:jar:3.8.0-SNAPSHOT was not found in https://repository.apache.org/snapshots/ during a previous attempt. This failure was cached in the local repository and resolution is not reattempted until the update interval of apache.snapshots has elapsed or updates are forced
[ERROR] dependency: org.apache.camel:camel-browse:jar:3.8.0-SNAPSHOT (compile)
[ERROR] 	org.apache.camel:camel-browse:jar:3.8.0-SNAPSHOT was not found in https://maven.pkg.github.com/SmallKlaus/maven-artifacts during a previous attempt. This failure was cached in the local repository and resolution is not reattempted until the update interval of github-packages has elapsed or updates are forced
[ERROR] 	org.apache.camel:camel-browse:jar:3.8.0-SNAPSHOT was not found in https://repository.apache.org/snapshots/ during a previous attempt. This failure was cached in the local repository and resolution is not reattempted until the update interval of apache.snapshots has elapsed or updates are forced
[ERROR] dependency: org.apache.camel:camel-controlbus:jar:3.8.0-SNAPSHOT (compile)
[ERROR] 	org.apache.camel:camel-controlbus:jar:3.8.0-SNAPSHOT was not found in https://maven.pkg.github.com/SmallKlaus/maven-artifacts during a previous attempt. This failure was cached in the local repository and resolution is not reattempted until the update interval of github-packages has elapsed or updates are forced
[ERROR] 	org.apache.camel:camel-controlbus:jar:3.8.0-SNAPSHOT was not found in https://repository.apache.org/snapshots/ during a previous attempt. This failure was cached in the local repository and resolution is not reattempted until the update interval of apache.snapshots has elapsed or updates are forced
[ERROR] dependency: org.apache.camel:camel-dataformat:jar:3.8.0-SNAPSHOT (compile)
[ERROR] 	org.apache.camel:camel-dataformat:jar:3.8.0-SNAPSHOT was not found in https://maven.pkg.github.com/SmallKlaus/maven-artifacts during a previous attempt. This failure was cached in the local repository and resolution is not reattempted until the update interval of github-packages has elapsed or updates are forced
[ERROR] 	org.apache.camel:camel-dataformat:jar:3.8.0-SNAPSHOT was not found in https://repository.apache.org/snapshots/ during a previous attempt. This failure was cached in the local repository and resolution is not reattempted until the update interval of apache.snapshots has elapsed or updates are forced
[ERROR] dependency: org.apache.camel:camel-dataset:jar:3.8.0-SNAPSHOT (compile)
[ERROR] 	org.apache.camel:camel-dataset:jar:3.8.0-SNAPSHOT was not found in https://maven.pkg.github.com/SmallKlaus/maven-artifacts during a previous attempt. This failure was cached in the local repository and resolution is not reattempted until the update interval of github-packages has elapsed or updates are forced
[ERROR] 	org.apache.camel:camel-dataset:jar:3.8.0-SNAPSHOT was not found in https://repository.apache.org/snapshots/ during a previous attempt. This failure was cached in the local repository and resolution is not reattempted until the update interval of apache.snapshots has elapsed or updates are forced
[ERROR] dependency: org.apache.camel:camel-direct:jar:3.8.0-SNAPSHOT (compile)
[ERROR] 	org.apache.camel:camel-direct:jar:3.8.0-SNAPSHOT was not found in https://maven.pkg.github.com/SmallKlaus/maven-artifacts during a previous attempt. This failure was cached in the local repository and resolution is not reattempted until the update interval of github-packages has elapsed or updates are forced
[ERROR] 	org.apache.camel:camel-direct:jar:3.8.0-SNAPSHOT was not found in https://repository.apache.org/snapshots/ during a previous attempt. This failure was cached in the local repository and resolution is not reattempted until the update interval of apache.snapshots has elapsed or updates are forced
[ERROR] dependency: org.apache.camel:camel-directvm:jar:3.8.0-SNAPSHOT (compile)
[ERROR] 	org.apache.camel:camel-directvm:jar:3.8.0-SNAPSHOT was not found in https://maven.pkg.github.com/SmallKlaus/maven-artifacts during a previous attempt. This failure was cached in the local repository and resolution is not reattempted until the update interval of github-packages has elapsed or updates are forced
[ERROR] 	org.apache.camel:camel-directvm:jar:3.8.0-SNAPSHOT was not found in https://repository.apache.org/snapshots/ during a previous attempt. This failure was cached in the local repository and resolution is not reattempted until the update interval of apache.snapshots has elapsed or updates are forced
[ERROR] dependency: org.apache.camel:camel-file:jar:3.8.0-SNAPSHOT (compile)
[ERROR] 	org.apache.camel:camel-file:jar:3.8.0-SNAPSHOT was not found in https://maven.pkg.github.com/SmallKlaus/maven-artifacts during a previous attempt. This failure was cached in the local repository and resolution is not reattempted until the update interval of github-packages has elapsed or updates are forced
[ERROR] 	org.apache.camel:camel-file:jar:3.8.0-SNAPSHOT was not found in https://repository.apache.org/snapshots/ during a previous attempt. This failure was cached in the local repository and resolution is not reattempted until the update interval of apache.snapshots has elapsed or updates are forced
[ERROR] dependency: org.apache.camel:camel-language:jar:3.8.0-SNAPSHOT (compile)
[ERROR] 	org.apache.camel:camel-language:jar:3.8.0-SNAPSHOT was not found in https://maven.pkg.github.com/SmallKlaus/maven-artifacts during a previous attempt. This failure was cached in the local repository and resolution is not reattempted until the update interval of github-packages has elapsed or updates are forced
[ERROR] 	org.apache.camel:camel-language:jar:3.8.0-SNAPSHOT was not found in https://repository.apache.org/snapshots/ during a previous attempt. This failure was cached in the local repository and resolution is not reattempted until the update interval of apache.snapshots has elapsed or updates are forced
[ERROR] dependency: org.apache.camel:camel-mock:jar:3.8.0-SNAPSHOT (compile)
[ERROR] 	org.apache.camel:camel-mock:jar:3.8.0-SNAPSHOT was not found in https://maven.pkg.github.com/SmallKlaus/maven-artifacts during a previous attempt. This failure was cached in the local repository and resolution is not reattempted until the update interval of github-packages has elapsed or updates are forced
[ERROR] 	org.apache.camel:camel-mock:jar:3.8.0-SNAPSHOT was not found in https://repository.apache.org/snapshots/ during a previous attempt. This failure was cached in the local repository and resolution is not reattempted until the update interval of apache.snapshots has elapsed or updates are forced
[ERROR] dependency: org.apache.camel:camel-ref:jar:3.8.0-SNAPSHOT (compile)
[ERROR] 	org.apache.camel:camel-ref:jar:3.8.0-SNAPSHOT was not found in https://maven.pkg.github.com/SmallKlaus/maven-artifacts during a previous attempt. This failure was cached in the local repository and resolution is not reattempted until the update interval of github-packages has elapsed or updates are forced
[ERROR] 	org.apache.camel:camel-ref:jar:3.8.0-SNAPSHOT was not found in https://repository.apache.org/snapshots/ during a previous attempt. This failure was cached in the local repository and resolution is not reattempted until the update interval of apache.snapshots has elapsed or updates are forced
[ERROR] dependency: org.apache.camel:camel-rest:jar:3.8.0-SNAPSHOT (compile)
[ERROR] 	org.apache.camel:camel-rest:jar:3.8.0-SNAPSHOT was not found in https://maven.pkg.github.com/SmallKlaus/maven-artifacts during a previous attempt. This failure was cached in the local repository and resolution is not reattempted until the update interval of github-packages has elapsed or updates are forced
[ERROR] 	org.apache.camel:camel-rest:jar:3.8.0-SNAPSHOT was not found in https://repository.apache.org/snapshots/ during a previous attempt. This failure was cached in the local repository and resolution is not reattempted until the update interval of apache.snapshots has elapsed or updates are forced
[ERROR] dependency: org.apache.camel:camel-saga:jar:3.8.0-SNAPSHOT (compile)
[ERROR] 	org.apache.camel:camel-saga:jar:3.8.0-SNAPSHOT was not found in https://maven.pkg.github.com/SmallKlaus/maven-artifacts during a previous attempt. This failure was cached in the local repository and resolution is not reattempted until the update interval of github-packages has elapsed or updates are forced
[ERROR] 	org.apache.camel:camel-saga:jar:3.8.0-SNAPSHOT was not found in https://repository.apache.org/snapshots/ during a previous attempt. This failure was cached in the local repository and resolution is not reattempted until the update interval of apache.snapshots has elapsed or updates are forced
[ERROR] dependency: org.apache.camel:camel-scheduler:jar:3.8.0-SNAPSHOT (compile)
[ERROR] 	org.apache.camel:camel-scheduler:jar:3.8.0-SNAPSHOT was not found in https://maven.pkg.github.com/SmallKlaus/maven-artifacts during a previous attempt. This failure was cached in the local repository and resolution is not reattempted until the update interval of github-packages has elapsed or updates are forced
[ERROR] 	org.apache.camel:camel-scheduler:jar:3.8.0-SNAPSHOT was not found in https://repository.apache.org/snapshots/ during a previous attempt. This failure was cached in the local repository and resolution is not reattempted until the update interval of apache.snapshots has elapsed or updates are forced
[ERROR] dependency: org.apache.camel:camel-seda:jar:3.8.0-SNAPSHOT (compile)
[ERROR] 	org.apache.camel:camel-seda:jar:3.8.0-SNAPSHOT was not found in https://maven.pkg.github.com/SmallKlaus/maven-artifacts during a previous attempt. This failure was cached in the local repository and resolution is not reattempted until the update interval of github-packages has elapsed or updates are forced
[ERROR] 	org.apache.camel:camel-seda:jar:3.8.0-SNAPSHOT was not found in https://repository.apache.org/snapshots/ during a previous attempt. This failure was cached in the local repository and resolution is not reattempted until the update interval of apache.snapshots has elapsed or updates are forced
[ERROR] dependency: org.apache.camel:camel-stub:jar:3.8.0-SNAPSHOT (compile)
[ERROR] 	org.apache.camel:camel-stub:jar:3.8.0-SNAPSHOT was not found in https://maven.pkg.github.com/SmallKlaus/maven-artifacts during a previous attempt. This failure was cached in the local repository and resolution is not reattempted until the update interval of github-packages has elapsed or updates are forced
[ERROR] 	org.apache.camel:camel-stub:jar:3.8.0-SNAPSHOT was not found in https://repository.apache.org/snapshots/ during a previous attempt. This failure was cached in the local repository and resolution is not reattempted until the update interval of apache.snapshots has elapsed or updates are forced
[ERROR] dependency: org.apache.camel:camel-timer:jar:3.8.0-SNAPSHOT (compile)
[ERROR] 	org.apache.camel:camel-timer:jar:3.8.0-SNAPSHOT was not found in https://maven.pkg.github.com/SmallKlaus/maven-artifacts during a previous attempt. This failure was cached in the local repository and resolution is not reattempted until the update interval of github-packages has elapsed or updates are forced
[ERROR] 	org.apache.camel:camel-timer:jar:3.8.0-SNAPSHOT was not found in https://repository.apache.org/snapshots/ during a previous attempt. This failure was cached in the local repository and resolution is not reattempted until the update interval of apache.snapshots has elapsed or updates are forced
[ERROR] dependency: org.apache.camel:camel-validator:jar:3.8.0-SNAPSHOT (compile)
[ERROR] 	org.apache.camel:camel-validator:jar:3.8.0-SNAPSHOT was not found in https://maven.pkg.github.com/SmallKlaus/maven-artifacts during a previous attempt. This failure was cached in the local repository and resolution is not reattempted until the update interval of github-packages has elapsed or updates are forced
[ERROR] 	org.apache.camel:camel-validator:jar:3.8.0-SNAPSHOT was not found in https://repository.apache.org/snapshots/ during a previous attempt. This failure was cached in the local repository and resolution is not reattempted until the update interval of apache.snapshots has elapsed or updates are forced
[ERROR] dependency: org.apache.camel:camel-vm:jar:3.8.0-SNAPSHOT (compile)
[ERROR] 	org.apache.camel:camel-vm:jar:3.8.0-SNAPSHOT was not found in https://maven.pkg.github.com/SmallKlaus/maven-artifacts during a previous attempt. This failure was cached in the local repository and resolution is not reattempted until the update interval of github-packages has elapsed or updates are forced
[ERROR] 	org.apache.camel:camel-vm:jar:3.8.0-SNAPSHOT was not found in https://repository.apache.org/snapshots/ during a previous attempt. This failure was cached in the local repository and resolution is not reattempted until the update interval of apache.snapshots has elapsed or updates are forced
[ERROR] dependency: org.apache.camel:camel-xpath:jar:3.8.0-SNAPSHOT (compile)
[ERROR] 	org.apache.camel:camel-xpath:jar:3.8.0-SNAPSHOT was not found in https://maven.pkg.github.com/SmallKlaus/maven-artifacts during a previous attempt. This failure was cached in the local repository and resolution is not reattempted until the update interval of github-packages has elapsed or updates are forced
[ERROR] 	org.apache.camel:camel-xpath:jar:3.8.0-SNAPSHOT was not found in https://repository.apache.org/snapshots/ during a previous attempt. This failure was cached in the local repository and resolution is not reattempted until the update interval of apache.snapshots has elapsed or updates are forced
[ERROR] dependency: org.apache.camel:camel-xslt:jar:3.8.0-SNAPSHOT (compile)
[ERROR] 	org.apache.camel:camel-xslt:jar:3.8.0-SNAPSHOT was not found in https://maven.pkg.github.com/SmallKlaus/maven-artifacts during a previous attempt. This failure was cached in the local repository and resolution is not reattempted until the update interval of github-packages has elapsed or updates are forced
[ERROR] 	org.apache.camel:camel-xslt:jar:3.8.0-SNAPSHOT was not found in https://repository.apache.org/snapshots/ during a previous attempt. This failure was cached in the local repository and resolution is not reattempted until the update interval of apache.snapshots has elapsed or updates are forced
[ERROR] dependency: org.apache.camel:camel-core-engine:jar:3.8.0-SNAPSHOT (compile)
[ERROR] 	org.apache.camel:camel-core-engine:jar:3.8.0-SNAPSHOT was not found in https://maven.pkg.github.com/SmallKlaus/maven-artifacts during a previous attempt. This failure was cached in the local repository and resolution is not reattempted until the update interval of github-packages has elapsed or updates are forced
[ERROR] 	org.apache.camel:camel-core-engine:jar:3.8.0-SNAPSHOT was not found in https://repository.apache.org/snapshots/ during a previous attempt. This failure was cached in the local repository and resolution is not reattempted until the update interval of apache.snapshots has elapsed or updates are forced
[ERROR] dependency: org.apache.camel:camel-core-model:jar:3.8.0-SNAPSHOT (compile)
[ERROR] 	org.apache.camel:camel-core-model:jar:3.8.0-SNAPSHOT was not found in https://maven.pkg.github.com/SmallKlaus/maven-artifacts during a previous attempt. This failure was cached in the local repository and resolution is not reattempted until the update interval of github-packages has elapsed or updates are forced
[ERROR] 	org.apache.camel:camel-core-model:jar:3.8.0-SNAPSHOT was not found in https://repository.apache.org/snapshots/ during a previous attempt. This failure was cached in the local repository and resolution is not reattempted until the update interval of apache.snapshots has elapsed or updates are forced
[ERROR] dependency: org.apache.camel:camel-core-processor:jar:3.8.0-SNAPSHOT (compile)
[ERROR] 	org.apache.camel:camel-core-processor:jar:3.8.0-SNAPSHOT was not found in https://maven.pkg.github.com/SmallKlaus/maven-artifacts during a previous attempt. This failure was cached in the local repository and resolution is not reattempted until the update interval of github-packages has elapsed or updates are forced
[ERROR] 	org.apache.camel:camel-core-processor:jar:3.8.0-SNAPSHOT was not found in https://repository.apache.org/snapshots/ during a previous attempt. This failure was cached in the local repository and resolution is not reattempted until the update interval of apache.snapshots has elapsed or updates are forced
[ERROR] dependency: org.apache.camel:camel-core-reifier:jar:3.8.0-SNAPSHOT (compile)
[ERROR] 	org.apache.camel:camel-core-reifier:jar:3.8.0-SNAPSHOT was not found in https://maven.pkg.github.com/SmallKlaus/maven-artifacts during a previous attempt. This failure was cached in the local repository and resolution is not reattempted until the update interval of github-packages has elapsed or updates are forced
[ERROR] 	org.apache.camel:camel-core-reifier:jar:3.8.0-SNAPSHOT was not found in https://repository.apache.org/snapshots/ during a previous attempt. This failure was cached in the local repository and resolution is not reattempted until the update interval of apache.snapshots has elapsed or updates are forced
[ERROR] dependency: org.apache.camel:camel-core-languages:jar:3.8.0-SNAPSHOT (compile)
[ERROR] 	org.apache.camel:camel-core-languages:jar:3.8.0-SNAPSHOT was not found in https://maven.pkg.github.com/SmallKlaus/maven-artifacts during a previous attempt. This failure was cached in the local repository and resolution is not reattempted until the update interval of github-packages has elapsed or updates are forced
[ERROR] 	org.apache.camel:camel-core-languages:jar:3.8.0-SNAPSHOT was not found in https://repository.apache.org/snapshots/ during a previous attempt. This failure was cached in the local repository and resolution is not reattempted until the update interval of apache.snapshots has elapsed or updates are forced
[ERROR] dependency: org.apache.camel:camel-core-xml:jar:3.8.0-SNAPSHOT (compile)
[ERROR] 	org.apache.camel:camel-core-xml:jar:3.8.0-SNAPSHOT was not found in https://maven.pkg.github.com/SmallKlaus/maven-artifacts during a previous attempt. This failure was cached in the local repository and resolution is not reattempted until the update interval of github-packages has elapsed or updates are forced
[ERROR] 	org.apache.camel:camel-core-xml:jar:3.8.0-SNAPSHOT was not found in https://repository.apache.org/snapshots/ during a previous attempt. This failure was cached in the local repository and resolution is not reattempted until the update interval of apache.snapshots has elapsed or updates are forced
[ERROR] dependency: org.apache.camel:camel-core-catalog:jar:3.8.0-SNAPSHOT (compile)
[ERROR] 	org.apache.camel:camel-core-catalog:jar:3.8.0-SNAPSHOT was not found in https://maven.pkg.github.com/SmallKlaus/maven-artifacts during a previous attempt. This failure was cached in the local repository and resolution is not reattempted until the update interval of github-packages has elapsed or updates are forced
[ERROR] 	org.apache.camel:camel-core-catalog:jar:3.8.0-SNAPSHOT was not found in https://repository.apache.org/snapshots/ during a previous attempt. This failure was cached in the local repository and resolution is not reattempted until the update interval of apache.snapshots has elapsed or updates are forced
[ERROR] dependency: org.apache.camel:camel-cloud:jar:3.8.0-SNAPSHOT (compile)
[ERROR] 	org.apache.camel:camel-cloud:jar:3.8.0-SNAPSHOT was not found in https://maven.pkg.github.com/SmallKlaus/maven-artifacts during a previous attempt. This failure was cached in the local repository and resolution is not reattempted until the update interval of github-packages has elapsed or updates are forced
[ERROR] 	org.apache.camel:camel-cloud:jar:3.8.0-SNAPSHOT was not found in https://repository.apache.org/snapshots/ during a previous attempt. This failure was cached in the local repository and resolution is not reattempted until the update interval of apache.snapshots has elapsed or updates are forced
[ERROR] dependency: org.apache.camel:camel-cluster:jar:3.8.0-SNAPSHOT (compile)
[ERROR] 	org.apache.camel:camel-cluster:jar:3.8.0-SNAPSHOT was not found in https://maven.pkg.github.com/SmallKlaus/maven-artifacts during a previous attempt. This failure was cached in the local repository and resolution is not reattempted until the update interval of github-packages has elapsed or updates are forced
[ERROR] 	org.apache.camel:camel-cluster:jar:3.8.0-SNAPSHOT was not found in https://repository.apache.org/snapshots/ during a previous attempt. This failure was cached in the local repository and resolution is not reattempted until the update interval of apache.snapshots has elapsed or updates are forced
[ERROR] dependency: org.apache.camel:camel-health:jar:3.8.0-SNAPSHOT (compile)
[ERROR] 	org.apache.camel:camel-health:jar:3.8.0-SNAPSHOT was not found in https://maven.pkg.github.com/SmallKlaus/maven-artifacts during a previous attempt. This failure was cached in the local repository and resolution is not reattempted until the update interval of github-packages has elapsed or updates are forced
[ERROR] 	org.apache.camel:camel-health:jar:3.8.0-SNAPSHOT was not found in https://repository.apache.org/snapshots/ during a previous attempt. This failure was cached in the local repository and resolution is not reattempted until the update interval of apache.snapshots has elapsed or updates are forced
[ERROR] dependency: org.apache.camel:camel-headersmap:jar:3.8.0-SNAPSHOT (compile)
[ERROR] 	org.apache.camel:camel-headersmap:jar:3.8.0-SNAPSHOT was not found in https://maven.pkg.github.com/SmallKlaus/maven-artifacts during a previous attempt. This failure was cached in the local repository and resolution is not reattempted until the update interval of github-packages has elapsed or updates are forced
[ERROR] 	org.apache.camel:camel-headersmap:jar:3.8.0-SNAPSHOT was not found in https://repository.apache.org/snapshots/ during a previous attempt. This failure was cached in the local repository and resolution is not reattempted until the update interval of apache.snapshots has elapsed or updates are forced
[ERROR] dependency: org.apache.camel:camel-caffeine-lrucache:jar:3.8.0-SNAPSHOT (compile)
[ERROR] 	org.apache.camel:camel-caffeine-lrucache:jar:3.8.0-SNAPSHOT was not found in https://maven.pkg.github.com/SmallKlaus/maven-artifacts during a previous attempt. This failure was cached in the local repository and resolution is not reattempted until the update interval of github-packages has elapsed or updates are forced
[ERROR] 	org.apache.camel:camel-caffeine-lrucache:jar:3.8.0-SNAPSHOT was not found in https://repository.apache.org/snapshots/ during a previous attempt. This failure was cached in the local repository and resolution is not reattempted until the update interval of apache.snapshots has elapsed or updates are forced
[ERROR] dependency: org.apache.camel:camel-xml-jaxp:jar:3.8.0-SNAPSHOT (compile)
[ERROR] 	org.apache.camel:camel-xml-jaxp:jar:3.8.0-SNAPSHOT was not found in https://maven.pkg.github.com/SmallKlaus/maven-artifacts during a previous attempt. This failure was cached in the local repository and resolution is not reattempted until the update interval of github-packages has elapsed or updates are forced
[ERROR] 	org.apache.camel:camel-xml-jaxp:jar:3.8.0-SNAPSHOT was not found in https://repository.apache.org/snapshots/ during a previous attempt. This failure was cached in the local repository and resolution is not reattempted until the update interval of apache.snapshots has elapsed or updates are forced
[ERROR] dependency: org.apache.camel:camel-main:jar:3.8.0-SNAPSHOT (compile)
[ERROR] 	org.apache.camel:camel-main:jar:3.8.0-SNAPSHOT was not found in https://maven.pkg.github.com/SmallKlaus/maven-artifacts during a previous attempt. This failure was cached in the local repository and resolution is not reattempted until the update interval of github-packages has elapsed or updates are forced
[ERROR] 	org.apache.camel:camel-main:jar:3.8.0-SNAPSHOT was not found in https://repository.apache.org/snapshots/ during a previous attempt. This failure was cached in the local repository and resolution is not reattempted until the update interval of apache.snapshots has elapsed or updates are forced
[ERROR] dependency: org.apache.camel:camel-tooling-model:jar:3.8.0-SNAPSHOT (compile)
[ERROR] 	org.apache.camel:camel-tooling-model:jar:3.8.0-SNAPSHOT was not found in https://maven.pkg.github.com/SmallKlaus/maven-artifacts during a previous attempt. This failure was cached in the local repository and resolution is not reattempted until the update interval of github-packages has elapsed or updates are forced
[ERROR] 	org.apache.camel:camel-tooling-model:jar:3.8.0-SNAPSHOT was not found in https://repository.apache.org/snapshots/ during a previous attempt. This failure was cached in the local repository and resolution is not reattempted until the update interval of apache.snapshots has elapsed or updates are forced
[ERROR] dependency: org.apache.camel:camel-util-json:jar:3.8.0-SNAPSHOT (compile)
[ERROR] 	org.apache.camel:camel-util-json:jar:3.8.0-SNAPSHOT was not found in https://maven.pkg.github.com/SmallKlaus/maven-artifacts during a previous attempt. This failure was cached in the local repository and resolution is not reattempted until the update interval of github-packages has elapsed or updates are forced
[ERROR] 	org.apache.camel:camel-util-json:jar:3.8.0-SNAPSHOT was not found in https://repository.apache.org/snapshots/ during a previous attempt. This failure was cached in the local repository and resolution is not reattempted until the update interval of apache.snapshots has elapsed or updates are forced
[ERROR] dependency: org.apache.camel:camel-tooling-util:jar:3.8.0-SNAPSHOT (compile)
[ERROR] 	org.apache.camel:camel-tooling-util:jar:3.8.0-SNAPSHOT was not found in https://maven.pkg.github.com/SmallKlaus/maven-artifacts during a previous attempt. This failure was cached in the local repository and resolution is not reattempted until the update interval of github-packages has elapsed or updates are forced
[ERROR] 	org.apache.camel:camel-tooling-util:jar:3.8.0-SNAPSHOT was not found in https://repository.apache.org/snapshots/ during a previous attempt. This failure was cached in the local repository and resolution is not reattempted until the update interval of apache.snapshots has elapsed or updates are forced
[ERROR] dependency: org.apache.camel:camel-xml-io:jar:3.8.0-SNAPSHOT (compile)
[ERROR] 	org.apache.camel:camel-xml-io:jar:3.8.0-SNAPSHOT was not found in https://maven.pkg.github.com/SmallKlaus/maven-artifacts during a previous attempt. This failure was cached in the local repository and resolution is not reattempted until the update interval of github-packages has elapsed or updates are forced
[ERROR] 	org.apache.camel:camel-xml-io:jar:3.8.0-SNAPSHOT was not found in https://repository.apache.org/snapshots/ during a previous attempt. This failure was cached in the local repository and resolution is not reattempted until the update interval of apache.snapshots has elapsed or updates are forced
[ERROR] dependency: org.apache.camel:camel-xml-jaxb:jar:3.8.0-SNAPSHOT (compile)
[ERROR] 	org.apache.camel:camel-xml-jaxb:jar:3.8.0-SNAPSHOT was not found in https://maven.pkg.github.com/SmallKlaus/maven-artifacts during a previous attempt. This failure was cached in the local repository and resolution is not reattempted until the update interval of github-packages has elapsed or updates are forced
[ERROR] 	org.apache.camel:camel-xml-jaxb:jar:3.8.0-SNAPSHOT was not found in https://repository.apache.org/snapshots/ during a previous attempt. This failure was cached in the local repository and resolution is not reattempted until the update interval of apache.snapshots has elapsed or updates are forced
[ERROR] dependency: org.apache.camel:camel-allcomponents:pom:3.8.0-SNAPSHOT (compile)
[ERROR] 	org.apache.camel:camel-allcomponents:pom:3.8.0-SNAPSHOT was not found in https://maven.pkg.github.com/SmallKlaus/maven-artifacts during a previous attempt. This failure was cached in the local repository and resolution is not reattempted until the update interval of github-packages has elapsed or updates are forced
[ERROR] 	org.apache.camel:camel-allcomponents:pom:3.8.0-SNAPSHOT was not found in https://repository.apache.org/snapshots/ during a previous attempt. This failure was cached in the local repository and resolution is not reattempted until the update interval of apache.snapshots has elapsed or updates are forced
[ERROR] dependency: org.apache.camel:camel-catalog:jar:3.8.0-SNAPSHOT (compile)
[ERROR] 	org.apache.camel:camel-catalog:jar:3.8.0-SNAPSHOT was not found in https://maven.pkg.github.com/SmallKlaus/maven-artifacts during a previous attempt. This failure was cached in the local repository and resolution is not reattempted until the update interval of github-packages has elapsed or updates are forced
[ERROR] 	org.apache.camel:camel-catalog:jar:3.8.0-SNAPSHOT was not found in https://repository.apache.org/snapshots/ during a previous attempt. This failure was cached in the local repository and resolution is not reattempted until the update interval of apache.snapshots has elapsed or updates are forced
[ERROR] dependency: org.apache.camel:camel-catalog-lucene:jar:3.8.0-SNAPSHOT (compile)
[ERROR] 	org.apache.camel:camel-catalog-lucene:jar:3.8.0-SNAPSHOT was not found in https://maven.pkg.github.com/SmallKlaus/maven-artifacts during a previous attempt. This failure was cached in the local repository and resolution is not reattempted until the update interval of github-packages has elapsed or updates are forced
[ERROR] 	org.apache.camel:camel-catalog-lucene:jar:3.8.0-SNAPSHOT was not found in https://repository.apache.org/snapshots/ during a previous attempt. This failure was cached in the local repository and resolution is not reattempted until the update interval of apache.snapshots has elapsed or updates are forced
[ERROR] dependency: org.apache.camel:camel-catalog-maven:jar:3.8.0-SNAPSHOT (compile)
[ERROR] 	org.apache.camel:camel-catalog-maven:jar:3.8.0-SNAPSHOT was not found in https://maven.pkg.github.com/SmallKlaus/maven-artifacts during a previous attempt. This failure was cached in the local repository and resolution is not reattempted until the update interval of github-packages has elapsed or updates are forced
[ERROR] 	org.apache.camel:camel-catalog-maven:jar:3.8.0-SNAPSHOT was not found in https://repository.apache.org/snapshots/ during a previous attempt. This failure was cached in the local repository and resolution is not reattempted until the update interval of apache.snapshots has elapsed or updates are forced
[ERROR] dependency: org.apache.camel:camel-route-parser:jar:3.8.0-SNAPSHOT (compile)
[ERROR] 	org.apache.camel:camel-route-parser:jar:3.8.0-SNAPSHOT was not found in https://maven.pkg.github.com/SmallKlaus/maven-artifacts during a previous attempt. This failure was cached in the local repository and resolution is not reattempted until the update interval of github-packages has elapsed or updates are forced
[ERROR] 	org.apache.camel:camel-route-parser:jar:3.8.0-SNAPSHOT was not found in https://repository.apache.org/snapshots/ during a previous attempt. This failure was cached in the local repository and resolution is not reattempted until the update interval of apache.snapshots has elapsed or updates are forced
[ERROR] -> [Help 4]
[ERROR] 
[ERROR] To see the full stack trace of the errors, re-run Maven with the -e switch.
[ERROR] Re-run Maven using the -X switch to enable full debug logging.
[ERROR] 
[ERROR] For more information about the errors and possible solutions, please read the following articles:
[ERROR] [Help 1] http://cwiki.apache.org/confluence/display/MAVEN/InvalidPluginDescriptorException
[ERROR] [Help 2] http://cwiki.apache.org/confluence/display/MAVEN/PluginResolutionException
[ERROR] [Help 3] http://cwiki.apache.org/confluence/display/MAVEN/PluginDescriptorParsingException
[ERROR] [Help 4] http://cwiki.apache.org/confluence/display/MAVEN/DependencyResolutionException
[ERROR] 
[ERROR] After correcting the problems, you can resume the build with the command
[ERROR]   mvn <args> -rf :apache-camel
[INFO] Build failures were ignored.
