[WARNING] 
[WARNING] Some problems were encountered while building the effective settings
[WARNING] 'profiles.profile[repos].repositories.repository.id' must be unique but found duplicate repository with id mapr-public @ /home/runner/.m2/settings.xml
[WARNING] 'profiles.profile[repos].repositories.repository.id' must be unique but found duplicate repository with id apache-snapshots @ /home/runner/.m2/settings.xml
[WARNING] 'profiles.profile[repos].repositories.repository.id' must be unique but found duplicate repository with id apache-group-snapshots @ /home/runner/.m2/settings.xml
[WARNING] 
[INFO] Scanning for projects...
[INFO] Artifact org.apache.felix:org.apache.felix.bundlerepository:pom:1.6.6 is present in the local repository, but cached from a remote repository ID that is unavailable in current build context, verifying that is downloadable from [apache.snapshots (https://repository.apache.org/snapshots/, default, snapshots), central (https://repo.maven.apache.org/maven2, default, releases)]
[INFO] Artifact org.apache.felix:org.apache.felix.bundlerepository:pom:1.6.6 is present in the local repository, but cached from a remote repository ID that is unavailable in current build context, verifying that is downloadable from [apache.snapshots (https://repository.apache.org/snapshots/, default, snapshots), central (https://repo.maven.apache.org/maven2, default, releases)]
[INFO] Artifact org.apache.felix:felix-parent:pom:2.1 is present in the local repository, but cached from a remote repository ID that is unavailable in current build context, verifying that is downloadable from [apache.snapshots (https://repository.apache.org/snapshots/, default, snapshots), central (https://repo.maven.apache.org/maven2, default, releases)]
[INFO] Artifact org.apache.felix:felix-parent:pom:2.1 is present in the local repository, but cached from a remote repository ID that is unavailable in current build context, verifying that is downloadable from [apache.snapshots (https://repository.apache.org/snapshots/, default, snapshots), central (https://repo.maven.apache.org/maven2, default, releases)]
[INFO] Artifact org.osgi:org.osgi.core:pom:4.1.0 is present in the local repository, but cached from a remote repository ID that is unavailable in current build context, verifying that is downloadable from [apache.snapshots (https://repository.apache.org/snapshots/, default, snapshots), central (https://repo.maven.apache.org/maven2, default, releases)]
[INFO] Artifact org.osgi:org.osgi.core:pom:4.1.0 is present in the local repository, but cached from a remote repository ID that is unavailable in current build context, verifying that is downloadable from [apache.snapshots (https://repository.apache.org/snapshots/, default, snapshots), central (https://repo.maven.apache.org/maven2, default, releases)]
[INFO] Artifact org.apache.felix:org.apache.felix.utils:pom:1.6.0 is present in the local repository, but cached from a remote repository ID that is unavailable in current build context, verifying that is downloadable from [apache.snapshots (https://repository.apache.org/snapshots/, default, snapshots), central (https://repo.maven.apache.org/maven2, default, releases)]
[INFO] Artifact org.apache.felix:org.apache.felix.utils:pom:1.6.0 is present in the local repository, but cached from a remote repository ID that is unavailable in current build context, verifying that is downloadable from [apache.snapshots (https://repository.apache.org/snapshots/, default, snapshots), central (https://repo.maven.apache.org/maven2, default, releases)]
[INFO] Artifact org.osgi:org.osgi.compendium:pom:4.2.0 is present in the local repository, but cached from a remote repository ID that is unavailable in current build context, verifying that is downloadable from [apache.snapshots (https://repository.apache.org/snapshots/, default, snapshots), central (https://repo.maven.apache.org/maven2, default, releases)]
[INFO] Artifact org.osgi:org.osgi.compendium:pom:4.2.0 is present in the local repository, but cached from a remote repository ID that is unavailable in current build context, verifying that is downloadable from [apache.snapshots (https://repository.apache.org/snapshots/, default, snapshots), central (https://repo.maven.apache.org/maven2, default, releases)]
[INFO] Artifact org.apache.maven.doxia:doxia-site-renderer:pom:1.0 is present in the local repository, but cached from a remote repository ID that is unavailable in current build context, verifying that is downloadable from [apache.snapshots (https://repository.apache.org/snapshots/, default, snapshots), central (https://repo.maven.apache.org/maven2, default, releases)]
[INFO] Artifact org.apache.maven.doxia:doxia-site-renderer:pom:1.0 is present in the local repository, but cached from a remote repository ID that is unavailable in current build context, verifying that is downloadable from [apache.snapshots (https://repository.apache.org/snapshots/, default, snapshots), central (https://repo.maven.apache.org/maven2, default, releases)]
[INFO] Artifact org.apache.maven.doxia:doxia-sitetools:pom:1.0 is present in the local repository, but cached from a remote repository ID that is unavailable in current build context, verifying that is downloadable from [apache.snapshots (https://repository.apache.org/snapshots/, default, snapshots), central (https://repo.maven.apache.org/maven2, default, releases)]
[INFO] Artifact org.apache.maven.doxia:doxia-sitetools:pom:1.0 is present in the local repository, but cached from a remote repository ID that is unavailable in current build context, verifying that is downloadable from [apache.snapshots (https://repository.apache.org/snapshots/, default, snapshots), central (https://repo.maven.apache.org/maven2, default, releases)]
[INFO] Artifact org.apache.maven.doxia:doxia-core:pom:1.0 is present in the local repository, but cached from a remote repository ID that is unavailable in current build context, verifying that is downloadable from [apache.snapshots (https://repository.apache.org/snapshots/, default, snapshots), central (https://repo.maven.apache.org/maven2, default, releases)]
[INFO] Artifact org.apache.maven.doxia:doxia-core:pom:1.0 is present in the local repository, but cached from a remote repository ID that is unavailable in current build context, verifying that is downloadable from [apache.snapshots (https://repository.apache.org/snapshots/, default, snapshots), central (https://repo.maven.apache.org/maven2, default, releases)]
[INFO] Artifact org.codehaus.plexus:plexus-utils:pom:1.5.7 is present in the local repository, but cached from a remote repository ID that is unavailable in current build context, verifying that is downloadable from [apache.snapshots (https://repository.apache.org/snapshots/, default, snapshots), central (https://repo.maven.apache.org/maven2, default, releases)]
[INFO] Artifact org.codehaus.plexus:plexus-utils:pom:1.5.7 is present in the local repository, but cached from a remote repository ID that is unavailable in current build context, verifying that is downloadable from [apache.snapshots (https://repository.apache.org/snapshots/, default, snapshots), central (https://repo.maven.apache.org/maven2, default, releases)]
[INFO] Artifact org.apache.maven.doxia:doxia-decoration-model:pom:1.0 is present in the local repository, but cached from a remote repository ID that is unavailable in current build context, verifying that is downloadable from [apache.snapshots (https://repository.apache.org/snapshots/, default, snapshots), central (https://repo.maven.apache.org/maven2, default, releases)]
[INFO] Artifact org.apache.maven.doxia:doxia-decoration-model:pom:1.0 is present in the local repository, but cached from a remote repository ID that is unavailable in current build context, verifying that is downloadable from [apache.snapshots (https://repository.apache.org/snapshots/, default, snapshots), central (https://repo.maven.apache.org/maven2, default, releases)]
[INFO] Artifact org.apache.maven.doxia:doxia-module-apt:pom:1.0 is present in the local repository, but cached from a remote repository ID that is unavailable in current build context, verifying that is downloadable from [apache.snapshots (https://repository.apache.org/snapshots/, default, snapshots), central (https://repo.maven.apache.org/maven2, default, releases)]
[INFO] Artifact org.apache.maven.doxia:doxia-module-apt:pom:1.0 is present in the local repository, but cached from a remote repository ID that is unavailable in current build context, verifying that is downloadable from [apache.snapshots (https://repository.apache.org/snapshots/, default, snapshots), central (https://repo.maven.apache.org/maven2, default, releases)]
[INFO] Artifact org.apache.maven.doxia:doxia-modules:pom:1.0 is present in the local repository, but cached from a remote repository ID that is unavailable in current build context, verifying that is downloadable from [apache.snapshots (https://repository.apache.org/snapshots/, default, snapshots), central (https://repo.maven.apache.org/maven2, default, releases)]
[INFO] Artifact org.apache.maven.doxia:doxia-modules:pom:1.0 is present in the local repository, but cached from a remote repository ID that is unavailable in current build context, verifying that is downloadable from [apache.snapshots (https://repository.apache.org/snapshots/, default, snapshots), central (https://repo.maven.apache.org/maven2, default, releases)]
[INFO] Artifact org.apache.maven.doxia:doxia-module-fml:pom:1.0 is present in the local repository, but cached from a remote repository ID that is unavailable in current build context, verifying that is downloadable from [apache.snapshots (https://repository.apache.org/snapshots/, default, snapshots), central (https://repo.maven.apache.org/maven2, default, releases)]
[INFO] Artifact org.apache.maven.doxia:doxia-module-fml:pom:1.0 is present in the local repository, but cached from a remote repository ID that is unavailable in current build context, verifying that is downloadable from [apache.snapshots (https://repository.apache.org/snapshots/, default, snapshots), central (https://repo.maven.apache.org/maven2, default, releases)]
[INFO] Artifact org.apache.maven.doxia:doxia-module-xdoc:pom:1.0 is present in the local repository, but cached from a remote repository ID that is unavailable in current build context, verifying that is downloadable from [apache.snapshots (https://repository.apache.org/snapshots/, default, snapshots), central (https://repo.maven.apache.org/maven2, default, releases)]
[INFO] Artifact org.apache.maven.doxia:doxia-module-xdoc:pom:1.0 is present in the local repository, but cached from a remote repository ID that is unavailable in current build context, verifying that is downloadable from [apache.snapshots (https://repository.apache.org/snapshots/, default, snapshots), central (https://repo.maven.apache.org/maven2, default, releases)]
[INFO] Artifact org.apache.maven.doxia:doxia-module-xhtml:pom:1.0 is present in the local repository, but cached from a remote repository ID that is unavailable in current build context, verifying that is downloadable from [apache.snapshots (https://repository.apache.org/snapshots/, default, snapshots), central (https://repo.maven.apache.org/maven2, default, releases)]
[INFO] Artifact org.apache.maven.doxia:doxia-module-xhtml:pom:1.0 is present in the local repository, but cached from a remote repository ID that is unavailable in current build context, verifying that is downloadable from [apache.snapshots (https://repository.apache.org/snapshots/, default, snapshots), central (https://repo.maven.apache.org/maven2, default, releases)]
[INFO] Artifact org.jdom:jdom:pom:1.1 is present in the local repository, but cached from a remote repository ID that is unavailable in current build context, verifying that is downloadable from [apache.snapshots (https://repository.apache.org/snapshots/, default, snapshots), central (https://repo.maven.apache.org/maven2, default, releases)]
[INFO] Artifact org.jdom:jdom:pom:1.1 is present in the local repository, but cached from a remote repository ID that is unavailable in current build context, verifying that is downloadable from [apache.snapshots (https://repository.apache.org/snapshots/, default, snapshots), central (https://repo.maven.apache.org/maven2, default, releases)]
[INFO] Artifact org.apache.felix:org.apache.felix.bundlerepository:jar:1.6.6 is present in the local repository, but cached from a remote repository ID that is unavailable in current build context, verifying that is downloadable from [apache.snapshots (https://repository.apache.org/snapshots/, default, snapshots), central (https://repo.maven.apache.org/maven2, default, releases)]
[INFO] Artifact org.apache.felix:org.apache.felix.utils:jar:1.6.0 is present in the local repository, but cached from a remote repository ID that is unavailable in current build context, verifying that is downloadable from [apache.snapshots (https://repository.apache.org/snapshots/, default, snapshots), central (https://repo.maven.apache.org/maven2, default, releases)]
[INFO] Artifact org.osgi:org.osgi.compendium:jar:4.2.0 is present in the local repository, but cached from a remote repository ID that is unavailable in current build context, verifying that is downloadable from [apache.snapshots (https://repository.apache.org/snapshots/, default, snapshots), central (https://repo.maven.apache.org/maven2, default, releases)]
[INFO] Artifact org.apache.maven.doxia:doxia-sink-api:jar:1.0 is present in the local repository, but cached from a remote repository ID that is unavailable in current build context, verifying that is downloadable from [apache.snapshots (https://repository.apache.org/snapshots/, default, snapshots), central (https://repo.maven.apache.org/maven2, default, releases)]
[INFO] Artifact org.apache.maven.doxia:doxia-site-renderer:jar:1.0 is present in the local repository, but cached from a remote repository ID that is unavailable in current build context, verifying that is downloadable from [apache.snapshots (https://repository.apache.org/snapshots/, default, snapshots), central (https://repo.maven.apache.org/maven2, default, releases)]
[INFO] Artifact org.apache.maven.doxia:doxia-core:jar:1.0 is present in the local repository, but cached from a remote repository ID that is unavailable in current build context, verifying that is downloadable from [apache.snapshots (https://repository.apache.org/snapshots/, default, snapshots), central (https://repo.maven.apache.org/maven2, default, releases)]
[INFO] Artifact org.codehaus.plexus:plexus-velocity:jar:1.1.7 is present in the local repository, but cached from a remote repository ID that is unavailable in current build context, verifying that is downloadable from [apache.snapshots (https://repository.apache.org/snapshots/, default, snapshots), central (https://repo.maven.apache.org/maven2, default, releases)]
[INFO] Artifact org.apache.velocity:velocity:jar:1.5 is present in the local repository, but cached from a remote repository ID that is unavailable in current build context, verifying that is downloadable from [apache.snapshots (https://repository.apache.org/snapshots/, default, snapshots), central (https://repo.maven.apache.org/maven2, default, releases)]
[INFO] Artifact commons-lang:commons-lang:jar:2.1 is present in the local repository, but cached from a remote repository ID that is unavailable in current build context, verifying that is downloadable from [apache.snapshots (https://repository.apache.org/snapshots/, default, snapshots), central (https://repo.maven.apache.org/maven2, default, releases)]
[INFO] Artifact org.apache.maven.doxia:doxia-decoration-model:jar:1.0 is present in the local repository, but cached from a remote repository ID that is unavailable in current build context, verifying that is downloadable from [apache.snapshots (https://repository.apache.org/snapshots/, default, snapshots), central (https://repo.maven.apache.org/maven2, default, releases)]
[INFO] Artifact commons-collections:commons-collections:jar:3.2 is present in the local repository, but cached from a remote repository ID that is unavailable in current build context, verifying that is downloadable from [apache.snapshots (https://repository.apache.org/snapshots/, default, snapshots), central (https://repo.maven.apache.org/maven2, default, releases)]
[INFO] Artifact org.apache.maven.doxia:doxia-module-apt:jar:1.0 is present in the local repository, but cached from a remote repository ID that is unavailable in current build context, verifying that is downloadable from [apache.snapshots (https://repository.apache.org/snapshots/, default, snapshots), central (https://repo.maven.apache.org/maven2, default, releases)]
[INFO] Artifact org.apache.maven.doxia:doxia-module-fml:jar:1.0 is present in the local repository, but cached from a remote repository ID that is unavailable in current build context, verifying that is downloadable from [apache.snapshots (https://repository.apache.org/snapshots/, default, snapshots), central (https://repo.maven.apache.org/maven2, default, releases)]
[INFO] Artifact org.apache.maven.doxia:doxia-module-xdoc:jar:1.0 is present in the local repository, but cached from a remote repository ID that is unavailable in current build context, verifying that is downloadable from [apache.snapshots (https://repository.apache.org/snapshots/, default, snapshots), central (https://repo.maven.apache.org/maven2, default, releases)]
[INFO] Artifact org.apache.maven.doxia:doxia-module-xhtml:jar:1.0 is present in the local repository, but cached from a remote repository ID that is unavailable in current build context, verifying that is downloadable from [apache.snapshots (https://repository.apache.org/snapshots/, default, snapshots), central (https://repo.maven.apache.org/maven2, default, releases)]
[INFO] Artifact org.jdom:jdom:jar:1.1 is present in the local repository, but cached from a remote repository ID that is unavailable in current build context, verifying that is downloadable from [apache.snapshots (https://repository.apache.org/snapshots/, default, snapshots), central (https://repo.maven.apache.org/maven2, default, releases)]
[INFO] Artifact org.apache.felix:org.apache.felix.bundlerepository:jar:1.6.6 is present in the local repository, but cached from a remote repository ID that is unavailable in current build context, verifying that is downloadable from [apache.snapshots (https://repository.apache.org/snapshots/, default, snapshots), central (https://repo.maven.apache.org/maven2, default, releases)]
[INFO] Artifact org.apache.felix:org.apache.felix.utils:jar:1.6.0 is present in the local repository, but cached from a remote repository ID that is unavailable in current build context, verifying that is downloadable from [apache.snapshots (https://repository.apache.org/snapshots/, default, snapshots), central (https://repo.maven.apache.org/maven2, default, releases)]
[INFO] Artifact org.osgi:org.osgi.compendium:jar:4.2.0 is present in the local repository, but cached from a remote repository ID that is unavailable in current build context, verifying that is downloadable from [apache.snapshots (https://repository.apache.org/snapshots/, default, snapshots), central (https://repo.maven.apache.org/maven2, default, releases)]
[INFO] Artifact org.apache.maven.doxia:doxia-sink-api:jar:1.0 is present in the local repository, but cached from a remote repository ID that is unavailable in current build context, verifying that is downloadable from [apache.snapshots (https://repository.apache.org/snapshots/, default, snapshots), central (https://repo.maven.apache.org/maven2, default, releases)]
[INFO] Artifact org.apache.maven.doxia:doxia-site-renderer:jar:1.0 is present in the local repository, but cached from a remote repository ID that is unavailable in current build context, verifying that is downloadable from [apache.snapshots (https://repository.apache.org/snapshots/, default, snapshots), central (https://repo.maven.apache.org/maven2, default, releases)]
[INFO] Artifact org.apache.maven.doxia:doxia-core:jar:1.0 is present in the local repository, but cached from a remote repository ID that is unavailable in current build context, verifying that is downloadable from [apache.snapshots (https://repository.apache.org/snapshots/, default, snapshots), central (https://repo.maven.apache.org/maven2, default, releases)]
[INFO] Artifact org.codehaus.plexus:plexus-velocity:jar:1.1.7 is present in the local repository, but cached from a remote repository ID that is unavailable in current build context, verifying that is downloadable from [apache.snapshots (https://repository.apache.org/snapshots/, default, snapshots), central (https://repo.maven.apache.org/maven2, default, releases)]
[INFO] Artifact org.apache.velocity:velocity:jar:1.5 is present in the local repository, but cached from a remote repository ID that is unavailable in current build context, verifying that is downloadable from [apache.snapshots (https://repository.apache.org/snapshots/, default, snapshots), central (https://repo.maven.apache.org/maven2, default, releases)]
[INFO] Artifact commons-lang:commons-lang:jar:2.1 is present in the local repository, but cached from a remote repository ID that is unavailable in current build context, verifying that is downloadable from [apache.snapshots (https://repository.apache.org/snapshots/, default, snapshots), central (https://repo.maven.apache.org/maven2, default, releases)]
[INFO] Artifact org.apache.maven.doxia:doxia-decoration-model:jar:1.0 is present in the local repository, but cached from a remote repository ID that is unavailable in current build context, verifying that is downloadable from [apache.snapshots (https://repository.apache.org/snapshots/, default, snapshots), central (https://repo.maven.apache.org/maven2, default, releases)]
[INFO] Artifact commons-collections:commons-collections:jar:3.2 is present in the local repository, but cached from a remote repository ID that is unavailable in current build context, verifying that is downloadable from [apache.snapshots (https://repository.apache.org/snapshots/, default, snapshots), central (https://repo.maven.apache.org/maven2, default, releases)]
[INFO] Artifact org.apache.maven.doxia:doxia-module-apt:jar:1.0 is present in the local repository, but cached from a remote repository ID that is unavailable in current build context, verifying that is downloadable from [apache.snapshots (https://repository.apache.org/snapshots/, default, snapshots), central (https://repo.maven.apache.org/maven2, default, releases)]
[INFO] Artifact org.apache.maven.doxia:doxia-module-fml:jar:1.0 is present in the local repository, but cached from a remote repository ID that is unavailable in current build context, verifying that is downloadable from [apache.snapshots (https://repository.apache.org/snapshots/, default, snapshots), central (https://repo.maven.apache.org/maven2, default, releases)]
[INFO] Artifact org.apache.maven.doxia:doxia-module-xdoc:jar:1.0 is present in the local repository, but cached from a remote repository ID that is unavailable in current build context, verifying that is downloadable from [apache.snapshots (https://repository.apache.org/snapshots/, default, snapshots), central (https://repo.maven.apache.org/maven2, default, releases)]
[INFO] Artifact org.apache.maven.doxia:doxia-module-xhtml:jar:1.0 is present in the local repository, but cached from a remote repository ID that is unavailable in current build context, verifying that is downloadable from [apache.snapshots (https://repository.apache.org/snapshots/, default, snapshots), central (https://repo.maven.apache.org/maven2, default, releases)]
[INFO] Artifact org.jdom:jdom:jar:1.1 is present in the local repository, but cached from a remote repository ID that is unavailable in current build context, verifying that is downloadable from [apache.snapshots (https://repository.apache.org/snapshots/, default, snapshots), central (https://repo.maven.apache.org/maven2, default, releases)]
[INFO] Artifact org.sonatype.oss:oss-parent:pom:9 is present in the local repository, but cached from a remote repository ID that is unavailable in current build context, verifying that is downloadable from [apache.snapshots (https://repository.apache.org/snapshots/, default, snapshots), central (https://repo.maven.apache.org/maven2, default, releases)]
[INFO] Artifact org.sonatype.oss:oss-parent:pom:9 is present in the local repository, but cached from a remote repository ID that is unavailable in current build context, verifying that is downloadable from [apache.snapshots (https://repository.apache.org/snapshots/, default, snapshots), central (https://repo.maven.apache.org/maven2, default, releases)]
[INFO] ------------------------------------------------------------------------
[INFO] Detecting the operating system and CPU architecture
[INFO] ------------------------------------------------------------------------
[INFO] os.detected.name: linux
[INFO] os.detected.arch: x86_64
[INFO] os.detected.version: 6.17
[INFO] os.detected.version.major: 6
[INFO] os.detected.version.minor: 17
[INFO] os.detected.release: ubuntu
[INFO] os.detected.release.version: 24.04
[INFO] os.detected.release.like.ubuntu: true
[INFO] os.detected.release.like.debian: true
[INFO] os.detected.classifier: linux-x86_64
[WARNING] The project org.apache.camel:camel:pom:2.25.0-SNAPSHOT uses prerequisites which is only intended for maven-plugin projects but not for non maven-plugin projects. For such purposes you should use the maven-enforcer-plugin. See https://maven.apache.org/enforcer/enforcer-rules/requireMavenVersion.html
[INFO] ------------------------------------------------------------------------
[INFO] Reactor Build Order:
[INFO] 
[INFO] Camel                                                              [pom]
[INFO] Camel :: Parent                                                    [pom]
[INFO] Camel :: Etc                                                       [pom]
[INFO] Camel :: Tooling                                                   [pom]
[INFO] Camel :: Maven Plugins                                             [pom]
[INFO] Camel :: Maven Plugins :: BOM Generator                   [maven-plugin]
[INFO] Camel :: BOM :: Generator                                          [pom]
[INFO] Camel :: BOM                                                       [pom]
[INFO] Camel :: Buildtools                                                [jar]
[INFO] Camel :: SPI Annotations                                           [jar]
[INFO] Camel :: JSon Simple Ordered                                       [jar]
[INFO] Camel :: Annotation Processor                                      [jar]
[INFO] Camel :: Maven Plugins :: Camel Maven Package             [maven-plugin]
[INFO] Camel :: Core                                                      [jar]
[INFO] Camel :: Components                                                [pom]
[INFO] Camel :: Test                                                      [jar]
[INFO] Camel :: Core XML                                                  [jar]
[INFO] Camel :: Maven Plugins :: Camel EIP Documentation Enricher Plugin [maven-plugin]
[INFO] Camel :: Spring                                                    [jar]
[INFO] Camel :: Test :: Spring                                            [jar]
[INFO] Camel :: Spring JavaConfig                                         [jar]
[INFO] Camel :: TestNG (deprecated)                                       [jar]
[INFO] Camel :: Core OSGi                                                 [jar]
[INFO] Camel :: Blueprint                                                 [jar]
[INFO] Camel :: Test :: Blueprint                                         [jar]
[INFO] Camel :: Context (deprecated)                                      [jar]
[INFO] Camel :: CDI                                                       [jar]
[INFO] Camel :: Test :: CDI                                               [jar]
[INFO] Camel :: Test :: Karaf                                             [jar]
[INFO] Camel :: Testcontainers                                            [jar]
[INFO] Camel :: Testcontainers :: Spring                                  [jar]
[INFO] Camel :: BAM (deprecated)                                          [jar]
[INFO] Camel :: Groovy                                                    [jar]
[INFO] Camel :: Groovy DSL (deprecated)                                   [jar]
[INFO] Camel :: JUEL (deprecated)                                         [jar]
[INFO] Camel :: JXPath (deprecated)                                       [jar]
[INFO] Camel :: Velocity                                                  [jar]
[INFO] Camel :: Scala (deprecated)                                        [jar]
[INFO] Camel :: HTTP :: Common                                            [jar]
[INFO] Camel :: HTTP (deprecated)                                         [jar]
[INFO] Camel :: HTTP4                                                     [jar]
[INFO] Camel :: Hystrix                                                   [jar]
[INFO] Camel :: IPFS                                                      [jar]
[INFO] Camel :: Jackson                                                   [jar]
[INFO] Camel :: JAXB                                                      [jar]
[INFO] Camel :: Jetty :: Common                                           [jar]
[INFO] Camel :: Swagger Java                                              [jar]
[INFO] Camel :: Jetty9                                                    [jar]
[INFO] Camel :: Jetty                                                     [jar]
[INFO] Camel :: Undertow                                                  [jar]
[INFO] Camel :: CXF :: Transport                                          [jar]
[INFO] Camel :: CXF                                                       [jar]
[INFO] Camel :: JMS                                                       [jar]
[INFO] Camel :: Master                                                    [jar]
[INFO] Camel :: Service                                                   [jar]
[INFO] Camel :: Ribbon                                                    [jar]
[INFO] Camel :: AHC                                                       [jar]
[INFO] Camel :: AHC-WS                                                    [jar]
[INFO] Camel :: AMQP                                                      [jar]
[INFO] Camel :: APNS                                                      [jar]
[INFO] Camel :: AS2 :: Parent                                             [pom]
[INFO] Camel :: AS2 :: API                                                [jar]
[INFO] Camel :: Maven Plugins :: Camel API Component Plugin      [maven-plugin]
[INFO] Camel :: AS2 :: Component                                          [jar]
[INFO] Camel :: ASN.1                                                     [jar]
[INFO] Camel :: Asterisk                                                  [jar]
[INFO] Camel :: Atmos                                                     [jar]
[INFO] Camel :: Servlet                                                   [jar]
[INFO] Camel :: Atmosphere WebSocket Servlet                              [jar]
[INFO] Camel :: Atom                                                      [jar]
[INFO] Camel :: Atomix                                                    [jar]
[INFO] Camel :: Avro                                                      [jar]
[INFO] Camel :: AWS                                                       [jar]
[INFO] Camel :: AWS :: XRay                                               [jar]
[INFO] Camel :: Azure                                                     [jar]
[INFO] Camel :: Base64                                                    [jar]
[INFO] Camel :: BeanIO                                                    [jar]
[INFO] Camel :: Beanstalk                                                 [jar]
[INFO] Camel :: Bean validator                                            [jar]
[INFO] Camel :: Barcode                                                   [jar]
[INFO] Camel :: Spring Boot                                               [jar]
[INFO] Camel :: Bindy                                                     [jar]
[INFO] Camel :: Bonita                                                    [jar]
[INFO] Camel :: Boon                                                      [jar]
[INFO] Camel :: Box :: Parent                                             [pom]
[INFO] Camel :: Box :: API                                                [jar]
[INFO] Camel :: Box :: Component                                          [jar]
[INFO] Camel :: Braintree                                                 [jar]
[INFO] Camel :: Cache (deprecated)                                        [jar]
[INFO] Camel :: Caffeine                                                  [jar]
[INFO] Camel :: Cassandra CQL                                             [jar]
[INFO] Camel :: Castor (deprecated)                                       [jar]
[INFO] Camel :: Chronicle (deprecated)                                    [jar]
[INFO] Camel :: Chunk                                                     [jar]
[INFO] Camel :: CM SMS                                                    [jar]
[INFO] Camel :: CMIS                                                      [jar]
[INFO] Camel :: CoAP                                                      [jar]
[INFO] Camel :: Cometd                                                    [jar]
[INFO] Camel :: Consul                                                    [jar]
[INFO] Camel :: Corda                                                     [jar]
[INFO] Camel :: Couchbase                                                 [jar]
[INFO] Camel :: CouchDB                                                   [jar]
[INFO] Camel :: Crypto                                                    [jar]
[INFO] Camel :: Crypto CMS                                                [jar]
[INFO] Camel :: CSV                                                       [jar]
[INFO] Camel :: DigitalOcean                                              [jar]
[INFO] Camel :: Disruptor                                                 [jar]
[INFO] Camel :: DNS                                                       [jar]
[INFO] Camel :: Docker                                                    [jar]
[INFO] Camel :: Dozer                                                     [jar]
[INFO] Camel :: Drill                                                     [jar]
[INFO] Camel :: Dropbox                                                   [jar]
[INFO] Camel :: Eclipse (deprecated)                                      [jar]
[INFO] Camel :: Ehcache                                                   [jar]
[INFO] Camel :: EJB                                                       [jar]
[INFO] Camel :: ElasticSearch (deprecated)                                [jar]
[INFO] Camel :: ElasticSearch5 (deprecated)                               [jar]
[INFO] Camel :: ElasticSearch :: REST                                     [jar]
[INFO] Camel :: SQL                                                       [jar]
[INFO] Camel :: ElSql                                                     [jar]
[INFO] Camel :: Etcd                                                      [jar]
[INFO] Camel :: Event Admin                                               [jar]
[INFO] Camel :: JSON validator                                            [jar]
[INFO] Camel :: Exec                                                      [jar]
[INFO] Camel :: Facebook                                                  [jar]
[INFO] Camel :: Fastjson                                                  [jar]
[INFO] Camel :: FHIR :: Parent                                            [pom]
[INFO] Camel :: FHIR :: API                                               [jar]
[INFO] Camel :: Netty4                                                    [jar]
[INFO] Camel :: MINA-2                                                    [jar]
[INFO] Camel :: HL7                                                       [jar]
[INFO] Camel :: Fhir                                                      [jar]
[INFO] Camel :: FlatPack                                                  [jar]
[INFO] Camel :: Apache Flink                                              [jar]
[INFO] Camel :: FOP                                                       [jar]
[INFO] Camel :: Freemarker                                                [jar]
[INFO] Camel :: SSH                                                       [jar]
[INFO] Camel :: FTP                                                       [jar]
[INFO] Camel :: Ganglia                                                   [jar]
[INFO] Camel :: Geocoder                                                  [jar]
[INFO] Camel :: Git                                                       [jar]
[INFO] Camel :: GitHub                                                    [jar]
[INFO] Camel :: GoogleCalendar                                            [jar]
[INFO] Camel :: Google Sheets                                             [jar]
[INFO] Camel :: GoogleDrive                                               [jar]
[INFO] Camel :: GoogleMail                                                [jar]
[INFO] Camel :: GoogleBigQuery                                            [jar]
[INFO] Camel :: GooglePubsub                                              [jar]
[INFO] Camel :: Gora                                                      [jar]
[INFO] Camel :: Grape                                                     [jar]
[INFO] Camel :: gRPC                                                      [jar]
[INFO] Camel :: Gson                                                      [jar]
[INFO] Camel :: Guava-EventBus                                            [jar]
[INFO] Camel :: Guice (deprecated)                                        [jar]
[INFO] Camel :: HawtDB (deprecated)                                       [jar]
[INFO] Camel :: HazelCast                                                 [jar]
[INFO] Camel :: Hbase                                                     [jar]
[INFO] Camel :: HDFS (deprecated)                                         [jar]
[INFO] Camel :: HDFS2                                                     [jar]
[INFO] Camel :: Headers Map                                               [jar]
[INFO] Camel :: Hessian (deprecated)                                      [jar]
[INFO] Camel :: Hipchat                                                   [jar]
[INFO] Camel :: iBatis (deprecated)                                       [jar]
[INFO] Camel :: iCal                                                      [jar]
[INFO] Camel :: IEC 60870                                                 [jar]
[INFO] Camel :: Ignite                                                    [jar]
[INFO] Camel :: Infinispan                                                [jar]
[INFO] Camel :: InfluxDB                                                  [jar]
[INFO] Camel :: IOTA                                                      [jar]
[INFO] Camel :: IRC                                                       [jar]
[INFO] Camel :: IronMQ                                                    [jar]
[INFO] Camel :: Jackson XML                                               [jar]
[INFO] Camel :: Javaspace (deprecated)                                    [jar]
[INFO] Camel :: Jasypt                                                    [jar]
[INFO] Camel :: JBPM                                                      [jar]
[INFO] Camel :: JCache                                                    [jar]
[INFO] Camel :: JClouds                                                   [jar]
[INFO] Camel :: JCR                                                       [jar]
[INFO] Camel :: JDBC                                                      [jar]
[INFO] Camel :: JGroups                                                   [jar]
[INFO] Camel :: jgroups-raft                                              [jar]
[INFO] Camel :: Jibx                                                      [jar]
[INFO] Camel :: Jing                                                      [jar]
[INFO] Camel :: JIRA (deprecated)                                         [jar]
[INFO] Camel :: JMX                                                       [jar]
[INFO] Camel :: Jolt                                                      [jar]
[INFO] Camel :: Johnzon                                                   [jar]
[INFO] Camel :: JoSQL (deprecated)                                        [jar]
[INFO] Camel :: JPA                                                       [jar]
[INFO] Camel :: JSon Path                                                 [jar]
[INFO] Camel :: Jsch                                                      [jar]
[INFO] Camel :: Java Toolbox for AS/400                                   [jar]
[INFO] Camel :: Kafka                                                     [jar]
[INFO] Camel :: Kestrel (deprecated)                                      [jar]
[INFO] Camel :: Krati (deprecated)                                        [jar]
[INFO] Camel :: Kubernetes                                                [jar]
[INFO] Camel :: Kura                                                      [jar]
[INFO] Camel :: LDAP                                                      [jar]
[INFO] Camel :: LDIF                                                      [jar]
[INFO] Camel :: LevelDB                                                   [jar]
[INFO] Camel :: LinkedIn :: Parent                                        [pom]
[INFO] Camel :: LinkedIn :: API                                           [jar]
[INFO] Camel :: LinkedIn :: Component                                     [jar]
[INFO] Camel :: Long-Running-Action                                       [jar]
[INFO] Camel :: Lucene                                                    [jar]
[INFO] Camel :: Lumberjack                                                [jar]
[INFO] Camel :: LZF                                                       [jar]
[INFO] Camel :: Quartz2                                                   [jar]
[INFO] Camel :: Mail                                                      [jar]
[INFO] Camel :: Metrics                                                   [jar]
[INFO] Camel :: Micrometer                                                [jar]
[INFO] Camel :: Milo                                                      [jar]
[INFO] Camel :: MINA (deprecated)                                         [jar]
[INFO] Camel :: Simple JMS                                                [jar]
[INFO] Camel :: MLLP                                                      [jar]
[INFO] Camel :: MongoDB (deprecated)                                      [jar]
[INFO] Camel :: MongoDB3                                                  [jar]
[INFO] Camel :: MongoDB GridFS                                            [jar]
[INFO] Camel :: MQTT                                                      [jar]
[INFO] Camel :: MSV                                                       [jar]
[INFO] Camel :: Mustache                                                  [jar]
[INFO] Camel :: MVEL                                                      [jar]
[INFO] Camel :: MyBatis                                                   [jar]
[INFO] Camel :: Nagios                                                    [jar]
[INFO] Camel :: Nats                                                      [jar]
[INFO] Camel :: Netty (deprecated)                                        [jar]
[INFO] Camel :: Netty HTTP (deprecated)                                   [jar]
[INFO] Camel :: Netty4 HTTP                                               [jar]
[INFO] Camel :: NSQ                                                       [jar]
[INFO] Camel :: OGNL                                                      [jar]
[INFO] Camel :: Olingo2 :: Parent                                         [pom]
[INFO] Camel :: Olingo2 :: API                                            [jar]
[INFO] Camel :: Olingo2 :: Component                                      [jar]
[INFO] Camel :: Olingo4 :: Parent                                         [pom]
[INFO] Camel :: Olingo4 :: API                                            [jar]
[INFO] Camel :: Olingo4 :: Component                                      [jar]
[INFO] Camel :: OpenShift (deprecated)                                    [jar]
[INFO] Camel :: OpenStack                                                 [jar]
[INFO] Camel :: OpenTracing                                               [jar]
[INFO] Camel :: OptaPlanner                                               [jar]
[INFO] Camel :: Paho                                                      [jar]
[INFO] Camel :: Pax Logging                                               [jar]
[INFO] Camel :: PDF                                                       [jar]
[INFO] Camel :: PgEvent                                                   [jar]
[INFO] Camel :: Printer                                                   [jar]
[INFO] Camel :: Protobuf                                                  [jar]
[INFO] Camel :: PubNub                                                    [jar]
[INFO] Camel :: Pulsar                                                    [jar]
[INFO] Camel :: Quartz (deprecated)                                       [jar]
[INFO] Camel :: QuickFIX/J                                                [jar]
[INFO] Camel :: RabbitMQ                                                  [jar]
[INFO] Camel :: Reactive Streams                                          [jar]
[INFO] Camel :: Reactor                                                   [jar]
[INFO] Camel :: Restlet                                                   [jar]
[INFO] Camel :: REST Swagger                                              [jar]
[INFO] Camel :: RMI (deprecated)                                          [jar]
[INFO] Camel :: Routebox (deprecated)                                     [jar]
[INFO] Camel :: RSS                                                       [jar]
[INFO] Camel :: Ruby (deprecated)                                         [jar]
[INFO] Camel :: RX (deprecated)                                           [jar]
[INFO] Camel :: RxJava2                                                   [jar]
[INFO] Camel :: SAP NetWeaver                                             [jar]
[INFO] Camel :: Saxon                                                     [jar]
[INFO] Camel :: Salesforce :: Parent                                      [pom]
[INFO] Camel :: Salesforce                                                [jar]
[INFO] Camel :: Salesforce :: Maven plugin                       [maven-plugin]
[INFO] Camel :: Schematron                                                [jar]
[INFO] Camel :: SCR (deprecated)                                          [jar]
[INFO] Camel :: Script (deprecated)                                       [jar]
[INFO] Camel :: ServiceNow :: Parent                                      [pom]
[INFO] Camel :: ServiceNow :: Component                                   [jar]
[INFO] Camel :: ServiceNow :: Maven plugin                       [maven-plugin]
[INFO] Camel :: Servlet Listener (deprecated)                             [jar]
[INFO] Camel :: Shiro                                                     [jar]
[INFO] Camel :: SIP                                                       [jar]
[INFO] Camel :: SMPP                                                      [jar]
[INFO] Camel :: SnakeYAML                                                 [jar]
[INFO] Camel :: SNMP                                                      [jar]
[INFO] Camel :: Simple JMS2                                               [jar]
[INFO] Camel :: Slack                                                     [jar]
[INFO] Camel :: SOAP                                                      [jar]
[INFO] Camel :: Solr                                                      [jar]
[INFO] Camel :: Apache Spark                                              [jar]
[INFO] Camel :: Spark REST                                                [jar]
[INFO] Camel :: Splunk                                                    [jar]
[INFO] Camel :: Spring Batch                                              [jar]
[INFO] Camel :: Spring Cloud                                              [jar]
[INFO] Camel :: Spring Cloud Consul                                       [jar]
[INFO] Camel :: Spring Cloud Netflix                                      [jar]
[INFO] Camel :: Spring Cloud Zookeeper                                    [jar]
[INFO] Camel :: Spring Integration                                        [jar]
[INFO] Camel :: Spring LDAP                                               [jar]
[INFO] Camel :: Redis                                                     [jar]
[INFO] Camel :: Spring Security                                           [jar]
[INFO] Camel :: Spring Web Services                                       [jar]
[INFO] Camel :: StAX                                                      [jar]
[INFO] Camel :: Stomp                                                     [jar]
[INFO] Camel :: Stream                                                    [jar]
[INFO] Camel :: StringTemplate                                            [jar]
[INFO] Camel :: Syslog                                                    [jar]
[INFO] Camel :: Swagger (deprecated)                                      [jar]
[INFO] Camel :: TagSoup                                                   [jar]
[INFO] Camel :: Tar File                                                  [jar]
[INFO] Camel :: Telegram                                                  [jar]
[INFO] Camel :: Tika                                                      [jar]
[INFO] Camel :: Thrift                                                    [jar]
[INFO] Camel :: Twilio                                                    [jar]
[INFO] Camel :: Twitter                                                   [jar]
[INFO] Camel :: UniVocity Parsers                                         [jar]
[INFO] Camel :: URLRewrite (deprecated)                                   [jar]
[INFO] Camel :: Vertx                                                     [jar]
[INFO] Camel :: Weather                                                   [jar]
[INFO] Camel :: Web3j                                                     [jar]
[INFO] Camel :: WebSocket                                                 [jar]
[INFO] Camel :: WebSocket JSR356                                          [jar]
[INFO] Camel :: Wordpress                                                 [jar]
[INFO] Camel :: XChange                                                   [jar]
[INFO] Camel :: XMLBeans (deprecated)                                     [jar]
[INFO] Camel :: XML RPC (deprecated)                                      [jar]
[INFO] Camel :: XML Security                                              [jar]
[INFO] Camel :: XMPP                                                      [jar]
[INFO] Camel :: XStream                                                   [jar]
[INFO] Camel :: Yammer                                                    [jar]
[INFO] Camel :: Zendesk                                                   [jar]
[INFO] Camel :: Zip File                                                  [jar]
[INFO] Camel :: Zipkin                                                    [jar]
[INFO] Camel :: Zookeeper                                                 [jar]
[INFO] Camel :: Zookeeper Master                                          [jar]
[INFO] Camel :: Archetypes                                                [pom]
[INFO] Camel :: Archetypes :: Camel Router with ActiveMQ (deprecated) [maven-archetype]
[INFO] Camel :: Archetypes :: Component                       [maven-archetype]
[INFO] Camel :: Archetypes :: Blueprint (OSGi) Based Router   [maven-archetype]
[INFO] Camel :: Archetypes :: CDI Based Router                [maven-archetype]
[INFO] Camel :: Archetypes :: Component                       [maven-archetype]
[INFO] Camel :: Archetypes :: Connector (deprecated)          [maven-archetype]
[INFO] Camel :: Archetypes :: Data Format                     [maven-archetype]
[INFO] Camel :: Archetypes :: Groovy Router (deprecated)      [maven-archetype]
[INFO] Camel :: Archetypes :: Java Router                     [maven-archetype]
[INFO] Camel :: Archetypes :: Java8 Router                    [maven-archetype]
[INFO] Camel :: Archetypes :: Scala Router (deprecated)       [maven-archetype]
[INFO] Camel :: Archetypes :: OSGi Service Component Runtime bundle (deprecated) [maven-archetype]
[INFO] Camel :: Archetypes :: Spring XML Based Router         [maven-archetype]
[INFO] Camel :: Archetypes :: Spring Boot Based Router        [maven-archetype]
[INFO] Camel :: Archetypes :: Camel Routes WAR                [maven-archetype]
[INFO] Camel :: Tooling Parent                                            [pom]
[INFO] Camel :: Platforms                                                 [pom]
[INFO] Camel :: Platforms :: Camel Catalog                                [jar]
[INFO] Camel :: Tooling :: Camel Route Parser                             [jar]
[INFO] Camel :: Tooling :: Swagger REST DSL Generator                     [jar]
[INFO] Camel :: Platforms :: Camel Catalog :: Lucene                      [jar]
[INFO] Camel :: Platforms :: Camel Catalog :: Connector (deprecated)      [jar]
[INFO] Camel :: Platforms :: Camel Catalog :: Provider Spring Boot        [jar]
[INFO] Camel :: Platforms :: Camel Catalog :: Provider Karaf              [jar]
[INFO] Camel :: Platforms :: Camel Catalog :: Maven                       [jar]
[INFO] Camel :: Maven Plugins :: Camel Maven Run                 [maven-plugin]
[INFO] Camel :: Maven Plugins :: Camel Maven Guice (deprecated)  [maven-plugin]
[INFO] Camel :: Maven Plugins :: Swagger REST DSL Generator Maven plugin [maven-plugin]
[INFO] Camel :: Manual                                                    [jar]
[INFO] Camel :: Platforms :: Commands                                     [pom]
[INFO] Camel :: Platforms :: Commands :: Core                             [jar]
[INFO] Camel :: Platforms :: Commands :: Jolokia (deprecated)             [jar]
[INFO] Camel :: Platforms :: Apache Karaf                                 [pom]
[INFO] Camel :: Platforms :: Apache Karaf :: Commands                     [jar]
[INFO] Camel :: Platforms :: Apache Karaf :: Features                     [pom]
[INFO] Camel :: Platforms :: Spring-Boot                                  [pom]
[INFO] Camel :: Platforms :: Spring-Boot :: Dependency Management         [pom]
[INFO] Camel :: Platforms :: Spring-Boot :: Dependency Management :: Dependencies BOM Generator [pom]
[INFO] Camel :: Platforms :: Spring-Boot :: Dependency Management :: Dependencies BOM [pom]
[INFO] Camel :: Platforms :: Spring-Boot :: Dependency Management :: Starter Parent [pom]
[INFO] Camel :: Components :: Starter                                     [pom]
[INFO] Spring-Boot Starter :: Camel :: Core                               [jar]
[INFO] Spring-Boot Starter :: Camel :: Spring Boot                        [jar]
[INFO] Spring-Boot Starter :: Camel :: AHC                                [jar]
[INFO] Spring-Boot Starter :: Camel :: AHC-WS                             [jar]
[INFO] Spring-Boot Starter :: Camel :: AMQP                               [jar]
[INFO] Spring-Boot Starter :: Camel :: APNS                               [jar]
[INFO] Spring-Boot Starter :: Camel :: AS2 :: Component                   [jar]
[INFO] Spring-Boot Starter :: Camel :: ASN.1                              [jar]
[INFO] Spring-Boot Starter :: Camel :: Asterisk                           [jar]
[INFO] Spring-Boot Starter :: Camel :: Atmos                              [jar]
[INFO] Spring-Boot Starter :: Camel :: Atmosphere WebSocket Servlet       [jar]
[INFO] Spring-Boot Starter :: Camel :: Atom                               [jar]
[INFO] Spring-Boot Starter :: Camel :: Atomix                             [jar]
[INFO] Spring-Boot Starter :: Camel :: Avro                               [jar]
[INFO] Spring-Boot Starter :: Camel :: AWS                                [jar]
[INFO] Spring-Boot Starter :: Camel :: AWS :: XRay                        [jar]
[INFO] Spring-Boot Starter :: Camel :: Azure                              [jar]
[INFO] Spring-Boot Starter :: Camel :: BAM (deprecated)                   [jar]
[INFO] Spring-Boot Starter :: Camel :: Barcode                            [jar]
[INFO] Spring-Boot Starter :: Camel :: Base64                             [jar]
[INFO] Spring-Boot Starter :: Camel :: Bean validator                     [jar]
[INFO] Spring-Boot Starter :: Camel :: BeanIO                             [jar]
[INFO] Spring-Boot Starter :: Camel :: Beanstalk                          [jar]
[INFO] Spring-Boot Starter :: Camel :: Bindy                              [jar]
[INFO] Spring-Boot Starter :: Camel :: Bonita                             [jar]
[INFO] Spring-Boot Starter :: Camel :: Boon                               [jar]
[INFO] Spring-Boot Starter :: Camel :: Box.com                            [jar]
[INFO] Spring-Boot Starter :: Camel :: Braintree                          [jar]
[INFO] Spring-Boot Starter :: Camel :: Cache (deprecated)                 [jar]
[INFO] Spring-Boot Starter :: Camel :: Caffeine                           [jar]
[INFO] Spring-Boot Starter :: Camel :: Cassandra CQL                      [jar]
[INFO] Spring-Boot Starter :: Camel :: Castor (deprecated)                [jar]
[INFO] Spring-Boot Starter :: Camel :: Chronicle                          [jar]
[INFO] Spring-Boot Starter :: Camel :: Chunk                              [jar]
[INFO] Spring-Boot Starter :: Camel :: CM SMS                             [jar]
[INFO] Spring-Boot Starter :: Camel :: CMIS                               [jar]
[INFO] Spring-Boot Starter :: Camel :: CoAP                               [jar]
[INFO] Spring-Boot Starter :: Camel :: Cometd                             [jar]
[INFO] Spring-Boot Starter :: Camel :: Consul                             [jar]
[INFO] Spring-Boot Starter :: Camel :: Context (deprecated)               [jar]
[INFO] Spring-Boot Starter :: Camel :: Corda                              [jar]
[INFO] Spring-Boot Starter :: Camel :: Couchbase                          [jar]
[INFO] Spring-Boot Starter :: Camel :: CouchDB                            [jar]
[INFO] Spring-Boot Starter :: Camel :: Crypto                             [jar]
[INFO] Spring-Boot Starter :: Camel :: Crypto                             [jar]
[INFO] Spring-Boot Starter :: Camel :: CSV                                [jar]
[INFO] Spring-Boot Starter :: Camel :: CXF                                [jar]
[INFO] Spring-Boot Starter :: Camel :: CXF :: Transport                   [jar]
[INFO] Spring-Boot Starter :: Camel :: DigitalOcean                       [jar]
[INFO] Spring-Boot Starter :: Camel :: Disruptor                          [jar]
[INFO] Spring-Boot Starter :: Camel :: DNS                                [jar]
[INFO] Spring-Boot Starter :: Camel :: Docker                             [jar]
[INFO] Spring-Boot Starter :: Camel :: Dozer                              [jar]
[INFO] Spring-Boot Starter :: Camel :: Drill                              [jar]
[INFO] Spring-Boot Starter :: Camel :: Dropbox                            [jar]
[INFO] Spring-Boot Starter :: Camel :: Eclipse                            [jar]
[INFO] Spring-Boot Starter :: Camel :: Ehcache                            [jar]
[INFO] Spring-Boot Starter :: Camel :: ElasticSearch :: REST              [jar]
[INFO] Spring-Boot Starter :: Camel :: ElasticSearch                      [jar]
[INFO] Spring-Boot Starter :: Camel :: ElasticSearch5                     [jar]
[INFO] Spring-Boot Starter :: Camel :: ElSql                              [jar]
[INFO] Spring-Boot Starter :: Camel :: Etcd                               [jar]
[INFO] Spring-Boot Starter :: Camel :: Exec                               [jar]
[INFO] Spring-Boot Starter :: Camel :: Facebook                           [jar]
[INFO] Spring-Boot Starter :: Camel :: Fastjson                           [jar]
[INFO] Spring-Boot Starter :: Camel :: Fhir                               [jar]
[INFO] Spring-Boot Starter :: Camel :: FlatPack                           [jar]
[INFO] Spring-Boot Starter :: Camel :: Apache Flink                       [jar]
[INFO] Spring-Boot Starter :: Camel :: FOP                                [jar]
[INFO] Spring-Boot Starter :: Camel :: Freemarker                         [jar]
[INFO] Spring-Boot Starter :: Camel :: FTP                                [jar]
[INFO] Spring-Boot Starter :: Camel :: Ganglia                            [jar]
[INFO] Spring-Boot Starter :: Camel :: Geocoder                           [jar]
[INFO] Spring-Boot Starter :: Camel :: Git                                [jar]
[INFO] Spring-Boot Starter :: Camel :: GitHub                             [jar]
[INFO] Spring-Boot Starter :: Camel :: GoogleBigQuery                     [jar]
[INFO] Spring-Boot Starter :: Camel :: GoogleCalendar                     [jar]
[INFO] Spring-Boot Starter :: Camel :: GoogleDrive                        [jar]
[INFO] Spring-Boot Starter :: Camel :: GoogleMail                         [jar]
[INFO] Spring-Boot Starter :: Camel :: GooglePubsub                       [jar]
[INFO] Spring-Boot Starter :: Camel :: GoogleSheets                       [jar]
[INFO] Spring-Boot Starter :: Camel :: Gora                               [jar]
[INFO] Spring-Boot Starter :: Camel :: Grape                              [jar]
[INFO] Spring-Boot Starter :: Camel :: Groovy                             [jar]
[INFO] Spring-Boot Starter :: Camel :: gRPC                               [jar]
[INFO] Spring-Boot Starter :: Camel :: Gson                               [jar]
[INFO] Spring-Boot Starter :: Camel :: Guava-EventBus                     [jar]
[INFO] Spring-Boot Starter :: Camel :: Guice                              [jar]
[INFO] Spring-Boot Starter :: Camel :: HawtDB (deprecated)                [jar]
[INFO] Spring-Boot Starter :: Camel :: HazelCast                          [jar]
[INFO] Spring-Boot Starter :: Camel :: Hbase                              [jar]
[INFO] Spring-Boot Starter :: Camel :: HDFS (deprecated)                  [jar]
[INFO] Spring-Boot Starter :: Camel :: HDFS2                              [jar]
[INFO] Spring-Boot Starter :: Camel :: Headers Map                        [jar]
[INFO] Spring-Boot Starter :: Camel :: Hessian                            [jar]
[INFO] Spring-Boot Starter :: Camel :: Hipchat                            [jar]
[INFO] Spring-Boot Starter :: Camel :: HL7                                [jar]
[INFO] Spring-Boot Starter :: Camel :: HTTP :: Common                     [jar]
[INFO] Spring-Boot Starter :: Camel :: HTTP                               [jar]
[INFO] Spring-Boot Starter :: Camel :: HTTP4                              [jar]
[INFO] Spring-Boot Starter :: Camel :: Hystrix                            [jar]
[INFO] Spring-Boot Starter :: Camel :: iCal                               [jar]
[INFO] Spring-Boot Starter :: Camel :: IEC 60870                          [jar]
[INFO] Spring-Boot Starter :: Camel :: Ignite                             [jar]
[INFO] Spring-Boot Starter :: Camel :: Infinispan                         [jar]
[INFO] Spring-Boot Starter :: Camel :: InfluxDB                           [jar]
[INFO] Spring-Boot Starter :: Camel :: IOTA                               [jar]
[INFO] Spring-Boot Starter :: Camel :: IPFS                               [jar]
[INFO] Spring-Boot Starter :: Camel :: IRC                                [jar]
[INFO] Spring-Boot Starter :: Camel :: IronMQ                             [jar]
[INFO] Spring-Boot Starter :: Camel :: Jackson                            [jar]
[INFO] Spring-Boot Starter :: Camel :: Jackson XML                        [jar]
[INFO] Spring-Boot Starter :: Camel :: Jasypt                             [jar]
[INFO] Spring-Boot Starter :: Camel :: Javaspace (deprecated)             [jar]
[INFO] Spring-Boot Starter :: Camel :: JAXB                               [jar]
[INFO] Spring-Boot Starter :: Camel :: JBPM                               [jar]
[INFO] Spring-Boot Starter :: Camel :: JCache                             [jar]
[INFO] Spring-Boot Starter :: Camel :: JClouds                            [jar]
[INFO] Spring-Boot Starter :: Camel :: JCR                                [jar]
[INFO] Spring-Boot Starter :: Camel :: JDBC                               [jar]
[INFO] Spring-Boot Starter :: Camel :: Jetty :: Common                    [jar]
[INFO] Spring-Boot Starter :: Camel :: Jetty                              [jar]
[INFO] Spring-Boot Starter :: Camel :: Jetty9                             [jar]
[INFO] Spring-Boot Starter :: Camel :: jgroups-raft                       [jar]
[INFO] Spring-Boot Starter :: Camel :: JGroups                            [jar]
[INFO] Spring-Boot Starter :: Camel :: Jibx                               [jar]
[INFO] Spring-Boot Starter :: Camel :: Jing                               [jar]
[INFO] Spring-Boot Starter :: Camel :: JIRA                               [jar]
[INFO] Spring-Boot Starter :: Camel :: JMS                                [jar]
[INFO] Spring-Boot Starter :: Camel :: JMX                                [jar]
[INFO] Spring-Boot Starter :: Camel :: Johnzon                            [jar]
[INFO] Spring-Boot Starter :: Camel :: Jolt                               [jar]
[INFO] Spring-Boot Starter :: Camel :: JoSQL                              [jar]
[INFO] Spring-Boot Starter :: Camel :: JPA                                [jar]
[INFO] Spring-Boot Starter :: Camel :: Jsch                               [jar]
[INFO] Spring-Boot Starter :: Camel :: JSON validator                     [jar]
[INFO] Spring-Boot Starter :: Camel :: JSon Path                          [jar]
[INFO] Spring-Boot Starter :: Camel :: Java Toolbox for AS/400            [jar]
[INFO] Spring-Boot Starter :: Camel :: JUEL                               [jar]
[INFO] Spring-Boot Starter :: Camel :: JXPath                             [jar]
[INFO] Spring-Boot Starter :: Camel :: Kafka                              [jar]
[INFO] Spring-Boot Starter :: Camel :: Kestrel (deprecated)               [jar]
[INFO] Spring-Boot Starter :: Camel :: Krati                              [jar]
[INFO] Spring-Boot Starter :: Camel :: Kubernetes                         [jar]
[INFO] Spring-Boot Starter :: Camel :: Kura                               [jar]
[INFO] Spring-Boot Starter :: Camel :: LDAP                               [jar]
[INFO] Spring-Boot Starter :: Camel :: LDIF                               [jar]
[INFO] Spring-Boot Starter :: Camel :: LevelDB                            [jar]
[INFO] Spring-Boot Starter :: Camel :: LinkedIn :: Component              [jar]
[INFO] Spring-Boot Starter :: Camel :: Long-Running-Action                [jar]
[INFO] Spring-Boot Starter :: Camel :: Lucene                             [jar]
[INFO] Spring-Boot Starter :: Camel :: Lumberjack                         [jar]
[INFO] Spring-Boot Starter :: Camel :: LZF                                [jar]
[INFO] Spring-Boot Starter :: Camel :: Mail                               [jar]
[INFO] Spring-Boot Starter :: Camel :: Master                             [jar]
[INFO] Spring-Boot Starter :: Camel :: Metrics                            [jar]
[INFO] Spring-Boot Starter :: Camel :: Micrometer                         [jar]
[INFO] Spring-Boot Starter :: Camel :: Milo                               [jar]
[INFO] Spring-Boot Starter :: Camel :: MINA-2                             [jar]
[INFO] Spring-Boot Starter :: Camel :: MLLP                               [jar]
[INFO] Spring-Boot Starter :: Camel :: MongoDB GridFS                     [jar]
[INFO] Spring-Boot Starter :: Camel :: MongoDB                            [jar]
[INFO] Spring-Boot Starter :: Camel :: MongoDB3                           [jar]
[INFO] Spring-Boot Starter :: Camel :: MQTT                               [jar]
[INFO] Spring-Boot Starter :: Camel :: MSV                                [jar]
[INFO] Spring-Boot Starter :: Camel :: Mustache                           [jar]
[INFO] Spring-Boot Starter :: Camel :: MVEL                               [jar]
[INFO] Spring-Boot Starter :: Camel :: MyBatis                            [jar]
[INFO] Spring-Boot Starter :: Camel :: Nagios                             [jar]
[INFO] Spring-Boot Starter :: Camel :: Nats                               [jar]
[INFO] Spring-Boot Starter :: Camel :: Netty HTTP (deprecated)            [jar]
[INFO] Spring-Boot Starter :: Camel :: Netty (deprecated)                 [jar]
[INFO] Spring-Boot Starter :: Camel :: Netty4 HTTP                        [jar]
[INFO] Spring-Boot Starter :: Camel :: Netty4                             [jar]
[INFO] Spring-Boot Starter :: Camel :: NSQ                                [jar]
[INFO] Spring-Boot Starter :: Camel :: OGNL                               [jar]
[INFO] Spring-Boot Starter :: Camel :: Olingo2 :: Component               [jar]
[INFO] Spring-Boot Starter :: Camel :: Olingo4 :: Component               [jar]
[INFO] Spring-Boot Starter :: Camel :: OpenShift (deprecated)             [jar]
[INFO] Spring-Boot Starter :: Camel :: OpenStack                          [jar]
[INFO] Spring-Boot Starter :: Camel :: OpenTracing                        [jar]
[INFO] Spring-Boot Starter :: Camel :: OptaPlanner                        [jar]
[INFO] Spring-Boot Starter :: Camel :: Paho                               [jar]
[INFO] Spring-Boot Starter :: Camel :: PDF                                [jar]
[INFO] Spring-Boot Starter :: Camel :: PgEvent                            [jar]
[INFO] Spring-Boot Starter :: Camel :: Printer                            [jar]
[INFO] Spring-Boot Starter :: Camel :: Protobuf                           [jar]
[INFO] Spring-Boot Starter :: Camel :: PubNub                             [jar]
[INFO] Spring-Boot Starter :: Camel :: Pulsar                             [jar]
[INFO] Spring-Boot Starter :: Camel :: Quartz2                            [jar]
[INFO] Spring-Boot Starter :: Camel :: QuickFIX/J                         [jar]
[INFO] Spring-Boot Starter :: Camel :: RabbitMQ                           [jar]
[INFO] Spring-Boot Starter :: Camel :: Reactive Streams                   [jar]
[INFO] Spring-Boot Starter :: Camel :: Reactor                            [jar]
[INFO] Spring-Boot Starter :: Camel :: REST Swagger                       [jar]
[INFO] Spring-Boot Starter :: Camel :: Restlet                            [jar]
[INFO] Spring-Boot Starter :: Camel :: Ribbon                             [jar]
[INFO] Spring-Boot Starter :: Camel :: RMI                                [jar]
[INFO] Spring-Boot Starter :: Camel :: Routebox (deprecated)              [jar]
[INFO] Spring-Boot Starter :: Camel :: RSS                                [jar]
[INFO] Spring-Boot Starter :: Camel :: Ruby                               [jar]
[INFO] Spring-Boot Starter :: Camel :: RX                                 [jar]
[INFO] Spring-Boot Starter :: Camel :: RxJava2                            [jar]
[INFO] Spring-Boot Starter :: Camel :: Salesforce                         [jar]
[INFO] Spring-Boot Starter :: Camel :: SAP NetWeaver                      [jar]
[INFO] Spring-Boot Starter :: Camel :: Saxon                              [jar]
[INFO] Spring-Boot Starter :: Camel :: Schematron                         [jar]
[INFO] Spring-Boot Starter :: Camel :: Script                             [jar]
[INFO] Spring-Boot Starter :: Camel :: Service                            [jar]
[INFO] Spring-Boot Starter :: Camel :: ServiceNow                         [jar]
[INFO] Spring-Boot Starter :: Camel :: Servlet                            [jar]
[INFO] Spring-Boot Starter :: Camel :: Servlet Listener                   [jar]
[INFO] Spring-Boot Starter :: Camel :: Shiro                              [jar]
[INFO] Spring-Boot Starter :: Camel :: SIP                                [jar]
[INFO] Spring-Boot Starter :: Camel :: Simple JMS                         [jar]
[INFO] Spring-Boot Starter :: Camel :: Simple JMS2                        [jar]
[INFO] Spring-Boot Starter :: Camel :: Slack                              [jar]
[INFO] Spring-Boot Starter :: Camel :: SMPP                               [jar]
[INFO] Spring-Boot Starter :: Camel :: SnakeYAML                          [jar]
[INFO] Spring-Boot Starter :: Camel :: SNMP                               [jar]
[INFO] Spring-Boot Starter :: Camel :: SOAP                               [jar]
[INFO] Spring-Boot Starter :: Camel :: Solr                               [jar]
[INFO] Spring-Boot Starter :: Camel :: Apache Spark                       [jar]
[INFO] Spring-Boot Starter :: Camel :: Splunk                             [jar]
[INFO] Spring-Boot Starter :: Camel :: Spring Batch                       [jar]
[INFO] Spring-Boot Starter :: Camel :: Spring Cloud Consul                [jar]
[INFO] Spring-Boot Starter :: Camel :: Spring Cloud Netflix               [jar]
[INFO] Spring-Boot Starter :: Camel :: Spring Cloud                       [jar]
[INFO] Spring-Boot Starter :: Camel :: Spring Cloud Zookeeper             [jar]
[INFO] Spring-Boot Starter :: Camel :: Spring Integration                 [jar]
[INFO] Spring-Boot Starter :: Camel :: Spring JavaConfig                  [jar]
[INFO] Spring-Boot Starter :: Camel :: Spring LDAP                        [jar]
[INFO] Spring-Boot Starter :: Camel :: Redis                              [jar]
[INFO] Spring-Boot Starter :: Camel :: Spring Security                    [jar]
[INFO] Spring-Boot Starter :: Camel :: Spring                             [jar]
[INFO] Spring-Boot Starter :: Camel :: Spring Web Services                [jar]
[INFO] Spring-Boot Starter :: Camel :: SQL                                [jar]
[INFO] Spring-Boot Starter :: Camel :: SSH                                [jar]
[INFO] Spring-Boot Starter :: Camel :: StAX                               [jar]
[INFO] Spring-Boot Starter :: Camel :: Stomp                              [jar]
[INFO] Spring-Boot Starter :: Camel :: Stream                             [jar]
[INFO] Spring-Boot Starter :: Camel :: StringTemplate                     [jar]
[INFO] Spring-Boot Starter :: Camel :: Swagger Java                       [jar]
[INFO] Spring-Boot Starter :: Camel :: Syslog                             [jar]
[INFO] Spring-Boot Starter :: Camel :: TagSoup                            [jar]
[INFO] Spring-Boot Starter :: Camel :: Tar File                           [jar]
[INFO] Spring-Boot Starter :: Camel :: Telegram                           [jar]
[INFO] Spring-Boot Starter :: Camel :: Thrift                             [jar]
[INFO] Spring-Boot Starter :: Camel :: Tika                               [jar]
[INFO] Spring-Boot Starter :: Camel :: Twilio                             [jar]
[INFO] Spring-Boot Starter :: Camel :: Twitter                            [jar]
[INFO] Spring-Boot Starter :: Camel :: Undertow                           [jar]
[INFO] Spring-Boot Starter :: Camel :: UniVocity Parsers                  [jar]
[INFO] Spring-Boot Starter :: Camel :: URLRewrite                         [jar]
[INFO] Spring-Boot Starter :: Camel :: Velocity                           [jar]
[INFO] Spring-Boot Starter :: Camel :: Vertx                              [jar]
[INFO] Spring-Boot Starter :: Camel :: Weather                            [jar]
[INFO] Spring-Boot Starter :: Camel :: Web3j                              [jar]
[INFO] Spring-Boot Starter :: Camel :: WebSocket JSR356                   [jar]
[INFO] Spring-Boot Starter :: Camel :: WebSocket                          [jar]
[INFO] Spring-Boot Starter :: Camel :: Wordpress                          [jar]
[INFO] Spring-Boot Starter :: Camel :: XChange                            [jar]
[INFO] Spring-Boot Starter :: Camel :: XMLBeans                           [jar]
[INFO] Spring-Boot Starter :: Camel :: XML RPC                            [jar]
[INFO] Spring-Boot Starter :: Camel :: XML Security                       [jar]
[INFO] Spring-Boot Starter :: Camel :: XMPP                               [jar]
[INFO] Spring-Boot Starter :: Camel :: XStream                            [jar]
[INFO] Spring-Boot Starter :: Camel :: Yammer                             [jar]
[INFO] Spring-Boot Starter :: Camel :: Zendesk                            [jar]
[INFO] Spring-Boot Starter :: Camel :: Zip File                           [jar]
[INFO] Spring-Boot Starter :: Camel :: Zipkin                             [jar]
[INFO] Spring-Boot Starter :: Camel :: Zookeeper Master                   [jar]
[INFO] Spring-Boot Starter :: Camel :: Zookeeper                          [jar]
[INFO] Camel :: Platforms :: Dummy Component                              [jar]
[INFO] Camel :: Connectors (deprecated)                                   [pom]
[INFO] Camel :: Connectors :: Camel Connector Component (deprecated)      [jar]
[INFO] Camel :: Connectors :: Camel Connector Maven Plugin (deprecated) [maven-plugin]
[INFO] Camel :: Platforms :: My Foo Connector (deprecated)                [jar]
[INFO] Camel :: Platforms :: Camel Catalog :: Nexus (deprecated)          [jar]
[INFO] Camel :: Platforms :: Camel Catalog :: REST (deprecated)           [jar]
[INFO] Camel :: Platforms :: Camel Catalog :: REST App (deprecated)       [jar]
[INFO] Camel :: Integration Tests :: Test Bundles                         [pom]
[INFO] Camel :: Integration Tests :: Test Bundles: mock-javamail-1.7      [jar]
[INFO] Camel :: Integration Tests :: camel validator test resources       [jar]
[INFO] Camel :: Integration Tests                                         [pom]
[INFO] Camel :: Integration Tests :: Standalone                           [jar]
[INFO] Camel :: Integration Tests :: Non OSGi                             [jar]
[INFO] Camel :: Integration Tests :: CDI                                  [jar]
[INFO] Camel :: Integration Tests :: JMS 2.0 API                          [jar]
[INFO] Camel :: Integration Tests :: JMH                                  [jar]
[INFO] Camel :: Integration Tests :: Blueprint CXF Tests                  [jar]
[INFO] Camel :: Integration Tests :: Blueprint                            [jar]
[INFO] Camel :: Integration Tests :: Partial Classpath                    [jar]
[INFO] Camel :: Integration Tests :: TypeConverter Scan                   [jar]
[INFO] Camel :: Example                                                   [pom]
[INFO] Camel :: Example :: ActiveMQ :: Tomcat                             [war]
[INFO] Camel :: Example :: Aggregate                                      [jar]
[INFO] Camel :: Example :: ActiveMQ Artemis AMQP :: Blueprint          [bundle]
[INFO] Camel :: Example :: ActiveMQ Artemis Large Messages                [jar]
[INFO] Camel :: Example :: BAM (deprecated)                               [jar]
[INFO] Camel :: Example :: Cafe                                           [jar]
[INFO] Camel :: Example :: Cassandra :: Kubernetes                        [jar]
[INFO] Camel :: Example :: CDI                                            [jar]
[INFO] Camel :: Example :: CDI :: AWS S3                                  [jar]
[INFO] Camel :: Example :: CDI :: Cassandraql                             [jar]
[INFO] Camel :: Example :: FHIR                                           [jar]
[INFO] Camel :: Example :: Fhir :: Spring Boot                            [jar]
[INFO] Camel :: Example :: FHIR :: OSGi                                   [jar]
[INFO] Camel :: Example :: Fhir :: Spring Boot                            [jar]
[INFO] Camel :: Example :: CDI :: Kubernetes                              [jar]
[INFO] Camel :: Example :: CDI :: Metrics                                 [jar]
[INFO] Camel :: Example :: CDI :: OSGi (deprecated)                       [jar]
[INFO] Camel :: Example :: CDI :: Properties                              [jar]
[INFO] Camel :: Example :: CDI :: REST :: Servlet                         [war]
[INFO] Camel :: Example :: CDI :: Testing                                 [jar]
[INFO] Camel :: Example :: CDI :: Camel XML                               [jar]
[INFO] Camel :: Example :: CXF                                            [jar]
[INFO] Camel :: Example :: CXF :: Blueprint                               [jar]
[INFO] Camel :: Example :: CXF :: Proxy                                   [jar]
[INFO] Camel :: Example :: CXF :: Tomcat                                  [war]
[INFO] Camel :: Example :: Console                                        [jar]
[INFO] Camel :: Example :: Ehcache :: Blueprint                           [jar]
[INFO] Camel :: Example :: FTP                                            [jar]
[INFO] Camel :: Example :: Google-Pubsub                                  [jar]
[INFO] Camel :: Example :: Guice :: JMS (deprecated)                      [jar]
[INFO] Camel :: Example :: Groovy (deprecated)                            [jar]
[INFO] Camel :: Example :: gRPC :: Kubernetes                             [pom]
[INFO] Camel :: Example :: gRPC :: Hello Camel Server Kubernetes          [jar]
[INFO] Camel :: Example :: gRPC :: Hello Camel Client Kubernetes          [jar]
[INFO] Camel :: Example :: Hazelcast :: Kubernetes                        [jar]
[INFO] Camel :: Example :: Hystrix                                        [pom]
[INFO] Camel :: Example :: Hystrix :: Client                              [jar]
[INFO] Camel :: Example :: Hystrix :: Service 1                           [jar]
[INFO] Camel :: Example :: Hystrix :: Service 2                           [jar]
[INFO] Camel :: Example :: Java8                                          [jar]
[INFO] Camel :: Example :: Java8 :: RX                                    [jar]
[INFO] Camel :: Example :: JDBC                                           [jar]
[INFO] Camel :: Example :: JMX                                            [jar]
[INFO] Camel :: Example :: JMS-File                                       [jar]
[INFO] Camel :: Example :: Kafka                                          [jar]
[INFO] Camel :: Example :: Kotlin                                         [jar]
[INFO] Camel :: Example :: Load Balancing                                 [jar]
[INFO] Camel :: Example :: Loan-Broker                                    [jar]
[INFO] Camel :: Example :: Loan-Broker :: JMS                             [jar]
[INFO] Camel :: Example :: Management                                     [jar]
[INFO] Camel :: Example :: Micrometer                                     [jar]
[INFO] Camel :: Example :: MyBatis                                        [jar]
[INFO] Camel :: Example :: Netty Custom Correlation                       [jar]
[INFO] Camel :: Example :: Netty HTTP                                     [pom]
[INFO] Camel :: Example :: Netty HTTP :: Shared Netty HTTP Server         [jar]
[INFO] Camel :: Example :: Netty HTTP :: My Application One               [jar]
[INFO] Camel :: Example :: Netty HTTP :: My Application Two               [jar]
[INFO] Camel :: Example :: Netty HTTP :: My Application CDI (deprecated)  [jar]
[INFO] Camel :: Example :: Olingo4 :: Blueprint                           [jar]
[INFO] Camel :: Example :: OpenTracing                                    [pom]
[INFO] Camel :: Example :: OpenTracing :: LoggingTracer                   [jar]
[INFO] Camel :: Example :: OpenTracing :: Client                          [jar]
[INFO] Camel :: Example :: OpenTracing :: Service 1                       [jar]
[INFO] Camel :: Example :: OpenTracing :: Service 2                       [jar]
[INFO] Camel :: Example :: POJO Messaging                                 [jar]
[INFO] Camel :: Example :: RabbitMQ                                       [jar]
[INFO] Camel :: Example :: Reactive Streams                               [jar]
[INFO] Camel :: Example :: Reload                                         [jar]
[INFO] Camel :: Example :: Report Incident (deprecated)                   [war]
[INFO] Camel :: Example :: Report Incident :: WS-Security (deprecated)    [jar]
[INFO] Camel :: Example :: Rest Producer                                  [jar]
[INFO] Camel :: Example :: REST Swagger                                   [jar]
[INFO] Camel :: Example :: Restlet :: JDBC                                [war]
[INFO] Camel :: Example :: Route :: Throttling                            [jar]
[INFO] Camel :: Example :: Scala (deprecated)                             [jar]
[INFO] Camel :: Example :: Servlet HttpRegistry Blueprint                 [jar]
[INFO] Camel :: Example :: Servlet REST Blueprint                         [jar]
[INFO] Camel :: Example :: Servlet Tomcat                                 [war]
[INFO] Camel :: Example :: Servlet Tomcat without Spring                  [war]
[INFO] Camel :: Example :: Simple Jira Bot                                [pom]
[INFO] Camel :: Example :: Simple Jira Bot :: Java DSL                    [jar]
[INFO] Camel :: Example :: Simple Jira Bot :: XML Configuration           [jar]
[INFO] Camel :: Example :: Spark REST                                     [jar]
[INFO] Camel :: Example :: Splunk                                         [jar]
[INFO] Camel :: Example :: Spring                                         [jar]
[INFO] Camel :: Example :: Spring Boot                                    [jar]
[INFO] Camel :: Example :: Spring Boot and ActiveMQ                       [jar]
[INFO] Camel :: Example :: Spring Boot :: Clustered Route Controller      [pom]
[INFO] Camel :: Example :: Spring Boot :: Clustered Route Controller :: Cluster Bootstrap [jar]
[INFO] Camel :: Example :: Spring Boot :: Clustered Route Controller :: Cluster Node [jar]
[INFO] Camel :: Example :: Spring Boot with Geocoder and REST DSL         [jar]
[INFO] Camel :: Example :: Spring Boot with gRPC                          [pom]
[INFO] Camel :: Example :: gRPC :: Hello Camel Server                     [jar]
[INFO] Camel :: Example :: gRPC :: Hello Camel Client                     [jar]
[INFO] Camel :: Example :: Spring Boot :: Health Checks                   [pom]
[INFO] Camel :: Example :: Spring Boot :: Health Checks :: Service        [jar]
[INFO] Camel :: Example :: Spring Boot :: Health Checks :: Application    [jar]
[INFO] Camel :: Example :: Spring Boot with Infinispan                    [jar]
[INFO] Camel :: Example :: Spring Boot :: Master                          [jar]
[INFO] Camel :: Example :: Spring Boot Metrics                            [jar]
[INFO] Camel :: Example :: Spring Boot :: POJO Routing                    [jar]
[INFO] Camel :: Example :: Spring Boot REST / JPA                         [jar]
[INFO] Camel :: Example :: Spring Boot with REST DSL and Swagger          [jar]
[INFO] Camel :: Example :: Spring Boot :: ServiceCall                     [pom]
[INFO] Camel :: Example :: Spring Boot :: ServiceCall :: Consumer         [jar]
[INFO] Camel :: Example :: Spring Boot :: ServiceCall :: Services         [jar]
[INFO] Camel :: Example :: Spring Boot :: Supervising Route Controller    [jar]
[INFO] Camel :: Example :: Spring Boot XML                                [jar]
[INFO] Camel :: Example :: Spring Cloud :: ServiceCall                    [pom]
[INFO] Camel :: Example :: Spring Cloud :: ServiceCall :: Consumer        [jar]
[INFO] Camel :: Example :: Spring Cloud :: ServiceCall :: Service         [jar]
[INFO] Camel :: Example :: Spring Cloud :: ServiceRegistry                [pom]
[INFO] Camel :: Example :: Spring Cloud :: Service Registry :: Consumer   [jar]
[INFO] Camel :: Example :: Spring Cloud :: Service Registry :: Service    [jar]
[INFO] Camel :: Example :: Spring :: JavaConfig                           [jar]
[INFO] Camel :: Example :: Spring :: JMS                                  [jar]
[INFO] Camel :: Example :: Spring :: Pulsar                               [jar]
[INFO] Camel :: Example :: Spring :: Web Services                         [war]
[INFO] Camel :: Example :: Spring :: XQuery                               [jar]
[INFO] Camel :: Example :: Spring :: Security                             [war]
[INFO] Camel :: Example :: SSH                                            [jar]
[INFO] Camel :: Example :: SSH :: Security                                [jar]
[INFO] Camel :: Example :: SQL :: Blueprint                               [jar]
[INFO] Camel :: Example :: Swagger :: CDI                                 [jar]
[INFO] Camel :: Example :: Swagger :: OSGi                                [jar]
[INFO] Camel :: Example :: Tracer (deprecated)                            [jar]
[INFO] Camel :: Example :: Transformer :: Blueprint                       [jar]
[INFO] Camel :: Example :: Transformer :: CDI                             [jar]
[INFO] Camel :: Example :: Transformer :: Demo                            [jar]
[INFO] Camel :: Example :: Twitter Salesforce                             [jar]
[INFO] Camel :: Example :: Twitter WebSocket                              [jar]
[INFO] Camel :: Example :: Twitter WebSocket using OSGi Blueprint         [jar]
[INFO] Camel :: Example :: Validator :: Spring Boot                       [jar]
[INFO] Camel :: Example :: Widget and Gadget :: CDI                       [jar]
[INFO] Camel :: Example :: Widget and Gadget :: Java                      [jar]
[INFO] Camel :: Example :: Widget and Gadget :: XML                       [jar]
[INFO] Camel :: Example :: Zipkin                                         [pom]
[INFO] Camel :: Example :: Zipkin :: Client                               [jar]
[INFO] Camel :: Example :: Zipkin :: Service 1                            [jar]
[INFO] Camel :: Example :: Zipkin :: Service 2                            [jar]
[INFO] Camel :: Docs                                                      [pom]
[INFO] Camel :: Assembly                                                  [pom]
[INFO] 
[INFO] -----------------------< org.apache.camel:camel >-----------------------
[INFO] Building Camel 2.25.0-SNAPSHOT                                   [1/807]
[INFO]   from pom.xml
[INFO] --------------------------------[ pom ]---------------------------------
[INFO] 
[INFO] --- clean:3.1.0:clean (default-clean) @ camel ---
[INFO] Deleting /home/runner/work/sonar-analysis/sonar-analysis/project/target
[INFO] 
[INFO] --- enforcer:1.4.1:enforce (enforce-maven-version) @ camel ---
[INFO] Skipping Rule Enforcement.
[INFO] 
[INFO] --- enforcer:1.4.1:enforce (enforce-maven) @ camel ---
[INFO] Skipping Rule Enforcement.
[INFO] 
[INFO] --- remote-resources:1.5:process (process-resource-bundles) @ camel ---
[INFO] 
[INFO] --- site:3.7.1:attach-descriptor (attach-descriptor) @ camel ---
[INFO] Artifact org.apache.commons:commons-lang3:pom:3.4 is present in the local repository, but cached from a remote repository ID that is unavailable in current build context, verifying that is downloadable from [apache.snapshots (https://repository.apache.org/snapshots/, default, snapshots), central (https://repo.maven.apache.org/maven2, default, releases)]
[INFO] Artifact org.apache.commons:commons-lang3:pom:3.4 is present in the local repository, but cached from a remote repository ID that is unavailable in current build context, verifying that is downloadable from [apache.snapshots (https://repository.apache.org/snapshots/, default, snapshots), central (https://repo.maven.apache.org/maven2, default, releases)]
[INFO] Artifact org.apache.commons:commons-parent:pom:37 is present in the local repository, but cached from a remote repository ID that is unavailable in current build context, verifying that is downloadable from [apache.snapshots (https://repository.apache.org/snapshots/, default, snapshots), central (https://repo.maven.apache.org/maven2, default, releases)]
[INFO] Artifact org.apache.commons:commons-parent:pom:37 is present in the local repository, but cached from a remote repository ID that is unavailable in current build context, verifying that is downloadable from [apache.snapshots (https://repository.apache.org/snapshots/, default, snapshots), central (https://repo.maven.apache.org/maven2, default, releases)]
[INFO] Artifact org.codehaus.plexus:plexus-container-default:jar:1.0-alpha-30 is present in the local repository, but cached from a remote repository ID that is unavailable in current build context, verifying that is downloadable from [apache.snapshots (https://repository.apache.org/snapshots/, default, snapshots), central (https://repo.maven.apache.org/maven2, default, releases)]
[INFO] Artifact org.apache.commons:commons-lang3:jar:3.4 is present in the local repository, but cached from a remote repository ID that is unavailable in current build context, verifying that is downloadable from [apache.snapshots (https://repository.apache.org/snapshots/, default, snapshots), central (https://repo.maven.apache.org/maven2, default, releases)]
[INFO] Artifact org.codehaus.plexus:plexus-container-default:jar:1.0-alpha-30 is present in the local repository, but cached from a remote repository ID that is unavailable in current build context, verifying that is downloadable from [apache.snapshots (https://repository.apache.org/snapshots/, default, snapshots), central (https://repo.maven.apache.org/maven2, default, releases)]
[INFO] Artifact org.apache.commons:commons-lang3:jar:3.4 is present in the local repository, but cached from a remote repository ID that is unavailable in current build context, verifying that is downloadable from [apache.snapshots (https://repository.apache.org/snapshots/, default, snapshots), central (https://repo.maven.apache.org/maven2, default, releases)]
[INFO] No site descriptor found: nothing to attach.
[INFO] 
[INFO] --- install:2.5.2:install (default-install) @ camel ---
[INFO] Installing /home/runner/work/sonar-analysis/sonar-analysis/project/pom.xml to /home/runner/.m2/repository/org/apache/camel/camel/2.25.0-SNAPSHOT/camel-2.25.0-SNAPSHOT.pom
[INFO] 
[INFO] -------------------< org.apache.camel:camel-parent >--------------------
[INFO] Building Camel :: Parent 2.25.0-SNAPSHOT                         [2/807]
[INFO]   from parent/pom.xml
[INFO] --------------------------------[ pom ]---------------------------------
[INFO] 
[INFO] --- clean:3.1.0:clean (default-clean) @ camel-parent ---
[INFO] Deleting /home/runner/work/sonar-analysis/sonar-analysis/project/parent/target
[INFO] 
[INFO] --- enforcer:1.4.1:enforce (enforce-maven-version) @ camel-parent ---
[INFO] Skipping Rule Enforcement.
[INFO] 
[INFO] --- enforcer:1.4.1:enforce (enforce-maven) @ camel-parent ---
[INFO] Skipping Rule Enforcement.
[INFO] 
[INFO] --- bundle:3.5.1:cleanVersions (versions) @ camel-parent ---
[INFO] 
[INFO] --- remote-resources:1.5:process (process-resource-bundles) @ camel-parent ---
[INFO] 
[INFO] --- bundle:3.5.1:manifest (bundle-manifest) @ camel-parent ---
[WARNING] Ignoring project type pom - supportedProjectTypes = [jar, bundle]
[INFO] 
[INFO] --- site:3.7.1:attach-descriptor (attach-descriptor) @ camel-parent ---
[INFO] No site descriptor found: nothing to attach.
[INFO] 
[INFO] --- install:2.5.2:install (default-install) @ camel-parent ---
[INFO] Installing /home/runner/work/sonar-analysis/sonar-analysis/project/parent/pom.xml to /home/runner/.m2/repository/org/apache/camel/camel-parent/2.25.0-SNAPSHOT/camel-parent-2.25.0-SNAPSHOT.pom
[INFO] 
[INFO] ---------------------< org.apache.camel:camel-etc >---------------------
[INFO] Building Camel :: Etc 2.25.0-SNAPSHOT                            [3/807]
[INFO]   from etc/pom.xml
[INFO] --------------------------------[ pom ]---------------------------------
[INFO] 
[INFO] --- clean:3.1.0:clean (default-clean) @ camel-etc ---
[INFO] Deleting /home/runner/work/sonar-analysis/sonar-analysis/project/etc/target
[INFO] 
[INFO] --- enforcer:1.4.1:enforce (enforce-maven-version) @ camel-etc ---
[INFO] Skipping Rule Enforcement.
[INFO] 
[INFO] --- enforcer:1.4.1:enforce (enforce-maven) @ camel-etc ---
[INFO] Skipping Rule Enforcement.
[INFO] 
[INFO] --- bundle:3.5.1:cleanVersions (versions) @ camel-etc ---
[INFO] 
[INFO] --- remote-resources:1.5:process (process-resource-bundles) @ camel-etc ---
[INFO] 
[INFO] --- bundle:3.5.1:manifest (bundle-manifest) @ camel-etc ---
[WARNING] Ignoring project type pom - supportedProjectTypes = [jar, bundle]
[INFO] 
[INFO] --- site:3.7.1:attach-descriptor (attach-descriptor) @ camel-etc ---
[INFO] No site descriptor found: nothing to attach.
[INFO] 
[INFO] --- install:2.5.2:install (default-install) @ camel-etc ---
[INFO] Installing /home/runner/work/sonar-analysis/sonar-analysis/project/etc/pom.xml to /home/runner/.m2/repository/org/apache/camel/camel-etc/2.25.0-SNAPSHOT/camel-etc-2.25.0-SNAPSHOT.pom
[INFO] 
[INFO] ----------------------< org.apache.camel:tooling >----------------------
[INFO] Building Camel :: Tooling 2.25.0-SNAPSHOT                        [4/807]
[INFO]   from tooling/pom.xml
[INFO] --------------------------------[ pom ]---------------------------------
[INFO] 
[INFO] --- clean:3.1.0:clean (default-clean) @ tooling ---
[INFO] Deleting /home/runner/work/sonar-analysis/sonar-analysis/project/tooling/target
[INFO] 
[INFO] --- enforcer:1.4.1:enforce (enforce-maven-version) @ tooling ---
[INFO] Skipping Rule Enforcement.
[INFO] 
[INFO] --- enforcer:1.4.1:enforce (enforce-maven) @ tooling ---
[INFO] Skipping Rule Enforcement.
[INFO] 
[INFO] --- bundle:3.5.1:cleanVersions (versions) @ tooling ---
[INFO] 
[INFO] --- remote-resources:1.5:process (process-resource-bundles) @ tooling ---
[INFO] 
[INFO] --- bundle:3.5.1:manifest (bundle-manifest) @ tooling ---
[WARNING] Ignoring project type pom - supportedProjectTypes = [jar, bundle]
[INFO] 
[INFO] --- site:3.7.1:attach-descriptor (attach-descriptor) @ tooling ---
[INFO] No site descriptor found: nothing to attach.
[INFO] 
[INFO] --- install:2.5.2:install (default-install) @ tooling ---
[INFO] Installing /home/runner/work/sonar-analysis/sonar-analysis/project/tooling/pom.xml to /home/runner/.m2/repository/org/apache/camel/tooling/2.25.0-SNAPSHOT/tooling-2.25.0-SNAPSHOT.pom
[INFO] 
[INFO] -------------------< org.apache.camel:maven-plugins >-------------------
[INFO] Building Camel :: Maven Plugins 2.25.0-SNAPSHOT                  [5/807]
[INFO]   from tooling/maven/pom.xml
[INFO] --------------------------------[ pom ]---------------------------------
[INFO] 
[INFO] --- clean:3.1.0:clean (default-clean) @ maven-plugins ---
[INFO] 
[INFO] --- enforcer:1.4.1:enforce (enforce-maven-version) @ maven-plugins ---
[INFO] Skipping Rule Enforcement.
[INFO] 
[INFO] --- enforcer:1.4.1:enforce (enforce-maven) @ maven-plugins ---
[INFO] Skipping Rule Enforcement.
[INFO] 
[INFO] --- remote-resources:1.5:process (process-resource-bundles) @ maven-plugins ---
[INFO] 
[INFO] --- site:3.7.1:attach-descriptor (attach-descriptor) @ maven-plugins ---
[INFO] No site descriptor found: nothing to attach.
[INFO] 
[INFO] --- install:2.5.2:install (default-install) @ maven-plugins ---
[INFO] Installing /home/runner/work/sonar-analysis/sonar-analysis/project/tooling/maven/pom.xml to /home/runner/.m2/repository/org/apache/camel/maven-plugins/2.25.0-SNAPSHOT/maven-plugins-2.25.0-SNAPSHOT.pom
[INFO] 
[INFO] ------------< org.apache.camel:bom-generator-maven-plugin >-------------
[INFO] Building Camel :: Maven Plugins :: BOM Generator 2.25.0-SNAPSHOT [6/807]
[INFO]   from tooling/maven/bom-generator-maven-plugin/pom.xml
[INFO] ----------------------------[ maven-plugin ]----------------------------
[INFO] Artifact org.apache.maven:maven-parent:pom:33 is present in the local repository, but cached from a remote repository ID that is unavailable in current build context, verifying that is downloadable from [apache.snapshots (https://repository.apache.org/snapshots/, default, snapshots), central (https://repo.maven.apache.org/maven2, default, releases)]
[INFO] Artifact org.apache.maven:maven-parent:pom:33 is present in the local repository, but cached from a remote repository ID that is unavailable in current build context, verifying that is downloadable from [apache.snapshots (https://repository.apache.org/snapshots/, default, snapshots), central (https://repo.maven.apache.org/maven2, default, releases)]
[INFO] 
[INFO] --- clean:3.1.0:clean (default-clean) @ bom-generator-maven-plugin ---
[INFO] 
[INFO] --- enforcer:1.4.1:enforce (enforce-maven-version) @ bom-generator-maven-plugin ---
[INFO] Skipping Rule Enforcement.
[INFO] 
[INFO] --- enforcer:1.4.1:enforce (enforce-maven) @ bom-generator-maven-plugin ---
[INFO] Skipping Rule Enforcement.
[INFO] 
[INFO] --- remote-resources:1.5:process (process-resource-bundles) @ bom-generator-maven-plugin ---
[INFO] 
[INFO] --- resources:3.0.2:resources (default-resources) @ bom-generator-maven-plugin ---
[INFO] Artifact org.codehaus.plexus:plexus-component-annotations:pom:1.6 is present in the local repository, but cached from a remote repository ID that is unavailable in current build context, verifying that is downloadable from [apache.snapshots (https://repository.apache.org/snapshots/, default, snapshots), central (https://repo.maven.apache.org/maven2, default, releases)]
[INFO] Artifact org.codehaus.plexus:plexus-component-annotations:pom:1.6 is present in the local repository, but cached from a remote repository ID that is unavailable in current build context, verifying that is downloadable from [apache.snapshots (https://repository.apache.org/snapshots/, default, snapshots), central (https://repo.maven.apache.org/maven2, default, releases)]
[INFO] Artifact org.codehaus.plexus:plexus-component-annotations:jar:1.6 is present in the local repository, but cached from a remote repository ID that is unavailable in current build context, verifying that is downloadable from [apache.snapshots (https://repository.apache.org/snapshots/, default, snapshots), central (https://repo.maven.apache.org/maven2, default, releases)]
[INFO] Artifact org.codehaus.plexus:plexus-component-annotations:jar:1.6 is present in the local repository, but cached from a remote repository ID that is unavailable in current build context, verifying that is downloadable from [apache.snapshots (https://repository.apache.org/snapshots/, default, snapshots), central (https://repo.maven.apache.org/maven2, default, releases)]
[INFO] Using 'UTF-8' encoding to copy filtered resources.
[INFO] skip non existing resourceDirectory /home/runner/work/sonar-analysis/sonar-analysis/project/tooling/maven/bom-generator-maven-plugin/src/main/resources
[INFO] Copying 3 resources
[INFO] 
[INFO] --- compiler:3.8.0:compile (default-compile) @ bom-generator-maven-plugin ---
[INFO] Changes detected - recompiling the module!
[INFO] Compiling 5 source files to /home/runner/work/sonar-analysis/sonar-analysis/project/tooling/maven/bom-generator-maven-plugin/target/classes
[INFO] 
[INFO] --- plugin:3.5.2:descriptor (default-descriptor) @ bom-generator-maven-plugin ---
[INFO] Using 'UTF-8' encoding to read mojo source files.
[INFO] java-javadoc mojo extractor found 1 mojo descriptor.
[INFO] java-annotations mojo extractor found 0 mojo descriptor.
[INFO] 
[INFO] --- resources:3.0.2:testResources (default-testResources) @ bom-generator-maven-plugin ---
[INFO] Using 'UTF-8' encoding to copy filtered resources.
[INFO] skip non existing resourceDirectory /home/runner/work/sonar-analysis/sonar-analysis/project/tooling/maven/bom-generator-maven-plugin/src/test/resources
[INFO] Copying 3 resources
[INFO] 
[INFO] --- compiler:3.8.0:testCompile (default-testCompile) @ bom-generator-maven-plugin ---
[INFO] No sources to compile
[INFO] 
[INFO] --- surefire:2.22.1:test (default-test) @ bom-generator-maven-plugin ---
[INFO] Tests are skipped.
[INFO] 
[INFO] --- jar:3.0.2:jar (default-jar) @ bom-generator-maven-plugin ---
[INFO] Building jar: /home/runner/work/sonar-analysis/sonar-analysis/project/tooling/maven/bom-generator-maven-plugin/target/bom-generator-maven-plugin-2.25.0-SNAPSHOT.jar
[INFO] 
[INFO] --- site:3.7.1:attach-descriptor (attach-descriptor) @ bom-generator-maven-plugin ---
[INFO] Skipping because packaging 'maven-plugin' is not pom.
[INFO] 
[INFO] --- install:2.5.2:install (default-install) @ bom-generator-maven-plugin ---
[INFO] Installing /home/runner/work/sonar-analysis/sonar-analysis/project/tooling/maven/bom-generator-maven-plugin/target/bom-generator-maven-plugin-2.25.0-SNAPSHOT.jar to /home/runner/.m2/repository/org/apache/camel/bom-generator-maven-plugin/2.25.0-SNAPSHOT/bom-generator-maven-plugin-2.25.0-SNAPSHOT.jar
[INFO] Installing /home/runner/work/sonar-analysis/sonar-analysis/project/tooling/maven/bom-generator-maven-plugin/pom.xml to /home/runner/.m2/repository/org/apache/camel/bom-generator-maven-plugin/2.25.0-SNAPSHOT/bom-generator-maven-plugin-2.25.0-SNAPSHOT.pom
[INFO] 
[INFO] -------------------< org.apache.camel:bom-generator >-------------------
[INFO] Building Camel :: BOM :: Generator 2.25.0-SNAPSHOT               [7/807]
[INFO]   from bom/pom.xml
[INFO] --------------------------------[ pom ]---------------------------------
[INFO] 
[INFO] --- clean:3.1.0:clean (default-clean) @ bom-generator ---
[INFO] 
[INFO] --- enforcer:1.4.1:enforce (enforce-maven-version) @ bom-generator ---
[INFO] Skipping Rule Enforcement.
[INFO] 
[INFO] --- enforcer:1.4.1:enforce (enforce-maven) @ bom-generator ---
[INFO] Skipping Rule Enforcement.
[INFO] 
[INFO] --- bundle:3.5.1:cleanVersions (versions) @ bom-generator ---
[INFO] 
[INFO] --- bom-generator:2.25.0-SNAPSHOT:generate (default) @ bom-generator ---
[WARNING]  Parameter 'dependencies' is read-only, must not be used in configuration
[INFO] 
[INFO] --- remote-resources:1.5:process (process-resource-bundles) @ bom-generator ---
[INFO] 
[INFO] --- bundle:3.5.1:manifest (bundle-manifest) @ bom-generator ---
[WARNING] Ignoring project type pom - supportedProjectTypes = [jar, bundle]
[INFO] 
[INFO] --- site:3.7.1:attach-descriptor (attach-descriptor) @ bom-generator ---
[INFO] No site descriptor found: nothing to attach.
[INFO] 
[INFO] --- install:2.5.2:install (default-install) @ bom-generator ---
[INFO] Installing /home/runner/work/sonar-analysis/sonar-analysis/project/bom/pom.xml to /home/runner/.m2/repository/org/apache/camel/bom-generator/2.25.0-SNAPSHOT/bom-generator-2.25.0-SNAPSHOT.pom
[INFO] 
[INFO] ---------------------< org.apache.camel:camel-bom >---------------------
[INFO] Building Camel :: BOM 2.25.0-SNAPSHOT                            [8/807]
[INFO]   from bom/camel-bom/pom.xml
[INFO] --------------------------------[ pom ]---------------------------------
[INFO] 
[INFO] --- clean:3.1.0:clean (default-clean) @ camel-bom ---
[INFO] 
[INFO] --- enforcer:1.4.1:enforce (enforce-maven-version) @ camel-bom ---
[INFO] Skipping Rule Enforcement.
[INFO] 
[INFO] --- enforcer:1.4.1:enforce (enforce-maven) @ camel-bom ---
[INFO] Skipping Rule Enforcement.
[INFO] 
[INFO] --- remote-resources:1.5:process (process-resource-bundles) @ camel-bom ---
[INFO] 
[INFO] --- site:3.7.1:attach-descriptor (attach-descriptor) @ camel-bom ---
[INFO] No site descriptor found: nothing to attach.
[INFO] 
[INFO] --- install:2.5.2:install (default-install) @ camel-bom ---
[INFO] Installing /home/runner/work/sonar-analysis/sonar-analysis/project/bom/camel-bom/pom.xml to /home/runner/.m2/repository/org/apache/camel/camel-bom/2.25.0-SNAPSHOT/camel-bom-2.25.0-SNAPSHOT.pom
[INFO] 
[INFO] -----------------< org.apache.camel:camel-buildtools >------------------
[INFO] Building Camel :: Buildtools 2.25.0-SNAPSHOT                     [9/807]
[INFO]   from buildingtools/pom.xml
[INFO] --------------------------------[ jar ]---------------------------------
[INFO] 
[INFO] --- clean:3.1.0:clean (default-clean) @ camel-buildtools ---
[INFO] Deleting /home/runner/work/sonar-analysis/sonar-analysis/project/buildingtools/target
[INFO] 
[INFO] --- enforcer:1.4.1:enforce (enforce-maven-version) @ camel-buildtools ---
[INFO] Skipping Rule Enforcement.
[INFO] 
[INFO] --- enforcer:1.4.1:enforce (enforce-maven) @ camel-buildtools ---
[INFO] Skipping Rule Enforcement.
[INFO] 
[INFO] --- remote-resources:1.5:process (process-resource-bundles) @ camel-buildtools ---
[INFO] 
[INFO] --- license:3.0:format (default-cli) @ camel-buildtools ---
[INFO] Updating license headers...
[INFO] 
[INFO] --- gplus:1.6.2:execute (default) @ camel-buildtools ---
[INFO] Using Groovy 2.5.5 to perform execute.
[INFO] 
[INFO] --- resources:3.1.0:resources (default-resources) @ camel-buildtools ---
[INFO] Using 'UTF-8' encoding to copy filtered resources.
[INFO] Copying 13 resources
[INFO] 
[INFO] --- compiler:3.7.0:compile (default-compile) @ camel-buildtools ---
[INFO] No sources to compile
[INFO] 
[INFO] --- resources:3.1.0:testResources (default-testResources) @ camel-buildtools ---
[INFO] Not copying test resources
[INFO] 
[INFO] --- compiler:3.7.0:testCompile (default-testCompile) @ camel-buildtools ---
[INFO] Not compiling test sources
[INFO] 
[INFO] --- surefire:2.22.1:test (default-test) @ camel-buildtools ---
[INFO] Tests are skipped.
[INFO] 
[INFO] --- jar:3.1.0:jar (default-jar) @ camel-buildtools ---
[INFO] Building jar: /home/runner/work/sonar-analysis/sonar-analysis/project/buildingtools/target/camel-buildtools-2.25.0-SNAPSHOT.jar
[INFO] 
[INFO] --- site:3.7.1:attach-descriptor (attach-descriptor) @ camel-buildtools ---
[INFO] Skipping because packaging 'jar' is not pom.
[INFO] 
[INFO] --- install:2.5.2:install (default-install) @ camel-buildtools ---
[INFO] Installing /home/runner/work/sonar-analysis/sonar-analysis/project/buildingtools/target/camel-buildtools-2.25.0-SNAPSHOT.jar to /home/runner/.m2/repository/org/apache/camel/camel-buildtools/2.25.0-SNAPSHOT/camel-buildtools-2.25.0-SNAPSHOT.jar
[INFO] Installing /home/runner/work/sonar-analysis/sonar-analysis/project/buildingtools/pom.xml to /home/runner/.m2/repository/org/apache/camel/camel-buildtools/2.25.0-SNAPSHOT/camel-buildtools-2.25.0-SNAPSHOT.pom
[INFO] 
[INFO] ------------------< org.apache.camel:spi-annotations >------------------
[INFO] Building Camel :: SPI Annotations 2.25.0-SNAPSHOT               [10/807]
[INFO]   from tooling/spi-annotations/pom.xml
[INFO] --------------------------------[ jar ]---------------------------------
[INFO] 
[INFO] --- clean:3.1.0:clean (default-clean) @ spi-annotations ---
[INFO] 
[INFO] --- enforcer:1.4.1:enforce (enforce-maven-version) @ spi-annotations ---
[INFO] Skipping Rule Enforcement.
[INFO] 
[INFO] --- enforcer:1.4.1:enforce (enforce-maven) @ spi-annotations ---
[INFO] Skipping Rule Enforcement.
[INFO] 
[INFO] --- bundle:3.5.1:cleanVersions (versions) @ spi-annotations ---
[INFO] 
[INFO] --- remote-resources:1.5:process (process-resource-bundles) @ spi-annotations ---
[INFO] 
[INFO] --- resources:3.0.2:resources (default-resources) @ spi-annotations ---
[INFO] Using 'UTF-8' encoding to copy filtered resources.
[INFO] skip non existing resourceDirectory /home/runner/work/sonar-analysis/sonar-analysis/project/tooling/spi-annotations/src/main/resources
[INFO] Copying 3 resources
[INFO] 
[INFO] --- compiler:3.8.0:compile (default-compile) @ spi-annotations ---
[INFO] Changes detected - recompiling the module!
[INFO] Compiling 7 source files to /home/runner/work/sonar-analysis/sonar-analysis/project/tooling/spi-annotations/target/classes
[INFO] 
[INFO] --- resources:3.0.2:testResources (default-testResources) @ spi-annotations ---
[INFO] Using 'UTF-8' encoding to copy filtered resources.
[INFO] skip non existing resourceDirectory /home/runner/work/sonar-analysis/sonar-analysis/project/tooling/spi-annotations/src/test/resources
[INFO] Copying 3 resources
[INFO] 
[INFO] --- compiler:3.8.0:testCompile (default-testCompile) @ spi-annotations ---
[INFO] No sources to compile
[INFO] 
[INFO] --- surefire:2.22.1:test (default-test) @ spi-annotations ---
[INFO] Tests are skipped.
[INFO] 
[INFO] --- bundle:3.5.1:manifest (bundle-manifest) @ spi-annotations ---
[WARNING] Manifest org.apache.camel:spi-annotations:jar:2.25.0-SNAPSHOT : Unused Import-Package instructions: [org.apache.camel.*, org.springframework.ws.*, org.springframework.xml.*, org.springframework.*, org.apache.cxf.*, org.apache.qpid.*, org.apache.abdera.*, org.apache.commons.httpclient.*, org.apache.velocity.*, org.apache.xmlbeans.*, org.eclipse.jetty.*, com.thoughtworks.xstream.*, org.antlr.stringtemplate.*, org.ccil.cowan.tagsoup.*, org.mortbay.cometd.*, org.slf4j.*, net.sf.flatpack.*, net.sf.saxon.*, freemarker.*, javax.persistence.*, org.apache.lucene.*, org.apache.solr.*] 
[INFO] 
[INFO] --- jar:3.0.2:jar (default-jar) @ spi-annotations ---
[INFO] Building jar: /home/runner/work/sonar-analysis/sonar-analysis/project/tooling/spi-annotations/target/spi-annotations-2.25.0-SNAPSHOT.jar
[INFO] 
[INFO] --- site:3.7.1:attach-descriptor (attach-descriptor) @ spi-annotations ---
[INFO] Skipping because packaging 'jar' is not pom.
[INFO] 
[INFO] --- install:2.5.2:install (default-install) @ spi-annotations ---
[INFO] Installing /home/runner/work/sonar-analysis/sonar-analysis/project/tooling/spi-annotations/target/spi-annotations-2.25.0-SNAPSHOT.jar to /home/runner/.m2/repository/org/apache/camel/spi-annotations/2.25.0-SNAPSHOT/spi-annotations-2.25.0-SNAPSHOT.jar
[INFO] Installing /home/runner/work/sonar-analysis/sonar-analysis/project/tooling/spi-annotations/pom.xml to /home/runner/.m2/repository/org/apache/camel/spi-annotations/2.25.0-SNAPSHOT/spi-annotations-2.25.0-SNAPSHOT.pom
[INFO] 
[INFO] ----------------< org.apache.camel:json-simple-ordered >----------------
[INFO] Building Camel :: JSon Simple Ordered 2.25.0-SNAPSHOT           [11/807]
[INFO]   from tooling/json-simple-ordered/pom.xml
[INFO] --------------------------------[ jar ]---------------------------------
[INFO] 
[INFO] --- clean:3.1.0:clean (default-clean) @ json-simple-ordered ---
[INFO] 
[INFO] --- enforcer:1.4.1:enforce (enforce-maven-version) @ json-simple-ordered ---
[INFO] Skipping Rule Enforcement.
[INFO] 
[INFO] --- enforcer:1.4.1:enforce (enforce-maven) @ json-simple-ordered ---
[INFO] Skipping Rule Enforcement.
[INFO] 
[INFO] --- bundle:3.5.1:cleanVersions (versions) @ json-simple-ordered ---
[INFO] 
[INFO] --- dependency:3.0.2:unpack-dependencies (unpack-source) @ json-simple-ordered ---
[INFO] Unpacking /home/runner/.m2/repository/com/github/cliftonlabs/json-simple/2.2.0/json-simple-2.2.0-sources.jar to /home/runner/work/sonar-analysis/sonar-analysis/project/tooling/json-simple-ordered/src/main/java with includes "" and excludes "META-INF/**,**/JSONArray.java,**/JSONObject.java"
[INFO] 
[INFO] --- replacer:1.5.3:replace (default) @ json-simple-ordered ---
[INFO] Replacement run on 1 file.
[INFO] 
[INFO] --- remote-resources:1.5:process (process-resource-bundles) @ json-simple-ordered ---
[INFO] 
[INFO] --- resources:3.0.2:resources (default-resources) @ json-simple-ordered ---
[INFO] Using 'UTF-8' encoding to copy filtered resources.
[INFO] Copying 2 resources
[INFO] Copying 3 resources
[INFO] 
[INFO] --- compiler:3.8.0:compile (default-compile) @ json-simple-ordered ---
[INFO] Changes detected - recompiling the module!
[INFO] Compiling 17 source files to /home/runner/work/sonar-analysis/sonar-analysis/project/tooling/json-simple-ordered/target/classes
[INFO] 
[INFO] --- resources:3.0.2:testResources (default-testResources) @ json-simple-ordered ---
[INFO] Using 'UTF-8' encoding to copy filtered resources.
[INFO] Copying 1 resource
[INFO] Copying 3 resources
[INFO] 
[INFO] --- compiler:3.8.0:testCompile (default-testCompile) @ json-simple-ordered ---
[INFO] Changes detected - recompiling the module!
[INFO] Compiling 1 source file to /home/runner/work/sonar-analysis/sonar-analysis/project/tooling/json-simple-ordered/target/test-classes
[INFO] 
[INFO] --- surefire:2.22.1:test (default-test) @ json-simple-ordered ---
[INFO] Tests are skipped.
[INFO] 
[INFO] --- bundle:3.5.1:manifest (bundle-manifest) @ json-simple-ordered ---
[WARNING] Manifest org.apache.camel:json-simple-ordered:jar:2.25.0-SNAPSHOT : Unused Import-Package instructions: [org.apache.camel.*, org.springframework.ws.*, org.springframework.xml.*, org.springframework.*, org.apache.cxf.*, org.apache.qpid.*, org.apache.abdera.*, org.apache.commons.httpclient.*, org.apache.velocity.*, org.apache.xmlbeans.*, org.eclipse.jetty.*, com.thoughtworks.xstream.*, org.antlr.stringtemplate.*, org.ccil.cowan.tagsoup.*, org.mortbay.cometd.*, org.slf4j.*, net.sf.flatpack.*, net.sf.saxon.*, freemarker.*, javax.persistence.*, org.apache.lucene.*, org.apache.solr.*] 
[INFO] 
[INFO] --- jar:3.0.2:jar (default-jar) @ json-simple-ordered ---
[INFO] Building jar: /home/runner/work/sonar-analysis/sonar-analysis/project/tooling/json-simple-ordered/target/json-simple-ordered-2.25.0-SNAPSHOT.jar
[INFO] 
[INFO] --- site:3.7.1:attach-descriptor (attach-descriptor) @ json-simple-ordered ---
[INFO] Skipping because packaging 'jar' is not pom.
[INFO] 
[INFO] --- install:2.5.2:install (default-install) @ json-simple-ordered ---
[INFO] Installing /home/runner/work/sonar-analysis/sonar-analysis/project/tooling/json-simple-ordered/target/json-simple-ordered-2.25.0-SNAPSHOT.jar to /home/runner/.m2/repository/org/apache/camel/json-simple-ordered/2.25.0-SNAPSHOT/json-simple-ordered-2.25.0-SNAPSHOT.jar
[INFO] Installing /home/runner/work/sonar-analysis/sonar-analysis/project/tooling/json-simple-ordered/pom.xml to /home/runner/.m2/repository/org/apache/camel/json-simple-ordered/2.25.0-SNAPSHOT/json-simple-ordered-2.25.0-SNAPSHOT.pom
[INFO] 
[INFO] ------------------------< org.apache.camel:apt >------------------------
[INFO] Building Camel :: Annotation Processor 2.25.0-SNAPSHOT          [12/807]
[INFO]   from tooling/apt/pom.xml
[INFO] --------------------------------[ jar ]---------------------------------
[INFO] 
[INFO] --- clean:3.1.0:clean (default-clean) @ apt ---
[INFO] 
[INFO] --- enforcer:1.4.1:enforce (enforce-maven-version) @ apt ---
[INFO] Skipping Rule Enforcement.
[INFO] 
[INFO] --- enforcer:1.4.1:enforce (enforce-maven) @ apt ---
[INFO] Skipping Rule Enforcement.
[INFO] 
[INFO] --- bundle:3.5.1:cleanVersions (versions) @ apt ---
[INFO] 
[INFO] --- remote-resources:1.5:process (process-resource-bundles) @ apt ---
[INFO] 
[INFO] --- resources:3.0.2:resources (default-resources) @ apt ---
[INFO] Using 'UTF-8' encoding to copy filtered resources.
[INFO] Copying 1 resource
[INFO] Copying 3 resources
[INFO] 
[INFO] --- compiler:3.8.0:compile (default-compile) @ apt ---
[INFO] Changes detected - recompiling the module!
[INFO] Compiling 17 source files to /home/runner/work/sonar-analysis/sonar-analysis/project/tooling/apt/target/classes
[INFO] 
[INFO] --- resources:3.0.2:testResources (default-testResources) @ apt ---
[INFO] Using 'UTF-8' encoding to copy filtered resources.
[INFO] Copying 1 resource
[INFO] Copying 3 resources
[INFO] 
[INFO] --- compiler:3.8.0:testCompile (default-testCompile) @ apt ---
[INFO] Changes detected - recompiling the module!
[INFO] Compiling 3 source files to /home/runner/work/sonar-analysis/sonar-analysis/project/tooling/apt/target/test-classes
[INFO] 
[INFO] --- surefire:2.22.1:test (default-test) @ apt ---
[INFO] Tests are skipped.
[INFO] 
[INFO] --- bundle:3.5.1:manifest (bundle-manifest) @ apt ---
[WARNING] Manifest org.apache.camel:apt:jar:2.25.0-SNAPSHOT : Unused Import-Package instructions: [org.springframework.ws.*, org.springframework.xml.*, org.springframework.*, org.apache.cxf.*, org.apache.qpid.*, org.apache.abdera.*, org.apache.commons.httpclient.*, org.apache.velocity.*, org.apache.xmlbeans.*, org.eclipse.jetty.*, com.thoughtworks.xstream.*, org.antlr.stringtemplate.*, org.ccil.cowan.tagsoup.*, org.mortbay.cometd.*, org.slf4j.*, net.sf.flatpack.*, net.sf.saxon.*, freemarker.*, javax.persistence.*, org.apache.lucene.*, org.apache.solr.*] 
[INFO] 
[INFO] --- jar:3.0.2:jar (default-jar) @ apt ---
[INFO] Building jar: /home/runner/work/sonar-analysis/sonar-analysis/project/tooling/apt/target/apt-2.25.0-SNAPSHOT.jar
[INFO] 
[INFO] --- site:3.7.1:attach-descriptor (attach-descriptor) @ apt ---
[INFO] Skipping because packaging 'jar' is not pom.
[INFO] 
[INFO] --- install:2.5.2:install (default-install) @ apt ---
[INFO] Installing /home/runner/work/sonar-analysis/sonar-analysis/project/tooling/apt/target/apt-2.25.0-SNAPSHOT.jar to /home/runner/.m2/repository/org/apache/camel/apt/2.25.0-SNAPSHOT/apt-2.25.0-SNAPSHOT.jar
[INFO] Installing /home/runner/work/sonar-analysis/sonar-analysis/project/tooling/apt/pom.xml to /home/runner/.m2/repository/org/apache/camel/apt/2.25.0-SNAPSHOT/apt-2.25.0-SNAPSHOT.pom
[INFO] 
[INFO] ------------< org.apache.camel:camel-package-maven-plugin >-------------
[INFO] Building Camel :: Maven Plugins :: Camel Maven Package 2.25.0-SNAPSHOT [13/807]
[INFO]   from tooling/maven/camel-package-maven-plugin/pom.xml
[INFO] ----------------------------[ maven-plugin ]----------------------------
[INFO] 
[INFO] --- clean:3.1.0:clean (default-clean) @ camel-package-maven-plugin ---
[INFO] 
[INFO] --- enforcer:1.4.1:enforce (enforce-maven-version) @ camel-package-maven-plugin ---
[INFO] Skipping Rule Enforcement.
[INFO] 
[INFO] --- enforcer:1.4.1:enforce (enforce-maven) @ camel-package-maven-plugin ---
[INFO] Skipping Rule Enforcement.
[INFO] 
[INFO] --- remote-resources:1.5:process (process-resource-bundles) @ camel-package-maven-plugin ---
[INFO] 
[INFO] --- resources:3.0.2:resources (default-resources) @ camel-package-maven-plugin ---
[INFO] Using 'UTF-8' encoding to copy filtered resources.
[INFO] Copying 24 resources
[INFO] Copying 3 resources
[INFO] 
[INFO] --- compiler:3.8.0:compile (default-compile) @ camel-package-maven-plugin ---
[INFO] Changes detected - recompiling the module!
[INFO] Compiling 38 source files to /home/runner/work/sonar-analysis/sonar-analysis/project/tooling/maven/camel-package-maven-plugin/target/classes
[INFO] 
[INFO] --- plugin:3.5.2:descriptor (default-descriptor) @ camel-package-maven-plugin ---
[INFO] Using 'UTF-8' encoding to read mojo source files.
[INFO] java-javadoc mojo extractor found 18 mojo descriptors.
[INFO] java-annotations mojo extractor found 0 mojo descriptor.
[INFO] 
[INFO] --- resources:3.0.2:testResources (default-testResources) @ camel-package-maven-plugin ---
[INFO] Using 'UTF-8' encoding to copy filtered resources.
[INFO] skip non existing resourceDirectory /home/runner/work/sonar-analysis/sonar-analysis/project/tooling/maven/camel-package-maven-plugin/src/test/resources
[INFO] Copying 3 resources
[INFO] 
[INFO] --- compiler:3.8.0:testCompile (default-testCompile) @ camel-package-maven-plugin ---
[INFO] Changes detected - recompiling the module!
[INFO] Compiling 2 source files to /home/runner/work/sonar-analysis/sonar-analysis/project/tooling/maven/camel-package-maven-plugin/target/test-classes
[INFO] 
[INFO] --- surefire:2.22.1:test (default-test) @ camel-package-maven-plugin ---
[INFO] Tests are skipped.
[INFO] 
[INFO] --- jar:3.0.2:jar (default-jar) @ camel-package-maven-plugin ---
[INFO] Building jar: /home/runner/work/sonar-analysis/sonar-analysis/project/tooling/maven/camel-package-maven-plugin/target/camel-package-maven-plugin-2.25.0-SNAPSHOT.jar
[INFO] 
[INFO] --- site:3.7.1:attach-descriptor (attach-descriptor) @ camel-package-maven-plugin ---
[INFO] Skipping because packaging 'maven-plugin' is not pom.
[INFO] 
[INFO] --- install:2.5.2:install (default-install) @ camel-package-maven-plugin ---
[INFO] Installing /home/runner/work/sonar-analysis/sonar-analysis/project/tooling/maven/camel-package-maven-plugin/target/camel-package-maven-plugin-2.25.0-SNAPSHOT.jar to /home/runner/.m2/repository/org/apache/camel/camel-package-maven-plugin/2.25.0-SNAPSHOT/camel-package-maven-plugin-2.25.0-SNAPSHOT.jar
[INFO] Installing /home/runner/work/sonar-analysis/sonar-analysis/project/tooling/maven/camel-package-maven-plugin/pom.xml to /home/runner/.m2/repository/org/apache/camel/camel-package-maven-plugin/2.25.0-SNAPSHOT/camel-package-maven-plugin-2.25.0-SNAPSHOT.pom
[INFO] 
[INFO] --------------------< org.apache.camel:camel-core >---------------------
[INFO] Building Camel :: Core 2.25.0-SNAPSHOT                          [14/807]
[INFO]   from camel-core/pom.xml
[INFO] --------------------------------[ jar ]---------------------------------
[INFO] 
[INFO] --- clean:3.1.0:clean (default-clean) @ camel-core ---
[INFO] 
[INFO] --- enforcer:1.4.1:enforce (enforce-maven-version) @ camel-core ---
[INFO] Skipping Rule Enforcement.
[INFO] 
[INFO] --- enforcer:1.4.1:enforce (enforce-maven) @ camel-core ---
[INFO] Skipping Rule Enforcement.
[INFO] 
[INFO] --- bundle:3.5.1:cleanVersions (versions) @ camel-core ---
[INFO] 
[INFO] --- remote-resources:1.5:process (process-resource-bundles) @ camel-core ---
[INFO] 
[INFO] --- camel-package:2.25.0-SNAPSHOT:generate-components-list (components) @ camel-core ---
[INFO] Generated /home/runner/work/sonar-analysis/sonar-analysis/project/camel-core/target/generated/camel/components/META-INF/services/org/apache/camel/component.properties containing 26 Camel components: vm browse mock dataformat saga binding controlbus seda rest-api bean scheduler validator log class file xslt direct timer properties dataset language rest stub direct-vm test ref
[INFO] 
[INFO] --- resources:3.0.2:resources (default-resources) @ camel-core ---
[INFO] Using 'UTF-8' encoding to copy filtered resources.
[INFO] Copying 64 resources
[INFO] Copying 3 resources
[INFO] Copying 1 resource
[INFO] 
[INFO] --- compiler:3.8.0:compile (default-compile) @ camel-core ---
[INFO] Changes detected - recompiling the module!
[INFO] Compiling 1785 source files to /home/runner/work/sonar-analysis/sonar-analysis/project/camel-core/target/classes
[INFO] 
[INFO] --- camel-package:2.25.0-SNAPSHOT:generate-eips-list (eips) @ camel-core ---
[INFO] Generated /home/runner/work/sonar-analysis/sonar-analysis/project/camel-core/target/generated/camel/models/META-INF/services/org/apache/camel/model.properties containing 214 Camel models
[INFO] 
[INFO] --- camel-package:2.25.0-SNAPSHOT:generate-dataformats-list (dataformats) @ camel-core ---
[INFO] Generated /home/runner/work/sonar-analysis/sonar-analysis/project/camel-core/target/generated/camel/dataformats/META-INF/services/org/apache/camel/dataformat.properties containing 4 Camel dataformats: string zip serialization gzip
[INFO] 
[INFO] --- camel-package:2.25.0-SNAPSHOT:generate-languages-list (languages) @ camel-core ---
[INFO] Generated /home/runner/work/sonar-analysis/sonar-analysis/project/camel-core/target/generated/camel/languages/META-INF/services/org/apache/camel/language.properties containing 10 Camel languages: tokenize constant bean header xtokenize file exchangeProperty simple xpath ref
[INFO] 
[INFO] --- resources:3.0.2:testResources (default-testResources) @ camel-core ---
[INFO] Using 'UTF-8' encoding to copy filtered resources.
[INFO] Copying 155 resources
[INFO] Copying 3 resources
[INFO] 
[INFO] --- compiler:3.8.0:testCompile (default-testCompile) @ camel-core ---
[INFO] Changes detected - recompiling the module!
[INFO] Compiling 2739 source files to /home/runner/work/sonar-analysis/sonar-analysis/project/camel-core/target/test-classes
[INFO] 
[INFO] --- surefire:2.22.1:test (default-test) @ camel-core ---
[INFO] Tests are skipped.
[INFO] 
[INFO] --- bundle:3.5.1:manifest (bundle-manifest) @ camel-core ---
[WARNING] Manifest org.apache.camel:camel-core:jar:2.25.0-SNAPSHOT : Unused Import-Package instructions: [org.apache.camel.tools.*, org.springframework.ws.*, org.springframework.xml.*, org.springframework.*, org.apache.cxf.*, org.apache.qpid.*, org.apache.abdera.*, org.apache.commons.httpclient.*, org.apache.velocity.*, org.apache.xmlbeans.*, org.eclipse.jetty.*, com.thoughtworks.xstream.*, org.antlr.stringtemplate.*, org.ccil.cowan.tagsoup.*, org.mortbay.cometd.*, net.sf.flatpack.*, net.sf.saxon.*, freemarker.*, javax.persistence.*, org.apache.lucene.*, org.apache.solr.*] 
[INFO] 
[INFO] --- camel-package:2.25.0-SNAPSHOT:validate-components (validate) @ camel-core ---
[INFO] Validation complete
[INFO] 
[INFO] --- camel-package:2.25.0-SNAPSHOT:prepare-spring-boot-starter (validate) @ camel-core ---
[INFO] Spring-Boot-Starter: starter dir for the component is: /home/runner/work/sonar-analysis/sonar-analysis/project/platforms/spring-boot/components-starter/camel-core-starter
[INFO] Reusing the existing pom.xml for the starter
[INFO] 
[INFO] --- camel-package:2.25.0-SNAPSHOT:prepare-spring-boot-auto-configuration (validate) @ camel-core ---
[INFO] 
[INFO] --- jar:3.0.2:jar (default-jar) @ camel-core ---
[INFO] Building jar: /home/runner/work/sonar-analysis/sonar-analysis/project/camel-core/target/camel-core-2.25.0-SNAPSHOT.jar
[INFO] 
[INFO] --- site:3.7.1:attach-descriptor (attach-descriptor) @ camel-core ---
[INFO] Skipping because packaging 'jar' is not pom.
[INFO] 
[INFO] --- shade:3.2.0:shade (default) @ camel-core ---
[INFO] Artifact com.google.guava:guava:jar:19.0 is present in the local repository, but cached from a remote repository ID that is unavailable in current build context, verifying that is downloadable from [apache.snapshots (https://repository.apache.org/snapshots/, default, snapshots), central (https://repo.maven.apache.org/maven2, default, releases)]
[INFO] Artifact com.google.guava:guava:jar:19.0 is present in the local repository, but cached from a remote repository ID that is unavailable in current build context, verifying that is downloadable from [apache.snapshots (https://repository.apache.org/snapshots/, default, snapshots), central (https://repo.maven.apache.org/maven2, default, releases)]
[INFO] Including org.apache.camel:spi-annotations:jar:2.25.0-SNAPSHOT in the shaded jar.
[INFO] Including com.github.ben-manes.caffeine:caffeine:jar:2.6.2 in the shaded jar.
[INFO] Including org.apache.camel:json-simple-ordered:jar:2.25.0-SNAPSHOT in the shaded jar.
[INFO] Excluding org.slf4j:slf4j-api:jar:1.7.26 from the shaded jar.
[INFO] Excluding com.sun.xml.bind:jaxb-core:jar:2.3.0 from the shaded jar.
[INFO] Excluding com.sun.xml.bind:jaxb-impl:jar:2.3.0 from the shaded jar.
[INFO] Replacing original artifact with shaded artifact.
[INFO] Replacing /home/runner/work/sonar-analysis/sonar-analysis/project/camel-core/target/camel-core-2.25.0-SNAPSHOT.jar with /home/runner/work/sonar-analysis/sonar-analysis/project/camel-core/target/camel-core-2.25.0-SNAPSHOT-shaded.jar
[INFO] Dependency-reduced POM written at: /home/runner/work/sonar-analysis/sonar-analysis/project/camel-core/dependency-reduced-pom.xml
[INFO] 
[INFO] --- antrun:1.6:run (include-metadata) @ camel-core ---
[INFO] Artifact com.sun.xml.bind:jaxb-impl:jar:2.3.0 is present in the local repository, but cached from a remote repository ID that is unavailable in current build context, verifying that is downloadable from [apache.snapshots (https://repository.apache.org/snapshots/, default, snapshots), central (https://repo.maven.apache.org/maven2, default, releases)]
[INFO] Artifact com.sun.xml.bind:jaxb-core:jar:2.3.0 is present in the local repository, but cached from a remote repository ID that is unavailable in current build context, verifying that is downloadable from [apache.snapshots (https://repository.apache.org/snapshots/, default, snapshots), central (https://repo.maven.apache.org/maven2, default, releases)]
[INFO] Artifact com.sun.xml.bind:jaxb-impl:jar:2.3.0 is present in the local repository, but cached from a remote repository ID that is unavailable in current build context, verifying that is downloadable from [apache.snapshots (https://repository.apache.org/snapshots/, default, snapshots), central (https://repo.maven.apache.org/maven2, default, releases)]
[INFO] Artifact com.sun.xml.bind:jaxb-core:jar:2.3.0 is present in the local repository, but cached from a remote repository ID that is unavailable in current build context, verifying that is downloadable from [apache.snapshots (https://repository.apache.org/snapshots/, default, snapshots), central (https://repo.maven.apache.org/maven2, default, releases)]
[INFO] Executing tasks

main:
     [echo] Including metadata properties files in camel-core.jar
      [jar] Updating jar: /home/runner/work/sonar-analysis/sonar-analysis/project/camel-core/target/camel-core-2.25.0-SNAPSHOT.jar
[INFO] Executed tasks
[INFO] 
[INFO] --- jar:3.0.2:test-jar (default) @ camel-core ---
[INFO] Building jar: /home/runner/work/sonar-analysis/sonar-analysis/project/camel-core/target/camel-core-2.25.0-SNAPSHOT-tests.jar
[INFO] 
[INFO] --- camel-package:2.25.0-SNAPSHOT:update-readme (readme) @ camel-core ---
[INFO] 
[INFO] --- install:2.5.2:install (default-install) @ camel-core ---
[INFO] Installing /home/runner/work/sonar-analysis/sonar-analysis/project/camel-core/target/camel-core-2.25.0-SNAPSHOT.jar to /home/runner/.m2/repository/org/apache/camel/camel-core/2.25.0-SNAPSHOT/camel-core-2.25.0-SNAPSHOT.jar
[INFO] Installing /home/runner/work/sonar-analysis/sonar-analysis/project/camel-core/dependency-reduced-pom.xml to /home/runner/.m2/repository/org/apache/camel/camel-core/2.25.0-SNAPSHOT/camel-core-2.25.0-SNAPSHOT.pom
[INFO] Installing /home/runner/work/sonar-analysis/sonar-analysis/project/camel-core/target/camel-core-2.25.0-SNAPSHOT-tests.jar to /home/runner/.m2/repository/org/apache/camel/camel-core/2.25.0-SNAPSHOT/camel-core-2.25.0-SNAPSHOT-tests.jar
[INFO] 
[INFO] --------------------< org.apache.camel:components >---------------------
[INFO] Building Camel :: Components 2.25.0-SNAPSHOT                    [15/807]
[INFO]   from components/pom.xml
[INFO] --------------------------------[ pom ]---------------------------------
[INFO] 
[INFO] --- clean:3.1.0:clean (default-clean) @ components ---
[INFO] 
[INFO] --- enforcer:1.4.1:enforce (enforce-maven-version) @ components ---
[INFO] Skipping Rule Enforcement.
[INFO] 
[INFO] --- enforcer:1.4.1:enforce (enforce-maven) @ components ---
[INFO] Skipping Rule Enforcement.
[INFO] 
[INFO] --- bundle:3.5.1:cleanVersions (versions) @ components ---
[INFO] 
[INFO] --- remote-resources:1.5:process (process-resource-bundles) @ components ---
[INFO] 
[INFO] --- camel-package:2.25.0-SNAPSHOT:prepare-components (prepare) @ components ---
[INFO] Generated /home/runner/work/sonar-analysis/sonar-analysis/project/components/target/generated/camel/others/META-INF/services/org/apache/camel/other.properties
[INFO] 
[INFO] --- bundle:3.5.1:manifest (bundle-manifest) @ components ---
[WARNING] Ignoring project type pom - supportedProjectTypes = [jar, bundle]
[INFO] 
[INFO] --- camel-package:2.25.0-SNAPSHOT:validate-components (validate) @ components ---
[INFO] Validation complete
[INFO] 
[INFO] --- camel-package:2.25.0-SNAPSHOT:prepare-spring-boot-starter (validate) @ components ---
[INFO] Spring-Boot-Starter: starter not allowed for module components: skipping.
[INFO] 
[INFO] --- camel-package:2.25.0-SNAPSHOT:prepare-spring-boot-auto-configuration (validate) @ components ---
[INFO] Component auto-configuration will not be created: the starter does not exist
[INFO] 
[INFO] --- site:3.7.1:attach-descriptor (attach-descriptor) @ components ---
[INFO] No site descriptor found: nothing to attach.
[INFO] 
[INFO] --- camel-package:2.25.0-SNAPSHOT:update-readme (readme) @ components ---
[INFO] 
[INFO] --- install:2.5.2:install (default-install) @ components ---
[INFO] Installing /home/runner/work/sonar-analysis/sonar-analysis/project/components/pom.xml to /home/runner/.m2/repository/org/apache/camel/components/2.25.0-SNAPSHOT/components-2.25.0-SNAPSHOT.pom
[INFO] 
[INFO] --------------------< org.apache.camel:camel-test >---------------------
[INFO] Building Camel :: Test 2.25.0-SNAPSHOT                          [16/807]
[INFO]   from components/camel-test/pom.xml
[INFO] --------------------------------[ jar ]---------------------------------
[INFO] 
[INFO] --- clean:3.1.0:clean (default-clean) @ camel-test ---
[INFO] 
[INFO] --- enforcer:1.4.1:enforce (enforce-maven-version) @ camel-test ---
[INFO] Skipping Rule Enforcement.
[INFO] 
[INFO] --- enforcer:1.4.1:enforce (enforce-maven) @ camel-test ---
[INFO] Skipping Rule Enforcement.
[INFO] 
[INFO] --- bundle:3.5.1:cleanVersions (versions) @ camel-test ---
[INFO] 
[INFO] --- remote-resources:1.5:process (process-resource-bundles) @ camel-test ---
[INFO] 
[INFO] --- camel-package:2.25.0-SNAPSHOT:prepare-components (prepare) @ camel-test ---
[INFO] Generated /home/runner/work/sonar-analysis/sonar-analysis/project/components/camel-test/target/generated/camel/others/META-INF/services/org/apache/camel/other.properties
[INFO] 
[INFO] --- resources:3.0.2:resources (default-resources) @ camel-test ---
[INFO] Using 'UTF-8' encoding to copy filtered resources.
[INFO] Copying 2 resources
[INFO] Copying 3 resources
[INFO] skip non existing resourceDirectory /home/runner/work/sonar-analysis/sonar-analysis/project/components/camel-test/target/generated/camel/components
[INFO] skip non existing resourceDirectory /home/runner/work/sonar-analysis/sonar-analysis/project/components/camel-test/target/generated/camel/dataformats
[INFO] skip non existing resourceDirectory /home/runner/work/sonar-analysis/sonar-analysis/project/components/camel-test/target/generated/camel/languages
[INFO] Copying 1 resource
[INFO] 
[INFO] --- compiler:3.8.0:compile (default-compile) @ camel-test ---
[INFO] Changes detected - recompiling the module!
[INFO] Compiling 9 source files to /home/runner/work/sonar-analysis/sonar-analysis/project/components/camel-test/target/classes
[INFO] 
[INFO] --- resources:3.0.2:testResources (default-testResources) @ camel-test ---
[INFO] Using 'UTF-8' encoding to copy filtered resources.
[INFO] Copying 2 resources
[INFO] Copying 3 resources
[INFO] 
[INFO] --- compiler:3.8.0:testCompile (default-testCompile) @ camel-test ---
[INFO] Changes detected - recompiling the module!
[INFO] Compiling 25 source files to /home/runner/work/sonar-analysis/sonar-analysis/project/components/camel-test/target/test-classes
[INFO] 
[INFO] --- surefire:2.22.1:test (default-test) @ camel-test ---
[INFO] Tests are skipped.
[INFO] 
[INFO] --- bundle:3.5.1:manifest (bundle-manifest) @ camel-test ---
[WARNING] Manifest org.apache.camel:camel-test:jar:2.25.0-SNAPSHOT : Unused Import-Package instructions: [org.springframework.ws.*, org.springframework.xml.*, org.springframework.*, org.apache.cxf.*, org.apache.qpid.*, org.apache.abdera.*, org.apache.commons.httpclient.*, org.apache.velocity.*, org.apache.xmlbeans.*, org.eclipse.jetty.*, com.thoughtworks.xstream.*, org.antlr.stringtemplate.*, org.ccil.cowan.tagsoup.*, org.mortbay.cometd.*, net.sf.flatpack.*, net.sf.saxon.*, freemarker.*, javax.persistence.*, org.apache.lucene.*, org.apache.solr.*] 
[INFO] 
[INFO] --- camel-package:2.25.0-SNAPSHOT:validate-components (validate) @ camel-test ---
[INFO] Validation complete
[INFO] 
[INFO] --- camel-package:2.25.0-SNAPSHOT:prepare-spring-boot-starter (validate) @ camel-test ---
[INFO] Spring-Boot-Starter: starter not allowed for module camel-test: skipping.
[INFO] 
[INFO] --- camel-package:2.25.0-SNAPSHOT:prepare-spring-boot-auto-configuration (validate) @ camel-test ---
[INFO] Component auto-configuration will not be created: the starter does not exist
[INFO] 
[INFO] --- jar:3.0.2:jar (default-jar) @ camel-test ---
[INFO] Building jar: /home/runner/work/sonar-analysis/sonar-analysis/project/components/camel-test/target/camel-test-2.25.0-SNAPSHOT.jar
[INFO] 
[INFO] --- site:3.7.1:attach-descriptor (attach-descriptor) @ camel-test ---
[INFO] Skipping because packaging 'jar' is not pom.
[INFO] 
[INFO] --- camel-package:2.25.0-SNAPSHOT:update-readme (readme) @ camel-test ---
[INFO] 
[INFO] --- install:2.5.2:install (default-install) @ camel-test ---
[INFO] Installing /home/runner/work/sonar-analysis/sonar-analysis/project/components/camel-test/target/camel-test-2.25.0-SNAPSHOT.jar to /home/runner/.m2/repository/org/apache/camel/camel-test/2.25.0-SNAPSHOT/camel-test-2.25.0-SNAPSHOT.jar
[INFO] Installing /home/runner/work/sonar-analysis/sonar-analysis/project/components/camel-test/pom.xml to /home/runner/.m2/repository/org/apache/camel/camel-test/2.25.0-SNAPSHOT/camel-test-2.25.0-SNAPSHOT.pom
[INFO] 
[INFO] ------------------< org.apache.camel:camel-core-xml >-------------------
[INFO] Building Camel :: Core XML 2.25.0-SNAPSHOT                      [17/807]
[INFO]   from components/camel-core-xml/pom.xml
[INFO] --------------------------------[ jar ]---------------------------------
[INFO] 
[INFO] --- clean:3.1.0:clean (default-clean) @ camel-core-xml ---
[INFO] 
[INFO] --- enforcer:1.4.1:enforce (enforce-maven-version) @ camel-core-xml ---
[INFO] Skipping Rule Enforcement.
[INFO] 
[INFO] --- enforcer:1.4.1:enforce (enforce-maven) @ camel-core-xml ---
[INFO] Skipping Rule Enforcement.
[INFO] 
[INFO] --- bundle:3.5.1:cleanVersions (versions) @ camel-core-xml ---
[INFO] 
[INFO] --- remote-resources:1.5:process (process-resource-bundles) @ camel-core-xml ---
[INFO] 
[INFO] --- camel-package:2.25.0-SNAPSHOT:prepare-components (prepare) @ camel-core-xml ---
[INFO] Generated /home/runner/work/sonar-analysis/sonar-analysis/project/components/camel-core-xml/target/generated/camel/others/META-INF/services/org/apache/camel/other.properties
[INFO] 
[INFO] --- resources:3.0.2:resources (default-resources) @ camel-core-xml ---
[INFO] Using 'UTF-8' encoding to copy filtered resources.
[INFO] Copying 4 resources
[INFO] Copying 3 resources
[INFO] skip non existing resourceDirectory /home/runner/work/sonar-analysis/sonar-analysis/project/components/camel-core-xml/target/generated/camel/components
[INFO] skip non existing resourceDirectory /home/runner/work/sonar-analysis/sonar-analysis/project/components/camel-core-xml/target/generated/camel/dataformats
[INFO] skip non existing resourceDirectory /home/runner/work/sonar-analysis/sonar-analysis/project/components/camel-core-xml/target/generated/camel/languages
[INFO] Copying 1 resource
[INFO] 
[INFO] --- compiler:3.8.0:compile (default-compile) @ camel-core-xml ---
[INFO] Changes detected - recompiling the module!
[INFO] Compiling 31 source files to /home/runner/work/sonar-analysis/sonar-analysis/project/components/camel-core-xml/target/classes
[INFO] 
[INFO] --- resources:3.0.2:testResources (default-testResources) @ camel-core-xml ---
[INFO] Using 'UTF-8' encoding to copy filtered resources.
[INFO] skip non existing resourceDirectory /home/runner/work/sonar-analysis/sonar-analysis/project/components/camel-core-xml/src/test/resources
[INFO] Copying 3 resources
[INFO] 
[INFO] --- compiler:3.8.0:testCompile (default-testCompile) @ camel-core-xml ---
[INFO] Changes detected - recompiling the module!
[INFO] Compiling 1 source file to /home/runner/work/sonar-analysis/sonar-analysis/project/components/camel-core-xml/target/test-classes
[INFO] 
[INFO] --- surefire:2.22.1:test (default-test) @ camel-core-xml ---
[INFO] Tests are skipped.
[INFO] 
[INFO] --- bundle:3.5.1:manifest (bundle-manifest) @ camel-core-xml ---
[WARNING] Manifest org.apache.camel:camel-core-xml:jar:2.25.0-SNAPSHOT : Unused Import-Package instructions: [org.springframework.ws.*, org.springframework.xml.*, org.springframework.*, org.apache.cxf.*, org.apache.qpid.*, org.apache.abdera.*, org.apache.commons.httpclient.*, org.apache.velocity.*, org.apache.xmlbeans.*, org.eclipse.jetty.*, com.thoughtworks.xstream.*, org.antlr.stringtemplate.*, org.ccil.cowan.tagsoup.*, org.mortbay.cometd.*, net.sf.flatpack.*, net.sf.saxon.*, freemarker.*, javax.persistence.*, org.apache.lucene.*, org.apache.solr.*] 
[INFO] 
[INFO] --- camel-package:2.25.0-SNAPSHOT:validate-components (validate) @ camel-core-xml ---
[INFO] Validation complete
[INFO] 
[INFO] --- camel-package:2.25.0-SNAPSHOT:prepare-spring-boot-starter (validate) @ camel-core-xml ---
[INFO] Spring-Boot-Starter: starter not allowed for module camel-core-xml: skipping.
[INFO] 
[INFO] --- camel-package:2.25.0-SNAPSHOT:prepare-spring-boot-auto-configuration (validate) @ camel-core-xml ---
[INFO] Component auto-configuration will not be created: the starter does not exist
[INFO] 
[INFO] --- jar:3.0.2:jar (default-jar) @ camel-core-xml ---
[INFO] Building jar: /home/runner/work/sonar-analysis/sonar-analysis/project/components/camel-core-xml/target/camel-core-xml-2.25.0-SNAPSHOT.jar
[INFO] 
[INFO] --- site:3.7.1:attach-descriptor (attach-descriptor) @ camel-core-xml ---
[INFO] Skipping because packaging 'jar' is not pom.
[INFO] 
[INFO] --- camel-package:2.25.0-SNAPSHOT:update-readme (readme) @ camel-core-xml ---
[INFO] 
[INFO] --- install:2.5.2:install (default-install) @ camel-core-xml ---
[INFO] Installing /home/runner/work/sonar-analysis/sonar-analysis/project/components/camel-core-xml/target/camel-core-xml-2.25.0-SNAPSHOT.jar to /home/runner/.m2/repository/org/apache/camel/camel-core-xml/2.25.0-SNAPSHOT/camel-core-xml-2.25.0-SNAPSHOT.jar
[INFO] Installing /home/runner/work/sonar-analysis/sonar-analysis/project/components/camel-core-xml/pom.xml to /home/runner/.m2/repository/org/apache/camel/camel-core-xml/2.25.0-SNAPSHOT/camel-core-xml-2.25.0-SNAPSHOT.pom
[INFO] 
[INFO] ---< org.apache.camel:camel-eip-documentation-enricher-maven-plugin >---
[INFO] Building Camel :: Maven Plugins :: Camel EIP Documentation Enricher Plugin 2.25.0-SNAPSHOT [18/807]
[INFO]   from tooling/maven/camel-eip-documentation-enricher-maven-plugin/pom.xml
[INFO] ----------------------------[ maven-plugin ]----------------------------
[INFO] 
[INFO] --- clean:3.1.0:clean (default-clean) @ camel-eip-documentation-enricher-maven-plugin ---
[INFO] 
[INFO] --- enforcer:1.4.1:enforce (enforce-maven-version) @ camel-eip-documentation-enricher-maven-plugin ---
[INFO] Skipping Rule Enforcement.
[INFO] 
[INFO] --- enforcer:1.4.1:enforce (enforce-maven) @ camel-eip-documentation-enricher-maven-plugin ---
[INFO] Skipping Rule Enforcement.
[INFO] 
[INFO] --- plugin:3.3:helpmojo (help-goal) @ camel-eip-documentation-enricher-maven-plugin ---
[INFO] Artifact org.apache.maven.plugin-tools:maven-plugin-annotations:jar:3.3 is present in the local repository, but cached from a remote repository ID that is unavailable in current build context, verifying that is downloadable from [apache.snapshots (https://repository.apache.org/snapshots/, default, snapshots), central (https://repo.maven.apache.org/maven2, default, releases)]
[INFO] Artifact org.apache.maven.plugin-tools:maven-plugin-annotations:jar:3.3 is present in the local repository, but cached from a remote repository ID that is unavailable in current build context, verifying that is downloadable from [apache.snapshots (https://repository.apache.org/snapshots/, default, snapshots), central (https://repo.maven.apache.org/maven2, default, releases)]
[INFO] Using 'UTF-8' encoding to read mojo metadata.
[INFO] Applying mojo extractor for language: java
[INFO] Mojo extractor for language: java found 0 mojo descriptors.
[INFO] Applying mojo extractor for language: bsh
[INFO] Mojo extractor for language: bsh found 0 mojo descriptors.
[INFO] Applying mojo extractor for language: java-annotations
[INFO] Mojo extractor for language: java-annotations found 0 mojo descriptors.
[INFO] 
[INFO] --- remote-resources:1.5:process (process-resource-bundles) @ camel-eip-documentation-enricher-maven-plugin ---
[INFO] 
[INFO] --- resources:3.0.2:resources (default-resources) @ camel-eip-documentation-enricher-maven-plugin ---
[INFO] Using 'UTF-8' encoding to copy filtered resources.
[INFO] Copying 2 resources
[INFO] Copying 3 resources
[INFO] 
[INFO] --- compiler:3.8.0:compile (default-compile) @ camel-eip-documentation-enricher-maven-plugin ---
[INFO] Changes detected - recompiling the module!
[INFO] Compiling 8 source files to /home/runner/work/sonar-analysis/sonar-analysis/project/tooling/maven/camel-eip-documentation-enricher-maven-plugin/target/classes
[INFO] 
[INFO] --- plugin:3.3:descriptor (default-descriptor) @ camel-eip-documentation-enricher-maven-plugin ---
[INFO] Using 'UTF-8' encoding to read mojo metadata.
[INFO] Applying mojo extractor for language: java
[INFO] Mojo extractor for language: java found 0 mojo descriptors.
[INFO] Applying mojo extractor for language: bsh
[INFO] Mojo extractor for language: bsh found 0 mojo descriptors.
[INFO] Applying mojo extractor for language: java-annotations
[INFO] Mojo extractor for language: java-annotations found 2 mojo descriptors.
[INFO] 
[INFO] --- plugin:3.3:descriptor (mojo-descriptor) @ camel-eip-documentation-enricher-maven-plugin ---
[INFO] Using 'UTF-8' encoding to read mojo metadata.
[INFO] Applying mojo extractor for language: java
[INFO] Mojo extractor for language: java found 0 mojo descriptors.
[INFO] Applying mojo extractor for language: bsh
[INFO] Mojo extractor for language: bsh found 0 mojo descriptors.
[INFO] Applying mojo extractor for language: java-annotations
[INFO] Mojo extractor for language: java-annotations found 2 mojo descriptors.
[INFO] 
[INFO] --- resources:3.0.2:testResources (default-testResources) @ camel-eip-documentation-enricher-maven-plugin ---
[INFO] Using 'UTF-8' encoding to copy filtered resources.
[INFO] Copying 14 resources
[INFO] Copying 3 resources
[INFO] 
[INFO] --- compiler:3.8.0:testCompile (default-testCompile) @ camel-eip-documentation-enricher-maven-plugin ---
[INFO] Changes detected - recompiling the module!
[INFO] Compiling 7 source files to /home/runner/work/sonar-analysis/sonar-analysis/project/tooling/maven/camel-eip-documentation-enricher-maven-plugin/target/test-classes
[INFO] 
[INFO] --- surefire:2.22.1:test (default-test) @ camel-eip-documentation-enricher-maven-plugin ---
[INFO] Tests are skipped.
[INFO] 
[INFO] --- jar:3.0.2:jar (default-jar) @ camel-eip-documentation-enricher-maven-plugin ---
[INFO] Building jar: /home/runner/work/sonar-analysis/sonar-analysis/project/tooling/maven/camel-eip-documentation-enricher-maven-plugin/target/camel-eip-documentation-enricher-maven-plugin-2.25.0-SNAPSHOT.jar
[INFO] 
[INFO] --- site:3.7.1:attach-descriptor (attach-descriptor) @ camel-eip-documentation-enricher-maven-plugin ---
[INFO] Skipping because packaging 'maven-plugin' is not pom.
[INFO] 
[INFO] --- install:2.5.2:install (default-install) @ camel-eip-documentation-enricher-maven-plugin ---
[INFO] Installing /home/runner/work/sonar-analysis/sonar-analysis/project/tooling/maven/camel-eip-documentation-enricher-maven-plugin/target/camel-eip-documentation-enricher-maven-plugin-2.25.0-SNAPSHOT.jar to /home/runner/.m2/repository/org/apache/camel/camel-eip-documentation-enricher-maven-plugin/2.25.0-SNAPSHOT/camel-eip-documentation-enricher-maven-plugin-2.25.0-SNAPSHOT.jar
[INFO] Installing /home/runner/work/sonar-analysis/sonar-analysis/project/tooling/maven/camel-eip-documentation-enricher-maven-plugin/pom.xml to /home/runner/.m2/repository/org/apache/camel/camel-eip-documentation-enricher-maven-plugin/2.25.0-SNAPSHOT/camel-eip-documentation-enricher-maven-plugin-2.25.0-SNAPSHOT.pom
[INFO] 
[INFO] -------------------< org.apache.camel:camel-spring >--------------------
[INFO] Building Camel :: Spring 2.25.0-SNAPSHOT                        [19/807]
[INFO]   from components/camel-spring/pom.xml
[INFO] --------------------------------[ jar ]---------------------------------
[INFO] 
[INFO] --- clean:3.1.0:clean (default-clean) @ camel-spring ---
[INFO] 
[INFO] --- enforcer:1.4.1:enforce (enforce-maven-version) @ camel-spring ---
[INFO] Skipping Rule Enforcement.
[INFO] 
[INFO] --- enforcer:1.4.1:enforce (enforce-maven) @ camel-spring ---
[INFO] Skipping Rule Enforcement.
[INFO] 
[INFO] --- bundle:3.5.1:cleanVersions (versions) @ camel-spring ---
[INFO] 
[INFO] --- antrun:1.6:run (store-camel-schema-version-in-file) @ camel-spring ---
[INFO] Executing tasks

main:
[INFO] Executed tasks
[INFO] 
[INFO] --- properties:1.0-alpha-2:read-project-properties (init-camel-schema-version-property-from-file) @ camel-spring ---
[INFO] 
[INFO] --- remote-resources:1.5:process (process-resource-bundles) @ camel-spring ---
[INFO] 
[INFO] --- camel-package:2.25.0-SNAPSHOT:prepare-components (prepare) @ camel-spring ---
[INFO] Generated /home/runner/work/sonar-analysis/sonar-analysis/project/components/camel-spring/target/generated/camel/components/META-INF/services/org/apache/camel/component.properties containing 1 Camel component: spring-event
[INFO] Generated /home/runner/work/sonar-analysis/sonar-analysis/project/components/camel-spring/target/generated/camel/languages/META-INF/services/org/apache/camel/language.properties containing 1 Camel language: spel
[INFO] 
[INFO] --- resources:3.0.2:resources (default-resources) @ camel-spring ---
[INFO] Using 'UTF-8' encoding to copy filtered resources.
[INFO] skip non existing resourceDirectory /home/runner/work/sonar-analysis/sonar-analysis/project/components/camel-spring/target/schema
[INFO] Copying 10 resources
[INFO] Copying 3 resources
[INFO] Copying 1 resource
[INFO] skip non existing resourceDirectory /home/runner/work/sonar-analysis/sonar-analysis/project/components/camel-spring/target/generated/camel/dataformats
[INFO] Copying 1 resource
[INFO] 
[INFO] --- compiler:3.8.0:compile (default-compile) @ camel-spring ---
[INFO] Changes detected - recompiling the module!
[INFO] Compiling 57 source files to /home/runner/work/sonar-analysis/sonar-analysis/project/components/camel-spring/target/classes
[INFO] 
[INFO] --- antrun:1.6:run (generate-sources) @ camel-spring ---
[INFO] Executing tasks

main:
     [echo] Copying code together for the XSD generation
    [mkdir] Created dir: /home/runner/work/sonar-analysis/sonar-analysis/project/components/camel-spring/target/schema-src
     [copy] Copying 339 files to /home/runner/work/sonar-analysis/sonar-analysis/project/components/camel-spring/target/schema-src
[INFO] Executed tasks
[INFO] 
[INFO] --- jaxb2:2.3.1:schemagen (generate schema) @ camel-spring ---
[INFO] 
[INFO] --- resources:3.0.2:testResources (default-testResources) @ camel-spring ---
[INFO] Using 'UTF-8' encoding to copy filtered resources.
[INFO] Copying 712 resources
[INFO] Copying 3 resources
[INFO] 
[INFO] --- camel-eip-documentation-enricher:2.25.0-SNAPSHOT:eip-documentation-enricher (eip-documentation-enricher) @ camel-spring ---
[INFO] Found 236 models to use when enriching the XSD schema
[INFO] 
[INFO] --- compiler:3.8.0:testCompile (default-testCompile) @ camel-spring ---
[INFO] Changes detected - recompiling the module!
[INFO] Compiling 848 source files to /home/runner/work/sonar-analysis/sonar-analysis/project/components/camel-spring/target/test-classes
[INFO] 
[INFO] --- antrun:1.6:run (Create JAR for test) @ camel-spring ---
[INFO] Executing tasks

main:
     [echo] Create some jars for testing
      [jar] Building jar: /home/runner/work/sonar-analysis/sonar-analysis/project/components/camel-spring/target/test-classes/package+scan+test.jar
     [copy] Copying 1 file to /home/runner/work/sonar-analysis/sonar-analysis/project/components/camel-spring/target/test-classes
[INFO] Executed tasks
[INFO] 
[INFO] --- surefire:2.22.1:test (default-test) @ camel-spring ---
[INFO] Tests are skipped.
[INFO] 
[INFO] --- antrun:1.6:run (include-schemas) @ camel-spring ---
[INFO] Executing tasks

main:
     [echo] Copying XSD schema to be included in JAR
     [copy] Copying 1 file to /home/runner/work/sonar-analysis/sonar-analysis/project/components/camel-spring/target/schema
     [copy] Copying 1 file to /home/runner/work/sonar-analysis/sonar-analysis/project/components/camel-spring/target/schema
     [copy] Copying 3 files to /home/runner/work/sonar-analysis/sonar-analysis/project/components/camel-spring/target/classes
[INFO] Executed tasks
[INFO] 
[INFO] --- dependency:2.10:unpack (unpack) @ camel-spring ---
[INFO] Configured Artifact: org.apache.camel:camel-core-xml:2.25.0-SNAPSHOT:jar
[INFO] Unpacking /home/runner/work/sonar-analysis/sonar-analysis/project/components/camel-core-xml/target/camel-core-xml-2.25.0-SNAPSHOT.jar to /home/runner/work/sonar-analysis/sonar-analysis/project/components/camel-spring/target/classes with includes "org/apache/camel/**" and excludes ""
[INFO] 
[INFO] --- bundle:3.5.1:manifest (bundle-manifest) @ camel-spring ---
[WARNING] Manifest org.apache.camel:camel-spring:jar:2.25.0-SNAPSHOT : Unused Import-Package instructions: [org.springframework.ws.*, org.springframework.xml.*, org.springframework.*, org.apache.cxf.*, org.apache.qpid.*, org.apache.abdera.*, org.apache.commons.httpclient.*, org.apache.velocity.*, org.apache.xmlbeans.*, org.eclipse.jetty.*, com.thoughtworks.xstream.*, org.antlr.stringtemplate.*, org.ccil.cowan.tagsoup.*, org.mortbay.cometd.*, net.sf.flatpack.*, net.sf.saxon.*, freemarker.*, javax.persistence.*, org.apache.lucene.*, org.apache.solr.*] 
[WARNING] Manifest org.apache.camel:camel-spring:jar:2.25.0-SNAPSHOT : Export org.apache.camel.spring,  has 1,  private references [org.apache.camel.core.xml], 
[WARNING] Manifest org.apache.camel:camel-spring:jar:2.25.0-SNAPSHOT : Export org.apache.camel.util.spring,  has 1,  private references [org.apache.camel.core.xml.util.jsse], 
[INFO] 
[INFO] --- camel-package:2.25.0-SNAPSHOT:validate-components (validate) @ camel-spring ---
[INFO] Validation complete
[INFO] 
[INFO] --- camel-package:2.25.0-SNAPSHOT:prepare-spring-boot-starter (validate) @ camel-spring ---
[INFO] Spring-Boot-Starter: starter dir for the component is: /home/runner/work/sonar-analysis/sonar-analysis/project/platforms/spring-boot/components-starter/camel-spring-starter
[INFO] Reusing the existing pom.xml for the starter
[INFO] 
[INFO] --- camel-package:2.25.0-SNAPSHOT:prepare-spring-boot-auto-configuration (validate) @ camel-spring ---
[INFO] 
[INFO] --- jar:3.0.2:jar (default-jar) @ camel-spring ---
[INFO] Building jar: /home/runner/work/sonar-analysis/sonar-analysis/project/components/camel-spring/target/camel-spring-2.25.0-SNAPSHOT.jar
[INFO] 
[INFO] --- site:3.7.1:attach-descriptor (attach-descriptor) @ camel-spring ---
[INFO] Skipping because packaging 'jar' is not pom.
[INFO] 
[INFO] --- antrun:1.6:run (include-sources) @ camel-spring ---
[INFO] Executing tasks

main:
     [echo] Including source code from camel-core-xml in the camel-spring-sources.jar
      [jar] Building jar: /home/runner/work/sonar-analysis/sonar-analysis/project/components/camel-spring/target/camel-spring-2.25.0-SNAPSHOT-sources.jar
[INFO] Executed tasks
[INFO] 
[INFO] --- camel-package:2.25.0-SNAPSHOT:update-readme (readme) @ camel-spring ---
[INFO] 
[INFO] --- build-helper:1.12:attach-artifact (attach-artifacts) @ camel-spring ---
[INFO] 
[INFO] --- install:2.5.2:install (default-install) @ camel-spring ---
[INFO] Installing /home/runner/work/sonar-analysis/sonar-analysis/project/components/camel-spring/target/camel-spring-2.25.0-SNAPSHOT.jar to /home/runner/.m2/repository/org/apache/camel/camel-spring/2.25.0-SNAPSHOT/camel-spring-2.25.0-SNAPSHOT.jar
[INFO] Installing /home/runner/work/sonar-analysis/sonar-analysis/project/components/camel-spring/pom.xml to /home/runner/.m2/repository/org/apache/camel/camel-spring/2.25.0-SNAPSHOT/camel-spring-2.25.0-SNAPSHOT.pom
[INFO] Installing /home/runner/work/sonar-analysis/sonar-analysis/project/components/camel-spring/target/classes/camel-spring.xsd to /home/runner/.m2/repository/org/apache/camel/camel-spring/2.25.0-SNAPSHOT/camel-spring-2.25.0-SNAPSHOT.xsd
[INFO] 
[INFO] -----------------< org.apache.camel:camel-test-spring >-----------------
[INFO] Building Camel :: Test :: Spring 2.25.0-SNAPSHOT                [20/807]
[INFO]   from components/camel-test-spring/pom.xml
[INFO] --------------------------------[ jar ]---------------------------------
[INFO] 
[INFO] --- clean:3.1.0:clean (default-clean) @ camel-test-spring ---
[INFO] 
[INFO] --- enforcer:1.4.1:enforce (enforce-maven-version) @ camel-test-spring ---
[INFO] Skipping Rule Enforcement.
[INFO] 
[INFO] --- enforcer:1.4.1:enforce (enforce-maven) @ camel-test-spring ---
[INFO] Skipping Rule Enforcement.
[INFO] 
[INFO] --- bundle:3.5.1:cleanVersions (versions) @ camel-test-spring ---
[INFO] 
[INFO] --- remote-resources:1.5:process (process-resource-bundles) @ camel-test-spring ---
[INFO] 
[INFO] --- camel-package:2.25.0-SNAPSHOT:prepare-components (prepare) @ camel-test-spring ---
[INFO] Generated /home/runner/work/sonar-analysis/sonar-analysis/project/components/camel-test-spring/target/generated/camel/others/META-INF/services/org/apache/camel/other.properties
[INFO] 
[INFO] --- resources:3.0.2:resources (default-resources) @ camel-test-spring ---
[INFO] Using 'UTF-8' encoding to copy filtered resources.
[INFO] Copying 2 resources
[INFO] Copying 3 resources
[INFO] skip non existing resourceDirectory /home/runner/work/sonar-analysis/sonar-analysis/project/components/camel-test-spring/target/generated/camel/components
[INFO] skip non existing resourceDirectory /home/runner/work/sonar-analysis/sonar-analysis/project/components/camel-test-spring/target/generated/camel/dataformats
[INFO] skip non existing resourceDirectory /home/runner/work/sonar-analysis/sonar-analysis/project/components/camel-test-spring/target/generated/camel/languages
[INFO] Copying 1 resource
[INFO] 
[INFO] --- compiler:3.8.0:compile (default-compile) @ camel-test-spring ---
[INFO] Changes detected - recompiling the module!
[INFO] Compiling 25 source files to /home/runner/work/sonar-analysis/sonar-analysis/project/components/camel-test-spring/target/classes
[INFO] 
[INFO] --- resources:3.0.2:testResources (default-testResources) @ camel-test-spring ---
[INFO] Using 'UTF-8' encoding to copy filtered resources.
[INFO] Copying 20 resources
[INFO] Copying 3 resources
[INFO] 
[INFO] --- compiler:3.8.0:testCompile (default-testCompile) @ camel-test-spring ---
[INFO] Changes detected - recompiling the module!
[INFO] Compiling 33 source files to /home/runner/work/sonar-analysis/sonar-analysis/project/components/camel-test-spring/target/test-classes
[INFO] 
[INFO] --- surefire:2.22.1:test (default-test) @ camel-test-spring ---
[INFO] Tests are skipped.
[INFO] 
[INFO] --- bundle:3.5.1:manifest (bundle-manifest) @ camel-test-spring ---
[WARNING] Manifest org.apache.camel:camel-test-spring:jar:2.25.0-SNAPSHOT : Unused Import-Package instructions: [org.springframework.ws.*, org.springframework.xml.*, org.apache.cxf.*, org.apache.qpid.*, org.apache.abdera.*, org.apache.commons.httpclient.*, org.apache.velocity.*, org.apache.xmlbeans.*, org.eclipse.jetty.*, com.thoughtworks.xstream.*, org.antlr.stringtemplate.*, org.ccil.cowan.tagsoup.*, org.mortbay.cometd.*, net.sf.flatpack.*, net.sf.saxon.*, freemarker.*, javax.persistence.*, org.apache.lucene.*, org.apache.solr.*] 
[INFO] 
[INFO] --- camel-package:2.25.0-SNAPSHOT:validate-components (validate) @ camel-test-spring ---
[INFO] Validation complete
[INFO] 
[INFO] --- camel-package:2.25.0-SNAPSHOT:prepare-spring-boot-starter (validate) @ camel-test-spring ---
[INFO] Spring-Boot-Starter: starter not allowed for module camel-test-spring: skipping.
[INFO] 
[INFO] --- camel-package:2.25.0-SNAPSHOT:prepare-spring-boot-auto-configuration (validate) @ camel-test-spring ---
[INFO] Component auto-configuration will not be created: the starter does not exist
[INFO] 
[INFO] --- jar:3.0.2:jar (default-jar) @ camel-test-spring ---
[INFO] Building jar: /home/runner/work/sonar-analysis/sonar-analysis/project/components/camel-test-spring/target/camel-test-spring-2.25.0-SNAPSHOT.jar
[INFO] 
[INFO] --- site:3.7.1:attach-descriptor (attach-descriptor) @ camel-test-spring ---
[INFO] Skipping because packaging 'jar' is not pom.
[INFO] 
[INFO] --- camel-package:2.25.0-SNAPSHOT:update-readme (readme) @ camel-test-spring ---
[INFO] 
[INFO] --- install:2.5.2:install (default-install) @ camel-test-spring ---
[INFO] Installing /home/runner/work/sonar-analysis/sonar-analysis/project/components/camel-test-spring/target/camel-test-spring-2.25.0-SNAPSHOT.jar to /home/runner/.m2/repository/org/apache/camel/camel-test-spring/2.25.0-SNAPSHOT/camel-test-spring-2.25.0-SNAPSHOT.jar
[INFO] Installing /home/runner/work/sonar-analysis/sonar-analysis/project/components/camel-test-spring/pom.xml to /home/runner/.m2/repository/org/apache/camel/camel-test-spring/2.25.0-SNAPSHOT/camel-test-spring-2.25.0-SNAPSHOT.pom
[INFO] 
[INFO] --------------< org.apache.camel:camel-spring-javaconfig >--------------
[INFO] Building Camel :: Spring JavaConfig 2.25.0-SNAPSHOT             [21/807]
[INFO]   from components/camel-spring-javaconfig/pom.xml
[INFO] --------------------------------[ jar ]---------------------------------
[INFO] 
[INFO] --- clean:3.1.0:clean (default-clean) @ camel-spring-javaconfig ---
[INFO] 
[INFO] --- enforcer:1.4.1:enforce (enforce-maven-version) @ camel-spring-javaconfig ---
[INFO] Skipping Rule Enforcement.
[INFO] 
[INFO] --- enforcer:1.4.1:enforce (enforce-maven) @ camel-spring-javaconfig ---
[INFO] Skipping Rule Enforcement.
[INFO] 
[INFO] --- bundle:3.5.1:cleanVersions (versions) @ camel-spring-javaconfig ---
[INFO] 
[INFO] --- remote-resources:1.5:process (process-resource-bundles) @ camel-spring-javaconfig ---
[INFO] 
[INFO] --- camel-package:2.25.0-SNAPSHOT:prepare-components (prepare) @ camel-spring-javaconfig ---
[INFO] Generated /home/runner/work/sonar-analysis/sonar-analysis/project/components/camel-spring-javaconfig/target/generated/camel/others/META-INF/services/org/apache/camel/other.properties
[INFO] 
[INFO] --- resources:3.0.2:resources (default-resources) @ camel-spring-javaconfig ---
[INFO] Using 'UTF-8' encoding to copy filtered resources.
[INFO] Copying 2 resources
[INFO] Copying 3 resources
[INFO] skip non existing resourceDirectory /home/runner/work/sonar-analysis/sonar-analysis/project/components/camel-spring-javaconfig/target/generated/camel/components
[INFO] skip non existing resourceDirectory /home/runner/work/sonar-analysis/sonar-analysis/project/components/camel-spring-javaconfig/target/generated/camel/dataformats
[INFO] skip non existing resourceDirectory /home/runner/work/sonar-analysis/sonar-analysis/project/components/camel-spring-javaconfig/target/generated/camel/languages
[INFO] Copying 1 resource
[INFO] 
[INFO] --- compiler:3.8.0:compile (default-compile) @ camel-spring-javaconfig ---
[INFO] Changes detected - recompiling the module!
[INFO] Compiling 5 source files to /home/runner/work/sonar-analysis/sonar-analysis/project/components/camel-spring-javaconfig/target/classes
[INFO] 
[INFO] --- resources:3.0.2:testResources (default-testResources) @ camel-spring-javaconfig ---
[INFO] Using 'UTF-8' encoding to copy filtered resources.
[INFO] Copying 1 resource
[INFO] Copying 3 resources
[INFO] 
[INFO] --- compiler:3.8.0:testCompile (default-testCompile) @ camel-spring-javaconfig ---
[INFO] Changes detected - recompiling the module!
[INFO] Compiling 17 source files to /home/runner/work/sonar-analysis/sonar-analysis/project/components/camel-spring-javaconfig/target/test-classes
[INFO] 
[INFO] --- surefire:2.22.1:test (default-test) @ camel-spring-javaconfig ---
[INFO] Tests are skipped.
[INFO] 
[INFO] --- bundle:3.5.1:manifest (bundle-manifest) @ camel-spring-javaconfig ---
[WARNING] Manifest org.apache.camel:camel-spring-javaconfig:jar:2.25.0-SNAPSHOT : Unused Import-Package instructions: [org.springframework.ws.*, org.springframework.xml.*, org.apache.cxf.*, org.apache.qpid.*, org.apache.abdera.*, org.apache.commons.httpclient.*, org.apache.velocity.*, org.apache.xmlbeans.*, org.eclipse.jetty.*, com.thoughtworks.xstream.*, org.antlr.stringtemplate.*, org.ccil.cowan.tagsoup.*, org.mortbay.cometd.*, net.sf.flatpack.*, net.sf.saxon.*, freemarker.*, javax.persistence.*, org.apache.lucene.*, org.apache.solr.*] 
[INFO] 
[INFO] --- camel-package:2.25.0-SNAPSHOT:validate-components (validate) @ camel-spring-javaconfig ---
[INFO] Validation complete
[INFO] 
[INFO] --- camel-package:2.25.0-SNAPSHOT:prepare-spring-boot-starter (validate) @ camel-spring-javaconfig ---
[INFO] Spring-Boot-Starter: starter dir for the component is: /home/runner/work/sonar-analysis/sonar-analysis/project/platforms/spring-boot/components-starter/camel-spring-javaconfig-starter
[INFO] Reusing the existing pom.xml for the starter
[INFO] 
[INFO] --- camel-package:2.25.0-SNAPSHOT:prepare-spring-boot-auto-configuration (validate) @ camel-spring-javaconfig ---
[INFO] 
[INFO] --- jar:3.0.2:jar (default-jar) @ camel-spring-javaconfig ---
[INFO] Building jar: /home/runner/work/sonar-analysis/sonar-analysis/project/components/camel-spring-javaconfig/target/camel-spring-javaconfig-2.25.0-SNAPSHOT.jar
[INFO] 
[INFO] --- site:3.7.1:attach-descriptor (attach-descriptor) @ camel-spring-javaconfig ---
[INFO] Skipping because packaging 'jar' is not pom.
[INFO] 
[INFO] --- camel-package:2.25.0-SNAPSHOT:update-readme (readme) @ camel-spring-javaconfig ---
[INFO] 
[INFO] --- install:2.5.2:install (default-install) @ camel-spring-javaconfig ---
[INFO] Installing /home/runner/work/sonar-analysis/sonar-analysis/project/components/camel-spring-javaconfig/target/camel-spring-javaconfig-2.25.0-SNAPSHOT.jar to /home/runner/.m2/repository/org/apache/camel/camel-spring-javaconfig/2.25.0-SNAPSHOT/camel-spring-javaconfig-2.25.0-SNAPSHOT.jar
[INFO] Installing /home/runner/work/sonar-analysis/sonar-analysis/project/components/camel-spring-javaconfig/pom.xml to /home/runner/.m2/repository/org/apache/camel/camel-spring-javaconfig/2.25.0-SNAPSHOT/camel-spring-javaconfig-2.25.0-SNAPSHOT.pom
[INFO] 
[INFO] -------------------< org.apache.camel:camel-testng >--------------------
[INFO] Building Camel :: TestNG (deprecated) 2.25.0-SNAPSHOT           [22/807]
[INFO]   from components/camel-testng/pom.xml
[INFO] --------------------------------[ jar ]---------------------------------
[INFO] 
[INFO] --- clean:3.1.0:clean (default-clean) @ camel-testng ---
[INFO] 
[INFO] --- enforcer:1.4.1:enforce (enforce-maven-version) @ camel-testng ---
[INFO] Skipping Rule Enforcement.
[INFO] 
[INFO] --- enforcer:1.4.1:enforce (enforce-maven) @ camel-testng ---
[INFO] Skipping Rule Enforcement.
[INFO] 
[INFO] --- bundle:3.5.1:cleanVersions (versions) @ camel-testng ---
[INFO] 
[INFO] --- remote-resources:1.5:process (process-resource-bundles) @ camel-testng ---
[INFO] 
[INFO] --- camel-package:2.25.0-SNAPSHOT:prepare-components (prepare) @ camel-testng ---
[INFO] Generated /home/runner/work/sonar-analysis/sonar-analysis/project/components/camel-testng/target/generated/camel/others/META-INF/services/org/apache/camel/other.properties
[INFO] 
[INFO] --- resources:3.0.2:resources (default-resources) @ camel-testng ---
[INFO] Using 'UTF-8' encoding to copy filtered resources.
[INFO] Copying 2 resources
[INFO] Copying 3 resources
[INFO] skip non existing resourceDirectory /home/runner/work/sonar-analysis/sonar-analysis/project/components/camel-testng/target/generated/camel/components
[INFO] skip non existing resourceDirectory /home/runner/work/sonar-analysis/sonar-analysis/project/components/camel-testng/target/generated/camel/dataformats
[INFO] skip non existing resourceDirectory /home/runner/work/sonar-analysis/sonar-analysis/project/components/camel-testng/target/generated/camel/languages
[INFO] Copying 1 resource
[INFO] 
[INFO] --- compiler:3.8.0:compile (default-compile) @ camel-testng ---
[INFO] Changes detected - recompiling the module!
[INFO] Compiling 7 source files to /home/runner/work/sonar-analysis/sonar-analysis/project/components/camel-testng/target/classes
[INFO] 
[INFO] --- resources:3.0.2:testResources (default-testResources) @ camel-testng ---
[INFO] Using 'UTF-8' encoding to copy filtered resources.
[INFO] Copying 4 resources
[INFO] Copying 3 resources
[INFO] 
[INFO] --- compiler:3.8.0:testCompile (default-testCompile) @ camel-testng ---
[INFO] Changes detected - recompiling the module!
[INFO] Compiling 25 source files to /home/runner/work/sonar-analysis/sonar-analysis/project/components/camel-testng/target/test-classes
[INFO] 
[INFO] --- surefire:2.22.1:test (default-test) @ camel-testng ---
[INFO] Tests are skipped.
[INFO] 
[INFO] --- bundle:3.5.1:manifest (bundle-manifest) @ camel-testng ---
[WARNING] Manifest org.apache.camel:camel-testng:jar:2.25.0-SNAPSHOT : Unused Import-Package instructions: [org.springframework.ws.*, org.springframework.xml.*, org.apache.cxf.*, org.apache.qpid.*, org.apache.abdera.*, org.apache.commons.httpclient.*, org.apache.velocity.*, org.apache.xmlbeans.*, org.eclipse.jetty.*, com.thoughtworks.xstream.*, org.antlr.stringtemplate.*, org.ccil.cowan.tagsoup.*, org.mortbay.cometd.*, net.sf.flatpack.*, net.sf.saxon.*, freemarker.*, javax.persistence.*, org.apache.lucene.*, org.apache.solr.*] 
[INFO] 
[INFO] --- camel-package:2.25.0-SNAPSHOT:validate-components (validate) @ camel-testng ---
[INFO] Validation complete
[INFO] 
[INFO] --- camel-package:2.25.0-SNAPSHOT:prepare-spring-boot-starter (validate) @ camel-testng ---
[INFO] Spring-Boot-Starter: starter not allowed for module camel-testng: skipping.
[INFO] 
[INFO] --- camel-package:2.25.0-SNAPSHOT:prepare-spring-boot-auto-configuration (validate) @ camel-testng ---
[INFO] Component auto-configuration will not be created: the starter does not exist
[INFO] 
[INFO] --- jar:3.0.2:jar (default-jar) @ camel-testng ---
[INFO] Building jar: /home/runner/work/sonar-analysis/sonar-analysis/project/components/camel-testng/target/camel-testng-2.25.0-SNAPSHOT.jar
[INFO] 
[INFO] --- site:3.7.1:attach-descriptor (attach-descriptor) @ camel-testng ---
[INFO] Skipping because packaging 'jar' is not pom.
[INFO] 
[INFO] --- camel-package:2.25.0-SNAPSHOT:update-readme (readme) @ camel-testng ---
[INFO] 
[INFO] --- install:2.5.2:install (default-install) @ camel-testng ---
[INFO] Installing /home/runner/work/sonar-analysis/sonar-analysis/project/components/camel-testng/target/camel-testng-2.25.0-SNAPSHOT.jar to /home/runner/.m2/repository/org/apache/camel/camel-testng/2.25.0-SNAPSHOT/camel-testng-2.25.0-SNAPSHOT.jar
[INFO] Installing /home/runner/work/sonar-analysis/sonar-analysis/project/components/camel-testng/pom.xml to /home/runner/.m2/repository/org/apache/camel/camel-testng/2.25.0-SNAPSHOT/camel-testng-2.25.0-SNAPSHOT.pom
[INFO] 
[INFO] ------------------< org.apache.camel:camel-core-osgi >------------------
[INFO] Building Camel :: Core OSGi 2.25.0-SNAPSHOT                     [23/807]
[INFO]   from components/camel-core-osgi/pom.xml
[INFO] --------------------------------[ jar ]---------------------------------
[INFO] 
[INFO] --- clean:3.1.0:clean (default-clean) @ camel-core-osgi ---
[INFO] 
[INFO] --- enforcer:1.4.1:enforce (enforce-maven-version) @ camel-core-osgi ---
[INFO] Skipping Rule Enforcement.
[INFO] 
[INFO] --- enforcer:1.4.1:enforce (enforce-maven) @ camel-core-osgi ---
[INFO] Skipping Rule Enforcement.
[INFO] 
[INFO] --- bundle:3.5.1:cleanVersions (versions) @ camel-core-osgi ---
[INFO] 
[INFO] --- remote-resources:1.5:process (process-resource-bundles) @ camel-core-osgi ---
[INFO] 
[INFO] --- camel-package:2.25.0-SNAPSHOT:prepare-components (prepare) @ camel-core-osgi ---
[INFO] Generated /home/runner/work/sonar-analysis/sonar-analysis/project/components/camel-core-osgi/target/generated/camel/others/META-INF/services/org/apache/camel/other.properties
[INFO] 
[INFO] --- resources:3.0.2:resources (default-resources) @ camel-core-osgi ---
[INFO] Using 'UTF-8' encoding to copy filtered resources.
[INFO] Copying 2 resources
[INFO] Copying 3 resources
[INFO] skip non existing resourceDirectory /home/runner/work/sonar-analysis/sonar-analysis/project/components/camel-core-osgi/target/generated/camel/components
[INFO] skip non existing resourceDirectory /home/runner/work/sonar-analysis/sonar-analysis/project/components/camel-core-osgi/target/generated/camel/dataformats
[INFO] skip non existing resourceDirectory /home/runner/work/sonar-analysis/sonar-analysis/project/components/camel-core-osgi/target/generated/camel/languages
[INFO] Copying 1 resource
[INFO] 
[INFO] --- compiler:3.8.0:compile (default-compile) @ camel-core-osgi ---
[INFO] Changes detected - recompiling the module!
[INFO] Compiling 18 source files to /home/runner/work/sonar-analysis/sonar-analysis/project/components/camel-core-osgi/target/classes
[INFO] 
[INFO] --- resources:3.0.2:testResources (default-testResources) @ camel-core-osgi ---
[INFO] Using 'UTF-8' encoding to copy filtered resources.
[INFO] Copying 9 resources
[INFO] Copying 3 resources
[INFO] 
[INFO] --- compiler:3.8.0:testCompile (default-testCompile) @ camel-core-osgi ---
[INFO] Changes detected - recompiling the module!
[INFO] Compiling 17 source files to /home/runner/work/sonar-analysis/sonar-analysis/project/components/camel-core-osgi/target/test-classes
[INFO] 
[INFO] --- surefire:2.22.1:test (default-test) @ camel-core-osgi ---
[INFO] Tests are skipped.
[INFO] 
[INFO] --- bundle:3.5.1:manifest (bundle-manifest) @ camel-core-osgi ---
[WARNING] Manifest org.apache.camel:camel-core-osgi:jar:2.25.0-SNAPSHOT : Unused Import-Package instructions: [org.springframework.ws.*, org.springframework.xml.*, org.springframework.*, org.apache.cxf.*, org.apache.qpid.*, org.apache.abdera.*, org.apache.commons.httpclient.*, org.apache.velocity.*, org.apache.xmlbeans.*, org.eclipse.jetty.*, com.thoughtworks.xstream.*, org.antlr.stringtemplate.*, org.ccil.cowan.tagsoup.*, org.mortbay.cometd.*, net.sf.flatpack.*, net.sf.saxon.*, freemarker.*, javax.persistence.*, org.apache.lucene.*, org.apache.solr.*] 
[INFO] 
[INFO] --- camel-package:2.25.0-SNAPSHOT:validate-components (validate) @ camel-core-osgi ---
[INFO] Validation complete
[INFO] 
[INFO] --- camel-package:2.25.0-SNAPSHOT:prepare-spring-boot-starter (validate) @ camel-core-osgi ---
[INFO] Spring-Boot-Starter: starter not allowed for module camel-core-osgi: skipping.
[INFO] 
[INFO] --- camel-package:2.25.0-SNAPSHOT:prepare-spring-boot-auto-configuration (validate) @ camel-core-osgi ---
[INFO] Component auto-configuration will not be created: the starter does not exist
[INFO] 
[INFO] --- jar:3.0.2:jar (default-jar) @ camel-core-osgi ---
[INFO] Building jar: /home/runner/work/sonar-analysis/sonar-analysis/project/components/camel-core-osgi/target/camel-core-osgi-2.25.0-SNAPSHOT.jar
[INFO] 
[INFO] --- site:3.7.1:attach-descriptor (attach-descriptor) @ camel-core-osgi ---
[INFO] Skipping because packaging 'jar' is not pom.
[INFO] 
[INFO] --- camel-package:2.25.0-SNAPSHOT:update-readme (readme) @ camel-core-osgi ---
[INFO] 
[INFO] --- install:2.5.2:install (default-install) @ camel-core-osgi ---
[INFO] Installing /home/runner/work/sonar-analysis/sonar-analysis/project/components/camel-core-osgi/target/camel-core-osgi-2.25.0-SNAPSHOT.jar to /home/runner/.m2/repository/org/apache/camel/camel-core-osgi/2.25.0-SNAPSHOT/camel-core-osgi-2.25.0-SNAPSHOT.jar
[INFO] Installing /home/runner/work/sonar-analysis/sonar-analysis/project/components/camel-core-osgi/pom.xml to /home/runner/.m2/repository/org/apache/camel/camel-core-osgi/2.25.0-SNAPSHOT/camel-core-osgi-2.25.0-SNAPSHOT.pom
[INFO] 
[INFO] ------------------< org.apache.camel:camel-blueprint >------------------
[INFO] Building Camel :: Blueprint 2.25.0-SNAPSHOT                     [24/807]
[INFO]   from components/camel-blueprint/pom.xml
[INFO] --------------------------------[ jar ]---------------------------------
[INFO] 
[INFO] --- clean:3.1.0:clean (default-clean) @ camel-blueprint ---
[INFO] 
[INFO] --- enforcer:1.4.1:enforce (enforce-maven-version) @ camel-blueprint ---
[INFO] Skipping Rule Enforcement.
[INFO] 
[INFO] --- enforcer:1.4.1:enforce (enforce-maven) @ camel-blueprint ---
[INFO] Skipping Rule Enforcement.
[INFO] 
[INFO] --- bundle:3.5.1:cleanVersions (versions) @ camel-blueprint ---
[INFO] 
[INFO] --- remote-resources:1.5:process (process-resource-bundles) @ camel-blueprint ---
[INFO] 
[INFO] --- camel-package:2.25.0-SNAPSHOT:prepare-components (prepare) @ camel-blueprint ---
[INFO] Generated /home/runner/work/sonar-analysis/sonar-analysis/project/components/camel-blueprint/target/generated/camel/others/META-INF/services/org/apache/camel/other.properties
[INFO] 
[INFO] --- resources:3.0.2:resources (default-resources) @ camel-blueprint ---
[INFO] Using 'UTF-8' encoding to copy filtered resources.
[INFO] skip non existing resourceDirectory /home/runner/work/sonar-analysis/sonar-analysis/project/components/camel-blueprint/target/schema
[INFO] Copying 5 resources
[INFO] Copying 3 resources
[INFO] skip non existing resourceDirectory /home/runner/work/sonar-analysis/sonar-analysis/project/components/camel-blueprint/target/generated/camel/components
[INFO] skip non existing resourceDirectory /home/runner/work/sonar-analysis/sonar-analysis/project/components/camel-blueprint/target/generated/camel/dataformats
[INFO] skip non existing resourceDirectory /home/runner/work/sonar-analysis/sonar-analysis/project/components/camel-blueprint/target/generated/camel/languages
[INFO] Copying 1 resource
[INFO] 
[INFO] --- compiler:3.8.0:compile (default-compile) @ camel-blueprint ---
[INFO] Changes detected - recompiling the module!
[INFO] Compiling 35 source files to /home/runner/work/sonar-analysis/sonar-analysis/project/components/camel-blueprint/target/classes
[INFO] 
[INFO] --- antrun:1.8:run (process-sources) @ camel-blueprint ---
[INFO] Executing tasks

main:
     [echo] Copying to code together for the XSD generation
    [mkdir] Created dir: /home/runner/work/sonar-analysis/sonar-analysis/project/components/camel-blueprint/target/schema-src
    [mkdir] Created dir: /home/runner/work/sonar-analysis/sonar-analysis/project/components/camel-blueprint/target/schema
     [copy] Copying 335 files to /home/runner/work/sonar-analysis/sonar-analysis/project/components/camel-blueprint/target/schema-src
[INFO] Executed tasks
[INFO] 
[INFO] --- jaxb2:2.3.1:schemagen (generate-schema) @ camel-blueprint ---
[INFO] 
[INFO] --- resources:3.0.2:testResources (default-testResources) @ camel-blueprint ---
[INFO] Using 'UTF-8' encoding to copy filtered resources.
[INFO] Copying 3 resources
[INFO] Copying 3 resources
[INFO] 
[INFO] --- camel-eip-documentation-enricher:2.25.0-SNAPSHOT:eip-documentation-enricher (eip-documentation-enricher) @ camel-blueprint ---
[INFO] Found 235 models to use when enriching the XSD schema
[INFO] 
[INFO] --- compiler:3.8.0:testCompile (default-testCompile) @ camel-blueprint ---
[INFO] Changes detected - recompiling the module!
[INFO] Compiling 3 source files to /home/runner/work/sonar-analysis/sonar-analysis/project/components/camel-blueprint/target/test-classes
[INFO] 
[INFO] --- surefire:2.22.1:test (default-test) @ camel-blueprint ---
[INFO] Tests are skipped.
[INFO] 
[INFO] --- antrun:1.8:run (include-schemas) @ camel-blueprint ---
[INFO] Executing tasks

main:
     [echo] Copying XSD schema to be included in JAR
     [copy] Copying 2 files to /home/runner/work/sonar-analysis/sonar-analysis/project/components/camel-blueprint/target/classes
[INFO] Executed tasks
[INFO] 
[INFO] --- dependency:2.10:unpack (unpack) @ camel-blueprint ---
[INFO] Configured Artifact: org.apache.camel:camel-core-xml:2.25.0-SNAPSHOT:jar
[INFO] Configured Artifact: org.apache.camel:camel-core-osgi:2.25.0-SNAPSHOT:jar
[INFO] Unpacking /home/runner/work/sonar-analysis/sonar-analysis/project/components/camel-core-xml/target/camel-core-xml-2.25.0-SNAPSHOT.jar to /home/runner/work/sonar-analysis/sonar-analysis/project/components/camel-blueprint/target/classes with includes "org/apache/camel/**" and excludes ""
[INFO] Unpacking /home/runner/work/sonar-analysis/sonar-analysis/project/components/camel-core-osgi/target/camel-core-osgi-2.25.0-SNAPSHOT.jar to /home/runner/work/sonar-analysis/sonar-analysis/project/components/camel-blueprint/target/classes with includes "org/apache/camel/**" and excludes ""
[INFO] 
[INFO] --- bundle:3.5.1:manifest (bundle-manifest) @ camel-blueprint ---
[WARNING] Manifest org.apache.camel:camel-blueprint:jar:2.25.0-SNAPSHOT : Unused Import-Package instructions: [org.springframework.ws.*, org.springframework.xml.*, org.springframework.*, org.apache.cxf.*, org.apache.qpid.*, org.apache.abdera.*, org.apache.commons.httpclient.*, org.apache.velocity.*, org.apache.xmlbeans.*, org.eclipse.jetty.*, com.thoughtworks.xstream.*, org.antlr.stringtemplate.*, org.ccil.cowan.tagsoup.*, org.mortbay.cometd.*, net.sf.flatpack.*, net.sf.saxon.*, freemarker.*, javax.persistence.*, org.apache.lucene.*, org.apache.solr.*] 
[WARNING] Manifest org.apache.camel:camel-blueprint:jar:2.25.0-SNAPSHOT : Export org.apache.camel.blueprint,  has 2,  private references [org.apache.camel.core.osgi, org.apache.camel.core.xml], 
[WARNING] Manifest org.apache.camel:camel-blueprint:jar:2.25.0-SNAPSHOT : Export org.apache.camel.blueprint.handler,  has 1,  private references [org.apache.camel.core.xml], 
[WARNING] Manifest org.apache.camel:camel-blueprint:jar:2.25.0-SNAPSHOT : Export org.apache.camel.util.blueprint,  has 1,  private references [org.apache.camel.core.xml.util.jsse], 
[INFO] 
[INFO] --- camel-package:2.25.0-SNAPSHOT:validate-components (validate) @ camel-blueprint ---
[INFO] Validation complete
[INFO] 
[INFO] --- camel-package:2.25.0-SNAPSHOT:prepare-spring-boot-starter (validate) @ camel-blueprint ---
[INFO] Spring-Boot-Starter: starter not allowed for module camel-blueprint: skipping.
[INFO] 
[INFO] --- camel-package:2.25.0-SNAPSHOT:prepare-spring-boot-auto-configuration (validate) @ camel-blueprint ---
[INFO] Component auto-configuration will not be created: the starter does not exist
[INFO] 
[INFO] --- jar:3.0.2:jar (default-jar) @ camel-blueprint ---
[INFO] Building jar: /home/runner/work/sonar-analysis/sonar-analysis/project/components/camel-blueprint/target/camel-blueprint-2.25.0-SNAPSHOT.jar
[INFO] 
[INFO] --- site:3.7.1:attach-descriptor (attach-descriptor) @ camel-blueprint ---
[INFO] Skipping because packaging 'jar' is not pom.
[INFO] 
[INFO] --- antrun:1.8:run (include-sources) @ camel-blueprint ---
[INFO] Executing tasks

main:
     [echo] Including source code from camel-core-xml in the camel-blueprint-sources.jar
      [jar] Building jar: /home/runner/work/sonar-analysis/sonar-analysis/project/components/camel-blueprint/target/camel-blueprint-2.25.0-SNAPSHOT-sources.jar
[INFO] Executed tasks
[INFO] 
[INFO] --- build-helper:1.12:attach-artifact (attach-artifacts) @ camel-blueprint ---
[INFO] 
[INFO] --- camel-package:2.25.0-SNAPSHOT:update-readme (readme) @ camel-blueprint ---
[INFO] 
[INFO] --- install:2.5.2:install (default-install) @ camel-blueprint ---
[INFO] Installing /home/runner/work/sonar-analysis/sonar-analysis/project/components/camel-blueprint/target/camel-blueprint-2.25.0-SNAPSHOT.jar to /home/runner/.m2/repository/org/apache/camel/camel-blueprint/2.25.0-SNAPSHOT/camel-blueprint-2.25.0-SNAPSHOT.jar
[INFO] Installing /home/runner/work/sonar-analysis/sonar-analysis/project/components/camel-blueprint/pom.xml to /home/runner/.m2/repository/org/apache/camel/camel-blueprint/2.25.0-SNAPSHOT/camel-blueprint-2.25.0-SNAPSHOT.pom
[INFO] Installing /home/runner/work/sonar-analysis/sonar-analysis/project/components/camel-blueprint/target/schema/camel-blueprint.xsd to /home/runner/.m2/repository/org/apache/camel/camel-blueprint/2.25.0-SNAPSHOT/camel-blueprint-2.25.0-SNAPSHOT.xsd
[INFO] 
[INFO] ---------------< org.apache.camel:camel-test-blueprint >----------------
[INFO] Building Camel :: Test :: Blueprint 2.25.0-SNAPSHOT             [25/807]
[INFO]   from components/camel-test-blueprint/pom.xml
[INFO] --------------------------------[ jar ]---------------------------------
[INFO] 
[INFO] --- clean:3.1.0:clean (default-clean) @ camel-test-blueprint ---
[INFO] 
[INFO] --- enforcer:1.4.1:enforce (enforce-maven-version) @ camel-test-blueprint ---
[INFO] Skipping Rule Enforcement.
[INFO] 
[INFO] --- enforcer:1.4.1:enforce (enforce-maven) @ camel-test-blueprint ---
[INFO] Skipping Rule Enforcement.
[INFO] 
[INFO] --- bundle:3.5.1:cleanVersions (versions) @ camel-test-blueprint ---
[INFO] 
[INFO] --- remote-resources:1.5:process (process-resource-bundles) @ camel-test-blueprint ---
[INFO] 
[INFO] --- camel-package:2.25.0-SNAPSHOT:prepare-components (prepare) @ camel-test-blueprint ---
[INFO] Generated /home/runner/work/sonar-analysis/sonar-analysis/project/components/camel-test-blueprint/target/generated/camel/others/META-INF/services/org/apache/camel/other.properties
[INFO] 
[INFO] --- resources:3.0.2:resources (default-resources) @ camel-test-blueprint ---
[INFO] Using 'UTF-8' encoding to copy filtered resources.
[INFO] Copying 2 resources
[INFO] Copying 3 resources
[INFO] skip non existing resourceDirectory /home/runner/work/sonar-analysis/sonar-analysis/project/components/camel-test-blueprint/target/generated/camel/components
[INFO] skip non existing resourceDirectory /home/runner/work/sonar-analysis/sonar-analysis/project/components/camel-test-blueprint/target/generated/camel/dataformats
[INFO] skip non existing resourceDirectory /home/runner/work/sonar-analysis/sonar-analysis/project/components/camel-test-blueprint/target/generated/camel/languages
[INFO] Copying 1 resource
[INFO] 
[INFO] --- compiler:3.8.0:compile (default-compile) @ camel-test-blueprint ---
[INFO] Changes detected - recompiling the module!
[INFO] Compiling 3 source files to /home/runner/work/sonar-analysis/sonar-analysis/project/components/camel-test-blueprint/target/classes
[INFO] 
[INFO] --- resources:3.0.2:testResources (default-testResources) @ camel-test-blueprint ---
[INFO] Using 'UTF-8' encoding to copy filtered resources.
[INFO] Copying 92 resources
[INFO] Copying 3 resources
[INFO] 
[INFO] --- compiler:3.8.0:testCompile (default-testCompile) @ camel-test-blueprint ---
[INFO] Changes detected - recompiling the module!
[INFO] Compiling 112 source files to /home/runner/work/sonar-analysis/sonar-analysis/project/components/camel-test-blueprint/target/test-classes
[INFO] 
[INFO] --- surefire:2.22.1:test (default-test) @ camel-test-blueprint ---
[INFO] Tests are skipped.
[INFO] 
[INFO] --- bundle:3.5.1:manifest (bundle-manifest) @ camel-test-blueprint ---
[WARNING] Manifest org.apache.camel:camel-test-blueprint:jar:2.25.0-SNAPSHOT : Unused Import-Package instructions: [org.springframework.ws.*, org.springframework.xml.*, org.springframework.*, org.apache.cxf.*, org.apache.qpid.*, org.apache.abdera.*, org.apache.commons.httpclient.*, org.apache.velocity.*, org.apache.xmlbeans.*, org.eclipse.jetty.*, com.thoughtworks.xstream.*, org.antlr.stringtemplate.*, org.ccil.cowan.tagsoup.*, org.mortbay.cometd.*, net.sf.flatpack.*, net.sf.saxon.*, freemarker.*, javax.persistence.*, org.apache.lucene.*, org.apache.solr.*] 
[INFO] 
[INFO] --- camel-package:2.25.0-SNAPSHOT:validate-components (validate) @ camel-test-blueprint ---
[INFO] Validation complete
[INFO] 
[INFO] --- camel-package:2.25.0-SNAPSHOT:prepare-spring-boot-starter (validate) @ camel-test-blueprint ---
[INFO] Spring-Boot-Starter: starter not allowed for module camel-test-blueprint: skipping.
[INFO] 
[INFO] --- camel-package:2.25.0-SNAPSHOT:prepare-spring-boot-auto-configuration (validate) @ camel-test-blueprint ---
[INFO] Component auto-configuration will not be created: the starter does not exist
[INFO] 
[INFO] --- jar:3.0.2:jar (default-jar) @ camel-test-blueprint ---
[INFO] Building jar: /home/runner/work/sonar-analysis/sonar-analysis/project/components/camel-test-blueprint/target/camel-test-blueprint-2.25.0-SNAPSHOT.jar
[INFO] 
[INFO] --- site:3.7.1:attach-descriptor (attach-descriptor) @ camel-test-blueprint ---
[INFO] Skipping because packaging 'jar' is not pom.
[INFO] 
[INFO] --- camel-package:2.25.0-SNAPSHOT:update-readme (readme) @ camel-test-blueprint ---
[INFO] 
[INFO] --- install:2.5.2:install (default-install) @ camel-test-blueprint ---
[INFO] Installing /home/runner/work/sonar-analysis/sonar-analysis/project/components/camel-test-blueprint/target/camel-test-blueprint-2.25.0-SNAPSHOT.jar to /home/runner/.m2/repository/org/apache/camel/camel-test-blueprint/2.25.0-SNAPSHOT/camel-test-blueprint-2.25.0-SNAPSHOT.jar
[INFO] Installing /home/runner/work/sonar-analysis/sonar-analysis/project/components/camel-test-blueprint/pom.xml to /home/runner/.m2/repository/org/apache/camel/camel-test-blueprint/2.25.0-SNAPSHOT/camel-test-blueprint-2.25.0-SNAPSHOT.pom
[INFO] 
[INFO] -------------------< org.apache.camel:camel-context >-------------------
[INFO] Building Camel :: Context (deprecated) 2.25.0-SNAPSHOT          [26/807]
[INFO]   from components/camel-context/pom.xml
[INFO] --------------------------------[ jar ]---------------------------------
[INFO] 
[INFO] --- clean:3.1.0:clean (default-clean) @ camel-context ---
[INFO] 
[INFO] --- enforcer:1.4.1:enforce (enforce-maven-version) @ camel-context ---
[INFO] Skipping Rule Enforcement.
[INFO] 
[INFO] --- enforcer:1.4.1:enforce (enforce-maven) @ camel-context ---
[INFO] Skipping Rule Enforcement.
[INFO] 
[INFO] --- bundle:3.5.1:cleanVersions (versions) @ camel-context ---
[INFO] 
[INFO] --- remote-resources:1.5:process (process-resource-bundles) @ camel-context ---
[INFO] 
[INFO] --- camel-package:2.25.0-SNAPSHOT:prepare-components (prepare) @ camel-context ---
[INFO] Generated /home/runner/work/sonar-analysis/sonar-analysis/project/components/camel-context/target/generated/camel/components/META-INF/services/org/apache/camel/component.properties containing 1 Camel component: context
[INFO] 
[INFO] --- resources:3.0.2:resources (default-resources) @ camel-context ---
[INFO] Using 'UTF-8' encoding to copy filtered resources.
[INFO] Copying 4 resources
[INFO] Copying 3 resources
[INFO] Copying 1 resource
[INFO] skip non existing resourceDirectory /home/runner/work/sonar-analysis/sonar-analysis/project/components/camel-context/target/generated/camel/dataformats
[INFO] skip non existing resourceDirectory /home/runner/work/sonar-analysis/sonar-analysis/project/components/camel-context/target/generated/camel/languages
[INFO] 
[INFO] --- compiler:3.8.0:compile (default-compile) @ camel-context ---
[INFO] Changes detected - recompiling the module!
[INFO] Compiling 4 source files to /home/runner/work/sonar-analysis/sonar-analysis/project/components/camel-context/target/classes
[INFO] 
[INFO] --- resources:3.0.2:testResources (default-testResources) @ camel-context ---
[INFO] Using 'UTF-8' encoding to copy filtered resources.
[INFO] Copying 2 resources
[INFO] Copying 3 resources
[INFO] 
[INFO] --- compiler:3.8.0:testCompile (default-testCompile) @ camel-context ---
[INFO] Changes detected - recompiling the module!
[INFO] Compiling 3 source files to /home/runner/work/sonar-analysis/sonar-analysis/project/components/camel-context/target/test-classes
[INFO] 
[INFO] --- surefire:2.22.1:test (default-test) @ camel-context ---
[INFO] Tests are skipped.
[INFO] 
[INFO] --- bundle:3.5.1:manifest (bundle-manifest) @ camel-context ---
[WARNING] Manifest org.apache.camel:camel-context:jar:2.25.0-SNAPSHOT : Unused Import-Package instructions: [org.springframework.ws.*, org.springframework.xml.*, org.springframework.*, org.apache.cxf.*, org.apache.qpid.*, org.apache.abdera.*, org.apache.commons.httpclient.*, org.apache.velocity.*, org.apache.xmlbeans.*, org.eclipse.jetty.*, com.thoughtworks.xstream.*, org.antlr.stringtemplate.*, org.ccil.cowan.tagsoup.*, org.mortbay.cometd.*, net.sf.flatpack.*, net.sf.saxon.*, freemarker.*, javax.persistence.*, org.apache.lucene.*, org.apache.solr.*] 
[INFO] 
[INFO] --- camel-package:2.25.0-SNAPSHOT:validate-components (validate) @ camel-context ---
[INFO] Validation complete
[INFO] 
[INFO] --- camel-package:2.25.0-SNAPSHOT:prepare-spring-boot-starter (validate) @ camel-context ---
[INFO] Spring-Boot-Starter: starter dir for the component is: /home/runner/work/sonar-analysis/sonar-analysis/project/platforms/spring-boot/components-starter/camel-context-starter
[INFO] Reusing the existing pom.xml for the starter
[INFO] 
[INFO] --- camel-package:2.25.0-SNAPSHOT:prepare-spring-boot-auto-configuration (validate) @ camel-context ---
[INFO] 
[INFO] --- jar:3.0.2:jar (default-jar) @ camel-context ---
[INFO] Building jar: /home/runner/work/sonar-analysis/sonar-analysis/project/components/camel-context/target/camel-context-2.25.0-SNAPSHOT.jar
[INFO] 
[INFO] --- site:3.7.1:attach-descriptor (attach-descriptor) @ camel-context ---
[INFO] Skipping because packaging 'jar' is not pom.
[INFO] 
[INFO] --- camel-package:2.25.0-SNAPSHOT:update-readme (readme) @ camel-context ---
[INFO] 
[INFO] --- install:2.5.2:install (default-install) @ camel-context ---
[INFO] Installing /home/runner/work/sonar-analysis/sonar-analysis/project/components/camel-context/target/camel-context-2.25.0-SNAPSHOT.jar to /home/runner/.m2/repository/org/apache/camel/camel-context/2.25.0-SNAPSHOT/camel-context-2.25.0-SNAPSHOT.jar
[INFO] Installing /home/runner/work/sonar-analysis/sonar-analysis/project/components/camel-context/pom.xml to /home/runner/.m2/repository/org/apache/camel/camel-context/2.25.0-SNAPSHOT/camel-context-2.25.0-SNAPSHOT.pom
[INFO] 
[INFO] ---------------------< org.apache.camel:camel-cdi >---------------------
[INFO] Building Camel :: CDI 2.25.0-SNAPSHOT                           [27/807]
[INFO]   from components/camel-cdi/pom.xml
[INFO] --------------------------------[ jar ]---------------------------------
[INFO] 
[INFO] --- clean:3.1.0:clean (default-clean) @ camel-cdi ---
[INFO] 
[INFO] --- enforcer:1.4.1:enforce (enforce-maven-version) @ camel-cdi ---
[INFO] Skipping Rule Enforcement.
[INFO] 
[INFO] --- enforcer:1.4.1:enforce (enforce-maven) @ camel-cdi ---
[INFO] Skipping Rule Enforcement.
[INFO] 
[INFO] --- bundle:3.5.1:cleanVersions (versions) @ camel-cdi ---
[INFO] 
[INFO] --- remote-resources:1.5:process (process-resource-bundles) @ camel-cdi ---
[INFO] 
[INFO] --- camel-package:2.25.0-SNAPSHOT:prepare-components (prepare) @ camel-cdi ---
[INFO] Generated /home/runner/work/sonar-analysis/sonar-analysis/project/components/camel-cdi/target/generated/camel/others/META-INF/services/org/apache/camel/other.properties
[INFO] 
[INFO] --- resources:3.0.2:resources (default-resources) @ camel-cdi ---
[INFO] Using 'UTF-8' encoding to copy filtered resources.
[INFO] Copying 3 resources
[INFO] Copying 3 resources
[INFO] skip non existing resourceDirectory /home/runner/work/sonar-analysis/sonar-analysis/project/components/camel-cdi/target/generated/camel/components
[INFO] skip non existing resourceDirectory /home/runner/work/sonar-analysis/sonar-analysis/project/components/camel-cdi/target/generated/camel/dataformats
[INFO] skip non existing resourceDirectory /home/runner/work/sonar-analysis/sonar-analysis/project/components/camel-cdi/target/generated/camel/languages
[INFO] Copying 1 resource
[INFO] 
[INFO] --- compiler:3.8.0:compile (default-compile) @ camel-cdi ---
[INFO] Changes detected - recompiling the module!
[INFO] Compiling 87 source files to /home/runner/work/sonar-analysis/sonar-analysis/project/components/camel-cdi/target/classes
[INFO] 
[INFO] --- resources:3.0.2:testResources (default-testResources) @ camel-cdi ---
[INFO] Using 'UTF-8' encoding to copy filtered resources.
[INFO] Copying 25 resources
[INFO] Copying 3 resources
[INFO] 
[INFO] --- compiler:3.8.0:testCompile (default-testCompile) @ camel-cdi ---
[INFO] Changes detected - recompiling the module!
[INFO] Compiling 146 source files to /home/runner/work/sonar-analysis/sonar-analysis/project/components/camel-cdi/target/test-classes
[INFO] 
[INFO] --- surefire:2.22.1:test (default-test) @ camel-cdi ---
[INFO] Tests are skipped.
[INFO] 
[INFO] --- bundle:3.5.1:manifest (bundle-manifest) @ camel-cdi ---
[WARNING] Manifest org.apache.camel:camel-cdi:jar:2.25.0-SNAPSHOT : Unused Import-Package instructions: [org.springframework.ws.*, org.springframework.xml.*, org.springframework.*, org.apache.cxf.*, org.apache.qpid.*, org.apache.abdera.*, org.apache.commons.httpclient.*, org.apache.velocity.*, org.apache.xmlbeans.*, org.eclipse.jetty.*, com.thoughtworks.xstream.*, org.antlr.stringtemplate.*, org.ccil.cowan.tagsoup.*, org.mortbay.cometd.*, net.sf.flatpack.*, net.sf.saxon.*, freemarker.*, javax.persistence.*, org.apache.lucene.*, org.apache.solr.*] 
[WARNING] Manifest org.apache.camel:camel-cdi:jar:2.25.0-SNAPSHOT : Export org.apache.camel.cdi,  has 1,  private references [org.apache.camel.cdi.transaction], 
[INFO] 
[INFO] --- camel-package:2.25.0-SNAPSHOT:validate-components (validate) @ camel-cdi ---
[INFO] Validation complete
[INFO] 
[INFO] --- camel-package:2.25.0-SNAPSHOT:prepare-spring-boot-starter (validate) @ camel-cdi ---
[INFO] Spring-Boot-Starter: starter not allowed for module camel-cdi: skipping.
[INFO] 
[INFO] --- camel-package:2.25.0-SNAPSHOT:prepare-spring-boot-auto-configuration (validate) @ camel-cdi ---
[INFO] Component auto-configuration will not be created: the starter does not exist
[INFO] 
[INFO] --- jar:3.0.2:jar (default-jar) @ camel-cdi ---
[INFO] Building jar: /home/runner/work/sonar-analysis/sonar-analysis/project/components/camel-cdi/target/camel-cdi-2.25.0-SNAPSHOT.jar
[INFO] 
[INFO] --- site:3.7.1:attach-descriptor (attach-descriptor) @ camel-cdi ---
[INFO] Skipping because packaging 'jar' is not pom.
[INFO] 
[INFO] --- camel-package:2.25.0-SNAPSHOT:update-readme (readme) @ camel-cdi ---
[INFO] 
[INFO] --- install:2.5.2:install (default-install) @ camel-cdi ---
[INFO] Installing /home/runner/work/sonar-analysis/sonar-analysis/project/components/camel-cdi/target/camel-cdi-2.25.0-SNAPSHOT.jar to /home/runner/.m2/repository/org/apache/camel/camel-cdi/2.25.0-SNAPSHOT/camel-cdi-2.25.0-SNAPSHOT.jar
[INFO] Installing /home/runner/work/sonar-analysis/sonar-analysis/project/components/camel-cdi/pom.xml to /home/runner/.m2/repository/org/apache/camel/camel-cdi/2.25.0-SNAPSHOT/camel-cdi-2.25.0-SNAPSHOT.pom
[INFO] 
[INFO] ------------------< org.apache.camel:camel-test-cdi >-------------------
[INFO] Building Camel :: Test :: CDI 2.25.0-SNAPSHOT                   [28/807]
[INFO]   from components/camel-test-cdi/pom.xml
[INFO] --------------------------------[ jar ]---------------------------------
[INFO] 
[INFO] --- clean:3.1.0:clean (default-clean) @ camel-test-cdi ---
[INFO] 
[INFO] --- enforcer:1.4.1:enforce (enforce-maven-version) @ camel-test-cdi ---
[INFO] Skipping Rule Enforcement.
[INFO] 
[INFO] --- enforcer:1.4.1:enforce (enforce-maven) @ camel-test-cdi ---
[INFO] Skipping Rule Enforcement.
[INFO] 
[INFO] --- bundle:3.5.1:cleanVersions (versions) @ camel-test-cdi ---
[INFO] 
[INFO] --- remote-resources:1.5:process (process-resource-bundles) @ camel-test-cdi ---
[INFO] 
[INFO] --- camel-package:2.25.0-SNAPSHOT:prepare-components (prepare) @ camel-test-cdi ---
[INFO] Generated /home/runner/work/sonar-analysis/sonar-analysis/project/components/camel-test-cdi/target/generated/camel/others/META-INF/services/org/apache/camel/other.properties
[INFO] 
[INFO] --- resources:3.0.2:resources (default-resources) @ camel-test-cdi ---
[INFO] Using 'UTF-8' encoding to copy filtered resources.
[INFO] Copying 2 resources
[INFO] Copying 3 resources
[INFO] skip non existing resourceDirectory /home/runner/work/sonar-analysis/sonar-analysis/project/components/camel-test-cdi/target/generated/camel/components
[INFO] skip non existing resourceDirectory /home/runner/work/sonar-analysis/sonar-analysis/project/components/camel-test-cdi/target/generated/camel/dataformats
[INFO] skip non existing resourceDirectory /home/runner/work/sonar-analysis/sonar-analysis/project/components/camel-test-cdi/target/generated/camel/languages
[INFO] Copying 1 resource
[INFO] 
[INFO] --- compiler:3.8.0:compile (default-compile) @ camel-test-cdi ---
[INFO] Changes detected - recompiling the module!
[INFO] Compiling 15 source files to /home/runner/work/sonar-analysis/sonar-analysis/project/components/camel-test-cdi/target/classes
[INFO] 
[INFO] --- resources:3.0.2:testResources (default-testResources) @ camel-test-cdi ---
[INFO] Using 'UTF-8' encoding to copy filtered resources.
[INFO] Copying 1 resource
[INFO] Copying 3 resources
[INFO] 
[INFO] --- compiler:3.8.0:testCompile (default-testCompile) @ camel-test-cdi ---
[INFO] Changes detected - recompiling the module!
[INFO] Compiling 1 source file to /home/runner/work/sonar-analysis/sonar-analysis/project/components/camel-test-cdi/target/test-classes
[INFO] 
[INFO] --- surefire:2.22.1:test (default-test) @ camel-test-cdi ---
[INFO] Tests are skipped.
[INFO] 
[INFO] --- bundle:3.5.1:manifest (bundle-manifest) @ camel-test-cdi ---
[WARNING] Manifest org.apache.camel:camel-test-cdi:jar:2.25.0-SNAPSHOT : Unused Import-Package instructions: [org.springframework.ws.*, org.springframework.xml.*, org.springframework.*, org.apache.cxf.*, org.apache.qpid.*, org.apache.abdera.*, org.apache.commons.httpclient.*, org.apache.velocity.*, org.apache.xmlbeans.*, org.eclipse.jetty.*, com.thoughtworks.xstream.*, org.antlr.stringtemplate.*, org.ccil.cowan.tagsoup.*, org.mortbay.cometd.*, org.slf4j.*, net.sf.flatpack.*, net.sf.saxon.*, freemarker.*, javax.persistence.*, org.apache.lucene.*, org.apache.solr.*] 
[INFO] 
[INFO] --- camel-package:2.25.0-SNAPSHOT:validate-components (validate) @ camel-test-cdi ---
[INFO] Validation complete
[INFO] 
[INFO] --- camel-package:2.25.0-SNAPSHOT:prepare-spring-boot-starter (validate) @ camel-test-cdi ---
[INFO] Spring-Boot-Starter: starter not allowed for module camel-test-cdi: skipping.
[INFO] 
[INFO] --- camel-package:2.25.0-SNAPSHOT:prepare-spring-boot-auto-configuration (validate) @ camel-test-cdi ---
[INFO] Component auto-configuration will not be created: the starter does not exist
[INFO] 
[INFO] --- jar:3.0.2:jar (default-jar) @ camel-test-cdi ---
[INFO] Building jar: /home/runner/work/sonar-analysis/sonar-analysis/project/components/camel-test-cdi/target/camel-test-cdi-2.25.0-SNAPSHOT.jar
[INFO] 
[INFO] --- site:3.7.1:attach-descriptor (attach-descriptor) @ camel-test-cdi ---
[INFO] Skipping because packaging 'jar' is not pom.
[INFO] 
[INFO] --- camel-package:2.25.0-SNAPSHOT:update-readme (readme) @ camel-test-cdi ---
[INFO] 
[INFO] --- install:2.5.2:install (default-install) @ camel-test-cdi ---
[INFO] Installing /home/runner/work/sonar-analysis/sonar-analysis/project/components/camel-test-cdi/target/camel-test-cdi-2.25.0-SNAPSHOT.jar to /home/runner/.m2/repository/org/apache/camel/camel-test-cdi/2.25.0-SNAPSHOT/camel-test-cdi-2.25.0-SNAPSHOT.jar
[INFO] Installing /home/runner/work/sonar-analysis/sonar-analysis/project/components/camel-test-cdi/pom.xml to /home/runner/.m2/repository/org/apache/camel/camel-test-cdi/2.25.0-SNAPSHOT/camel-test-cdi-2.25.0-SNAPSHOT.pom
[INFO] 
[INFO] -----------------< org.apache.camel:camel-test-karaf >------------------
[INFO] Building Camel :: Test :: Karaf 2.25.0-SNAPSHOT                 [29/807]
[INFO]   from components/camel-test-karaf/pom.xml
[INFO] --------------------------------[ jar ]---------------------------------
[INFO] 
[INFO] --- clean:3.1.0:clean (default-clean) @ camel-test-karaf ---
[INFO] 
[INFO] --- enforcer:1.4.1:enforce (enforce-maven-version) @ camel-test-karaf ---
[INFO] Skipping Rule Enforcement.
[INFO] 
[INFO] --- enforcer:1.4.1:enforce (enforce-maven) @ camel-test-karaf ---
[INFO] Skipping Rule Enforcement.
[INFO] 
[INFO] --- bundle:3.5.1:cleanVersions (versions) @ camel-test-karaf ---
[INFO] 
[INFO] --- remote-resources:1.5:process (process-resource-bundles) @ camel-test-karaf ---
[INFO] 
[INFO] --- depends:1.2:generate-depends-file (generate-depends-file) @ camel-test-karaf ---
[INFO] Created: /home/runner/work/sonar-analysis/sonar-analysis/project/components/camel-test-karaf/target/classes/META-INF/maven/dependencies.properties
[INFO] 
[INFO] --- camel-package:2.25.0-SNAPSHOT:prepare-components (prepare) @ camel-test-karaf ---
[INFO] Generated /home/runner/work/sonar-analysis/sonar-analysis/project/components/camel-test-karaf/target/generated/camel/others/META-INF/services/org/apache/camel/other.properties
[INFO] 
[INFO] --- resources:3.0.2:resources (default-resources) @ camel-test-karaf ---
[INFO] Using 'UTF-8' encoding to copy filtered resources.
[INFO] skip non existing resourceDirectory /home/runner/work/sonar-analysis/sonar-analysis/project/components/camel-test-karaf/src/main/resources
[INFO] Copying 3 resources
[INFO] skip non existing resourceDirectory /home/runner/work/sonar-analysis/sonar-analysis/project/components/camel-test-karaf/target/generated/camel/components
[INFO] skip non existing resourceDirectory /home/runner/work/sonar-analysis/sonar-analysis/project/components/camel-test-karaf/target/generated/camel/dataformats
[INFO] skip non existing resourceDirectory /home/runner/work/sonar-analysis/sonar-analysis/project/components/camel-test-karaf/target/generated/camel/languages
[INFO] Copying 1 resource
[INFO] 
[INFO] --- compiler:3.8.0:compile (default-compile) @ camel-test-karaf ---
[INFO] Changes detected - recompiling the module!
[INFO] Compiling 2 source files to /home/runner/work/sonar-analysis/sonar-analysis/project/components/camel-test-karaf/target/classes
[INFO] 
[INFO] --- resources:3.0.2:testResources (default-testResources) @ camel-test-karaf ---
[INFO] Using 'UTF-8' encoding to copy filtered resources.
[INFO] skip non existing resourceDirectory /home/runner/work/sonar-analysis/sonar-analysis/project/components/camel-test-karaf/src/test/resources
[INFO] Copying 3 resources
[INFO] 
[INFO] --- compiler:3.8.0:testCompile (default-testCompile) @ camel-test-karaf ---
[INFO] No sources to compile
[INFO] 
[INFO] --- surefire:2.22.1:test (default-test) @ camel-test-karaf ---
[INFO] Tests are skipped.
[INFO] 
[INFO] --- bundle:3.5.1:manifest (bundle-manifest) @ camel-test-karaf ---
[WARNING] Manifest org.apache.camel:camel-test-karaf:jar:2.25.0-SNAPSHOT : Unused Import-Package instructions: [org.springframework.ws.*, org.springframework.xml.*, org.springframework.*, org.apache.cxf.*, org.apache.qpid.*, org.apache.abdera.*, org.apache.commons.httpclient.*, org.apache.velocity.*, org.apache.xmlbeans.*, org.eclipse.jetty.*, com.thoughtworks.xstream.*, org.antlr.stringtemplate.*, org.ccil.cowan.tagsoup.*, org.mortbay.cometd.*, net.sf.flatpack.*, net.sf.saxon.*, freemarker.*, javax.persistence.*, org.apache.lucene.*, org.apache.solr.*] 
[INFO] 
[INFO] --- camel-package:2.25.0-SNAPSHOT:validate-components (validate) @ camel-test-karaf ---
[INFO] Validation complete
[INFO] 
[INFO] --- camel-package:2.25.0-SNAPSHOT:prepare-spring-boot-starter (validate) @ camel-test-karaf ---
[INFO] Spring-Boot-Starter: starter not allowed for module camel-test-karaf: skipping.
[INFO] 
[INFO] --- camel-package:2.25.0-SNAPSHOT:prepare-spring-boot-auto-configuration (validate) @ camel-test-karaf ---
[INFO] Component auto-configuration will not be created: the starter does not exist
[INFO] 
[INFO] --- jar:3.0.2:jar (default-jar) @ camel-test-karaf ---
[INFO] Building jar: /home/runner/work/sonar-analysis/sonar-analysis/project/components/camel-test-karaf/target/camel-test-karaf-2.25.0-SNAPSHOT.jar
[INFO] 
[INFO] --- site:3.7.1:attach-descriptor (attach-descriptor) @ camel-test-karaf ---
[INFO] Skipping because packaging 'jar' is not pom.
[INFO] 
[INFO] --- camel-package:2.25.0-SNAPSHOT:update-readme (readme) @ camel-test-karaf ---
[INFO] 
[INFO] --- install:2.5.2:install (default-install) @ camel-test-karaf ---
[INFO] Installing /home/runner/work/sonar-analysis/sonar-analysis/project/components/camel-test-karaf/target/camel-test-karaf-2.25.0-SNAPSHOT.jar to /home/runner/.m2/repository/org/apache/camel/camel-test-karaf/2.25.0-SNAPSHOT/camel-test-karaf-2.25.0-SNAPSHOT.jar
[INFO] Installing /home/runner/work/sonar-analysis/sonar-analysis/project/components/camel-test-karaf/pom.xml to /home/runner/.m2/repository/org/apache/camel/camel-test-karaf/2.25.0-SNAPSHOT/camel-test-karaf-2.25.0-SNAPSHOT.pom
[INFO] 
[INFO] ---------------< org.apache.camel:camel-testcontainers >----------------
[INFO] Building Camel :: Testcontainers 2.25.0-SNAPSHOT                [30/807]
[INFO]   from components/camel-testcontainers/pom.xml
[INFO] --------------------------------[ jar ]---------------------------------
[INFO] 
[INFO] --- clean:3.1.0:clean (default-clean) @ camel-testcontainers ---
[INFO] 
[INFO] --- enforcer:1.4.1:enforce (enforce-maven-version) @ camel-testcontainers ---
[INFO] Skipping Rule Enforcement.
[INFO] 
[INFO] --- enforcer:1.4.1:enforce (enforce-maven) @ camel-testcontainers ---
[INFO] Skipping Rule Enforcement.
[INFO] 
[INFO] --- bundle:3.5.1:cleanVersions (versions) @ camel-testcontainers ---
[INFO] 
[INFO] --- remote-resources:1.5:process (process-resource-bundles) @ camel-testcontainers ---
[INFO] 
[INFO] --- camel-package:2.25.0-SNAPSHOT:prepare-components (prepare) @ camel-testcontainers ---
[INFO] Generated /home/runner/work/sonar-analysis/sonar-analysis/project/components/camel-testcontainers/target/generated/camel/others/META-INF/services/org/apache/camel/other.properties
[INFO] 
[INFO] --- resources:3.0.2:resources (default-resources) @ camel-testcontainers ---
[INFO] Using 'UTF-8' encoding to copy filtered resources.
[INFO] Copying 2 resources
[INFO] Copying 3 resources
[INFO] skip non existing resourceDirectory /home/runner/work/sonar-analysis/sonar-analysis/project/components/camel-testcontainers/target/generated/camel/components
[INFO] skip non existing resourceDirectory /home/runner/work/sonar-analysis/sonar-analysis/project/components/camel-testcontainers/target/generated/camel/dataformats
[INFO] skip non existing resourceDirectory /home/runner/work/sonar-analysis/sonar-analysis/project/components/camel-testcontainers/target/generated/camel/languages
[INFO] Copying 1 resource
[INFO] 
[INFO] --- compiler:3.8.0:compile (default-compile) @ camel-testcontainers ---
[INFO] Changes detected - recompiling the module!
[INFO] Compiling 4 source files to /home/runner/work/sonar-analysis/sonar-analysis/project/components/camel-testcontainers/target/classes
[INFO] 
[INFO] --- resources:3.0.2:testResources (default-testResources) @ camel-testcontainers ---
[INFO] Using 'UTF-8' encoding to copy filtered resources.
[INFO] Copying 1 resource
[INFO] Copying 3 resources
[INFO] 
[INFO] --- compiler:3.8.0:testCompile (default-testCompile) @ camel-testcontainers ---
[INFO] Changes detected - recompiling the module!
[INFO] Compiling 1 source file to /home/runner/work/sonar-analysis/sonar-analysis/project/components/camel-testcontainers/target/test-classes
[INFO] 
[INFO] --- surefire:2.22.1:test (default-test) @ camel-testcontainers ---
[INFO] Tests are skipped.
[INFO] 
[INFO] --- bundle:3.5.1:manifest (bundle-manifest) @ camel-testcontainers ---
[WARNING] Manifest org.apache.camel:camel-testcontainers:jar:2.25.0-SNAPSHOT : Unused Export-Package instructions: [org.apache.camel.testcontainers.*] 
[WARNING] Manifest org.apache.camel:camel-testcontainers:jar:2.25.0-SNAPSHOT : Unused Import-Package instructions: [org.springframework.ws.*, org.springframework.xml.*, org.springframework.*, org.apache.cxf.*, org.apache.qpid.*, org.apache.abdera.*, org.apache.commons.httpclient.*, org.apache.velocity.*, org.apache.xmlbeans.*, org.eclipse.jetty.*, com.thoughtworks.xstream.*, org.antlr.stringtemplate.*, org.ccil.cowan.tagsoup.*, org.mortbay.cometd.*, net.sf.flatpack.*, net.sf.saxon.*, freemarker.*, javax.persistence.*, org.apache.lucene.*, org.apache.solr.*] 
[INFO] 
[INFO] --- camel-package:2.25.0-SNAPSHOT:validate-components (validate) @ camel-testcontainers ---
[INFO] Validation complete
[INFO] 
[INFO] --- camel-package:2.25.0-SNAPSHOT:prepare-spring-boot-starter (validate) @ camel-testcontainers ---
[INFO] Spring-Boot-Starter: starter not allowed for module camel-testcontainers: skipping.
[INFO] 
[INFO] --- camel-package:2.25.0-SNAPSHOT:prepare-spring-boot-auto-configuration (validate) @ camel-testcontainers ---
[INFO] Component auto-configuration will not be created: the starter does not exist
[INFO] 
[INFO] --- jar:3.0.2:jar (default-jar) @ camel-testcontainers ---
[INFO] Building jar: /home/runner/work/sonar-analysis/sonar-analysis/project/components/camel-testcontainers/target/camel-testcontainers-2.25.0-SNAPSHOT.jar
[INFO] 
[INFO] --- site:3.7.1:attach-descriptor (attach-descriptor) @ camel-testcontainers ---
[INFO] Skipping because packaging 'jar' is not pom.
[INFO] 
[INFO] --- camel-package:2.25.0-SNAPSHOT:update-readme (readme) @ camel-testcontainers ---
[INFO] 
[INFO] --- failsafe:2.22.1:integration-test (default) @ camel-testcontainers ---
[INFO] Tests are skipped.
[INFO] 
[INFO] --- failsafe:2.22.1:verify (default) @ camel-testcontainers ---
[INFO] Tests are skipped.
[INFO] 
[INFO] --- install:2.5.2:install (default-install) @ camel-testcontainers ---
[INFO] Installing /home/runner/work/sonar-analysis/sonar-analysis/project/components/camel-testcontainers/target/camel-testcontainers-2.25.0-SNAPSHOT.jar to /home/runner/.m2/repository/org/apache/camel/camel-testcontainers/2.25.0-SNAPSHOT/camel-testcontainers-2.25.0-SNAPSHOT.jar
[INFO] Installing /home/runner/work/sonar-analysis/sonar-analysis/project/components/camel-testcontainers/pom.xml to /home/runner/.m2/repository/org/apache/camel/camel-testcontainers/2.25.0-SNAPSHOT/camel-testcontainers-2.25.0-SNAPSHOT.pom
[INFO] 
[INFO] ------------< org.apache.camel:camel-testcontainers-spring >------------
[INFO] Building Camel :: Testcontainers :: Spring 2.25.0-SNAPSHOT      [31/807]
[INFO]   from components/camel-testcontainers-spring/pom.xml
[INFO] --------------------------------[ jar ]---------------------------------
[INFO] 
[INFO] --- clean:3.1.0:clean (default-clean) @ camel-testcontainers-spring ---
[INFO] 
[INFO] --- enforcer:1.4.1:enforce (enforce-maven-version) @ camel-testcontainers-spring ---
[INFO] Skipping Rule Enforcement.
[INFO] 
[INFO] --- enforcer:1.4.1:enforce (enforce-maven) @ camel-testcontainers-spring ---
[INFO] Skipping Rule Enforcement.
[INFO] 
[INFO] --- bundle:3.5.1:cleanVersions (versions) @ camel-testcontainers-spring ---
[INFO] 
[INFO] --- remote-resources:1.5:process (process-resource-bundles) @ camel-testcontainers-spring ---
[INFO] 
[INFO] --- camel-package:2.25.0-SNAPSHOT:prepare-components (prepare) @ camel-testcontainers-spring ---
[INFO] Generated /home/runner/work/sonar-analysis/sonar-analysis/project/components/camel-testcontainers-spring/target/generated/camel/others/META-INF/services/org/apache/camel/other.properties
[INFO] 
[INFO] --- resources:3.0.2:resources (default-resources) @ camel-testcontainers-spring ---
[INFO] Using 'UTF-8' encoding to copy filtered resources.
[INFO] Copying 2 resources
[INFO] Copying 3 resources
[INFO] skip non existing resourceDirectory /home/runner/work/sonar-analysis/sonar-analysis/project/components/camel-testcontainers-spring/target/generated/camel/components
[INFO] skip non existing resourceDirectory /home/runner/work/sonar-analysis/sonar-analysis/project/components/camel-testcontainers-spring/target/generated/camel/dataformats
[INFO] skip non existing resourceDirectory /home/runner/work/sonar-analysis/sonar-analysis/project/components/camel-testcontainers-spring/target/generated/camel/languages
[INFO] Copying 1 resource
[INFO] 
[INFO] --- compiler:3.8.0:compile (default-compile) @ camel-testcontainers-spring ---
[INFO] Changes detected - recompiling the module!
[INFO] Compiling 1 source file to /home/runner/work/sonar-analysis/sonar-analysis/project/components/camel-testcontainers-spring/target/classes
[INFO] 
[INFO] --- resources:3.0.2:testResources (default-testResources) @ camel-testcontainers-spring ---
[INFO] Using 'UTF-8' encoding to copy filtered resources.
[INFO] Copying 2 resources
[INFO] Copying 3 resources
[INFO] 
[INFO] --- compiler:3.8.0:testCompile (default-testCompile) @ camel-testcontainers-spring ---
[INFO] Changes detected - recompiling the module!
[INFO] Compiling 1 source file to /home/runner/work/sonar-analysis/sonar-analysis/project/components/camel-testcontainers-spring/target/test-classes
[INFO] 
[INFO] --- surefire:2.22.1:test (default-test) @ camel-testcontainers-spring ---
[INFO] Tests are skipped.
[INFO] 
[INFO] --- bundle:3.5.1:manifest (bundle-manifest) @ camel-testcontainers-spring ---
[WARNING] Manifest org.apache.camel:camel-testcontainers-spring:jar:2.25.0-SNAPSHOT : Unused Import-Package instructions: [org.springframework.ws.*, org.springframework.xml.*, org.springframework.*, org.apache.cxf.*, org.apache.qpid.*, org.apache.abdera.*, org.apache.commons.httpclient.*, org.apache.velocity.*, org.apache.xmlbeans.*, org.eclipse.jetty.*, com.thoughtworks.xstream.*, org.antlr.stringtemplate.*, org.ccil.cowan.tagsoup.*, org.mortbay.cometd.*, org.slf4j.*, net.sf.flatpack.*, net.sf.saxon.*, freemarker.*, javax.persistence.*, org.apache.lucene.*, org.apache.solr.*] 
[INFO] 
[INFO] --- camel-package:2.25.0-SNAPSHOT:validate-components (validate) @ camel-testcontainers-spring ---
[INFO] Validation complete
[INFO] 
[INFO] --- camel-package:2.25.0-SNAPSHOT:prepare-spring-boot-starter (validate) @ camel-testcontainers-spring ---
[INFO] Spring-Boot-Starter: starter not allowed for module camel-testcontainers-spring: skipping.
[INFO] 
[INFO] --- camel-package:2.25.0-SNAPSHOT:prepare-spring-boot-auto-configuration (validate) @ camel-testcontainers-spring ---
[INFO] Component auto-configuration will not be created: the starter does not exist
[INFO] 
[INFO] --- jar:3.0.2:jar (default-jar) @ camel-testcontainers-spring ---
[INFO] Building jar: /home/runner/work/sonar-analysis/sonar-analysis/project/components/camel-testcontainers-spring/target/camel-testcontainers-spring-2.25.0-SNAPSHOT.jar
[INFO] 
[INFO] --- site:3.7.1:attach-descriptor (attach-descriptor) @ camel-testcontainers-spring ---
[INFO] Skipping because packaging 'jar' is not pom.
[INFO] 
[INFO] --- camel-package:2.25.0-SNAPSHOT:update-readme (readme) @ camel-testcontainers-spring ---
[INFO] 
[INFO] --- failsafe:2.22.1:integration-test (default) @ camel-testcontainers-spring ---
[INFO] Tests are skipped.
[INFO] 
[INFO] --- failsafe:2.22.1:verify (default) @ camel-testcontainers-spring ---
[INFO] Tests are skipped.
[INFO] 
[INFO] --- install:2.5.2:install (default-install) @ camel-testcontainers-spring ---
[INFO] Installing /home/runner/work/sonar-analysis/sonar-analysis/project/components/camel-testcontainers-spring/target/camel-testcontainers-spring-2.25.0-SNAPSHOT.jar to /home/runner/.m2/repository/org/apache/camel/camel-testcontainers-spring/2.25.0-SNAPSHOT/camel-testcontainers-spring-2.25.0-SNAPSHOT.jar
[INFO] Installing /home/runner/work/sonar-analysis/sonar-analysis/project/components/camel-testcontainers-spring/pom.xml to /home/runner/.m2/repository/org/apache/camel/camel-testcontainers-spring/2.25.0-SNAPSHOT/camel-testcontainers-spring-2.25.0-SNAPSHOT.pom
[INFO] 
[INFO] ---------------------< org.apache.camel:camel-bam >---------------------
[INFO] Building Camel :: BAM (deprecated) 2.25.0-SNAPSHOT              [32/807]
[INFO]   from components/camel-bam/pom.xml
[INFO] --------------------------------[ jar ]---------------------------------
[INFO] 
[INFO] --- clean:3.1.0:clean (default-clean) @ camel-bam ---
[INFO] 
[INFO] --- enforcer:1.4.1:enforce (enforce-maven-version) @ camel-bam ---
[INFO] Skipping Rule Enforcement.
[INFO] 
[INFO] --- enforcer:1.4.1:enforce (enforce-maven) @ camel-bam ---
[INFO] Skipping Rule Enforcement.
[INFO] 
[INFO] --- bundle:3.5.1:cleanVersions (versions) @ camel-bam ---
[INFO] 
[INFO] --- remote-resources:1.5:process (process-resource-bundles) @ camel-bam ---
[INFO] 
[INFO] --- camel-package:2.25.0-SNAPSHOT:prepare-components (prepare) @ camel-bam ---
[INFO] Generated /home/runner/work/sonar-analysis/sonar-analysis/project/components/camel-bam/target/generated/camel/others/META-INF/services/org/apache/camel/other.properties
[INFO] 
[INFO] --- resources:3.0.2:resources (default-resources) @ camel-bam ---
[INFO] Using 'UTF-8' encoding to copy filtered resources.
[INFO] Copying 2 resources
[INFO] Copying 3 resources
[INFO] skip non existing resourceDirectory /home/runner/work/sonar-analysis/sonar-analysis/project/components/camel-bam/target/generated/camel/components
[INFO] skip non existing resourceDirectory /home/runner/work/sonar-analysis/sonar-analysis/project/components/camel-bam/target/generated/camel/dataformats
[INFO] skip non existing resourceDirectory /home/runner/work/sonar-analysis/sonar-analysis/project/components/camel-bam/target/generated/camel/languages
[INFO] Copying 1 resource
[INFO] 
[INFO] --- compiler:3.8.0:compile (default-compile) @ camel-bam ---
[INFO] Changes detected - recompiling the module!
[INFO] Compiling 23 source files to /home/runner/work/sonar-analysis/sonar-analysis/project/components/camel-bam/target/classes
[INFO] 
[INFO] --- resources:3.0.2:testResources (default-testResources) @ camel-bam ---
[INFO] Using 'UTF-8' encoding to copy filtered resources.
[INFO] Copying 3 resources
[INFO] Copying 3 resources
[INFO] 
[INFO] --- compiler:3.8.0:testCompile (default-testCompile) @ camel-bam ---
[INFO] Changes detected - recompiling the module!
[INFO] Compiling 4 source files to /home/runner/work/sonar-analysis/sonar-analysis/project/components/camel-bam/target/test-classes
[INFO] 
[INFO] --- surefire:2.22.1:test (default-test) @ camel-bam ---
[INFO] Tests are skipped.
[INFO] 
[INFO] --- bundle:3.5.1:manifest (bundle-manifest) @ camel-bam ---
[WARNING] Manifest org.apache.camel:camel-bam:jar:2.25.0-SNAPSHOT : Unused Import-Package instructions: [org.springframework.ws.*, org.springframework.xml.*, org.apache.cxf.*, org.apache.qpid.*, org.apache.abdera.*, org.apache.commons.httpclient.*, org.apache.velocity.*, org.apache.xmlbeans.*, org.eclipse.jetty.*, com.thoughtworks.xstream.*, org.antlr.stringtemplate.*, org.ccil.cowan.tagsoup.*, org.mortbay.cometd.*, net.sf.flatpack.*, net.sf.saxon.*, freemarker.*, org.apache.lucene.*, org.apache.solr.*] 
[INFO] 
[INFO] --- camel-package:2.25.0-SNAPSHOT:validate-components (validate) @ camel-bam ---
[INFO] Validation complete
[INFO] 
[INFO] --- camel-package:2.25.0-SNAPSHOT:prepare-spring-boot-starter (validate) @ camel-bam ---
[INFO] Spring-Boot-Starter: starter dir for the component is: /home/runner/work/sonar-analysis/sonar-analysis/project/platforms/spring-boot/components-starter/camel-bam-starter
[INFO] Reusing the existing pom.xml for the starter
[INFO] 
[INFO] --- camel-package:2.25.0-SNAPSHOT:prepare-spring-boot-auto-configuration (validate) @ camel-bam ---
[INFO] 
[INFO] --- jar:3.0.2:jar (default-jar) @ camel-bam ---
[INFO] Building jar: /home/runner/work/sonar-analysis/sonar-analysis/project/components/camel-bam/target/camel-bam-2.25.0-SNAPSHOT.jar
[INFO] 
[INFO] --- site:3.7.1:attach-descriptor (attach-descriptor) @ camel-bam ---
[INFO] Skipping because packaging 'jar' is not pom.
[INFO] 
[INFO] --- camel-package:2.25.0-SNAPSHOT:update-readme (readme) @ camel-bam ---
[INFO] 
[INFO] --- install:2.5.2:install (default-install) @ camel-bam ---
[INFO] Installing /home/runner/work/sonar-analysis/sonar-analysis/project/components/camel-bam/target/camel-bam-2.25.0-SNAPSHOT.jar to /home/runner/.m2/repository/org/apache/camel/camel-bam/2.25.0-SNAPSHOT/camel-bam-2.25.0-SNAPSHOT.jar
[INFO] Installing /home/runner/work/sonar-analysis/sonar-analysis/project/components/camel-bam/pom.xml to /home/runner/.m2/repository/org/apache/camel/camel-bam/2.25.0-SNAPSHOT/camel-bam-2.25.0-SNAPSHOT.pom
[INFO] 
[INFO] -------------------< org.apache.camel:camel-groovy >--------------------
[INFO] Building Camel :: Groovy 2.25.0-SNAPSHOT                        [33/807]
[INFO]   from components/camel-groovy/pom.xml
[INFO] --------------------------------[ jar ]---------------------------------
[INFO] 
[INFO] --- clean:3.1.0:clean (default-clean) @ camel-groovy ---
[INFO] 
[INFO] --- enforcer:1.4.1:enforce (enforce-maven-version) @ camel-groovy ---
[INFO] Skipping Rule Enforcement.
[INFO] 
[INFO] --- enforcer:1.4.1:enforce (enforce-maven) @ camel-groovy ---
[INFO] Skipping Rule Enforcement.
[INFO] 
[INFO] --- bundle:3.5.1:cleanVersions (versions) @ camel-groovy ---
[INFO] 
[INFO] --- remote-resources:1.5:process (process-resource-bundles) @ camel-groovy ---
[INFO] 
[INFO] --- camel-package:2.25.0-SNAPSHOT:prepare-components (prepare) @ camel-groovy ---
[INFO] Generated /home/runner/work/sonar-analysis/sonar-analysis/project/components/camel-groovy/target/generated/camel/languages/META-INF/services/org/apache/camel/language.properties containing 1 Camel language: groovy
[INFO] 
[INFO] --- resources:3.0.2:resources (default-resources) @ camel-groovy ---
[INFO] Using 'UTF-8' encoding to copy filtered resources.
[INFO] Copying 3 resources
[INFO] Copying 3 resources
[INFO] skip non existing resourceDirectory /home/runner/work/sonar-analysis/sonar-analysis/project/components/camel-groovy/target/generated/camel/components
[INFO] skip non existing resourceDirectory /home/runner/work/sonar-analysis/sonar-analysis/project/components/camel-groovy/target/generated/camel/dataformats
[INFO] Copying 1 resource
[INFO] 
[INFO] --- compiler:3.8.0:compile (default-compile) @ camel-groovy ---
[INFO] Changes detected - recompiling the module!
[INFO] Compiling 3 source files to /home/runner/work/sonar-analysis/sonar-analysis/project/components/camel-groovy/target/classes
[INFO] 
[INFO] --- resources:3.0.2:testResources (default-testResources) @ camel-groovy ---
[INFO] Using 'UTF-8' encoding to copy filtered resources.
[INFO] Copying 5 resources
[INFO] Copying 3 resources
[INFO] 
[INFO] --- compiler:3.8.0:testCompile (default-testCompile) @ camel-groovy ---
[INFO] Changes detected - recompiling the module!
[INFO] Compiling 16 source files to /home/runner/work/sonar-analysis/sonar-analysis/project/components/camel-groovy/target/test-classes
[INFO] 
[INFO] --- surefire:2.22.1:test (default-test) @ camel-groovy ---
[INFO] Tests are skipped.
[INFO] 
[INFO] --- bundle:3.5.1:manifest (bundle-manifest) @ camel-groovy ---
[WARNING] Manifest org.apache.camel:camel-groovy:jar:2.25.0-SNAPSHOT : Unused Export-Package instructions: [org.apache.camel.groovy.*] 
[WARNING] Manifest org.apache.camel:camel-groovy:jar:2.25.0-SNAPSHOT : Unused Import-Package instructions: [org.springframework.ws.*, org.springframework.xml.*, org.springframework.*, org.apache.cxf.*, org.apache.qpid.*, org.apache.abdera.*, org.apache.commons.httpclient.*, org.apache.velocity.*, org.apache.xmlbeans.*, org.eclipse.jetty.*, com.thoughtworks.xstream.*, org.antlr.stringtemplate.*, org.ccil.cowan.tagsoup.*, org.mortbay.cometd.*, org.slf4j.*, net.sf.flatpack.*, net.sf.saxon.*, freemarker.*, javax.persistence.*, org.apache.lucene.*, org.apache.solr.*] 
[INFO] 
[INFO] --- camel-package:2.25.0-SNAPSHOT:validate-components (validate) @ camel-groovy ---
[INFO] Validation complete
[INFO] 
[INFO] --- camel-package:2.25.0-SNAPSHOT:prepare-spring-boot-starter (validate) @ camel-groovy ---
[INFO] Spring-Boot-Starter: starter dir for the component is: /home/runner/work/sonar-analysis/sonar-analysis/project/platforms/spring-boot/components-starter/camel-groovy-starter
[INFO] Reusing the existing pom.xml for the starter
[INFO] 
[INFO] --- camel-package:2.25.0-SNAPSHOT:prepare-spring-boot-auto-configuration (validate) @ camel-groovy ---
[INFO] 
[INFO] --- jar:3.0.2:jar (default-jar) @ camel-groovy ---
[INFO] Building jar: /home/runner/work/sonar-analysis/sonar-analysis/project/components/camel-groovy/target/camel-groovy-2.25.0-SNAPSHOT.jar
[INFO] 
[INFO] --- site:3.7.1:attach-descriptor (attach-descriptor) @ camel-groovy ---
[INFO] Skipping because packaging 'jar' is not pom.
[INFO] 
[INFO] --- camel-package:2.25.0-SNAPSHOT:update-readme (readme) @ camel-groovy ---
[INFO] 
[INFO] --- install:2.5.2:install (default-install) @ camel-groovy ---
[INFO] Installing /home/runner/work/sonar-analysis/sonar-analysis/project/components/camel-groovy/target/camel-groovy-2.25.0-SNAPSHOT.jar to /home/runner/.m2/repository/org/apache/camel/camel-groovy/2.25.0-SNAPSHOT/camel-groovy-2.25.0-SNAPSHOT.jar
[INFO] Installing /home/runner/work/sonar-analysis/sonar-analysis/project/components/camel-groovy/pom.xml to /home/runner/.m2/repository/org/apache/camel/camel-groovy/2.25.0-SNAPSHOT/camel-groovy-2.25.0-SNAPSHOT.pom
[INFO] 
[INFO] -----------------< org.apache.camel:camel-groovy-dsl >------------------
[INFO] Building Camel :: Groovy DSL (deprecated) 2.25.0-SNAPSHOT       [34/807]
[INFO]   from components/camel-groovy-dsl/pom.xml
[INFO] --------------------------------[ jar ]---------------------------------
[INFO] 
[INFO] --- clean:3.1.0:clean (default-clean) @ camel-groovy-dsl ---
[INFO] 
[INFO] --- enforcer:1.4.1:enforce (enforce-maven-version) @ camel-groovy-dsl ---
[INFO] Skipping Rule Enforcement.
[INFO] 
[INFO] --- enforcer:1.4.1:enforce (enforce-maven) @ camel-groovy-dsl ---
[INFO] Skipping Rule Enforcement.
[INFO] 
[INFO] --- bundle:3.5.1:cleanVersions (versions) @ camel-groovy-dsl ---
[INFO] 
[INFO] --- remote-resources:1.5:process (process-resource-bundles) @ camel-groovy-dsl ---
[INFO] 
[INFO] --- camel-package:2.25.0-SNAPSHOT:prepare-components (prepare) @ camel-groovy-dsl ---
[INFO] Generated /home/runner/work/sonar-analysis/sonar-analysis/project/components/camel-groovy-dsl/target/generated/camel/others/META-INF/services/org/apache/camel/other.properties
[INFO] 
[INFO] --- resources:3.0.2:resources (default-resources) @ camel-groovy-dsl ---
[INFO] Using 'UTF-8' encoding to copy filtered resources.
[INFO] Copying 8 resources
[INFO] Copying 3 resources
[INFO] skip non existing resourceDirectory /home/runner/work/sonar-analysis/sonar-analysis/project/components/camel-groovy-dsl/target/generated/camel/components
[INFO] skip non existing resourceDirectory /home/runner/work/sonar-analysis/sonar-analysis/project/components/camel-groovy-dsl/target/generated/camel/dataformats
[INFO] skip non existing resourceDirectory /home/runner/work/sonar-analysis/sonar-analysis/project/components/camel-groovy-dsl/target/generated/camel/languages
[INFO] Copying 1 resource
[INFO] 
[INFO] --- compiler:3.8.0:compile (default-compile) @ camel-groovy-dsl ---
[INFO] Changes detected - recompiling the module!
[INFO] Using Groovy-Eclipse compiler to compile both Java and Groovy files
[INFO] Found location </home/runner/.m2/repository/org/codehaus/groovy/groovy-eclipse-batch/2.4.3-01/groovy-eclipse-batch-2.4.3-01.jar> for className <org.eclipse.jdt.internal.compiler.batch.Main>
[INFO] no javaAgentClass seems to be set
[INFO] Compiling in a forked process using /home/runner/.m2/repository/org/codehaus/groovy/groovy-eclipse-batch/2.4.3-01/groovy-eclipse-batch-2.4.3-01.jar
[INFO] 
[INFO] --- resources:3.0.2:testResources (default-testResources) @ camel-groovy-dsl ---
[INFO] Using 'UTF-8' encoding to copy filtered resources.
[INFO] Copying 4 resources
[INFO] Copying 2 resources
[INFO] Copying 3 resources
[INFO] 
[INFO] --- compiler:3.8.0:testCompile (default-testCompile) @ camel-groovy-dsl ---
[INFO] No sources to compile
[INFO] 
[INFO] --- surefire:2.22.1:test (default-test) @ camel-groovy-dsl ---
[INFO] Tests are skipped.
[INFO] 
[INFO] --- bundle:3.5.1:manifest (bundle-manifest) @ camel-groovy-dsl ---
[WARNING] Manifest org.apache.camel:camel-groovy-dsl:jar:2.25.0-SNAPSHOT : Unused Import-Package instructions: [org.springframework.ws.*, org.springframework.xml.*, org.springframework.*, org.apache.cxf.*, org.apache.qpid.*, org.apache.abdera.*, org.apache.commons.httpclient.*, org.apache.velocity.*, org.apache.xmlbeans.*, org.eclipse.jetty.*, com.thoughtworks.xstream.*, org.antlr.stringtemplate.*, org.ccil.cowan.tagsoup.*, org.mortbay.cometd.*, net.sf.flatpack.*, net.sf.saxon.*, freemarker.*, javax.persistence.*, org.apache.lucene.*, org.apache.solr.*] 
[INFO] 
[INFO] --- camel-package:2.25.0-SNAPSHOT:validate-components (validate) @ camel-groovy-dsl ---
[INFO] Validation complete
[INFO] 
[INFO] --- camel-package:2.25.0-SNAPSHOT:prepare-spring-boot-starter (validate) @ camel-groovy-dsl ---
[INFO] Spring-Boot-Starter: starter not allowed for module camel-groovy-dsl: skipping.
[INFO] 
[INFO] --- camel-package:2.25.0-SNAPSHOT:prepare-spring-boot-auto-configuration (validate) @ camel-groovy-dsl ---
[INFO] Component auto-configuration will not be created: the starter does not exist
[INFO] 
[INFO] --- jar:3.0.2:jar (default-jar) @ camel-groovy-dsl ---
[INFO] Building jar: /home/runner/work/sonar-analysis/sonar-analysis/project/components/camel-groovy-dsl/target/camel-groovy-dsl-2.25.0-SNAPSHOT.jar
[INFO] 
[INFO] --- site:3.7.1:attach-descriptor (attach-descriptor) @ camel-groovy-dsl ---
[INFO] Skipping because packaging 'jar' is not pom.
[INFO] 
[INFO] --- camel-package:2.25.0-SNAPSHOT:update-readme (readme) @ camel-groovy-dsl ---
[INFO] 
[INFO] --- install:2.5.2:install (default-install) @ camel-groovy-dsl ---
[INFO] Installing /home/runner/work/sonar-analysis/sonar-analysis/project/components/camel-groovy-dsl/target/camel-groovy-dsl-2.25.0-SNAPSHOT.jar to /home/runner/.m2/repository/org/apache/camel/camel-groovy-dsl/2.25.0-SNAPSHOT/camel-groovy-dsl-2.25.0-SNAPSHOT.jar
[INFO] Installing /home/runner/work/sonar-analysis/sonar-analysis/project/components/camel-groovy-dsl/pom.xml to /home/runner/.m2/repository/org/apache/camel/camel-groovy-dsl/2.25.0-SNAPSHOT/camel-groovy-dsl-2.25.0-SNAPSHOT.pom
[INFO] 
[INFO] --------------------< org.apache.camel:camel-juel >---------------------
[INFO] Building Camel :: JUEL (deprecated) 2.25.0-SNAPSHOT             [35/807]
[INFO]   from components/camel-juel/pom.xml
[INFO] --------------------------------[ jar ]---------------------------------
[INFO] 
[INFO] --- clean:3.1.0:clean (default-clean) @ camel-juel ---
[INFO] 
[INFO] --- enforcer:1.4.1:enforce (enforce-maven-version) @ camel-juel ---
[INFO] Skipping Rule Enforcement.
[INFO] 
[INFO] --- enforcer:1.4.1:enforce (enforce-maven) @ camel-juel ---
[INFO] Skipping Rule Enforcement.
[INFO] 
[INFO] --- bundle:3.5.1:cleanVersions (versions) @ camel-juel ---
[INFO] 
[INFO] --- remote-resources:1.5:process (process-resource-bundles) @ camel-juel ---
[INFO] 
[INFO] --- camel-package:2.25.0-SNAPSHOT:prepare-components (prepare) @ camel-juel ---
[INFO] Generated /home/runner/work/sonar-analysis/sonar-analysis/project/components/camel-juel/target/generated/camel/languages/META-INF/services/org/apache/camel/language.properties containing 1 Camel language: el
[INFO] 
[INFO] --- resources:3.0.2:resources (default-resources) @ camel-juel ---
[INFO] Using 'UTF-8' encoding to copy filtered resources.
[INFO] Copying 4 resources
[INFO] Copying 3 resources
[INFO] skip non existing resourceDirectory /home/runner/work/sonar-analysis/sonar-analysis/project/components/camel-juel/target/generated/camel/components
[INFO] skip non existing resourceDirectory /home/runner/work/sonar-analysis/sonar-analysis/project/components/camel-juel/target/generated/camel/dataformats
[INFO] Copying 1 resource
[INFO] 
[INFO] --- compiler:3.8.0:compile (default-compile) @ camel-juel ---
[INFO] Changes detected - recompiling the module!
[INFO] Compiling 4 source files to /home/runner/work/sonar-analysis/sonar-analysis/project/components/camel-juel/target/classes
[INFO] 
[INFO] --- resources:3.0.2:testResources (default-testResources) @ camel-juel ---
[INFO] Using 'UTF-8' encoding to copy filtered resources.
[INFO] Copying 2 resources
[INFO] Copying 3 resources
[INFO] 
[INFO] --- compiler:3.8.0:testCompile (default-testCompile) @ camel-juel ---
[INFO] Changes detected - recompiling the module!
[INFO] Compiling 6 source files to /home/runner/work/sonar-analysis/sonar-analysis/project/components/camel-juel/target/test-classes
[INFO] 
[INFO] --- surefire:2.22.1:test (default-test) @ camel-juel ---
[INFO] Tests are skipped.
[INFO] 
[INFO] --- bundle:3.5.1:manifest (bundle-manifest) @ camel-juel ---
[WARNING] Manifest org.apache.camel:camel-juel:jar:2.25.0-SNAPSHOT : Unused Import-Package instructions: [org.springframework.ws.*, org.springframework.xml.*, org.springframework.*, org.apache.cxf.*, org.apache.qpid.*, org.apache.abdera.*, org.apache.commons.httpclient.*, org.apache.velocity.*, org.apache.xmlbeans.*, org.eclipse.jetty.*, com.thoughtworks.xstream.*, org.antlr.stringtemplate.*, org.ccil.cowan.tagsoup.*, org.mortbay.cometd.*, net.sf.flatpack.*, net.sf.saxon.*, freemarker.*, javax.persistence.*, org.apache.lucene.*, org.apache.solr.*] 
[INFO] 
[INFO] --- camel-package:2.25.0-SNAPSHOT:validate-components (validate) @ camel-juel ---
[INFO] Validation complete
[INFO] 
[INFO] --- camel-package:2.25.0-SNAPSHOT:prepare-spring-boot-starter (validate) @ camel-juel ---
[INFO] Spring-Boot-Starter: starter dir for the component is: /home/runner/work/sonar-analysis/sonar-analysis/project/platforms/spring-boot/components-starter/camel-juel-starter
[INFO] Reusing the existing pom.xml for the starter
[INFO] 
[INFO] --- camel-package:2.25.0-SNAPSHOT:prepare-spring-boot-auto-configuration (validate) @ camel-juel ---
[INFO] 
[INFO] --- jar:3.0.2:jar (default-jar) @ camel-juel ---
[INFO] Building jar: /home/runner/work/sonar-analysis/sonar-analysis/project/components/camel-juel/target/camel-juel-2.25.0-SNAPSHOT.jar
[INFO] 
[INFO] --- site:3.7.1:attach-descriptor (attach-descriptor) @ camel-juel ---
[INFO] Skipping because packaging 'jar' is not pom.
[INFO] 
[INFO] --- camel-package:2.25.0-SNAPSHOT:update-readme (readme) @ camel-juel ---
[INFO] 
[INFO] --- install:2.5.2:install (default-install) @ camel-juel ---
[INFO] Installing /home/runner/work/sonar-analysis/sonar-analysis/project/components/camel-juel/target/camel-juel-2.25.0-SNAPSHOT.jar to /home/runner/.m2/repository/org/apache/camel/camel-juel/2.25.0-SNAPSHOT/camel-juel-2.25.0-SNAPSHOT.jar
[INFO] Installing /home/runner/work/sonar-analysis/sonar-analysis/project/components/camel-juel/pom.xml to /home/runner/.m2/repository/org/apache/camel/camel-juel/2.25.0-SNAPSHOT/camel-juel-2.25.0-SNAPSHOT.pom
[INFO] 
[INFO] -------------------< org.apache.camel:camel-jxpath >--------------------
[INFO] Building Camel :: JXPath (deprecated) 2.25.0-SNAPSHOT           [36/807]
[INFO]   from components/camel-jxpath/pom.xml
[INFO] --------------------------------[ jar ]---------------------------------
[INFO] 
[INFO] --- clean:3.1.0:clean (default-clean) @ camel-jxpath ---
[INFO] 
[INFO] --- enforcer:1.4.1:enforce (enforce-maven-version) @ camel-jxpath ---
[INFO] Skipping Rule Enforcement.
[INFO] 
[INFO] --- enforcer:1.4.1:enforce (enforce-maven) @ camel-jxpath ---
[INFO] Skipping Rule Enforcement.
[INFO] 
[INFO] --- bundle:3.5.1:cleanVersions (versions) @ camel-jxpath ---
[INFO] 
[INFO] --- remote-resources:1.5:process (process-resource-bundles) @ camel-jxpath ---
[INFO] 
[INFO] --- camel-package:2.25.0-SNAPSHOT:prepare-components (prepare) @ camel-jxpath ---
[INFO] Generated /home/runner/work/sonar-analysis/sonar-analysis/project/components/camel-jxpath/target/generated/camel/languages/META-INF/services/org/apache/camel/language.properties containing 1 Camel language: jxpath
[INFO] 
[INFO] --- resources:3.0.2:resources (default-resources) @ camel-jxpath ---
[INFO] Using 'UTF-8' encoding to copy filtered resources.
[INFO] Copying 3 resources
[INFO] Copying 3 resources
[INFO] skip non existing resourceDirectory /home/runner/work/sonar-analysis/sonar-analysis/project/components/camel-jxpath/target/generated/camel/components
[INFO] skip non existing resourceDirectory /home/runner/work/sonar-analysis/sonar-analysis/project/components/camel-jxpath/target/generated/camel/dataformats
[INFO] Copying 1 resource
[INFO] 
[INFO] --- compiler:3.8.0:compile (default-compile) @ camel-jxpath ---
[INFO] Changes detected - recompiling the module!
[INFO] Compiling 3 source files to /home/runner/work/sonar-analysis/sonar-analysis/project/components/camel-jxpath/target/classes
[INFO] 
[INFO] --- resources:3.0.2:testResources (default-testResources) @ camel-jxpath ---
[INFO] Using 'UTF-8' encoding to copy filtered resources.
[INFO] Copying 4 resources
[INFO] Copying 3 resources
[INFO] 
[INFO] --- compiler:3.8.0:testCompile (default-testCompile) @ camel-jxpath ---
[INFO] Changes detected - recompiling the module!
[INFO] Compiling 10 source files to /home/runner/work/sonar-analysis/sonar-analysis/project/components/camel-jxpath/target/test-classes
[INFO] 
[INFO] --- surefire:2.22.1:test (default-test) @ camel-jxpath ---
[INFO] Tests are skipped.
[INFO] 
[INFO] --- bundle:3.5.1:manifest (bundle-manifest) @ camel-jxpath ---
[WARNING] Manifest org.apache.camel:camel-jxpath:jar:2.25.0-SNAPSHOT : Unused Import-Package instructions: [org.springframework.ws.*, org.springframework.xml.*, org.springframework.*, org.apache.cxf.*, org.apache.qpid.*, org.apache.abdera.*, org.apache.commons.httpclient.*, org.apache.velocity.*, org.apache.xmlbeans.*, org.eclipse.jetty.*, com.thoughtworks.xstream.*, org.antlr.stringtemplate.*, org.ccil.cowan.tagsoup.*, org.mortbay.cometd.*, org.slf4j.*, net.sf.flatpack.*, net.sf.saxon.*, freemarker.*, javax.persistence.*, org.apache.lucene.*, org.apache.solr.*] 
[INFO] 
[INFO] --- camel-package:2.25.0-SNAPSHOT:validate-components (validate) @ camel-jxpath ---
[INFO] Validation complete
[INFO] 
[INFO] --- camel-package:2.25.0-SNAPSHOT:prepare-spring-boot-starter (validate) @ camel-jxpath ---
[INFO] Spring-Boot-Starter: starter dir for the component is: /home/runner/work/sonar-analysis/sonar-analysis/project/platforms/spring-boot/components-starter/camel-jxpath-starter
[INFO] Reusing the existing pom.xml for the starter
[INFO] 
[INFO] --- camel-package:2.25.0-SNAPSHOT:prepare-spring-boot-auto-configuration (validate) @ camel-jxpath ---
[INFO] 
[INFO] --- jar:3.0.2:jar (default-jar) @ camel-jxpath ---
[INFO] Building jar: /home/runner/work/sonar-analysis/sonar-analysis/project/components/camel-jxpath/target/camel-jxpath-2.25.0-SNAPSHOT.jar
[INFO] 
[INFO] --- site:3.7.1:attach-descriptor (attach-descriptor) @ camel-jxpath ---
[INFO] Skipping because packaging 'jar' is not pom.
[INFO] 
[INFO] --- camel-package:2.25.0-SNAPSHOT:update-readme (readme) @ camel-jxpath ---
[INFO] 
[INFO] --- install:2.5.2:install (default-install) @ camel-jxpath ---
[INFO] Installing /home/runner/work/sonar-analysis/sonar-analysis/project/components/camel-jxpath/target/camel-jxpath-2.25.0-SNAPSHOT.jar to /home/runner/.m2/repository/org/apache/camel/camel-jxpath/2.25.0-SNAPSHOT/camel-jxpath-2.25.0-SNAPSHOT.jar
[INFO] Installing /home/runner/work/sonar-analysis/sonar-analysis/project/components/camel-jxpath/pom.xml to /home/runner/.m2/repository/org/apache/camel/camel-jxpath/2.25.0-SNAPSHOT/camel-jxpath-2.25.0-SNAPSHOT.pom
[INFO] 
[INFO] ------------------< org.apache.camel:camel-velocity >-------------------
[INFO] Building Camel :: Velocity 2.25.0-SNAPSHOT                      [37/807]
[INFO]   from components/camel-velocity/pom.xml
[INFO] --------------------------------[ jar ]---------------------------------
[INFO] 
[INFO] --- clean:3.1.0:clean (default-clean) @ camel-velocity ---
[INFO] 
[INFO] --- enforcer:1.4.1:enforce (enforce-maven-version) @ camel-velocity ---
[INFO] Skipping Rule Enforcement.
[INFO] 
[INFO] --- enforcer:1.4.1:enforce (enforce-maven) @ camel-velocity ---
[INFO] Skipping Rule Enforcement.
[INFO] 
[INFO] --- bundle:3.5.1:cleanVersions (versions) @ camel-velocity ---
[INFO] 
[INFO] --- remote-resources:1.5:process (process-resource-bundles) @ camel-velocity ---
[INFO] 
[INFO] --- camel-package:2.25.0-SNAPSHOT:prepare-components (prepare) @ camel-velocity ---
[INFO] Generated /home/runner/work/sonar-analysis/sonar-analysis/project/components/camel-velocity/target/generated/camel/components/META-INF/services/org/apache/camel/component.properties containing 1 Camel component: velocity
[INFO] 
[INFO] --- resources:3.0.2:resources (default-resources) @ camel-velocity ---
[INFO] Using 'UTF-8' encoding to copy filtered resources.
[INFO] Copying 3 resources
[INFO] Copying 3 resources
[INFO] Copying 1 resource
[INFO] skip non existing resourceDirectory /home/runner/work/sonar-analysis/sonar-analysis/project/components/camel-velocity/target/generated/camel/dataformats
[INFO] skip non existing resourceDirectory /home/runner/work/sonar-analysis/sonar-analysis/project/components/camel-velocity/target/generated/camel/languages
[INFO] 
[INFO] --- compiler:3.8.0:compile (default-compile) @ camel-velocity ---
[INFO] Changes detected - recompiling the module!
[INFO] Compiling 5 source files to /home/runner/work/sonar-analysis/sonar-analysis/project/components/camel-velocity/target/classes
[INFO] 
[INFO] --- resources:3.0.2:testResources (default-testResources) @ camel-velocity ---
[INFO] Using 'UTF-8' encoding to copy filtered resources.
[INFO] Copying 17 resources
[INFO] Copying 3 resources
[INFO] 
[INFO] --- compiler:3.8.0:testCompile (default-testCompile) @ camel-velocity ---
[INFO] Changes detected - recompiling the module!
[INFO] Compiling 21 source files to /home/runner/work/sonar-analysis/sonar-analysis/project/components/camel-velocity/target/test-classes
[INFO] 
[INFO] --- surefire:2.22.1:test (default-test) @ camel-velocity ---
[INFO] Tests are skipped.
[INFO] 
[INFO] --- bundle:3.5.1:manifest (bundle-manifest) @ camel-velocity ---
[WARNING] Manifest org.apache.camel:camel-velocity:jar:2.25.0-SNAPSHOT : Unused Import-Package instructions: [org.springframework.ws.*, org.springframework.xml.*, org.springframework.*, org.apache.cxf.*, org.apache.qpid.*, org.apache.abdera.*, org.apache.commons.httpclient.*, org.apache.xmlbeans.*, org.eclipse.jetty.*, com.thoughtworks.xstream.*, org.antlr.stringtemplate.*, org.ccil.cowan.tagsoup.*, org.mortbay.cometd.*, net.sf.flatpack.*, net.sf.saxon.*, freemarker.*, javax.persistence.*, org.apache.lucene.*, org.apache.solr.*] 
[INFO] 
[INFO] --- camel-package:2.25.0-SNAPSHOT:validate-components (validate) @ camel-velocity ---
[INFO] Validation complete
[INFO] 
[INFO] --- camel-package:2.25.0-SNAPSHOT:prepare-spring-boot-starter (validate) @ camel-velocity ---
[INFO] Spring-Boot-Starter: starter dir for the component is: /home/runner/work/sonar-analysis/sonar-analysis/project/platforms/spring-boot/components-starter/camel-velocity-starter
[INFO] Reusing the existing pom.xml for the starter
[INFO] 
[INFO] --- camel-package:2.25.0-SNAPSHOT:prepare-spring-boot-auto-configuration (validate) @ camel-velocity ---
[INFO] 
[INFO] --- jar:3.0.2:jar (default-jar) @ camel-velocity ---
[INFO] Building jar: /home/runner/work/sonar-analysis/sonar-analysis/project/components/camel-velocity/target/camel-velocity-2.25.0-SNAPSHOT.jar
[INFO] 
[INFO] --- site:3.7.1:attach-descriptor (attach-descriptor) @ camel-velocity ---
[INFO] Skipping because packaging 'jar' is not pom.
[INFO] 
[INFO] --- camel-package:2.25.0-SNAPSHOT:update-readme (readme) @ camel-velocity ---
[INFO] 
[INFO] --- install:2.5.2:install (default-install) @ camel-velocity ---
[INFO] Installing /home/runner/work/sonar-analysis/sonar-analysis/project/components/camel-velocity/target/camel-velocity-2.25.0-SNAPSHOT.jar to /home/runner/.m2/repository/org/apache/camel/camel-velocity/2.25.0-SNAPSHOT/camel-velocity-2.25.0-SNAPSHOT.jar
[INFO] Installing /home/runner/work/sonar-analysis/sonar-analysis/project/components/camel-velocity/pom.xml to /home/runner/.m2/repository/org/apache/camel/camel-velocity/2.25.0-SNAPSHOT/camel-velocity-2.25.0-SNAPSHOT.pom
[INFO] 
[INFO] --------------------< org.apache.camel:camel-scala >--------------------
[INFO] Building Camel :: Scala (deprecated) 2.25.0-SNAPSHOT            [38/807]
[INFO]   from components/camel-scala/pom.xml
[INFO] --------------------------------[ jar ]---------------------------------
[INFO] 
[INFO] --- clean:3.1.0:clean (default-clean) @ camel-scala ---
[INFO] 
[INFO] --- enforcer:1.4.1:enforce (enforce-maven-version) @ camel-scala ---
[INFO] Skipping Rule Enforcement.
[INFO] 
[INFO] --- enforcer:1.4.1:enforce (enforce-maven) @ camel-scala ---
[INFO] Skipping Rule Enforcement.
[INFO] 
[INFO] --- bundle:3.5.1:cleanVersions (versions) @ camel-scala ---
[INFO] 
[INFO] --- remote-resources:1.5:process (process-resource-bundles) @ camel-scala ---
[INFO] 
[INFO] --- camel-package:2.25.0-SNAPSHOT:prepare-components (prepare) @ camel-scala ---
[INFO] Generated /home/runner/work/sonar-analysis/sonar-analysis/project/components/camel-scala/target/generated/camel/others/META-INF/services/org/apache/camel/other.properties
[INFO] 
[INFO] --- resources:3.0.2:resources (default-resources) @ camel-scala ---
[INFO] Using 'UTF-8' encoding to copy filtered resources.
[INFO] Copying 3 resources
[INFO] Copying 3 resources
[INFO] skip non existing resourceDirectory /home/runner/work/sonar-analysis/sonar-analysis/project/components/camel-scala/target/generated/camel/components
[INFO] skip non existing resourceDirectory /home/runner/work/sonar-analysis/sonar-analysis/project/components/camel-scala/target/generated/camel/dataformats
[INFO] skip non existing resourceDirectory /home/runner/work/sonar-analysis/sonar-analysis/project/components/camel-scala/target/generated/camel/languages
[INFO] Copying 1 resource
[INFO] 
[INFO] --- compiler:3.8.0:compile (default-compile) @ camel-scala ---
[INFO] Nothing to compile - all classes are up to date
[INFO] 
[INFO] --- scala:3.2.2:compile (default) @ camel-scala ---
[INFO] /home/runner/work/sonar-analysis/sonar-analysis/project/components/camel-scala/src/main/scala:-1: info: compiling
[INFO] Compiling 48 source files to /home/runner/work/sonar-analysis/sonar-analysis/project/components/camel-scala/target/classes at 1780086042325
[WARNING] /home/runner/work/sonar-analysis/sonar-analysis/project/components/camel-scala/src/main/scala/org/apache/camel/scala/RichMessage.scala:43: warning: method createExchangeId in trait Message is deprecated: see corresponding Javadoc for more information.
[WARNING]   def createExchangeId = message.createExchangeId
[WARNING]                                  ^
[WARNING] /home/runner/work/sonar-analysis/sonar-analysis/project/components/camel-scala/src/main/scala/org/apache/camel/scala/dsl/SAbstractDefinition.scala:82: warning: method inOnly in class ProcessorDefinition is deprecated: see corresponding Javadoc for more information.
[WARNING]   def inOnly = wrap(target.inOnly)
[WARNING]                            ^
[WARNING] /home/runner/work/sonar-analysis/sonar-analysis/project/components/camel-scala/src/main/scala/org/apache/camel/scala/dsl/SAbstractDefinition.scala:84: warning: method inOut in class ProcessorDefinition is deprecated: see corresponding Javadoc for more information.
[WARNING]   def inOut = wrap(target.inOut)
[WARNING]                           ^
[WARNING] /home/runner/work/sonar-analysis/sonar-analysis/project/components/camel-scala/src/main/scala/org/apache/camel/scala/dsl/SAbstractDefinition.scala:131: warning: method routingSlip in class ProcessorDefinition is deprecated: see corresponding Javadoc for more information.
[WARNING]   def routingSlip(header: String) = wrap(target.routingSlip(header))
[WARNING]                                                 ^
[WARNING] /home/runner/work/sonar-analysis/sonar-analysis/project/components/camel-scala/src/main/scala/org/apache/camel/scala/dsl/SAbstractDefinition.scala:133: warning: method routingSlip in class ProcessorDefinition is deprecated: see corresponding Javadoc for more information.
[WARNING]   def routingSlip(header: String, separator: String) = wrap(target.routingSlip(header, separator))
[WARNING]                                                                    ^
[WARNING] /home/runner/work/sonar-analysis/sonar-analysis/project/components/camel-scala/src/main/scala/org/apache/camel/scala/dsl/SAggregateDefinition.scala:56: warning: method groupExchanges in class AggregateDefinition is deprecated: see corresponding Javadoc for more information.
[WARNING]   def groupExchanges = wrap(target.groupExchanges)
[WARNING]                                    ^
[WARNING] /home/runner/work/sonar-analysis/sonar-analysis/project/components/camel-scala/src/main/scala/org/apache/camel/scala/dsl/SLoadBalanceDefinition.scala:29: warning: method circuitBreaker in class LoadBalanceDefinition is deprecated: see corresponding Javadoc for more information.
[WARNING]   = wrap(target.circuitBreaker(threshold, halfOpenAfter, classes: _*))
[WARNING]                 ^
[WARNING] /home/runner/work/sonar-analysis/sonar-analysis/project/components/camel-scala/src/main/scala/org/apache/camel/scala/dsl/builder/RouteBuilder.scala:63: warning: class SerializationDataFormat in package dataformat is deprecated: see corresponding Javadoc for more information.
[WARNING]   val serialization = new org.apache.camel.model.dataformat.SerializationDataFormat
[WARNING]                                                             ^
[ERROR] /home/runner/work/sonar-analysis/sonar-analysis/project/components/camel-scala/src/main/scala/org/apache/camel/scala/dsl/builder/RouteBuilder.scala:133: warning: class LoggingErrorHandlerBuilder in package builder is deprecated: see corresponding Javadoc for more information.
[ERROR]   def loggingErrorHandler : LoggingErrorHandlerBuilder = new LoggingErrorHandlerBuilder
[INFO]                             ^
[ERROR] /home/runner/work/sonar-analysis/sonar-analysis/project/components/camel-scala/src/main/scala/org/apache/camel/scala/dsl/builder/RouteBuilder.scala:133: warning: class LoggingErrorHandlerBuilder in package builder is deprecated: see corresponding Javadoc for more information.
[ERROR]   def loggingErrorHandler : LoggingErrorHandlerBuilder = new LoggingErrorHandlerBuilder
[INFO]                                                              ^
[ERROR] /home/runner/work/sonar-analysis/sonar-analysis/project/components/camel-scala/src/main/scala/org/apache/camel/scala/dsl/builder/RouteBuilder.scala:134: warning: class LoggingErrorHandlerBuilder in package builder is deprecated: see corresponding Javadoc for more information.
[ERROR]   def loggingErrorHandler(log: String) : LoggingErrorHandlerBuilder = loggingErrorHandler(LoggerFactory.getLogger(log))
[INFO]                                          ^
[ERROR] /home/runner/work/sonar-analysis/sonar-analysis/project/components/camel-scala/src/main/scala/org/apache/camel/scala/dsl/builder/RouteBuilder.scala:135: warning: class LoggingErrorHandlerBuilder in package builder is deprecated: see corresponding Javadoc for more information.
[ERROR]   def loggingErrorHandler(log: Logger) : LoggingErrorHandlerBuilder = new LoggingErrorHandlerBuilder(log)
[INFO]                                          ^
[ERROR] /home/runner/work/sonar-analysis/sonar-analysis/project/components/camel-scala/src/main/scala/org/apache/camel/scala/dsl/builder/RouteBuilder.scala:135: warning: class LoggingErrorHandlerBuilder in package builder is deprecated: see corresponding Javadoc for more information.
[ERROR]   def loggingErrorHandler(log: Logger) : LoggingErrorHandlerBuilder = new LoggingErrorHandlerBuilder(log)
[INFO]                                                                           ^
[ERROR] /home/runner/work/sonar-analysis/sonar-analysis/project/components/camel-scala/src/main/scala/org/apache/camel/scala/dsl/builder/RouteBuilder.scala:136: warning: class LoggingErrorHandlerBuilder in package builder is deprecated: see corresponding Javadoc for more information.
[ERROR]   def loggingErrorHandler(log: Logger, level: LoggingLevel) : LoggingErrorHandlerBuilder = new LoggingErrorHandlerBuilder(log, level)
[INFO]                                                               ^
[ERROR] /home/runner/work/sonar-analysis/sonar-analysis/project/components/camel-scala/src/main/scala/org/apache/camel/scala/dsl/builder/RouteBuilder.scala:136: warning: class LoggingErrorHandlerBuilder in package builder is deprecated: see corresponding Javadoc for more information.
[ERROR]   def loggingErrorHandler(log: Logger, level: LoggingLevel) : LoggingErrorHandlerBuilder = new LoggingErrorHandlerBuilder(log, level)
[INFO]                                                                                                ^
[WARNING] warning: there were 18 feature warnings; re-run with -feature for details
[WARNING] 16 warnings found
[INFO] prepare-compile in 0 s
[INFO] compile in 9 s
[INFO] 
[INFO] --- resources:3.0.2:testResources (default-testResources) @ camel-scala ---
[INFO] Using 'UTF-8' encoding to copy filtered resources.
[INFO] Copying 3 resources
[INFO] Copying 3 resources
[INFO] 
[INFO] --- compiler:3.8.0:testCompile (default-testCompile) @ camel-scala ---
[INFO] Nothing to compile - all classes are up to date
[INFO] 
[INFO] --- scala:3.2.2:testCompile (default) @ camel-scala ---
[WARNING] Plugin is modifying testCompileSourceRoots through add(), which will not work in Maven 4.0.0. Use MavenProject.addTestCompileSourceRoot()/removeTestCompileSourceRoot() methods instead. If using a plugin, please upgrade to the latest version or report the issue to the plugin maintainer. To disable these warnings, set -Dmaven.project.sourceRoots.warningsDisabled=true on the command line, in the .mvn/maven.config file, or in project POM properties.
[INFO] /home/runner/work/sonar-analysis/sonar-analysis/project/components/camel-scala/src/test/scala:-1: info: compiling
[INFO] Compiling 92 source files to /home/runner/work/sonar-analysis/sonar-analysis/project/components/camel-scala/target/test-classes at 1780086051680
[WARNING] /home/runner/work/sonar-analysis/sonar-analysis/project/components/camel-scala/src/test/scala/org/apache/camel/scala/dsl/InterceptFromTest.scala:63: warning: class Tracer in package interceptor is deprecated: see corresponding Javadoc for more information.
[WARNING]     context.addInterceptStrategy(new Tracer())
[WARNING]                                      ^
[WARNING] warning: there were 17 feature warnings; re-run with -feature for details
[WARNING] two warnings found
[INFO] prepare-compile in 0 s
[INFO] compile in 8 s
[INFO] 
[INFO] --- surefire:2.22.1:test (default-test) @ camel-scala ---
[INFO] Tests are skipped.
[INFO] 
[INFO] --- bundle:3.5.1:manifest (bundle-manifest) @ camel-scala ---
[WARNING] Manifest org.apache.camel:camel-scala:jar:2.25.0-SNAPSHOT : Unused Import-Package instructions: [org.springframework.ws.*, org.springframework.xml.*, org.springframework.*, org.apache.cxf.*, org.apache.qpid.*, org.apache.abdera.*, org.apache.commons.httpclient.*, org.apache.velocity.*, org.apache.xmlbeans.*, org.eclipse.jetty.*, com.thoughtworks.xstream.*, org.antlr.stringtemplate.*, org.ccil.cowan.tagsoup.*, org.mortbay.cometd.*, net.sf.flatpack.*, net.sf.saxon.*, freemarker.*, javax.persistence.*, org.apache.lucene.*, org.apache.solr.*] 
[INFO] 
[INFO] --- camel-package:2.25.0-SNAPSHOT:validate-components (validate) @ camel-scala ---
[INFO] Validation complete
[INFO] 
[INFO] --- camel-package:2.25.0-SNAPSHOT:prepare-spring-boot-starter (validate) @ camel-scala ---
[INFO] Spring-Boot-Starter: starter not allowed for module camel-scala: skipping.
[INFO] 
[INFO] --- camel-package:2.25.0-SNAPSHOT:prepare-spring-boot-auto-configuration (validate) @ camel-scala ---
[INFO] Component auto-configuration will not be created: the starter does not exist
[INFO] 
[INFO] --- jar:3.0.2:jar (default-jar) @ camel-scala ---
[INFO] Building jar: /home/runner/work/sonar-analysis/sonar-analysis/project/components/camel-scala/target/camel-scala-2.25.0-SNAPSHOT.jar
[INFO] 
[INFO] --- site:3.7.1:attach-descriptor (attach-descriptor) @ camel-scala ---
[INFO] Skipping because packaging 'jar' is not pom.
[INFO] 
[INFO] --- camel-package:2.25.0-SNAPSHOT:update-readme (readme) @ camel-scala ---
[INFO] 
[INFO] --- install:2.5.2:install (default-install) @ camel-scala ---
[INFO] Installing /home/runner/work/sonar-analysis/sonar-analysis/project/components/camel-scala/target/camel-scala-2.25.0-SNAPSHOT.jar to /home/runner/.m2/repository/org/apache/camel/camel-scala/2.25.0-SNAPSHOT/camel-scala-2.25.0-SNAPSHOT.jar
[INFO] Installing /home/runner/work/sonar-analysis/sonar-analysis/project/components/camel-scala/pom.xml to /home/runner/.m2/repository/org/apache/camel/camel-scala/2.25.0-SNAPSHOT/camel-scala-2.25.0-SNAPSHOT.pom
[INFO] 
[INFO] -----------------< org.apache.camel:camel-http-common >-----------------
[INFO] Building Camel :: HTTP :: Common 2.25.0-SNAPSHOT                [39/807]
[INFO]   from components/camel-http-common/pom.xml
[INFO] --------------------------------[ jar ]---------------------------------
[INFO] 
[INFO] --- clean:3.1.0:clean (default-clean) @ camel-http-common ---
[INFO] 
[INFO] --- enforcer:1.4.1:enforce (enforce-maven-version) @ camel-http-common ---
[INFO] Skipping Rule Enforcement.
[INFO] 
[INFO] --- enforcer:1.4.1:enforce (enforce-maven) @ camel-http-common ---
[INFO] Skipping Rule Enforcement.
[INFO] 
[INFO] --- bundle:3.5.1:cleanVersions (versions) @ camel-http-common ---
[INFO] 
[INFO] --- remote-resources:1.5:process (process-resource-bundles) @ camel-http-common ---
[INFO] 
[INFO] --- camel-package:2.25.0-SNAPSHOT:prepare-components (prepare) @ camel-http-common ---
[INFO] Generated /home/runner/work/sonar-analysis/sonar-analysis/project/components/camel-http-common/target/generated/camel/others/META-INF/services/org/apache/camel/other.properties
[INFO] 
[INFO] --- resources:3.0.2:resources (default-resources) @ camel-http-common ---
[INFO] Using 'UTF-8' encoding to copy filtered resources.
[INFO] Copying 3 resources
[INFO] Copying 3 resources
[INFO] skip non existing resourceDirectory /home/runner/work/sonar-analysis/sonar-analysis/project/components/camel-http-common/target/generated/camel/components
[INFO] skip non existing resourceDirectory /home/runner/work/sonar-analysis/sonar-analysis/project/components/camel-http-common/target/generated/camel/dataformats
[INFO] skip non existing resourceDirectory /home/runner/work/sonar-analysis/sonar-analysis/project/components/camel-http-common/target/generated/camel/languages
[INFO] Copying 1 resource
[INFO] 
[INFO] --- compiler:3.8.0:compile (default-compile) @ camel-http-common ---
[INFO] Changes detected - recompiling the module!
[INFO] Compiling 31 source files to /home/runner/work/sonar-analysis/sonar-analysis/project/components/camel-http-common/target/classes
[INFO] 
[INFO] --- resources:3.0.2:testResources (default-testResources) @ camel-http-common ---
[INFO] Using 'UTF-8' encoding to copy filtered resources.
[INFO] Copying 1 resource
[INFO] Copying 3 resources
[INFO] 
[INFO] --- compiler:3.8.0:testCompile (default-testCompile) @ camel-http-common ---
[INFO] Changes detected - recompiling the module!
[INFO] Compiling 6 source files to /home/runner/work/sonar-analysis/sonar-analysis/project/components/camel-http-common/target/test-classes
[INFO] 
[INFO] --- surefire:2.22.1:test (default-test) @ camel-http-common ---
[INFO] Tests are skipped.
[INFO] 
[INFO] --- bundle:3.5.1:manifest (bundle-manifest) @ camel-http-common ---
[WARNING] Manifest org.apache.camel:camel-http-common:jar:2.25.0-SNAPSHOT : Unused Import-Package instructions: [org.springframework.ws.*, org.springframework.xml.*, org.springframework.*, org.apache.cxf.*, org.apache.qpid.*, org.apache.abdera.*, org.apache.commons.httpclient.*, org.apache.velocity.*, org.apache.xmlbeans.*, org.eclipse.jetty.*, com.thoughtworks.xstream.*, org.antlr.stringtemplate.*, org.ccil.cowan.tagsoup.*, org.mortbay.cometd.*, net.sf.flatpack.*, net.sf.saxon.*, freemarker.*, javax.persistence.*, org.apache.lucene.*, org.apache.solr.*] 
[INFO] 
[INFO] --- camel-package:2.25.0-SNAPSHOT:validate-components (validate) @ camel-http-common ---
[INFO] Validation complete
[INFO] 
[INFO] --- camel-package:2.25.0-SNAPSHOT:prepare-spring-boot-starter (validate) @ camel-http-common ---
[INFO] Spring-Boot-Starter: starter dir for the component is: /home/runner/work/sonar-analysis/sonar-analysis/project/platforms/spring-boot/components-starter/camel-http-common-starter
[INFO] Reusing the existing pom.xml for the starter
[INFO] 
[INFO] --- camel-package:2.25.0-SNAPSHOT:prepare-spring-boot-auto-configuration (validate) @ camel-http-common ---
[INFO] 
[INFO] --- jar:3.0.2:jar (default-jar) @ camel-http-common ---
[INFO] Building jar: /home/runner/work/sonar-analysis/sonar-analysis/project/components/camel-http-common/target/camel-http-common-2.25.0-SNAPSHOT.jar
[INFO] 
[INFO] --- site:3.7.1:attach-descriptor (attach-descriptor) @ camel-http-common ---
[INFO] Skipping because packaging 'jar' is not pom.
[INFO] 
[INFO] --- camel-package:2.25.0-SNAPSHOT:update-readme (readme) @ camel-http-common ---
[INFO] 
[INFO] --- install:2.5.2:install (default-install) @ camel-http-common ---
[INFO] Installing /home/runner/work/sonar-analysis/sonar-analysis/project/components/camel-http-common/target/camel-http-common-2.25.0-SNAPSHOT.jar to /home/runner/.m2/repository/org/apache/camel/camel-http-common/2.25.0-SNAPSHOT/camel-http-common-2.25.0-SNAPSHOT.jar
[INFO] Installing /home/runner/work/sonar-analysis/sonar-analysis/project/components/camel-http-common/pom.xml to /home/runner/.m2/repository/org/apache/camel/camel-http-common/2.25.0-SNAPSHOT/camel-http-common-2.25.0-SNAPSHOT.pom
[INFO] 
[INFO] --------------------< org.apache.camel:camel-http >---------------------
[INFO] Building Camel :: HTTP (deprecated) 2.25.0-SNAPSHOT             [40/807]
[INFO]   from components/camel-http/pom.xml
[INFO] --------------------------------[ jar ]---------------------------------
[INFO] 
[INFO] --- clean:3.1.0:clean (default-clean) @ camel-http ---
[INFO] 
[INFO] --- enforcer:1.4.1:enforce (enforce-maven-version) @ camel-http ---
[INFO] Skipping Rule Enforcement.
[INFO] 
[INFO] --- enforcer:1.4.1:enforce (enforce-maven) @ camel-http ---
[INFO] Skipping Rule Enforcement.
[INFO] 
[INFO] --- bundle:3.5.1:cleanVersions (versions) @ camel-http ---
[INFO] 
[INFO] --- remote-resources:1.5:process (process-resource-bundles) @ camel-http ---
[INFO] 
[INFO] --- camel-package:2.25.0-SNAPSHOT:prepare-components (prepare) @ camel-http ---
[INFO] Generated /home/runner/work/sonar-analysis/sonar-analysis/project/components/camel-http/target/generated/camel/components/META-INF/services/org/apache/camel/component.properties containing 2 Camel components: http https
[INFO] 
[INFO] --- resources:3.0.2:resources (default-resources) @ camel-http ---
[INFO] Using 'UTF-8' encoding to copy filtered resources.
[INFO] Copying 7 resources
[INFO] Copying 3 resources
[INFO] Copying 1 resource
[INFO] skip non existing resourceDirectory /home/runner/work/sonar-analysis/sonar-analysis/project/components/camel-http/target/generated/camel/dataformats
[INFO] skip non existing resourceDirectory /home/runner/work/sonar-analysis/sonar-analysis/project/components/camel-http/target/generated/camel/languages
[INFO] 
[INFO] --- compiler:3.8.0:compile (default-compile) @ camel-http ---
[INFO] Changes detected - recompiling the module!
[INFO] Compiling 16 source files to /home/runner/work/sonar-analysis/sonar-analysis/project/components/camel-http/target/classes
[INFO] 
[INFO] --- resources:3.0.2:testResources (default-testResources) @ camel-http ---
[INFO] Using 'UTF-8' encoding to copy filtered resources.
[INFO] Copying 1 resource
[INFO] Copying 3 resources
[INFO] 
[INFO] --- compiler:3.8.0:testCompile (default-testCompile) @ camel-http ---
[INFO] Changes detected - recompiling the module!
[INFO] Compiling 42 source files to /home/runner/work/sonar-analysis/sonar-analysis/project/components/camel-http/target/test-classes
[INFO] 
[INFO] --- surefire:2.22.1:test (default-test) @ camel-http ---
[INFO] Tests are skipped.
[INFO] 
[INFO] --- bundle:3.5.1:manifest (bundle-manifest) @ camel-http ---
[WARNING] Manifest org.apache.camel:camel-http:jar:2.25.0-SNAPSHOT : Unused Import-Package instructions: [org.springframework.ws.*, org.springframework.xml.*, org.springframework.*, org.apache.cxf.*, org.apache.qpid.*, org.apache.abdera.*, org.apache.velocity.*, org.apache.xmlbeans.*, org.eclipse.jetty.*, com.thoughtworks.xstream.*, org.antlr.stringtemplate.*, org.ccil.cowan.tagsoup.*, org.mortbay.cometd.*, net.sf.flatpack.*, net.sf.saxon.*, freemarker.*, javax.persistence.*, org.apache.lucene.*, org.apache.solr.*] 
[INFO] 
[INFO] --- camel-package:2.25.0-SNAPSHOT:validate-components (validate) @ camel-http ---
[INFO] Validation complete
[INFO] 
[INFO] --- camel-package:2.25.0-SNAPSHOT:prepare-spring-boot-starter (validate) @ camel-http ---
[INFO] Spring-Boot-Starter: starter dir for the component is: /home/runner/work/sonar-analysis/sonar-analysis/project/platforms/spring-boot/components-starter/camel-http-starter
[INFO] Reusing the existing pom.xml for the starter
[INFO] Spring-Boot-Starter: the following dependencies will be removed from the starter: [commons-logging:commons-logging]
[INFO] 
[INFO] --- camel-package:2.25.0-SNAPSHOT:prepare-spring-boot-auto-configuration (validate) @ camel-http ---
[INFO] 
[INFO] --- jar:3.0.2:jar (default-jar) @ camel-http ---
[INFO] Building jar: /home/runner/work/sonar-analysis/sonar-analysis/project/components/camel-http/target/camel-http-2.25.0-SNAPSHOT.jar
[INFO] 
[INFO] --- site:3.7.1:attach-descriptor (attach-descriptor) @ camel-http ---
[INFO] Skipping because packaging 'jar' is not pom.
[INFO] 
[INFO] --- camel-package:2.25.0-SNAPSHOT:update-readme (readme) @ camel-http ---
[INFO] 
[INFO] --- install:2.5.2:install (default-install) @ camel-http ---
[INFO] Installing /home/runner/work/sonar-analysis/sonar-analysis/project/components/camel-http/target/camel-http-2.25.0-SNAPSHOT.jar to /home/runner/.m2/repository/org/apache/camel/camel-http/2.25.0-SNAPSHOT/camel-http-2.25.0-SNAPSHOT.jar
[INFO] Installing /home/runner/work/sonar-analysis/sonar-analysis/project/components/camel-http/pom.xml to /home/runner/.m2/repository/org/apache/camel/camel-http/2.25.0-SNAPSHOT/camel-http-2.25.0-SNAPSHOT.pom
[INFO] 
[INFO] --------------------< org.apache.camel:camel-http4 >--------------------
[INFO] Building Camel :: HTTP4 2.25.0-SNAPSHOT                         [41/807]
[INFO]   from components/camel-http4/pom.xml
[INFO] --------------------------------[ jar ]---------------------------------
[INFO] 
[INFO] --- clean:3.1.0:clean (default-clean) @ camel-http4 ---
[INFO] 
[INFO] --- enforcer:1.4.1:enforce (enforce-maven-version) @ camel-http4 ---
[INFO] Skipping Rule Enforcement.
[INFO] 
[INFO] --- enforcer:1.4.1:enforce (enforce-maven) @ camel-http4 ---
[INFO] Skipping Rule Enforcement.
[INFO] 
[INFO] --- bundle:3.5.1:cleanVersions (versions) @ camel-http4 ---
[INFO] 
[INFO] --- remote-resources:1.5:process (process-resource-bundles) @ camel-http4 ---
[INFO] 
[INFO] --- camel-package:2.25.0-SNAPSHOT:prepare-components (prepare) @ camel-http4 ---
[INFO] Generated /home/runner/work/sonar-analysis/sonar-analysis/project/components/camel-http4/target/generated/camel/components/META-INF/services/org/apache/camel/component.properties containing 2 Camel components: https4 http4
[INFO] 
[INFO] --- resources:3.0.2:resources (default-resources) @ camel-http4 ---
[INFO] Using 'UTF-8' encoding to copy filtered resources.
[INFO] Copying 9 resources
[INFO] Copying 3 resources
[INFO] Copying 1 resource
[INFO] skip non existing resourceDirectory /home/runner/work/sonar-analysis/sonar-analysis/project/components/camel-http4/target/generated/camel/dataformats
[INFO] skip non existing resourceDirectory /home/runner/work/sonar-analysis/sonar-analysis/project/components/camel-http4/target/generated/camel/languages
[INFO] 
[INFO] --- compiler:3.8.0:compile (default-compile) @ camel-http4 ---
[INFO] Changes detected - recompiling the module!
[INFO] Compiling 21 source files to /home/runner/work/sonar-analysis/sonar-analysis/project/components/camel-http4/target/classes
[INFO] 
[INFO] --- resources:3.0.2:testResources (default-testResources) @ camel-http4 ---
[INFO] Using 'UTF-8' encoding to copy filtered resources.
[INFO] Copying 3 resources
[INFO] Copying 3 resources
[INFO] 
[INFO] --- compiler:3.8.0:testCompile (default-testCompile) @ camel-http4 ---
[INFO] Changes detected - recompiling the module!
[INFO] Compiling 68 source files to /home/runner/work/sonar-analysis/sonar-analysis/project/components/camel-http4/target/test-classes
[INFO] 
[INFO] --- surefire:2.22.1:test (default-test) @ camel-http4 ---
[INFO] Tests are skipped.
[INFO] 
[INFO] --- bundle:3.5.1:manifest (bundle-manifest) @ camel-http4 ---
[WARNING] Manifest org.apache.camel:camel-http4:jar:2.25.0-SNAPSHOT : Unused Import-Package instructions: [javax.servlet.*, org.springframework.ws.*, org.springframework.xml.*, org.springframework.*, org.apache.cxf.*, org.apache.qpid.*, org.apache.abdera.*, org.apache.commons.httpclient.*, org.apache.velocity.*, org.apache.xmlbeans.*, org.eclipse.jetty.*, com.thoughtworks.xstream.*, org.antlr.stringtemplate.*, org.ccil.cowan.tagsoup.*, org.mortbay.cometd.*, net.sf.flatpack.*, net.sf.saxon.*, freemarker.*, javax.persistence.*, org.apache.lucene.*, org.apache.solr.*] 
[INFO] 
[INFO] --- camel-package:2.25.0-SNAPSHOT:validate-components (validate) @ camel-http4 ---
[INFO] Validation complete
[INFO] 
[INFO] --- camel-package:2.25.0-SNAPSHOT:prepare-spring-boot-starter (validate) @ camel-http4 ---
[INFO] Spring-Boot-Starter: starter dir for the component is: /home/runner/work/sonar-analysis/sonar-analysis/project/platforms/spring-boot/components-starter/camel-http4-starter
[INFO] Reusing the existing pom.xml for the starter
[INFO] Spring-Boot-Starter: the following dependencies will be removed from the starter: [commons-logging:commons-logging]
[INFO] 
[INFO] --- camel-package:2.25.0-SNAPSHOT:prepare-spring-boot-auto-configuration (validate) @ camel-http4 ---
[INFO] 
[INFO] --- jar:3.0.2:jar (default-jar) @ camel-http4 ---
[INFO] Building jar: /home/runner/work/sonar-analysis/sonar-analysis/project/components/camel-http4/target/camel-http4-2.25.0-SNAPSHOT.jar
[INFO] 
[INFO] --- site:3.7.1:attach-descriptor (attach-descriptor) @ camel-http4 ---
[INFO] Skipping because packaging 'jar' is not pom.
[INFO] 
[INFO] --- camel-package:2.25.0-SNAPSHOT:update-readme (readme) @ camel-http4 ---
[INFO] 
[INFO] --- install:2.5.2:install (default-install) @ camel-http4 ---
[INFO] Installing /home/runner/work/sonar-analysis/sonar-analysis/project/components/camel-http4/target/camel-http4-2.25.0-SNAPSHOT.jar to /home/runner/.m2/repository/org/apache/camel/camel-http4/2.25.0-SNAPSHOT/camel-http4-2.25.0-SNAPSHOT.jar
[INFO] Installing /home/runner/work/sonar-analysis/sonar-analysis/project/components/camel-http4/pom.xml to /home/runner/.m2/repository/org/apache/camel/camel-http4/2.25.0-SNAPSHOT/camel-http4-2.25.0-SNAPSHOT.pom
[INFO] 
[INFO] -------------------< org.apache.camel:camel-hystrix >-------------------
[INFO] Building Camel :: Hystrix 2.25.0-SNAPSHOT                       [42/807]
[INFO]   from components/camel-hystrix/pom.xml
[INFO] --------------------------------[ jar ]---------------------------------
[INFO] 
[INFO] --- clean:3.1.0:clean (default-clean) @ camel-hystrix ---
[INFO] 
[INFO] --- enforcer:1.4.1:enforce (enforce-maven-version) @ camel-hystrix ---
[INFO] Skipping Rule Enforcement.
[INFO] 
[INFO] --- enforcer:1.4.1:enforce (enforce-maven) @ camel-hystrix ---
[INFO] Skipping Rule Enforcement.
[INFO] 
[INFO] --- bundle:3.5.1:cleanVersions (versions) @ camel-hystrix ---
[INFO] 
[INFO] --- remote-resources:1.5:process (process-resource-bundles) @ camel-hystrix ---
[INFO] 
[INFO] --- camel-package:2.25.0-SNAPSHOT:prepare-components (prepare) @ camel-hystrix ---
[INFO] Generated /home/runner/work/sonar-analysis/sonar-analysis/project/components/camel-hystrix/target/generated/camel/others/META-INF/services/org/apache/camel/other.properties
[INFO] 
[INFO] --- resources:3.0.2:resources (default-resources) @ camel-hystrix ---
[INFO] Using 'UTF-8' encoding to copy filtered resources.
[INFO] Copying 3 resources
[INFO] Copying 3 resources
[INFO] skip non existing resourceDirectory /home/runner/work/sonar-analysis/sonar-analysis/project/components/camel-hystrix/target/generated/camel/components
[INFO] skip non existing resourceDirectory /home/runner/work/sonar-analysis/sonar-analysis/project/components/camel-hystrix/target/generated/camel/dataformats
[INFO] skip non existing resourceDirectory /home/runner/work/sonar-analysis/sonar-analysis/project/components/camel-hystrix/target/generated/camel/languages
[INFO] Copying 1 resource
[INFO] 
[INFO] --- compiler:3.8.0:compile (default-compile) @ camel-hystrix ---
[INFO] Changes detected - recompiling the module!
[INFO] Compiling 7 source files to /home/runner/work/sonar-analysis/sonar-analysis/project/components/camel-hystrix/target/classes
[INFO] 
[INFO] --- resources:3.0.2:testResources (default-testResources) @ camel-hystrix ---
[INFO] Using 'UTF-8' encoding to copy filtered resources.
[INFO] Copying 9 resources
[INFO] Copying 3 resources
[INFO] 
[INFO] --- compiler:3.8.0:testCompile (default-testCompile) @ camel-hystrix ---
[INFO] Changes detected - recompiling the module!
[INFO] Compiling 20 source files to /home/runner/work/sonar-analysis/sonar-analysis/project/components/camel-hystrix/target/test-classes
[INFO] 
[INFO] --- surefire:2.22.1:test (default-test) @ camel-hystrix ---
[INFO] Tests are skipped.
[INFO] 
[INFO] --- bundle:3.5.1:manifest (bundle-manifest) @ camel-hystrix ---
[WARNING] Manifest org.apache.camel:camel-hystrix:jar:2.25.0-SNAPSHOT : Unused Import-Package instructions: [org.springframework.ws.*, org.springframework.xml.*, org.springframework.*, org.apache.cxf.*, org.apache.qpid.*, org.apache.abdera.*, org.apache.commons.httpclient.*, org.apache.velocity.*, org.apache.xmlbeans.*, org.eclipse.jetty.*, com.thoughtworks.xstream.*, org.antlr.stringtemplate.*, org.ccil.cowan.tagsoup.*, org.mortbay.cometd.*, net.sf.flatpack.*, net.sf.saxon.*, freemarker.*, javax.persistence.*, org.apache.lucene.*, org.apache.solr.*] 
[INFO] 
[INFO] --- camel-package:2.25.0-SNAPSHOT:validate-components (validate) @ camel-hystrix ---
[INFO] Validation complete
[INFO] 
[INFO] --- camel-package:2.25.0-SNAPSHOT:prepare-spring-boot-starter (validate) @ camel-hystrix ---
[INFO] Spring-Boot-Starter: starter dir for the component is: /home/runner/work/sonar-analysis/sonar-analysis/project/platforms/spring-boot/components-starter/camel-hystrix-starter
[INFO] Reusing the existing pom.xml for the starter
[INFO] Spring-Boot-Starter: the following dependencies will be removed from the starter: [commons-logging:commons-logging]
[INFO] 
[INFO] --- camel-package:2.25.0-SNAPSHOT:prepare-spring-boot-auto-configuration (validate) @ camel-hystrix ---
[INFO] 
[INFO] --- jar:3.0.2:jar (default-jar) @ camel-hystrix ---
[INFO] Building jar: /home/runner/work/sonar-analysis/sonar-analysis/project/components/camel-hystrix/target/camel-hystrix-2.25.0-SNAPSHOT.jar
[INFO] 
[INFO] --- site:3.7.1:attach-descriptor (attach-descriptor) @ camel-hystrix ---
[INFO] Skipping because packaging 'jar' is not pom.
[INFO] 
[INFO] --- camel-package:2.25.0-SNAPSHOT:update-readme (readme) @ camel-hystrix ---
[INFO] 
[INFO] --- install:2.5.2:install (default-install) @ camel-hystrix ---
[INFO] Installing /home/runner/work/sonar-analysis/sonar-analysis/project/components/camel-hystrix/target/camel-hystrix-2.25.0-SNAPSHOT.jar to /home/runner/.m2/repository/org/apache/camel/camel-hystrix/2.25.0-SNAPSHOT/camel-hystrix-2.25.0-SNAPSHOT.jar
[INFO] Installing /home/runner/work/sonar-analysis/sonar-analysis/project/components/camel-hystrix/pom.xml to /home/runner/.m2/repository/org/apache/camel/camel-hystrix/2.25.0-SNAPSHOT/camel-hystrix-2.25.0-SNAPSHOT.pom
[INFO] 
[INFO] --------------------< org.apache.camel:camel-ipfs >---------------------
[INFO] Building Camel :: IPFS 2.25.0-SNAPSHOT                          [43/807]
[INFO]   from components/camel-ipfs/pom.xml
[INFO] --------------------------------[ jar ]---------------------------------
[WARNING] The POM for io.nessus:nessus-ipfs-client:jar:1.0.0.Beta4 is missing, no dependency information available
[INFO] ------------------------------------------------------------------------
[INFO] Reactor Summary for Camel 2.25.0-SNAPSHOT:
[INFO] 
[INFO] Camel .............................................. SUCCESS [  5.021 s]
[INFO] Camel :: Parent .................................... SUCCESS [  2.512 s]
[INFO] Camel :: Etc ....................................... SUCCESS [  0.050 s]
[INFO] Camel :: Tooling ................................... SUCCESS [  0.039 s]
[INFO] Camel :: Maven Plugins ............................. SUCCESS [  0.038 s]
[INFO] Camel :: Maven Plugins :: BOM Generator ............ SUCCESS [ 12.017 s]
[INFO] Camel :: BOM :: Generator .......................... SUCCESS [  0.214 s]
[INFO] Camel :: BOM ....................................... SUCCESS [  0.017 s]
[INFO] Camel :: Buildtools ................................ SUCCESS [  2.975 s]
[INFO] Camel :: SPI Annotations ........................... SUCCESS [  0.878 s]
[INFO] Camel :: JSon Simple Ordered ....................... SUCCESS [  4.139 s]
[INFO] Camel :: Annotation Processor ...................... SUCCESS [  2.934 s]
[INFO] Camel :: Maven Plugins :: Camel Maven Package ...... SUCCESS [ 14.921 s]
[INFO] Camel :: Core ...................................... SUCCESS [ 41.007 s]
[INFO] Camel :: Components ................................ SUCCESS [  0.062 s]
[INFO] Camel :: Test ...................................... SUCCESS [  2.254 s]
[INFO] Camel :: Core XML .................................. SUCCESS [  2.306 s]
[INFO] Camel :: Maven Plugins :: Camel EIP Documentation Enricher Plugin SUCCESS [  4.714 s]
[INFO] Camel :: Spring .................................... SUCCESS [ 21.395 s]
[INFO] Camel :: Test :: Spring ............................ SUCCESS [  2.305 s]
[INFO] Camel :: Spring JavaConfig ......................... SUCCESS [  2.950 s]
[INFO] Camel :: TestNG (deprecated) ....................... SUCCESS [  3.164 s]
[INFO] Camel :: Core OSGi ................................. SUCCESS [  3.670 s]
[INFO] Camel :: Blueprint ................................. SUCCESS [ 11.676 s]
[INFO] Camel :: Test :: Blueprint ......................... SUCCESS [  8.372 s]
[INFO] Camel :: Context (deprecated) ...................... SUCCESS [  1.685 s]
[INFO] Camel :: CDI ....................................... SUCCESS [ 27.418 s]
[INFO] Camel :: Test :: CDI ............................... SUCCESS [  8.648 s]
[INFO] Camel :: Test :: Karaf ............................. SUCCESS [ 40.810 s]
[INFO] Camel :: Testcontainers ............................ SUCCESS [  6.564 s]
[INFO] Camel :: Testcontainers :: Spring .................. SUCCESS [  1.585 s]
[INFO] Camel :: BAM (deprecated) .......................... SUCCESS [  5.374 s]
[INFO] Camel :: Groovy .................................... SUCCESS [  1.773 s]
[INFO] Camel :: Groovy DSL (deprecated) ................... SUCCESS [  0.969 s]
[INFO] Camel :: JUEL (deprecated) ......................... SUCCESS [  2.724 s]
[INFO] Camel :: JXPath (deprecated) ....................... SUCCESS [  2.025 s]
[INFO] Camel :: Velocity .................................. SUCCESS [  3.494 s]
[INFO] Camel :: Scala (deprecated) ........................ SUCCESS [ 21.091 s]
[INFO] Camel :: HTTP :: Common ............................ SUCCESS [  2.142 s]
[INFO] Camel :: HTTP (deprecated) ......................... SUCCESS [  4.538 s]
[INFO] Camel :: HTTP4 ..................................... SUCCESS [  5.283 s]
[INFO] Camel :: Hystrix ................................... SUCCESS [  6.096 s]
[INFO] Camel :: IPFS ...................................... FAILURE [  5.247 s]
[INFO] Camel :: Jackson ................................... SKIPPED
[INFO] Camel :: JAXB ...................................... SKIPPED
[INFO] Camel :: Jetty :: Common ........................... SKIPPED
[INFO] Camel :: Swagger Java .............................. SKIPPED
[INFO] Camel :: Jetty9 .................................... SKIPPED
[INFO] Camel :: Jetty ..................................... SKIPPED
[INFO] Camel :: Undertow .................................. SKIPPED
[INFO] Camel :: CXF :: Transport .......................... SKIPPED
[INFO] Camel :: CXF ....................................... SKIPPED
[INFO] Camel :: JMS ....................................... SKIPPED
[INFO] Camel :: Master .................................... SKIPPED
[INFO] Camel :: Service ................................... SKIPPED
[INFO] Camel :: Ribbon .................................... SKIPPED
[INFO] Camel :: AHC ....................................... SKIPPED
[INFO] Camel :: AHC-WS .................................... SKIPPED
[INFO] Camel :: AMQP ...................................... SKIPPED
[INFO] Camel :: APNS ...................................... SKIPPED
[INFO] Camel :: AS2 :: Parent ............................. SKIPPED
[INFO] Camel :: AS2 :: API ................................ SKIPPED
[INFO] Camel :: Maven Plugins :: Camel API Component Plugin SKIPPED
[INFO] Camel :: AS2 :: Component .......................... SKIPPED
[INFO] Camel :: ASN.1 ..................................... SKIPPED
[INFO] Camel :: Asterisk .................................. SKIPPED
[INFO] Camel :: Atmos ..................................... SKIPPED
[INFO] Camel :: Servlet ................................... SKIPPED
[INFO] Camel :: Atmosphere WebSocket Servlet .............. SKIPPED
[INFO] Camel :: Atom ...................................... SKIPPED
[INFO] Camel :: Atomix .................................... SKIPPED
[INFO] Camel :: Avro ...................................... SKIPPED
[INFO] Camel :: AWS ....................................... SKIPPED
[INFO] Camel :: AWS :: XRay ............................... SKIPPED
[INFO] Camel :: Azure ..................................... SKIPPED
[INFO] Camel :: Base64 .................................... SKIPPED
[INFO] Camel :: BeanIO .................................... SKIPPED
[INFO] Camel :: Beanstalk ................................. SKIPPED
[INFO] Camel :: Bean validator ............................ SKIPPED
[INFO] Camel :: Barcode ................................... SKIPPED
[INFO] Camel :: Spring Boot ............................... SKIPPED
[INFO] Camel :: Bindy ..................................... SKIPPED
[INFO] Camel :: Bonita .................................... SKIPPED
[INFO] Camel :: Boon ...................................... SKIPPED
[INFO] Camel :: Box :: Parent ............................. SKIPPED
[INFO] Camel :: Box :: API ................................ SKIPPED
[INFO] Camel :: Box :: Component .......................... SKIPPED
[INFO] Camel :: Braintree ................................. SKIPPED
[INFO] Camel :: Cache (deprecated) ........................ SKIPPED
[INFO] Camel :: Caffeine .................................. SKIPPED
[INFO] Camel :: Cassandra CQL ............................. SKIPPED
[INFO] Camel :: Castor (deprecated) ....................... SKIPPED
[INFO] Camel :: Chronicle (deprecated) .................... SKIPPED
[INFO] Camel :: Chunk ..................................... SKIPPED
[INFO] Camel :: CM SMS .................................... SKIPPED
[INFO] Camel :: CMIS ...................................... SKIPPED
[INFO] Camel :: CoAP ...................................... SKIPPED
[INFO] Camel :: Cometd .................................... SKIPPED
[INFO] Camel :: Consul .................................... SKIPPED
[INFO] Camel :: Corda ..................................... SKIPPED
[INFO] Camel :: Couchbase ................................. SKIPPED
[INFO] Camel :: CouchDB ................................... SKIPPED
[INFO] Camel :: Crypto .................................... SKIPPED
[INFO] Camel :: Crypto CMS ................................ SKIPPED
[INFO] Camel :: CSV ....................................... SKIPPED
[INFO] Camel :: DigitalOcean .............................. SKIPPED
[INFO] Camel :: Disruptor ................................. SKIPPED
[INFO] Camel :: DNS ....................................... SKIPPED
[INFO] Camel :: Docker .................................... SKIPPED
[INFO] Camel :: Dozer ..................................... SKIPPED
[INFO] Camel :: Drill ..................................... SKIPPED
[INFO] Camel :: Dropbox ................................... SKIPPED
[INFO] Camel :: Eclipse (deprecated) ...................... SKIPPED
[INFO] Camel :: Ehcache ................................... SKIPPED
[INFO] Camel :: EJB ....................................... SKIPPED
[INFO] Camel :: ElasticSearch (deprecated) ................ SKIPPED
[INFO] Camel :: ElasticSearch5 (deprecated) ............... SKIPPED
[INFO] Camel :: ElasticSearch :: REST ..................... SKIPPED
[INFO] Camel :: SQL ....................................... SKIPPED
[INFO] Camel :: ElSql ..................................... SKIPPED
[INFO] Camel :: Etcd ...................................... SKIPPED
[INFO] Camel :: Event Admin ............................... SKIPPED
[INFO] Camel :: JSON validator ............................ SKIPPED
[INFO] Camel :: Exec ...................................... SKIPPED
[INFO] Camel :: Facebook .................................. SKIPPED
[INFO] Camel :: Fastjson .................................. SKIPPED
[INFO] Camel :: FHIR :: Parent ............................ SKIPPED
[INFO] Camel :: FHIR :: API ............................... SKIPPED
[INFO] Camel :: Netty4 .................................... SKIPPED
[INFO] Camel :: MINA-2 .................................... SKIPPED
[INFO] Camel :: HL7 ....................................... SKIPPED
[INFO] Camel :: Fhir ...................................... SKIPPED
[INFO] Camel :: FlatPack .................................. SKIPPED
[INFO] Camel :: Apache Flink .............................. SKIPPED
[INFO] Camel :: FOP ....................................... SKIPPED
[INFO] Camel :: Freemarker ................................ SKIPPED
[INFO] Camel :: SSH ....................................... SKIPPED
[INFO] Camel :: FTP ....................................... SKIPPED
[INFO] Camel :: Ganglia ................................... SKIPPED
[INFO] Camel :: Geocoder .................................. SKIPPED
[INFO] Camel :: Git ....................................... SKIPPED
[INFO] Camel :: GitHub .................................... SKIPPED
[INFO] Camel :: GoogleCalendar ............................ SKIPPED
[INFO] Camel :: Google Sheets ............................. SKIPPED
[INFO] Camel :: GoogleDrive ............................... SKIPPED
[INFO] Camel :: GoogleMail ................................ SKIPPED
[INFO] Camel :: GoogleBigQuery ............................ SKIPPED
[INFO] Camel :: GooglePubsub .............................. SKIPPED
[INFO] Camel :: Gora ...................................... SKIPPED
[INFO] Camel :: Grape ..................................... SKIPPED
[INFO] Camel :: gRPC ...................................... SKIPPED
[INFO] Camel :: Gson ...................................... SKIPPED
[INFO] Camel :: Guava-EventBus ............................ SKIPPED
[INFO] Camel :: Guice (deprecated) ........................ SKIPPED
[INFO] Camel :: HawtDB (deprecated) ....................... SKIPPED
[INFO] Camel :: HazelCast ................................. SKIPPED
[INFO] Camel :: Hbase ..................................... SKIPPED
[INFO] Camel :: HDFS (deprecated) ......................... SKIPPED
[INFO] Camel :: HDFS2 ..................................... SKIPPED
[INFO] Camel :: Headers Map ............................... SKIPPED
[INFO] Camel :: Hessian (deprecated) ...................... SKIPPED
[INFO] Camel :: Hipchat ................................... SKIPPED
[INFO] Camel :: iBatis (deprecated) ....................... SKIPPED
[INFO] Camel :: iCal ...................................... SKIPPED
[INFO] Camel :: IEC 60870 ................................. SKIPPED
[INFO] Camel :: Ignite .................................... SKIPPED
[INFO] Camel :: Infinispan ................................ SKIPPED
[INFO] Camel :: InfluxDB .................................. SKIPPED
[INFO] Camel :: IOTA ...................................... SKIPPED
[INFO] Camel :: IRC ....................................... SKIPPED
[INFO] Camel :: IronMQ .................................... SKIPPED
[INFO] Camel :: Jackson XML ............................... SKIPPED
[INFO] Camel :: Javaspace (deprecated) .................... SKIPPED
[INFO] Camel :: Jasypt .................................... SKIPPED
[INFO] Camel :: JBPM ...................................... SKIPPED
[INFO] Camel :: JCache .................................... SKIPPED
[INFO] Camel :: JClouds ................................... SKIPPED
[INFO] Camel :: JCR ....................................... SKIPPED
[INFO] Camel :: JDBC ...................................... SKIPPED
[INFO] Camel :: JGroups ................................... SKIPPED
[INFO] Camel :: jgroups-raft .............................. SKIPPED
[INFO] Camel :: Jibx ...................................... SKIPPED
[INFO] Camel :: Jing ...................................... SKIPPED
[INFO] Camel :: JIRA (deprecated) ......................... SKIPPED
[INFO] Camel :: JMX ....................................... SKIPPED
[INFO] Camel :: Jolt ...................................... SKIPPED
[INFO] Camel :: Johnzon ................................... SKIPPED
[INFO] Camel :: JoSQL (deprecated) ........................ SKIPPED
[INFO] Camel :: JPA ....................................... SKIPPED
[INFO] Camel :: JSon Path ................................. SKIPPED
[INFO] Camel :: Jsch ...................................... SKIPPED
[INFO] Camel :: Java Toolbox for AS/400 ................... SKIPPED
[INFO] Camel :: Kafka ..................................... SKIPPED
[INFO] Camel :: Kestrel (deprecated) ...................... SKIPPED
[INFO] Camel :: Krati (deprecated) ........................ SKIPPED
[INFO] Camel :: Kubernetes ................................ SKIPPED
[INFO] Camel :: Kura ...................................... SKIPPED
[INFO] Camel :: LDAP ...................................... SKIPPED
[INFO] Camel :: LDIF ...................................... SKIPPED
[INFO] Camel :: LevelDB ................................... SKIPPED
[INFO] Camel :: LinkedIn :: Parent ........................ SKIPPED
[INFO] Camel :: LinkedIn :: API ........................... SKIPPED
[INFO] Camel :: LinkedIn :: Component ..................... SKIPPED
[INFO] Camel :: Long-Running-Action ....................... SKIPPED
[INFO] Camel :: Lucene .................................... SKIPPED
[INFO] Camel :: Lumberjack ................................ SKIPPED
[INFO] Camel :: LZF ....................................... SKIPPED
[INFO] Camel :: Quartz2 ................................... SKIPPED
[INFO] Camel :: Mail ...................................... SKIPPED
[INFO] Camel :: Metrics ................................... SKIPPED
[INFO] Camel :: Micrometer ................................ SKIPPED
[INFO] Camel :: Milo ...................................... SKIPPED
[INFO] Camel :: MINA (deprecated) ......................... SKIPPED
[INFO] Camel :: Simple JMS ................................ SKIPPED
[INFO] Camel :: MLLP ...................................... SKIPPED
[INFO] Camel :: MongoDB (deprecated) ...................... SKIPPED
[INFO] Camel :: MongoDB3 .................................. SKIPPED
[INFO] Camel :: MongoDB GridFS ............................ SKIPPED
[INFO] Camel :: MQTT ...................................... SKIPPED
[INFO] Camel :: MSV ....................................... SKIPPED
[INFO] Camel :: Mustache .................................. SKIPPED
[INFO] Camel :: MVEL ...................................... SKIPPED
[INFO] Camel :: MyBatis ................................... SKIPPED
[INFO] Camel :: Nagios .................................... SKIPPED
[INFO] Camel :: Nats ...................................... SKIPPED
[INFO] Camel :: Netty (deprecated) ........................ SKIPPED
[INFO] Camel :: Netty HTTP (deprecated) ................... SKIPPED
[INFO] Camel :: Netty4 HTTP ............................... SKIPPED
[INFO] Camel :: NSQ ....................................... SKIPPED
[INFO] Camel :: OGNL ...................................... SKIPPED
[INFO] Camel :: Olingo2 :: Parent ......................... SKIPPED
[INFO] Camel :: Olingo2 :: API ............................ SKIPPED
[INFO] Camel :: Olingo2 :: Component ...................... SKIPPED
[INFO] Camel :: Olingo4 :: Parent ......................... SKIPPED
[INFO] Camel :: Olingo4 :: API ............................ SKIPPED
[INFO] Camel :: Olingo4 :: Component ...................... SKIPPED
[INFO] Camel :: OpenShift (deprecated) .................... SKIPPED
[INFO] Camel :: OpenStack ................................. SKIPPED
[INFO] Camel :: OpenTracing ............................... SKIPPED
[INFO] Camel :: OptaPlanner ............................... SKIPPED
[INFO] Camel :: Paho ...................................... SKIPPED
[INFO] Camel :: Pax Logging ............................... SKIPPED
[INFO] Camel :: PDF ....................................... SKIPPED
[INFO] Camel :: PgEvent ................................... SKIPPED
[INFO] Camel :: Printer ................................... SKIPPED
[INFO] Camel :: Protobuf .................................. SKIPPED
[INFO] Camel :: PubNub .................................... SKIPPED
[INFO] Camel :: Pulsar .................................... SKIPPED
[INFO] Camel :: Quartz (deprecated) ....................... SKIPPED
[INFO] Camel :: QuickFIX/J ................................ SKIPPED
[INFO] Camel :: RabbitMQ .................................. SKIPPED
[INFO] Camel :: Reactive Streams .......................... SKIPPED
[INFO] Camel :: Reactor ................................... SKIPPED
[INFO] Camel :: Restlet ................................... SKIPPED
[INFO] Camel :: REST Swagger .............................. SKIPPED
[INFO] Camel :: RMI (deprecated) .......................... SKIPPED
[INFO] Camel :: Routebox (deprecated) ..................... SKIPPED
[INFO] Camel :: RSS ....................................... SKIPPED
[INFO] Camel :: Ruby (deprecated) ......................... SKIPPED
[INFO] Camel :: RX (deprecated) ........................... SKIPPED
[INFO] Camel :: RxJava2 ................................... SKIPPED
[INFO] Camel :: SAP NetWeaver ............................. SKIPPED
[INFO] Camel :: Saxon ..................................... SKIPPED
[INFO] Camel :: Salesforce :: Parent ...................... SKIPPED
[INFO] Camel :: Salesforce ................................ SKIPPED
[INFO] Camel :: Salesforce :: Maven plugin ................ SKIPPED
[INFO] Camel :: Schematron ................................ SKIPPED
[INFO] Camel :: SCR (deprecated) .......................... SKIPPED
[INFO] Camel :: Script (deprecated) ....................... SKIPPED
[INFO] Camel :: ServiceNow :: Parent ...................... SKIPPED
[INFO] Camel :: ServiceNow :: Component ................... SKIPPED
[INFO] Camel :: ServiceNow :: Maven plugin ................ SKIPPED
[INFO] Camel :: Servlet Listener (deprecated) ............. SKIPPED
[INFO] Camel :: Shiro ..................................... SKIPPED
[INFO] Camel :: SIP ....................................... SKIPPED
[INFO] Camel :: SMPP ...................................... SKIPPED
[INFO] Camel :: SnakeYAML ................................. SKIPPED
[INFO] Camel :: SNMP ...................................... SKIPPED
[INFO] Camel :: Simple JMS2 ............................... SKIPPED
[INFO] Camel :: Slack ..................................... SKIPPED
[INFO] Camel :: SOAP ...................................... SKIPPED
[INFO] Camel :: Solr ...................................... SKIPPED
[INFO] Camel :: Apache Spark .............................. SKIPPED
[INFO] Camel :: Spark REST ................................ SKIPPED
[INFO] Camel :: Splunk .................................... SKIPPED
[INFO] Camel :: Spring Batch .............................. SKIPPED
[INFO] Camel :: Spring Cloud .............................. SKIPPED
[INFO] Camel :: Spring Cloud Consul ....................... SKIPPED
[INFO] Camel :: Spring Cloud Netflix ...................... SKIPPED
[INFO] Camel :: Spring Cloud Zookeeper .................... SKIPPED
[INFO] Camel :: Spring Integration ........................ SKIPPED
[INFO] Camel :: Spring LDAP ............................... SKIPPED
[INFO] Camel :: Redis ..................................... SKIPPED
[INFO] Camel :: Spring Security ........................... SKIPPED
[INFO] Camel :: Spring Web Services ....................... SKIPPED
[INFO] Camel :: StAX ...................................... SKIPPED
[INFO] Camel :: Stomp ..................................... SKIPPED
[INFO] Camel :: Stream .................................... SKIPPED
[INFO] Camel :: StringTemplate ............................ SKIPPED
[INFO] Camel :: Syslog .................................... SKIPPED
[INFO] Camel :: Swagger (deprecated) ...................... SKIPPED
[INFO] Camel :: TagSoup ................................... SKIPPED
[INFO] Camel :: Tar File .................................. SKIPPED
[INFO] Camel :: Telegram .................................. SKIPPED
[INFO] Camel :: Tika ...................................... SKIPPED
[INFO] Camel :: Thrift .................................... SKIPPED
[INFO] Camel :: Twilio .................................... SKIPPED
[INFO] Camel :: Twitter ................................... SKIPPED
[INFO] Camel :: UniVocity Parsers ......................... SKIPPED
[INFO] Camel :: URLRewrite (deprecated) ................... SKIPPED
[INFO] Camel :: Vertx ..................................... SKIPPED
[INFO] Camel :: Weather ................................... SKIPPED
[INFO] Camel :: Web3j ..................................... SKIPPED
[INFO] Camel :: WebSocket ................................. SKIPPED
[INFO] Camel :: WebSocket JSR356 .......................... SKIPPED
[INFO] Camel :: Wordpress ................................. SKIPPED
[INFO] Camel :: XChange ................................... SKIPPED
[INFO] Camel :: XMLBeans (deprecated) ..................... SKIPPED
[INFO] Camel :: XML RPC (deprecated) ...................... SKIPPED
[INFO] Camel :: XML Security .............................. SKIPPED
[INFO] Camel :: XMPP ...................................... SKIPPED
[INFO] Camel :: XStream ................................... SKIPPED
[INFO] Camel :: Yammer .................................... SKIPPED
[INFO] Camel :: Zendesk ................................... SKIPPED
[INFO] Camel :: Zip File .................................. SKIPPED
[INFO] Camel :: Zipkin .................................... SKIPPED
[INFO] Camel :: Zookeeper ................................. SKIPPED
[INFO] Camel :: Zookeeper Master .......................... SKIPPED
[INFO] Camel :: Archetypes ................................ SKIPPED
[INFO] Camel :: Archetypes :: Camel Router with ActiveMQ (deprecated) SKIPPED
[INFO] Camel :: Archetypes :: Component ................... SKIPPED
[INFO] Camel :: Archetypes :: Blueprint (OSGi) Based Router SKIPPED
[INFO] Camel :: Archetypes :: CDI Based Router ............ SKIPPED
[INFO] Camel :: Archetypes :: Component ................... SKIPPED
[INFO] Camel :: Archetypes :: Connector (deprecated) ...... SKIPPED
[INFO] Camel :: Archetypes :: Data Format ................. SKIPPED
[INFO] Camel :: Archetypes :: Groovy Router (deprecated) .. SKIPPED
[INFO] Camel :: Archetypes :: Java Router ................. SKIPPED
[INFO] Camel :: Archetypes :: Java8 Router ................ SKIPPED
[INFO] Camel :: Archetypes :: Scala Router (deprecated) ... SKIPPED
[INFO] Camel :: Archetypes :: OSGi Service Component Runtime bundle (deprecated) SKIPPED
[INFO] Camel :: Archetypes :: Spring XML Based Router ..... SKIPPED
[INFO] Camel :: Archetypes :: Spring Boot Based Router .... SKIPPED
[INFO] Camel :: Archetypes :: Camel Routes WAR ............ SKIPPED
[INFO] Camel :: Tooling Parent ............................ SKIPPED
[INFO] Camel :: Platforms ................................. SKIPPED
[INFO] Camel :: Platforms :: Camel Catalog ................ SKIPPED
[INFO] Camel :: Tooling :: Camel Route Parser ............. SKIPPED
[INFO] Camel :: Tooling :: Swagger REST DSL Generator ..... SKIPPED
[INFO] Camel :: Platforms :: Camel Catalog :: Lucene ...... SKIPPED
[INFO] Camel :: Platforms :: Camel Catalog :: Connector (deprecated) SKIPPED
[INFO] Camel :: Platforms :: Camel Catalog :: Provider Spring Boot SKIPPED
[INFO] Camel :: Platforms :: Camel Catalog :: Provider Karaf SKIPPED
[INFO] Camel :: Platforms :: Camel Catalog :: Maven ....... SKIPPED
[INFO] Camel :: Maven Plugins :: Camel Maven Run .......... SKIPPED
[INFO] Camel :: Maven Plugins :: Camel Maven Guice (deprecated) SKIPPED
[INFO] Camel :: Maven Plugins :: Swagger REST DSL Generator Maven plugin SKIPPED
[INFO] Camel :: Manual .................................... SKIPPED
[INFO] Camel :: Platforms :: Commands ..................... SKIPPED
[INFO] Camel :: Platforms :: Commands :: Core ............. SKIPPED
[INFO] Camel :: Platforms :: Commands :: Jolokia (deprecated) SKIPPED
[INFO] Camel :: Platforms :: Apache Karaf ................. SKIPPED
[INFO] Camel :: Platforms :: Apache Karaf :: Commands ..... SKIPPED
[INFO] Camel :: Platforms :: Apache Karaf :: Features ..... SKIPPED
[INFO] Camel :: Platforms :: Spring-Boot .................. SKIPPED
[INFO] Camel :: Platforms :: Spring-Boot :: Dependency Management SKIPPED
[INFO] Camel :: Platforms :: Spring-Boot :: Dependency Management :: Dependencies BOM Generator SKIPPED
[INFO] Camel :: Platforms :: Spring-Boot :: Dependency Management :: Dependencies BOM SKIPPED
[INFO] Camel :: Platforms :: Spring-Boot :: Dependency Management :: Starter Parent SKIPPED
[INFO] Camel :: Components :: Starter ..................... SKIPPED
[INFO] Spring-Boot Starter :: Camel :: Core ............... SKIPPED
[INFO] Spring-Boot Starter :: Camel :: Spring Boot ........ SKIPPED
[INFO] Spring-Boot Starter :: Camel :: AHC ................ SKIPPED
[INFO] Spring-Boot Starter :: Camel :: AHC-WS ............. SKIPPED
[INFO] Spring-Boot Starter :: Camel :: AMQP ............... SKIPPED
[INFO] Spring-Boot Starter :: Camel :: APNS ............... SKIPPED
[INFO] Spring-Boot Starter :: Camel :: AS2 :: Component ... SKIPPED
[INFO] Spring-Boot Starter :: Camel :: ASN.1 .............. SKIPPED
[INFO] Spring-Boot Starter :: Camel :: Asterisk ........... SKIPPED
[INFO] Spring-Boot Starter :: Camel :: Atmos .............. SKIPPED
[INFO] Spring-Boot Starter :: Camel :: Atmosphere WebSocket Servlet SKIPPED
[INFO] Spring-Boot Starter :: Camel :: Atom ............... SKIPPED
[INFO] Spring-Boot Starter :: Camel :: Atomix ............. SKIPPED
[INFO] Spring-Boot Starter :: Camel :: Avro ............... SKIPPED
[INFO] Spring-Boot Starter :: Camel :: AWS ................ SKIPPED
[INFO] Spring-Boot Starter :: Camel :: AWS :: XRay ........ SKIPPED
[INFO] Spring-Boot Starter :: Camel :: Azure .............. SKIPPED
[INFO] Spring-Boot Starter :: Camel :: BAM (deprecated) ... SKIPPED
[INFO] Spring-Boot Starter :: Camel :: Barcode ............ SKIPPED
[INFO] Spring-Boot Starter :: Camel :: Base64 ............. SKIPPED
[INFO] Spring-Boot Starter :: Camel :: Bean validator ..... SKIPPED
[INFO] Spring-Boot Starter :: Camel :: BeanIO ............. SKIPPED
[INFO] Spring-Boot Starter :: Camel :: Beanstalk .......... SKIPPED
[INFO] Spring-Boot Starter :: Camel :: Bindy .............. SKIPPED
[INFO] Spring-Boot Starter :: Camel :: Bonita ............. SKIPPED
[INFO] Spring-Boot Starter :: Camel :: Boon ............... SKIPPED
[INFO] Spring-Boot Starter :: Camel :: Box.com ............ SKIPPED
[INFO] Spring-Boot Starter :: Camel :: Braintree .......... SKIPPED
[INFO] Spring-Boot Starter :: Camel :: Cache (deprecated) . SKIPPED
[INFO] Spring-Boot Starter :: Camel :: Caffeine ........... SKIPPED
[INFO] Spring-Boot Starter :: Camel :: Cassandra CQL ...... SKIPPED
[INFO] Spring-Boot Starter :: Camel :: Castor (deprecated)  SKIPPED
[INFO] Spring-Boot Starter :: Camel :: Chronicle .......... SKIPPED
[INFO] Spring-Boot Starter :: Camel :: Chunk .............. SKIPPED
[INFO] Spring-Boot Starter :: Camel :: CM SMS ............. SKIPPED
[INFO] Spring-Boot Starter :: Camel :: CMIS ............... SKIPPED
[INFO] Spring-Boot Starter :: Camel :: CoAP ............... SKIPPED
[INFO] Spring-Boot Starter :: Camel :: Cometd ............. SKIPPED
[INFO] Spring-Boot Starter :: Camel :: Consul ............. SKIPPED
[INFO] Spring-Boot Starter :: Camel :: Context (deprecated) SKIPPED
[INFO] Spring-Boot Starter :: Camel :: Corda .............. SKIPPED
[INFO] Spring-Boot Starter :: Camel :: Couchbase .......... SKIPPED
[INFO] Spring-Boot Starter :: Camel :: CouchDB ............ SKIPPED
[INFO] Spring-Boot Starter :: Camel :: Crypto ............. SKIPPED
[INFO] Spring-Boot Starter :: Camel :: Crypto ............. SKIPPED
[INFO] Spring-Boot Starter :: Camel :: CSV ................ SKIPPED
[INFO] Spring-Boot Starter :: Camel :: CXF ................ SKIPPED
[INFO] Spring-Boot Starter :: Camel :: CXF :: Transport ... SKIPPED
[INFO] Spring-Boot Starter :: Camel :: DigitalOcean ....... SKIPPED
[INFO] Spring-Boot Starter :: Camel :: Disruptor .......... SKIPPED
[INFO] Spring-Boot Starter :: Camel :: DNS ................ SKIPPED
[INFO] Spring-Boot Starter :: Camel :: Docker ............. SKIPPED
[INFO] Spring-Boot Starter :: Camel :: Dozer .............. SKIPPED
[INFO] Spring-Boot Starter :: Camel :: Drill .............. SKIPPED
[INFO] Spring-Boot Starter :: Camel :: Dropbox ............ SKIPPED
[INFO] Spring-Boot Starter :: Camel :: Eclipse ............ SKIPPED
[INFO] Spring-Boot Starter :: Camel :: Ehcache ............ SKIPPED
[INFO] Spring-Boot Starter :: Camel :: ElasticSearch :: REST SKIPPED
[INFO] Spring-Boot Starter :: Camel :: ElasticSearch ...... SKIPPED
[INFO] Spring-Boot Starter :: Camel :: ElasticSearch5 ..... SKIPPED
[INFO] Spring-Boot Starter :: Camel :: ElSql .............. SKIPPED
[INFO] Spring-Boot Starter :: Camel :: Etcd ............... SKIPPED
[INFO] Spring-Boot Starter :: Camel :: Exec ............... SKIPPED
[INFO] Spring-Boot Starter :: Camel :: Facebook ........... SKIPPED
[INFO] Spring-Boot Starter :: Camel :: Fastjson ........... SKIPPED
[INFO] Spring-Boot Starter :: Camel :: Fhir ............... SKIPPED
[INFO] Spring-Boot Starter :: Camel :: FlatPack ........... SKIPPED
[INFO] Spring-Boot Starter :: Camel :: Apache Flink ....... SKIPPED
[INFO] Spring-Boot Starter :: Camel :: FOP ................ SKIPPED
[INFO] Spring-Boot Starter :: Camel :: Freemarker ......... SKIPPED
[INFO] Spring-Boot Starter :: Camel :: FTP ................ SKIPPED
[INFO] Spring-Boot Starter :: Camel :: Ganglia ............ SKIPPED
[INFO] Spring-Boot Starter :: Camel :: Geocoder ........... SKIPPED
[INFO] Spring-Boot Starter :: Camel :: Git ................ SKIPPED
[INFO] Spring-Boot Starter :: Camel :: GitHub ............. SKIPPED
[INFO] Spring-Boot Starter :: Camel :: GoogleBigQuery ..... SKIPPED
[INFO] Spring-Boot Starter :: Camel :: GoogleCalendar ..... SKIPPED
[INFO] Spring-Boot Starter :: Camel :: GoogleDrive ........ SKIPPED
[INFO] Spring-Boot Starter :: Camel :: GoogleMail ......... SKIPPED
[INFO] Spring-Boot Starter :: Camel :: GooglePubsub ....... SKIPPED
[INFO] Spring-Boot Starter :: Camel :: GoogleSheets ....... SKIPPED
[INFO] Spring-Boot Starter :: Camel :: Gora ............... SKIPPED
[INFO] Spring-Boot Starter :: Camel :: Grape .............. SKIPPED
[INFO] Spring-Boot Starter :: Camel :: Groovy ............. SKIPPED
[INFO] Spring-Boot Starter :: Camel :: gRPC ............... SKIPPED
[INFO] Spring-Boot Starter :: Camel :: Gson ............... SKIPPED
[INFO] Spring-Boot Starter :: Camel :: Guava-EventBus ..... SKIPPED
[INFO] Spring-Boot Starter :: Camel :: Guice .............. SKIPPED
[INFO] Spring-Boot Starter :: Camel :: HawtDB (deprecated)  SKIPPED
[INFO] Spring-Boot Starter :: Camel :: HazelCast .......... SKIPPED
[INFO] Spring-Boot Starter :: Camel :: Hbase .............. SKIPPED
[INFO] Spring-Boot Starter :: Camel :: HDFS (deprecated) .. SKIPPED
[INFO] Spring-Boot Starter :: Camel :: HDFS2 .............. SKIPPED
[INFO] Spring-Boot Starter :: Camel :: Headers Map ........ SKIPPED
[INFO] Spring-Boot Starter :: Camel :: Hessian ............ SKIPPED
[INFO] Spring-Boot Starter :: Camel :: Hipchat ............ SKIPPED
[INFO] Spring-Boot Starter :: Camel :: HL7 ................ SKIPPED
[INFO] Spring-Boot Starter :: Camel :: HTTP :: Common ..... SKIPPED
[INFO] Spring-Boot Starter :: Camel :: HTTP ............... SKIPPED
[INFO] Spring-Boot Starter :: Camel :: HTTP4 .............. SKIPPED
[INFO] Spring-Boot Starter :: Camel :: Hystrix ............ SKIPPED
[INFO] Spring-Boot Starter :: Camel :: iCal ............... SKIPPED
[INFO] Spring-Boot Starter :: Camel :: IEC 60870 .......... SKIPPED
[INFO] Spring-Boot Starter :: Camel :: Ignite ............. SKIPPED
[INFO] Spring-Boot Starter :: Camel :: Infinispan ......... SKIPPED
[INFO] Spring-Boot Starter :: Camel :: InfluxDB ........... SKIPPED
[INFO] Spring-Boot Starter :: Camel :: IOTA ............... SKIPPED
[INFO] Spring-Boot Starter :: Camel :: IPFS ............... SKIPPED
[INFO] Spring-Boot Starter :: Camel :: IRC ................ SKIPPED
[INFO] Spring-Boot Starter :: Camel :: IronMQ ............. SKIPPED
[INFO] Spring-Boot Starter :: Camel :: Jackson ............ SKIPPED
[INFO] Spring-Boot Starter :: Camel :: Jackson XML ........ SKIPPED
[INFO] Spring-Boot Starter :: Camel :: Jasypt ............. SKIPPED
[INFO] Spring-Boot Starter :: Camel :: Javaspace (deprecated) SKIPPED
[INFO] Spring-Boot Starter :: Camel :: JAXB ............... SKIPPED
[INFO] Spring-Boot Starter :: Camel :: JBPM ............... SKIPPED
[INFO] Spring-Boot Starter :: Camel :: JCache ............. SKIPPED
[INFO] Spring-Boot Starter :: Camel :: JClouds ............ SKIPPED
[INFO] Spring-Boot Starter :: Camel :: JCR ................ SKIPPED
[INFO] Spring-Boot Starter :: Camel :: JDBC ............... SKIPPED
[INFO] Spring-Boot Starter :: Camel :: Jetty :: Common .... SKIPPED
[INFO] Spring-Boot Starter :: Camel :: Jetty .............. SKIPPED
[INFO] Spring-Boot Starter :: Camel :: Jetty9 ............. SKIPPED
[INFO] Spring-Boot Starter :: Camel :: jgroups-raft ....... SKIPPED
[INFO] Spring-Boot Starter :: Camel :: JGroups ............ SKIPPED
[INFO] Spring-Boot Starter :: Camel :: Jibx ............... SKIPPED
[INFO] Spring-Boot Starter :: Camel :: Jing ............... SKIPPED
[INFO] Spring-Boot Starter :: Camel :: JIRA ............... SKIPPED
[INFO] Spring-Boot Starter :: Camel :: JMS ................ SKIPPED
[INFO] Spring-Boot Starter :: Camel :: JMX ................ SKIPPED
[INFO] Spring-Boot Starter :: Camel :: Johnzon ............ SKIPPED
[INFO] Spring-Boot Starter :: Camel :: Jolt ............... SKIPPED
[INFO] Spring-Boot Starter :: Camel :: JoSQL .............. SKIPPED
[INFO] Spring-Boot Starter :: Camel :: JPA ................ SKIPPED
[INFO] Spring-Boot Starter :: Camel :: Jsch ............... SKIPPED
[INFO] Spring-Boot Starter :: Camel :: JSON validator ..... SKIPPED
[INFO] Spring-Boot Starter :: Camel :: JSon Path .......... SKIPPED
[INFO] Spring-Boot Starter :: Camel :: Java Toolbox for AS/400 SKIPPED
[INFO] Spring-Boot Starter :: Camel :: JUEL ............... SKIPPED
[INFO] Spring-Boot Starter :: Camel :: JXPath ............. SKIPPED
[INFO] Spring-Boot Starter :: Camel :: Kafka .............. SKIPPED
[INFO] Spring-Boot Starter :: Camel :: Kestrel (deprecated) SKIPPED
[INFO] Spring-Boot Starter :: Camel :: Krati .............. SKIPPED
[INFO] Spring-Boot Starter :: Camel :: Kubernetes ......... SKIPPED
[INFO] Spring-Boot Starter :: Camel :: Kura ............... SKIPPED
[INFO] Spring-Boot Starter :: Camel :: LDAP ............... SKIPPED
[INFO] Spring-Boot Starter :: Camel :: LDIF ............... SKIPPED
[INFO] Spring-Boot Starter :: Camel :: LevelDB ............ SKIPPED
[INFO] Spring-Boot Starter :: Camel :: LinkedIn :: Component SKIPPED
[INFO] Spring-Boot Starter :: Camel :: Long-Running-Action  SKIPPED
[INFO] Spring-Boot Starter :: Camel :: Lucene ............. SKIPPED
[INFO] Spring-Boot Starter :: Camel :: Lumberjack ......... SKIPPED
[INFO] Spring-Boot Starter :: Camel :: LZF ................ SKIPPED
[INFO] Spring-Boot Starter :: Camel :: Mail ............... SKIPPED
[INFO] Spring-Boot Starter :: Camel :: Master ............. SKIPPED
[INFO] Spring-Boot Starter :: Camel :: Metrics ............ SKIPPED
[INFO] Spring-Boot Starter :: Camel :: Micrometer ......... SKIPPED
[INFO] Spring-Boot Starter :: Camel :: Milo ............... SKIPPED
[INFO] Spring-Boot Starter :: Camel :: MINA-2 ............. SKIPPED
[INFO] Spring-Boot Starter :: Camel :: MLLP ............... SKIPPED
[INFO] Spring-Boot Starter :: Camel :: MongoDB GridFS ..... SKIPPED
[INFO] Spring-Boot Starter :: Camel :: MongoDB ............ SKIPPED
[INFO] Spring-Boot Starter :: Camel :: MongoDB3 ........... SKIPPED
[INFO] Spring-Boot Starter :: Camel :: MQTT ............... SKIPPED
[INFO] Spring-Boot Starter :: Camel :: MSV ................ SKIPPED
[INFO] Spring-Boot Starter :: Camel :: Mustache ........... SKIPPED
[INFO] Spring-Boot Starter :: Camel :: MVEL ............... SKIPPED
[INFO] Spring-Boot Starter :: Camel :: MyBatis ............ SKIPPED
[INFO] Spring-Boot Starter :: Camel :: Nagios ............. SKIPPED
[INFO] Spring-Boot Starter :: Camel :: Nats ............... SKIPPED
[INFO] Spring-Boot Starter :: Camel :: Netty HTTP (deprecated) SKIPPED
[INFO] Spring-Boot Starter :: Camel :: Netty (deprecated) . SKIPPED
[INFO] Spring-Boot Starter :: Camel :: Netty4 HTTP ........ SKIPPED
[INFO] Spring-Boot Starter :: Camel :: Netty4 ............. SKIPPED
[INFO] Spring-Boot Starter :: Camel :: NSQ ................ SKIPPED
[INFO] Spring-Boot Starter :: Camel :: OGNL ............... SKIPPED
[INFO] Spring-Boot Starter :: Camel :: Olingo2 :: Component SKIPPED
[INFO] Spring-Boot Starter :: Camel :: Olingo4 :: Component SKIPPED
[INFO] Spring-Boot Starter :: Camel :: OpenShift (deprecated) SKIPPED
[INFO] Spring-Boot Starter :: Camel :: OpenStack .......... SKIPPED
[INFO] Spring-Boot Starter :: Camel :: OpenTracing ........ SKIPPED
[INFO] Spring-Boot Starter :: Camel :: OptaPlanner ........ SKIPPED
[INFO] Spring-Boot Starter :: Camel :: Paho ............... SKIPPED
[INFO] Spring-Boot Starter :: Camel :: PDF ................ SKIPPED
[INFO] Spring-Boot Starter :: Camel :: PgEvent ............ SKIPPED
[INFO] Spring-Boot Starter :: Camel :: Printer ............ SKIPPED
[INFO] Spring-Boot Starter :: Camel :: Protobuf ........... SKIPPED
[INFO] Spring-Boot Starter :: Camel :: PubNub ............. SKIPPED
[INFO] Spring-Boot Starter :: Camel :: Pulsar ............. SKIPPED
[INFO] Spring-Boot Starter :: Camel :: Quartz2 ............ SKIPPED
[INFO] Spring-Boot Starter :: Camel :: QuickFIX/J ......... SKIPPED
[INFO] Spring-Boot Starter :: Camel :: RabbitMQ ........... SKIPPED
[INFO] Spring-Boot Starter :: Camel :: Reactive Streams ... SKIPPED
[INFO] Spring-Boot Starter :: Camel :: Reactor ............ SKIPPED
[INFO] Spring-Boot Starter :: Camel :: REST Swagger ....... SKIPPED
[INFO] Spring-Boot Starter :: Camel :: Restlet ............ SKIPPED
[INFO] Spring-Boot Starter :: Camel :: Ribbon ............. SKIPPED
[INFO] Spring-Boot Starter :: Camel :: RMI ................ SKIPPED
[INFO] Spring-Boot Starter :: Camel :: Routebox (deprecated) SKIPPED
[INFO] Spring-Boot Starter :: Camel :: RSS ................ SKIPPED
[INFO] Spring-Boot Starter :: Camel :: Ruby ............... SKIPPED
[INFO] Spring-Boot Starter :: Camel :: RX ................. SKIPPED
[INFO] Spring-Boot Starter :: Camel :: RxJava2 ............ SKIPPED
[INFO] Spring-Boot Starter :: Camel :: Salesforce ......... SKIPPED
[INFO] Spring-Boot Starter :: Camel :: SAP NetWeaver ...... SKIPPED
[INFO] Spring-Boot Starter :: Camel :: Saxon .............. SKIPPED
[INFO] Spring-Boot Starter :: Camel :: Schematron ......... SKIPPED
[INFO] Spring-Boot Starter :: Camel :: Script ............. SKIPPED
[INFO] Spring-Boot Starter :: Camel :: Service ............ SKIPPED
[INFO] Spring-Boot Starter :: Camel :: ServiceNow ......... SKIPPED
[INFO] Spring-Boot Starter :: Camel :: Servlet ............ SKIPPED
[INFO] Spring-Boot Starter :: Camel :: Servlet Listener ... SKIPPED
[INFO] Spring-Boot Starter :: Camel :: Shiro .............. SKIPPED
[INFO] Spring-Boot Starter :: Camel :: SIP ................ SKIPPED
[INFO] Spring-Boot Starter :: Camel :: Simple JMS ......... SKIPPED
[INFO] Spring-Boot Starter :: Camel :: Simple JMS2 ........ SKIPPED
[INFO] Spring-Boot Starter :: Camel :: Slack .............. SKIPPED
[INFO] Spring-Boot Starter :: Camel :: SMPP ............... SKIPPED
[INFO] Spring-Boot Starter :: Camel :: SnakeYAML .......... SKIPPED
[INFO] Spring-Boot Starter :: Camel :: SNMP ............... SKIPPED
[INFO] Spring-Boot Starter :: Camel :: SOAP ............... SKIPPED
[INFO] Spring-Boot Starter :: Camel :: Solr ............... SKIPPED
[INFO] Spring-Boot Starter :: Camel :: Apache Spark ....... SKIPPED
[INFO] Spring-Boot Starter :: Camel :: Splunk ............. SKIPPED
[INFO] Spring-Boot Starter :: Camel :: Spring Batch ....... SKIPPED
[INFO] Spring-Boot Starter :: Camel :: Spring Cloud Consul  SKIPPED
[INFO] Spring-Boot Starter :: Camel :: Spring Cloud Netflix SKIPPED
[INFO] Spring-Boot Starter :: Camel :: Spring Cloud ....... SKIPPED
[INFO] Spring-Boot Starter :: Camel :: Spring Cloud Zookeeper SKIPPED
[INFO] Spring-Boot Starter :: Camel :: Spring Integration . SKIPPED
[INFO] Spring-Boot Starter :: Camel :: Spring JavaConfig .. SKIPPED
[INFO] Spring-Boot Starter :: Camel :: Spring LDAP ........ SKIPPED
[INFO] Spring-Boot Starter :: Camel :: Redis .............. SKIPPED
[INFO] Spring-Boot Starter :: Camel :: Spring Security .... SKIPPED
[INFO] Spring-Boot Starter :: Camel :: Spring ............. SKIPPED
[INFO] Spring-Boot Starter :: Camel :: Spring Web Services  SKIPPED
[INFO] Spring-Boot Starter :: Camel :: SQL ................ SKIPPED
[INFO] Spring-Boot Starter :: Camel :: SSH ................ SKIPPED
[INFO] Spring-Boot Starter :: Camel :: StAX ............... SKIPPED
[INFO] Spring-Boot Starter :: Camel :: Stomp .............. SKIPPED
[INFO] Spring-Boot Starter :: Camel :: Stream ............. SKIPPED
[INFO] Spring-Boot Starter :: Camel :: StringTemplate ..... SKIPPED
[INFO] Spring-Boot Starter :: Camel :: Swagger Java ....... SKIPPED
[INFO] Spring-Boot Starter :: Camel :: Syslog ............. SKIPPED
[INFO] Spring-Boot Starter :: Camel :: TagSoup ............ SKIPPED
[INFO] Spring-Boot Starter :: Camel :: Tar File ........... SKIPPED
[INFO] Spring-Boot Starter :: Camel :: Telegram ........... SKIPPED
[INFO] Spring-Boot Starter :: Camel :: Thrift ............. SKIPPED
[INFO] Spring-Boot Starter :: Camel :: Tika ............... SKIPPED
[INFO] Spring-Boot Starter :: Camel :: Twilio ............. SKIPPED
[INFO] Spring-Boot Starter :: Camel :: Twitter ............ SKIPPED
[INFO] Spring-Boot Starter :: Camel :: Undertow ........... SKIPPED
[INFO] Spring-Boot Starter :: Camel :: UniVocity Parsers .. SKIPPED
[INFO] Spring-Boot Starter :: Camel :: URLRewrite ......... SKIPPED
[INFO] Spring-Boot Starter :: Camel :: Velocity ........... SKIPPED
[INFO] Spring-Boot Starter :: Camel :: Vertx .............. SKIPPED
[INFO] Spring-Boot Starter :: Camel :: Weather ............ SKIPPED
[INFO] Spring-Boot Starter :: Camel :: Web3j .............. SKIPPED
[INFO] Spring-Boot Starter :: Camel :: WebSocket JSR356 ... SKIPPED
[INFO] Spring-Boot Starter :: Camel :: WebSocket .......... SKIPPED
[INFO] Spring-Boot Starter :: Camel :: Wordpress .......... SKIPPED
[INFO] Spring-Boot Starter :: Camel :: XChange ............ SKIPPED
[INFO] Spring-Boot Starter :: Camel :: XMLBeans ........... SKIPPED
[INFO] Spring-Boot Starter :: Camel :: XML RPC ............ SKIPPED
[INFO] Spring-Boot Starter :: Camel :: XML Security ....... SKIPPED
[INFO] Spring-Boot Starter :: Camel :: XMPP ............... SKIPPED
[INFO] Spring-Boot Starter :: Camel :: XStream ............ SKIPPED
[INFO] Spring-Boot Starter :: Camel :: Yammer ............. SKIPPED
[INFO] Spring-Boot Starter :: Camel :: Zendesk ............ SKIPPED
[INFO] Spring-Boot Starter :: Camel :: Zip File ........... SKIPPED
[INFO] Spring-Boot Starter :: Camel :: Zipkin ............. SKIPPED
[INFO] Spring-Boot Starter :: Camel :: Zookeeper Master ... SKIPPED
[INFO] Spring-Boot Starter :: Camel :: Zookeeper .......... SKIPPED
[INFO] Camel :: Platforms :: Dummy Component .............. SKIPPED
[INFO] Camel :: Connectors (deprecated) ................... SKIPPED
[INFO] Camel :: Connectors :: Camel Connector Component (deprecated) SKIPPED
[INFO] Camel :: Connectors :: Camel Connector Maven Plugin (deprecated) SKIPPED
[INFO] Camel :: Platforms :: My Foo Connector (deprecated)  SKIPPED
[INFO] Camel :: Platforms :: Camel Catalog :: Nexus (deprecated) SKIPPED
[INFO] Camel :: Platforms :: Camel Catalog :: REST (deprecated) SKIPPED
[INFO] Camel :: Platforms :: Camel Catalog :: REST App (deprecated) SKIPPED
[INFO] Camel :: Integration Tests :: Test Bundles ......... SKIPPED
[INFO] Camel :: Integration Tests :: Test Bundles: mock-javamail-1.7 SKIPPED
[INFO] Camel :: Integration Tests :: camel validator test resources SKIPPED
[INFO] Camel :: Integration Tests ......................... SKIPPED
[INFO] Camel :: Integration Tests :: Standalone ........... SKIPPED
[INFO] Camel :: Integration Tests :: Non OSGi ............. SKIPPED
[INFO] Camel :: Integration Tests :: CDI .................. SKIPPED
[INFO] Camel :: Integration Tests :: JMS 2.0 API .......... SKIPPED
[INFO] Camel :: Integration Tests :: JMH .................. SKIPPED
[INFO] Camel :: Integration Tests :: Blueprint CXF Tests .. SKIPPED
[INFO] Camel :: Integration Tests :: Blueprint ............ SKIPPED
[INFO] Camel :: Integration Tests :: Partial Classpath .... SKIPPED
[INFO] Camel :: Integration Tests :: TypeConverter Scan ... SKIPPED
[INFO] Camel :: Example ................................... SKIPPED
[INFO] Camel :: Example :: ActiveMQ :: Tomcat ............. SKIPPED
[INFO] Camel :: Example :: Aggregate ...................... SKIPPED
[INFO] Camel :: Example :: ActiveMQ Artemis AMQP :: Blueprint SKIPPED
[INFO] Camel :: Example :: ActiveMQ Artemis Large Messages  SKIPPED
[INFO] Camel :: Example :: BAM (deprecated) ............... SKIPPED
[INFO] Camel :: Example :: Cafe ........................... SKIPPED
[INFO] Camel :: Example :: Cassandra :: Kubernetes ........ SKIPPED
[INFO] Camel :: Example :: CDI ............................ SKIPPED
[INFO] Camel :: Example :: CDI :: AWS S3 .................. SKIPPED
[INFO] Camel :: Example :: CDI :: Cassandraql ............. SKIPPED
[INFO] Camel :: Example :: FHIR ........................... SKIPPED
[INFO] Camel :: Example :: Fhir :: Spring Boot ............ SKIPPED
[INFO] Camel :: Example :: FHIR :: OSGi ................... SKIPPED
[INFO] Camel :: Example :: Fhir :: Spring Boot ............ SKIPPED
[INFO] Camel :: Example :: CDI :: Kubernetes .............. SKIPPED
[INFO] Camel :: Example :: CDI :: Metrics ................. SKIPPED
[INFO] Camel :: Example :: CDI :: OSGi (deprecated) ....... SKIPPED
[INFO] Camel :: Example :: CDI :: Properties .............. SKIPPED
[INFO] Camel :: Example :: CDI :: REST :: Servlet ......... SKIPPED
[INFO] Camel :: Example :: CDI :: Testing ................. SKIPPED
[INFO] Camel :: Example :: CDI :: Camel XML ............... SKIPPED
[INFO] Camel :: Example :: CXF ............................ SKIPPED
[INFO] Camel :: Example :: CXF :: Blueprint ............... SKIPPED
[INFO] Camel :: Example :: CXF :: Proxy ................... SKIPPED
[INFO] Camel :: Example :: CXF :: Tomcat .................. SKIPPED
[INFO] Camel :: Example :: Console ........................ SKIPPED
[INFO] Camel :: Example :: Ehcache :: Blueprint ........... SKIPPED
[INFO] Camel :: Example :: FTP ............................ SKIPPED
[INFO] Camel :: Example :: Google-Pubsub .................. SKIPPED
[INFO] Camel :: Example :: Guice :: JMS (deprecated) ...... SKIPPED
[INFO] Camel :: Example :: Groovy (deprecated) ............ SKIPPED
[INFO] Camel :: Example :: gRPC :: Kubernetes ............. SKIPPED
[INFO] Camel :: Example :: gRPC :: Hello Camel Server Kubernetes SKIPPED
[INFO] Camel :: Example :: gRPC :: Hello Camel Client Kubernetes SKIPPED
[INFO] Camel :: Example :: Hazelcast :: Kubernetes ........ SKIPPED
[INFO] Camel :: Example :: Hystrix ........................ SKIPPED
[INFO] Camel :: Example :: Hystrix :: Client .............. SKIPPED
[INFO] Camel :: Example :: Hystrix :: Service 1 ........... SKIPPED
[INFO] Camel :: Example :: Hystrix :: Service 2 ........... SKIPPED
[INFO] Camel :: Example :: Java8 .......................... SKIPPED
[INFO] Camel :: Example :: Java8 :: RX .................... SKIPPED
[INFO] Camel :: Example :: JDBC ........................... SKIPPED
[INFO] Camel :: Example :: JMX ............................ SKIPPED
[INFO] Camel :: Example :: JMS-File ....................... SKIPPED
[INFO] Camel :: Example :: Kafka .......................... SKIPPED
[INFO] Camel :: Example :: Kotlin ......................... SKIPPED
[INFO] Camel :: Example :: Load Balancing ................. SKIPPED
[INFO] Camel :: Example :: Loan-Broker .................... SKIPPED
[INFO] Camel :: Example :: Loan-Broker :: JMS ............. SKIPPED
[INFO] Camel :: Example :: Management ..................... SKIPPED
[INFO] Camel :: Example :: Micrometer ..................... SKIPPED
[INFO] Camel :: Example :: MyBatis ........................ SKIPPED
[INFO] Camel :: Example :: Netty Custom Correlation ....... SKIPPED
[INFO] Camel :: Example :: Netty HTTP ..................... SKIPPED
[INFO] Camel :: Example :: Netty HTTP :: Shared Netty HTTP Server SKIPPED
[INFO] Camel :: Example :: Netty HTTP :: My Application One SKIPPED
[INFO] Camel :: Example :: Netty HTTP :: My Application Two SKIPPED
[INFO] Camel :: Example :: Netty HTTP :: My Application CDI (deprecated) SKIPPED
[INFO] Camel :: Example :: Olingo4 :: Blueprint ........... SKIPPED
[INFO] Camel :: Example :: OpenTracing .................... SKIPPED
[INFO] Camel :: Example :: OpenTracing :: LoggingTracer ... SKIPPED
[INFO] Camel :: Example :: OpenTracing :: Client .......... SKIPPED
[INFO] Camel :: Example :: OpenTracing :: Service 1 ....... SKIPPED
[INFO] Camel :: Example :: OpenTracing :: Service 2 ....... SKIPPED
[INFO] Camel :: Example :: POJO Messaging ................. SKIPPED
[INFO] Camel :: Example :: RabbitMQ ....................... SKIPPED
[INFO] Camel :: Example :: Reactive Streams ............... SKIPPED
[INFO] Camel :: Example :: Reload ......................... SKIPPED
[INFO] Camel :: Example :: Report Incident (deprecated) ... SKIPPED
[INFO] Camel :: Example :: Report Incident :: WS-Security (deprecated) SKIPPED
[INFO] Camel :: Example :: Rest Producer .................. SKIPPED
[INFO] Camel :: Example :: REST Swagger ................... SKIPPED
[INFO] Camel :: Example :: Restlet :: JDBC ................ SKIPPED
[INFO] Camel :: Example :: Route :: Throttling ............ SKIPPED
[INFO] Camel :: Example :: Scala (deprecated) ............. SKIPPED
[INFO] Camel :: Example :: Servlet HttpRegistry Blueprint . SKIPPED
[INFO] Camel :: Example :: Servlet REST Blueprint ......... SKIPPED
[INFO] Camel :: Example :: Servlet Tomcat ................. SKIPPED
[INFO] Camel :: Example :: Servlet Tomcat without Spring .. SKIPPED
[INFO] Camel :: Example :: Simple Jira Bot ................ SKIPPED
[INFO] Camel :: Example :: Simple Jira Bot :: Java DSL .... SKIPPED
[INFO] Camel :: Example :: Simple Jira Bot :: XML Configuration SKIPPED
[INFO] Camel :: Example :: Spark REST ..................... SKIPPED
[INFO] Camel :: Example :: Splunk ......................... SKIPPED
[INFO] Camel :: Example :: Spring ......................... SKIPPED
[INFO] Camel :: Example :: Spring Boot .................... SKIPPED
[INFO] Camel :: Example :: Spring Boot and ActiveMQ ....... SKIPPED
[INFO] Camel :: Example :: Spring Boot :: Clustered Route Controller SKIPPED
[INFO] Camel :: Example :: Spring Boot :: Clustered Route Controller :: Cluster Bootstrap SKIPPED
[INFO] Camel :: Example :: Spring Boot :: Clustered Route Controller :: Cluster Node SKIPPED
[INFO] Camel :: Example :: Spring Boot with Geocoder and REST DSL SKIPPED
[INFO] Camel :: Example :: Spring Boot with gRPC .......... SKIPPED
[INFO] Camel :: Example :: gRPC :: Hello Camel Server ..... SKIPPED
[INFO] Camel :: Example :: gRPC :: Hello Camel Client ..... SKIPPED
[INFO] Camel :: Example :: Spring Boot :: Health Checks ... SKIPPED
[INFO] Camel :: Example :: Spring Boot :: Health Checks :: Service SKIPPED
[INFO] Camel :: Example :: Spring Boot :: Health Checks :: Application SKIPPED
[INFO] Camel :: Example :: Spring Boot with Infinispan .... SKIPPED
[INFO] Camel :: Example :: Spring Boot :: Master .......... SKIPPED
[INFO] Camel :: Example :: Spring Boot Metrics ............ SKIPPED
[INFO] Camel :: Example :: Spring Boot :: POJO Routing .... SKIPPED
[INFO] Camel :: Example :: Spring Boot REST / JPA ......... SKIPPED
[INFO] Camel :: Example :: Spring Boot with REST DSL and Swagger SKIPPED
[INFO] Camel :: Example :: Spring Boot :: ServiceCall ..... SKIPPED
[INFO] Camel :: Example :: Spring Boot :: ServiceCall :: Consumer SKIPPED
[INFO] Camel :: Example :: Spring Boot :: ServiceCall :: Services SKIPPED
[INFO] Camel :: Example :: Spring Boot :: Supervising Route Controller SKIPPED
[INFO] Camel :: Example :: Spring Boot XML ................ SKIPPED
[INFO] Camel :: Example :: Spring Cloud :: ServiceCall .... SKIPPED
[INFO] Camel :: Example :: Spring Cloud :: ServiceCall :: Consumer SKIPPED
[INFO] Camel :: Example :: Spring Cloud :: ServiceCall :: Service SKIPPED
[INFO] Camel :: Example :: Spring Cloud :: ServiceRegistry  SKIPPED
[INFO] Camel :: Example :: Spring Cloud :: Service Registry :: Consumer SKIPPED
[INFO] Camel :: Example :: Spring Cloud :: Service Registry :: Service SKIPPED
[INFO] Camel :: Example :: Spring :: JavaConfig ........... SKIPPED
[INFO] Camel :: Example :: Spring :: JMS .................. SKIPPED
[INFO] Camel :: Example :: Spring :: Pulsar ............... SKIPPED
[INFO] Camel :: Example :: Spring :: Web Services ......... SKIPPED
[INFO] Camel :: Example :: Spring :: XQuery ............... SKIPPED
[INFO] Camel :: Example :: Spring :: Security ............. SKIPPED
[INFO] Camel :: Example :: SSH ............................ SKIPPED
[INFO] Camel :: Example :: SSH :: Security ................ SKIPPED
[INFO] Camel :: Example :: SQL :: Blueprint ............... SKIPPED
[INFO] Camel :: Example :: Swagger :: CDI ................. SKIPPED
[INFO] Camel :: Example :: Swagger :: OSGi ................ SKIPPED
[INFO] Camel :: Example :: Tracer (deprecated) ............ SKIPPED
[INFO] Camel :: Example :: Transformer :: Blueprint ....... SKIPPED
[INFO] Camel :: Example :: Transformer :: CDI ............. SKIPPED
[INFO] Camel :: Example :: Transformer :: Demo ............ SKIPPED
[INFO] Camel :: Example :: Twitter Salesforce ............. SKIPPED
[INFO] Camel :: Example :: Twitter WebSocket .............. SKIPPED
[INFO] Camel :: Example :: Twitter WebSocket using OSGi Blueprint SKIPPED
[INFO] Camel :: Example :: Validator :: Spring Boot ....... SKIPPED
[INFO] Camel :: Example :: Widget and Gadget :: CDI ....... SKIPPED
[INFO] Camel :: Example :: Widget and Gadget :: Java ...... SKIPPED
[INFO] Camel :: Example :: Widget and Gadget :: XML ....... SKIPPED
[INFO] Camel :: Example :: Zipkin ......................... SKIPPED
[INFO] Camel :: Example :: Zipkin :: Client ............... SKIPPED
[INFO] Camel :: Example :: Zipkin :: Service 1 ............ SKIPPED
[INFO] Camel :: Example :: Zipkin :: Service 2 ............ SKIPPED
[INFO] Camel :: Docs ...................................... SKIPPED
[INFO] Camel :: Assembly .................................. SKIPPED
[INFO] ------------------------------------------------------------------------
[INFO] BUILD FAILURE
[INFO] ------------------------------------------------------------------------
[INFO] Total time:  05:16 min
[INFO] Finished at: 2026-05-29T20:21:24Z
[INFO] ------------------------------------------------------------------------
[ERROR] Failed to execute goal on project camel-ipfs: Could not resolve dependencies for project org.apache.camel:camel-ipfs:jar:2.25.0-SNAPSHOT
[ERROR] dependency: io.nessus:nessus-ipfs-client:jar:1.0.0.Beta4 (compile)
[ERROR] 	Could not find artifact io.nessus:nessus-ipfs-client:jar:1.0.0.Beta4 in github-packages (https://maven.pkg.github.com/SmallKlaus/maven-artifacts)
[ERROR] 	Could not find artifact io.nessus:nessus-ipfs-client:jar:1.0.0.Beta4 in maven-central (https://repo.maven.apache.org/maven2)
[ERROR] 	Could not find artifact io.nessus:nessus-ipfs-client:jar:1.0.0.Beta4 in mapr-public (https://repository.mapr.com/nexus/content/groups/mapr-public/)
[ERROR] 	Could not find artifact io.nessus:nessus-ipfs-client:jar:1.0.0.Beta4 in huaweicloudsdk (https://repo.huaweicloud.com/repository/maven/huaweicloudsdk/)
[ERROR] 	Could not find artifact io.nessus:nessus-ipfs-client:jar:1.0.0.Beta4 in jboss.thirdparty (https://repository.jboss.org/nexus/service/local/repositories/thirdparty-releases/content/)
[ERROR] 	io.nessus:nessus-ipfs-client:jar:1.0.0.Beta4 was not found in https://repo.maven.apache.org/maven2 during a previous attempt. This failure was cached in the local repository and resolution is not reattempted until the update interval of central has elapsed or updates are forced
[ERROR] -> [Help 1]
[ERROR] 
[ERROR] To see the full stack trace of the errors, re-run Maven with the -e switch.
[ERROR] Re-run Maven using the -X switch to enable full debug logging.
[ERROR] 
[ERROR] For more information about the errors and possible solutions, please read the following articles:
[ERROR] [Help 1] http://cwiki.apache.org/confluence/display/MAVEN/DependencyResolutionException
[ERROR] 
[ERROR] After correcting the problems, you can resume the build with the command
[ERROR]   mvn <args> -rf :camel-ipfs
