[WARNING] 
[WARNING] Some problems were encountered while building the effective settings
[WARNING] 'profiles.profile[repos].repositories.repository.id' must be unique but found duplicate repository with id mapr-public @ /home/runner/.m2/settings.xml
[WARNING] 
[INFO] Scanning for projects...
[WARNING] 
[WARNING] Some problems were encountered while building the effective model for org.apache.flink:flink-scala_2.11:jar:1.12-SNAPSHOT
[WARNING] 'artifactId' contains an expression but should be a constant. @ org.apache.flink:flink-scala_${scala.binary.version}:1.12-SNAPSHOT, /home/runner/work/sonar-analysis/sonar-analysis/project/flink-scala/pom.xml, line 31, column 14
[WARNING] 
[WARNING] Some problems were encountered while building the effective model for org.apache.flink:flink-runtime_2.11:jar:1.12-SNAPSHOT
[WARNING] 'artifactId' contains an expression but should be a constant. @ org.apache.flink:flink-runtime_${scala.binary.version}:1.12-SNAPSHOT, /home/runner/work/sonar-analysis/sonar-analysis/project/flink-runtime/pom.xml, line 32, column 14
[WARNING] 
[WARNING] Some problems were encountered while building the effective model for org.apache.flink:flink-runtime-web_2.11:jar:1.12-SNAPSHOT
[WARNING] 'artifactId' contains an expression but should be a constant. @ org.apache.flink:flink-runtime-web_${scala.binary.version}:1.12-SNAPSHOT, /home/runner/work/sonar-analysis/sonar-analysis/project/flink-runtime-web/pom.xml, line 32, column 14
[WARNING] 
[WARNING] Some problems were encountered while building the effective model for org.apache.flink:flink-optimizer_2.11:jar:1.12-SNAPSHOT
[WARNING] 'artifactId' contains an expression but should be a constant. @ org.apache.flink:flink-optimizer_${scala.binary.version}:1.12-SNAPSHOT, /home/runner/work/sonar-analysis/sonar-analysis/project/flink-optimizer/pom.xml, line 32, column 14
[WARNING] 
[WARNING] Some problems were encountered while building the effective model for org.apache.flink:flink-streaming-java_2.11:jar:1.12-SNAPSHOT
[WARNING] 'artifactId' contains an expression but should be a constant. @ org.apache.flink:flink-streaming-java_${scala.binary.version}:1.12-SNAPSHOT, /home/runner/work/sonar-analysis/sonar-analysis/project/flink-streaming-java/pom.xml, line 32, column 14
[WARNING] 
[WARNING] Some problems were encountered while building the effective model for org.apache.flink:flink-streaming-scala_2.11:jar:1.12-SNAPSHOT
[WARNING] 'artifactId' contains an expression but should be a constant. @ org.apache.flink:flink-streaming-scala_${scala.binary.version}:1.12-SNAPSHOT, /home/runner/work/sonar-analysis/sonar-analysis/project/flink-streaming-scala/pom.xml, line 31, column 14
[WARNING] 
[WARNING] Some problems were encountered while building the effective model for org.apache.flink:flink-hadoop-compatibility_2.11:jar:1.12-SNAPSHOT
[WARNING] 'artifactId' contains an expression but should be a constant. @ org.apache.flink:flink-hadoop-compatibility_${scala.binary.version}:1.12-SNAPSHOT, /home/runner/work/sonar-analysis/sonar-analysis/project/flink-connectors/flink-hadoop-compatibility/pom.xml, line 32, column 14
[WARNING] 
[WARNING] Some problems were encountered while building the effective model for org.apache.flink:flink-hcatalog_2.11:jar:1.12-SNAPSHOT
[WARNING] 'artifactId' contains an expression but should be a constant. @ org.apache.flink:flink-hcatalog_${scala.binary.version}:1.12-SNAPSHOT, /home/runner/work/sonar-analysis/sonar-analysis/project/flink-connectors/flink-hcatalog/pom.xml, line 32, column 14
[WARNING] 
[WARNING] Some problems were encountered while building the effective model for org.apache.flink:flink-connector-kafka-base_2.11:jar:1.12-SNAPSHOT
[WARNING] 'artifactId' contains an expression but should be a constant. @ org.apache.flink:flink-connector-kafka-base_${scala.binary.version}:1.12-SNAPSHOT, /home/runner/work/sonar-analysis/sonar-analysis/project/flink-connectors/flink-connector-kafka-base/pom.xml, line 33, column 14
[WARNING] 
[WARNING] Some problems were encountered while building the effective model for org.apache.flink:flink-connector-kafka-0.10_2.11:jar:1.12-SNAPSHOT
[WARNING] 'artifactId' contains an expression but should be a constant. @ org.apache.flink:flink-connector-kafka-0.10_${scala.binary.version}:1.12-SNAPSHOT, /home/runner/work/sonar-analysis/sonar-analysis/project/flink-connectors/flink-connector-kafka-0.10/pom.xml, line 33, column 14
[WARNING] 
[WARNING] Some problems were encountered while building the effective model for org.apache.flink:flink-connector-kafka-0.11_2.11:jar:1.12-SNAPSHOT
[WARNING] 'artifactId' contains an expression but should be a constant. @ org.apache.flink:flink-connector-kafka-0.11_${scala.binary.version}:1.12-SNAPSHOT, /home/runner/work/sonar-analysis/sonar-analysis/project/flink-connectors/flink-connector-kafka-0.11/pom.xml, line 33, column 14
[WARNING] 
[WARNING] Some problems were encountered while building the effective model for org.apache.flink:flink-connector-elasticsearch-base_2.11:jar:1.12-SNAPSHOT
[WARNING] 'artifactId' contains an expression but should be a constant. @ org.apache.flink:flink-connector-elasticsearch-base_${scala.binary.version}:1.12-SNAPSHOT, /home/runner/work/sonar-analysis/sonar-analysis/project/flink-connectors/flink-connector-elasticsearch-base/pom.xml, line 33, column 14
[WARNING] 
[WARNING] Some problems were encountered while building the effective model for org.apache.flink:flink-connector-elasticsearch5_2.11:jar:1.12-SNAPSHOT
[WARNING] 'artifactId' contains an expression but should be a constant. @ org.apache.flink:flink-connector-elasticsearch5_${scala.binary.version}:1.12-SNAPSHOT, /home/runner/work/sonar-analysis/sonar-analysis/project/flink-connectors/flink-connector-elasticsearch5/pom.xml, line 33, column 14
[WARNING] 
[WARNING] Some problems were encountered while building the effective model for org.apache.flink:flink-connector-elasticsearch6_2.11:jar:1.12-SNAPSHOT
[WARNING] 'artifactId' contains an expression but should be a constant. @ org.apache.flink:flink-connector-elasticsearch6_${scala.binary.version}:1.12-SNAPSHOT, /home/runner/work/sonar-analysis/sonar-analysis/project/flink-connectors/flink-connector-elasticsearch6/pom.xml, line 33, column 14
[WARNING] 
[WARNING] Some problems were encountered while building the effective model for org.apache.flink:flink-connector-elasticsearch7_2.11:jar:1.12-SNAPSHOT
[WARNING] 'artifactId' contains an expression but should be a constant. @ org.apache.flink:flink-connector-elasticsearch7_${scala.binary.version}:1.12-SNAPSHOT, /home/runner/work/sonar-analysis/sonar-analysis/project/flink-connectors/flink-connector-elasticsearch7/pom.xml, line 33, column 14
[WARNING] 
[WARNING] Some problems were encountered while building the effective model for org.apache.flink:flink-connector-hbase_2.11:jar:1.12-SNAPSHOT
[WARNING] 'artifactId' contains an expression but should be a constant. @ org.apache.flink:flink-connector-hbase_${scala.binary.version}:1.12-SNAPSHOT, /home/runner/work/sonar-analysis/sonar-analysis/project/flink-connectors/flink-connector-hbase/pom.xml, line 32, column 14
[WARNING] 
[WARNING] Some problems were encountered while building the effective model for org.apache.flink:flink-connector-hive_2.11:jar:1.12-SNAPSHOT
[WARNING] 'artifactId' contains an expression but should be a constant. @ org.apache.flink:flink-connector-hive_${scala.binary.version}:1.12-SNAPSHOT, /home/runner/work/sonar-analysis/sonar-analysis/project/flink-connectors/flink-connector-hive/pom.xml, line 33, column 14
[WARNING] 
[WARNING] Some problems were encountered while building the effective model for org.apache.flink:flink-connector-jdbc_2.11:jar:1.12-SNAPSHOT
[WARNING] 'artifactId' contains an expression but should be a constant. @ org.apache.flink:flink-connector-jdbc_${scala.binary.version}:1.12-SNAPSHOT, /home/runner/work/sonar-analysis/sonar-analysis/project/flink-connectors/flink-connector-jdbc/pom.xml, line 33, column 14
[WARNING] 
[WARNING] Some problems were encountered while building the effective model for org.apache.flink:flink-connector-rabbitmq_2.11:jar:1.12-SNAPSHOT
[WARNING] 'artifactId' contains an expression but should be a constant. @ org.apache.flink:flink-connector-rabbitmq_${scala.binary.version}:1.12-SNAPSHOT, /home/runner/work/sonar-analysis/sonar-analysis/project/flink-connectors/flink-connector-rabbitmq/pom.xml, line 33, column 14
[WARNING] 
[WARNING] Some problems were encountered while building the effective model for org.apache.flink:flink-connector-twitter_2.11:jar:1.12-SNAPSHOT
[WARNING] 'artifactId' contains an expression but should be a constant. @ org.apache.flink:flink-connector-twitter_${scala.binary.version}:1.12-SNAPSHOT, /home/runner/work/sonar-analysis/sonar-analysis/project/flink-connectors/flink-connector-twitter/pom.xml, line 33, column 14
[WARNING] 
[WARNING] Some problems were encountered while building the effective model for org.apache.flink:flink-connector-nifi_2.11:jar:1.12-SNAPSHOT
[WARNING] 'artifactId' contains an expression but should be a constant. @ org.apache.flink:flink-connector-nifi_${scala.binary.version}:1.12-SNAPSHOT, /home/runner/work/sonar-analysis/sonar-analysis/project/flink-connectors/flink-connector-nifi/pom.xml, line 33, column 14
[WARNING] 
[WARNING] Some problems were encountered while building the effective model for org.apache.flink:flink-connector-cassandra_2.11:jar:1.12-SNAPSHOT
[WARNING] 'artifactId' contains an expression but should be a constant. @ org.apache.flink:flink-connector-cassandra_${scala.binary.version}:1.12-SNAPSHOT, /home/runner/work/sonar-analysis/sonar-analysis/project/flink-connectors/flink-connector-cassandra/pom.xml, line 33, column 14
[WARNING] 
[WARNING] Some problems were encountered while building the effective model for org.apache.flink:flink-connector-filesystem_2.11:jar:1.12-SNAPSHOT
[WARNING] 'artifactId' contains an expression but should be a constant. @ org.apache.flink:flink-connector-filesystem_${scala.binary.version}:1.12-SNAPSHOT, /home/runner/work/sonar-analysis/sonar-analysis/project/flink-connectors/flink-connector-filesystem/pom.xml, line 33, column 14
[WARNING] 
[WARNING] Some problems were encountered while building the effective model for org.apache.flink:flink-connector-kafka_2.11:jar:1.12-SNAPSHOT
[WARNING] 'artifactId' contains an expression but should be a constant. @ org.apache.flink:flink-connector-kafka_${scala.binary.version}:1.12-SNAPSHOT, /home/runner/work/sonar-analysis/sonar-analysis/project/flink-connectors/flink-connector-kafka/pom.xml, line 33, column 14
[WARNING] 
[WARNING] Some problems were encountered while building the effective model for org.apache.flink:flink-connector-gcp-pubsub_2.11:jar:1.12-SNAPSHOT
[WARNING] 'artifactId' contains an expression but should be a constant. @ org.apache.flink:flink-connector-gcp-pubsub_${scala.binary.version}:1.12-SNAPSHOT, /home/runner/work/sonar-analysis/sonar-analysis/project/flink-connectors/flink-connector-gcp-pubsub/pom.xml, line 33, column 14
[WARNING] 
[WARNING] Some problems were encountered while building the effective model for org.apache.flink:flink-connector-kinesis_2.11:jar:1.12-SNAPSHOT
[WARNING] 'artifactId' contains an expression but should be a constant. @ org.apache.flink:flink-connector-kinesis_${scala.binary.version}:1.12-SNAPSHOT, /home/runner/work/sonar-analysis/sonar-analysis/project/flink-connectors/flink-connector-kinesis/pom.xml, line 33, column 14
[WARNING] 
[WARNING] Some problems were encountered while building the effective model for org.apache.flink:flink-sql-connector-elasticsearch7_2.11:jar:1.12-SNAPSHOT
[WARNING] 'artifactId' contains an expression but should be a constant. @ org.apache.flink:flink-sql-connector-elasticsearch7_${scala.binary.version}:1.12-SNAPSHOT, /home/runner/work/sonar-analysis/sonar-analysis/project/flink-connectors/flink-sql-connector-elasticsearch7/pom.xml, line 33, column 14
[WARNING] 
[WARNING] Some problems were encountered while building the effective model for org.apache.flink:flink-sql-connector-elasticsearch6_2.11:jar:1.12-SNAPSHOT
[WARNING] 'artifactId' contains an expression but should be a constant. @ org.apache.flink:flink-sql-connector-elasticsearch6_${scala.binary.version}:1.12-SNAPSHOT, /home/runner/work/sonar-analysis/sonar-analysis/project/flink-connectors/flink-sql-connector-elasticsearch6/pom.xml, line 33, column 14
[WARNING] 
[WARNING] Some problems were encountered while building the effective model for org.apache.flink:flink-sql-connector-kafka-0.10_2.11:jar:1.12-SNAPSHOT
[WARNING] 'artifactId' contains an expression but should be a constant. @ org.apache.flink:flink-sql-connector-kafka-0.10_${scala.binary.version}:1.12-SNAPSHOT, /home/runner/work/sonar-analysis/sonar-analysis/project/flink-connectors/flink-sql-connector-kafka-0.10/pom.xml, line 33, column 14
[WARNING] 
[WARNING] Some problems were encountered while building the effective model for org.apache.flink:flink-sql-connector-kafka-0.11_2.11:jar:1.12-SNAPSHOT
[WARNING] 'artifactId' contains an expression but should be a constant. @ org.apache.flink:flink-sql-connector-kafka-0.11_${scala.binary.version}:1.12-SNAPSHOT, /home/runner/work/sonar-analysis/sonar-analysis/project/flink-connectors/flink-sql-connector-kafka-0.11/pom.xml, line 33, column 14
[WARNING] 
[WARNING] Some problems were encountered while building the effective model for org.apache.flink:flink-sql-connector-kafka_2.11:jar:1.12-SNAPSHOT
[WARNING] 'artifactId' contains an expression but should be a constant. @ org.apache.flink:flink-sql-connector-kafka_${scala.binary.version}:1.12-SNAPSHOT, /home/runner/work/sonar-analysis/sonar-analysis/project/flink-connectors/flink-sql-connector-kafka/pom.xml, line 33, column 14
[WARNING] 
[WARNING] Some problems were encountered while building the effective model for org.apache.flink:flink-sql-connector-hive-1.2.2_2.11:jar:1.12-SNAPSHOT
[WARNING] 'artifactId' contains an expression but should be a constant. @ org.apache.flink:flink-sql-connector-hive-1.2.2_${scala.binary.version}:1.12-SNAPSHOT, /home/runner/work/sonar-analysis/sonar-analysis/project/flink-connectors/flink-sql-connector-hive-1.2.2/pom.xml, line 33, column 14
[WARNING] 
[WARNING] Some problems were encountered while building the effective model for org.apache.flink:flink-sql-connector-hive-2.2.0_2.11:jar:1.12-SNAPSHOT
[WARNING] 'artifactId' contains an expression but should be a constant. @ org.apache.flink:flink-sql-connector-hive-2.2.0_${scala.binary.version}:1.12-SNAPSHOT, /home/runner/work/sonar-analysis/sonar-analysis/project/flink-connectors/flink-sql-connector-hive-2.2.0/pom.xml, line 33, column 14
[WARNING] 
[WARNING] Some problems were encountered while building the effective model for org.apache.flink:flink-sql-connector-hive-2.3.6_2.11:jar:1.12-SNAPSHOT
[WARNING] 'artifactId' contains an expression but should be a constant. @ org.apache.flink:flink-sql-connector-hive-2.3.6_${scala.binary.version}:1.12-SNAPSHOT, /home/runner/work/sonar-analysis/sonar-analysis/project/flink-connectors/flink-sql-connector-hive-2.3.6/pom.xml, line 33, column 14
[WARNING] 
[WARNING] Some problems were encountered while building the effective model for org.apache.flink:flink-sql-connector-hive-3.1.2_2.11:jar:1.12-SNAPSHOT
[WARNING] 'artifactId' contains an expression but should be a constant. @ org.apache.flink:flink-sql-connector-hive-3.1.2_${scala.binary.version}:1.12-SNAPSHOT, /home/runner/work/sonar-analysis/sonar-analysis/project/flink-connectors/flink-sql-connector-hive-3.1.2/pom.xml, line 33, column 14
[WARNING] 
[WARNING] Some problems were encountered while building the effective model for org.apache.flink:flink-parquet_2.11:jar:1.12-SNAPSHOT
[WARNING] 'artifactId' contains an expression but should be a constant. @ org.apache.flink:flink-parquet_${scala.binary.version}:1.12-SNAPSHOT, /home/runner/work/sonar-analysis/sonar-analysis/project/flink-formats/flink-parquet/pom.xml, line 32, column 14
[WARNING] 
[WARNING] Some problems were encountered while building the effective model for org.apache.flink:flink-orc_2.11:jar:1.12-SNAPSHOT
[WARNING] 'artifactId' contains an expression but should be a constant. @ org.apache.flink:flink-orc_${scala.binary.version}:1.12-SNAPSHOT, /home/runner/work/sonar-analysis/sonar-analysis/project/flink-formats/flink-orc/pom.xml, line 32, column 14
[WARNING] 
[WARNING] Some problems were encountered while building the effective model for org.apache.flink:flink-orc-nohive_2.11:jar:1.12-SNAPSHOT
[WARNING] 'artifactId' contains an expression but should be a constant. @ org.apache.flink:flink-orc-nohive_${scala.binary.version}:1.12-SNAPSHOT, /home/runner/work/sonar-analysis/sonar-analysis/project/flink-formats/flink-orc-nohive/pom.xml, line 32, column 14
[WARNING] 
[WARNING] Some problems were encountered while building the effective model for org.apache.flink:flink-examples-batch_2.11:jar:1.12-SNAPSHOT
[WARNING] 'artifactId' contains an expression but should be a constant. @ org.apache.flink:flink-examples-batch_${scala.binary.version}:1.12-SNAPSHOT, /home/runner/work/sonar-analysis/sonar-analysis/project/flink-examples/flink-examples-batch/pom.xml, line 31, column 14
[WARNING] 
[WARNING] Some problems were encountered while building the effective model for org.apache.flink:flink-examples-streaming_2.11:jar:1.12-SNAPSHOT
[WARNING] 'artifactId' contains an expression but should be a constant. @ org.apache.flink:flink-examples-streaming_${scala.binary.version}:1.12-SNAPSHOT, /home/runner/work/sonar-analysis/sonar-analysis/project/flink-examples/flink-examples-streaming/pom.xml, line 32, column 14
[WARNING] 
[WARNING] Some problems were encountered while building the effective model for org.apache.flink:flink-examples-table_2.11:jar:1.12-SNAPSHOT
[WARNING] 'artifactId' contains an expression but should be a constant. @ org.apache.flink:flink-examples-table_${scala.binary.version}:1.12-SNAPSHOT, /home/runner/work/sonar-analysis/sonar-analysis/project/flink-examples/flink-examples-table/pom.xml, line 33, column 14
[WARNING] 
[WARNING] Some problems were encountered while building the effective model for org.apache.flink:flink-examples-streaming-twitter_2.11:jar:1.12-SNAPSHOT
[WARNING] 'artifactId' contains an expression but should be a constant. @ org.apache.flink:flink-examples-streaming-twitter_${scala.binary.version}:1.12-SNAPSHOT, /home/runner/work/sonar-analysis/sonar-analysis/project/flink-examples/flink-examples-build-helper/flink-examples-streaming-twitter/pom.xml, line 31, column 14
[WARNING] 
[WARNING] Some problems were encountered while building the effective model for org.apache.flink:flink-examples-streaming-state-machine_2.11:jar:1.12-SNAPSHOT
[WARNING] 'artifactId' contains an expression but should be a constant. @ org.apache.flink:flink-examples-streaming-state-machine_${scala.binary.version}:1.12-SNAPSHOT, /home/runner/work/sonar-analysis/sonar-analysis/project/flink-examples/flink-examples-build-helper/flink-examples-streaming-state-machine/pom.xml, line 31, column 14
[WARNING] 
[WARNING] Some problems were encountered while building the effective model for org.apache.flink:flink-examples-streaming-gcp-pubsub_2.11:jar:1.12-SNAPSHOT
[WARNING] 'artifactId' contains an expression but should be a constant. @ org.apache.flink:flink-examples-streaming-gcp-pubsub_${scala.binary.version}:1.12-SNAPSHOT, /home/runner/work/sonar-analysis/sonar-analysis/project/flink-examples/flink-examples-build-helper/flink-examples-streaming-gcp-pubsub/pom.xml, line 31, column 14
[WARNING] 
[WARNING] Some problems were encountered while building the effective model for org.apache.flink:flink-clients_2.11:jar:1.12-SNAPSHOT
[WARNING] 'artifactId' contains an expression but should be a constant. @ org.apache.flink:flink-clients_${scala.binary.version}:1.12-SNAPSHOT, /home/runner/work/sonar-analysis/sonar-analysis/project/flink-clients/pom.xml, line 33, column 14
[WARNING] 
[WARNING] Some problems were encountered while building the effective model for org.apache.flink:flink-container_2.11:jar:1.12-SNAPSHOT
[WARNING] 'artifactId' contains an expression but should be a constant. @ org.apache.flink:flink-container_${scala.binary.version}:1.12-SNAPSHOT, /home/runner/work/sonar-analysis/sonar-analysis/project/flink-container/pom.xml, line 31, column 14
[WARNING] 
[WARNING] Some problems were encountered while building the effective model for org.apache.flink:flink-queryable-state-runtime_2.11:jar:1.12-SNAPSHOT
[WARNING] 'artifactId' contains an expression but should be a constant. @ org.apache.flink:flink-queryable-state-runtime_${scala.binary.version}:1.12-SNAPSHOT, /home/runner/work/sonar-analysis/sonar-analysis/project/flink-queryable-state/flink-queryable-state-runtime/pom.xml, line 33, column 14
[WARNING] 
[WARNING] Some problems were encountered while building the effective model for org.apache.flink:flink-tests:jar:1.12-SNAPSHOT
[WARNING] 'dependencies.dependency.(groupId:artifactId:type:classifier)' must be unique: org.apache.flink:flink-shaded-guava:jar -> duplicate declaration of version (?) @ line 204, column 15
[WARNING] 
[WARNING] Some problems were encountered while building the effective model for org.apache.flink:flink-cli-test_2.11:jar:1.12-SNAPSHOT
[WARNING] 'artifactId' contains an expression but should be a constant. @ org.apache.flink:flink-cli-test_${scala.binary.version}:1.12-SNAPSHOT, /home/runner/work/sonar-analysis/sonar-analysis/project/flink-end-to-end-tests/flink-cli-test/pom.xml, line 33, column 14
[WARNING] 
[WARNING] Some problems were encountered while building the effective model for org.apache.flink:flink-parent-child-classloading-test-program_2.11:jar:1.12-SNAPSHOT
[WARNING] 'artifactId' contains an expression but should be a constant. @ org.apache.flink:flink-parent-child-classloading-test-program_${scala.binary.version}:1.12-SNAPSHOT, /home/runner/work/sonar-analysis/sonar-analysis/project/flink-end-to-end-tests/flink-parent-child-classloading-test-program/pom.xml, line 38, column 14
[WARNING] 
[WARNING] Some problems were encountered while building the effective model for org.apache.flink:flink-parent-child-classloading-test-lib-package_2.11:jar:1.12-SNAPSHOT
[WARNING] 'artifactId' contains an expression but should be a constant. @ org.apache.flink:flink-parent-child-classloading-test-lib-package_${scala.binary.version}:1.12-SNAPSHOT, /home/runner/work/sonar-analysis/sonar-analysis/project/flink-end-to-end-tests/flink-parent-child-classloading-test-lib-package/pom.xml, line 38, column 14
[WARNING] 
[WARNING] Some problems were encountered while building the effective model for org.apache.flink:flink-batch-sql-test_2.11:jar:1.12-SNAPSHOT
[WARNING] 'artifactId' contains an expression but should be a constant. @ org.apache.flink:flink-batch-sql-test_${scala.binary.version}:1.12-SNAPSHOT, /home/runner/work/sonar-analysis/sonar-analysis/project/flink-end-to-end-tests/flink-batch-sql-test/pom.xml, line 33, column 14
[WARNING] 
[WARNING] Some problems were encountered while building the effective model for org.apache.flink:flink-stream-sql-test_2.11:jar:1.12-SNAPSHOT
[WARNING] 'artifactId' contains an expression but should be a constant. @ org.apache.flink:flink-stream-sql-test_${scala.binary.version}:1.12-SNAPSHOT, /home/runner/work/sonar-analysis/sonar-analysis/project/flink-end-to-end-tests/flink-stream-sql-test/pom.xml, line 33, column 14
[WARNING] 
[WARNING] Some problems were encountered while building the effective model for org.apache.flink:flink-distributed-cache-via-blob-test_2.11:jar:1.12-SNAPSHOT
[WARNING] 'artifactId' contains an expression but should be a constant. @ org.apache.flink:flink-distributed-cache-via-blob-test_${scala.binary.version}:1.12-SNAPSHOT, /home/runner/work/sonar-analysis/sonar-analysis/project/flink-end-to-end-tests/flink-distributed-cache-via-blob-test/pom.xml, line 33, column 14
[WARNING] 
[WARNING] Some problems were encountered while building the effective model for org.apache.flink:flink-queryable-state-test_2.11:jar:1.12-SNAPSHOT
[WARNING] 'artifactId' contains an expression but should be a constant. @ org.apache.flink:flink-queryable-state-test_${scala.binary.version}:1.12-SNAPSHOT, /home/runner/work/sonar-analysis/sonar-analysis/project/flink-end-to-end-tests/flink-queryable-state-test/pom.xml, line 30, column 14
[WARNING] 
[WARNING] Some problems were encountered while building the effective model for org.apache.flink:flink-streaming-kafka-test-base_2.11:jar:1.12-SNAPSHOT
[WARNING] 'artifactId' contains an expression but should be a constant. @ org.apache.flink:flink-streaming-kafka-test-base_${scala.binary.version}:1.12-SNAPSHOT, /home/runner/work/sonar-analysis/sonar-analysis/project/flink-end-to-end-tests/flink-streaming-kafka-test-base/pom.xml, line 31, column 14
[WARNING] 
[WARNING] Some problems were encountered while building the effective model for org.apache.flink:flink-streaming-kafka-test_2.11:jar:1.12-SNAPSHOT
[WARNING] 'artifactId' contains an expression but should be a constant. @ org.apache.flink:flink-streaming-kafka-test_${scala.binary.version}:1.12-SNAPSHOT, /home/runner/work/sonar-analysis/sonar-analysis/project/flink-end-to-end-tests/flink-streaming-kafka-test/pom.xml, line 31, column 14
[WARNING] 
[WARNING] Some problems were encountered while building the effective model for org.apache.flink:flink-streaming-kafka011-test_2.11:jar:1.12-SNAPSHOT
[WARNING] 'artifactId' contains an expression but should be a constant. @ org.apache.flink:flink-streaming-kafka011-test_${scala.binary.version}:1.12-SNAPSHOT, /home/runner/work/sonar-analysis/sonar-analysis/project/flink-end-to-end-tests/flink-streaming-kafka011-test/pom.xml, line 31, column 14
[WARNING] 
[WARNING] Some problems were encountered while building the effective model for org.apache.flink:flink-streaming-kafka010-test_2.11:jar:1.12-SNAPSHOT
[WARNING] 'artifactId' contains an expression but should be a constant. @ org.apache.flink:flink-streaming-kafka010-test_${scala.binary.version}:1.12-SNAPSHOT, /home/runner/work/sonar-analysis/sonar-analysis/project/flink-end-to-end-tests/flink-streaming-kafka010-test/pom.xml, line 31, column 14
[WARNING] 
[WARNING] Some problems were encountered while building the effective model for org.apache.flink:flink-streaming-kinesis-test_2.11:jar:1.12-SNAPSHOT
[WARNING] 'artifactId' contains an expression but should be a constant. @ org.apache.flink:flink-streaming-kinesis-test_${scala.binary.version}:1.12-SNAPSHOT, /home/runner/work/sonar-analysis/sonar-analysis/project/flink-end-to-end-tests/flink-streaming-kinesis-test/pom.xml, line 31, column 14
[WARNING] 
[WARNING] Some problems were encountered while building the effective model for org.apache.flink:flink-python-test_2.11:jar:1.12-SNAPSHOT
[WARNING] 'artifactId' contains an expression but should be a constant. @ org.apache.flink:flink-python-test_${scala.binary.version}:1.12-SNAPSHOT, /home/runner/work/sonar-analysis/sonar-analysis/project/flink-end-to-end-tests/flink-python-test/pom.xml, line 30, column 14
[WARNING] 
[WARNING] Some problems were encountered while building the effective model for org.apache.flink:flink-test-utils_2.11:jar:1.12-SNAPSHOT
[WARNING] 'artifactId' contains an expression but should be a constant. @ org.apache.flink:flink-test-utils_${scala.binary.version}:1.12-SNAPSHOT, /home/runner/work/sonar-analysis/sonar-analysis/project/flink-test-utils-parent/flink-test-utils/pom.xml, line 32, column 14
[WARNING] 
[WARNING] Some problems were encountered while building the effective model for org.apache.flink:flink-statebackend-rocksdb_2.11:jar:1.12-SNAPSHOT
[WARNING] 'artifactId' contains an expression but should be a constant. @ org.apache.flink:flink-statebackend-rocksdb_${scala.binary.version}:1.12-SNAPSHOT, /home/runner/work/sonar-analysis/sonar-analysis/project/flink-state-backends/flink-statebackend-rocksdb/pom.xml, line 34, column 14
[WARNING] 
[WARNING] Some problems were encountered while building the effective model for org.apache.flink:flink-statebackend-heap-spillable_2.11:jar:1.12-SNAPSHOT
[WARNING] 'artifactId' contains an expression but should be a constant. @ org.apache.flink:flink-statebackend-heap-spillable_${scala.binary.version}:1.12-SNAPSHOT, /home/runner/work/sonar-analysis/sonar-analysis/project/flink-state-backends/flink-statebackend-heap-spillable/pom.xml, line 34, column 14
[WARNING] 
[WARNING] Some problems were encountered while building the effective model for org.apache.flink:flink-gelly_2.11:jar:1.12-SNAPSHOT
[WARNING] 'artifactId' contains an expression but should be a constant. @ org.apache.flink:flink-gelly_${scala.binary.version}:1.12-SNAPSHOT, /home/runner/work/sonar-analysis/sonar-analysis/project/flink-libraries/flink-gelly/pom.xml, line 32, column 14
[WARNING] 
[WARNING] Some problems were encountered while building the effective model for org.apache.flink:flink-gelly-scala_2.11:jar:1.12-SNAPSHOT
[WARNING] 'artifactId' contains an expression but should be a constant. @ org.apache.flink:flink-gelly-scala_${scala.binary.version}:1.12-SNAPSHOT, /home/runner/work/sonar-analysis/sonar-analysis/project/flink-libraries/flink-gelly-scala/pom.xml, line 31, column 17
[WARNING] 
[WARNING] Some problems were encountered while building the effective model for org.apache.flink:flink-gelly-examples_2.11:jar:1.12-SNAPSHOT
[WARNING] 'artifactId' contains an expression but should be a constant. @ org.apache.flink:flink-gelly-examples_${scala.binary.version}:1.12-SNAPSHOT, /home/runner/work/sonar-analysis/sonar-analysis/project/flink-libraries/flink-gelly-examples/pom.xml, line 30, column 14
[WARNING] 
[WARNING] Some problems were encountered while building the effective model for org.apache.flink:flink-cep_2.11:jar:1.12-SNAPSHOT
[WARNING] 'artifactId' contains an expression but should be a constant. @ org.apache.flink:flink-cep_${scala.binary.version}:1.12-SNAPSHOT, /home/runner/work/sonar-analysis/sonar-analysis/project/flink-libraries/flink-cep/pom.xml, line 33, column 17
[WARNING] 
[WARNING] Some problems were encountered while building the effective model for org.apache.flink:flink-cep-scala_2.11:jar:1.12-SNAPSHOT
[WARNING] 'artifactId' contains an expression but should be a constant. @ org.apache.flink:flink-cep-scala_${scala.binary.version}:1.12-SNAPSHOT, /home/runner/work/sonar-analysis/sonar-analysis/project/flink-libraries/flink-cep-scala/pom.xml, line 33, column 17
[WARNING] 
[WARNING] Some problems were encountered while building the effective model for org.apache.flink:flink-state-processor-api_2.11:jar:1.12-SNAPSHOT
[WARNING] 'artifactId' contains an expression but should be a constant. @ org.apache.flink:flink-state-processor-api_${scala.binary.version}:1.12-SNAPSHOT, /home/runner/work/sonar-analysis/sonar-analysis/project/flink-libraries/flink-state-processing-api/pom.xml, line 33, column 14
[WARNING] 
[WARNING] Some problems were encountered while building the effective model for org.apache.flink:flink-table-api-scala_2.11:jar:1.12-SNAPSHOT
[WARNING] 'artifactId' contains an expression but should be a constant. @ org.apache.flink:flink-table-api-scala_${scala.binary.version}:1.12-SNAPSHOT, /home/runner/work/sonar-analysis/sonar-analysis/project/flink-table/flink-table-api-scala/pom.xml, line 30, column 14
[WARNING] 
[WARNING] Some problems were encountered while building the effective model for org.apache.flink:flink-table-api-java-bridge_2.11:jar:1.12-SNAPSHOT
[WARNING] 'artifactId' contains an expression but should be a constant. @ org.apache.flink:flink-table-api-java-bridge_${scala.binary.version}:1.12-SNAPSHOT, /home/runner/work/sonar-analysis/sonar-analysis/project/flink-table/flink-table-api-java-bridge/pom.xml, line 30, column 14
[WARNING] 
[WARNING] Some problems were encountered while building the effective model for org.apache.flink:flink-table-api-scala-bridge_2.11:jar:1.12-SNAPSHOT
[WARNING] 'artifactId' contains an expression but should be a constant. @ org.apache.flink:flink-table-api-scala-bridge_${scala.binary.version}:1.12-SNAPSHOT, /home/runner/work/sonar-analysis/sonar-analysis/project/flink-table/flink-table-api-scala-bridge/pom.xml, line 30, column 14
[WARNING] 
[WARNING] Some problems were encountered while building the effective model for org.apache.flink:flink-table-planner_2.11:jar:1.12-SNAPSHOT
[WARNING] 'artifactId' contains an expression but should be a constant. @ org.apache.flink:flink-table-planner_${scala.binary.version}:1.12-SNAPSHOT, /home/runner/work/sonar-analysis/sonar-analysis/project/flink-table/flink-table-planner/pom.xml, line 30, column 14
[WARNING] 
[WARNING] Some problems were encountered while building the effective model for org.apache.flink:flink-table-planner-blink_2.11:jar:1.12-SNAPSHOT
[WARNING] 'artifactId' contains an expression but should be a constant. @ org.apache.flink:flink-table-planner-blink_${scala.binary.version}:1.12-SNAPSHOT, /home/runner/work/sonar-analysis/sonar-analysis/project/flink-table/flink-table-planner-blink/pom.xml, line 30, column 14
[WARNING] 
[WARNING] Some problems were encountered while building the effective model for org.apache.flink:flink-table-runtime-blink_2.11:jar:1.12-SNAPSHOT
[WARNING] 'artifactId' contains an expression but should be a constant. @ org.apache.flink:flink-table-runtime-blink_${scala.binary.version}:1.12-SNAPSHOT, /home/runner/work/sonar-analysis/sonar-analysis/project/flink-table/flink-table-runtime-blink/pom.xml, line 30, column 14
[WARNING] 
[WARNING] Some problems were encountered while building the effective model for org.apache.flink:flink-table-uber_2.11:jar:1.12-SNAPSHOT
[WARNING] 'artifactId' contains an expression but should be a constant. @ org.apache.flink:flink-table-uber_${scala.binary.version}:1.12-SNAPSHOT, /home/runner/work/sonar-analysis/sonar-analysis/project/flink-table/flink-table-uber/pom.xml, line 30, column 14
[WARNING] 
[WARNING] Some problems were encountered while building the effective model for org.apache.flink:flink-table-uber-blink_2.11:jar:1.12-SNAPSHOT
[WARNING] 'artifactId' contains an expression but should be a constant. @ org.apache.flink:flink-table-uber-blink_${scala.binary.version}:1.12-SNAPSHOT, /home/runner/work/sonar-analysis/sonar-analysis/project/flink-table/flink-table-uber-blink/pom.xml, line 30, column 14
[WARNING] 
[WARNING] Some problems were encountered while building the effective model for org.apache.flink:flink-sql-client_2.11:jar:1.12-SNAPSHOT
[WARNING] 'artifactId' contains an expression but should be a constant. @ org.apache.flink:flink-sql-client_${scala.binary.version}:1.12-SNAPSHOT, /home/runner/work/sonar-analysis/sonar-analysis/project/flink-table/flink-sql-client/pom.xml, line 30, column 14
[WARNING] 
[WARNING] Some problems were encountered while building the effective model for org.apache.flink:flink-connector-wikiedits_2.11:jar:1.12-SNAPSHOT
[WARNING] 'artifactId' contains an expression but should be a constant. @ org.apache.flink:flink-connector-wikiedits_${scala.binary.version}:1.12-SNAPSHOT, /home/runner/work/sonar-analysis/sonar-analysis/project/flink-contrib/flink-connector-wikiedits/pom.xml, line 32, column 14
[WARNING] 
[WARNING] Some problems were encountered while building the effective model for org.apache.flink:flink-dist_2.11:jar:1.12-SNAPSHOT
[WARNING] 'artifactId' contains an expression but should be a constant. @ org.apache.flink:flink-dist_${scala.binary.version}:1.12-SNAPSHOT, /home/runner/work/sonar-analysis/sonar-analysis/project/flink-dist/pom.xml, line 32, column 14
[WARNING] 
[WARNING] Some problems were encountered while building the effective model for org.apache.flink:flink-mesos_2.11:jar:1.12-SNAPSHOT
[WARNING] 'artifactId' contains an expression but should be a constant. @ org.apache.flink:flink-mesos_${scala.binary.version}:1.12-SNAPSHOT, /home/runner/work/sonar-analysis/sonar-analysis/project/flink-mesos/pom.xml, line 30, column 14
[WARNING] 
[WARNING] Some problems were encountered while building the effective model for org.apache.flink:flink-metrics-influxdb_2.11:jar:1.12-SNAPSHOT
[WARNING] 'artifactId' contains an expression but should be a constant. @ org.apache.flink:flink-metrics-influxdb_${scala.binary.version}:1.12-SNAPSHOT, /home/runner/work/sonar-analysis/sonar-analysis/project/flink-metrics/flink-metrics-influxdb/pom.xml, line 32, column 14
[WARNING] 
[WARNING] Some problems were encountered while building the effective model for org.apache.flink:flink-metrics-jmx_2.11:jar:1.12-SNAPSHOT
[WARNING] 'artifactId' contains an expression but should be a constant. @ org.apache.flink:flink-metrics-jmx_${scala.binary.version}:1.12-SNAPSHOT, /home/runner/work/sonar-analysis/sonar-analysis/project/flink-metrics/flink-metrics-jmx/pom.xml, line 32, column 14
[WARNING] 
[WARNING] Some problems were encountered while building the effective model for org.apache.flink:flink-metrics-prometheus_2.11:jar:1.12-SNAPSHOT
[WARNING] 'artifactId' contains an expression but should be a constant. @ org.apache.flink:flink-metrics-prometheus_${scala.binary.version}:1.12-SNAPSHOT, /home/runner/work/sonar-analysis/sonar-analysis/project/flink-metrics/flink-metrics-prometheus/pom.xml, line 32, column 14
[WARNING] 
[WARNING] Some problems were encountered while building the effective model for org.apache.flink:flink-yarn_2.11:jar:1.12-SNAPSHOT
[WARNING] 'artifactId' contains an expression but should be a constant. @ org.apache.flink:flink-yarn_${scala.binary.version}:1.12-SNAPSHOT, /home/runner/work/sonar-analysis/sonar-analysis/project/flink-yarn/pom.xml, line 30, column 14
[WARNING] 
[WARNING] Some problems were encountered while building the effective model for org.apache.flink:flink-python_2.11:jar:1.12-SNAPSHOT
[WARNING] 'artifactId' contains an expression but should be a constant. @ org.apache.flink:flink-python_${scala.binary.version}:1.12-SNAPSHOT, /home/runner/work/sonar-analysis/sonar-analysis/project/flink-python/pom.xml, line 32, column 14
[WARNING] 
[WARNING] Some problems were encountered while building the effective model for org.apache.flink:flink-ml-lib_2.11:jar:1.12-SNAPSHOT
[WARNING] 'artifactId' contains an expression but should be a constant. @ org.apache.flink:flink-ml-lib_${scala.binary.version}:1.12-SNAPSHOT, /home/runner/work/sonar-analysis/sonar-analysis/project/flink-ml-parent/flink-ml-lib/pom.xml, line 29, column 14
[WARNING] 
[WARNING] Some problems were encountered while building the effective model for org.apache.flink:flink-ml-uber_2.11:jar:1.12-SNAPSHOT
[WARNING] 'artifactId' contains an expression but should be a constant. @ org.apache.flink:flink-ml-uber_${scala.binary.version}:1.12-SNAPSHOT, /home/runner/work/sonar-analysis/sonar-analysis/project/flink-ml-parent/flink-ml-uber/pom.xml, line 29, column 14
[WARNING] 
[WARNING] Some problems were encountered while building the effective model for org.apache.flink:flink-walkthrough-common_2.11:jar:1.12-SNAPSHOT
[WARNING] 'artifactId' contains an expression but should be a constant. @ org.apache.flink:flink-walkthrough-common_${scala.binary.version}:1.12-SNAPSHOT, /home/runner/work/sonar-analysis/sonar-analysis/project/flink-walkthroughs/flink-walkthrough-common/pom.xml, line 34, column 14
[WARNING] 
[WARNING] Some problems were encountered while building the effective model for org.apache.flink:flink-kubernetes_2.11:jar:1.12-SNAPSHOT
[WARNING] 'artifactId' contains an expression but should be a constant. @ org.apache.flink:flink-kubernetes_${scala.binary.version}:1.12-SNAPSHOT, /home/runner/work/sonar-analysis/sonar-analysis/project/flink-kubernetes/pom.xml, line 30, column 14
[WARNING] 
[WARNING] Some problems were encountered while building the effective model for org.apache.flink:flink-scala-shell_2.11:jar:1.12-SNAPSHOT
[WARNING] 'artifactId' contains an expression but should be a constant. @ org.apache.flink:flink-scala-shell_${scala.binary.version}:1.12-SNAPSHOT, /home/runner/work/sonar-analysis/sonar-analysis/project/flink-scala-shell/pom.xml, line 30, column 14
[WARNING] 
[WARNING] It is highly recommended to fix these problems because they threaten the stability of your build.
[WARNING] 
[WARNING] For this reason, future Maven versions might no longer support building such malformed projects.
[WARNING] 
[INFO] ------------------------------------------------------------------------
[INFO] Reactor Build Order:
[INFO] 
[INFO] force-shading                                                      [jar]
[INFO] flink                                                              [pom]
[INFO] flink-annotations                                                  [jar]
[INFO] flink-test-utils-parent                                            [pom]
[INFO] flink-test-utils-junit                                             [jar]
[INFO] flink-metrics                                                      [pom]
[INFO] flink-metrics-core                                                 [jar]
[INFO] flink-core                                                         [jar]
[INFO] flink-java                                                         [jar]
[INFO] flink-queryable-state                                              [pom]
[INFO] flink-queryable-state-client-java                                  [jar]
[INFO] flink-filesystems                                                  [pom]
[INFO] flink-hadoop-fs                                                    [jar]
[INFO] flink-runtime                                                      [jar]
[INFO] flink-scala                                                        [jar]
[INFO] flink-mapr-fs                                                      [jar]
[INFO] flink-filesystems :: flink-fs-hadoop-shaded                        [jar]
[INFO] flink-s3-fs-base                                                   [jar]
[INFO] flink-s3-fs-hadoop                                                 [jar]
[INFO] flink-s3-fs-presto                                                 [jar]
[INFO] flink-swift-fs-hadoop                                              [jar]
[INFO] flink-oss-fs-hadoop                                                [jar]
[INFO] flink-azure-fs-hadoop                                              [jar]
[INFO] flink-optimizer                                                    [jar]
[INFO] flink-streaming-java                                               [jar]
[INFO] flink-clients                                                      [jar]
[INFO] flink-test-utils                                                   [jar]
[INFO] flink-runtime-web                                                  [jar]
[INFO] flink-examples                                                     [pom]
[INFO] flink-examples-batch                                               [jar]
[INFO] flink-connectors                                                   [pom]
[INFO] flink-hadoop-compatibility                                         [jar]
[INFO] flink-state-backends                                               [pom]
[INFO] flink-statebackend-rocksdb                                         [jar]
[INFO] flink-tests                                                        [jar]
[INFO] flink-streaming-scala                                              [jar]
[INFO] flink-hcatalog                                                     [jar]
[INFO] flink-table                                                        [pom]
[INFO] flink-table-common                                                 [jar]
[INFO] flink-table-api-java                                               [jar]
[INFO] flink-table-api-java-bridge                                        [jar]
[INFO] flink-table-api-scala                                              [jar]
[INFO] flink-table-api-scala-bridge                                       [jar]
[INFO] flink-sql-parser                                                   [jar]
[INFO] flink-libraries                                                    [pom]
[INFO] flink-cep                                                          [jar]
[INFO] flink-table-planner                                                [jar]
[INFO] flink-sql-parser-hive                                              [jar]
[INFO] flink-table-runtime-blink                                          [jar]
[INFO] flink-table-planner-blink                                          [jar]
[INFO] flink-metrics-jmx                                                  [jar]
[INFO] flink-formats                                                      [pom]
[INFO] flink-json                                                         [jar]
[INFO] flink-connector-kafka-base                                         [jar]
[INFO] flink-connector-kafka-0.10                                         [jar]
[INFO] flink-connector-kafka-0.11                                         [jar]
[INFO] flink-connector-elasticsearch-base                                 [jar]
[INFO] flink-connector-elasticsearch5                                     [jar]
[INFO] flink-connector-elasticsearch6                                     [jar]
[INFO] flink-connector-elasticsearch7                                     [jar]
[INFO] flink-connector-hbase                                              [jar]
[INFO] flink-orc                                                          [jar]
[INFO] flink-orc-nohive                                                   [jar]
[INFO] flink-avro                                                         [jar]
[INFO] flink-parquet                                                      [jar]
[INFO] flink-csv                                                          [jar]
[INFO] flink-connector-hive                                               [jar]
[INFO] flink-connector-jdbc                                               [jar]
[INFO] flink-connector-rabbitmq                                           [jar]
[INFO] flink-connector-twitter                                            [jar]
[INFO] flink-connector-nifi                                               [jar]
[INFO] flink-connector-cassandra                                          [jar]
[INFO] flink-connector-filesystem                                         [jar]
[INFO] flink-connector-kafka                                              [jar]
[INFO] flink-connector-gcp-pubsub                                         [jar]
[INFO] flink-connector-kinesis                                            [jar]
[INFO] flink-sql-connector-elasticsearch7                                 [jar]
[INFO] flink-connector-base                                               [jar]
[INFO] flink-sql-connector-elasticsearch6                                 [jar]
[INFO] flink-sql-connector-kafka-0.10                                     [jar]
[INFO] flink-sql-connector-kafka-0.11                                     [jar]
[INFO] flink-sql-connector-kafka                                          [jar]
[INFO] flink-sql-connector-hive-1.2.2                                     [jar]
[INFO] flink-sql-connector-hive-2.2.0                                     [jar]
[INFO] flink-sql-connector-hive-2.3.6                                     [jar]
[INFO] flink-sql-connector-hive-3.1.2                                     [jar]
[INFO] flink-avro-confluent-registry                                      [jar]
[INFO] flink-sequence-file                                                [jar]
[INFO] flink-compress                                                     [jar]
[INFO] flink-examples-streaming                                           [jar]
[INFO] flink-examples-table                                               [jar]
[INFO] flink-examples-build-helper                                        [pom]
[INFO] flink-examples-streaming-twitter                                   [jar]
[INFO] flink-examples-streaming-state-machine                             [jar]
[INFO] flink-examples-streaming-gcp-pubsub                                [jar]
[INFO] flink-container                                                    [jar]
[INFO] flink-queryable-state-runtime                                      [jar]
[INFO] flink-mesos                                                        [jar]
[INFO] flink-kubernetes                                                   [jar]
[INFO] flink-yarn                                                         [jar]
[INFO] flink-gelly                                                        [jar]
[INFO] flink-gelly-scala                                                  [jar]
[INFO] flink-gelly-examples                                               [jar]
[INFO] flink-external-resources                                           [pom]
[INFO] flink-external-resource-gpu                                        [jar]
[INFO] flink-metrics-dropwizard                                           [jar]
[INFO] flink-metrics-graphite                                             [jar]
[INFO] flink-metrics-influxdb                                             [jar]
[INFO] flink-metrics-prometheus                                           [jar]
[INFO] flink-metrics-statsd                                               [jar]
[INFO] flink-metrics-datadog                                              [jar]
[INFO] flink-metrics-slf4j                                                [jar]
[INFO] flink-cep-scala                                                    [jar]
[INFO] flink-table-uber                                                   [jar]
[INFO] flink-table-uber-blink                                             [jar]
[INFO] flink-python                                                       [jar]
[INFO] flink-sql-client                                                   [jar]
[INFO] flink-state-processor-api                                          [jar]
[INFO] flink-ml-parent                                                    [pom]
[INFO] flink-ml-api                                                       [jar]
[INFO] flink-ml-lib                                                       [jar]
[INFO] flink-ml-uber                                                      [jar]
[INFO] flink-scala-shell                                                  [jar]
[INFO] flink-dist                                                         [jar]
[INFO] flink-yarn-tests                                                   [jar]
[INFO] flink-end-to-end-tests                                             [pom]
[INFO] flink-cli-test                                                     [jar]
[INFO] flink-parent-child-classloading-test-program                       [jar]
[INFO] flink-parent-child-classloading-test-lib-package                   [jar]
[INFO] flink-dataset-allround-test                                        [jar]
[INFO] flink-dataset-fine-grained-recovery-test                           [jar]
[INFO] flink-datastream-allround-test                                     [jar]
[INFO] flink-batch-sql-test                                               [jar]
[INFO] flink-stream-sql-test                                              [jar]
[INFO] flink-bucketing-sink-test                                          [jar]
[INFO] flink-distributed-cache-via-blob                                   [jar]
[INFO] flink-high-parallelism-iterations-test                             [jar]
[INFO] flink-stream-stateful-job-upgrade-test                             [jar]
[INFO] flink-queryable-state-test                                         [jar]
[INFO] flink-local-recovery-and-allocation-test                           [jar]
[INFO] flink-elasticsearch5-test                                          [jar]
[INFO] flink-elasticsearch6-test                                          [jar]
[INFO] flink-quickstart                                                   [pom]
[INFO] flink-quickstart-java                                  [maven-archetype]
[INFO] flink-quickstart-scala                                 [maven-archetype]
[INFO] flink-quickstart-test                                              [jar]
[INFO] flink-confluent-schema-registry                                    [jar]
[INFO] flink-stream-state-ttl-test                                        [jar]
[INFO] flink-sql-client-test                                              [jar]
[INFO] flink-streaming-file-sink-test                                     [jar]
[INFO] flink-state-evolution-test                                         [jar]
[INFO] flink-rocksdb-state-memory-control-test                            [jar]
[INFO] flink-end-to-end-tests-common                                      [jar]
[INFO] flink-metrics-availability-test                                    [jar]
[INFO] flink-metrics-reporter-prometheus-test                             [jar]
[INFO] flink-heavy-deployment-stress-test                                 [jar]
[INFO] flink-connector-gcp-pubsub-emulator-tests                          [jar]
[INFO] flink-streaming-kafka-test-base                                    [jar]
[INFO] flink-streaming-kafka-test                                         [jar]
[INFO] flink-streaming-kafka011-test                                      [jar]
[INFO] flink-streaming-kafka010-test                                      [jar]
[INFO] flink-plugins-test                                                 [pom]
[INFO] dummy-fs                                                           [jar]
[INFO] another-dummy-fs                                                   [jar]
[INFO] flink-tpch-test                                                    [jar]
[INFO] flink-streaming-kinesis-test                                       [jar]
[INFO] flink-elasticsearch7-test                                          [jar]
[INFO] flink-end-to-end-tests-common-kafka                                [jar]
[INFO] flink-tpcds-test                                                   [jar]
[INFO] flink-netty-shuffle-memory-control-test                            [jar]
[INFO] flink-python-test                                                  [jar]
[INFO] flink-statebackend-heap-spillable                                  [jar]
[INFO] flink-contrib                                                      [pom]
[INFO] flink-connector-wikiedits                                          [jar]
[INFO] flink-fs-tests                                                     [jar]
[INFO] flink-docs                                                         [jar]
[INFO] flink-walkthroughs                                                 [pom]
[INFO] flink-walkthrough-common                                           [jar]
[INFO] flink-walkthrough-table-java                           [maven-archetype]
[INFO] flink-walkthrough-table-scala                          [maven-archetype]
[INFO] flink-walkthrough-datastream-java                      [maven-archetype]
[INFO] flink-walkthrough-datastream-scala                     [maven-archetype]
[INFO] 
[INFO] -------------------< org.apache.flink:force-shading >-------------------
[INFO] Building force-shading 1.12-SNAPSHOT                             [1/182]
[INFO]   from tools/force-shading/pom.xml
[INFO] --------------------------------[ jar ]---------------------------------
[INFO] 
[INFO] --- clean:3.0.0:clean (default-clean) @ force-shading ---
[INFO] Deleting /home/runner/work/sonar-analysis/sonar-analysis/project/tools/force-shading/target
[INFO] 
[INFO] --- remote-resources:1.5:process (process-resource-bundles) @ force-shading ---
[INFO] 
[INFO] --- resources:2.7:resources (default-resources) @ force-shading ---
[INFO] Using 'UTF-8' encoding to copy filtered resources.
[INFO] skip non existing resourceDirectory /home/runner/work/sonar-analysis/sonar-analysis/project/tools/force-shading/src/main/resources
[INFO] Copying 3 resources
[INFO] 
[INFO] --- compiler:3.5.1:compile (default-compile) @ force-shading ---
[INFO] No sources to compile
[INFO] 
[INFO] --- resources:2.7:testResources (default-testResources) @ force-shading ---
[INFO] Using 'UTF-8' encoding to copy filtered resources.
[INFO] skip non existing resourceDirectory /home/runner/work/sonar-analysis/sonar-analysis/project/tools/force-shading/src/test/resources
[INFO] Copying 3 resources
[INFO] 
[INFO] --- compiler:3.5.1:testCompile (default-testCompile) @ force-shading ---
[INFO] No sources to compile
[INFO] 
[INFO] --- surefire:2.19.1:test (default-test) @ force-shading ---
[INFO] Tests are skipped.
[INFO] 
[INFO] --- jar:3.0.0:jar (default-jar) @ force-shading ---
[INFO] Building jar: /home/runner/work/sonar-analysis/sonar-analysis/project/tools/force-shading/target/force-shading-1.12-SNAPSHOT.jar
[INFO] 
[INFO] --- site:3.5.1:attach-descriptor (attach-descriptor) @ force-shading ---
[INFO] 
[INFO] --- install:2.5.2:install (default-install) @ force-shading ---
[INFO] Installing /home/runner/work/sonar-analysis/sonar-analysis/project/tools/force-shading/target/force-shading-1.12-SNAPSHOT.jar to /home/runner/.m2/repository/org/apache/flink/force-shading/1.12-SNAPSHOT/force-shading-1.12-SNAPSHOT.jar
[INFO] Installing /home/runner/work/sonar-analysis/sonar-analysis/project/tools/force-shading/pom.xml to /home/runner/.m2/repository/org/apache/flink/force-shading/1.12-SNAPSHOT/force-shading-1.12-SNAPSHOT.pom
[INFO] 
[INFO] -------------------< org.apache.flink:flink-parent >--------------------
[INFO] Building flink 1.12-SNAPSHOT                                     [2/182]
[INFO]   from pom.xml
[INFO] --------------------------------[ pom ]---------------------------------
[INFO] 
[INFO] --- clean:3.1.0:clean (default-clean) @ flink-parent ---
[INFO] Deleting /home/runner/work/sonar-analysis/sonar-analysis/project/target
[INFO] 
[INFO] --- checkstyle:2.17:check (validate) @ flink-parent ---
[INFO] 
[INFO] --- enforcer:3.0.0-M1:enforce (enforce-maven-version) @ flink-parent ---
[INFO] Skipping Rule Enforcement.
[INFO] 
[INFO] --- enforcer:3.0.0-M1:enforce (enforce-maven) @ flink-parent ---
[INFO] Skipping Rule Enforcement.
[INFO] 
[INFO] --- enforcer:3.0.0-M1:enforce (ban-unsafe-jackson) @ flink-parent ---
[INFO] Skipping Rule Enforcement.
[INFO] 
[INFO] --- enforcer:3.0.0-M1:enforce (forbid-log4j-1) @ flink-parent ---
[INFO] Skipping Rule Enforcement.
[INFO] 
[INFO] --- enforcer:3.0.0-M1:enforce (enforce-versions) @ flink-parent ---
[INFO] Skipping Rule Enforcement.
[INFO] 
[INFO] --- directory:0.1:highest-basedir (directories) @ flink-parent ---
[INFO] Highest basedir set to: /home/runner/work/sonar-analysis/sonar-analysis/project
[INFO] 
[INFO] --- remote-resources:1.5:process (process-resource-bundles) @ flink-parent ---
[INFO] 
[INFO] --- surefire:2.22.1:test (default-test) @ flink-parent ---
[INFO] Tests are skipped.
[INFO] 
[INFO] --- shade:3.2.1:shade (shade-flink) @ flink-parent ---
[INFO] Including org.apache.flink:force-shading:jar:1.12-SNAPSHOT in the shaded jar.
[INFO] Excluding org.slf4j:slf4j-api:jar:1.7.15 from the shaded jar.
[INFO] Excluding com.google.code.findbugs:jsr305:jar:1.3.9 from the shaded jar.
[INFO] No artifact matching filter io.netty:netty
[INFO] Replacing original artifact with shaded artifact.
[INFO] 
[INFO] --- surefire:2.22.1:test (integration-tests) @ flink-parent ---
[INFO] Tests are skipped.
[INFO] 
[INFO] --- apache-rat:0.12:check (default) @ flink-parent ---
[INFO] RAT will not execute since it is configured to be skipped via system property 'rat.skip'.
[INFO] 
[INFO] --- install:2.5.2:install (default-install) @ flink-parent ---
[INFO] Installing /home/runner/work/sonar-analysis/sonar-analysis/project/pom.xml to /home/runner/.m2/repository/org/apache/flink/flink-parent/1.12-SNAPSHOT/flink-parent-1.12-SNAPSHOT.pom
[INFO] 
[INFO] -----------------< org.apache.flink:flink-annotations >-----------------
[INFO] Building flink-annotations 1.12-SNAPSHOT                         [3/182]
[INFO]   from flink-annotations/pom.xml
[INFO] --------------------------------[ jar ]---------------------------------
[INFO] 
[INFO] --- clean:3.1.0:clean (default-clean) @ flink-annotations ---
[INFO] Deleting /home/runner/work/sonar-analysis/sonar-analysis/project/flink-annotations/target
[INFO] 
[INFO] --- checkstyle:2.17:check (validate) @ flink-annotations ---
[INFO] 
[INFO] --- enforcer:3.0.0-M1:enforce (enforce-maven-version) @ flink-annotations ---
[INFO] Skipping Rule Enforcement.
[INFO] 
[INFO] --- enforcer:3.0.0-M1:enforce (enforce-maven) @ flink-annotations ---
[INFO] Skipping Rule Enforcement.
[INFO] 
[INFO] --- enforcer:3.0.0-M1:enforce (ban-unsafe-jackson) @ flink-annotations ---
[INFO] Skipping Rule Enforcement.
[INFO] 
[INFO] --- enforcer:3.0.0-M1:enforce (forbid-log4j-1) @ flink-annotations ---
[INFO] Skipping Rule Enforcement.
[INFO] 
[INFO] --- enforcer:3.0.0-M1:enforce (enforce-versions) @ flink-annotations ---
[INFO] Skipping Rule Enforcement.
[INFO] 
[INFO] --- directory:0.1:highest-basedir (directories) @ flink-annotations ---
[INFO] Highest basedir set to: /home/runner/work/sonar-analysis/sonar-analysis/project
[INFO] 
[INFO] --- remote-resources:1.5:process (process-resource-bundles) @ flink-annotations ---
[INFO] 
[INFO] --- resources:3.1.0:resources (default-resources) @ flink-annotations ---
[INFO] Using 'UTF-8' encoding to copy filtered resources.
[INFO] skip non existing resourceDirectory /home/runner/work/sonar-analysis/sonar-analysis/project/flink-annotations/src/main/resources
[INFO] Copying 3 resources
[INFO] 
[INFO] --- compiler:3.8.0:compile (default-compile) @ flink-annotations ---
[INFO] Compiling 8 source files to /home/runner/work/sonar-analysis/sonar-analysis/project/flink-annotations/target/classes
[INFO] 
[INFO] --- resources:3.1.0:testResources (default-testResources) @ flink-annotations ---
[INFO] Using 'UTF-8' encoding to copy filtered resources.
[INFO] skip non existing resourceDirectory /home/runner/work/sonar-analysis/sonar-analysis/project/flink-annotations/src/test/resources
[INFO] Copying 3 resources
[INFO] 
[INFO] --- compiler:3.8.0:testCompile (default-testCompile) @ flink-annotations ---
[INFO] No sources to compile
[INFO] 
[INFO] --- surefire:2.22.1:test (default-test) @ flink-annotations ---
[INFO] Tests are skipped.
[INFO] 
[INFO] --- jar:2.4:jar (default-jar) @ flink-annotations ---
[INFO] Building jar: /home/runner/work/sonar-analysis/sonar-analysis/project/flink-annotations/target/flink-annotations-1.12-SNAPSHOT.jar
[INFO] 
[INFO] --- shade:3.2.1:shade (shade-flink) @ flink-annotations ---
[INFO] Including org.apache.flink:force-shading:jar:1.12-SNAPSHOT in the shaded jar.
[INFO] Excluding org.slf4j:slf4j-api:jar:1.7.15 from the shaded jar.
[INFO] Excluding com.google.code.findbugs:jsr305:jar:1.3.9 from the shaded jar.
[INFO] No artifact matching filter io.netty:netty
[INFO] Replacing original artifact with shaded artifact.
[INFO] Replacing /home/runner/work/sonar-analysis/sonar-analysis/project/flink-annotations/target/flink-annotations-1.12-SNAPSHOT.jar with /home/runner/work/sonar-analysis/sonar-analysis/project/flink-annotations/target/flink-annotations-1.12-SNAPSHOT-shaded.jar
[INFO] Replacing original test artifact with shaded test artifact.
[INFO] Replacing /home/runner/work/sonar-analysis/sonar-analysis/project/flink-annotations/target/flink-annotations-1.12-SNAPSHOT-tests.jar with /home/runner/work/sonar-analysis/sonar-analysis/project/flink-annotations/target/flink-annotations-1.12-SNAPSHOT-shaded-tests.jar
[INFO] Dependency-reduced POM written at: /home/runner/work/sonar-analysis/sonar-analysis/project/flink-annotations/target/dependency-reduced-pom.xml
[INFO] 
[INFO] --- surefire:2.22.1:test (integration-tests) @ flink-annotations ---
[INFO] Tests are skipped.
[INFO] 
[INFO] --- install:2.5.2:install (default-install) @ flink-annotations ---
[INFO] Installing /home/runner/work/sonar-analysis/sonar-analysis/project/flink-annotations/target/flink-annotations-1.12-SNAPSHOT.jar to /home/runner/.m2/repository/org/apache/flink/flink-annotations/1.12-SNAPSHOT/flink-annotations-1.12-SNAPSHOT.jar
[INFO] Installing /home/runner/work/sonar-analysis/sonar-analysis/project/flink-annotations/target/dependency-reduced-pom.xml to /home/runner/.m2/repository/org/apache/flink/flink-annotations/1.12-SNAPSHOT/flink-annotations-1.12-SNAPSHOT.pom
[INFO] Installing /home/runner/work/sonar-analysis/sonar-analysis/project/flink-annotations/target/flink-annotations-1.12-SNAPSHOT-tests.jar to /home/runner/.m2/repository/org/apache/flink/flink-annotations/1.12-SNAPSHOT/flink-annotations-1.12-SNAPSHOT-tests.jar
[INFO] 
[INFO] --------------< org.apache.flink:flink-test-utils-parent >--------------
[INFO] Building flink-test-utils-parent 1.12-SNAPSHOT                   [4/182]
[INFO]   from flink-test-utils-parent/pom.xml
[INFO] --------------------------------[ pom ]---------------------------------
[INFO] 
[INFO] --- clean:3.1.0:clean (default-clean) @ flink-test-utils-parent ---
[INFO] Deleting /home/runner/work/sonar-analysis/sonar-analysis/project/flink-test-utils-parent/target
[INFO] 
[INFO] --- checkstyle:2.17:check (validate) @ flink-test-utils-parent ---
[INFO] 
[INFO] --- enforcer:3.0.0-M1:enforce (enforce-maven-version) @ flink-test-utils-parent ---
[INFO] Skipping Rule Enforcement.
[INFO] 
[INFO] --- enforcer:3.0.0-M1:enforce (enforce-maven) @ flink-test-utils-parent ---
[INFO] Skipping Rule Enforcement.
[INFO] 
[INFO] --- enforcer:3.0.0-M1:enforce (ban-unsafe-jackson) @ flink-test-utils-parent ---
[INFO] Skipping Rule Enforcement.
[INFO] 
[INFO] --- enforcer:3.0.0-M1:enforce (forbid-log4j-1) @ flink-test-utils-parent ---
[INFO] Skipping Rule Enforcement.
[INFO] 
[INFO] --- enforcer:3.0.0-M1:enforce (enforce-versions) @ flink-test-utils-parent ---
[INFO] Skipping Rule Enforcement.
[INFO] 
[INFO] --- directory:0.1:highest-basedir (directories) @ flink-test-utils-parent ---
[INFO] Highest basedir set to: /home/runner/work/sonar-analysis/sonar-analysis/project
[INFO] 
[INFO] --- remote-resources:1.5:process (process-resource-bundles) @ flink-test-utils-parent ---
[INFO] 
[INFO] --- surefire:2.22.1:test (default-test) @ flink-test-utils-parent ---
[INFO] Tests are skipped.
[INFO] 
[INFO] --- shade:3.2.1:shade (shade-flink) @ flink-test-utils-parent ---
[INFO] Including org.apache.flink:force-shading:jar:1.12-SNAPSHOT in the shaded jar.
[INFO] Excluding org.slf4j:slf4j-api:jar:1.7.15 from the shaded jar.
[INFO] Excluding com.google.code.findbugs:jsr305:jar:1.3.9 from the shaded jar.
[INFO] No artifact matching filter io.netty:netty
[INFO] Replacing original artifact with shaded artifact.
[INFO] 
[INFO] --- surefire:2.22.1:test (integration-tests) @ flink-test-utils-parent ---
[INFO] Tests are skipped.
[INFO] 
[INFO] --- install:2.5.2:install (default-install) @ flink-test-utils-parent ---
[INFO] Installing /home/runner/work/sonar-analysis/sonar-analysis/project/flink-test-utils-parent/pom.xml to /home/runner/.m2/repository/org/apache/flink/flink-test-utils-parent/1.12-SNAPSHOT/flink-test-utils-parent-1.12-SNAPSHOT.pom
[INFO] 
[INFO] --------------< org.apache.flink:flink-test-utils-junit >---------------
[INFO] Building flink-test-utils-junit 1.12-SNAPSHOT                    [5/182]
[INFO]   from flink-test-utils-parent/flink-test-utils-junit/pom.xml
[INFO] --------------------------------[ jar ]---------------------------------
[INFO] 
[INFO] --- clean:3.1.0:clean (default-clean) @ flink-test-utils-junit ---
[INFO] Deleting /home/runner/work/sonar-analysis/sonar-analysis/project/flink-test-utils-parent/flink-test-utils-junit/target
[INFO] 
[INFO] --- checkstyle:2.17:check (validate) @ flink-test-utils-junit ---
[INFO] 
[INFO] --- enforcer:3.0.0-M1:enforce (enforce-maven-version) @ flink-test-utils-junit ---
[INFO] Skipping Rule Enforcement.
[INFO] 
[INFO] --- enforcer:3.0.0-M1:enforce (enforce-maven) @ flink-test-utils-junit ---
[INFO] Skipping Rule Enforcement.
[INFO] 
[INFO] --- enforcer:3.0.0-M1:enforce (ban-unsafe-jackson) @ flink-test-utils-junit ---
[INFO] Skipping Rule Enforcement.
[INFO] 
[INFO] --- enforcer:3.0.0-M1:enforce (forbid-log4j-1) @ flink-test-utils-junit ---
[INFO] Skipping Rule Enforcement.
[INFO] 
[INFO] --- enforcer:3.0.0-M1:enforce (enforce-versions) @ flink-test-utils-junit ---
[INFO] Skipping Rule Enforcement.
[INFO] 
[INFO] --- directory:0.1:highest-basedir (directories) @ flink-test-utils-junit ---
[INFO] Highest basedir set to: /home/runner/work/sonar-analysis/sonar-analysis/project
[INFO] 
[INFO] --- remote-resources:1.5:process (process-resource-bundles) @ flink-test-utils-junit ---
[INFO] 
[INFO] --- resources:3.1.0:resources (default-resources) @ flink-test-utils-junit ---
[INFO] Using 'UTF-8' encoding to copy filtered resources.
[INFO] Copying 1 resource
[INFO] Copying 3 resources
[INFO] 
[INFO] --- compiler:3.8.0:compile (default-compile) @ flink-test-utils-junit ---
[INFO] Compiling 17 source files to /home/runner/work/sonar-analysis/sonar-analysis/project/flink-test-utils-parent/flink-test-utils-junit/target/classes
[INFO] /home/runner/work/sonar-analysis/sonar-analysis/project/flink-test-utils-parent/flink-test-utils-junit/src/main/java/org/apache/flink/testutils/logging/TestLoggerResource.java: /home/runner/work/sonar-analysis/sonar-analysis/project/flink-test-utils-parent/flink-test-utils-junit/src/main/java/org/apache/flink/testutils/logging/TestLoggerResource.java uses or overrides a deprecated API.
[INFO] /home/runner/work/sonar-analysis/sonar-analysis/project/flink-test-utils-parent/flink-test-utils-junit/src/main/java/org/apache/flink/testutils/logging/TestLoggerResource.java: Recompile with -Xlint:deprecation for details.
[INFO] 
[INFO] --- resources:3.1.0:testResources (default-testResources) @ flink-test-utils-junit ---
[INFO] Using 'UTF-8' encoding to copy filtered resources.
[INFO] Copying 1 resource
[INFO] Copying 3 resources
[INFO] 
[INFO] --- compiler:3.8.0:testCompile (default-testCompile) @ flink-test-utils-junit ---
[INFO] Compiling 3 source files to /home/runner/work/sonar-analysis/sonar-analysis/project/flink-test-utils-parent/flink-test-utils-junit/target/test-classes
[INFO] 
[INFO] --- surefire:2.22.1:test (default-test) @ flink-test-utils-junit ---
[INFO] Tests are skipped.
[INFO] 
[INFO] --- jar:2.4:jar (default-jar) @ flink-test-utils-junit ---
[INFO] Building jar: /home/runner/work/sonar-analysis/sonar-analysis/project/flink-test-utils-parent/flink-test-utils-junit/target/flink-test-utils-junit-1.12-SNAPSHOT.jar
[INFO] 
[INFO] --- shade:3.2.1:shade (shade-flink) @ flink-test-utils-junit ---
[INFO] Excluding junit:junit:jar:4.12 from the shaded jar.
[INFO] Excluding org.hamcrest:hamcrest-core:jar:1.3 from the shaded jar.
[INFO] Excluding org.apache.logging.log4j:log4j-slf4j-impl:jar:2.12.1 from the shaded jar.
[INFO] Excluding org.apache.logging.log4j:log4j-api:jar:2.12.1 from the shaded jar.
[INFO] Excluding org.apache.logging.log4j:log4j-core:jar:2.12.1 from the shaded jar.
[INFO] Including org.apache.flink:force-shading:jar:1.12-SNAPSHOT in the shaded jar.
[INFO] Excluding org.slf4j:slf4j-api:jar:1.7.15 from the shaded jar.
[INFO] Excluding com.google.code.findbugs:jsr305:jar:1.3.9 from the shaded jar.
[INFO] No artifact matching filter io.netty:netty
[INFO] Replacing original artifact with shaded artifact.
[INFO] Replacing /home/runner/work/sonar-analysis/sonar-analysis/project/flink-test-utils-parent/flink-test-utils-junit/target/flink-test-utils-junit-1.12-SNAPSHOT.jar with /home/runner/work/sonar-analysis/sonar-analysis/project/flink-test-utils-parent/flink-test-utils-junit/target/flink-test-utils-junit-1.12-SNAPSHOT-shaded.jar
[INFO] Replacing original test artifact with shaded test artifact.
[INFO] Replacing /home/runner/work/sonar-analysis/sonar-analysis/project/flink-test-utils-parent/flink-test-utils-junit/target/flink-test-utils-junit-1.12-SNAPSHOT-tests.jar with /home/runner/work/sonar-analysis/sonar-analysis/project/flink-test-utils-parent/flink-test-utils-junit/target/flink-test-utils-junit-1.12-SNAPSHOT-shaded-tests.jar
[INFO] Dependency-reduced POM written at: /home/runner/work/sonar-analysis/sonar-analysis/project/flink-test-utils-parent/flink-test-utils-junit/target/dependency-reduced-pom.xml
[INFO] 
[INFO] --- surefire:2.22.1:test (integration-tests) @ flink-test-utils-junit ---
[INFO] Tests are skipped.
[INFO] 
[INFO] --- install:2.5.2:install (default-install) @ flink-test-utils-junit ---
[INFO] Installing /home/runner/work/sonar-analysis/sonar-analysis/project/flink-test-utils-parent/flink-test-utils-junit/target/flink-test-utils-junit-1.12-SNAPSHOT.jar to /home/runner/.m2/repository/org/apache/flink/flink-test-utils-junit/1.12-SNAPSHOT/flink-test-utils-junit-1.12-SNAPSHOT.jar
[INFO] Installing /home/runner/work/sonar-analysis/sonar-analysis/project/flink-test-utils-parent/flink-test-utils-junit/target/dependency-reduced-pom.xml to /home/runner/.m2/repository/org/apache/flink/flink-test-utils-junit/1.12-SNAPSHOT/flink-test-utils-junit-1.12-SNAPSHOT.pom
[INFO] Installing /home/runner/work/sonar-analysis/sonar-analysis/project/flink-test-utils-parent/flink-test-utils-junit/target/flink-test-utils-junit-1.12-SNAPSHOT-tests.jar to /home/runner/.m2/repository/org/apache/flink/flink-test-utils-junit/1.12-SNAPSHOT/flink-test-utils-junit-1.12-SNAPSHOT-tests.jar
[INFO] 
[INFO] -------------------< org.apache.flink:flink-metrics >-------------------
[INFO] Building flink-metrics 1.12-SNAPSHOT                             [6/182]
[INFO]   from flink-metrics/pom.xml
[INFO] --------------------------------[ pom ]---------------------------------
[INFO] 
[INFO] --- clean:3.1.0:clean (default-clean) @ flink-metrics ---
[INFO] Deleting /home/runner/work/sonar-analysis/sonar-analysis/project/flink-metrics/target
[INFO] 
[INFO] --- checkstyle:2.17:check (validate) @ flink-metrics ---
[INFO] 
[INFO] --- enforcer:3.0.0-M1:enforce (enforce-maven-version) @ flink-metrics ---
[INFO] Skipping Rule Enforcement.
[INFO] 
[INFO] --- enforcer:3.0.0-M1:enforce (enforce-maven) @ flink-metrics ---
[INFO] Skipping Rule Enforcement.
[INFO] 
[INFO] --- enforcer:3.0.0-M1:enforce (ban-unsafe-jackson) @ flink-metrics ---
[INFO] Skipping Rule Enforcement.
[INFO] 
[INFO] --- enforcer:3.0.0-M1:enforce (forbid-log4j-1) @ flink-metrics ---
[INFO] Skipping Rule Enforcement.
[INFO] 
[INFO] --- enforcer:3.0.0-M1:enforce (enforce-versions) @ flink-metrics ---
[INFO] Skipping Rule Enforcement.
[INFO] 
[INFO] --- directory:0.1:highest-basedir (directories) @ flink-metrics ---
[INFO] Highest basedir set to: /home/runner/work/sonar-analysis/sonar-analysis/project
[INFO] 
[INFO] --- remote-resources:1.5:process (process-resource-bundles) @ flink-metrics ---
[INFO] 
[INFO] --- surefire:2.22.1:test (default-test) @ flink-metrics ---
[INFO] Tests are skipped.
[INFO] 
[INFO] --- shade:3.2.1:shade (shade-flink) @ flink-metrics ---
[INFO] Including org.apache.flink:force-shading:jar:1.12-SNAPSHOT in the shaded jar.
[INFO] No artifact matching filter io.netty:netty
[INFO] Replacing original artifact with shaded artifact.
[INFO] 
[INFO] --- surefire:2.22.1:test (integration-tests) @ flink-metrics ---
[INFO] Tests are skipped.
[INFO] 
[INFO] --- install:2.5.2:install (default-install) @ flink-metrics ---
[INFO] Installing /home/runner/work/sonar-analysis/sonar-analysis/project/flink-metrics/pom.xml to /home/runner/.m2/repository/org/apache/flink/flink-metrics/1.12-SNAPSHOT/flink-metrics-1.12-SNAPSHOT.pom
[INFO] 
[INFO] ----------------< org.apache.flink:flink-metrics-core >-----------------
[INFO] Building flink-metrics-core 1.12-SNAPSHOT                        [7/182]
[INFO]   from flink-metrics/flink-metrics-core/pom.xml
[INFO] --------------------------------[ jar ]---------------------------------
[INFO] 
[INFO] --- clean:3.1.0:clean (default-clean) @ flink-metrics-core ---
[INFO] Deleting /home/runner/work/sonar-analysis/sonar-analysis/project/flink-metrics/flink-metrics-core/target
[INFO] 
[INFO] --- checkstyle:2.17:check (validate) @ flink-metrics-core ---
[INFO] 
[INFO] --- enforcer:3.0.0-M1:enforce (enforce-maven-version) @ flink-metrics-core ---
[INFO] Skipping Rule Enforcement.
[INFO] 
[INFO] --- enforcer:3.0.0-M1:enforce (enforce-maven) @ flink-metrics-core ---
[INFO] Skipping Rule Enforcement.
[INFO] 
[INFO] --- enforcer:3.0.0-M1:enforce (ban-unsafe-jackson) @ flink-metrics-core ---
[INFO] Skipping Rule Enforcement.
[INFO] 
[INFO] --- enforcer:3.0.0-M1:enforce (forbid-log4j-1) @ flink-metrics-core ---
[INFO] Skipping Rule Enforcement.
[INFO] 
[INFO] --- enforcer:3.0.0-M1:enforce (enforce-versions) @ flink-metrics-core ---
[INFO] Skipping Rule Enforcement.
[INFO] 
[INFO] --- directory:0.1:highest-basedir (directories) @ flink-metrics-core ---
[INFO] Highest basedir set to: /home/runner/work/sonar-analysis/sonar-analysis/project
[INFO] 
[INFO] --- remote-resources:1.5:process (process-resource-bundles) @ flink-metrics-core ---
[INFO] 
[INFO] --- resources:3.1.0:resources (default-resources) @ flink-metrics-core ---
[INFO] Using 'UTF-8' encoding to copy filtered resources.
[INFO] skip non existing resourceDirectory /home/runner/work/sonar-analysis/sonar-analysis/project/flink-metrics/flink-metrics-core/src/main/resources
[INFO] Copying 3 resources
[INFO] 
[INFO] --- compiler:3.8.0:compile (default-compile) @ flink-metrics-core ---
[INFO] Compiling 18 source files to /home/runner/work/sonar-analysis/sonar-analysis/project/flink-metrics/flink-metrics-core/target/classes
[INFO] 
[INFO] --- resources:3.1.0:testResources (default-testResources) @ flink-metrics-core ---
[INFO] Using 'UTF-8' encoding to copy filtered resources.
[INFO] skip non existing resourceDirectory /home/runner/work/sonar-analysis/sonar-analysis/project/flink-metrics/flink-metrics-core/src/test/resources
[INFO] Copying 3 resources
[INFO] 
[INFO] --- compiler:3.8.0:testCompile (default-testCompile) @ flink-metrics-core ---
[INFO] Compiling 5 source files to /home/runner/work/sonar-analysis/sonar-analysis/project/flink-metrics/flink-metrics-core/target/test-classes
[INFO] 
[INFO] --- surefire:2.22.1:test (default-test) @ flink-metrics-core ---
[INFO] Tests are skipped.
[INFO] 
[INFO] --- jar:2.4:jar (default-jar) @ flink-metrics-core ---
[INFO] Building jar: /home/runner/work/sonar-analysis/sonar-analysis/project/flink-metrics/flink-metrics-core/target/flink-metrics-core-1.12-SNAPSHOT.jar
[INFO] 
[INFO] --- jar:2.4:test-jar (default) @ flink-metrics-core ---
[INFO] Building jar: /home/runner/work/sonar-analysis/sonar-analysis/project/flink-metrics/flink-metrics-core/target/flink-metrics-core-1.12-SNAPSHOT-tests.jar
[INFO] 
[INFO] --- shade:3.2.1:shade (shade-flink) @ flink-metrics-core ---
[INFO] Including org.apache.flink:force-shading:jar:1.12-SNAPSHOT in the shaded jar.
[INFO] No artifact matching filter io.netty:netty
[INFO] Replacing original artifact with shaded artifact.
[INFO] Replacing /home/runner/work/sonar-analysis/sonar-analysis/project/flink-metrics/flink-metrics-core/target/flink-metrics-core-1.12-SNAPSHOT.jar with /home/runner/work/sonar-analysis/sonar-analysis/project/flink-metrics/flink-metrics-core/target/flink-metrics-core-1.12-SNAPSHOT-shaded.jar
[INFO] Replacing original test artifact with shaded test artifact.
[INFO] Replacing /home/runner/work/sonar-analysis/sonar-analysis/project/flink-metrics/flink-metrics-core/target/flink-metrics-core-1.12-SNAPSHOT-tests.jar with /home/runner/work/sonar-analysis/sonar-analysis/project/flink-metrics/flink-metrics-core/target/flink-metrics-core-1.12-SNAPSHOT-shaded-tests.jar
[INFO] Dependency-reduced POM written at: /home/runner/work/sonar-analysis/sonar-analysis/project/flink-metrics/flink-metrics-core/target/dependency-reduced-pom.xml
[INFO] 
[INFO] --- surefire:2.22.1:test (integration-tests) @ flink-metrics-core ---
[INFO] Tests are skipped.
[INFO] 
[INFO] --- japicmp:0.11.0:cmp (default) @ flink-metrics-core ---
[INFO] Written file '/home/runner/work/sonar-analysis/sonar-analysis/project/tools/japicmp-output/flink-metrics-core/japicmp/japicmp.diff'.
WARNING: An illegal reflective access operation has occurred
WARNING: Illegal reflective access by com.sun.xml.bind.v2.runtime.reflect.opt.Injector (file:/home/runner/.m2/repository/com/sun/xml/bind/jaxb-impl/2.3.0/jaxb-impl-2.3.0.jar) to method java.lang.ClassLoader.defineClass(java.lang.String,byte[],int,int)
WARNING: Please consider reporting this to the maintainers of com.sun.xml.bind.v2.runtime.reflect.opt.Injector
WARNING: Use --illegal-access=warn to enable warnings of further illegal reflective access operations
WARNING: All illegal access operations will be denied in a future release
[INFO] Written file '/home/runner/work/sonar-analysis/sonar-analysis/project/tools/japicmp-output/flink-metrics-core/japicmp/japicmp.xml'.
[INFO] Written file '/home/runner/work/sonar-analysis/sonar-analysis/project/tools/japicmp-output/flink-metrics-core/japicmp/japicmp.html'.
[INFO] 
[INFO] --- install:2.5.2:install (default-install) @ flink-metrics-core ---
[INFO] Installing /home/runner/work/sonar-analysis/sonar-analysis/project/flink-metrics/flink-metrics-core/target/flink-metrics-core-1.12-SNAPSHOT.jar to /home/runner/.m2/repository/org/apache/flink/flink-metrics-core/1.12-SNAPSHOT/flink-metrics-core-1.12-SNAPSHOT.jar
[INFO] Installing /home/runner/work/sonar-analysis/sonar-analysis/project/flink-metrics/flink-metrics-core/target/dependency-reduced-pom.xml to /home/runner/.m2/repository/org/apache/flink/flink-metrics-core/1.12-SNAPSHOT/flink-metrics-core-1.12-SNAPSHOT.pom
[INFO] Installing /home/runner/work/sonar-analysis/sonar-analysis/project/flink-metrics/flink-metrics-core/target/flink-metrics-core-1.12-SNAPSHOT-tests.jar to /home/runner/.m2/repository/org/apache/flink/flink-metrics-core/1.12-SNAPSHOT/flink-metrics-core-1.12-SNAPSHOT-tests.jar
[INFO] Installing /home/runner/work/sonar-analysis/sonar-analysis/project/flink-metrics/flink-metrics-core/target/flink-metrics-core-1.12-SNAPSHOT-tests.jar to /home/runner/.m2/repository/org/apache/flink/flink-metrics-core/1.12-SNAPSHOT/flink-metrics-core-1.12-SNAPSHOT-tests.jar
[INFO] 
[INFO] --------------------< org.apache.flink:flink-core >---------------------
[INFO] Building flink-core 1.12-SNAPSHOT                                [8/182]
[INFO]   from flink-core/pom.xml
[INFO] --------------------------------[ jar ]---------------------------------
[INFO] 
[INFO] --- clean:3.1.0:clean (default-clean) @ flink-core ---
[INFO] Deleting /home/runner/work/sonar-analysis/sonar-analysis/project/flink-core/target
[INFO] 
[INFO] --- checkstyle:2.17:check (validate) @ flink-core ---
[INFO] 
[INFO] --- enforcer:3.0.0-M1:enforce (enforce-maven-version) @ flink-core ---
[INFO] Skipping Rule Enforcement.
[INFO] 
[INFO] --- enforcer:3.0.0-M1:enforce (enforce-maven) @ flink-core ---
[INFO] Skipping Rule Enforcement.
[INFO] 
[INFO] --- enforcer:3.0.0-M1:enforce (ban-unsafe-jackson) @ flink-core ---
[INFO] Skipping Rule Enforcement.
[INFO] 
[INFO] --- enforcer:3.0.0-M1:enforce (forbid-log4j-1) @ flink-core ---
[INFO] Skipping Rule Enforcement.
[INFO] 
[INFO] --- enforcer:3.0.0-M1:enforce (enforce-versions) @ flink-core ---
[INFO] Skipping Rule Enforcement.
[INFO] 
[INFO] --- directory:0.1:highest-basedir (directories) @ flink-core ---
[INFO] Highest basedir set to: /home/runner/work/sonar-analysis/sonar-analysis/project
[INFO] 
[INFO] --- remote-resources:1.5:process (process-resource-bundles) @ flink-core ---
[INFO] 
[INFO] --- resources:3.1.0:resources (default-resources) @ flink-core ---
[INFO] Using 'UTF-8' encoding to copy filtered resources.
[INFO] skip non existing resourceDirectory /home/runner/work/sonar-analysis/sonar-analysis/project/flink-core/src/main/resources
[INFO] Copying 3 resources
[INFO] 
[INFO] --- compiler:3.8.0:compile (default-compile) @ flink-core ---
[INFO] Compiling 753 source files to /home/runner/work/sonar-analysis/sonar-analysis/project/flink-core/target/classes
[WARNING] /home/runner/work/sonar-analysis/sonar-analysis/project/flink-core/src/main/java/org/apache/flink/util/NetUtils.java:[26,20] sun.net.util.IPAddressUtil is internal proprietary API and may be removed in a future release
[WARNING] /home/runner/work/sonar-analysis/sonar-analysis/project/flink-core/src/main/java/org/apache/flink/core/memory/MemorySegment.java:[103,40] sun.misc.Unsafe is internal proprietary API and may be removed in a future release
[WARNING] /home/runner/work/sonar-analysis/sonar-analysis/project/flink-core/src/main/java/org/apache/flink/core/memory/DataInputDeserializer.java:[396,38] sun.misc.Unsafe is internal proprietary API and may be removed in a future release
[WARNING] /home/runner/work/sonar-analysis/sonar-analysis/project/flink-core/src/main/java/org/apache/flink/core/memory/DataOutputSerializer.java:[377,38] sun.misc.Unsafe is internal proprietary API and may be removed in a future release
[WARNING] /home/runner/work/sonar-analysis/sonar-analysis/project/flink-core/src/main/java/org/apache/flink/types/Record.java:[1789,46] sun.misc.Unsafe is internal proprietary API and may be removed in a future release
[WARNING] /home/runner/work/sonar-analysis/sonar-analysis/project/flink-core/src/main/java/org/apache/flink/core/memory/MemoryUtils.java:[38,37] sun.misc.Unsafe is internal proprietary API and may be removed in a future release
[WARNING] /home/runner/work/sonar-analysis/sonar-analysis/project/flink-core/src/main/java/org/apache/flink/core/memory/MemoryUtils.java:[48,32] sun.misc.Unsafe is internal proprietary API and may be removed in a future release
[WARNING] /home/runner/work/sonar-analysis/sonar-analysis/project/flink-core/src/main/java/org/apache/flink/core/memory/MemoryUtils.java:[50,53] sun.misc.Unsafe is internal proprietary API and may be removed in a future release
[WARNING] /home/runner/work/sonar-analysis/sonar-analysis/project/flink-core/src/main/java/org/apache/flink/core/memory/MemoryUtils.java:[52,41] sun.misc.Unsafe is internal proprietary API and may be removed in a future release
[WARNING] /home/runner/work/sonar-analysis/sonar-analysis/project/flink-core/src/main/java/org/apache/flink/util/NetUtils.java:[160,37] sun.net.util.IPAddressUtil is internal proprietary API and may be removed in a future release
[WARNING] /home/runner/work/sonar-analysis/sonar-analysis/project/flink-core/src/main/java/org/apache/flink/util/NetUtils.java:[167,21] sun.net.util.IPAddressUtil is internal proprietary API and may be removed in a future release
[WARNING] /home/runner/work/sonar-analysis/sonar-analysis/project/flink-core/src/main/java/org/apache/flink/util/NetUtils.java:[168,46] sun.net.util.IPAddressUtil is internal proprietary API and may be removed in a future release
[WARNING] /home/runner/work/sonar-analysis/sonar-analysis/project/flink-core/src/main/java/org/apache/flink/util/NetUtils.java:[170,29] sun.net.util.IPAddressUtil is internal proprietary API and may be removed in a future release
[INFO] /home/runner/work/sonar-analysis/sonar-analysis/project/flink-core/src/main/java/org/apache/flink/api/java/typeutils/runtime/Tuple0Serializer.java: Some input files use or override a deprecated API.
[INFO] /home/runner/work/sonar-analysis/sonar-analysis/project/flink-core/src/main/java/org/apache/flink/api/java/typeutils/runtime/Tuple0Serializer.java: Recompile with -Xlint:deprecation for details.
[INFO] /home/runner/work/sonar-analysis/sonar-analysis/project/flink-core/src/main/java/org/apache/flink/api/common/operators/Operator.java: Some input files use unchecked or unsafe operations.
[INFO] /home/runner/work/sonar-analysis/sonar-analysis/project/flink-core/src/main/java/org/apache/flink/api/common/operators/Operator.java: Recompile with -Xlint:unchecked for details.
[INFO] 
[INFO] --- resources:3.1.0:testResources (default-testResources) @ flink-core ---
[INFO] Using 'UTF-8' encoding to copy filtered resources.
[INFO] Copying 278 resources
[INFO] Copying 3 resources
[INFO] 
[INFO] --- compiler:3.8.0:testCompile (default-testCompile) @ flink-core ---
[INFO] Compiling 411 source files to /home/runner/work/sonar-analysis/sonar-analysis/project/flink-core/target/test-classes
[WARNING] /home/runner/work/sonar-analysis/sonar-analysis/project/flink-core/src/test/java/org/apache/flink/api/java/typeutils/runtime/TestDataOutputSerializer.java:[282,38] sun.misc.Unsafe is internal proprietary API and may be removed in a future release
[WARNING] /home/runner/work/sonar-analysis/sonar-analysis/project/flink-core/src/test/java/org/apache/flink/api/java/typeutils/runtime/TestDataOutputSerializer.java:[282,38] sun.misc.Unsafe is internal proprietary API and may be removed in a future release
[WARNING] /home/runner/work/sonar-analysis/sonar-analysis/project/flink-core/src/test/java/org/apache/flink/api/java/typeutils/runtime/TestDataOutputSerializer.java:[282,38] sun.misc.Unsafe is internal proprietary API and may be removed in a future release
[WARNING] /home/runner/work/sonar-analysis/sonar-analysis/project/flink-core/src/test/java/org/apache/flink/api/java/typeutils/runtime/TestDataOutputSerializer.java:[282,38] sun.misc.Unsafe is internal proprietary API and may be removed in a future release
[INFO] /home/runner/work/sonar-analysis/sonar-analysis/project/flink-core/src/test/java/org/apache/flink/core/fs/LimitedConnectionsFileSystemDelegationTest.java: Some input files use or override a deprecated API.
[INFO] /home/runner/work/sonar-analysis/sonar-analysis/project/flink-core/src/test/java/org/apache/flink/core/fs/LimitedConnectionsFileSystemDelegationTest.java: Recompile with -Xlint:deprecation for details.
[INFO] /home/runner/work/sonar-analysis/sonar-analysis/project/flink-core/src/test/java/org/apache/flink/core/fs/FileSystemTest.java: Some input files use unchecked or unsafe operations.
[INFO] /home/runner/work/sonar-analysis/sonar-analysis/project/flink-core/src/test/java/org/apache/flink/core/fs/FileSystemTest.java: Recompile with -Xlint:unchecked for details.
[INFO] 
[INFO] --- surefire:2.22.1:test (default-test) @ flink-core ---
[INFO] Tests are skipped.
[INFO] 
[INFO] --- jar:2.4:jar (default-jar) @ flink-core ---
[INFO] Building jar: /home/runner/work/sonar-analysis/sonar-analysis/project/flink-core/target/flink-core-1.12-SNAPSHOT.jar
[INFO] 
[INFO] --- jar:2.4:test-jar (default) @ flink-core ---
[INFO] Building jar: /home/runner/work/sonar-analysis/sonar-analysis/project/flink-core/target/flink-core-1.12-SNAPSHOT-tests.jar
[INFO] 
[INFO] --- shade:3.2.1:shade (shade-flink) @ flink-core ---
[INFO] Excluding org.apache.flink:flink-annotations:jar:1.12-SNAPSHOT from the shaded jar.
[INFO] Excluding org.apache.flink:flink-metrics-core:jar:1.12-SNAPSHOT from the shaded jar.
[INFO] Excluding org.apache.flink:flink-shaded-asm-7:jar:7.1-10.0 from the shaded jar.
[INFO] Excluding org.apache.commons:commons-lang3:jar:3.3.2 from the shaded jar.
[INFO] Excluding com.esotericsoftware.kryo:kryo:jar:2.24.0 from the shaded jar.
[INFO] Excluding com.esotericsoftware.minlog:minlog:jar:1.2 from the shaded jar.
[INFO] Excluding org.objenesis:objenesis:jar:2.1 from the shaded jar.
[INFO] Excluding commons-collections:commons-collections:jar:3.2.2 from the shaded jar.
[INFO] Excluding org.apache.commons:commons-compress:jar:1.20 from the shaded jar.
[INFO] Excluding org.apache.flink:flink-shaded-guava:jar:18.0-10.0 from the shaded jar.
[INFO] Including org.apache.flink:force-shading:jar:1.12-SNAPSHOT in the shaded jar.
[INFO] Excluding org.slf4j:slf4j-api:jar:1.7.15 from the shaded jar.
[INFO] Excluding com.google.code.findbugs:jsr305:jar:1.3.9 from the shaded jar.
[INFO] No artifact matching filter io.netty:netty
[INFO] Replacing original artifact with shaded artifact.
[INFO] Replacing /home/runner/work/sonar-analysis/sonar-analysis/project/flink-core/target/flink-core-1.12-SNAPSHOT.jar with /home/runner/work/sonar-analysis/sonar-analysis/project/flink-core/target/flink-core-1.12-SNAPSHOT-shaded.jar
[INFO] Replacing original test artifact with shaded test artifact.
[INFO] Replacing /home/runner/work/sonar-analysis/sonar-analysis/project/flink-core/target/flink-core-1.12-SNAPSHOT-tests.jar with /home/runner/work/sonar-analysis/sonar-analysis/project/flink-core/target/flink-core-1.12-SNAPSHOT-shaded-tests.jar
[INFO] Dependency-reduced POM written at: /home/runner/work/sonar-analysis/sonar-analysis/project/flink-core/target/dependency-reduced-pom.xml
[INFO] 
[INFO] --- surefire:2.22.1:test (integration-tests) @ flink-core ---
[INFO] Tests are skipped.
[INFO] 
[INFO] --- japicmp:0.11.0:cmp (default) @ flink-core ---
[INFO] Written file '/home/runner/work/sonar-analysis/sonar-analysis/project/tools/japicmp-output/flink-core/japicmp/japicmp.diff'.
[INFO] Written file '/home/runner/work/sonar-analysis/sonar-analysis/project/tools/japicmp-output/flink-core/japicmp/japicmp.xml'.
[INFO] Written file '/home/runner/work/sonar-analysis/sonar-analysis/project/tools/japicmp-output/flink-core/japicmp/japicmp.html'.
[INFO] 
[INFO] --- install:2.5.2:install (default-install) @ flink-core ---
[INFO] Installing /home/runner/work/sonar-analysis/sonar-analysis/project/flink-core/target/flink-core-1.12-SNAPSHOT.jar to /home/runner/.m2/repository/org/apache/flink/flink-core/1.12-SNAPSHOT/flink-core-1.12-SNAPSHOT.jar
[INFO] Installing /home/runner/work/sonar-analysis/sonar-analysis/project/flink-core/target/dependency-reduced-pom.xml to /home/runner/.m2/repository/org/apache/flink/flink-core/1.12-SNAPSHOT/flink-core-1.12-SNAPSHOT.pom
[INFO] Installing /home/runner/work/sonar-analysis/sonar-analysis/project/flink-core/target/flink-core-1.12-SNAPSHOT-tests.jar to /home/runner/.m2/repository/org/apache/flink/flink-core/1.12-SNAPSHOT/flink-core-1.12-SNAPSHOT-tests.jar
[INFO] Installing /home/runner/work/sonar-analysis/sonar-analysis/project/flink-core/target/flink-core-1.12-SNAPSHOT-tests.jar to /home/runner/.m2/repository/org/apache/flink/flink-core/1.12-SNAPSHOT/flink-core-1.12-SNAPSHOT-tests.jar
[INFO] 
[INFO] --------------------< org.apache.flink:flink-java >---------------------
[INFO] Building flink-java 1.12-SNAPSHOT                                [9/182]
[INFO]   from flink-java/pom.xml
[INFO] --------------------------------[ jar ]---------------------------------
[INFO] 
[INFO] --- clean:3.1.0:clean (default-clean) @ flink-java ---
[INFO] Deleting /home/runner/work/sonar-analysis/sonar-analysis/project/flink-java/target
[INFO] 
[INFO] --- checkstyle:2.17:check (validate) @ flink-java ---
[INFO] 
[INFO] --- enforcer:3.0.0-M1:enforce (enforce-maven-version) @ flink-java ---
[INFO] Skipping Rule Enforcement.
[INFO] 
[INFO] --- enforcer:3.0.0-M1:enforce (enforce-maven) @ flink-java ---
[INFO] Skipping Rule Enforcement.
[INFO] 
[INFO] --- enforcer:3.0.0-M1:enforce (ban-unsafe-jackson) @ flink-java ---
[INFO] Skipping Rule Enforcement.
[INFO] 
[INFO] --- enforcer:3.0.0-M1:enforce (forbid-log4j-1) @ flink-java ---
[INFO] Skipping Rule Enforcement.
[INFO] 
[INFO] --- enforcer:3.0.0-M1:enforce (enforce-versions) @ flink-java ---
[INFO] Skipping Rule Enforcement.
[INFO] 
[INFO] --- directory:0.1:highest-basedir (directories) @ flink-java ---
[INFO] Highest basedir set to: /home/runner/work/sonar-analysis/sonar-analysis/project
[INFO] 
[INFO] --- remote-resources:1.5:process (process-resource-bundles) @ flink-java ---
[INFO] 
[INFO] --- resources:3.1.0:resources (default-resources) @ flink-java ---
[INFO] Using 'UTF-8' encoding to copy filtered resources.
[INFO] Copying 1 resource
[INFO] Copying 3 resources
[INFO] 
[INFO] --- compiler:3.8.0:compile (default-compile) @ flink-java ---
[INFO] Compiling 147 source files to /home/runner/work/sonar-analysis/sonar-analysis/project/flink-java/target/classes
[INFO] /home/runner/work/sonar-analysis/sonar-analysis/project/flink-java/src/main/java/org/apache/flink/api/java/operators/translation/PlanProjectOperator.java: Some input files use or override a deprecated API.
[INFO] /home/runner/work/sonar-analysis/sonar-analysis/project/flink-java/src/main/java/org/apache/flink/api/java/operators/translation/PlanProjectOperator.java: Recompile with -Xlint:deprecation for details.
[INFO] /home/runner/work/sonar-analysis/sonar-analysis/project/flink-java/src/main/java/org/apache/flink/api/java/utils/ParameterTool.java: Some input files use unchecked or unsafe operations.
[INFO] /home/runner/work/sonar-analysis/sonar-analysis/project/flink-java/src/main/java/org/apache/flink/api/java/utils/ParameterTool.java: Recompile with -Xlint:unchecked for details.
[INFO] 
[INFO] --- resources:3.1.0:testResources (default-testResources) @ flink-java ---
[INFO] Using 'UTF-8' encoding to copy filtered resources.
[INFO] Copying 2 resources
[INFO] Copying 3 resources
[INFO] 
[INFO] --- compiler:3.8.0:testCompile (default-testCompile) @ flink-java ---
[INFO] Compiling 82 source files to /home/runner/work/sonar-analysis/sonar-analysis/project/flink-java/target/test-classes
[INFO] /home/runner/work/sonar-analysis/sonar-analysis/project/flink-java/src/test/java/org/apache/flink/api/java/summarize/aggregation/AggregateCombineHarness.java: Some input files use or override a deprecated API.
[INFO] /home/runner/work/sonar-analysis/sonar-analysis/project/flink-java/src/test/java/org/apache/flink/api/java/summarize/aggregation/AggregateCombineHarness.java: Recompile with -Xlint:deprecation for details.
[INFO] /home/runner/work/sonar-analysis/sonar-analysis/project/flink-java/src/test/java/org/apache/flink/api/java/utils/AbstractParameterToolTest.java: Some input files use unchecked or unsafe operations.
[INFO] /home/runner/work/sonar-analysis/sonar-analysis/project/flink-java/src/test/java/org/apache/flink/api/java/utils/AbstractParameterToolTest.java: Recompile with -Xlint:unchecked for details.
[INFO] 
[INFO] --- surefire:2.22.1:test (default-test) @ flink-java ---
[INFO] Tests are skipped.
[INFO] 
[INFO] --- jar:2.4:jar (default-jar) @ flink-java ---
[INFO] Building jar: /home/runner/work/sonar-analysis/sonar-analysis/project/flink-java/target/flink-java-1.12-SNAPSHOT.jar
[INFO] 
[INFO] --- jar:2.4:test-jar (default) @ flink-java ---
[INFO] Building jar: /home/runner/work/sonar-analysis/sonar-analysis/project/flink-java/target/flink-java-1.12-SNAPSHOT-tests.jar
[INFO] 
[INFO] --- shade:3.2.1:shade (shade-flink) @ flink-java ---
[INFO] Excluding org.apache.flink:flink-core:jar:1.12-SNAPSHOT from the shaded jar.
[INFO] Excluding org.apache.flink:flink-annotations:jar:1.12-SNAPSHOT from the shaded jar.
[INFO] Excluding org.apache.flink:flink-metrics-core:jar:1.12-SNAPSHOT from the shaded jar.
[INFO] Excluding org.apache.flink:flink-shaded-asm-7:jar:7.1-10.0 from the shaded jar.
[INFO] Excluding com.esotericsoftware.kryo:kryo:jar:2.24.0 from the shaded jar.
[INFO] Excluding com.esotericsoftware.minlog:minlog:jar:1.2 from the shaded jar.
[INFO] Excluding commons-collections:commons-collections:jar:3.2.2 from the shaded jar.
[INFO] Excluding org.apache.commons:commons-compress:jar:1.20 from the shaded jar.
[INFO] Excluding org.apache.flink:flink-shaded-guava:jar:18.0-10.0 from the shaded jar.
[INFO] Excluding org.apache.commons:commons-lang3:jar:3.3.2 from the shaded jar.
[INFO] Excluding org.apache.commons:commons-math3:jar:3.5 from the shaded jar.
[INFO] Including org.apache.flink:force-shading:jar:1.12-SNAPSHOT in the shaded jar.
[INFO] Excluding org.slf4j:slf4j-api:jar:1.7.15 from the shaded jar.
[INFO] Excluding com.google.code.findbugs:jsr305:jar:1.3.9 from the shaded jar.
[INFO] Excluding org.objenesis:objenesis:jar:2.1 from the shaded jar.
[INFO] No artifact matching filter io.netty:netty
[INFO] Replacing original artifact with shaded artifact.
[INFO] Replacing /home/runner/work/sonar-analysis/sonar-analysis/project/flink-java/target/flink-java-1.12-SNAPSHOT.jar with /home/runner/work/sonar-analysis/sonar-analysis/project/flink-java/target/flink-java-1.12-SNAPSHOT-shaded.jar
[INFO] Replacing original test artifact with shaded test artifact.
[INFO] Replacing /home/runner/work/sonar-analysis/sonar-analysis/project/flink-java/target/flink-java-1.12-SNAPSHOT-tests.jar with /home/runner/work/sonar-analysis/sonar-analysis/project/flink-java/target/flink-java-1.12-SNAPSHOT-shaded-tests.jar
[INFO] Dependency-reduced POM written at: /home/runner/work/sonar-analysis/sonar-analysis/project/flink-java/target/dependency-reduced-pom.xml
[INFO] 
[INFO] --- surefire:2.22.1:test (integration-tests) @ flink-java ---
[INFO] Tests are skipped.
[INFO] 
[INFO] --- japicmp:0.11.0:cmp (default) @ flink-java ---
[INFO] Written file '/home/runner/work/sonar-analysis/sonar-analysis/project/tools/japicmp-output/flink-java/japicmp/japicmp.diff'.
[INFO] Written file '/home/runner/work/sonar-analysis/sonar-analysis/project/tools/japicmp-output/flink-java/japicmp/japicmp.xml'.
[INFO] Written file '/home/runner/work/sonar-analysis/sonar-analysis/project/tools/japicmp-output/flink-java/japicmp/japicmp.html'.
[INFO] 
[INFO] --- install:2.5.2:install (default-install) @ flink-java ---
[INFO] Installing /home/runner/work/sonar-analysis/sonar-analysis/project/flink-java/target/flink-java-1.12-SNAPSHOT.jar to /home/runner/.m2/repository/org/apache/flink/flink-java/1.12-SNAPSHOT/flink-java-1.12-SNAPSHOT.jar
[INFO] Installing /home/runner/work/sonar-analysis/sonar-analysis/project/flink-java/target/dependency-reduced-pom.xml to /home/runner/.m2/repository/org/apache/flink/flink-java/1.12-SNAPSHOT/flink-java-1.12-SNAPSHOT.pom
[INFO] Installing /home/runner/work/sonar-analysis/sonar-analysis/project/flink-java/target/flink-java-1.12-SNAPSHOT-tests.jar to /home/runner/.m2/repository/org/apache/flink/flink-java/1.12-SNAPSHOT/flink-java-1.12-SNAPSHOT-tests.jar
[INFO] Installing /home/runner/work/sonar-analysis/sonar-analysis/project/flink-java/target/flink-java-1.12-SNAPSHOT-tests.jar to /home/runner/.m2/repository/org/apache/flink/flink-java/1.12-SNAPSHOT/flink-java-1.12-SNAPSHOT-tests.jar
[INFO] 
[INFO] ---------------< org.apache.flink:flink-queryable-state >---------------
[INFO] Building flink-queryable-state 1.12-SNAPSHOT                    [10/182]
[INFO]   from flink-queryable-state/pom.xml
[INFO] --------------------------------[ pom ]---------------------------------
[INFO] 
[INFO] --- clean:3.1.0:clean (default-clean) @ flink-queryable-state ---
[INFO] Deleting /home/runner/work/sonar-analysis/sonar-analysis/project/flink-queryable-state/target
[INFO] 
[INFO] --- checkstyle:2.17:check (validate) @ flink-queryable-state ---
[INFO] 
[INFO] --- enforcer:3.0.0-M1:enforce (enforce-maven-version) @ flink-queryable-state ---
[INFO] Skipping Rule Enforcement.
[INFO] 
[INFO] --- enforcer:3.0.0-M1:enforce (enforce-maven) @ flink-queryable-state ---
[INFO] Skipping Rule Enforcement.
[INFO] 
[INFO] --- enforcer:3.0.0-M1:enforce (ban-unsafe-jackson) @ flink-queryable-state ---
[INFO] Skipping Rule Enforcement.
[INFO] 
[INFO] --- enforcer:3.0.0-M1:enforce (forbid-log4j-1) @ flink-queryable-state ---
[INFO] Skipping Rule Enforcement.
[INFO] 
[INFO] --- enforcer:3.0.0-M1:enforce (enforce-versions) @ flink-queryable-state ---
[INFO] Skipping Rule Enforcement.
[INFO] 
[INFO] --- directory:0.1:highest-basedir (directories) @ flink-queryable-state ---
[INFO] Highest basedir set to: /home/runner/work/sonar-analysis/sonar-analysis/project
[INFO] 
[INFO] --- remote-resources:1.5:process (process-resource-bundles) @ flink-queryable-state ---
[INFO] 
[INFO] --- surefire:2.22.1:test (default-test) @ flink-queryable-state ---
[INFO] Tests are skipped.
[INFO] 
[INFO] --- shade:3.2.1:shade (shade-flink) @ flink-queryable-state ---
[INFO] Including org.apache.flink:force-shading:jar:1.12-SNAPSHOT in the shaded jar.
[INFO] No artifact matching filter io.netty:netty
[INFO] Replacing original artifact with shaded artifact.
[INFO] 
[INFO] --- surefire:2.22.1:test (integration-tests) @ flink-queryable-state ---
[INFO] Tests are skipped.
[INFO] 
[INFO] --- install:2.5.2:install (default-install) @ flink-queryable-state ---
[INFO] Installing /home/runner/work/sonar-analysis/sonar-analysis/project/flink-queryable-state/pom.xml to /home/runner/.m2/repository/org/apache/flink/flink-queryable-state/1.12-SNAPSHOT/flink-queryable-state-1.12-SNAPSHOT.pom
[INFO] 
[INFO] ---------< org.apache.flink:flink-queryable-state-client-java >---------
[INFO] Building flink-queryable-state-client-java 1.12-SNAPSHOT        [11/182]
[INFO]   from flink-queryable-state/flink-queryable-state-client-java/pom.xml
[INFO] --------------------------------[ jar ]---------------------------------
[INFO] 
[INFO] --- clean:3.1.0:clean (default-clean) @ flink-queryable-state-client-java ---
[INFO] Deleting /home/runner/work/sonar-analysis/sonar-analysis/project/flink-queryable-state/flink-queryable-state-client-java/target
[INFO] 
[INFO] --- checkstyle:2.17:check (validate) @ flink-queryable-state-client-java ---
[INFO] 
[INFO] --- enforcer:3.0.0-M1:enforce (enforce-maven-version) @ flink-queryable-state-client-java ---
[INFO] Skipping Rule Enforcement.
[INFO] 
[INFO] --- enforcer:3.0.0-M1:enforce (enforce-maven) @ flink-queryable-state-client-java ---
[INFO] Skipping Rule Enforcement.
[INFO] 
[INFO] --- enforcer:3.0.0-M1:enforce (ban-unsafe-jackson) @ flink-queryable-state-client-java ---
[INFO] Skipping Rule Enforcement.
[INFO] 
[INFO] --- enforcer:3.0.0-M1:enforce (forbid-log4j-1) @ flink-queryable-state-client-java ---
[INFO] Skipping Rule Enforcement.
[INFO] 
[INFO] --- enforcer:3.0.0-M1:enforce (enforce-versions) @ flink-queryable-state-client-java ---
[INFO] Skipping Rule Enforcement.
[INFO] 
[INFO] --- directory:0.1:highest-basedir (directories) @ flink-queryable-state-client-java ---
[INFO] Highest basedir set to: /home/runner/work/sonar-analysis/sonar-analysis/project
[INFO] 
[INFO] --- remote-resources:1.5:process (process-resource-bundles) @ flink-queryable-state-client-java ---
[INFO] 
[INFO] --- resources:3.1.0:resources (default-resources) @ flink-queryable-state-client-java ---
[INFO] Using 'UTF-8' encoding to copy filtered resources.
[INFO] skip non existing resourceDirectory /home/runner/work/sonar-analysis/sonar-analysis/project/flink-queryable-state/flink-queryable-state-client-java/src/main/resources
[INFO] Copying 3 resources
[INFO] 
[INFO] --- compiler:3.8.0:compile (default-compile) @ flink-queryable-state-client-java ---
[INFO] Compiling 36 source files to /home/runner/work/sonar-analysis/sonar-analysis/project/flink-queryable-state/flink-queryable-state-client-java/target/classes
[INFO] /home/runner/work/sonar-analysis/sonar-analysis/project/flink-queryable-state/flink-queryable-state-client-java/src/main/java/org/apache/flink/queryablestate/network/NettyBufferPool.java: Some input files use or override a deprecated API.
[INFO] /home/runner/work/sonar-analysis/sonar-analysis/project/flink-queryable-state/flink-queryable-state-client-java/src/main/java/org/apache/flink/queryablestate/network/NettyBufferPool.java: Recompile with -Xlint:deprecation for details.
[INFO] 
[INFO] --- resources:3.1.0:testResources (default-testResources) @ flink-queryable-state-client-java ---
[INFO] Using 'UTF-8' encoding to copy filtered resources.
[INFO] Copying 1 resource
[INFO] Copying 3 resources
[INFO] 
[INFO] --- compiler:3.8.0:testCompile (default-testCompile) @ flink-queryable-state-client-java ---
[INFO] Compiling 7 source files to /home/runner/work/sonar-analysis/sonar-analysis/project/flink-queryable-state/flink-queryable-state-client-java/target/test-classes
[INFO] /home/runner/work/sonar-analysis/sonar-analysis/project/flink-queryable-state/flink-queryable-state-client-java/src/test/java/org/apache/flink/queryablestate/client/state/ImmutableFoldingStateTest.java: /home/runner/work/sonar-analysis/sonar-analysis/project/flink-queryable-state/flink-queryable-state-client-java/src/test/java/org/apache/flink/queryablestate/client/state/ImmutableFoldingStateTest.java uses or overrides a deprecated API.
[INFO] /home/runner/work/sonar-analysis/sonar-analysis/project/flink-queryable-state/flink-queryable-state-client-java/src/test/java/org/apache/flink/queryablestate/client/state/ImmutableFoldingStateTest.java: Recompile with -Xlint:deprecation for details.
[INFO] 
[INFO] --- surefire:2.22.1:test (default-test) @ flink-queryable-state-client-java ---
[INFO] Tests are skipped.
[INFO] 
[INFO] --- jar:2.4:jar (default-jar) @ flink-queryable-state-client-java ---
[INFO] Building jar: /home/runner/work/sonar-analysis/sonar-analysis/project/flink-queryable-state/flink-queryable-state-client-java/target/flink-queryable-state-client-java-1.12-SNAPSHOT.jar
[INFO] 
[INFO] --- jar:2.4:test-jar (default) @ flink-queryable-state-client-java ---
[INFO] Building jar: /home/runner/work/sonar-analysis/sonar-analysis/project/flink-queryable-state/flink-queryable-state-client-java/target/flink-queryable-state-client-java-1.12-SNAPSHOT-tests.jar
[INFO] 
[INFO] --- shade:3.2.1:shade (shade-flink) @ flink-queryable-state-client-java ---
[INFO] Excluding org.apache.flink:flink-shaded-netty:jar:4.1.39.Final-10.0 from the shaded jar.
[INFO] Excluding org.apache.flink:flink-shaded-guava:jar:18.0-10.0 from the shaded jar.
[INFO] Including org.apache.flink:force-shading:jar:1.12-SNAPSHOT in the shaded jar.
[INFO] No artifact matching filter io.netty:netty
[INFO] Replacing original artifact with shaded artifact.
[INFO] Replacing /home/runner/work/sonar-analysis/sonar-analysis/project/flink-queryable-state/flink-queryable-state-client-java/target/flink-queryable-state-client-java-1.12-SNAPSHOT.jar with /home/runner/work/sonar-analysis/sonar-analysis/project/flink-queryable-state/flink-queryable-state-client-java/target/flink-queryable-state-client-java-1.12-SNAPSHOT-shaded.jar
[INFO] Replacing original test artifact with shaded test artifact.
[INFO] Replacing /home/runner/work/sonar-analysis/sonar-analysis/project/flink-queryable-state/flink-queryable-state-client-java/target/flink-queryable-state-client-java-1.12-SNAPSHOT-tests.jar with /home/runner/work/sonar-analysis/sonar-analysis/project/flink-queryable-state/flink-queryable-state-client-java/target/flink-queryable-state-client-java-1.12-SNAPSHOT-shaded-tests.jar
[INFO] Dependency-reduced POM written at: /home/runner/work/sonar-analysis/sonar-analysis/project/flink-queryable-state/flink-queryable-state-client-java/target/dependency-reduced-pom.xml
[INFO] 
[INFO] --- surefire:2.22.1:test (integration-tests) @ flink-queryable-state-client-java ---
[INFO] Tests are skipped.
[INFO] 
[INFO] --- install:2.5.2:install (default-install) @ flink-queryable-state-client-java ---
[INFO] Installing /home/runner/work/sonar-analysis/sonar-analysis/project/flink-queryable-state/flink-queryable-state-client-java/target/flink-queryable-state-client-java-1.12-SNAPSHOT.jar to /home/runner/.m2/repository/org/apache/flink/flink-queryable-state-client-java/1.12-SNAPSHOT/flink-queryable-state-client-java-1.12-SNAPSHOT.jar
[INFO] Installing /home/runner/work/sonar-analysis/sonar-analysis/project/flink-queryable-state/flink-queryable-state-client-java/target/dependency-reduced-pom.xml to /home/runner/.m2/repository/org/apache/flink/flink-queryable-state-client-java/1.12-SNAPSHOT/flink-queryable-state-client-java-1.12-SNAPSHOT.pom
[INFO] Installing /home/runner/work/sonar-analysis/sonar-analysis/project/flink-queryable-state/flink-queryable-state-client-java/target/flink-queryable-state-client-java-1.12-SNAPSHOT-tests.jar to /home/runner/.m2/repository/org/apache/flink/flink-queryable-state-client-java/1.12-SNAPSHOT/flink-queryable-state-client-java-1.12-SNAPSHOT-tests.jar
[INFO] Installing /home/runner/work/sonar-analysis/sonar-analysis/project/flink-queryable-state/flink-queryable-state-client-java/target/flink-queryable-state-client-java-1.12-SNAPSHOT-tests.jar to /home/runner/.m2/repository/org/apache/flink/flink-queryable-state-client-java/1.12-SNAPSHOT/flink-queryable-state-client-java-1.12-SNAPSHOT-tests.jar
[INFO] 
[INFO] -----------------< org.apache.flink:flink-filesystems >-----------------
[INFO] Building flink-filesystems 1.12-SNAPSHOT                        [12/182]
[INFO]   from flink-filesystems/pom.xml
[INFO] --------------------------------[ pom ]---------------------------------
[INFO] 
[INFO] --- clean:3.1.0:clean (default-clean) @ flink-filesystems ---
[INFO] Deleting /home/runner/work/sonar-analysis/sonar-analysis/project/flink-filesystems/target
[INFO] 
[INFO] --- checkstyle:2.17:check (validate) @ flink-filesystems ---
[INFO] 
[INFO] --- enforcer:3.0.0-M1:enforce (enforce-maven-version) @ flink-filesystems ---
[INFO] Skipping Rule Enforcement.
[INFO] 
[INFO] --- enforcer:3.0.0-M1:enforce (enforce-maven) @ flink-filesystems ---
[INFO] Skipping Rule Enforcement.
[INFO] 
[INFO] --- enforcer:3.0.0-M1:enforce (ban-unsafe-jackson) @ flink-filesystems ---
[INFO] Skipping Rule Enforcement.
[INFO] 
[INFO] --- enforcer:3.0.0-M1:enforce (forbid-log4j-1) @ flink-filesystems ---
[INFO] Skipping Rule Enforcement.
[INFO] 
[INFO] --- enforcer:3.0.0-M1:enforce (enforce-versions) @ flink-filesystems ---
[INFO] Skipping Rule Enforcement.
[INFO] 
[INFO] --- directory:0.1:highest-basedir (directories) @ flink-filesystems ---
[INFO] Highest basedir set to: /home/runner/work/sonar-analysis/sonar-analysis/project
[INFO] 
[INFO] --- remote-resources:1.5:process (process-resource-bundles) @ flink-filesystems ---
[INFO] 
[INFO] --- surefire:2.22.1:test (default-test) @ flink-filesystems ---
[INFO] Tests are skipped.
[INFO] 
[INFO] --- shade:3.2.1:shade (shade-flink) @ flink-filesystems ---
[INFO] Including org.apache.flink:force-shading:jar:1.12-SNAPSHOT in the shaded jar.
[INFO] No artifact matching filter io.netty:netty
[INFO] Replacing original artifact with shaded artifact.
[INFO] 
[INFO] --- surefire:2.22.1:test (integration-tests) @ flink-filesystems ---
[INFO] Tests are skipped.
[INFO] 
[INFO] --- install:2.5.2:install (default-install) @ flink-filesystems ---
[INFO] Installing /home/runner/work/sonar-analysis/sonar-analysis/project/flink-filesystems/pom.xml to /home/runner/.m2/repository/org/apache/flink/flink-filesystems/1.12-SNAPSHOT/flink-filesystems-1.12-SNAPSHOT.pom
[INFO] 
[INFO] ------------------< org.apache.flink:flink-hadoop-fs >------------------
[INFO] Building flink-hadoop-fs 1.12-SNAPSHOT                          [13/182]
[INFO]   from flink-filesystems/flink-hadoop-fs/pom.xml
[INFO] --------------------------------[ jar ]---------------------------------
[WARNING] 1 problem was encountered while building the effective model for org.apache.hadoop:hadoop-annotations:jar:2.4.1 during dependency collection step for project (use -X to see details)
[INFO] 
[INFO] --- clean:3.1.0:clean (default-clean) @ flink-hadoop-fs ---
[INFO] Deleting /home/runner/work/sonar-analysis/sonar-analysis/project/flink-filesystems/flink-hadoop-fs/target
[INFO] 
[INFO] --- checkstyle:2.17:check (validate) @ flink-hadoop-fs ---
[INFO] 
[INFO] --- enforcer:3.0.0-M1:enforce (enforce-maven-version) @ flink-hadoop-fs ---
[INFO] Skipping Rule Enforcement.
[INFO] 
[INFO] --- enforcer:3.0.0-M1:enforce (enforce-maven) @ flink-hadoop-fs ---
[INFO] Skipping Rule Enforcement.
[INFO] 
[INFO] --- enforcer:3.0.0-M1:enforce (ban-unsafe-jackson) @ flink-hadoop-fs ---
[INFO] Skipping Rule Enforcement.
[INFO] 
[INFO] --- enforcer:3.0.0-M1:enforce (forbid-log4j-1) @ flink-hadoop-fs ---
[INFO] Skipping Rule Enforcement.
[INFO] 
[INFO] --- enforcer:3.0.0-M1:enforce (enforce-versions) @ flink-hadoop-fs ---
[INFO] Skipping Rule Enforcement.
[INFO] 
[INFO] --- directory:0.1:highest-basedir (directories) @ flink-hadoop-fs ---
[INFO] Highest basedir set to: /home/runner/work/sonar-analysis/sonar-analysis/project
[INFO] 
[INFO] --- remote-resources:1.5:process (process-resource-bundles) @ flink-hadoop-fs ---
[INFO] 
[INFO] --- resources:3.1.0:resources (default-resources) @ flink-hadoop-fs ---
[INFO] Using 'UTF-8' encoding to copy filtered resources.
[INFO] skip non existing resourceDirectory /home/runner/work/sonar-analysis/sonar-analysis/project/flink-filesystems/flink-hadoop-fs/src/main/resources
[INFO] Copying 3 resources
[INFO] 
[INFO] --- compiler:3.8.0:compile (default-compile) @ flink-hadoop-fs ---
[INFO] Compiling 12 source files to /home/runner/work/sonar-analysis/sonar-analysis/project/flink-filesystems/flink-hadoop-fs/target/classes
[INFO] /home/runner/work/sonar-analysis/sonar-analysis/project/flink-filesystems/flink-hadoop-fs/src/main/java/org/apache/flink/runtime/fs/hdfs/HadoopFsFactory.java: Some input files use or override a deprecated API.
[INFO] /home/runner/work/sonar-analysis/sonar-analysis/project/flink-filesystems/flink-hadoop-fs/src/main/java/org/apache/flink/runtime/fs/hdfs/HadoopFsFactory.java: Recompile with -Xlint:deprecation for details.
[INFO] 
[INFO] --- resources:3.1.0:testResources (default-testResources) @ flink-hadoop-fs ---
[INFO] Using 'UTF-8' encoding to copy filtered resources.
[INFO] Copying 2 resources
[INFO] Copying 3 resources
[INFO] 
[INFO] --- compiler:3.8.0:testCompile (default-testCompile) @ flink-hadoop-fs ---
[INFO] Compiling 12 source files to /home/runner/work/sonar-analysis/sonar-analysis/project/flink-filesystems/flink-hadoop-fs/target/test-classes
[INFO] /home/runner/work/sonar-analysis/sonar-analysis/project/flink-filesystems/flink-hadoop-fs/src/test/java/org/apache/flink/runtime/fs/hdfs/HadoopDataInputStreamTest.java: Some input files use or override a deprecated API.
[INFO] /home/runner/work/sonar-analysis/sonar-analysis/project/flink-filesystems/flink-hadoop-fs/src/test/java/org/apache/flink/runtime/fs/hdfs/HadoopDataInputStreamTest.java: Recompile with -Xlint:deprecation for details.
[INFO] 
[INFO] --- surefire:2.22.1:test (default-test) @ flink-hadoop-fs ---
[INFO] Tests are skipped.
[INFO] 
[INFO] --- jar:2.4:jar (default-jar) @ flink-hadoop-fs ---
[INFO] Building jar: /home/runner/work/sonar-analysis/sonar-analysis/project/flink-filesystems/flink-hadoop-fs/target/flink-hadoop-fs-1.12-SNAPSHOT.jar
[INFO] 
[INFO] --- jar:2.4:test-jar (default) @ flink-hadoop-fs ---
[INFO] Building jar: /home/runner/work/sonar-analysis/sonar-analysis/project/flink-filesystems/flink-hadoop-fs/target/flink-hadoop-fs-1.12-SNAPSHOT-tests.jar
[INFO] 
[INFO] --- shade:3.2.1:shade (shade-flink) @ flink-hadoop-fs ---
[INFO] Excluding org.apache.flink:flink-core:jar:1.12-SNAPSHOT from the shaded jar.
[INFO] Excluding org.apache.flink:flink-annotations:jar:1.12-SNAPSHOT from the shaded jar.
[INFO] Excluding org.apache.flink:flink-metrics-core:jar:1.12-SNAPSHOT from the shaded jar.
[INFO] Excluding org.apache.flink:flink-shaded-asm-7:jar:7.1-10.0 from the shaded jar.
[INFO] Excluding org.apache.commons:commons-lang3:jar:3.3.2 from the shaded jar.
[INFO] Excluding com.esotericsoftware.kryo:kryo:jar:2.24.0 from the shaded jar.
[INFO] Excluding com.esotericsoftware.minlog:minlog:jar:1.2 from the shaded jar.
[INFO] Excluding commons-collections:commons-collections:jar:3.2.2 from the shaded jar.
[INFO] Excluding org.apache.commons:commons-compress:jar:1.20 from the shaded jar.
[INFO] Excluding org.apache.flink:flink-shaded-guava:jar:18.0-10.0 from the shaded jar.
[INFO] Excluding org.apache.hadoop:hadoop-common:jar:2.4.1 from the shaded jar.
[INFO] Excluding org.apache.hadoop:hadoop-annotations:jar:2.4.1 from the shaded jar.
[INFO] Excluding com.google.guava:guava:jar:11.0.2 from the shaded jar.
[INFO] Excluding commons-cli:commons-cli:jar:1.3.1 from the shaded jar.
[INFO] Excluding org.apache.commons:commons-math3:jar:3.5 from the shaded jar.
[INFO] Excluding xmlenc:xmlenc:jar:0.52 from the shaded jar.
[INFO] Excluding commons-httpclient:commons-httpclient:jar:3.1 from the shaded jar.
[INFO] Excluding commons-codec:commons-codec:jar:1.10 from the shaded jar.
[INFO] Excluding commons-io:commons-io:jar:2.4 from the shaded jar.
[INFO] Excluding commons-net:commons-net:jar:3.1 from the shaded jar.
[INFO] Excluding javax.servlet:servlet-api:jar:2.5 from the shaded jar.
[INFO] Excluding org.mortbay.jetty:jetty:jar:6.1.26 from the shaded jar.
[INFO] Excluding org.mortbay.jetty:jetty-util:jar:6.1.26 from the shaded jar.
[INFO] Excluding com.sun.jersey:jersey-core:jar:1.9 from the shaded jar.
[INFO] Excluding com.sun.jersey:jersey-json:jar:1.9 from the shaded jar.
[INFO] Excluding org.codehaus.jettison:jettison:jar:1.1 from the shaded jar.
[INFO] Excluding com.sun.xml.bind:jaxb-impl:jar:2.2.3-1 from the shaded jar.
[INFO] Excluding org.codehaus.jackson:jackson-jaxrs:jar:1.8.3 from the shaded jar.
[INFO] Excluding org.codehaus.jackson:jackson-xc:jar:1.8.3 from the shaded jar.
[INFO] Excluding com.sun.jersey:jersey-server:jar:1.9 from the shaded jar.
[INFO] Excluding asm:asm:jar:3.1 from the shaded jar.
[INFO] Excluding tomcat:jasper-compiler:jar:5.5.23 from the shaded jar.
[INFO] Excluding tomcat:jasper-runtime:jar:5.5.23 from the shaded jar.
[INFO] Excluding javax.servlet.jsp:jsp-api:jar:2.1 from the shaded jar.
[INFO] Excluding commons-el:commons-el:jar:1.0 from the shaded jar.
[INFO] Excluding commons-logging:commons-logging:jar:1.1.3 from the shaded jar.
[INFO] Excluding net.java.dev.jets3t:jets3t:jar:0.9.0 from the shaded jar.
[INFO] Excluding org.apache.httpcomponents:httpclient:jar:4.5.3 from the shaded jar.
[INFO] Excluding org.apache.httpcomponents:httpcore:jar:4.4.6 from the shaded jar.
[INFO] Excluding com.jamesmurty.utils:java-xmlbuilder:jar:0.4 from the shaded jar.
[INFO] Excluding commons-lang:commons-lang:jar:2.6 from the shaded jar.
[INFO] Excluding commons-configuration:commons-configuration:jar:1.7 from the shaded jar.
[INFO] Excluding commons-digester:commons-digester:jar:1.8.1 from the shaded jar.
[INFO] Excluding commons-beanutils:commons-beanutils:jar:1.8.3 from the shaded jar.
[INFO] Excluding org.codehaus.jackson:jackson-core-asl:jar:1.8.8 from the shaded jar.
[INFO] Excluding org.codehaus.jackson:jackson-mapper-asl:jar:1.8.8 from the shaded jar.
[INFO] Excluding org.apache.avro:avro:jar:1.8.2 from the shaded jar.
[INFO] Excluding com.thoughtworks.paranamer:paranamer:jar:2.7 from the shaded jar.
[INFO] Excluding org.xerial.snappy:snappy-java:jar:1.1.4 from the shaded jar.
[INFO] Excluding org.tukaani:xz:jar:1.5 from the shaded jar.
[INFO] Excluding com.google.protobuf:protobuf-java:jar:2.5.0 from the shaded jar.
[INFO] Excluding org.apache.hadoop:hadoop-auth:jar:2.4.1 from the shaded jar.
[INFO] Excluding com.jcraft:jsch:jar:0.1.42 from the shaded jar.
[INFO] Excluding org.apache.zookeeper:zookeeper:jar:3.4.10 from the shaded jar.
[INFO] Excluding org.apache.hadoop:hadoop-hdfs:jar:2.4.1 from the shaded jar.
[INFO] Excluding commons-daemon:commons-daemon:jar:1.0.13 from the shaded jar.
[INFO] Excluding org.apache.hadoop:hadoop-mapreduce-client-core:jar:2.4.1 from the shaded jar.
[INFO] Excluding org.apache.hadoop:hadoop-yarn-common:jar:2.4.1 from the shaded jar.
[INFO] Excluding org.apache.hadoop:hadoop-yarn-api:jar:2.4.1 from the shaded jar.
[INFO] Excluding javax.xml.bind:jaxb-api:jar:2.3.1 from the shaded jar.
[INFO] Excluding javax.activation:javax.activation-api:jar:1.2.0 from the shaded jar.
[INFO] Excluding com.google.inject:guice:jar:3.0 from the shaded jar.
[INFO] Excluding javax.inject:javax.inject:jar:1 from the shaded jar.
[INFO] Excluding aopalliance:aopalliance:jar:1.0 from the shaded jar.
[INFO] Excluding com.sun.jersey.contribs:jersey-guice:jar:1.9 from the shaded jar.
[INFO] Excluding com.google.inject.extensions:guice-servlet:jar:3.0 from the shaded jar.
[INFO] Excluding io.netty:netty:jar:3.6.2.Final from the shaded jar.
[INFO] Including org.apache.flink:force-shading:jar:1.12-SNAPSHOT in the shaded jar.
[INFO] Excluding org.objenesis:objenesis:jar:2.1 from the shaded jar.
[INFO] Replacing original artifact with shaded artifact.
[INFO] Replacing /home/runner/work/sonar-analysis/sonar-analysis/project/flink-filesystems/flink-hadoop-fs/target/flink-hadoop-fs-1.12-SNAPSHOT.jar with /home/runner/work/sonar-analysis/sonar-analysis/project/flink-filesystems/flink-hadoop-fs/target/flink-hadoop-fs-1.12-SNAPSHOT-shaded.jar
[INFO] Replacing original test artifact with shaded test artifact.
[INFO] Replacing /home/runner/work/sonar-analysis/sonar-analysis/project/flink-filesystems/flink-hadoop-fs/target/flink-hadoop-fs-1.12-SNAPSHOT-tests.jar with /home/runner/work/sonar-analysis/sonar-analysis/project/flink-filesystems/flink-hadoop-fs/target/flink-hadoop-fs-1.12-SNAPSHOT-shaded-tests.jar
[INFO] Dependency-reduced POM written at: /home/runner/work/sonar-analysis/sonar-analysis/project/flink-filesystems/flink-hadoop-fs/target/dependency-reduced-pom.xml
[INFO] 
[INFO] --- surefire:2.22.1:test (integration-tests) @ flink-hadoop-fs ---
[INFO] Tests are skipped.
[INFO] 
[INFO] --- install:2.5.2:install (default-install) @ flink-hadoop-fs ---
[INFO] Installing /home/runner/work/sonar-analysis/sonar-analysis/project/flink-filesystems/flink-hadoop-fs/target/flink-hadoop-fs-1.12-SNAPSHOT.jar to /home/runner/.m2/repository/org/apache/flink/flink-hadoop-fs/1.12-SNAPSHOT/flink-hadoop-fs-1.12-SNAPSHOT.jar
[INFO] Installing /home/runner/work/sonar-analysis/sonar-analysis/project/flink-filesystems/flink-hadoop-fs/target/dependency-reduced-pom.xml to /home/runner/.m2/repository/org/apache/flink/flink-hadoop-fs/1.12-SNAPSHOT/flink-hadoop-fs-1.12-SNAPSHOT.pom
[INFO] Installing /home/runner/work/sonar-analysis/sonar-analysis/project/flink-filesystems/flink-hadoop-fs/target/flink-hadoop-fs-1.12-SNAPSHOT-tests.jar to /home/runner/.m2/repository/org/apache/flink/flink-hadoop-fs/1.12-SNAPSHOT/flink-hadoop-fs-1.12-SNAPSHOT-tests.jar
[INFO] Installing /home/runner/work/sonar-analysis/sonar-analysis/project/flink-filesystems/flink-hadoop-fs/target/flink-hadoop-fs-1.12-SNAPSHOT-tests.jar to /home/runner/.m2/repository/org/apache/flink/flink-hadoop-fs/1.12-SNAPSHOT/flink-hadoop-fs-1.12-SNAPSHOT-tests.jar
[INFO] 
[INFO] ----------------< org.apache.flink:flink-runtime_2.11 >-----------------
[INFO] Building flink-runtime 1.12-SNAPSHOT                            [14/182]
[INFO]   from flink-runtime/pom.xml
[INFO] --------------------------------[ jar ]---------------------------------
[INFO] 
[INFO] --- clean:3.1.0:clean (default-clean) @ flink-runtime_2.11 ---
[INFO] Deleting /home/runner/work/sonar-analysis/sonar-analysis/project/flink-runtime/target
[INFO] 
[INFO] --- git-commit-id:4.0.0:revision (get-the-git-infos) @ flink-runtime_2.11 ---
[INFO] 
[INFO] --- checkstyle:2.17:check (validate) @ flink-runtime_2.11 ---
[INFO] 
[INFO] --- enforcer:3.0.0-M1:enforce (enforce-maven-version) @ flink-runtime_2.11 ---
[INFO] Skipping Rule Enforcement.
[INFO] 
[INFO] --- enforcer:3.0.0-M1:enforce (enforce-maven) @ flink-runtime_2.11 ---
[INFO] Skipping Rule Enforcement.
[INFO] 
[INFO] --- enforcer:3.0.0-M1:enforce (ban-unsafe-jackson) @ flink-runtime_2.11 ---
[INFO] Skipping Rule Enforcement.
[INFO] 
[INFO] --- enforcer:3.0.0-M1:enforce (forbid-log4j-1) @ flink-runtime_2.11 ---
[INFO] Skipping Rule Enforcement.
[INFO] 
[INFO] --- enforcer:3.0.0-M1:enforce (enforce-versions) @ flink-runtime_2.11 ---
[INFO] Skipping Rule Enforcement.
[INFO] 
[INFO] --- directory:0.1:highest-basedir (directories) @ flink-runtime_2.11 ---
[INFO] Highest basedir set to: /home/runner/work/sonar-analysis/sonar-analysis/project
[INFO] 
[INFO] --- build-helper:1.7:add-source (add-source) @ flink-runtime_2.11 ---
[INFO] Source directory: /home/runner/work/sonar-analysis/sonar-analysis/project/flink-runtime/src/main/scala added.
[INFO] 
[INFO] --- remote-resources:1.5:process (process-resource-bundles) @ flink-runtime_2.11 ---
[INFO] 
[INFO] --- resources:3.1.0:resources (default-resources) @ flink-runtime_2.11 ---
[INFO] Using 'UTF-8' encoding to copy filtered resources.
[INFO] Copying 8 resources
[INFO] Copying 1 resource
[INFO] Copying 3 resources
[INFO] 
[INFO] --- scala:3.2.2:compile (scala-compile-first) @ flink-runtime_2.11 ---
[INFO] /home/runner/work/sonar-analysis/sonar-analysis/project/flink-runtime/src/main/java:-1: info: compiling
[INFO] /home/runner/work/sonar-analysis/sonar-analysis/project/flink-runtime/src/main/scala:-1: info: compiling
[INFO] Compiling 1794 source files to /home/runner/work/sonar-analysis/sonar-analysis/project/flink-runtime/target/classes at 1783245896054
[WARNING] warning: there was one deprecation warning; re-run with -deprecation for details
[WARNING] one warning found
[INFO] prepare-compile in 0 s
[INFO] compile in 7 s
[INFO] 
[INFO] --- compiler:3.8.0:compile (default-compile) @ flink-runtime_2.11 ---
[INFO] Compiling 1785 source files to /home/runner/work/sonar-analysis/sonar-analysis/project/flink-runtime/target/classes
[WARNING] /home/runner/work/sonar-analysis/sonar-analysis/project/flink-runtime/src/main/java/org/apache/flink/runtime/util/SignalHandler.java:[23,16] sun.misc.Signal is internal proprietary API and may be removed in a future release
[WARNING] /home/runner/work/sonar-analysis/sonar-analysis/project/flink-runtime/src/main/java/org/apache/flink/runtime/io/network/partition/PageSizeUtil.java:[26,16] sun.misc.Unsafe is internal proprietary API and may be removed in a future release
[WARNING] /home/runner/work/sonar-analysis/sonar-analysis/project/flink-runtime/src/main/java/org/apache/flink/runtime/util/SignalHandler.java:[35,57] sun.misc.SignalHandler is internal proprietary API and may be removed in a future release
[WARNING] /home/runner/work/sonar-analysis/sonar-analysis/project/flink-runtime/src/main/java/org/apache/flink/runtime/util/SignalHandler.java:[38,39] sun.misc.SignalHandler is internal proprietary API and may be removed in a future release
[WARNING] /home/runner/work/sonar-analysis/sonar-analysis/project/flink-runtime/src/main/java/org/apache/flink/runtime/util/SignalHandler.java:[42,57] sun.misc.Signal is internal proprietary API and may be removed in a future release
[WARNING] /home/runner/work/sonar-analysis/sonar-analysis/project/flink-runtime/src/main/java/org/apache/flink/runtime/util/SignalHandler.java:[42,39] sun.misc.Signal is internal proprietary API and may be removed in a future release
[WARNING] /home/runner/work/sonar-analysis/sonar-analysis/project/flink-runtime/src/main/java/org/apache/flink/runtime/util/SignalHandler.java:[51,36] sun.misc.Signal is internal proprietary API and may be removed in a future release
[WARNING] /home/runner/work/sonar-analysis/sonar-analysis/project/flink-runtime/src/main/java/org/apache/flink/runtime/io/network/partition/PageSizeUtil.java:[98,25] sun.misc.Unsafe is internal proprietary API and may be removed in a future release
[WARNING] /home/runner/work/sonar-analysis/sonar-analysis/project/flink-runtime/src/main/java/org/apache/flink/runtime/io/network/partition/PageSizeUtil.java:[103,32] sun.misc.Unsafe is internal proprietary API and may be removed in a future release
[WARNING] /home/runner/work/sonar-analysis/sonar-analysis/project/flink-runtime/src/main/java/org/apache/flink/runtime/io/network/partition/PageSizeUtil.java:[105,41] sun.misc.Unsafe is internal proprietary API and may be removed in a future release
[INFO] /home/runner/work/sonar-analysis/sonar-analysis/project/flink-runtime/src/main/java/org/apache/flink/runtime/rest/handler/legacy/files/StaticFileServerHandler.java: Some input files use or override a deprecated API.
[INFO] /home/runner/work/sonar-analysis/sonar-analysis/project/flink-runtime/src/main/java/org/apache/flink/runtime/rest/handler/legacy/files/StaticFileServerHandler.java: Recompile with -Xlint:deprecation for details.
[INFO] /home/runner/work/sonar-analysis/sonar-analysis/project/flink-runtime/src/main/java/org/apache/flink/runtime/rest/handler/AbstractHandler.java: Some input files use unchecked or unsafe operations.
[INFO] /home/runner/work/sonar-analysis/sonar-analysis/project/flink-runtime/src/main/java/org/apache/flink/runtime/rest/handler/AbstractHandler.java: Recompile with -Xlint:unchecked for details.
[INFO] 
[INFO] --- build-helper:1.7:add-test-source (add-test-source) @ flink-runtime_2.11 ---
[INFO] Test Source directory: /home/runner/work/sonar-analysis/sonar-analysis/project/flink-runtime/src/test/scala added.
[INFO] 
[INFO] --- resources:3.1.0:testResources (default-testResources) @ flink-runtime_2.11 ---
[INFO] Using 'UTF-8' encoding to copy filtered resources.
[INFO] Copying 25 resources
[INFO] Copying 3 resources
[INFO] 
[INFO] --- scala:3.2.2:testCompile (scala-test-compile) @ flink-runtime_2.11 ---
[WARNING] Plugin is modifying testCompileSourceRoots through add(), which will not work in Maven 4.0.0. Use MavenProject.addTestCompileSourceRoot()/removeTestCompileSourceRoot() methods instead. If using a plugin, please upgrade to the latest version or report the issue to the plugin maintainer. To disable these warnings, set -Dmaven.project.sourceRoots.warningsDisabled=true on the command line, in the .mvn/maven.config file, or in project POM properties.
[INFO] /home/runner/work/sonar-analysis/sonar-analysis/project/flink-runtime/src/test/java:-1: info: compiling
[INFO] /home/runner/work/sonar-analysis/sonar-analysis/project/flink-runtime/src/test/scala:-1: info: compiling
[INFO] Compiling 1054 source files to /home/runner/work/sonar-analysis/sonar-analysis/project/flink-runtime/target/test-classes at 1783245909660
[INFO] prepare-compile in 0 s
[INFO] compile in 6 s
[INFO] 
[INFO] --- compiler:3.8.0:testCompile (default-testCompile) @ flink-runtime_2.11 ---
[INFO] Compiling 1049 source files to /home/runner/work/sonar-analysis/sonar-analysis/project/flink-runtime/target/test-classes
[WARNING] /home/runner/work/sonar-analysis/sonar-analysis/project/flink-runtime/src/test/java/org/apache/flink/runtime/taskexecutor/TaskManagerRunnerConfigurationTest.java:[42,20] sun.net.util.IPAddressUtil is internal proprietary API and may be removed in a future release
[WARNING] /home/runner/work/sonar-analysis/sonar-analysis/project/flink-runtime/src/test/java/org/apache/flink/runtime/taskexecutor/TaskManagerRunnerConfigurationTest.java:[42,20] sun.net.util.IPAddressUtil is internal proprietary API and may be removed in a future release
[WARNING] /home/runner/work/sonar-analysis/sonar-analysis/project/flink-runtime/src/test/java/org/apache/flink/runtime/taskexecutor/TaskManagerRunnerConfigurationTest.java:[42,20] sun.net.util.IPAddressUtil is internal proprietary API and may be removed in a future release
[WARNING] /home/runner/work/sonar-analysis/sonar-analysis/project/flink-runtime/src/test/java/org/apache/flink/runtime/taskexecutor/TaskManagerRunnerConfigurationTest.java:[244,40] sun.net.util.IPAddressUtil is internal proprietary API and may be removed in a future release
[WARNING] /home/runner/work/sonar-analysis/sonar-analysis/project/flink-runtime/src/test/java/org/apache/flink/runtime/taskexecutor/TaskManagerRunnerConfigurationTest.java:[244,85] sun.net.util.IPAddressUtil is internal proprietary API and may be removed in a future release
[INFO] /home/runner/work/sonar-analysis/sonar-analysis/project/flink-runtime/src/test/java/org/apache/flink/runtime/checkpoint/hooks/MasterHooksTest.java: Some input files use or override a deprecated API.
[INFO] /home/runner/work/sonar-analysis/sonar-analysis/project/flink-runtime/src/test/java/org/apache/flink/runtime/checkpoint/hooks/MasterHooksTest.java: Recompile with -Xlint:deprecation for details.
[INFO] /home/runner/work/sonar-analysis/sonar-analysis/project/flink-runtime/src/test/java/org/apache/flink/runtime/operators/testutils/TestData.java: Some input files use unchecked or unsafe operations.
[INFO] /home/runner/work/sonar-analysis/sonar-analysis/project/flink-runtime/src/test/java/org/apache/flink/runtime/operators/testutils/TestData.java: Recompile with -Xlint:unchecked for details.
[INFO] 
[INFO] --- surefire:2.22.1:test (default-test) @ flink-runtime_2.11 ---
[INFO] Tests are skipped.
[INFO] 
[INFO] --- jar:2.4:jar (default-jar) @ flink-runtime_2.11 ---
[INFO] Building jar: /home/runner/work/sonar-analysis/sonar-analysis/project/flink-runtime/target/flink-runtime_2.11-1.12-SNAPSHOT.jar
[INFO] 
[INFO] --- jar:2.4:test-jar (default) @ flink-runtime_2.11 ---
[INFO] Building jar: /home/runner/work/sonar-analysis/sonar-analysis/project/flink-runtime/target/flink-runtime_2.11-1.12-SNAPSHOT-tests.jar
[INFO] 
[INFO] --- shade:3.2.1:shade (shade-flink) @ flink-runtime_2.11 ---
[INFO] Excluding org.apache.flink:flink-core:jar:1.12-SNAPSHOT from the shaded jar.
[INFO] Excluding org.apache.flink:flink-annotations:jar:1.12-SNAPSHOT from the shaded jar.
[INFO] Excluding org.apache.flink:flink-metrics-core:jar:1.12-SNAPSHOT from the shaded jar.
[INFO] Excluding org.apache.flink:flink-shaded-asm-7:jar:7.1-10.0 from the shaded jar.
[INFO] Excluding com.esotericsoftware.kryo:kryo:jar:2.24.0 from the shaded jar.
[INFO] Excluding com.esotericsoftware.minlog:minlog:jar:1.2 from the shaded jar.
[INFO] Excluding commons-collections:commons-collections:jar:3.2.2 from the shaded jar.
[INFO] Excluding org.apache.commons:commons-compress:jar:1.20 from the shaded jar.
[INFO] Excluding org.apache.flink:flink-java:jar:1.12-SNAPSHOT from the shaded jar.
[INFO] Excluding org.apache.commons:commons-math3:jar:3.5 from the shaded jar.
[INFO] Excluding org.apache.flink:flink-queryable-state-client-java:jar:1.12-SNAPSHOT from the shaded jar.
[INFO] Excluding org.apache.flink:flink-hadoop-fs:jar:1.12-SNAPSHOT from the shaded jar.
[INFO] Excluding org.apache.hadoop:hadoop-common:jar:2.4.1 from the shaded jar.
[INFO] Excluding org.apache.hadoop:hadoop-annotations:jar:2.4.1 from the shaded jar.
[INFO] Excluding com.google.guava:guava:jar:11.0.2 from the shaded jar.
[INFO] Excluding xmlenc:xmlenc:jar:0.52 from the shaded jar.
[INFO] Excluding commons-httpclient:commons-httpclient:jar:3.1 from the shaded jar.
[INFO] Excluding commons-codec:commons-codec:jar:1.10 from the shaded jar.
[INFO] Excluding commons-net:commons-net:jar:3.1 from the shaded jar.
[INFO] Excluding javax.servlet:servlet-api:jar:2.5 from the shaded jar.
[INFO] Excluding org.mortbay.jetty:jetty:jar:6.1.26 from the shaded jar.
[INFO] Excluding org.mortbay.jetty:jetty-util:jar:6.1.26 from the shaded jar.
[INFO] Excluding com.sun.jersey:jersey-core:jar:1.9 from the shaded jar.
[INFO] Excluding com.sun.jersey:jersey-json:jar:1.9 from the shaded jar.
[INFO] Excluding org.codehaus.jettison:jettison:jar:1.1 from the shaded jar.
[INFO] Excluding com.sun.xml.bind:jaxb-impl:jar:2.2.3-1 from the shaded jar.
[INFO] Excluding org.codehaus.jackson:jackson-jaxrs:jar:1.8.3 from the shaded jar.
[INFO] Excluding org.codehaus.jackson:jackson-xc:jar:1.8.3 from the shaded jar.
[INFO] Excluding com.sun.jersey:jersey-server:jar:1.9 from the shaded jar.
[INFO] Excluding asm:asm:jar:3.1 from the shaded jar.
[INFO] Excluding tomcat:jasper-compiler:jar:5.5.23 from the shaded jar.
[INFO] Excluding tomcat:jasper-runtime:jar:5.5.23 from the shaded jar.
[INFO] Excluding javax.servlet.jsp:jsp-api:jar:2.1 from the shaded jar.
[INFO] Excluding commons-el:commons-el:jar:1.0 from the shaded jar.
[INFO] Excluding commons-logging:commons-logging:jar:1.1.3 from the shaded jar.
[INFO] Excluding net.java.dev.jets3t:jets3t:jar:0.9.0 from the shaded jar.
[INFO] Excluding org.apache.httpcomponents:httpclient:jar:4.5.3 from the shaded jar.
[INFO] Excluding org.apache.httpcomponents:httpcore:jar:4.4.6 from the shaded jar.
[INFO] Excluding com.jamesmurty.utils:java-xmlbuilder:jar:0.4 from the shaded jar.
[INFO] Excluding commons-lang:commons-lang:jar:2.6 from the shaded jar.
[INFO] Excluding commons-configuration:commons-configuration:jar:1.7 from the shaded jar.
[INFO] Excluding commons-digester:commons-digester:jar:1.8.1 from the shaded jar.
[INFO] Excluding commons-beanutils:commons-beanutils:jar:1.8.3 from the shaded jar.
[INFO] Excluding org.codehaus.jackson:jackson-core-asl:jar:1.8.8 from the shaded jar.
[INFO] Excluding org.codehaus.jackson:jackson-mapper-asl:jar:1.8.8 from the shaded jar.
[INFO] Excluding org.apache.avro:avro:jar:1.8.2 from the shaded jar.
[INFO] Excluding com.thoughtworks.paranamer:paranamer:jar:2.7 from the shaded jar.
[INFO] Excluding org.tukaani:xz:jar:1.5 from the shaded jar.
[INFO] Excluding com.google.protobuf:protobuf-java:jar:2.5.0 from the shaded jar.
[INFO] Excluding org.apache.hadoop:hadoop-auth:jar:2.4.1 from the shaded jar.
[INFO] Excluding com.jcraft:jsch:jar:0.1.42 from the shaded jar.
[INFO] Excluding org.apache.zookeeper:zookeeper:jar:3.4.10 from the shaded jar.
[INFO] Excluding org.apache.hadoop:hadoop-hdfs:jar:2.4.1 from the shaded jar.
[INFO] Excluding commons-daemon:commons-daemon:jar:1.0.13 from the shaded jar.
[INFO] Excluding org.apache.hadoop:hadoop-mapreduce-client-core:jar:2.4.1 from the shaded jar.
[INFO] Excluding org.apache.hadoop:hadoop-yarn-common:jar:2.4.1 from the shaded jar.
[INFO] Excluding org.apache.hadoop:hadoop-yarn-api:jar:2.4.1 from the shaded jar.
[INFO] Excluding javax.xml.bind:jaxb-api:jar:2.3.1 from the shaded jar.
[INFO] Excluding javax.activation:javax.activation-api:jar:1.2.0 from the shaded jar.
[INFO] Excluding com.google.inject:guice:jar:3.0 from the shaded jar.
[INFO] Excluding javax.inject:javax.inject:jar:1 from the shaded jar.
[INFO] Excluding aopalliance:aopalliance:jar:1.0 from the shaded jar.
[INFO] Excluding com.sun.jersey.contribs:jersey-guice:jar:1.9 from the shaded jar.
[INFO] Excluding com.google.inject.extensions:guice-servlet:jar:3.0 from the shaded jar.
[INFO] Including io.netty:netty:jar:3.6.2.Final in the shaded jar.
[INFO] Excluding commons-io:commons-io:jar:2.4 from the shaded jar.
[INFO] Excluding org.apache.flink:flink-shaded-netty:jar:4.1.39.Final-10.0 from the shaded jar.
[INFO] Excluding org.apache.flink:flink-shaded-guava:jar:18.0-10.0 from the shaded jar.
[INFO] Excluding org.apache.flink:flink-shaded-jackson:jar:2.10.1-10.0 from the shaded jar.
[INFO] Excluding org.apache.flink:flink-shaded-zookeeper-3:jar:3.4.10-10.0 from the shaded jar.
[INFO] Excluding org.apache.commons:commons-lang3:jar:3.3.2 from the shaded jar.
[INFO] Excluding commons-cli:commons-cli:jar:1.3.1 from the shaded jar.
[INFO] Excluding org.javassist:javassist:jar:3.24.0-GA from the shaded jar.
[INFO] Excluding org.scala-lang:scala-library:jar:2.11.12 from the shaded jar.
[INFO] Excluding com.typesafe.akka:akka-actor_2.11:jar:2.5.21 from the shaded jar.
[INFO] Excluding com.typesafe:config:jar:1.3.0 from the shaded jar.
[INFO] Excluding org.scala-lang.modules:scala-java8-compat_2.11:jar:0.7.0 from the shaded jar.
[INFO] Including com.typesafe.akka:akka-remote_2.11:jar:2.5.21 in the shaded jar.
[INFO] Excluding com.typesafe.akka:akka-stream_2.11:jar:2.5.21 from the shaded jar.
[INFO] Excluding org.reactivestreams:reactive-streams:jar:1.0.2 from the shaded jar.
[INFO] Excluding com.typesafe:ssl-config-core_2.11:jar:0.3.7 from the shaded jar.
[INFO] Excluding com.typesafe.akka:akka-protobuf_2.11:jar:2.5.21 from the shaded jar.
[INFO] Excluding com.typesafe.akka:akka-slf4j_2.11:jar:2.5.21 from the shaded jar.
[INFO] Excluding org.clapper:grizzled-slf4j_2.11:jar:1.3.2 from the shaded jar.
[INFO] Excluding com.github.scopt:scopt_2.11:jar:3.5.0 from the shaded jar.
[INFO] Excluding org.xerial.snappy:snappy-java:jar:1.1.4 from the shaded jar.
[INFO] Excluding com.twitter:chill_2.11:jar:0.7.6 from the shaded jar.
[INFO] Excluding com.twitter:chill-java:jar:0.7.6 from the shaded jar.
[INFO] Excluding org.lz4:lz4-java:jar:1.5.0 from the shaded jar.
[INFO] Excluding org.scala-lang.modules:scala-parser-combinators_2.11:jar:1.1.1 from the shaded jar.
[INFO] Excluding com.github.oshi:oshi-core:jar:3.4.0 from the shaded jar.
[INFO] Excluding net.java.dev.jna:jna-platform:jar:4.2.2 from the shaded jar.
[INFO] Excluding net.java.dev.jna:jna:jar:4.2.2 from the shaded jar.
[INFO] Including org.apache.flink:force-shading:jar:1.12-SNAPSHOT in the shaded jar.
[INFO] Excluding org.slf4j:slf4j-api:jar:1.7.15 from the shaded jar.
[INFO] Excluding com.google.code.findbugs:jsr305:jar:1.3.9 from the shaded jar.
[INFO] Excluding org.objenesis:objenesis:jar:2.1 from the shaded jar.
[INFO] Replacing original artifact with shaded artifact.
[INFO] Replacing /home/runner/work/sonar-analysis/sonar-analysis/project/flink-runtime/target/flink-runtime_2.11-1.12-SNAPSHOT.jar with /home/runner/work/sonar-analysis/sonar-analysis/project/flink-runtime/target/flink-runtime_2.11-1.12-SNAPSHOT-shaded.jar
[INFO] Replacing original test artifact with shaded test artifact.
[INFO] Replacing /home/runner/work/sonar-analysis/sonar-analysis/project/flink-runtime/target/flink-runtime_2.11-1.12-SNAPSHOT-tests.jar with /home/runner/work/sonar-analysis/sonar-analysis/project/flink-runtime/target/flink-runtime_2.11-1.12-SNAPSHOT-shaded-tests.jar
[INFO] Dependency-reduced POM written at: /home/runner/work/sonar-analysis/sonar-analysis/project/flink-runtime/target/dependency-reduced-pom.xml
[INFO] 
[INFO] --- surefire:2.22.1:test (integration-tests) @ flink-runtime_2.11 ---
[INFO] Tests are skipped.
[INFO] 
[INFO] --- scalastyle:1.0.0:check (default) @ flink-runtime_2.11 ---
Saving to outputFile=/home/runner/work/sonar-analysis/sonar-analysis/project/flink-runtime/target/scalastyle-output.xml
Processed 14 file(s)
Found 0 errors
Found 0 warnings
Found 0 infos
Finished in 673 ms
[INFO] 
[INFO] --- install:2.5.2:install (default-install) @ flink-runtime_2.11 ---
[INFO] Installing /home/runner/work/sonar-analysis/sonar-analysis/project/flink-runtime/target/flink-runtime_2.11-1.12-SNAPSHOT.jar to /home/runner/.m2/repository/org/apache/flink/flink-runtime_2.11/1.12-SNAPSHOT/flink-runtime_2.11-1.12-SNAPSHOT.jar
[INFO] Installing /home/runner/work/sonar-analysis/sonar-analysis/project/flink-runtime/target/dependency-reduced-pom.xml to /home/runner/.m2/repository/org/apache/flink/flink-runtime_2.11/1.12-SNAPSHOT/flink-runtime_2.11-1.12-SNAPSHOT.pom
[INFO] Installing /home/runner/work/sonar-analysis/sonar-analysis/project/flink-runtime/target/flink-runtime_2.11-1.12-SNAPSHOT-tests.jar to /home/runner/.m2/repository/org/apache/flink/flink-runtime_2.11/1.12-SNAPSHOT/flink-runtime_2.11-1.12-SNAPSHOT-tests.jar
[INFO] Installing /home/runner/work/sonar-analysis/sonar-analysis/project/flink-runtime/target/flink-runtime_2.11-1.12-SNAPSHOT-tests.jar to /home/runner/.m2/repository/org/apache/flink/flink-runtime_2.11/1.12-SNAPSHOT/flink-runtime_2.11-1.12-SNAPSHOT-tests.jar
[INFO] 
[INFO] -----------------< org.apache.flink:flink-scala_2.11 >------------------
[INFO] Building flink-scala 1.12-SNAPSHOT                              [15/182]
[INFO]   from flink-scala/pom.xml
[INFO] --------------------------------[ jar ]---------------------------------
[INFO] 
[INFO] --- clean:3.1.0:clean (default-clean) @ flink-scala_2.11 ---
[INFO] Deleting /home/runner/work/sonar-analysis/sonar-analysis/project/flink-scala/target
[INFO] 
[INFO] --- checkstyle:2.17:check (validate) @ flink-scala_2.11 ---
[INFO] 
[INFO] --- enforcer:3.0.0-M1:enforce (enforce-maven-version) @ flink-scala_2.11 ---
[INFO] Skipping Rule Enforcement.
[INFO] 
[INFO] --- enforcer:3.0.0-M1:enforce (enforce-maven) @ flink-scala_2.11 ---
[INFO] Skipping Rule Enforcement.
[INFO] 
[INFO] --- enforcer:3.0.0-M1:enforce (ban-unsafe-jackson) @ flink-scala_2.11 ---
[INFO] Skipping Rule Enforcement.
[INFO] 
[INFO] --- enforcer:3.0.0-M1:enforce (forbid-log4j-1) @ flink-scala_2.11 ---
[INFO] Skipping Rule Enforcement.
[INFO] 
[INFO] --- enforcer:3.0.0-M1:enforce (enforce-versions) @ flink-scala_2.11 ---
[INFO] Skipping Rule Enforcement.
[INFO] 
[INFO] --- directory:0.1:highest-basedir (directories) @ flink-scala_2.11 ---
[INFO] Highest basedir set to: /home/runner/work/sonar-analysis/sonar-analysis/project
[INFO] 
[INFO] --- build-helper:1.7:add-source (add-source) @ flink-scala_2.11 ---
[INFO] Source directory: /home/runner/work/sonar-analysis/sonar-analysis/project/flink-scala/src/main/scala added.
[INFO] 
[INFO] --- remote-resources:1.5:process (process-resource-bundles) @ flink-scala_2.11 ---
[INFO] 
[INFO] --- resources:3.1.0:resources (default-resources) @ flink-scala_2.11 ---
[INFO] Using 'UTF-8' encoding to copy filtered resources.
[INFO] skip non existing resourceDirectory /home/runner/work/sonar-analysis/sonar-analysis/project/flink-scala/src/main/resources
[INFO] Copying 3 resources
[INFO] 
[INFO] --- scala:3.2.2:compile (scala-compile-first) @ flink-scala_2.11 ---
[INFO] /home/runner/work/sonar-analysis/sonar-analysis/project/flink-scala/src/main/java:-1: info: compiling
[INFO] /home/runner/work/sonar-analysis/sonar-analysis/project/flink-scala/src/main/scala:-1: info: compiling
[INFO] Compiling 64 source files to /home/runner/work/sonar-analysis/sonar-analysis/project/flink-scala/target/classes at 1783245929594
[WARNING] /home/runner/work/sonar-analysis/sonar-analysis/project/flink-scala/src/main/scala/org/apache/flink/api/scala/typeutils/ScalaCaseClassSerializer.scala:104: warning: abstract type pattern reflect.runtime.universe.MethodSymbol is unchecked since it is eliminated by erasure
[WARNING]         case constructorSymbol: universe.MethodSymbol if constructorSymbol.isPrimaryConstructor =>
[WARNING]                                          ^
[WARNING] warning: there were 51 deprecation warnings; re-run with -deprecation for details
[WARNING] warning: there were 9 feature warnings; re-run with -feature for details
[WARNING] three warnings found
[INFO] prepare-compile in 0 s
[INFO] compile in 14 s
[INFO] 
[INFO] --- compiler:3.8.0:compile (default-compile) @ flink-scala_2.11 ---
[INFO] Compiling 11 source files to /home/runner/work/sonar-analysis/sonar-analysis/project/flink-scala/target/classes
[INFO] /home/runner/work/sonar-analysis/sonar-analysis/project/flink-scala/src/main/java/org/apache/flink/api/scala/typeutils/TraversableSerializerConfigSnapshot.java: /home/runner/work/sonar-analysis/sonar-analysis/project/flink-scala/src/main/java/org/apache/flink/api/scala/typeutils/TraversableSerializerConfigSnapshot.java uses unchecked or unsafe operations.
[INFO] /home/runner/work/sonar-analysis/sonar-analysis/project/flink-scala/src/main/java/org/apache/flink/api/scala/typeutils/TraversableSerializerConfigSnapshot.java: Recompile with -Xlint:unchecked for details.
[INFO] 
[INFO] --- build-helper:1.7:add-test-source (add-test-source) @ flink-scala_2.11 ---
[INFO] Test Source directory: /home/runner/work/sonar-analysis/sonar-analysis/project/flink-scala/src/test/java added.
[INFO] Test Source directory: /home/runner/work/sonar-analysis/sonar-analysis/project/flink-scala/src/test/scala added.
[INFO] 
[INFO] --- resources:3.1.0:testResources (default-testResources) @ flink-scala_2.11 ---
[INFO] Using 'UTF-8' encoding to copy filtered resources.
[INFO] Copying 59 resources
[INFO] Copying 3 resources
[INFO] 
[INFO] --- scala:3.2.2:testCompile (scala-test-compile) @ flink-scala_2.11 ---
[WARNING] Plugin is modifying testCompileSourceRoots through add(), which will not work in Maven 4.0.0. Use MavenProject.addTestCompileSourceRoot()/removeTestCompileSourceRoot() methods instead. If using a plugin, please upgrade to the latest version or report the issue to the plugin maintainer. To disable these warnings, set -Dmaven.project.sourceRoots.warningsDisabled=true on the command line, in the .mvn/maven.config file, or in project POM properties.
[INFO] /home/runner/work/sonar-analysis/sonar-analysis/project/flink-scala/src/test/java:-1: info: compiling
[INFO] /home/runner/work/sonar-analysis/sonar-analysis/project/flink-scala/src/test/scala:-1: info: compiling
[INFO] Compiling 61 source files to /home/runner/work/sonar-analysis/sonar-analysis/project/flink-scala/target/test-classes at 1783245944364
[WARNING] /home/runner/work/sonar-analysis/sonar-analysis/project/flink-scala/src/test/scala/org/apache/flink/api/scala/typeutils/ScalaCaseClassSerializerTest.scala:32: warning: Type Any has no fields that are visible from Scala Type analysis. Falling back to Java Type Analysis (TypeExtractor).
[WARNING]   val serializer = createTypeInformation[SimpleCaseClass]
[WARNING]                                         ^
[WARNING] warning: there were 10 deprecation warnings; re-run with -deprecation for details
[WARNING] two warnings found
[INFO] prepare-compile in 0 s
[INFO] compile in 19 s
[INFO] 
[INFO] --- compiler:3.8.0:testCompile (default-testCompile) @ flink-scala_2.11 ---
[INFO] Compiling 4 source files to /home/runner/work/sonar-analysis/sonar-analysis/project/flink-scala/target/test-classes
[INFO] /home/runner/work/sonar-analysis/sonar-analysis/project/flink-scala/src/test/java/org/apache/flink/api/scala/typeutils/ScalaOptionSerializerSnapshotMigrationTest.java: Some input files use or override a deprecated API.
[INFO] /home/runner/work/sonar-analysis/sonar-analysis/project/flink-scala/src/test/java/org/apache/flink/api/scala/typeutils/ScalaOptionSerializerSnapshotMigrationTest.java: Recompile with -Xlint:deprecation for details.
[INFO] 
[INFO] --- surefire:2.22.1:test (default-test) @ flink-scala_2.11 ---
[INFO] Tests are skipped.
[INFO] 
[INFO] --- jar:2.4:jar (default-jar) @ flink-scala_2.11 ---
[INFO] Building jar: /home/runner/work/sonar-analysis/sonar-analysis/project/flink-scala/target/flink-scala_2.11-1.12-SNAPSHOT.jar
[INFO] 
[INFO] --- jar:2.4:test-jar (default) @ flink-scala_2.11 ---
[INFO] Building jar: /home/runner/work/sonar-analysis/sonar-analysis/project/flink-scala/target/flink-scala_2.11-1.12-SNAPSHOT-tests.jar
[INFO] 
[INFO] --- shade:3.2.1:shade (shade-flink) @ flink-scala_2.11 ---
[INFO] Excluding org.apache.flink:flink-core:jar:1.12-SNAPSHOT from the shaded jar.
[INFO] Excluding org.apache.flink:flink-annotations:jar:1.12-SNAPSHOT from the shaded jar.
[INFO] Excluding org.apache.flink:flink-metrics-core:jar:1.12-SNAPSHOT from the shaded jar.
[INFO] Excluding org.apache.commons:commons-lang3:jar:3.3.2 from the shaded jar.
[INFO] Excluding com.esotericsoftware.kryo:kryo:jar:2.24.0 from the shaded jar.
[INFO] Excluding com.esotericsoftware.minlog:minlog:jar:1.2 from the shaded jar.
[INFO] Excluding commons-collections:commons-collections:jar:3.2.2 from the shaded jar.
[INFO] Excluding org.apache.commons:commons-compress:jar:1.20 from the shaded jar.
[INFO] Excluding org.apache.flink:flink-shaded-guava:jar:18.0-10.0 from the shaded jar.
[INFO] Excluding org.apache.flink:flink-java:jar:1.12-SNAPSHOT from the shaded jar.
[INFO] Excluding org.apache.commons:commons-math3:jar:3.5 from the shaded jar.
[INFO] Excluding org.apache.flink:flink-shaded-asm-7:jar:7.1-10.0 from the shaded jar.
[INFO] Excluding org.scala-lang:scala-reflect:jar:2.11.12 from the shaded jar.
[INFO] Excluding org.scala-lang:scala-library:jar:2.11.12 from the shaded jar.
[INFO] Excluding org.scala-lang:scala-compiler:jar:2.11.12 from the shaded jar.
[INFO] Excluding org.scala-lang.modules:scala-xml_2.11:jar:1.0.5 from the shaded jar.
[INFO] Excluding org.scala-lang.modules:scala-parser-combinators_2.11:jar:1.1.1 from the shaded jar.
[INFO] Including org.apache.flink:force-shading:jar:1.12-SNAPSHOT in the shaded jar.
[INFO] Excluding org.slf4j:slf4j-api:jar:1.7.15 from the shaded jar.
[INFO] Excluding com.google.code.findbugs:jsr305:jar:1.3.9 from the shaded jar.
[INFO] Excluding org.objenesis:objenesis:jar:2.1 from the shaded jar.
[INFO] No artifact matching filter io.netty:netty
[INFO] Replacing original artifact with shaded artifact.
[INFO] Replacing /home/runner/work/sonar-analysis/sonar-analysis/project/flink-scala/target/flink-scala_2.11-1.12-SNAPSHOT.jar with /home/runner/work/sonar-analysis/sonar-analysis/project/flink-scala/target/flink-scala_2.11-1.12-SNAPSHOT-shaded.jar
[INFO] Replacing original test artifact with shaded test artifact.
[INFO] Replacing /home/runner/work/sonar-analysis/sonar-analysis/project/flink-scala/target/flink-scala_2.11-1.12-SNAPSHOT-tests.jar with /home/runner/work/sonar-analysis/sonar-analysis/project/flink-scala/target/flink-scala_2.11-1.12-SNAPSHOT-shaded-tests.jar
[INFO] Dependency-reduced POM written at: /home/runner/work/sonar-analysis/sonar-analysis/project/flink-scala/target/dependency-reduced-pom.xml
[INFO] 
[INFO] --- surefire:2.22.1:test (integration-tests) @ flink-scala_2.11 ---
[INFO] Tests are skipped.
[INFO] 
[INFO] --- scalastyle:1.0.0:check (default) @ flink-scala_2.11 ---
Saving to outputFile=/home/runner/work/sonar-analysis/sonar-analysis/project/flink-scala/target/scalastyle-output.xml
Processed 110 file(s)
Found 0 errors
Found 0 warnings
Found 0 infos
Finished in 1257 ms
[INFO] 
[INFO] --- japicmp:0.11.0:cmp (default) @ flink-scala_2.11 ---
[INFO] Written file '/home/runner/work/sonar-analysis/sonar-analysis/project/tools/japicmp-output/flink-scala_2.11/japicmp/japicmp.diff'.
[INFO] Written file '/home/runner/work/sonar-analysis/sonar-analysis/project/tools/japicmp-output/flink-scala_2.11/japicmp/japicmp.xml'.
[INFO] Written file '/home/runner/work/sonar-analysis/sonar-analysis/project/tools/japicmp-output/flink-scala_2.11/japicmp/japicmp.html'.
[INFO] 
[INFO] --- install:2.5.2:install (default-install) @ flink-scala_2.11 ---
[INFO] Installing /home/runner/work/sonar-analysis/sonar-analysis/project/flink-scala/target/flink-scala_2.11-1.12-SNAPSHOT.jar to /home/runner/.m2/repository/org/apache/flink/flink-scala_2.11/1.12-SNAPSHOT/flink-scala_2.11-1.12-SNAPSHOT.jar
[INFO] Installing /home/runner/work/sonar-analysis/sonar-analysis/project/flink-scala/target/dependency-reduced-pom.xml to /home/runner/.m2/repository/org/apache/flink/flink-scala_2.11/1.12-SNAPSHOT/flink-scala_2.11-1.12-SNAPSHOT.pom
[INFO] Installing /home/runner/work/sonar-analysis/sonar-analysis/project/flink-scala/target/flink-scala_2.11-1.12-SNAPSHOT-tests.jar to /home/runner/.m2/repository/org/apache/flink/flink-scala_2.11/1.12-SNAPSHOT/flink-scala_2.11-1.12-SNAPSHOT-tests.jar
[INFO] Installing /home/runner/work/sonar-analysis/sonar-analysis/project/flink-scala/target/flink-scala_2.11-1.12-SNAPSHOT-tests.jar to /home/runner/.m2/repository/org/apache/flink/flink-scala_2.11/1.12-SNAPSHOT/flink-scala_2.11-1.12-SNAPSHOT-tests.jar
[INFO] 
[INFO] -------------------< org.apache.flink:flink-mapr-fs >-------------------
[INFO] Building flink-mapr-fs 1.12-SNAPSHOT                            [16/182]
[INFO]   from flink-filesystems/flink-mapr-fs/pom.xml
[INFO] --------------------------------[ jar ]---------------------------------
[INFO] 
[INFO] --- clean:3.1.0:clean (default-clean) @ flink-mapr-fs ---
[INFO] Deleting /home/runner/work/sonar-analysis/sonar-analysis/project/flink-filesystems/flink-mapr-fs/target
[INFO] 
[INFO] --- checkstyle:2.17:check (validate) @ flink-mapr-fs ---
[INFO] 
[INFO] --- enforcer:3.0.0-M1:enforce (enforce-maven-version) @ flink-mapr-fs ---
[INFO] Skipping Rule Enforcement.
[INFO] 
[INFO] --- enforcer:3.0.0-M1:enforce (enforce-maven) @ flink-mapr-fs ---
[INFO] Skipping Rule Enforcement.
[INFO] 
[INFO] --- enforcer:3.0.0-M1:enforce (ban-unsafe-jackson) @ flink-mapr-fs ---
[INFO] Skipping Rule Enforcement.
[INFO] 
[INFO] --- enforcer:3.0.0-M1:enforce (forbid-log4j-1) @ flink-mapr-fs ---
[INFO] Skipping Rule Enforcement.
[INFO] 
[INFO] --- enforcer:3.0.0-M1:enforce (enforce-versions) @ flink-mapr-fs ---
[INFO] Skipping Rule Enforcement.
[INFO] 
[INFO] --- directory:0.1:highest-basedir (directories) @ flink-mapr-fs ---
[INFO] Highest basedir set to: /home/runner/work/sonar-analysis/sonar-analysis/project
[INFO] 
[INFO] --- remote-resources:1.5:process (process-resource-bundles) @ flink-mapr-fs ---
[INFO] 
[INFO] --- resources:3.1.0:resources (default-resources) @ flink-mapr-fs ---
[INFO] Using 'UTF-8' encoding to copy filtered resources.
[INFO] Copying 1 resource
[INFO] Copying 3 resources
[INFO] 
[INFO] --- compiler:3.8.0:compile (default-compile) @ flink-mapr-fs ---
[INFO] Compiling 1 source file to /home/runner/work/sonar-analysis/sonar-analysis/project/flink-filesystems/flink-mapr-fs/target/classes
[INFO] 
[INFO] --- resources:3.1.0:testResources (default-testResources) @ flink-mapr-fs ---
[INFO] Using 'UTF-8' encoding to copy filtered resources.
[INFO] Copying 1 resource
[INFO] Copying 3 resources
[INFO] 
[INFO] --- compiler:3.8.0:testCompile (default-testCompile) @ flink-mapr-fs ---
[INFO] Compiling 3 source files to /home/runner/work/sonar-analysis/sonar-analysis/project/flink-filesystems/flink-mapr-fs/target/test-classes
[INFO] /home/runner/work/sonar-analysis/sonar-analysis/project/flink-filesystems/flink-mapr-fs/src/test/java/org/apache/flink/runtime/fs/maprfs/MapRNotInClassPathTest.java: Some input files use or override a deprecated API.
[INFO] /home/runner/work/sonar-analysis/sonar-analysis/project/flink-filesystems/flink-mapr-fs/src/test/java/org/apache/flink/runtime/fs/maprfs/MapRNotInClassPathTest.java: Recompile with -Xlint:deprecation for details.
[INFO] 
[INFO] --- surefire:2.22.1:test (default-test) @ flink-mapr-fs ---
[INFO] Tests are skipped.
[INFO] 
[INFO] --- jar:2.4:jar (default-jar) @ flink-mapr-fs ---
[INFO] Building jar: /home/runner/work/sonar-analysis/sonar-analysis/project/flink-filesystems/flink-mapr-fs/target/flink-mapr-fs-1.12-SNAPSHOT.jar
[INFO] 
[INFO] --- shade:3.2.1:shade (shade-flink) @ flink-mapr-fs ---
[INFO] Excluding org.apache.flink:flink-core:jar:1.12-SNAPSHOT from the shaded jar.
[INFO] Excluding org.apache.flink:flink-annotations:jar:1.12-SNAPSHOT from the shaded jar.
[INFO] Excluding org.apache.flink:flink-metrics-core:jar:1.12-SNAPSHOT from the shaded jar.
[INFO] Excluding org.apache.flink:flink-shaded-asm-7:jar:7.1-10.0 from the shaded jar.
[INFO] Excluding org.apache.commons:commons-lang3:jar:3.3.2 from the shaded jar.
[INFO] Excluding com.esotericsoftware.kryo:kryo:jar:2.24.0 from the shaded jar.
[INFO] Excluding com.esotericsoftware.minlog:minlog:jar:1.2 from the shaded jar.
[INFO] Excluding commons-collections:commons-collections:jar:3.2.2 from the shaded jar.
[INFO] Excluding org.apache.commons:commons-compress:jar:1.20 from the shaded jar.
[INFO] Excluding org.apache.flink:flink-shaded-guava:jar:18.0-10.0 from the shaded jar.
[INFO] Excluding org.apache.flink:flink-hadoop-fs:jar:1.12-SNAPSHOT from the shaded jar.
[INFO] Excluding org.apache.hadoop:hadoop-common:jar:2.4.1 from the shaded jar.
[INFO] Excluding org.apache.hadoop:hadoop-annotations:jar:2.4.1 from the shaded jar.
[INFO] Excluding com.google.guava:guava:jar:11.0.2 from the shaded jar.
[INFO] Excluding commons-cli:commons-cli:jar:1.3.1 from the shaded jar.
[INFO] Excluding org.apache.commons:commons-math3:jar:3.5 from the shaded jar.
[INFO] Excluding xmlenc:xmlenc:jar:0.52 from the shaded jar.
[INFO] Excluding commons-httpclient:commons-httpclient:jar:3.1 from the shaded jar.
[INFO] Excluding commons-codec:commons-codec:jar:1.10 from the shaded jar.
[INFO] Excluding commons-io:commons-io:jar:2.4 from the shaded jar.
[INFO] Excluding commons-net:commons-net:jar:3.1 from the shaded jar.
[INFO] Excluding javax.servlet:servlet-api:jar:2.5 from the shaded jar.
[INFO] Excluding org.mortbay.jetty:jetty:jar:6.1.26 from the shaded jar.
[INFO] Excluding org.mortbay.jetty:jetty-util:jar:6.1.26 from the shaded jar.
[INFO] Excluding com.sun.jersey:jersey-core:jar:1.9 from the shaded jar.
[INFO] Excluding com.sun.jersey:jersey-json:jar:1.9 from the shaded jar.
[INFO] Excluding org.codehaus.jettison:jettison:jar:1.1 from the shaded jar.
[INFO] Excluding com.sun.xml.bind:jaxb-impl:jar:2.2.3-1 from the shaded jar.
[INFO] Excluding javax.xml.bind:jaxb-api:jar:2.3.1 from the shaded jar.
[INFO] Excluding javax.activation:javax.activation-api:jar:1.2.0 from the shaded jar.
[INFO] Excluding org.codehaus.jackson:jackson-jaxrs:jar:1.8.3 from the shaded jar.
[INFO] Excluding org.codehaus.jackson:jackson-xc:jar:1.8.3 from the shaded jar.
[INFO] Excluding com.sun.jersey:jersey-server:jar:1.9 from the shaded jar.
[INFO] Excluding asm:asm:jar:3.1 from the shaded jar.
[INFO] Excluding tomcat:jasper-compiler:jar:5.5.23 from the shaded jar.
[INFO] Excluding tomcat:jasper-runtime:jar:5.5.23 from the shaded jar.
[INFO] Excluding javax.servlet.jsp:jsp-api:jar:2.1 from the shaded jar.
[INFO] Excluding commons-el:commons-el:jar:1.0 from the shaded jar.
[INFO] Excluding commons-logging:commons-logging:jar:1.1.3 from the shaded jar.
[INFO] Excluding net.java.dev.jets3t:jets3t:jar:0.9.0 from the shaded jar.
[INFO] Excluding org.apache.httpcomponents:httpclient:jar:4.5.3 from the shaded jar.
[INFO] Excluding org.apache.httpcomponents:httpcore:jar:4.4.6 from the shaded jar.
[INFO] Excluding com.jamesmurty.utils:java-xmlbuilder:jar:0.4 from the shaded jar.
[INFO] Excluding commons-lang:commons-lang:jar:2.6 from the shaded jar.
[INFO] Excluding commons-configuration:commons-configuration:jar:1.7 from the shaded jar.
[INFO] Excluding commons-digester:commons-digester:jar:1.8.1 from the shaded jar.
[INFO] Excluding commons-beanutils:commons-beanutils:jar:1.8.3 from the shaded jar.
[INFO] Excluding org.codehaus.jackson:jackson-core-asl:jar:1.8.8 from the shaded jar.
[INFO] Excluding org.codehaus.jackson:jackson-mapper-asl:jar:1.8.8 from the shaded jar.
[INFO] Excluding org.apache.avro:avro:jar:1.8.2 from the shaded jar.
[INFO] Excluding com.thoughtworks.paranamer:paranamer:jar:2.7 from the shaded jar.
[INFO] Excluding org.xerial.snappy:snappy-java:jar:1.1.4 from the shaded jar.
[INFO] Excluding org.tukaani:xz:jar:1.5 from the shaded jar.
[INFO] Excluding com.google.protobuf:protobuf-java:jar:2.5.0 from the shaded jar.
[INFO] Excluding org.apache.hadoop:hadoop-auth:jar:2.4.1 from the shaded jar.
[INFO] Excluding com.jcraft:jsch:jar:0.1.42 from the shaded jar.
[INFO] Excluding org.apache.zookeeper:zookeeper:jar:3.4.10 from the shaded jar.
[INFO] Excluding org.apache.hadoop:hadoop-hdfs:jar:2.4.1 from the shaded jar.
[INFO] Excluding commons-daemon:commons-daemon:jar:1.0.13 from the shaded jar.
[INFO] Including org.apache.flink:force-shading:jar:1.12-SNAPSHOT in the shaded jar.
[INFO] Excluding org.objenesis:objenesis:jar:2.1 from the shaded jar.
[INFO] No artifact matching filter io.netty:netty
[INFO] Replacing original artifact with shaded artifact.
[INFO] Replacing /home/runner/work/sonar-analysis/sonar-analysis/project/flink-filesystems/flink-mapr-fs/target/flink-mapr-fs-1.12-SNAPSHOT.jar with /home/runner/work/sonar-analysis/sonar-analysis/project/flink-filesystems/flink-mapr-fs/target/flink-mapr-fs-1.12-SNAPSHOT-shaded.jar
[INFO] Replacing original test artifact with shaded test artifact.
[INFO] Replacing /home/runner/work/sonar-analysis/sonar-analysis/project/flink-filesystems/flink-mapr-fs/target/flink-mapr-fs-1.12-SNAPSHOT-tests.jar with /home/runner/work/sonar-analysis/sonar-analysis/project/flink-filesystems/flink-mapr-fs/target/flink-mapr-fs-1.12-SNAPSHOT-shaded-tests.jar
[INFO] Dependency-reduced POM written at: /home/runner/work/sonar-analysis/sonar-analysis/project/flink-filesystems/flink-mapr-fs/target/dependency-reduced-pom.xml
[INFO] 
[INFO] --- surefire:2.22.1:test (integration-tests) @ flink-mapr-fs ---
[INFO] Tests are skipped.
[INFO] 
[INFO] --- install:2.5.2:install (default-install) @ flink-mapr-fs ---
[INFO] Installing /home/runner/work/sonar-analysis/sonar-analysis/project/flink-filesystems/flink-mapr-fs/target/flink-mapr-fs-1.12-SNAPSHOT.jar to /home/runner/.m2/repository/org/apache/flink/flink-mapr-fs/1.12-SNAPSHOT/flink-mapr-fs-1.12-SNAPSHOT.jar
[INFO] Installing /home/runner/work/sonar-analysis/sonar-analysis/project/flink-filesystems/flink-mapr-fs/target/dependency-reduced-pom.xml to /home/runner/.m2/repository/org/apache/flink/flink-mapr-fs/1.12-SNAPSHOT/flink-mapr-fs-1.12-SNAPSHOT.pom
[INFO] Installing /home/runner/work/sonar-analysis/sonar-analysis/project/flink-filesystems/flink-mapr-fs/target/flink-mapr-fs-1.12-SNAPSHOT-tests.jar to /home/runner/.m2/repository/org/apache/flink/flink-mapr-fs/1.12-SNAPSHOT/flink-mapr-fs-1.12-SNAPSHOT-tests.jar
[INFO] 
[INFO] --------------< org.apache.flink:flink-fs-hadoop-shaded >---------------
[INFO] Building flink-filesystems :: flink-fs-hadoop-shaded 1.12-SNAPSHOT [17/182]
[INFO]   from flink-filesystems/flink-fs-hadoop-shaded/pom.xml
[INFO] --------------------------------[ jar ]---------------------------------
[INFO] 
[INFO] --- clean:3.1.0:clean (default-clean) @ flink-fs-hadoop-shaded ---
[INFO] Deleting /home/runner/work/sonar-analysis/sonar-analysis/project/flink-filesystems/flink-fs-hadoop-shaded/target
[INFO] 
[INFO] --- checkstyle:2.17:check (validate) @ flink-fs-hadoop-shaded ---
[INFO] 
[INFO] --- enforcer:3.0.0-M1:enforce (enforce-maven-version) @ flink-fs-hadoop-shaded ---
[INFO] Skipping Rule Enforcement.
[INFO] 
[INFO] --- enforcer:3.0.0-M1:enforce (enforce-maven) @ flink-fs-hadoop-shaded ---
[INFO] Skipping Rule Enforcement.
[INFO] 
[INFO] --- enforcer:3.0.0-M1:enforce (ban-unsafe-jackson) @ flink-fs-hadoop-shaded ---
[INFO] Skipping Rule Enforcement.
[INFO] 
[INFO] --- enforcer:3.0.0-M1:enforce (forbid-log4j-1) @ flink-fs-hadoop-shaded ---
[INFO] Skipping Rule Enforcement.
[INFO] 
[INFO] --- enforcer:3.0.0-M1:enforce (enforce-versions) @ flink-fs-hadoop-shaded ---
[INFO] Skipping Rule Enforcement.
[INFO] 
[INFO] --- directory:0.1:highest-basedir (directories) @ flink-fs-hadoop-shaded ---
[INFO] Highest basedir set to: /home/runner/work/sonar-analysis/sonar-analysis/project
[INFO] 
[INFO] --- remote-resources:1.5:process (process-resource-bundles) @ flink-fs-hadoop-shaded ---
[INFO] 
[INFO] --- resources:3.1.0:resources (default-resources) @ flink-fs-hadoop-shaded ---
[INFO] Using 'UTF-8' encoding to copy filtered resources.
[INFO] Copying 3 resources
[INFO] Copying 3 resources
[INFO] 
[INFO] --- compiler:3.8.0:compile (default-compile) @ flink-fs-hadoop-shaded ---
[INFO] Compiling 3 source files to /home/runner/work/sonar-analysis/sonar-analysis/project/flink-filesystems/flink-fs-hadoop-shaded/target/classes
[INFO] 
[INFO] --- resources:3.1.0:testResources (default-testResources) @ flink-fs-hadoop-shaded ---
[INFO] Using 'UTF-8' encoding to copy filtered resources.
[INFO] Copying 2 resources
[INFO] Copying 3 resources
[INFO] 
[INFO] --- compiler:3.8.0:testCompile (default-testCompile) @ flink-fs-hadoop-shaded ---
[INFO] No sources to compile
[INFO] 
[INFO] --- surefire:2.22.1:test (default-test) @ flink-fs-hadoop-shaded ---
[INFO] Tests are skipped.
[INFO] 
[INFO] --- jar:2.4:jar (default-jar) @ flink-fs-hadoop-shaded ---
[INFO] Building jar: /home/runner/work/sonar-analysis/sonar-analysis/project/flink-filesystems/flink-fs-hadoop-shaded/target/flink-fs-hadoop-shaded-1.12-SNAPSHOT.jar
[INFO] 
[INFO] --- jar:2.4:test-jar (default) @ flink-fs-hadoop-shaded ---
[INFO] Building jar: /home/runner/work/sonar-analysis/sonar-analysis/project/flink-filesystems/flink-fs-hadoop-shaded/target/flink-fs-hadoop-shaded-1.12-SNAPSHOT-tests.jar
[INFO] 
[INFO] --- shade:3.2.1:shade (shade-flink) @ flink-fs-hadoop-shaded ---
[INFO] Including org.apache.hadoop:hadoop-common:jar:3.1.0 in the shaded jar.
[INFO] Including org.apache.hadoop:hadoop-annotations:jar:3.1.0 in the shaded jar.
[INFO] Including com.google.guava:guava:jar:11.0.2 in the shaded jar.
[INFO] Including commons-io:commons-io:jar:2.4 in the shaded jar.
[INFO] Including commons-collections:commons-collections:jar:3.2.2 in the shaded jar.
[INFO] Including commons-logging:commons-logging:jar:1.1.3 in the shaded jar.
[INFO] Including commons-lang:commons-lang:jar:2.6 in the shaded jar.
[INFO] Including commons-beanutils:commons-beanutils:jar:1.9.3 in the shaded jar.
[INFO] Including org.apache.commons:commons-configuration2:jar:2.1.1 in the shaded jar.
[INFO] Including org.apache.commons:commons-lang3:jar:3.3.2 in the shaded jar.
[INFO] Including com.google.re2j:re2j:jar:1.1 in the shaded jar.
[INFO] Including org.apache.hadoop:hadoop-auth:jar:3.1.0 in the shaded jar.
[INFO] Including org.apache.htrace:htrace-core4:jar:4.1.0-incubating in the shaded jar.
[INFO] Including com.fasterxml.jackson.core:jackson-databind:jar:2.10.1 in the shaded jar.
[INFO] Including com.fasterxml.jackson.core:jackson-annotations:jar:2.10.1 in the shaded jar.
[INFO] Including com.fasterxml.jackson.core:jackson-core:jar:2.10.1 in the shaded jar.
[INFO] Including org.codehaus.woodstox:stax2-api:jar:3.1.4 in the shaded jar.
[INFO] Including com.fasterxml.woodstox:woodstox-core:jar:5.0.3 in the shaded jar.
[INFO] Including org.apache.flink:force-shading:jar:1.12-SNAPSHOT in the shaded jar.
[INFO] No artifact matching filter io.netty:netty
[WARNING] Discovered module-info.class. Shading will break its strong encapsulation.
[WARNING] Discovered module-info.class. Shading will break its strong encapsulation.
[WARNING] Discovered module-info.class. Shading will break its strong encapsulation.
[INFO] Replacing original artifact with shaded artifact.
[INFO] Replacing /home/runner/work/sonar-analysis/sonar-analysis/project/flink-filesystems/flink-fs-hadoop-shaded/target/flink-fs-hadoop-shaded-1.12-SNAPSHOT.jar with /home/runner/work/sonar-analysis/sonar-analysis/project/flink-filesystems/flink-fs-hadoop-shaded/target/flink-fs-hadoop-shaded-1.12-SNAPSHOT-shaded.jar
[INFO] Dependency-reduced POM written at: /home/runner/work/sonar-analysis/sonar-analysis/project/flink-filesystems/flink-fs-hadoop-shaded/target/dependency-reduced-pom.xml
[INFO] 
[INFO] --- surefire:2.22.1:test (integration-tests) @ flink-fs-hadoop-shaded ---
[INFO] Tests are skipped.
[INFO] 
[INFO] --- install:2.5.2:install (default-install) @ flink-fs-hadoop-shaded ---
[INFO] Installing /home/runner/work/sonar-analysis/sonar-analysis/project/flink-filesystems/flink-fs-hadoop-shaded/target/flink-fs-hadoop-shaded-1.12-SNAPSHOT.jar to /home/runner/.m2/repository/org/apache/flink/flink-fs-hadoop-shaded/1.12-SNAPSHOT/flink-fs-hadoop-shaded-1.12-SNAPSHOT.jar
[INFO] Installing /home/runner/work/sonar-analysis/sonar-analysis/project/flink-filesystems/flink-fs-hadoop-shaded/target/dependency-reduced-pom.xml to /home/runner/.m2/repository/org/apache/flink/flink-fs-hadoop-shaded/1.12-SNAPSHOT/flink-fs-hadoop-shaded-1.12-SNAPSHOT.pom
[INFO] Installing /home/runner/work/sonar-analysis/sonar-analysis/project/flink-filesystems/flink-fs-hadoop-shaded/target/flink-fs-hadoop-shaded-1.12-SNAPSHOT-tests.jar to /home/runner/.m2/repository/org/apache/flink/flink-fs-hadoop-shaded/1.12-SNAPSHOT/flink-fs-hadoop-shaded-1.12-SNAPSHOT-tests.jar
[INFO] 
[INFO] -----------------< org.apache.flink:flink-s3-fs-base >------------------
[INFO] Building flink-s3-fs-base 1.12-SNAPSHOT                         [18/182]
[INFO]   from flink-filesystems/flink-s3-fs-base/pom.xml
[INFO] --------------------------------[ jar ]---------------------------------
[INFO] 
[INFO] --- clean:3.1.0:clean (default-clean) @ flink-s3-fs-base ---
[INFO] Deleting /home/runner/work/sonar-analysis/sonar-analysis/project/flink-filesystems/flink-s3-fs-base/target
[INFO] 
[INFO] --- checkstyle:2.17:check (validate) @ flink-s3-fs-base ---
[INFO] 
[INFO] --- enforcer:3.0.0-M1:enforce (enforce-maven-version) @ flink-s3-fs-base ---
[INFO] Skipping Rule Enforcement.
[INFO] 
[INFO] --- enforcer:3.0.0-M1:enforce (enforce-maven) @ flink-s3-fs-base ---
[INFO] Skipping Rule Enforcement.
[INFO] 
[INFO] --- enforcer:3.0.0-M1:enforce (ban-unsafe-jackson) @ flink-s3-fs-base ---
[INFO] Skipping Rule Enforcement.
[INFO] 
[INFO] --- enforcer:3.0.0-M1:enforce (forbid-log4j-1) @ flink-s3-fs-base ---
[INFO] Skipping Rule Enforcement.
[INFO] 
[INFO] --- enforcer:3.0.0-M1:enforce (enforce-versions) @ flink-s3-fs-base ---
[INFO] Skipping Rule Enforcement.
[INFO] 
[INFO] --- directory:0.1:highest-basedir (directories) @ flink-s3-fs-base ---
[INFO] Highest basedir set to: /home/runner/work/sonar-analysis/sonar-analysis/project
[INFO] 
[INFO] --- remote-resources:1.5:process (process-resource-bundles) @ flink-s3-fs-base ---
[INFO] 
[INFO] --- resources:3.1.0:resources (default-resources) @ flink-s3-fs-base ---
[INFO] Using 'UTF-8' encoding to copy filtered resources.
[INFO] skip non existing resourceDirectory /home/runner/work/sonar-analysis/sonar-analysis/project/flink-filesystems/flink-s3-fs-base/src/main/resources
[INFO] Copying 3 resources
[INFO] 
[INFO] --- compiler:3.8.0:compile (default-compile) @ flink-s3-fs-base ---
[INFO] Compiling 20 source files to /home/runner/work/sonar-analysis/sonar-analysis/project/flink-filesystems/flink-s3-fs-base/target/classes
[INFO] /home/runner/work/sonar-analysis/sonar-analysis/project/flink-filesystems/flink-s3-fs-base/src/main/java/org/apache/flink/fs/s3/common/AbstractS3FileSystemFactory.java: Some input files use or override a deprecated API.
[INFO] /home/runner/work/sonar-analysis/sonar-analysis/project/flink-filesystems/flink-s3-fs-base/src/main/java/org/apache/flink/fs/s3/common/AbstractS3FileSystemFactory.java: Recompile with -Xlint:deprecation for details.
[INFO] 
[INFO] --- resources:3.1.0:testResources (default-testResources) @ flink-s3-fs-base ---
[INFO] Using 'UTF-8' encoding to copy filtered resources.
[INFO] Copying 1 resource
[INFO] Copying 3 resources
[INFO] 
[INFO] --- compiler:3.8.0:testCompile (default-testCompile) @ flink-s3-fs-base ---
[INFO] Compiling 7 source files to /home/runner/work/sonar-analysis/sonar-analysis/project/flink-filesystems/flink-s3-fs-base/target/test-classes
[INFO] 
[INFO] --- surefire:2.22.1:test (default-test) @ flink-s3-fs-base ---
[INFO] Tests are skipped.
[INFO] 
[INFO] --- jar:2.4:jar (default-jar) @ flink-s3-fs-base ---
[INFO] Building jar: /home/runner/work/sonar-analysis/sonar-analysis/project/flink-filesystems/flink-s3-fs-base/target/flink-s3-fs-base-1.12-SNAPSHOT.jar
[INFO] 
[INFO] --- shade:3.2.1:shade (shade-flink) @ flink-s3-fs-base ---
[INFO] Excluding org.apache.commons:commons-lang3:jar:3.3.2 from the shaded jar.
[INFO] Excluding commons-collections:commons-collections:jar:3.2.2 from the shaded jar.
[INFO] Excluding org.apache.hadoop:hadoop-common:jar:3.1.0 from the shaded jar.
[INFO] Excluding org.apache.hadoop:hadoop-annotations:jar:3.1.0 from the shaded jar.
[INFO] Excluding com.google.guava:guava:jar:11.0.2 from the shaded jar.
[INFO] Excluding commons-io:commons-io:jar:2.4 from the shaded jar.
[INFO] Excluding commons-logging:commons-logging:jar:1.1.3 from the shaded jar.
[INFO] Excluding commons-lang:commons-lang:jar:2.6 from the shaded jar.
[INFO] Excluding commons-beanutils:commons-beanutils:jar:1.9.3 from the shaded jar.
[INFO] Excluding org.apache.commons:commons-configuration2:jar:2.1.1 from the shaded jar.
[INFO] Excluding com.google.re2j:re2j:jar:1.1 from the shaded jar.
[INFO] Excluding org.apache.hadoop:hadoop-auth:jar:3.1.0 from the shaded jar.
[INFO] Excluding org.apache.htrace:htrace-core4:jar:4.1.0-incubating from the shaded jar.
[INFO] Excluding com.fasterxml.jackson.core:jackson-databind:jar:2.10.1 from the shaded jar.
[INFO] Excluding com.fasterxml.jackson.core:jackson-annotations:jar:2.10.1 from the shaded jar.
[INFO] Excluding com.fasterxml.jackson.core:jackson-core:jar:2.10.1 from the shaded jar.
[INFO] Excluding org.codehaus.woodstox:stax2-api:jar:3.1.4 from the shaded jar.
[INFO] Excluding com.fasterxml.woodstox:woodstox-core:jar:5.0.3 from the shaded jar.
[INFO] Excluding org.apache.flink:flink-hadoop-fs:jar:1.12-SNAPSHOT from the shaded jar.
[INFO] Excluding com.amazonaws:aws-java-sdk-core:jar:1.11.754 from the shaded jar.
[INFO] Excluding org.apache.httpcomponents:httpclient:jar:4.5.3 from the shaded jar.
[INFO] Excluding org.apache.httpcomponents:httpcore:jar:4.4.6 from the shaded jar.
[INFO] Excluding commons-codec:commons-codec:jar:1.10 from the shaded jar.
[INFO] Excluding software.amazon.ion:ion-java:jar:1.0.2 from the shaded jar.
[INFO] Excluding com.fasterxml.jackson.dataformat:jackson-dataformat-cbor:jar:2.10.1 from the shaded jar.
[INFO] Excluding joda-time:joda-time:jar:2.5 from the shaded jar.
[INFO] Excluding com.amazonaws:aws-java-sdk-s3:jar:1.11.754 from the shaded jar.
[INFO] Excluding com.amazonaws:jmespath-java:jar:1.11.754 from the shaded jar.
[INFO] Excluding com.amazonaws:aws-java-sdk-kms:jar:1.11.754 from the shaded jar.
[INFO] Excluding com.amazonaws:aws-java-sdk-dynamodb:jar:1.11.754 from the shaded jar.
[INFO] Excluding com.amazonaws:aws-java-sdk-sts:jar:1.11.754 from the shaded jar.
[INFO] Excluding org.apache.hadoop:hadoop-aws:jar:3.1.0 from the shaded jar.
[INFO] Including org.apache.flink:force-shading:jar:1.12-SNAPSHOT in the shaded jar.
[INFO] No artifact matching filter io.netty:netty
[INFO] Replacing original artifact with shaded artifact.
[INFO] Replacing /home/runner/work/sonar-analysis/sonar-analysis/project/flink-filesystems/flink-s3-fs-base/target/flink-s3-fs-base-1.12-SNAPSHOT.jar with /home/runner/work/sonar-analysis/sonar-analysis/project/flink-filesystems/flink-s3-fs-base/target/flink-s3-fs-base-1.12-SNAPSHOT-shaded.jar
[INFO] Replacing original test artifact with shaded test artifact.
[INFO] Replacing /home/runner/work/sonar-analysis/sonar-analysis/project/flink-filesystems/flink-s3-fs-base/target/flink-s3-fs-base-1.12-SNAPSHOT-tests.jar with /home/runner/work/sonar-analysis/sonar-analysis/project/flink-filesystems/flink-s3-fs-base/target/flink-s3-fs-base-1.12-SNAPSHOT-shaded-tests.jar
[INFO] Dependency-reduced POM written at: /home/runner/work/sonar-analysis/sonar-analysis/project/flink-filesystems/flink-s3-fs-base/target/dependency-reduced-pom.xml
[INFO] 
[INFO] --- surefire:2.22.1:test (integration-tests) @ flink-s3-fs-base ---
[INFO] Tests are skipped.
[INFO] 
[INFO] --- install:2.5.2:install (default-install) @ flink-s3-fs-base ---
[INFO] Installing /home/runner/work/sonar-analysis/sonar-analysis/project/flink-filesystems/flink-s3-fs-base/target/flink-s3-fs-base-1.12-SNAPSHOT.jar to /home/runner/.m2/repository/org/apache/flink/flink-s3-fs-base/1.12-SNAPSHOT/flink-s3-fs-base-1.12-SNAPSHOT.jar
[INFO] Installing /home/runner/work/sonar-analysis/sonar-analysis/project/flink-filesystems/flink-s3-fs-base/target/dependency-reduced-pom.xml to /home/runner/.m2/repository/org/apache/flink/flink-s3-fs-base/1.12-SNAPSHOT/flink-s3-fs-base-1.12-SNAPSHOT.pom
[INFO] Installing /home/runner/work/sonar-analysis/sonar-analysis/project/flink-filesystems/flink-s3-fs-base/target/flink-s3-fs-base-1.12-SNAPSHOT-tests.jar to /home/runner/.m2/repository/org/apache/flink/flink-s3-fs-base/1.12-SNAPSHOT/flink-s3-fs-base-1.12-SNAPSHOT-tests.jar
[INFO] 
[INFO] ----------------< org.apache.flink:flink-s3-fs-hadoop >-----------------
[INFO] Building flink-s3-fs-hadoop 1.12-SNAPSHOT                       [19/182]
[INFO]   from flink-filesystems/flink-s3-fs-hadoop/pom.xml
[INFO] --------------------------------[ jar ]---------------------------------
[INFO] 
[INFO] --- clean:3.1.0:clean (default-clean) @ flink-s3-fs-hadoop ---
[INFO] Deleting /home/runner/work/sonar-analysis/sonar-analysis/project/flink-filesystems/flink-s3-fs-hadoop/target
[INFO] 
[INFO] --- checkstyle:2.17:check (validate) @ flink-s3-fs-hadoop ---
[INFO] 
[INFO] --- enforcer:3.0.0-M1:enforce (enforce-maven-version) @ flink-s3-fs-hadoop ---
[INFO] Skipping Rule Enforcement.
[INFO] 
[INFO] --- enforcer:3.0.0-M1:enforce (enforce-maven) @ flink-s3-fs-hadoop ---
[INFO] Skipping Rule Enforcement.
[INFO] 
[INFO] --- enforcer:3.0.0-M1:enforce (ban-unsafe-jackson) @ flink-s3-fs-hadoop ---
[INFO] Skipping Rule Enforcement.
[INFO] 
[INFO] --- enforcer:3.0.0-M1:enforce (forbid-log4j-1) @ flink-s3-fs-hadoop ---
[INFO] Skipping Rule Enforcement.
[INFO] 
[INFO] --- enforcer:3.0.0-M1:enforce (enforce-versions) @ flink-s3-fs-hadoop ---
[INFO] Skipping Rule Enforcement.
[INFO] 
[INFO] --- directory:0.1:highest-basedir (directories) @ flink-s3-fs-hadoop ---
[INFO] Highest basedir set to: /home/runner/work/sonar-analysis/sonar-analysis/project
[INFO] 
[INFO] --- remote-resources:1.5:process (process-resource-bundles) @ flink-s3-fs-hadoop ---
[INFO] 
[INFO] --- resources:3.1.0:resources (default-resources) @ flink-s3-fs-hadoop ---
[INFO] Using 'UTF-8' encoding to copy filtered resources.
[INFO] Copying 5 resources
[INFO] Copying 3 resources
[INFO] 
[INFO] --- dependency:3.1.1:copy (copy-javax-jars) @ flink-s3-fs-hadoop ---
[INFO] Configured Artifact: javax.xml.bind:jaxb-api:2.3.1:jar
[INFO] Copying jaxb-api-2.3.1.jar to /home/runner/work/sonar-analysis/sonar-analysis/project/flink-filesystems/flink-s3-fs-hadoop/target/temporary/jaxb-api-2.3.1.jar
[INFO] 
[INFO] --- antrun:1.8:run (unpack-javax-libraries) @ flink-s3-fs-hadoop ---
[INFO] Executing tasks

main:
     [echo] unpacking javax jars
    [unzip] Expanding: /home/runner/work/sonar-analysis/sonar-analysis/project/flink-filesystems/flink-s3-fs-hadoop/target/temporary/jaxb-api-2.3.1.jar into /home/runner/work/sonar-analysis/sonar-analysis/project/flink-filesystems/flink-s3-fs-hadoop/target/classes/META-INF/versions/11
[INFO] Executed tasks
[INFO] 
[INFO] --- compiler:3.8.0:compile (default-compile) @ flink-s3-fs-hadoop ---
[INFO] Compiling 3 source files to /home/runner/work/sonar-analysis/sonar-analysis/project/flink-filesystems/flink-s3-fs-hadoop/target/classes
[INFO] 
[INFO] --- resources:3.1.0:testResources (default-testResources) @ flink-s3-fs-hadoop ---
[INFO] Using 'UTF-8' encoding to copy filtered resources.
[INFO] Copying 1 resource
[INFO] Copying 3 resources
[INFO] 
[INFO] --- compiler:3.8.0:testCompile (default-testCompile) @ flink-s3-fs-hadoop ---
[INFO] Compiling 6 source files to /home/runner/work/sonar-analysis/sonar-analysis/project/flink-filesystems/flink-s3-fs-hadoop/target/test-classes
[INFO] /home/runner/work/sonar-analysis/sonar-analysis/project/flink-filesystems/flink-s3-fs-hadoop/src/test/java/org/apache/flink/fs/s3hadoop/HadoopS3FileSystemBehaviorITCase.java: Some input files use or override a deprecated API.
[INFO] /home/runner/work/sonar-analysis/sonar-analysis/project/flink-filesystems/flink-s3-fs-hadoop/src/test/java/org/apache/flink/fs/s3hadoop/HadoopS3FileSystemBehaviorITCase.java: Recompile with -Xlint:deprecation for details.
[INFO] 
[INFO] --- surefire:2.22.1:test (default-test) @ flink-s3-fs-hadoop ---
[INFO] Tests are skipped.
[INFO] 
[INFO] --- jar:2.4:jar (default-jar) @ flink-s3-fs-hadoop ---
[INFO] Building jar: /home/runner/work/sonar-analysis/sonar-analysis/project/flink-filesystems/flink-s3-fs-hadoop/target/flink-s3-fs-hadoop-1.12-SNAPSHOT.jar
[INFO] 
[INFO] --- jar:2.4:jar (default) @ flink-s3-fs-hadoop ---
[INFO] 
[INFO] --- shade:3.2.1:shade (shade-flink) @ flink-s3-fs-hadoop ---
[INFO] Including org.apache.commons:commons-lang3:jar:3.3.2 in the shaded jar.
[INFO] Including commons-collections:commons-collections:jar:3.2.2 in the shaded jar.
[INFO] Including org.apache.flink:flink-s3-fs-base:jar:1.12-SNAPSHOT in the shaded jar.
[INFO] Including org.apache.hadoop:hadoop-common:jar:3.1.0 in the shaded jar.
[INFO] Including org.apache.hadoop:hadoop-annotations:jar:3.1.0 in the shaded jar.
[INFO] Including com.google.guava:guava:jar:11.0.2 in the shaded jar.
[INFO] Including commons-io:commons-io:jar:2.4 in the shaded jar.
[INFO] Including commons-logging:commons-logging:jar:1.1.3 in the shaded jar.
[INFO] Including commons-lang:commons-lang:jar:2.6 in the shaded jar.
[INFO] Including commons-beanutils:commons-beanutils:jar:1.9.3 in the shaded jar.
[INFO] Including org.apache.commons:commons-configuration2:jar:2.1.1 in the shaded jar.
[INFO] Including com.google.re2j:re2j:jar:1.1 in the shaded jar.
[INFO] Including org.apache.hadoop:hadoop-auth:jar:3.1.0 in the shaded jar.
[INFO] Including org.apache.htrace:htrace-core4:jar:4.1.0-incubating in the shaded jar.
[INFO] Including com.fasterxml.jackson.core:jackson-databind:jar:2.10.1 in the shaded jar.
[INFO] Including com.fasterxml.jackson.core:jackson-annotations:jar:2.10.1 in the shaded jar.
[INFO] Including com.fasterxml.jackson.core:jackson-core:jar:2.10.1 in the shaded jar.
[INFO] Including org.codehaus.woodstox:stax2-api:jar:3.1.4 in the shaded jar.
[INFO] Including com.fasterxml.woodstox:woodstox-core:jar:5.0.3 in the shaded jar.
[INFO] Including org.apache.flink:flink-hadoop-fs:jar:1.12-SNAPSHOT in the shaded jar.
[INFO] Including com.amazonaws:aws-java-sdk-core:jar:1.11.754 in the shaded jar.
[INFO] Including org.apache.httpcomponents:httpclient:jar:4.5.9 in the shaded jar.
[INFO] Including org.apache.httpcomponents:httpcore:jar:4.4.6 in the shaded jar.
[INFO] Including commons-codec:commons-codec:jar:1.10 in the shaded jar.
[INFO] Including software.amazon.ion:ion-java:jar:1.0.2 in the shaded jar.
[INFO] Including com.fasterxml.jackson.dataformat:jackson-dataformat-cbor:jar:2.10.1 in the shaded jar.
[INFO] Including joda-time:joda-time:jar:2.5 in the shaded jar.
[INFO] Including com.amazonaws:aws-java-sdk-s3:jar:1.11.754 in the shaded jar.
[INFO] Including com.amazonaws:jmespath-java:jar:1.11.754 in the shaded jar.
[INFO] Including com.amazonaws:aws-java-sdk-kms:jar:1.11.754 in the shaded jar.
[INFO] Including com.amazonaws:aws-java-sdk-dynamodb:jar:1.11.754 in the shaded jar.
[INFO] Including com.amazonaws:aws-java-sdk-sts:jar:1.11.754 in the shaded jar.
[INFO] Including org.apache.hadoop:hadoop-aws:jar:3.1.0 in the shaded jar.
[INFO] Including org.apache.flink:force-shading:jar:1.12-SNAPSHOT in the shaded jar.
[INFO] No artifact matching filter io.netty:netty
[WARNING] Discovered module-info.class. Shading will break its strong encapsulation.
[WARNING] Discovered module-info.class. Shading will break its strong encapsulation.
[WARNING] Discovered module-info.class. Shading will break its strong encapsulation.
[WARNING] Discovered module-info.class. Shading will break its strong encapsulation.
[INFO] Replacing original artifact with shaded artifact.
[INFO] Replacing /home/runner/work/sonar-analysis/sonar-analysis/project/flink-filesystems/flink-s3-fs-hadoop/target/flink-s3-fs-hadoop-1.12-SNAPSHOT.jar with /home/runner/work/sonar-analysis/sonar-analysis/project/flink-filesystems/flink-s3-fs-hadoop/target/flink-s3-fs-hadoop-1.12-SNAPSHOT-shaded.jar
[INFO] Dependency-reduced POM written at: /home/runner/work/sonar-analysis/sonar-analysis/project/flink-filesystems/flink-s3-fs-hadoop/target/dependency-reduced-pom.xml
[INFO] 
[INFO] --- surefire:2.22.1:test (integration-tests) @ flink-s3-fs-hadoop ---
[INFO] Tests are skipped.
[INFO] 
[INFO] --- install:2.5.2:install (default-install) @ flink-s3-fs-hadoop ---
[INFO] Installing /home/runner/work/sonar-analysis/sonar-analysis/project/flink-filesystems/flink-s3-fs-hadoop/target/flink-s3-fs-hadoop-1.12-SNAPSHOT.jar to /home/runner/.m2/repository/org/apache/flink/flink-s3-fs-hadoop/1.12-SNAPSHOT/flink-s3-fs-hadoop-1.12-SNAPSHOT.jar
[INFO] Installing /home/runner/work/sonar-analysis/sonar-analysis/project/flink-filesystems/flink-s3-fs-hadoop/target/dependency-reduced-pom.xml to /home/runner/.m2/repository/org/apache/flink/flink-s3-fs-hadoop/1.12-SNAPSHOT/flink-s3-fs-hadoop-1.12-SNAPSHOT.pom
[INFO] 
[INFO] ----------------< org.apache.flink:flink-s3-fs-presto >-----------------
[INFO] Building flink-s3-fs-presto 1.12-SNAPSHOT                       [20/182]
[INFO]   from flink-filesystems/flink-s3-fs-presto/pom.xml
[INFO] --------------------------------[ jar ]---------------------------------
[INFO] 
[INFO] --- clean:3.1.0:clean (default-clean) @ flink-s3-fs-presto ---
[INFO] Deleting /home/runner/work/sonar-analysis/sonar-analysis/project/flink-filesystems/flink-s3-fs-presto/target
[INFO] 
[INFO] --- checkstyle:2.17:check (validate) @ flink-s3-fs-presto ---
[INFO] 
[INFO] --- enforcer:3.0.0-M1:enforce (enforce-maven-version) @ flink-s3-fs-presto ---
[INFO] Skipping Rule Enforcement.
[INFO] 
[INFO] --- enforcer:3.0.0-M1:enforce (enforce-maven) @ flink-s3-fs-presto ---
[INFO] Skipping Rule Enforcement.
[INFO] 
[INFO] --- enforcer:3.0.0-M1:enforce (ban-unsafe-jackson) @ flink-s3-fs-presto ---
[INFO] Skipping Rule Enforcement.
[INFO] 
[INFO] --- enforcer:3.0.0-M1:enforce (forbid-log4j-1) @ flink-s3-fs-presto ---
[INFO] Skipping Rule Enforcement.
[INFO] 
[INFO] --- enforcer:3.0.0-M1:enforce (enforce-versions) @ flink-s3-fs-presto ---
[INFO] Skipping Rule Enforcement.
[INFO] 
[INFO] --- enforcer:3.0.0-M1:enforce (ban-openjdk.jol) @ flink-s3-fs-presto ---
[INFO] Skipping Rule Enforcement.
[INFO] 
[INFO] --- directory:0.1:highest-basedir (directories) @ flink-s3-fs-presto ---
[INFO] Highest basedir set to: /home/runner/work/sonar-analysis/sonar-analysis/project
[INFO] 
[INFO] --- remote-resources:1.5:process (process-resource-bundles) @ flink-s3-fs-presto ---
[INFO] 
[INFO] --- resources:3.1.0:resources (default-resources) @ flink-s3-fs-presto ---
[INFO] Using 'UTF-8' encoding to copy filtered resources.
[INFO] Copying 6 resources
[INFO] Copying 3 resources
[INFO] 
[INFO] --- dependency:3.1.1:copy (copy-javax-jars) @ flink-s3-fs-presto ---
[INFO] Configured Artifact: javax.xml.bind:jaxb-api:2.3.1:jar
[INFO] Copying jaxb-api-2.3.1.jar to /home/runner/work/sonar-analysis/sonar-analysis/project/flink-filesystems/flink-s3-fs-presto/target/temporary/jaxb-api-2.3.1.jar
[INFO] 
[INFO] --- antrun:1.8:run (unpack-javax-libraries) @ flink-s3-fs-presto ---
[INFO] Executing tasks

main:
     [echo] unpacking javax jars
    [unzip] Expanding: /home/runner/work/sonar-analysis/sonar-analysis/project/flink-filesystems/flink-s3-fs-presto/target/temporary/jaxb-api-2.3.1.jar into /home/runner/work/sonar-analysis/sonar-analysis/project/flink-filesystems/flink-s3-fs-presto/target/classes/META-INF/versions/11
[INFO] Executed tasks
[INFO] 
[INFO] --- compiler:3.8.0:compile (default-compile) @ flink-s3-fs-presto ---
[INFO] Compiling 4 source files to /home/runner/work/sonar-analysis/sonar-analysis/project/flink-filesystems/flink-s3-fs-presto/target/classes
[INFO] 
[INFO] --- resources:3.1.0:testResources (default-testResources) @ flink-s3-fs-presto ---
[INFO] Using 'UTF-8' encoding to copy filtered resources.
[INFO] Copying 1 resource
[INFO] Copying 3 resources
[INFO] 
[INFO] --- compiler:3.8.0:testCompile (default-testCompile) @ flink-s3-fs-presto ---
[INFO] Compiling 4 source files to /home/runner/work/sonar-analysis/sonar-analysis/project/flink-filesystems/flink-s3-fs-presto/target/test-classes
[INFO] /home/runner/work/sonar-analysis/sonar-analysis/project/flink-filesystems/flink-s3-fs-presto/src/test/java/org/apache/flink/fs/s3presto/PrestoS3FileSystemBehaviorITCase.java: Some input files use or override a deprecated API.
[INFO] /home/runner/work/sonar-analysis/sonar-analysis/project/flink-filesystems/flink-s3-fs-presto/src/test/java/org/apache/flink/fs/s3presto/PrestoS3FileSystemBehaviorITCase.java: Recompile with -Xlint:deprecation for details.
[INFO] 
[INFO] --- surefire:2.22.1:test (default-test) @ flink-s3-fs-presto ---
[INFO] Tests are skipped.
[INFO] 
[INFO] --- jar:2.4:jar (default-jar) @ flink-s3-fs-presto ---
[INFO] Building jar: /home/runner/work/sonar-analysis/sonar-analysis/project/flink-filesystems/flink-s3-fs-presto/target/flink-s3-fs-presto-1.12-SNAPSHOT.jar
[INFO] 
[INFO] --- jar:2.4:jar (default) @ flink-s3-fs-presto ---
[INFO] 
[INFO] --- shade:3.2.1:shade (shade-flink) @ flink-s3-fs-presto ---
[INFO] Including commons-collections:commons-collections:jar:3.2.2 in the shaded jar.
[INFO] Including org.apache.flink:flink-s3-fs-base:jar:1.12-SNAPSHOT in the shaded jar.
[INFO] Including org.apache.hadoop:hadoop-common:jar:2.4.1 in the shaded jar.
[INFO] Including org.apache.hadoop:hadoop-annotations:jar:2.4.1 in the shaded jar.
[INFO] Including xmlenc:xmlenc:jar:0.52 in the shaded jar.
[INFO] Including commons-httpclient:commons-httpclient:jar:3.1 in the shaded jar.
[INFO] Including commons-io:commons-io:jar:2.4 in the shaded jar.
[INFO] Including javax.servlet:servlet-api:jar:2.5 in the shaded jar.
[INFO] Including org.mortbay.jetty:jetty:jar:6.1.26 in the shaded jar.
[INFO] Including org.mortbay.jetty:jetty-util:jar:6.1.26 in the shaded jar.
[INFO] Including tomcat:jasper-compiler:jar:5.5.23 in the shaded jar.
[INFO] Including tomcat:jasper-runtime:jar:5.5.23 in the shaded jar.
[INFO] Including commons-el:commons-el:jar:1.0 in the shaded jar.
[INFO] Including commons-logging:commons-logging:jar:1.1.3 in the shaded jar.
[INFO] Including net.java.dev.jets3t:jets3t:jar:0.9.0 in the shaded jar.
[INFO] Including org.apache.httpcomponents:httpcore:jar:4.4.6 in the shaded jar.
[INFO] Including com.jamesmurty.utils:java-xmlbuilder:jar:0.4 in the shaded jar.
[INFO] Including commons-lang:commons-lang:jar:2.6 in the shaded jar.
[INFO] Including commons-configuration:commons-configuration:jar:1.7 in the shaded jar.
[INFO] Including commons-digester:commons-digester:jar:1.8.1 in the shaded jar.
[INFO] Including commons-beanutils:commons-beanutils:jar:1.8.3 in the shaded jar.
[INFO] Including org.codehaus.jackson:jackson-core-asl:jar:1.8.8 in the shaded jar.
[INFO] Including org.codehaus.jackson:jackson-mapper-asl:jar:1.8.8 in the shaded jar.
[INFO] Including org.apache.hadoop:hadoop-auth:jar:2.4.1 in the shaded jar.
[INFO] Including org.apache.flink:flink-hadoop-fs:jar:1.12-SNAPSHOT in the shaded jar.
[INFO] Including com.amazonaws:aws-java-sdk-core:jar:1.11.754 in the shaded jar.
[INFO] Including org.apache.httpcomponents:httpclient:jar:4.5.9 in the shaded jar.
[INFO] Including commons-codec:commons-codec:jar:1.10 in the shaded jar.
[INFO] Including software.amazon.ion:ion-java:jar:1.0.2 in the shaded jar.
[INFO] Including com.fasterxml.jackson.dataformat:jackson-dataformat-cbor:jar:2.10.1 in the shaded jar.
[INFO] Including com.amazonaws:aws-java-sdk-s3:jar:1.11.754 in the shaded jar.
[INFO] Including com.amazonaws:jmespath-java:jar:1.11.754 in the shaded jar.
[INFO] Including com.amazonaws:aws-java-sdk-kms:jar:1.11.754 in the shaded jar.
[INFO] Including com.amazonaws:aws-java-sdk-dynamodb:jar:1.11.754 in the shaded jar.
[INFO] Including com.amazonaws:aws-java-sdk-sts:jar:1.11.754 in the shaded jar.
[INFO] Including org.apache.hadoop:hadoop-aws:jar:3.1.0 in the shaded jar.
[INFO] Including com.facebook.presto:presto-hive:jar:0.187 in the shaded jar.
[INFO] Including io.airlift:stats:jar:0.153 in the shaded jar.
[INFO] Including org.hdrhistogram:HdrHistogram:jar:2.1.9 in the shaded jar.
[INFO] Including io.airlift:log:jar:0.153 in the shaded jar.
[INFO] Including io.airlift:configuration:jar:0.153 in the shaded jar.
[INFO] Including com.google.guava:guava:jar:21.0 in the shaded jar.
[INFO] Including org.weakref:jmxutils:jar:1.19 in the shaded jar.
[INFO] Including joda-time:joda-time:jar:2.5 in the shaded jar.
[INFO] Including com.fasterxml.jackson.core:jackson-core:jar:2.10.1 in the shaded jar.
[INFO] Including com.fasterxml.jackson.core:jackson-databind:jar:2.10.1 in the shaded jar.
[INFO] Including io.airlift:slice:jar:0.31 in the shaded jar.
[INFO] Including io.airlift:units:jar:1.0 in the shaded jar.
[INFO] Including com.fasterxml.jackson.core:jackson-annotations:jar:2.10.1 in the shaded jar.
[INFO] Including com.facebook.presto.hadoop:hadoop-apache2:jar:2.7.3-1 in the shaded jar.
[INFO] Including org.apache.flink:force-shading:jar:1.12-SNAPSHOT in the shaded jar.
[INFO] No artifact matching filter io.netty:netty
[WARNING] Discovered module-info.class. Shading will break its strong encapsulation.
[WARNING] Discovered module-info.class. Shading will break its strong encapsulation.
[WARNING] Discovered module-info.class. Shading will break its strong encapsulation.
[WARNING] Discovered module-info.class. Shading will break its strong encapsulation.
[WARNING] commons-beanutils-1.8.3.jar, commons-collections-3.2.2.jar define 10 overlapping classes: 
[WARNING]   - org.apache.commons.collections.FastHashMap$EntrySet
[WARNING]   - org.apache.commons.collections.FastHashMap$KeySet
[WARNING]   - org.apache.commons.collections.FastHashMap$CollectionView$CollectionViewIterator
[WARNING]   - org.apache.commons.collections.ArrayStack
[WARNING]   - org.apache.commons.collections.FastHashMap$Values
[WARNING]   - org.apache.commons.collections.FastHashMap$CollectionView
[WARNING]   - org.apache.commons.collections.FastHashMap$1
[WARNING]   - org.apache.commons.collections.Buffer
[WARNING]   - org.apache.commons.collections.FastHashMap
[WARNING]   - org.apache.commons.collections.BufferUnderflowException
[WARNING] jasper-compiler-5.5.23.jar, jasper-runtime-5.5.23.jar define 1 overlapping classes: 
[WARNING]   - org.apache.jasper.compiler.Localizer
[WARNING] hadoop-aws-3.1.0.jar, hadoop-common-2.4.1.jar define 1 overlapping classes: 
[WARNING]   - org.apache.hadoop.fs.s3native.NativeS3FileSystem
[WARNING] maven-shade-plugin has detected that some class files are
[WARNING] present in two or more JARs. When this happens, only one
[WARNING] single version of the class is copied to the uber jar.
[WARNING] Usually this is not harmful and you can skip these warnings,
[WARNING] otherwise try to manually exclude artifacts based on
[WARNING] mvn dependency:tree -Ddetail=true and the above output.
[WARNING] See http://maven.apache.org/plugins/maven-shade-plugin/
[INFO] Replacing original artifact with shaded artifact.
[INFO] Replacing /home/runner/work/sonar-analysis/sonar-analysis/project/flink-filesystems/flink-s3-fs-presto/target/flink-s3-fs-presto-1.12-SNAPSHOT.jar with /home/runner/work/sonar-analysis/sonar-analysis/project/flink-filesystems/flink-s3-fs-presto/target/flink-s3-fs-presto-1.12-SNAPSHOT-shaded.jar
[INFO] Dependency-reduced POM written at: /home/runner/work/sonar-analysis/sonar-analysis/project/flink-filesystems/flink-s3-fs-presto/target/dependency-reduced-pom.xml
[INFO] 
[INFO] --- surefire:2.22.1:test (integration-tests) @ flink-s3-fs-presto ---
[INFO] Tests are skipped.
[INFO] 
[INFO] --- install:2.5.2:install (default-install) @ flink-s3-fs-presto ---
[INFO] Installing /home/runner/work/sonar-analysis/sonar-analysis/project/flink-filesystems/flink-s3-fs-presto/target/flink-s3-fs-presto-1.12-SNAPSHOT.jar to /home/runner/.m2/repository/org/apache/flink/flink-s3-fs-presto/1.12-SNAPSHOT/flink-s3-fs-presto-1.12-SNAPSHOT.jar
[INFO] Installing /home/runner/work/sonar-analysis/sonar-analysis/project/flink-filesystems/flink-s3-fs-presto/target/dependency-reduced-pom.xml to /home/runner/.m2/repository/org/apache/flink/flink-s3-fs-presto/1.12-SNAPSHOT/flink-s3-fs-presto-1.12-SNAPSHOT.pom
[INFO] 
[INFO] ---------------< org.apache.flink:flink-swift-fs-hadoop >---------------
[INFO] Building flink-swift-fs-hadoop 1.12-SNAPSHOT                    [21/182]
[INFO]   from flink-filesystems/flink-swift-fs-hadoop/pom.xml
[INFO] --------------------------------[ jar ]---------------------------------
[INFO] 
[INFO] --- clean:3.1.0:clean (default-clean) @ flink-swift-fs-hadoop ---
[INFO] Deleting /home/runner/work/sonar-analysis/sonar-analysis/project/flink-filesystems/flink-swift-fs-hadoop/target
[INFO] 
[INFO] --- checkstyle:2.17:check (validate) @ flink-swift-fs-hadoop ---
[INFO] 
[INFO] --- enforcer:3.0.0-M1:enforce (enforce-maven-version) @ flink-swift-fs-hadoop ---
[INFO] Skipping Rule Enforcement.
[INFO] 
[INFO] --- enforcer:3.0.0-M1:enforce (enforce-maven) @ flink-swift-fs-hadoop ---
[INFO] Skipping Rule Enforcement.
[INFO] 
[INFO] --- enforcer:3.0.0-M1:enforce (ban-unsafe-jackson) @ flink-swift-fs-hadoop ---
[INFO] Skipping Rule Enforcement.
[INFO] 
[INFO] --- enforcer:3.0.0-M1:enforce (forbid-log4j-1) @ flink-swift-fs-hadoop ---
[INFO] Skipping Rule Enforcement.
[INFO] 
[INFO] --- enforcer:3.0.0-M1:enforce (enforce-versions) @ flink-swift-fs-hadoop ---
[INFO] Skipping Rule Enforcement.
[INFO] 
[INFO] --- directory:0.1:highest-basedir (directories) @ flink-swift-fs-hadoop ---
[INFO] Highest basedir set to: /home/runner/work/sonar-analysis/sonar-analysis/project
[INFO] 
[INFO] --- remote-resources:1.5:process (process-resource-bundles) @ flink-swift-fs-hadoop ---
[INFO] 
[INFO] --- resources:3.1.0:resources (default-resources) @ flink-swift-fs-hadoop ---
[INFO] Using 'UTF-8' encoding to copy filtered resources.
[INFO] Copying 4 resources
[INFO] Copying 3 resources
[INFO] 
[INFO] --- compiler:3.8.0:compile (default-compile) @ flink-swift-fs-hadoop ---
[INFO] Compiling 3 source files to /home/runner/work/sonar-analysis/sonar-analysis/project/flink-filesystems/flink-swift-fs-hadoop/target/classes
[INFO] /home/runner/work/sonar-analysis/sonar-analysis/project/flink-filesystems/flink-swift-fs-hadoop/src/main/java/org/apache/flink/fs/openstackhadoop/SwiftFileSystemFactory.java: /home/runner/work/sonar-analysis/sonar-analysis/project/flink-filesystems/flink-swift-fs-hadoop/src/main/java/org/apache/flink/fs/openstackhadoop/SwiftFileSystemFactory.java uses or overrides a deprecated API.
[INFO] /home/runner/work/sonar-analysis/sonar-analysis/project/flink-filesystems/flink-swift-fs-hadoop/src/main/java/org/apache/flink/fs/openstackhadoop/SwiftFileSystemFactory.java: Recompile with -Xlint:deprecation for details.
[INFO] 
[INFO] --- resources:3.1.0:testResources (default-testResources) @ flink-swift-fs-hadoop ---
[INFO] Using 'UTF-8' encoding to copy filtered resources.
[INFO] Copying 2 resources
[INFO] Copying 3 resources
[INFO] 
[INFO] --- compiler:3.8.0:testCompile (default-testCompile) @ flink-swift-fs-hadoop ---
[INFO] Compiling 1 source file to /home/runner/work/sonar-analysis/sonar-analysis/project/flink-filesystems/flink-swift-fs-hadoop/target/test-classes
[INFO] /home/runner/work/sonar-analysis/sonar-analysis/project/flink-filesystems/flink-swift-fs-hadoop/src/test/java/org/apache/flink/fs/openstackhadoop/HadoopSwiftFileSystemITCase.java: /home/runner/work/sonar-analysis/sonar-analysis/project/flink-filesystems/flink-swift-fs-hadoop/src/test/java/org/apache/flink/fs/openstackhadoop/HadoopSwiftFileSystemITCase.java uses or overrides a deprecated API.
[INFO] /home/runner/work/sonar-analysis/sonar-analysis/project/flink-filesystems/flink-swift-fs-hadoop/src/test/java/org/apache/flink/fs/openstackhadoop/HadoopSwiftFileSystemITCase.java: Recompile with -Xlint:deprecation for details.
[INFO] 
[INFO] --- surefire:2.22.1:test (default-test) @ flink-swift-fs-hadoop ---
[INFO] Tests are skipped.
[INFO] 
[INFO] --- jar:2.4:jar (default-jar) @ flink-swift-fs-hadoop ---
[INFO] Building jar: /home/runner/work/sonar-analysis/sonar-analysis/project/flink-filesystems/flink-swift-fs-hadoop/target/flink-swift-fs-hadoop-1.12-SNAPSHOT.jar
[INFO] 
[INFO] --- shade:3.2.1:shade (shade-flink) @ flink-swift-fs-hadoop ---
[INFO] Including commons-collections:commons-collections:jar:3.2.2 in the shaded jar.
[INFO] Including org.apache.commons:commons-compress:jar:1.20 in the shaded jar.
[INFO] Including org.apache.flink:flink-hadoop-fs:jar:1.12-SNAPSHOT in the shaded jar.
[INFO] Including org.apache.hadoop:hadoop-client:jar:2.8.1 in the shaded jar.
[INFO] Including org.apache.hadoop:hadoop-common:jar:2.8.1 in the shaded jar.
[INFO] Including com.google.guava:guava:jar:11.0.2 in the shaded jar.
[INFO] Including commons-cli:commons-cli:jar:1.3.1 in the shaded jar.
[INFO] Including org.apache.commons:commons-math3:jar:3.5 in the shaded jar.
[INFO] Including xmlenc:xmlenc:jar:0.52 in the shaded jar.
[INFO] Including org.apache.httpcomponents:httpclient:jar:4.5.3 in the shaded jar.
[INFO] Including org.apache.httpcomponents:httpcore:jar:4.4.6 in the shaded jar.
[INFO] Including commons-codec:commons-codec:jar:1.10 in the shaded jar.
[INFO] Including commons-io:commons-io:jar:2.4 in the shaded jar.
[INFO] Including commons-net:commons-net:jar:3.1 in the shaded jar.
[INFO] Including org.mortbay.jetty:jetty-sslengine:jar:6.1.26 in the shaded jar.
[INFO] Including commons-lang:commons-lang:jar:2.6 in the shaded jar.
[INFO] Including commons-configuration:commons-configuration:jar:1.7 in the shaded jar.
[INFO] Including commons-digester:commons-digester:jar:1.8.1 in the shaded jar.
[INFO] Including commons-beanutils:commons-beanutils:jar:1.8.3 in the shaded jar.
[INFO] Including com.google.protobuf:protobuf-java:jar:2.5.0 in the shaded jar.
[INFO] Including com.google.code.gson:gson:jar:2.2.4 in the shaded jar.
[INFO] Including org.apache.hadoop:hadoop-auth:jar:2.8.1 in the shaded jar.
[INFO] Including com.nimbusds:nimbus-jose-jwt:jar:3.9 in the shaded jar.
[INFO] Including net.jcip:jcip-annotations:jar:1.0 in the shaded jar.
[INFO] Including net.minidev:json-smart:jar:1.1.1 in the shaded jar.
[INFO] Including org.apache.htrace:htrace-core4:jar:4.0.1-incubating in the shaded jar.
[INFO] Including org.apache.hadoop:hadoop-hdfs:jar:2.8.1 in the shaded jar.
[INFO] Including org.apache.hadoop:hadoop-hdfs-client:jar:2.8.1 in the shaded jar.
[INFO] Including com.squareup.okhttp:okhttp:jar:2.4.0 in the shaded jar.
[INFO] Including com.squareup.okio:okio:jar:1.4.0 in the shaded jar.
[INFO] Including org.apache.hadoop:hadoop-annotations:jar:2.8.1 in the shaded jar.
[INFO] Including org.apache.hadoop:hadoop-openstack:jar:2.8.1 in the shaded jar.
[INFO] Including org.codehaus.jackson:jackson-mapper-asl:jar:1.9.13 in the shaded jar.
[INFO] Including org.codehaus.jackson:jackson-core-asl:jar:1.9.13 in the shaded jar.
[INFO] Including commons-httpclient:commons-httpclient:jar:3.1 in the shaded jar.
[INFO] Including commons-logging:commons-logging:jar:1.1.3 in the shaded jar.
[INFO] Including org.apache.flink:force-shading:jar:1.12-SNAPSHOT in the shaded jar.
[INFO] No artifact matching filter io.netty:netty
[WARNING] flink-swift-fs-hadoop-1.12-SNAPSHOT.jar, hadoop-common-2.8.1.jar define 18 overlapping classes: 
[WARNING]   - org.apache.hadoop.conf.Configuration$DeprecatedKeyInfo
[WARNING]   - org.apache.hadoop.conf.Configuration$ParsedTimeDuration$3
[WARNING]   - org.apache.hadoop.conf.Configuration$ParsedTimeDuration$2
[WARNING]   - org.apache.hadoop.conf.Configuration$ParsedTimeDuration$1
[WARNING]   - org.apache.hadoop.conf.Configuration$ParsedTimeDuration$4
[WARNING]   - org.apache.hadoop.conf.Configuration$ParsedTimeDuration$5
[WARNING]   - org.apache.hadoop.conf.Configuration$NegativeCacheSentinel
[WARNING]   - org.apache.hadoop.conf.Configuration$DeprecationContext
[WARNING]   - org.apache.hadoop.conf.Configuration$ParsedTimeDuration
[WARNING]   - org.apache.hadoop.conf.Configuration
[WARNING]   - 8 more...
[WARNING] commons-beanutils-1.8.3.jar, commons-collections-3.2.2.jar define 10 overlapping classes: 
[WARNING]   - org.apache.commons.collections.FastHashMap$EntrySet
[WARNING]   - org.apache.commons.collections.FastHashMap$KeySet
[WARNING]   - org.apache.commons.collections.FastHashMap$CollectionView$CollectionViewIterator
[WARNING]   - org.apache.commons.collections.ArrayStack
[WARNING]   - org.apache.commons.collections.FastHashMap$Values
[WARNING]   - org.apache.commons.collections.FastHashMap$CollectionView
[WARNING]   - org.apache.commons.collections.FastHashMap$1
[WARNING]   - org.apache.commons.collections.Buffer
[WARNING]   - org.apache.commons.collections.FastHashMap
[WARNING]   - org.apache.commons.collections.BufferUnderflowException
[WARNING] maven-shade-plugin has detected that some class files are
[WARNING] present in two or more JARs. When this happens, only one
[WARNING] single version of the class is copied to the uber jar.
[WARNING] Usually this is not harmful and you can skip these warnings,
[WARNING] otherwise try to manually exclude artifacts based on
[WARNING] mvn dependency:tree -Ddetail=true and the above output.
[WARNING] See http://maven.apache.org/plugins/maven-shade-plugin/
[INFO] Replacing original artifact with shaded artifact.
[INFO] Replacing /home/runner/work/sonar-analysis/sonar-analysis/project/flink-filesystems/flink-swift-fs-hadoop/target/flink-swift-fs-hadoop-1.12-SNAPSHOT.jar with /home/runner/work/sonar-analysis/sonar-analysis/project/flink-filesystems/flink-swift-fs-hadoop/target/flink-swift-fs-hadoop-1.12-SNAPSHOT-shaded.jar
[INFO] Dependency-reduced POM written at: /home/runner/work/sonar-analysis/sonar-analysis/project/flink-filesystems/flink-swift-fs-hadoop/target/dependency-reduced-pom.xml
[INFO] 
[INFO] --- surefire:2.22.1:test (integration-tests) @ flink-swift-fs-hadoop ---
[INFO] Tests are skipped.
[INFO] 
[INFO] --- install:2.5.2:install (default-install) @ flink-swift-fs-hadoop ---
[INFO] Installing /home/runner/work/sonar-analysis/sonar-analysis/project/flink-filesystems/flink-swift-fs-hadoop/target/flink-swift-fs-hadoop-1.12-SNAPSHOT.jar to /home/runner/.m2/repository/org/apache/flink/flink-swift-fs-hadoop/1.12-SNAPSHOT/flink-swift-fs-hadoop-1.12-SNAPSHOT.jar
[INFO] Installing /home/runner/work/sonar-analysis/sonar-analysis/project/flink-filesystems/flink-swift-fs-hadoop/target/dependency-reduced-pom.xml to /home/runner/.m2/repository/org/apache/flink/flink-swift-fs-hadoop/1.12-SNAPSHOT/flink-swift-fs-hadoop-1.12-SNAPSHOT.pom
[INFO] 
[INFO] ----------------< org.apache.flink:flink-oss-fs-hadoop >----------------
[INFO] Building flink-oss-fs-hadoop 1.12-SNAPSHOT                      [22/182]
[INFO]   from flink-filesystems/flink-oss-fs-hadoop/pom.xml
[INFO] --------------------------------[ jar ]---------------------------------
[INFO] 
[INFO] --- clean:3.1.0:clean (default-clean) @ flink-oss-fs-hadoop ---
[INFO] Deleting /home/runner/work/sonar-analysis/sonar-analysis/project/flink-filesystems/flink-oss-fs-hadoop/target
[INFO] 
[INFO] --- checkstyle:2.17:check (validate) @ flink-oss-fs-hadoop ---
[INFO] 
[INFO] --- enforcer:3.0.0-M1:enforce (enforce-maven-version) @ flink-oss-fs-hadoop ---
[INFO] Skipping Rule Enforcement.
[INFO] 
[INFO] --- enforcer:3.0.0-M1:enforce (enforce-maven) @ flink-oss-fs-hadoop ---
[INFO] Skipping Rule Enforcement.
[INFO] 
[INFO] --- enforcer:3.0.0-M1:enforce (ban-unsafe-jackson) @ flink-oss-fs-hadoop ---
[INFO] Skipping Rule Enforcement.
[INFO] 
[INFO] --- enforcer:3.0.0-M1:enforce (forbid-log4j-1) @ flink-oss-fs-hadoop ---
[INFO] Skipping Rule Enforcement.
[INFO] 
[INFO] --- enforcer:3.0.0-M1:enforce (enforce-versions) @ flink-oss-fs-hadoop ---
[INFO] Skipping Rule Enforcement.
[INFO] 
[INFO] --- directory:0.1:highest-basedir (directories) @ flink-oss-fs-hadoop ---
[INFO] Highest basedir set to: /home/runner/work/sonar-analysis/sonar-analysis/project
[INFO] 
[INFO] --- remote-resources:1.5:process (process-resource-bundles) @ flink-oss-fs-hadoop ---
[INFO] 
[INFO] --- resources:3.1.0:resources (default-resources) @ flink-oss-fs-hadoop ---
[INFO] Using 'UTF-8' encoding to copy filtered resources.
[INFO] Copying 2 resources
[INFO] Copying 3 resources
[INFO] 
[INFO] --- compiler:3.8.0:compile (default-compile) @ flink-oss-fs-hadoop ---
[INFO] Compiling 1 source file to /home/runner/work/sonar-analysis/sonar-analysis/project/flink-filesystems/flink-oss-fs-hadoop/target/classes
[INFO] /home/runner/work/sonar-analysis/sonar-analysis/project/flink-filesystems/flink-oss-fs-hadoop/src/main/java/org/apache/flink/fs/osshadoop/OSSFileSystemFactory.java: /home/runner/work/sonar-analysis/sonar-analysis/project/flink-filesystems/flink-oss-fs-hadoop/src/main/java/org/apache/flink/fs/osshadoop/OSSFileSystemFactory.java uses or overrides a deprecated API.
[INFO] /home/runner/work/sonar-analysis/sonar-analysis/project/flink-filesystems/flink-oss-fs-hadoop/src/main/java/org/apache/flink/fs/osshadoop/OSSFileSystemFactory.java: Recompile with -Xlint:deprecation for details.
[INFO] 
[INFO] --- resources:3.1.0:testResources (default-testResources) @ flink-oss-fs-hadoop ---
[INFO] Using 'UTF-8' encoding to copy filtered resources.
[INFO] skip non existing resourceDirectory /home/runner/work/sonar-analysis/sonar-analysis/project/flink-filesystems/flink-oss-fs-hadoop/src/test/resources
[INFO] Copying 3 resources
[INFO] 
[INFO] --- compiler:3.8.0:testCompile (default-testCompile) @ flink-oss-fs-hadoop ---
[INFO] Compiling 2 source files to /home/runner/work/sonar-analysis/sonar-analysis/project/flink-filesystems/flink-oss-fs-hadoop/target/test-classes
[INFO] /home/runner/work/sonar-analysis/sonar-analysis/project/flink-filesystems/flink-oss-fs-hadoop/src/test/java/org/apache/flink/fs/osshadoop/HadoopOSSFileSystemITCase.java: Some input files use or override a deprecated API.
[INFO] /home/runner/work/sonar-analysis/sonar-analysis/project/flink-filesystems/flink-oss-fs-hadoop/src/test/java/org/apache/flink/fs/osshadoop/HadoopOSSFileSystemITCase.java: Recompile with -Xlint:deprecation for details.
[INFO] 
[INFO] --- surefire:2.22.1:test (default-test) @ flink-oss-fs-hadoop ---
[INFO] Tests are skipped.
[INFO] 
[INFO] --- jar:2.4:jar (default-jar) @ flink-oss-fs-hadoop ---
[INFO] Building jar: /home/runner/work/sonar-analysis/sonar-analysis/project/flink-filesystems/flink-oss-fs-hadoop/target/flink-oss-fs-hadoop-1.12-SNAPSHOT.jar
[INFO] 
[INFO] --- shade:3.2.1:shade (shade-flink) @ flink-oss-fs-hadoop ---
[INFO] Including commons-collections:commons-collections:jar:3.2.2 in the shaded jar.
[INFO] Including org.apache.flink:flink-hadoop-fs:jar:1.12-SNAPSHOT in the shaded jar.
[INFO] Including org.apache.flink:flink-fs-hadoop-shaded:jar:1.12-SNAPSHOT in the shaded jar.
[INFO] Including org.apache.hadoop:hadoop-common:jar:2.4.1 in the shaded jar.
[INFO] Including org.apache.hadoop:hadoop-annotations:jar:2.4.1 in the shaded jar.
[INFO] Including com.google.guava:guava:jar:11.0.2 in the shaded jar.
[INFO] Including xmlenc:xmlenc:jar:0.52 in the shaded jar.
[INFO] Including commons-httpclient:commons-httpclient:jar:3.1 in the shaded jar.
[INFO] Including commons-io:commons-io:jar:2.4 in the shaded jar.
[INFO] Including javax.servlet:servlet-api:jar:2.5 in the shaded jar.
[INFO] Including org.mortbay.jetty:jetty:jar:6.1.26 in the shaded jar.
[INFO] Including org.mortbay.jetty:jetty-util:jar:6.1.26 in the shaded jar.
[INFO] Including tomcat:jasper-compiler:jar:5.5.23 in the shaded jar.
[INFO] Including tomcat:jasper-runtime:jar:5.5.23 in the shaded jar.
[INFO] Including commons-el:commons-el:jar:1.0 in the shaded jar.
[INFO] Including commons-logging:commons-logging:jar:1.1.3 in the shaded jar.
[INFO] Including net.java.dev.jets3t:jets3t:jar:0.9.0 in the shaded jar.
[INFO] Including com.jamesmurty.utils:java-xmlbuilder:jar:0.4 in the shaded jar.
[INFO] Including commons-lang:commons-lang:jar:2.6 in the shaded jar.
[INFO] Including commons-configuration:commons-configuration:jar:1.7 in the shaded jar.
[INFO] Including commons-digester:commons-digester:jar:1.8.1 in the shaded jar.
[INFO] Including commons-beanutils:commons-beanutils:jar:1.8.3 in the shaded jar.
[INFO] Including org.codehaus.jackson:jackson-core-asl:jar:1.8.8 in the shaded jar.
[INFO] Including org.codehaus.jackson:jackson-mapper-asl:jar:1.8.8 in the shaded jar.
[INFO] Including org.apache.hadoop:hadoop-auth:jar:2.4.1 in the shaded jar.
[INFO] Including org.apache.hadoop:hadoop-aliyun:jar:3.1.0 in the shaded jar.
[INFO] Including com.aliyun.oss:aliyun-sdk-oss:jar:3.4.1 in the shaded jar.
[INFO] Including org.apache.httpcomponents:httpclient:jar:4.5.3 in the shaded jar.
[INFO] Including org.apache.httpcomponents:httpcore:jar:4.4.6 in the shaded jar.
[INFO] Including commons-codec:commons-codec:jar:1.10 in the shaded jar.
[INFO] Including org.jdom:jdom:jar:1.1 in the shaded jar.
[INFO] Including org.codehaus.jettison:jettison:jar:1.1 in the shaded jar.
[INFO] Including stax:stax-api:jar:1.0.1 in the shaded jar.
[INFO] Including com.aliyun:aliyun-java-sdk-core:jar:3.4.0 in the shaded jar.
[INFO] Including com.aliyun:aliyun-java-sdk-ram:jar:3.0.0 in the shaded jar.
[INFO] Including com.aliyun:aliyun-java-sdk-sts:jar:3.0.0 in the shaded jar.
[INFO] Including com.aliyun:aliyun-java-sdk-ecs:jar:4.2.0 in the shaded jar.
[INFO] Including org.apache.flink:force-shading:jar:1.12-SNAPSHOT in the shaded jar.
[INFO] No artifact matching filter io.netty:netty
[WARNING] flink-fs-hadoop-shaded-1.12-SNAPSHOT.jar, hadoop-common-2.4.1.jar define 1508 overlapping classes: 
[WARNING]   - org.apache.hadoop.io.ArrayFile
[WARNING]   - org.apache.hadoop.ha.ZKFailoverController$2
[WARNING]   - org.apache.hadoop.fs.FileSystem$Cache
[WARNING]   - org.apache.hadoop.io.compress.DecompressorStream
[WARNING]   - org.apache.hadoop.util.HeapSort
[WARNING]   - org.apache.hadoop.security.SaslRpcServer$AuthMethod
[WARNING]   - org.apache.hadoop.fs.FileContext$27
[WARNING]   - org.apache.hadoop.ha.protocolPB.HAServiceProtocolClientSideTranslatorPB$1
[WARNING]   - org.apache.hadoop.io.nativeio.NativeIO$POSIX
[WARNING]   - org.apache.hadoop.util.ShutdownHookManager$2
[WARNING]   - 1498 more...
[WARNING] guava-11.0.2.jar, flink-fs-hadoop-shaded-1.12-SNAPSHOT.jar define 1266 overlapping classes: 
[WARNING]   - com.google.common.collect.Multimaps$FilteredMultimap$AsMap$Values$1
[WARNING]   - com.google.common.cache.LocalCache$KeyIterator
[WARNING]   - com.google.common.io.LineProcessor
[WARNING]   - com.google.common.collect.ComputingConcurrentHashMap$ComputingSerializationProxy
[WARNING]   - com.google.common.io.ByteProcessor
[WARNING]   - com.google.common.io.InputSupplier
[WARNING]   - com.google.common.math.package-info
[WARNING]   - com.google.common.util.concurrent.SimpleTimeLimiter
[WARNING]   - com.google.common.collect.ImmutableCollection$1
[WARNING]   - com.google.common.cache.AbstractCache$StatsCounter
[WARNING]   - 1256 more...
[WARNING] commons-logging-1.1.3.jar, flink-fs-hadoop-shaded-1.12-SNAPSHOT.jar define 28 overlapping classes: 
[WARNING]   - org.apache.commons.logging.LogSource
[WARNING]   - org.apache.commons.logging.impl.ServletContextCleaner
[WARNING]   - org.apache.commons.logging.Log
[WARNING]   - org.apache.commons.logging.LogFactory$3
[WARNING]   - org.apache.commons.logging.impl.LogFactoryImpl$2
[WARNING]   - org.apache.commons.logging.impl.LogKitLogger
[WARNING]   - org.apache.commons.logging.LogConfigurationException
[WARNING]   - org.apache.commons.logging.impl.Jdk14Logger
[WARNING]   - org.apache.commons.logging.impl.WeakHashtable$Referenced
[WARNING]   - org.apache.commons.logging.impl.WeakHashtable$WeakKey
[WARNING]   - 18 more...
[WARNING] commons-lang-2.6.jar, flink-fs-hadoop-shaded-1.12-SNAPSHOT.jar define 133 overlapping classes: 
[WARNING]   - org.apache.commons.lang.NotImplementedException
[WARNING]   - org.apache.commons.lang.math.JVMRandom
[WARNING]   - org.apache.commons.lang.builder.ToStringBuilder
[WARNING]   - org.apache.commons.lang.time.FastDateFormat$TimeZoneDisplayKey
[WARNING]   - org.apache.commons.lang.exception.NestableRuntimeException
[WARNING]   - org.apache.commons.lang.text.StrMatcher$TrimMatcher
[WARNING]   - org.apache.commons.lang.time.FastDateFormat$CharacterLiteral
[WARNING]   - org.apache.commons.lang.time.FastDateFormat$TimeZoneNameRule
[WARNING]   - org.apache.commons.lang.mutable.MutableDouble
[WARNING]   - org.apache.commons.lang.LocaleUtils
[WARNING]   - 123 more...
[WARNING] flink-fs-hadoop-shaded-1.12-SNAPSHOT.jar, commons-beanutils-1.8.3.jar define 126 overlapping classes: 
[WARNING]   - org.apache.commons.beanutils.ConvertUtilsBean
[WARNING]   - org.apache.commons.beanutils.converters.SqlTimeConverter
[WARNING]   - org.apache.commons.beanutils.converters.FloatArrayConverter
[WARNING]   - org.apache.commons.beanutils.BeanMap$1
[WARNING]   - org.apache.commons.beanutils.BeanMap$4
[WARNING]   - org.apache.commons.beanutils.converters.LongArrayConverter
[WARNING]   - org.apache.commons.beanutils.converters.BooleanArrayConverter
[WARNING]   - org.apache.commons.beanutils.converters.StringConverter
[WARNING]   - org.apache.commons.beanutils.BeanMap$12
[WARNING]   - org.apache.commons.beanutils.BeanPredicate
[WARNING]   - 116 more...
[WARNING] jasper-compiler-5.5.23.jar, jasper-runtime-5.5.23.jar define 1 overlapping classes: 
[WARNING]   - org.apache.jasper.compiler.Localizer
[WARNING] flink-fs-hadoop-shaded-1.12-SNAPSHOT.jar, commons-collections-3.2.2.jar define 450 overlapping classes: 
[WARNING]   - org.apache.commons.collections.map.AbstractLinkedMap$LinkMapIterator
[WARNING]   - org.apache.commons.collections.bidimap.TreeBidiMap$Node
[WARNING]   - org.apache.commons.collections.comparators.TransformingComparator
[WARNING]   - org.apache.commons.collections.iterators.AbstractListIteratorDecorator
[WARNING]   - org.apache.commons.collections.bag.AbstractMapBag$BagIterator
[WARNING]   - org.apache.commons.collections.map.AbstractReferenceMap$ReferenceKeySetIterator
[WARNING]   - org.apache.commons.collections.DoubleOrderedMap$3$1
[WARNING]   - org.apache.commons.collections.StaticBucketMap
[WARNING]   - org.apache.commons.collections.ReferenceMap$1
[WARNING]   - org.apache.commons.collections.comparators.ComparatorChain
[WARNING]   - 440 more...
[WARNING] flink-fs-hadoop-shaded-1.12-SNAPSHOT.jar, commons-io-2.4.jar define 110 overlapping classes: 
[WARNING]   - org.apache.commons.io.FileCleaningTracker
[WARNING]   - org.apache.commons.io.comparator.SizeFileComparator
[WARNING]   - org.apache.commons.io.input.CloseShieldInputStream
[WARNING]   - org.apache.commons.io.filefilter.EmptyFileFilter
[WARNING]   - org.apache.commons.io.monitor.FileEntry
[WARNING]   - org.apache.commons.io.output.ThresholdingOutputStream
[WARNING]   - org.apache.commons.io.input.TailerListener
[WARNING]   - org.apache.commons.io.IOExceptionWithCause
[WARNING]   - org.apache.commons.io.comparator.PathFileComparator
[WARNING]   - org.apache.commons.io.filefilter.NotFileFilter
[WARNING]   - 100 more...
[WARNING] flink-fs-hadoop-shaded-1.12-SNAPSHOT.jar, hadoop-auth-2.4.1.jar define 26 overlapping classes: 
[WARNING]   - org.apache.hadoop.security.authentication.server.PseudoAuthenticationHandler
[WARNING]   - org.apache.hadoop.security.authentication.client.AuthenticatedURL
[WARNING]   - org.apache.hadoop.security.authentication.client.AuthenticatedURL$Token
[WARNING]   - org.apache.hadoop.security.authentication.client.Authenticator
[WARNING]   - org.apache.hadoop.security.authentication.util.KerberosName$NoMatchingRule
[WARNING]   - org.apache.hadoop.security.authentication.util.KerberosName$Rule
[WARNING]   - org.apache.hadoop.security.authentication.server.AuthenticationHandler
[WARNING]   - org.apache.hadoop.security.authentication.util.KerberosName$BadFormatString
[WARNING]   - org.apache.hadoop.util.PlatformName
[WARNING]   - org.apache.hadoop.security.authentication.server.KerberosAuthenticationHandler$1
[WARNING]   - 16 more...
[WARNING] flink-fs-hadoop-shaded-1.12-SNAPSHOT.jar, commons-beanutils-1.8.3.jar, commons-collections-3.2.2.jar define 10 overlapping classes: 
[WARNING]   - org.apache.commons.collections.FastHashMap$EntrySet
[WARNING]   - org.apache.commons.collections.FastHashMap$KeySet
[WARNING]   - org.apache.commons.collections.FastHashMap$CollectionView$CollectionViewIterator
[WARNING]   - org.apache.commons.collections.ArrayStack
[WARNING]   - org.apache.commons.collections.FastHashMap$Values
[WARNING]   - org.apache.commons.collections.FastHashMap$CollectionView
[WARNING]   - org.apache.commons.collections.FastHashMap$1
[WARNING]   - org.apache.commons.collections.Buffer
[WARNING]   - org.apache.commons.collections.FastHashMap
[WARNING]   - org.apache.commons.collections.BufferUnderflowException
[WARNING] hadoop-annotations-2.4.1.jar, flink-fs-hadoop-shaded-1.12-SNAPSHOT.jar define 15 overlapping classes: 
[WARNING]   - org.apache.hadoop.classification.InterfaceStability
[WARNING]   - org.apache.hadoop.classification.tools.RootDocProcessor$ExcludeHandler
[WARNING]   - org.apache.hadoop.classification.InterfaceAudience$Private
[WARNING]   - org.apache.hadoop.classification.InterfaceAudience$LimitedPrivate
[WARNING]   - org.apache.hadoop.classification.tools.package-info
[WARNING]   - org.apache.hadoop.classification.tools.ExcludePrivateAnnotationsStandardDoclet
[WARNING]   - org.apache.hadoop.classification.InterfaceStability$Evolving
[WARNING]   - org.apache.hadoop.classification.tools.IncludePublicAnnotationsStandardDoclet
[WARNING]   - org.apache.hadoop.classification.InterfaceStability$Stable
[WARNING]   - org.apache.hadoop.classification.InterfaceAudience
[WARNING]   - 5 more...
[WARNING] maven-shade-plugin has detected that some class files are
[WARNING] present in two or more JARs. When this happens, only one
[WARNING] single version of the class is copied to the uber jar.
[WARNING] Usually this is not harmful and you can skip these warnings,
[WARNING] otherwise try to manually exclude artifacts based on
[WARNING] mvn dependency:tree -Ddetail=true and the above output.
[WARNING] See http://maven.apache.org/plugins/maven-shade-plugin/
[INFO] Replacing original artifact with shaded artifact.
[INFO] Replacing /home/runner/work/sonar-analysis/sonar-analysis/project/flink-filesystems/flink-oss-fs-hadoop/target/flink-oss-fs-hadoop-1.12-SNAPSHOT.jar with /home/runner/work/sonar-analysis/sonar-analysis/project/flink-filesystems/flink-oss-fs-hadoop/target/flink-oss-fs-hadoop-1.12-SNAPSHOT-shaded.jar
[INFO] Dependency-reduced POM written at: /home/runner/work/sonar-analysis/sonar-analysis/project/flink-filesystems/flink-oss-fs-hadoop/target/dependency-reduced-pom.xml
[INFO] 
[INFO] --- surefire:2.22.1:test (integration-tests) @ flink-oss-fs-hadoop ---
[INFO] Tests are skipped.
[INFO] 
[INFO] --- install:2.5.2:install (default-install) @ flink-oss-fs-hadoop ---
[INFO] Installing /home/runner/work/sonar-analysis/sonar-analysis/project/flink-filesystems/flink-oss-fs-hadoop/target/flink-oss-fs-hadoop-1.12-SNAPSHOT.jar to /home/runner/.m2/repository/org/apache/flink/flink-oss-fs-hadoop/1.12-SNAPSHOT/flink-oss-fs-hadoop-1.12-SNAPSHOT.jar
[INFO] Installing /home/runner/work/sonar-analysis/sonar-analysis/project/flink-filesystems/flink-oss-fs-hadoop/target/dependency-reduced-pom.xml to /home/runner/.m2/repository/org/apache/flink/flink-oss-fs-hadoop/1.12-SNAPSHOT/flink-oss-fs-hadoop-1.12-SNAPSHOT.pom
[INFO] 
[INFO] ---------------< org.apache.flink:flink-azure-fs-hadoop >---------------
[INFO] Building flink-azure-fs-hadoop 1.12-SNAPSHOT                    [23/182]
[INFO]   from flink-filesystems/flink-azure-fs-hadoop/pom.xml
[INFO] --------------------------------[ jar ]---------------------------------
[INFO] 
[INFO] --- clean:3.1.0:clean (default-clean) @ flink-azure-fs-hadoop ---
[INFO] Deleting /home/runner/work/sonar-analysis/sonar-analysis/project/flink-filesystems/flink-azure-fs-hadoop/target
[INFO] 
[INFO] --- checkstyle:2.17:check (validate) @ flink-azure-fs-hadoop ---
[INFO] 
[INFO] --- enforcer:3.0.0-M1:enforce (enforce-maven-version) @ flink-azure-fs-hadoop ---
[INFO] Skipping Rule Enforcement.
[INFO] 
[INFO] --- enforcer:3.0.0-M1:enforce (enforce-maven) @ flink-azure-fs-hadoop ---
[INFO] Skipping Rule Enforcement.
[INFO] 
[INFO] --- enforcer:3.0.0-M1:enforce (ban-unsafe-jackson) @ flink-azure-fs-hadoop ---
[INFO] Skipping Rule Enforcement.
[INFO] 
[INFO] --- enforcer:3.0.0-M1:enforce (forbid-log4j-1) @ flink-azure-fs-hadoop ---
[INFO] Skipping Rule Enforcement.
[INFO] 
[INFO] --- enforcer:3.0.0-M1:enforce (enforce-versions) @ flink-azure-fs-hadoop ---
[INFO] Skipping Rule Enforcement.
[INFO] 
[INFO] --- directory:0.1:highest-basedir (directories) @ flink-azure-fs-hadoop ---
[INFO] Highest basedir set to: /home/runner/work/sonar-analysis/sonar-analysis/project
[INFO] 
[INFO] --- remote-resources:1.5:process (process-resource-bundles) @ flink-azure-fs-hadoop ---
[INFO] 
[INFO] --- resources:3.1.0:resources (default-resources) @ flink-azure-fs-hadoop ---
[INFO] Using 'UTF-8' encoding to copy filtered resources.
[INFO] Copying 1 resource
[INFO] Copying 3 resources
[INFO] 
[INFO] --- compiler:3.8.0:compile (default-compile) @ flink-azure-fs-hadoop ---
[INFO] Compiling 4 source files to /home/runner/work/sonar-analysis/sonar-analysis/project/flink-filesystems/flink-azure-fs-hadoop/target/classes
[INFO] 
[INFO] --- resources:3.1.0:testResources (default-testResources) @ flink-azure-fs-hadoop ---
[INFO] Using 'UTF-8' encoding to copy filtered resources.
[INFO] Copying 1 resource
[INFO] Copying 3 resources
[INFO] 
[INFO] --- compiler:3.8.0:testCompile (default-testCompile) @ flink-azure-fs-hadoop ---
[INFO] Compiling 2 source files to /home/runner/work/sonar-analysis/sonar-analysis/project/flink-filesystems/flink-azure-fs-hadoop/target/test-classes
[INFO] /home/runner/work/sonar-analysis/sonar-analysis/project/flink-filesystems/flink-azure-fs-hadoop/src/test/java/org/apache/flink/fs/azurefs/AzureFileSystemBehaviorITCase.java: /home/runner/work/sonar-analysis/sonar-analysis/project/flink-filesystems/flink-azure-fs-hadoop/src/test/java/org/apache/flink/fs/azurefs/AzureFileSystemBehaviorITCase.java uses or overrides a deprecated API.
[INFO] /home/runner/work/sonar-analysis/sonar-analysis/project/flink-filesystems/flink-azure-fs-hadoop/src/test/java/org/apache/flink/fs/azurefs/AzureFileSystemBehaviorITCase.java: Recompile with -Xlint:deprecation for details.
[INFO] 
[INFO] --- surefire:2.22.1:test (default-test) @ flink-azure-fs-hadoop ---
[INFO] Tests are skipped.
[INFO] 
[INFO] --- jar:2.4:jar (default-jar) @ flink-azure-fs-hadoop ---
[INFO] Building jar: /home/runner/work/sonar-analysis/sonar-analysis/project/flink-filesystems/flink-azure-fs-hadoop/target/flink-azure-fs-hadoop-1.12-SNAPSHOT.jar
[INFO] 
[INFO] --- shade:3.2.1:shade (shade-flink) @ flink-azure-fs-hadoop ---
[INFO] Including commons-collections:commons-collections:jar:3.2.2 in the shaded jar.
[INFO] Including org.apache.flink:flink-hadoop-fs:jar:1.12-SNAPSHOT in the shaded jar.
[INFO] Including org.apache.flink:flink-fs-hadoop-shaded:jar:1.12-SNAPSHOT in the shaded jar.
[INFO] Including org.apache.hadoop:hadoop-common:jar:2.4.1 in the shaded jar.
[INFO] Including org.apache.hadoop:hadoop-annotations:jar:2.4.1 in the shaded jar.
[INFO] Including xmlenc:xmlenc:jar:0.52 in the shaded jar.
[INFO] Including commons-httpclient:commons-httpclient:jar:3.1 in the shaded jar.
[INFO] Including commons-io:commons-io:jar:2.4 in the shaded jar.
[INFO] Including javax.servlet:servlet-api:jar:2.5 in the shaded jar.
[INFO] Including org.mortbay.jetty:jetty:jar:6.1.26 in the shaded jar.
[INFO] Including org.mortbay.jetty:jetty-util:jar:6.1.26 in the shaded jar.
[INFO] Including tomcat:jasper-compiler:jar:5.5.23 in the shaded jar.
[INFO] Including tomcat:jasper-runtime:jar:5.5.23 in the shaded jar.
[INFO] Including commons-el:commons-el:jar:1.0 in the shaded jar.
[INFO] Including commons-logging:commons-logging:jar:1.1.3 in the shaded jar.
[INFO] Including net.java.dev.jets3t:jets3t:jar:0.9.0 in the shaded jar.
[INFO] Including com.jamesmurty.utils:java-xmlbuilder:jar:0.4 in the shaded jar.
[INFO] Including commons-lang:commons-lang:jar:2.6 in the shaded jar.
[INFO] Including commons-configuration:commons-configuration:jar:1.7 in the shaded jar.
[INFO] Including commons-digester:commons-digester:jar:1.8.1 in the shaded jar.
[INFO] Including commons-beanutils:commons-beanutils:jar:1.8.3 in the shaded jar.
[INFO] Including org.codehaus.jackson:jackson-core-asl:jar:1.8.8 in the shaded jar.
[INFO] Including org.codehaus.jackson:jackson-mapper-asl:jar:1.8.8 in the shaded jar.
[INFO] Including org.apache.hadoop:hadoop-auth:jar:2.4.1 in the shaded jar.
[INFO] Including org.apache.hadoop:hadoop-azure:jar:3.1.0 in the shaded jar.
[INFO] Including com.fasterxml.jackson.core:jackson-core:jar:2.10.1 in the shaded jar.
[INFO] Including org.apache.httpcomponents:httpclient:jar:4.5.3 in the shaded jar.
[INFO] Including org.apache.httpcomponents:httpcore:jar:4.4.6 in the shaded jar.
[INFO] Including commons-codec:commons-codec:jar:1.10 in the shaded jar.
[INFO] Including com.microsoft.azure:azure-storage:jar:5.4.0 in the shaded jar.
[INFO] Including com.microsoft.azure:azure-keyvault-core:jar:0.8.0 in the shaded jar.
[INFO] Including com.google.guava:guava:jar:11.0.2 in the shaded jar.
[INFO] Including org.eclipse.jetty:jetty-util-ajax:jar:9.3.24.v20180605 in the shaded jar.
[INFO] Including org.eclipse.jetty:jetty-util:jar:9.3.24.v20180605 in the shaded jar.
[INFO] Including com.fasterxml.jackson.core:jackson-databind:jar:2.10.1 in the shaded jar.
[INFO] Including com.fasterxml.jackson.core:jackson-annotations:jar:2.10.1 in the shaded jar.
[INFO] Including org.apache.flink:force-shading:jar:1.12-SNAPSHOT in the shaded jar.
[INFO] No artifact matching filter io.netty:netty
[WARNING] Discovered module-info.class. Shading will break its strong encapsulation.
[WARNING] Discovered module-info.class. Shading will break its strong encapsulation.
[WARNING] Discovered module-info.class. Shading will break its strong encapsulation.
[WARNING] flink-fs-hadoop-shaded-1.12-SNAPSHOT.jar, hadoop-common-2.4.1.jar define 1508 overlapping classes: 
[WARNING]   - org.apache.hadoop.io.ArrayFile
[WARNING]   - org.apache.hadoop.ha.ZKFailoverController$2
[WARNING]   - org.apache.hadoop.fs.FileSystem$Cache
[WARNING]   - org.apache.hadoop.io.compress.DecompressorStream
[WARNING]   - org.apache.hadoop.util.HeapSort
[WARNING]   - org.apache.hadoop.security.SaslRpcServer$AuthMethod
[WARNING]   - org.apache.hadoop.fs.FileContext$27
[WARNING]   - org.apache.hadoop.ha.protocolPB.HAServiceProtocolClientSideTranslatorPB$1
[WARNING]   - org.apache.hadoop.io.nativeio.NativeIO$POSIX
[WARNING]   - org.apache.hadoop.util.ShutdownHookManager$2
[WARNING]   - 1498 more...
[WARNING] guava-11.0.2.jar, flink-fs-hadoop-shaded-1.12-SNAPSHOT.jar define 1266 overlapping classes: 
[WARNING]   - com.google.common.collect.Multimaps$FilteredMultimap$AsMap$Values$1
[WARNING]   - com.google.common.cache.LocalCache$KeyIterator
[WARNING]   - com.google.common.io.LineProcessor
[WARNING]   - com.google.common.collect.ComputingConcurrentHashMap$ComputingSerializationProxy
[WARNING]   - com.google.common.io.ByteProcessor
[WARNING]   - com.google.common.io.InputSupplier
[WARNING]   - com.google.common.math.package-info
[WARNING]   - com.google.common.util.concurrent.SimpleTimeLimiter
[WARNING]   - com.google.common.collect.ImmutableCollection$1
[WARNING]   - com.google.common.cache.AbstractCache$StatsCounter
[WARNING]   - 1256 more...
[WARNING] commons-logging-1.1.3.jar, flink-fs-hadoop-shaded-1.12-SNAPSHOT.jar define 28 overlapping classes: 
[WARNING]   - org.apache.commons.logging.LogSource
[WARNING]   - org.apache.commons.logging.impl.ServletContextCleaner
[WARNING]   - org.apache.commons.logging.Log
[WARNING]   - org.apache.commons.logging.LogFactory$3
[WARNING]   - org.apache.commons.logging.impl.LogFactoryImpl$2
[WARNING]   - org.apache.commons.logging.impl.LogKitLogger
[WARNING]   - org.apache.commons.logging.LogConfigurationException
[WARNING]   - org.apache.commons.logging.impl.Jdk14Logger
[WARNING]   - org.apache.commons.logging.impl.WeakHashtable$Referenced
[WARNING]   - org.apache.commons.logging.impl.WeakHashtable$WeakKey
[WARNING]   - 18 more...
[WARNING] commons-lang-2.6.jar, flink-fs-hadoop-shaded-1.12-SNAPSHOT.jar define 133 overlapping classes: 
[WARNING]   - org.apache.commons.lang.NotImplementedException
[WARNING]   - org.apache.commons.lang.math.JVMRandom
[WARNING]   - org.apache.commons.lang.builder.ToStringBuilder
[WARNING]   - org.apache.commons.lang.time.FastDateFormat$TimeZoneDisplayKey
[WARNING]   - org.apache.commons.lang.exception.NestableRuntimeException
[WARNING]   - org.apache.commons.lang.text.StrMatcher$TrimMatcher
[WARNING]   - org.apache.commons.lang.time.FastDateFormat$CharacterLiteral
[WARNING]   - org.apache.commons.lang.time.FastDateFormat$TimeZoneNameRule
[WARNING]   - org.apache.commons.lang.mutable.MutableDouble
[WARNING]   - org.apache.commons.lang.LocaleUtils
[WARNING]   - 123 more...
[WARNING] flink-fs-hadoop-shaded-1.12-SNAPSHOT.jar, commons-beanutils-1.8.3.jar define 126 overlapping classes: 
[WARNING]   - org.apache.commons.beanutils.ConvertUtilsBean
[WARNING]   - org.apache.commons.beanutils.converters.SqlTimeConverter
[WARNING]   - org.apache.commons.beanutils.converters.FloatArrayConverter
[WARNING]   - org.apache.commons.beanutils.BeanMap$1
[WARNING]   - org.apache.commons.beanutils.BeanMap$4
[WARNING]   - org.apache.commons.beanutils.converters.LongArrayConverter
[WARNING]   - org.apache.commons.beanutils.converters.BooleanArrayConverter
[WARNING]   - org.apache.commons.beanutils.converters.StringConverter
[WARNING]   - org.apache.commons.beanutils.BeanMap$12
[WARNING]   - org.apache.commons.beanutils.BeanPredicate
[WARNING]   - 116 more...
[WARNING] jasper-compiler-5.5.23.jar, jasper-runtime-5.5.23.jar define 1 overlapping classes: 
[WARNING]   - org.apache.jasper.compiler.Localizer
[WARNING] flink-fs-hadoop-shaded-1.12-SNAPSHOT.jar, commons-collections-3.2.2.jar define 450 overlapping classes: 
[WARNING]   - org.apache.commons.collections.map.AbstractLinkedMap$LinkMapIterator
[WARNING]   - org.apache.commons.collections.bidimap.TreeBidiMap$Node
[WARNING]   - org.apache.commons.collections.comparators.TransformingComparator
[WARNING]   - org.apache.commons.collections.iterators.AbstractListIteratorDecorator
[WARNING]   - org.apache.commons.collections.bag.AbstractMapBag$BagIterator
[WARNING]   - org.apache.commons.collections.map.AbstractReferenceMap$ReferenceKeySetIterator
[WARNING]   - org.apache.commons.collections.DoubleOrderedMap$3$1
[WARNING]   - org.apache.commons.collections.StaticBucketMap
[WARNING]   - org.apache.commons.collections.ReferenceMap$1
[WARNING]   - org.apache.commons.collections.comparators.ComparatorChain
[WARNING]   - 440 more...
[WARNING] flink-fs-hadoop-shaded-1.12-SNAPSHOT.jar, commons-io-2.4.jar define 110 overlapping classes: 
[WARNING]   - org.apache.commons.io.FileCleaningTracker
[WARNING]   - org.apache.commons.io.comparator.SizeFileComparator
[WARNING]   - org.apache.commons.io.input.CloseShieldInputStream
[WARNING]   - org.apache.commons.io.filefilter.EmptyFileFilter
[WARNING]   - org.apache.commons.io.monitor.FileEntry
[WARNING]   - org.apache.commons.io.output.ThresholdingOutputStream
[WARNING]   - org.apache.commons.io.input.TailerListener
[WARNING]   - org.apache.commons.io.IOExceptionWithCause
[WARNING]   - org.apache.commons.io.comparator.PathFileComparator
[WARNING]   - org.apache.commons.io.filefilter.NotFileFilter
[WARNING]   - 100 more...
[WARNING] flink-fs-hadoop-shaded-1.12-SNAPSHOT.jar, hadoop-auth-2.4.1.jar define 26 overlapping classes: 
[WARNING]   - org.apache.hadoop.security.authentication.server.PseudoAuthenticationHandler
[WARNING]   - org.apache.hadoop.security.authentication.client.AuthenticatedURL
[WARNING]   - org.apache.hadoop.security.authentication.client.AuthenticatedURL$Token
[WARNING]   - org.apache.hadoop.security.authentication.client.Authenticator
[WARNING]   - org.apache.hadoop.security.authentication.util.KerberosName$NoMatchingRule
[WARNING]   - org.apache.hadoop.security.authentication.util.KerberosName$Rule
[WARNING]   - org.apache.hadoop.security.authentication.server.AuthenticationHandler
[WARNING]   - org.apache.hadoop.security.authentication.util.KerberosName$BadFormatString
[WARNING]   - org.apache.hadoop.util.PlatformName
[WARNING]   - org.apache.hadoop.security.authentication.server.KerberosAuthenticationHandler$1
[WARNING]   - 16 more...
[WARNING] flink-fs-hadoop-shaded-1.12-SNAPSHOT.jar, commons-beanutils-1.8.3.jar, commons-collections-3.2.2.jar define 10 overlapping classes: 
[WARNING]   - org.apache.commons.collections.FastHashMap$EntrySet
[WARNING]   - org.apache.commons.collections.FastHashMap$KeySet
[WARNING]   - org.apache.commons.collections.FastHashMap$CollectionView$CollectionViewIterator
[WARNING]   - org.apache.commons.collections.ArrayStack
[WARNING]   - org.apache.commons.collections.FastHashMap$Values
[WARNING]   - org.apache.commons.collections.FastHashMap$CollectionView
[WARNING]   - org.apache.commons.collections.FastHashMap$1
[WARNING]   - org.apache.commons.collections.Buffer
[WARNING]   - org.apache.commons.collections.FastHashMap
[WARNING]   - org.apache.commons.collections.BufferUnderflowException
[WARNING] hadoop-annotations-2.4.1.jar, flink-fs-hadoop-shaded-1.12-SNAPSHOT.jar define 15 overlapping classes: 
[WARNING]   - org.apache.hadoop.classification.InterfaceStability
[WARNING]   - org.apache.hadoop.classification.tools.RootDocProcessor$ExcludeHandler
[WARNING]   - org.apache.hadoop.classification.InterfaceAudience$Private
[WARNING]   - org.apache.hadoop.classification.InterfaceAudience$LimitedPrivate
[WARNING]   - org.apache.hadoop.classification.tools.package-info
[WARNING]   - org.apache.hadoop.classification.tools.ExcludePrivateAnnotationsStandardDoclet
[WARNING]   - org.apache.hadoop.classification.InterfaceStability$Evolving
[WARNING]   - org.apache.hadoop.classification.tools.IncludePublicAnnotationsStandardDoclet
[WARNING]   - org.apache.hadoop.classification.InterfaceStability$Stable
[WARNING]   - org.apache.hadoop.classification.InterfaceAudience
[WARNING]   - 5 more...
[WARNING] maven-shade-plugin has detected that some class files are
[WARNING] present in two or more JARs. When this happens, only one
[WARNING] single version of the class is copied to the uber jar.
[WARNING] Usually this is not harmful and you can skip these warnings,
[WARNING] otherwise try to manually exclude artifacts based on
[WARNING] mvn dependency:tree -Ddetail=true and the above output.
[WARNING] See http://maven.apache.org/plugins/maven-shade-plugin/
[INFO] Replacing original artifact with shaded artifact.
[INFO] Replacing /home/runner/work/sonar-analysis/sonar-analysis/project/flink-filesystems/flink-azure-fs-hadoop/target/flink-azure-fs-hadoop-1.12-SNAPSHOT.jar with /home/runner/work/sonar-analysis/sonar-analysis/project/flink-filesystems/flink-azure-fs-hadoop/target/flink-azure-fs-hadoop-1.12-SNAPSHOT-shaded.jar
[INFO] Dependency-reduced POM written at: /home/runner/work/sonar-analysis/sonar-analysis/project/flink-filesystems/flink-azure-fs-hadoop/target/dependency-reduced-pom.xml
[INFO] 
[INFO] --- surefire:2.22.1:test (integration-tests) @ flink-azure-fs-hadoop ---
[INFO] Tests are skipped.
[INFO] 
[INFO] --- install:2.5.2:install (default-install) @ flink-azure-fs-hadoop ---
[INFO] Installing /home/runner/work/sonar-analysis/sonar-analysis/project/flink-filesystems/flink-azure-fs-hadoop/target/flink-azure-fs-hadoop-1.12-SNAPSHOT.jar to /home/runner/.m2/repository/org/apache/flink/flink-azure-fs-hadoop/1.12-SNAPSHOT/flink-azure-fs-hadoop-1.12-SNAPSHOT.jar
[INFO] Installing /home/runner/work/sonar-analysis/sonar-analysis/project/flink-filesystems/flink-azure-fs-hadoop/target/dependency-reduced-pom.xml to /home/runner/.m2/repository/org/apache/flink/flink-azure-fs-hadoop/1.12-SNAPSHOT/flink-azure-fs-hadoop-1.12-SNAPSHOT.pom
[INFO] 
[INFO] ---------------< org.apache.flink:flink-optimizer_2.11 >----------------
[INFO] Building flink-optimizer 1.12-SNAPSHOT                          [24/182]
[INFO]   from flink-optimizer/pom.xml
[INFO] --------------------------------[ jar ]---------------------------------
[INFO] 
[INFO] --- clean:3.1.0:clean (default-clean) @ flink-optimizer_2.11 ---
[INFO] Deleting /home/runner/work/sonar-analysis/sonar-analysis/project/flink-optimizer/target
[INFO] 
[INFO] --- checkstyle:2.17:check (validate) @ flink-optimizer_2.11 ---
[INFO] 
[INFO] --- enforcer:3.0.0-M1:enforce (enforce-maven-version) @ flink-optimizer_2.11 ---
[INFO] Skipping Rule Enforcement.
[INFO] 
[INFO] --- enforcer:3.0.0-M1:enforce (enforce-maven) @ flink-optimizer_2.11 ---
[INFO] Skipping Rule Enforcement.
[INFO] 
[INFO] --- enforcer:3.0.0-M1:enforce (ban-unsafe-jackson) @ flink-optimizer_2.11 ---
[INFO] Skipping Rule Enforcement.
[INFO] 
[INFO] --- enforcer:3.0.0-M1:enforce (forbid-log4j-1) @ flink-optimizer_2.11 ---
[INFO] Skipping Rule Enforcement.
[INFO] 
[INFO] --- enforcer:3.0.0-M1:enforce (enforce-versions) @ flink-optimizer_2.11 ---
[INFO] Skipping Rule Enforcement.
[INFO] 
[INFO] --- directory:0.1:highest-basedir (directories) @ flink-optimizer_2.11 ---
[INFO] Highest basedir set to: /home/runner/work/sonar-analysis/sonar-analysis/project
[INFO] 
[INFO] --- remote-resources:1.5:process (process-resource-bundles) @ flink-optimizer_2.11 ---
[INFO] 
[INFO] --- resources:3.1.0:resources (default-resources) @ flink-optimizer_2.11 ---
[INFO] Using 'UTF-8' encoding to copy filtered resources.
[INFO] skip non existing resourceDirectory /home/runner/work/sonar-analysis/sonar-analysis/project/flink-optimizer/src/main/resources
[INFO] Copying 3 resources
[INFO] 
[INFO] --- compiler:3.8.0:compile (default-compile) @ flink-optimizer_2.11 ---
[INFO] Compiling 132 source files to /home/runner/work/sonar-analysis/sonar-analysis/project/flink-optimizer/target/classes
[INFO] /home/runner/work/sonar-analysis/sonar-analysis/project/flink-optimizer/src/main/java/org/apache/flink/optimizer/dag/SingleInputNode.java: Some input files use or override a deprecated API.
[INFO] /home/runner/work/sonar-analysis/sonar-analysis/project/flink-optimizer/src/main/java/org/apache/flink/optimizer/dag/SingleInputNode.java: Recompile with -Xlint:deprecation for details.
[INFO] /home/runner/work/sonar-analysis/sonar-analysis/project/flink-optimizer/src/main/java/org/apache/flink/optimizer/plantranslate/JobGraphGenerator.java: Some input files use unchecked or unsafe operations.
[INFO] /home/runner/work/sonar-analysis/sonar-analysis/project/flink-optimizer/src/main/java/org/apache/flink/optimizer/plantranslate/JobGraphGenerator.java: Recompile with -Xlint:unchecked for details.
[INFO] 
[INFO] --- resources:3.1.0:testResources (default-testResources) @ flink-optimizer_2.11 ---
[INFO] Using 'UTF-8' encoding to copy filtered resources.
[INFO] Copying 1 resource
[INFO] Copying 3 resources
[INFO] 
[INFO] --- compiler:3.8.0:testCompile (default-testCompile) @ flink-optimizer_2.11 ---
[INFO] Compiling 89 source files to /home/runner/work/sonar-analysis/sonar-analysis/project/flink-optimizer/target/test-classes
[INFO] /home/runner/work/sonar-analysis/sonar-analysis/project/flink-optimizer/src/test/java/org/apache/flink/optimizer/util/OperatorResolver.java: Some input files use unchecked or unsafe operations.
[INFO] /home/runner/work/sonar-analysis/sonar-analysis/project/flink-optimizer/src/test/java/org/apache/flink/optimizer/util/OperatorResolver.java: Recompile with -Xlint:unchecked for details.
[INFO] 
[INFO] --- surefire:2.22.1:test (default-test) @ flink-optimizer_2.11 ---
[INFO] Tests are skipped.
[INFO] 
[INFO] --- jar:2.4:jar (default-jar) @ flink-optimizer_2.11 ---
[INFO] Building jar: /home/runner/work/sonar-analysis/sonar-analysis/project/flink-optimizer/target/flink-optimizer_2.11-1.12-SNAPSHOT.jar
[INFO] 
[INFO] --- jar:2.4:test-jar (default) @ flink-optimizer_2.11 ---
[INFO] Building jar: /home/runner/work/sonar-analysis/sonar-analysis/project/flink-optimizer/target/flink-optimizer_2.11-1.12-SNAPSHOT-tests.jar
[INFO] 
[INFO] --- shade:3.2.1:shade (shade-flink) @ flink-optimizer_2.11 ---
[INFO] Excluding org.apache.flink:flink-core:jar:1.12-SNAPSHOT from the shaded jar.
[INFO] Excluding org.apache.flink:flink-annotations:jar:1.12-SNAPSHOT from the shaded jar.
[INFO] Excluding org.apache.flink:flink-metrics-core:jar:1.12-SNAPSHOT from the shaded jar.
[INFO] Excluding org.apache.flink:flink-shaded-asm-7:jar:7.1-10.0 from the shaded jar.
[INFO] Excluding org.apache.commons:commons-lang3:jar:3.3.2 from the shaded jar.
[INFO] Excluding com.esotericsoftware.kryo:kryo:jar:2.24.0 from the shaded jar.
[INFO] Excluding com.esotericsoftware.minlog:minlog:jar:1.2 from the shaded jar.
[INFO] Excluding commons-collections:commons-collections:jar:3.2.2 from the shaded jar.
[INFO] Excluding org.apache.commons:commons-compress:jar:1.20 from the shaded jar.
[INFO] Excluding org.apache.flink:flink-runtime_2.11:jar:1.12-SNAPSHOT from the shaded jar.
[INFO] Excluding org.apache.flink:flink-queryable-state-client-java:jar:1.12-SNAPSHOT from the shaded jar.
[INFO] Excluding org.apache.flink:flink-hadoop-fs:jar:1.12-SNAPSHOT from the shaded jar.
[INFO] Excluding commons-io:commons-io:jar:2.4 from the shaded jar.
[INFO] Excluding org.apache.flink:flink-shaded-netty:jar:4.1.39.Final-10.0 from the shaded jar.
[INFO] Excluding org.apache.flink:flink-shaded-zookeeper-3:jar:3.4.10-10.0 from the shaded jar.
[INFO] Excluding commons-cli:commons-cli:jar:1.3.1 from the shaded jar.
[INFO] Excluding org.javassist:javassist:jar:3.24.0-GA from the shaded jar.
[INFO] Excluding org.scala-lang:scala-library:jar:2.11.12 from the shaded jar.
[INFO] Excluding com.typesafe.akka:akka-actor_2.11:jar:2.5.21 from the shaded jar.
[INFO] Excluding com.typesafe:config:jar:1.3.0 from the shaded jar.
[INFO] Excluding org.scala-lang.modules:scala-java8-compat_2.11:jar:0.7.0 from the shaded jar.
[INFO] Excluding com.typesafe.akka:akka-remote_2.11:jar:2.5.21 from the shaded jar.
[INFO] Excluding io.netty:netty:jar:3.10.6.Final from the shaded jar.
[INFO] Excluding com.typesafe.akka:akka-stream_2.11:jar:2.5.21 from the shaded jar.
[INFO] Excluding org.reactivestreams:reactive-streams:jar:1.0.2 from the shaded jar.
[INFO] Excluding com.typesafe:ssl-config-core_2.11:jar:0.3.7 from the shaded jar.
[INFO] Excluding org.scala-lang.modules:scala-parser-combinators_2.11:jar:1.1.1 from the shaded jar.
[INFO] Excluding com.typesafe.akka:akka-protobuf_2.11:jar:2.5.21 from the shaded jar.
[INFO] Excluding com.typesafe.akka:akka-slf4j_2.11:jar:2.5.21 from the shaded jar.
[INFO] Excluding org.clapper:grizzled-slf4j_2.11:jar:1.3.2 from the shaded jar.
[INFO] Excluding com.github.scopt:scopt_2.11:jar:3.5.0 from the shaded jar.
[INFO] Excluding org.xerial.snappy:snappy-java:jar:1.1.4 from the shaded jar.
[INFO] Excluding com.twitter:chill_2.11:jar:0.7.6 from the shaded jar.
[INFO] Excluding com.twitter:chill-java:jar:0.7.6 from the shaded jar.
[INFO] Excluding org.lz4:lz4-java:jar:1.5.0 from the shaded jar.
[INFO] Excluding org.apache.flink:flink-java:jar:1.12-SNAPSHOT from the shaded jar.
[INFO] Excluding org.apache.commons:commons-math3:jar:3.5 from the shaded jar.
[INFO] Excluding org.apache.flink:flink-shaded-guava:jar:18.0-10.0 from the shaded jar.
[INFO] Excluding org.apache.flink:flink-shaded-jackson:jar:2.10.1-10.0 from the shaded jar.
[INFO] Including org.apache.flink:force-shading:jar:1.12-SNAPSHOT in the shaded jar.
[INFO] Excluding org.slf4j:slf4j-api:jar:1.7.15 from the shaded jar.
[INFO] Excluding com.google.code.findbugs:jsr305:jar:1.3.9 from the shaded jar.
[INFO] Excluding org.objenesis:objenesis:jar:2.1 from the shaded jar.
[INFO] Replacing original artifact with shaded artifact.
[INFO] Replacing /home/runner/work/sonar-analysis/sonar-analysis/project/flink-optimizer/target/flink-optimizer_2.11-1.12-SNAPSHOT.jar with /home/runner/work/sonar-analysis/sonar-analysis/project/flink-optimizer/target/flink-optimizer_2.11-1.12-SNAPSHOT-shaded.jar
[INFO] Replacing original test artifact with shaded test artifact.
[INFO] Replacing /home/runner/work/sonar-analysis/sonar-analysis/project/flink-optimizer/target/flink-optimizer_2.11-1.12-SNAPSHOT-tests.jar with /home/runner/work/sonar-analysis/sonar-analysis/project/flink-optimizer/target/flink-optimizer_2.11-1.12-SNAPSHOT-shaded-tests.jar
[INFO] Dependency-reduced POM written at: /home/runner/work/sonar-analysis/sonar-analysis/project/flink-optimizer/target/dependency-reduced-pom.xml
[INFO] 
[INFO] --- surefire:2.22.1:test (integration-tests) @ flink-optimizer_2.11 ---
[INFO] Tests are skipped.
[INFO] 
[INFO] --- install:2.5.2:install (default-install) @ flink-optimizer_2.11 ---
[INFO] Installing /home/runner/work/sonar-analysis/sonar-analysis/project/flink-optimizer/target/flink-optimizer_2.11-1.12-SNAPSHOT.jar to /home/runner/.m2/repository/org/apache/flink/flink-optimizer_2.11/1.12-SNAPSHOT/flink-optimizer_2.11-1.12-SNAPSHOT.jar
[INFO] Installing /home/runner/work/sonar-analysis/sonar-analysis/project/flink-optimizer/target/dependency-reduced-pom.xml to /home/runner/.m2/repository/org/apache/flink/flink-optimizer_2.11/1.12-SNAPSHOT/flink-optimizer_2.11-1.12-SNAPSHOT.pom
[INFO] Installing /home/runner/work/sonar-analysis/sonar-analysis/project/flink-optimizer/target/flink-optimizer_2.11-1.12-SNAPSHOT-tests.jar to /home/runner/.m2/repository/org/apache/flink/flink-optimizer_2.11/1.12-SNAPSHOT/flink-optimizer_2.11-1.12-SNAPSHOT-tests.jar
[INFO] Installing /home/runner/work/sonar-analysis/sonar-analysis/project/flink-optimizer/target/flink-optimizer_2.11-1.12-SNAPSHOT-tests.jar to /home/runner/.m2/repository/org/apache/flink/flink-optimizer_2.11/1.12-SNAPSHOT/flink-optimizer_2.11-1.12-SNAPSHOT-tests.jar
[INFO] 
[INFO] -------------< org.apache.flink:flink-streaming-java_2.11 >-------------
[INFO] Building flink-streaming-java 1.12-SNAPSHOT                     [25/182]
[INFO]   from flink-streaming-java/pom.xml
[INFO] --------------------------------[ jar ]---------------------------------
[INFO] 
[INFO] --- clean:3.1.0:clean (default-clean) @ flink-streaming-java_2.11 ---
[INFO] Deleting /home/runner/work/sonar-analysis/sonar-analysis/project/flink-streaming-java/target
[INFO] 
[INFO] --- checkstyle:2.17:check (validate) @ flink-streaming-java_2.11 ---
[INFO] 
[INFO] --- enforcer:3.0.0-M1:enforce (enforce-maven-version) @ flink-streaming-java_2.11 ---
[INFO] Skipping Rule Enforcement.
[INFO] 
[INFO] --- enforcer:3.0.0-M1:enforce (enforce-maven) @ flink-streaming-java_2.11 ---
[INFO] Skipping Rule Enforcement.
[INFO] 
[INFO] --- enforcer:3.0.0-M1:enforce (ban-unsafe-jackson) @ flink-streaming-java_2.11 ---
[INFO] Skipping Rule Enforcement.
[INFO] 
[INFO] --- enforcer:3.0.0-M1:enforce (forbid-log4j-1) @ flink-streaming-java_2.11 ---
[INFO] Skipping Rule Enforcement.
[INFO] 
[INFO] --- enforcer:3.0.0-M1:enforce (enforce-versions) @ flink-streaming-java_2.11 ---
[INFO] Skipping Rule Enforcement.
[INFO] 
[INFO] --- directory:0.1:highest-basedir (directories) @ flink-streaming-java_2.11 ---
[INFO] Highest basedir set to: /home/runner/work/sonar-analysis/sonar-analysis/project
[INFO] 
[INFO] --- remote-resources:1.5:process (process-resource-bundles) @ flink-streaming-java_2.11 ---
[INFO] 
[INFO] --- resources:3.1.0:resources (default-resources) @ flink-streaming-java_2.11 ---
[INFO] Using 'UTF-8' encoding to copy filtered resources.
[INFO] skip non existing resourceDirectory /home/runner/work/sonar-analysis/sonar-analysis/project/flink-streaming-java/src/main/resources
[INFO] Copying 3 resources
[INFO] 
[INFO] --- compiler:3.8.0:compile (default-compile) @ flink-streaming-java_2.11 ---
[INFO] Compiling 444 source files to /home/runner/work/sonar-analysis/sonar-analysis/project/flink-streaming-java/target/classes
[INFO] /home/runner/work/sonar-analysis/sonar-analysis/project/flink-streaming-java/src/main/java/org/apache/flink/streaming/api/datastream/SingleOutputStreamOperator.java: Some input files use or override a deprecated API.
[INFO] /home/runner/work/sonar-analysis/sonar-analysis/project/flink-streaming-java/src/main/java/org/apache/flink/streaming/api/datastream/SingleOutputStreamOperator.java: Recompile with -Xlint:deprecation for details.
[INFO] /home/runner/work/sonar-analysis/sonar-analysis/project/flink-streaming-java/src/main/java/org/apache/flink/streaming/api/graph/StreamGraphGenerator.java: Some input files use unchecked or unsafe operations.
[INFO] /home/runner/work/sonar-analysis/sonar-analysis/project/flink-streaming-java/src/main/java/org/apache/flink/streaming/api/graph/StreamGraphGenerator.java: Recompile with -Xlint:unchecked for details.
[INFO] 
[INFO] --- resources:3.1.0:testResources (default-testResources) @ flink-streaming-java_2.11 ---
[INFO] Using 'UTF-8' encoding to copy filtered resources.
[INFO] Copying 113 resources
[INFO] Copying 3 resources
[INFO] 
[INFO] --- compiler:3.8.0:testCompile (default-testCompile) @ flink-streaming-java_2.11 ---
[INFO] Compiling 292 source files to /home/runner/work/sonar-analysis/sonar-analysis/project/flink-streaming-java/target/test-classes
[INFO] /home/runner/work/sonar-analysis/sonar-analysis/project/flink-streaming-java/src/test/java/org/apache/flink/streaming/runtime/operators/windowing/RegularWindowOperatorContractTest.java: Some input files use or override a deprecated API.
[INFO] /home/runner/work/sonar-analysis/sonar-analysis/project/flink-streaming-java/src/test/java/org/apache/flink/streaming/runtime/operators/windowing/RegularWindowOperatorContractTest.java: Recompile with -Xlint:deprecation for details.
[INFO] /home/runner/work/sonar-analysis/sonar-analysis/project/flink-streaming-java/src/test/java/org/apache/flink/streaming/util/TestAnyModeMultipleInputStreamOperator.java: Some input files use unchecked or unsafe operations.
[INFO] /home/runner/work/sonar-analysis/sonar-analysis/project/flink-streaming-java/src/test/java/org/apache/flink/streaming/util/TestAnyModeMultipleInputStreamOperator.java: Recompile with -Xlint:unchecked for details.
[INFO] 
[INFO] --- surefire:2.22.1:test (default-test) @ flink-streaming-java_2.11 ---
[INFO] Tests are skipped.
[INFO] 
[INFO] --- jar:2.4:jar (default-jar) @ flink-streaming-java_2.11 ---
[INFO] Building jar: /home/runner/work/sonar-analysis/sonar-analysis/project/flink-streaming-java/target/flink-streaming-java_2.11-1.12-SNAPSHOT.jar
[INFO] 
[INFO] --- jar:2.4:test-jar (default) @ flink-streaming-java_2.11 ---
[INFO] Building jar: /home/runner/work/sonar-analysis/sonar-analysis/project/flink-streaming-java/target/flink-streaming-java_2.11-1.12-SNAPSHOT-tests.jar
[INFO] 
[INFO] --- shade:3.2.1:shade (shade-flink) @ flink-streaming-java_2.11 ---
[INFO] Excluding org.apache.flink:flink-core:jar:1.12-SNAPSHOT from the shaded jar.
[INFO] Excluding org.apache.flink:flink-annotations:jar:1.12-SNAPSHOT from the shaded jar.
[INFO] Excluding org.apache.flink:flink-metrics-core:jar:1.12-SNAPSHOT from the shaded jar.
[INFO] Excluding org.apache.flink:flink-shaded-asm-7:jar:7.1-10.0 from the shaded jar.
[INFO] Excluding org.apache.commons:commons-lang3:jar:3.3.2 from the shaded jar.
[INFO] Excluding com.esotericsoftware.kryo:kryo:jar:2.24.0 from the shaded jar.
[INFO] Excluding com.esotericsoftware.minlog:minlog:jar:1.2 from the shaded jar.
[INFO] Excluding commons-collections:commons-collections:jar:3.2.2 from the shaded jar.
[INFO] Excluding org.apache.commons:commons-compress:jar:1.20 from the shaded jar.
[INFO] Excluding org.apache.flink:flink-runtime_2.11:jar:1.12-SNAPSHOT from the shaded jar.
[INFO] Excluding org.apache.flink:flink-queryable-state-client-java:jar:1.12-SNAPSHOT from the shaded jar.
[INFO] Excluding org.apache.flink:flink-hadoop-fs:jar:1.12-SNAPSHOT from the shaded jar.
[INFO] Excluding commons-io:commons-io:jar:2.4 from the shaded jar.
[INFO] Excluding org.apache.flink:flink-shaded-netty:jar:4.1.39.Final-10.0 from the shaded jar.
[INFO] Excluding org.apache.flink:flink-shaded-jackson:jar:2.10.1-10.0 from the shaded jar.
[INFO] Excluding org.apache.flink:flink-shaded-zookeeper-3:jar:3.4.10-10.0 from the shaded jar.
[INFO] Excluding commons-cli:commons-cli:jar:1.3.1 from the shaded jar.
[INFO] Excluding org.javassist:javassist:jar:3.24.0-GA from the shaded jar.
[INFO] Excluding org.scala-lang:scala-library:jar:2.11.12 from the shaded jar.
[INFO] Excluding com.typesafe.akka:akka-actor_2.11:jar:2.5.21 from the shaded jar.
[INFO] Excluding com.typesafe:config:jar:1.3.0 from the shaded jar.
[INFO] Excluding org.scala-lang.modules:scala-java8-compat_2.11:jar:0.7.0 from the shaded jar.
[INFO] Excluding com.typesafe.akka:akka-remote_2.11:jar:2.5.21 from the shaded jar.
[INFO] Excluding io.netty:netty:jar:3.10.6.Final from the shaded jar.
[INFO] Excluding com.typesafe.akka:akka-stream_2.11:jar:2.5.21 from the shaded jar.
[INFO] Excluding org.reactivestreams:reactive-streams:jar:1.0.2 from the shaded jar.
[INFO] Excluding com.typesafe:ssl-config-core_2.11:jar:0.3.7 from the shaded jar.
[INFO] Excluding org.scala-lang.modules:scala-parser-combinators_2.11:jar:1.1.1 from the shaded jar.
[INFO] Excluding com.typesafe.akka:akka-protobuf_2.11:jar:2.5.21 from the shaded jar.
[INFO] Excluding com.typesafe.akka:akka-slf4j_2.11:jar:2.5.21 from the shaded jar.
[INFO] Excluding org.clapper:grizzled-slf4j_2.11:jar:1.3.2 from the shaded jar.
[INFO] Excluding com.github.scopt:scopt_2.11:jar:3.5.0 from the shaded jar.
[INFO] Excluding org.xerial.snappy:snappy-java:jar:1.1.4 from the shaded jar.
[INFO] Excluding com.twitter:chill_2.11:jar:0.7.6 from the shaded jar.
[INFO] Excluding com.twitter:chill-java:jar:0.7.6 from the shaded jar.
[INFO] Excluding org.lz4:lz4-java:jar:1.5.0 from the shaded jar.
[INFO] Excluding org.apache.flink:flink-java:jar:1.12-SNAPSHOT from the shaded jar.
[INFO] Excluding org.apache.flink:flink-shaded-guava:jar:18.0-10.0 from the shaded jar.
[INFO] Excluding org.apache.commons:commons-math3:jar:3.5 from the shaded jar.
[INFO] Including org.apache.flink:force-shading:jar:1.12-SNAPSHOT in the shaded jar.
[INFO] Excluding org.slf4j:slf4j-api:jar:1.7.15 from the shaded jar.
[INFO] Excluding com.google.code.findbugs:jsr305:jar:1.3.9 from the shaded jar.
[INFO] Excluding org.objenesis:objenesis:jar:2.1 from the shaded jar.
[INFO] Replacing original artifact with shaded artifact.
[INFO] Replacing /home/runner/work/sonar-analysis/sonar-analysis/project/flink-streaming-java/target/flink-streaming-java_2.11-1.12-SNAPSHOT.jar with /home/runner/work/sonar-analysis/sonar-analysis/project/flink-streaming-java/target/flink-streaming-java_2.11-1.12-SNAPSHOT-shaded.jar
[INFO] Replacing original test artifact with shaded test artifact.
[INFO] Replacing /home/runner/work/sonar-analysis/sonar-analysis/project/flink-streaming-java/target/flink-streaming-java_2.11-1.12-SNAPSHOT-tests.jar with /home/runner/work/sonar-analysis/sonar-analysis/project/flink-streaming-java/target/flink-streaming-java_2.11-1.12-SNAPSHOT-shaded-tests.jar
[INFO] Dependency-reduced POM written at: /home/runner/work/sonar-analysis/sonar-analysis/project/flink-streaming-java/target/dependency-reduced-pom.xml
[INFO] 
[INFO] --- surefire:2.22.1:test (integration-tests) @ flink-streaming-java_2.11 ---
[INFO] Tests are skipped.
[INFO] 
[INFO] --- japicmp:0.11.0:cmp (default) @ flink-streaming-java_2.11 ---
[INFO] Written file '/home/runner/work/sonar-analysis/sonar-analysis/project/tools/japicmp-output/flink-streaming-java_2.11/japicmp/japicmp.diff'.
[INFO] Written file '/home/runner/work/sonar-analysis/sonar-analysis/project/tools/japicmp-output/flink-streaming-java_2.11/japicmp/japicmp.xml'.
[INFO] Written file '/home/runner/work/sonar-analysis/sonar-analysis/project/tools/japicmp-output/flink-streaming-java_2.11/japicmp/japicmp.html'.
[INFO] 
[INFO] --- install:2.5.2:install (default-install) @ flink-streaming-java_2.11 ---
[INFO] Installing /home/runner/work/sonar-analysis/sonar-analysis/project/flink-streaming-java/target/flink-streaming-java_2.11-1.12-SNAPSHOT.jar to /home/runner/.m2/repository/org/apache/flink/flink-streaming-java_2.11/1.12-SNAPSHOT/flink-streaming-java_2.11-1.12-SNAPSHOT.jar
[INFO] Installing /home/runner/work/sonar-analysis/sonar-analysis/project/flink-streaming-java/target/dependency-reduced-pom.xml to /home/runner/.m2/repository/org/apache/flink/flink-streaming-java_2.11/1.12-SNAPSHOT/flink-streaming-java_2.11-1.12-SNAPSHOT.pom
[INFO] Installing /home/runner/work/sonar-analysis/sonar-analysis/project/flink-streaming-java/target/flink-streaming-java_2.11-1.12-SNAPSHOT-tests.jar to /home/runner/.m2/repository/org/apache/flink/flink-streaming-java_2.11/1.12-SNAPSHOT/flink-streaming-java_2.11-1.12-SNAPSHOT-tests.jar
[INFO] Installing /home/runner/work/sonar-analysis/sonar-analysis/project/flink-streaming-java/target/flink-streaming-java_2.11-1.12-SNAPSHOT-tests.jar to /home/runner/.m2/repository/org/apache/flink/flink-streaming-java_2.11/1.12-SNAPSHOT/flink-streaming-java_2.11-1.12-SNAPSHOT-tests.jar
[INFO] 
[INFO] ----------------< org.apache.flink:flink-clients_2.11 >-----------------
[INFO] Building flink-clients 1.12-SNAPSHOT                            [26/182]
[INFO]   from flink-clients/pom.xml
[INFO] --------------------------------[ jar ]---------------------------------
[INFO] 
[INFO] --- clean:2.5:clean (default-clean) @ flink-clients_2.11 ---
[INFO] Deleting /home/runner/work/sonar-analysis/sonar-analysis/project/flink-clients/target
[INFO] 
[INFO] --- checkstyle:2.17:check (validate) @ flink-clients_2.11 ---
[INFO] 
[INFO] --- enforcer:3.0.0-M1:enforce (enforce-maven-version) @ flink-clients_2.11 ---
[INFO] Skipping Rule Enforcement.
[INFO] 
[INFO] --- enforcer:3.0.0-M1:enforce (enforce-maven) @ flink-clients_2.11 ---
[INFO] Skipping Rule Enforcement.
[INFO] 
[INFO] --- enforcer:3.0.0-M1:enforce (ban-unsafe-jackson) @ flink-clients_2.11 ---
[INFO] Skipping Rule Enforcement.
[INFO] 
[INFO] --- enforcer:3.0.0-M1:enforce (forbid-log4j-1) @ flink-clients_2.11 ---
[INFO] Skipping Rule Enforcement.
[INFO] 
[INFO] --- enforcer:3.0.0-M1:enforce (enforce-versions) @ flink-clients_2.11 ---
[INFO] Skipping Rule Enforcement.
[INFO] 
[INFO] --- directory:0.1:highest-basedir (directories) @ flink-clients_2.11 ---
[INFO] Highest basedir set to: /home/runner/work/sonar-analysis/sonar-analysis/project
[INFO] 
[INFO] --- remote-resources:1.5:process (process-resource-bundles) @ flink-clients_2.11 ---
[INFO] 
[INFO] --- resources:3.1.0:resources (default-resources) @ flink-clients_2.11 ---
[INFO] Using 'UTF-8' encoding to copy filtered resources.
[INFO] Copying 2 resources
[INFO] Copying 3 resources
[INFO] 
[INFO] --- compiler:3.8.0:compile (default-compile) @ flink-clients_2.11 ---
[INFO] Compiling 79 source files to /home/runner/work/sonar-analysis/sonar-analysis/project/flink-clients/target/classes
[INFO] /home/runner/work/sonar-analysis/sonar-analysis/project/flink-clients/src/main/java/org/apache/flink/client/cli/ProgramOptions.java: Some input files use or override a deprecated API.
[INFO] /home/runner/work/sonar-analysis/sonar-analysis/project/flink-clients/src/main/java/org/apache/flink/client/cli/ProgramOptions.java: Recompile with -Xlint:deprecation for details.
[INFO] /home/runner/work/sonar-analysis/sonar-analysis/project/flink-clients/src/main/java/org/apache/flink/client/deployment/DefaultClusterClientServiceLoader.java: /home/runner/work/sonar-analysis/sonar-analysis/project/flink-clients/src/main/java/org/apache/flink/client/deployment/DefaultClusterClientServiceLoader.java uses unchecked or unsafe operations.
[INFO] /home/runner/work/sonar-analysis/sonar-analysis/project/flink-clients/src/main/java/org/apache/flink/client/deployment/DefaultClusterClientServiceLoader.java: Recompile with -Xlint:unchecked for details.
[INFO] 
[INFO] --- resources:3.1.0:testResources (default-testResources) @ flink-clients_2.11 ---
[INFO] Using 'UTF-8' encoding to copy filtered resources.
[INFO] Copying 8 resources
[INFO] Copying 3 resources
[INFO] 
[INFO] --- compiler:3.8.0:testCompile (default-testCompile) @ flink-clients_2.11 ---
[INFO] Compiling 41 source files to /home/runner/work/sonar-analysis/sonar-analysis/project/flink-clients/target/test-classes
[INFO] /home/runner/work/sonar-analysis/sonar-analysis/project/flink-clients/src/test/java/org/apache/flink/client/cli/CliFrontendSavepointTest.java: /home/runner/work/sonar-analysis/sonar-analysis/project/flink-clients/src/test/java/org/apache/flink/client/cli/CliFrontendSavepointTest.java uses or overrides a deprecated API.
[INFO] /home/runner/work/sonar-analysis/sonar-analysis/project/flink-clients/src/test/java/org/apache/flink/client/cli/CliFrontendSavepointTest.java: Recompile with -Xlint:deprecation for details.
[INFO] /home/runner/work/sonar-analysis/sonar-analysis/project/flink-clients/src/test/java/org/apache/flink/client/cli/CliFrontendListTest.java: Some input files use unchecked or unsafe operations.
[INFO] /home/runner/work/sonar-analysis/sonar-analysis/project/flink-clients/src/test/java/org/apache/flink/client/cli/CliFrontendListTest.java: Recompile with -Xlint:unchecked for details.
[INFO] 
[INFO] --- assembly:2.4:single (create-test-dependency) @ flink-clients_2.11 ---
[INFO] Reading assembly descriptor: src/test/assembly/test-assembly.xml
[INFO] Building jar: /home/runner/work/sonar-analysis/sonar-analysis/project/flink-clients/target/maven-test-jar.jar
[INFO] 
[INFO] --- assembly:2.4:single (create-test-dependency-user-jar) @ flink-clients_2.11 ---
[INFO] Reading assembly descriptor: src/test/assembly/test-assembly-test-user-classloader-job-jar.xml
[INFO] Building jar: /home/runner/work/sonar-analysis/sonar-analysis/project/flink-clients/target/maven-test-user-classloader-job-jar.jar
[INFO] 
[INFO] --- assembly:2.4:single (create-test-dependency-user-jar-depend) @ flink-clients_2.11 ---
[INFO] Reading assembly descriptor: src/test/assembly/test-assembly-test-user-classloader-job-lib-jar.xml
[INFO] Building jar: /home/runner/work/sonar-analysis/sonar-analysis/project/flink-clients/target/maven-test-user-classloader-job-lib-jar.jar
[INFO] 
[INFO] --- clean:2.5:clean (remove-externaltestclasses) @ flink-clients_2.11 ---
[INFO] Deleting /home/runner/work/sonar-analysis/sonar-analysis/project/flink-clients/target/test-classes (includes = [**/testjar/TestUser*.class], excludes = [])
[INFO] 
[INFO] --- surefire:2.22.1:test (default-test) @ flink-clients_2.11 ---
[INFO] Tests are skipped.
[INFO] 
[INFO] --- jar:2.4:jar (default-jar) @ flink-clients_2.11 ---
[INFO] Building jar: /home/runner/work/sonar-analysis/sonar-analysis/project/flink-clients/target/flink-clients_2.11-1.12-SNAPSHOT.jar
[INFO] 
[INFO] --- jar:2.4:test-jar (default) @ flink-clients_2.11 ---
[INFO] Building jar: /home/runner/work/sonar-analysis/sonar-analysis/project/flink-clients/target/flink-clients_2.11-1.12-SNAPSHOT-tests.jar
[INFO] 
[INFO] --- shade:3.2.1:shade (shade-flink) @ flink-clients_2.11 ---
[INFO] Excluding org.apache.flink:flink-core:jar:1.12-SNAPSHOT from the shaded jar.
[INFO] Excluding org.apache.flink:flink-annotations:jar:1.12-SNAPSHOT from the shaded jar.
[INFO] Excluding org.apache.flink:flink-metrics-core:jar:1.12-SNAPSHOT from the shaded jar.
[INFO] Excluding org.apache.flink:flink-shaded-asm-7:jar:7.1-10.0 from the shaded jar.
[INFO] Excluding org.apache.commons:commons-lang3:jar:3.3.2 from the shaded jar.
[INFO] Excluding com.esotericsoftware.kryo:kryo:jar:2.24.0 from the shaded jar.
[INFO] Excluding com.esotericsoftware.minlog:minlog:jar:1.2 from the shaded jar.
[INFO] Excluding commons-collections:commons-collections:jar:3.2.2 from the shaded jar.
[INFO] Excluding org.apache.commons:commons-compress:jar:1.20 from the shaded jar.
[INFO] Excluding org.apache.flink:flink-shaded-guava:jar:18.0-10.0 from the shaded jar.
[INFO] Excluding org.apache.flink:flink-runtime_2.11:jar:1.12-SNAPSHOT from the shaded jar.
[INFO] Excluding org.apache.flink:flink-queryable-state-client-java:jar:1.12-SNAPSHOT from the shaded jar.
[INFO] Excluding org.apache.flink:flink-hadoop-fs:jar:1.12-SNAPSHOT from the shaded jar.
[INFO] Excluding commons-io:commons-io:jar:2.4 from the shaded jar.
[INFO] Excluding org.apache.flink:flink-shaded-netty:jar:4.1.39.Final-10.0 from the shaded jar.
[INFO] Excluding org.apache.flink:flink-shaded-jackson:jar:2.10.1-10.0 from the shaded jar.
[INFO] Excluding org.apache.flink:flink-shaded-zookeeper-3:jar:3.4.10-10.0 from the shaded jar.
[INFO] Excluding org.javassist:javassist:jar:3.24.0-GA from the shaded jar.
[INFO] Excluding org.scala-lang:scala-library:jar:2.11.12 from the shaded jar.
[INFO] Excluding com.typesafe.akka:akka-actor_2.11:jar:2.5.21 from the shaded jar.
[INFO] Excluding com.typesafe:config:jar:1.3.0 from the shaded jar.
[INFO] Excluding org.scala-lang.modules:scala-java8-compat_2.11:jar:0.7.0 from the shaded jar.
[INFO] Excluding com.typesafe.akka:akka-remote_2.11:jar:2.5.21 from the shaded jar.
[INFO] Excluding io.netty:netty:jar:3.10.6.Final from the shaded jar.
[INFO] Excluding com.typesafe.akka:akka-stream_2.11:jar:2.5.21 from the shaded jar.
[INFO] Excluding org.reactivestreams:reactive-streams:jar:1.0.2 from the shaded jar.
[INFO] Excluding com.typesafe:ssl-config-core_2.11:jar:0.3.7 from the shaded jar.
[INFO] Excluding org.scala-lang.modules:scala-parser-combinators_2.11:jar:1.1.1 from the shaded jar.
[INFO] Excluding com.typesafe.akka:akka-protobuf_2.11:jar:2.5.21 from the shaded jar.
[INFO] Excluding com.typesafe.akka:akka-slf4j_2.11:jar:2.5.21 from the shaded jar.
[INFO] Excluding org.clapper:grizzled-slf4j_2.11:jar:1.3.2 from the shaded jar.
[INFO] Excluding com.github.scopt:scopt_2.11:jar:3.5.0 from the shaded jar.
[INFO] Excluding org.xerial.snappy:snappy-java:jar:1.1.4 from the shaded jar.
[INFO] Excluding com.twitter:chill_2.11:jar:0.7.6 from the shaded jar.
[INFO] Excluding com.twitter:chill-java:jar:0.7.6 from the shaded jar.
[INFO] Excluding org.lz4:lz4-java:jar:1.5.0 from the shaded jar.
[INFO] Excluding org.apache.flink:flink-optimizer_2.11:jar:1.12-SNAPSHOT from the shaded jar.
[INFO] Excluding org.apache.flink:flink-java:jar:1.12-SNAPSHOT from the shaded jar.
[INFO] Excluding org.apache.commons:commons-math3:jar:3.5 from the shaded jar.
[INFO] Excluding commons-cli:commons-cli:jar:1.3.1 from the shaded jar.
[INFO] Excluding org.apache.flink:flink-streaming-java_2.11:jar:1.12-SNAPSHOT from the shaded jar.
[INFO] Including org.apache.flink:force-shading:jar:1.12-SNAPSHOT in the shaded jar.
[INFO] Excluding org.slf4j:slf4j-api:jar:1.7.15 from the shaded jar.
[INFO] Excluding com.google.code.findbugs:jsr305:jar:1.3.9 from the shaded jar.
[INFO] Excluding org.objenesis:objenesis:jar:2.1 from the shaded jar.
[INFO] Replacing original artifact with shaded artifact.
[INFO] Replacing /home/runner/work/sonar-analysis/sonar-analysis/project/flink-clients/target/flink-clients_2.11-1.12-SNAPSHOT.jar with /home/runner/work/sonar-analysis/sonar-analysis/project/flink-clients/target/flink-clients_2.11-1.12-SNAPSHOT-shaded.jar
[INFO] Replacing original test artifact with shaded test artifact.
[INFO] Replacing /home/runner/work/sonar-analysis/sonar-analysis/project/flink-clients/target/flink-clients_2.11-1.12-SNAPSHOT-tests.jar with /home/runner/work/sonar-analysis/sonar-analysis/project/flink-clients/target/flink-clients_2.11-1.12-SNAPSHOT-shaded-tests.jar
[INFO] Dependency-reduced POM written at: /home/runner/work/sonar-analysis/sonar-analysis/project/flink-clients/target/dependency-reduced-pom.xml
[INFO] 
[INFO] --- surefire:2.22.1:test (integration-tests) @ flink-clients_2.11 ---
[INFO] Tests are skipped.
[INFO] 
[INFO] --- install:2.5.2:install (default-install) @ flink-clients_2.11 ---
[INFO] Installing /home/runner/work/sonar-analysis/sonar-analysis/project/flink-clients/target/flink-clients_2.11-1.12-SNAPSHOT.jar to /home/runner/.m2/repository/org/apache/flink/flink-clients_2.11/1.12-SNAPSHOT/flink-clients_2.11-1.12-SNAPSHOT.jar
[INFO] Installing /home/runner/work/sonar-analysis/sonar-analysis/project/flink-clients/target/dependency-reduced-pom.xml to /home/runner/.m2/repository/org/apache/flink/flink-clients_2.11/1.12-SNAPSHOT/flink-clients_2.11-1.12-SNAPSHOT.pom
[INFO] Installing /home/runner/work/sonar-analysis/sonar-analysis/project/flink-clients/target/flink-clients_2.11-1.12-SNAPSHOT-tests.jar to /home/runner/.m2/repository/org/apache/flink/flink-clients_2.11/1.12-SNAPSHOT/flink-clients_2.11-1.12-SNAPSHOT-tests.jar
[INFO] Installing /home/runner/work/sonar-analysis/sonar-analysis/project/flink-clients/target/flink-clients_2.11-1.12-SNAPSHOT-tests.jar to /home/runner/.m2/repository/org/apache/flink/flink-clients_2.11/1.12-SNAPSHOT/flink-clients_2.11-1.12-SNAPSHOT-tests.jar
[INFO] 
[INFO] ---------------< org.apache.flink:flink-test-utils_2.11 >---------------
[INFO] Building flink-test-utils 1.12-SNAPSHOT                         [27/182]
[INFO]   from flink-test-utils-parent/flink-test-utils/pom.xml
[INFO] --------------------------------[ jar ]---------------------------------
[INFO] 
[INFO] --- clean:3.1.0:clean (default-clean) @ flink-test-utils_2.11 ---
[INFO] Deleting /home/runner/work/sonar-analysis/sonar-analysis/project/flink-test-utils-parent/flink-test-utils/target
[INFO] 
[INFO] --- checkstyle:2.17:check (validate) @ flink-test-utils_2.11 ---
[INFO] 
[INFO] --- enforcer:3.0.0-M1:enforce (enforce-maven-version) @ flink-test-utils_2.11 ---
[INFO] Skipping Rule Enforcement.
[INFO] 
[INFO] --- enforcer:3.0.0-M1:enforce (enforce-maven) @ flink-test-utils_2.11 ---
[INFO] Skipping Rule Enforcement.
[INFO] 
[INFO] --- enforcer:3.0.0-M1:enforce (ban-unsafe-jackson) @ flink-test-utils_2.11 ---
[INFO] Skipping Rule Enforcement.
[INFO] 
[INFO] --- enforcer:3.0.0-M1:enforce (forbid-log4j-1) @ flink-test-utils_2.11 ---
[INFO] Skipping Rule Enforcement.
[INFO] 
[INFO] --- enforcer:3.0.0-M1:enforce (enforce-versions) @ flink-test-utils_2.11 ---
[INFO] Skipping Rule Enforcement.
[INFO] 
[INFO] --- directory:0.1:highest-basedir (directories) @ flink-test-utils_2.11 ---
[INFO] Highest basedir set to: /home/runner/work/sonar-analysis/sonar-analysis/project
[INFO] 
[INFO] --- remote-resources:1.5:process (process-resource-bundles) @ flink-test-utils_2.11 ---
[INFO] 
[INFO] --- resources:3.1.0:resources (default-resources) @ flink-test-utils_2.11 ---
[INFO] Using 'UTF-8' encoding to copy filtered resources.
[INFO] Copying 4 resources
[INFO] Copying 3 resources
[INFO] 
[INFO] --- compiler:3.8.0:compile (default-compile) @ flink-test-utils_2.11 ---
[INFO] Compiling 24 source files to /home/runner/work/sonar-analysis/sonar-analysis/project/flink-test-utils-parent/flink-test-utils/target/classes
[INFO] 
[INFO] --- resources:3.1.0:testResources (default-testResources) @ flink-test-utils_2.11 ---
[INFO] Using 'UTF-8' encoding to copy filtered resources.
[INFO] skip non existing resourceDirectory /home/runner/work/sonar-analysis/sonar-analysis/project/flink-test-utils-parent/flink-test-utils/src/test/resources
[INFO] Copying 3 resources
[INFO] 
[INFO] --- compiler:3.8.0:testCompile (default-testCompile) @ flink-test-utils_2.11 ---
[INFO] Compiling 2 source files to /home/runner/work/sonar-analysis/sonar-analysis/project/flink-test-utils-parent/flink-test-utils/target/test-classes
[INFO] 
[INFO] --- surefire:2.22.1:test (default-test) @ flink-test-utils_2.11 ---
[INFO] Tests are skipped.
[INFO] 
[INFO] --- jar:2.4:jar (default-jar) @ flink-test-utils_2.11 ---
[INFO] Building jar: /home/runner/work/sonar-analysis/sonar-analysis/project/flink-test-utils-parent/flink-test-utils/target/flink-test-utils_2.11-1.12-SNAPSHOT.jar
[INFO] 
[INFO] --- shade:3.2.1:shade (shade-flink) @ flink-test-utils_2.11 ---
[INFO] Excluding org.apache.flink:flink-test-utils-junit:jar:1.12-SNAPSHOT from the shaded jar.
[INFO] Excluding org.apache.flink:flink-runtime_2.11:jar:1.12-SNAPSHOT from the shaded jar.
[INFO] Excluding org.apache.flink:flink-core:jar:1.12-SNAPSHOT from the shaded jar.
[INFO] Excluding org.apache.flink:flink-annotations:jar:1.12-SNAPSHOT from the shaded jar.
[INFO] Excluding org.apache.flink:flink-metrics-core:jar:1.12-SNAPSHOT from the shaded jar.
[INFO] Excluding org.apache.flink:flink-shaded-asm-7:jar:7.1-10.0 from the shaded jar.
[INFO] Excluding com.esotericsoftware.kryo:kryo:jar:2.24.0 from the shaded jar.
[INFO] Excluding com.esotericsoftware.minlog:minlog:jar:1.2 from the shaded jar.
[INFO] Excluding commons-collections:commons-collections:jar:3.2.2 from the shaded jar.
[INFO] Excluding org.apache.commons:commons-compress:jar:1.20 from the shaded jar.
[INFO] Excluding org.apache.flink:flink-java:jar:1.12-SNAPSHOT from the shaded jar.
[INFO] Excluding org.apache.flink:flink-queryable-state-client-java:jar:1.12-SNAPSHOT from the shaded jar.
[INFO] Excluding org.apache.flink:flink-hadoop-fs:jar:1.12-SNAPSHOT from the shaded jar.
[INFO] Excluding commons-io:commons-io:jar:2.4 from the shaded jar.
[INFO] Excluding org.apache.flink:flink-shaded-netty:jar:4.1.39.Final-10.0 from the shaded jar.
[INFO] Excluding org.apache.flink:flink-shaded-guava:jar:18.0-10.0 from the shaded jar.
[INFO] Excluding org.apache.flink:flink-shaded-jackson:jar:2.10.1-10.0 from the shaded jar.
[INFO] Excluding org.apache.flink:flink-shaded-zookeeper-3:jar:3.4.10-10.0 from the shaded jar.
[INFO] Excluding org.apache.commons:commons-lang3:jar:3.3.2 from the shaded jar.
[INFO] Excluding commons-cli:commons-cli:jar:1.3.1 from the shaded jar.
[INFO] Excluding org.javassist:javassist:jar:3.24.0-GA from the shaded jar.
[INFO] Excluding org.scala-lang:scala-library:jar:2.11.12 from the shaded jar.
[INFO] Excluding com.typesafe.akka:akka-actor_2.11:jar:2.5.21 from the shaded jar.
[INFO] Excluding com.typesafe:config:jar:1.3.0 from the shaded jar.
[INFO] Excluding org.scala-lang.modules:scala-java8-compat_2.11:jar:0.7.0 from the shaded jar.
[INFO] Excluding com.typesafe.akka:akka-remote_2.11:jar:2.5.21 from the shaded jar.
[INFO] Excluding com.typesafe.akka:akka-stream_2.11:jar:2.5.21 from the shaded jar.
[INFO] Excluding org.reactivestreams:reactive-streams:jar:1.0.2 from the shaded jar.
[INFO] Excluding com.typesafe:ssl-config-core_2.11:jar:0.3.7 from the shaded jar.
[INFO] Excluding org.scala-lang.modules:scala-parser-combinators_2.11:jar:1.1.1 from the shaded jar.
[INFO] Excluding com.typesafe.akka:akka-protobuf_2.11:jar:2.5.21 from the shaded jar.
[INFO] Excluding com.typesafe.akka:akka-slf4j_2.11:jar:2.5.21 from the shaded jar.
[INFO] Excluding org.clapper:grizzled-slf4j_2.11:jar:1.3.2 from the shaded jar.
[INFO] Excluding com.github.scopt:scopt_2.11:jar:3.5.0 from the shaded jar.
[INFO] Excluding org.xerial.snappy:snappy-java:jar:1.1.4 from the shaded jar.
[INFO] Excluding com.twitter:chill_2.11:jar:0.7.6 from the shaded jar.
[INFO] Excluding com.twitter:chill-java:jar:0.7.6 from the shaded jar.
[INFO] Excluding org.lz4:lz4-java:jar:1.5.0 from the shaded jar.
[INFO] Excluding org.apache.flink:flink-runtime_2.11:test-jar:tests:1.12-SNAPSHOT from the shaded jar.
[INFO] Excluding org.apache.flink:flink-clients_2.11:jar:1.12-SNAPSHOT from the shaded jar.
[INFO] Excluding org.apache.flink:flink-optimizer_2.11:jar:1.12-SNAPSHOT from the shaded jar.
[INFO] Excluding org.apache.flink:flink-streaming-java_2.11:jar:1.12-SNAPSHOT from the shaded jar.
[INFO] Excluding org.apache.commons:commons-math3:jar:3.5 from the shaded jar.
[INFO] Including io.netty:netty:jar:3.10.6.Final in the shaded jar.
[INFO] Excluding junit:junit:jar:4.12 from the shaded jar.
[INFO] Excluding org.hamcrest:hamcrest-core:jar:1.3 from the shaded jar.
[INFO] Excluding org.apache.curator:curator-test:jar:2.12.0 from the shaded jar.
[INFO] Excluding org.apache.zookeeper:zookeeper:jar:3.4.10 from the shaded jar.
[INFO] Excluding com.google.guava:guava:jar:16.0.1 from the shaded jar.
[INFO] Excluding org.apache.hadoop:hadoop-minikdc:jar:3.2.0 from the shaded jar.
[INFO] Excluding org.apache.kerby:kerb-simplekdc:jar:1.0.1 from the shaded jar.
[INFO] Excluding org.apache.kerby:kerb-client:jar:1.0.1 from the shaded jar.
[INFO] Excluding org.apache.kerby:kerby-config:jar:1.0.1 from the shaded jar.
[INFO] Excluding org.apache.kerby:kerb-core:jar:1.0.1 from the shaded jar.
[INFO] Excluding org.apache.kerby:kerby-pkix:jar:1.0.1 from the shaded jar.
[INFO] Excluding org.apache.kerby:kerby-asn1:jar:1.0.1 from the shaded jar.
[INFO] Excluding org.apache.kerby:kerby-util:jar:1.0.1 from the shaded jar.
[INFO] Excluding org.apache.kerby:kerb-common:jar:1.0.1 from the shaded jar.
[INFO] Excluding org.apache.kerby:kerb-crypto:jar:1.0.1 from the shaded jar.
[INFO] Excluding org.apache.kerby:kerb-util:jar:1.0.1 from the shaded jar.
[INFO] Excluding org.apache.kerby:token-provider:jar:1.0.1 from the shaded jar.
[INFO] Excluding com.nimbusds:nimbus-jose-jwt:jar:3.10 from the shaded jar.
[INFO] Excluding net.jcip:jcip-annotations:jar:1.0 from the shaded jar.
[INFO] Excluding net.minidev:json-smart:jar:1.3.1 from the shaded jar.
[INFO] Excluding org.bouncycastle:bcprov-jdk15on:jar:1.52 from the shaded jar.
[INFO] Excluding org.apache.kerby:kerb-admin:jar:1.0.1 from the shaded jar.
[INFO] Excluding org.apache.kerby:kerb-server:jar:1.0.1 from the shaded jar.
[INFO] Excluding org.apache.kerby:kerb-identity:jar:1.0.1 from the shaded jar.
[INFO] Excluding org.apache.kerby:kerby-xdr:jar:1.0.1 from the shaded jar.
[INFO] Including org.apache.flink:force-shading:jar:1.12-SNAPSHOT in the shaded jar.
[INFO] Excluding org.slf4j:slf4j-api:jar:1.7.15 from the shaded jar.
[INFO] Excluding com.google.code.findbugs:jsr305:jar:1.3.9 from the shaded jar.
[INFO] Excluding org.objenesis:objenesis:jar:2.1 from the shaded jar.
[INFO] Replacing original artifact with shaded artifact.
[INFO] Replacing /home/runner/work/sonar-analysis/sonar-analysis/project/flink-test-utils-parent/flink-test-utils/target/flink-test-utils_2.11-1.12-SNAPSHOT.jar with /home/runner/work/sonar-analysis/sonar-analysis/project/flink-test-utils-parent/flink-test-utils/target/flink-test-utils_2.11-1.12-SNAPSHOT-shaded.jar
[INFO] Replacing original test artifact with shaded test artifact.
[INFO] Replacing /home/runner/work/sonar-analysis/sonar-analysis/project/flink-test-utils-parent/flink-test-utils/target/flink-test-utils_2.11-1.12-SNAPSHOT-tests.jar with /home/runner/work/sonar-analysis/sonar-analysis/project/flink-test-utils-parent/flink-test-utils/target/flink-test-utils_2.11-1.12-SNAPSHOT-shaded-tests.jar
[INFO] Dependency-reduced POM written at: /home/runner/work/sonar-analysis/sonar-analysis/project/flink-test-utils-parent/flink-test-utils/target/dependency-reduced-pom.xml
[INFO] 
[INFO] --- surefire:2.22.1:test (integration-tests) @ flink-test-utils_2.11 ---
[INFO] Tests are skipped.
[INFO] 
[INFO] --- install:2.5.2:install (default-install) @ flink-test-utils_2.11 ---
[INFO] Installing /home/runner/work/sonar-analysis/sonar-analysis/project/flink-test-utils-parent/flink-test-utils/target/flink-test-utils_2.11-1.12-SNAPSHOT.jar to /home/runner/.m2/repository/org/apache/flink/flink-test-utils_2.11/1.12-SNAPSHOT/flink-test-utils_2.11-1.12-SNAPSHOT.jar
[INFO] Installing /home/runner/work/sonar-analysis/sonar-analysis/project/flink-test-utils-parent/flink-test-utils/target/dependency-reduced-pom.xml to /home/runner/.m2/repository/org/apache/flink/flink-test-utils_2.11/1.12-SNAPSHOT/flink-test-utils_2.11-1.12-SNAPSHOT.pom
[INFO] Installing /home/runner/work/sonar-analysis/sonar-analysis/project/flink-test-utils-parent/flink-test-utils/target/flink-test-utils_2.11-1.12-SNAPSHOT-tests.jar to /home/runner/.m2/repository/org/apache/flink/flink-test-utils_2.11/1.12-SNAPSHOT/flink-test-utils_2.11-1.12-SNAPSHOT-tests.jar
[INFO] 
[INFO] --------------< org.apache.flink:flink-runtime-web_2.11 >---------------
[INFO] Building flink-runtime-web 1.12-SNAPSHOT                        [28/182]
[INFO]   from flink-runtime-web/pom.xml
[INFO] --------------------------------[ jar ]---------------------------------
[INFO] 
[INFO] --- clean:3.1.0:clean (default-clean) @ flink-runtime-web_2.11 ---
[INFO] Deleting /home/runner/work/sonar-analysis/sonar-analysis/project/flink-runtime-web/target
[INFO] 
[INFO] --- checkstyle:2.17:check (validate) @ flink-runtime-web_2.11 ---
[INFO] 
[INFO] --- enforcer:3.0.0-M1:enforce (enforce-maven-version) @ flink-runtime-web_2.11 ---
[INFO] Skipping Rule Enforcement.
[INFO] 
[INFO] --- enforcer:3.0.0-M1:enforce (enforce-maven) @ flink-runtime-web_2.11 ---
[INFO] Skipping Rule Enforcement.
[INFO] 
[INFO] --- enforcer:3.0.0-M1:enforce (ban-unsafe-jackson) @ flink-runtime-web_2.11 ---
[INFO] Skipping Rule Enforcement.
[INFO] 
[INFO] --- enforcer:3.0.0-M1:enforce (forbid-log4j-1) @ flink-runtime-web_2.11 ---
[INFO] Skipping Rule Enforcement.
[INFO] 
[INFO] --- enforcer:3.0.0-M1:enforce (enforce-versions) @ flink-runtime-web_2.11 ---
[INFO] Skipping Rule Enforcement.
[INFO] 
[INFO] --- directory:0.1:highest-basedir (directories) @ flink-runtime-web_2.11 ---
[INFO] Highest basedir set to: /home/runner/work/sonar-analysis/sonar-analysis/project
[INFO] 
[INFO] --- remote-resources:1.5:process (process-resource-bundles) @ flink-runtime-web_2.11 ---
[INFO] 
[INFO] --- frontend:1.6:install-node-and-npm (install node and npm) @ flink-runtime-web_2.11 ---
[INFO] Node v10.9.0 is already installed.
[INFO] 
[INFO] --- frontend:1.6:npm (npm install) @ flink-runtime-web_2.11 ---
[INFO] Skipping execution.
[INFO] 
[INFO] --- frontend:1.6:npm (npm run build) @ flink-runtime-web_2.11 ---
[INFO] Skipping execution.
[INFO] 
[INFO] --- resources:3.1.0:resources (default-resources) @ flink-runtime-web_2.11 ---
[INFO] Using 'UTF-8' encoding to copy filtered resources.
[INFO] Copying 0 resource
[INFO] Copying 0 resource
[INFO] Copying 3 resources
[INFO] 
[INFO] --- compiler:3.8.0:compile (default-compile) @ flink-runtime-web_2.11 ---
[INFO] Compiling 38 source files to /home/runner/work/sonar-analysis/sonar-analysis/project/flink-runtime-web/target/classes
[INFO] /home/runner/work/sonar-analysis/sonar-analysis/project/flink-runtime-web/src/main/java/org/apache/flink/runtime/webmonitor/history/HistoryServerStaticFileServerHandler.java: Some input files use or override a deprecated API.
[INFO] /home/runner/work/sonar-analysis/sonar-analysis/project/flink-runtime-web/src/main/java/org/apache/flink/runtime/webmonitor/history/HistoryServerStaticFileServerHandler.java: Recompile with -Xlint:deprecation for details.
[INFO] /home/runner/work/sonar-analysis/sonar-analysis/project/flink-runtime-web/src/main/java/org/apache/flink/runtime/webmonitor/history/HistoryServer.java: /home/runner/work/sonar-analysis/sonar-analysis/project/flink-runtime-web/src/main/java/org/apache/flink/runtime/webmonitor/history/HistoryServer.java uses unchecked or unsafe operations.
[INFO] /home/runner/work/sonar-analysis/sonar-analysis/project/flink-runtime-web/src/main/java/org/apache/flink/runtime/webmonitor/history/HistoryServer.java: Recompile with -Xlint:unchecked for details.
[INFO] 
[INFO] --- resources:3.1.0:testResources (default-testResources) @ flink-runtime-web_2.11 ---
[INFO] Using 'UTF-8' encoding to copy filtered resources.
[INFO] Copying 2 resources
[INFO] Copying 3 resources
[INFO] 
[INFO] --- compiler:3.8.0:testCompile (default-testCompile) @ flink-runtime-web_2.11 ---
[INFO] Compiling 32 source files to /home/runner/work/sonar-analysis/sonar-analysis/project/flink-runtime-web/target/test-classes
[INFO] /home/runner/work/sonar-analysis/sonar-analysis/project/flink-runtime-web/src/test/java/org/apache/flink/runtime/webmonitor/testutils/HttpTestClient.java: /home/runner/work/sonar-analysis/sonar-analysis/project/flink-runtime-web/src/test/java/org/apache/flink/runtime/webmonitor/testutils/HttpTestClient.java uses or overrides a deprecated API.
[INFO] /home/runner/work/sonar-analysis/sonar-analysis/project/flink-runtime-web/src/test/java/org/apache/flink/runtime/webmonitor/testutils/HttpTestClient.java: Recompile with -Xlint:deprecation for details.
[INFO] /home/runner/work/sonar-analysis/sonar-analysis/project/flink-runtime-web/src/test/java/org/apache/flink/runtime/webmonitor/history/HistoryServerStaticFileServerHandlerTest.java: Some input files use unchecked or unsafe operations.
[INFO] /home/runner/work/sonar-analysis/sonar-analysis/project/flink-runtime-web/src/test/java/org/apache/flink/runtime/webmonitor/history/HistoryServerStaticFileServerHandlerTest.java: Recompile with -Xlint:unchecked for details.
[INFO] 
[INFO] --- jar:2.4:jar (test-program-jar) @ flink-runtime-web_2.11 ---
[INFO] Building jar: /home/runner/work/sonar-analysis/sonar-analysis/project/flink-runtime-web/target/test-program.jar
[INFO] 
[INFO] --- jar:2.4:jar (test-parameter-program-jar) @ flink-runtime-web_2.11 ---
[INFO] Building jar: /home/runner/work/sonar-analysis/sonar-analysis/project/flink-runtime-web/target/parameter-program.jar
[INFO] 
[INFO] --- jar:2.4:jar (test-parameter-program-jar-without-manifest) @ flink-runtime-web_2.11 ---
[INFO] Building jar: /home/runner/work/sonar-analysis/sonar-analysis/project/flink-runtime-web/target/parameter-program-without-manifest.jar
[INFO] 
[INFO] --- jar:2.4:jar (test-output-program-jar) @ flink-runtime-web_2.11 ---
[INFO] Building jar: /home/runner/work/sonar-analysis/sonar-analysis/project/flink-runtime-web/target/output-test-program.jar
[INFO] 
[INFO] --- surefire:2.22.1:test (default-test) @ flink-runtime-web_2.11 ---
[INFO] Tests are skipped.
[INFO] 
[INFO] --- jar:2.4:jar (default-jar) @ flink-runtime-web_2.11 ---
[INFO] Building jar: /home/runner/work/sonar-analysis/sonar-analysis/project/flink-runtime-web/target/flink-runtime-web_2.11-1.12-SNAPSHOT.jar
[INFO] 
[INFO] --- jar:2.4:test-jar (default) @ flink-runtime-web_2.11 ---
[INFO] Building jar: /home/runner/work/sonar-analysis/sonar-analysis/project/flink-runtime-web/target/flink-runtime-web_2.11-1.12-SNAPSHOT-tests.jar
[INFO] 
[INFO] --- shade:3.2.1:shade (shade-flink) @ flink-runtime-web_2.11 ---
[INFO] Excluding org.apache.flink:flink-runtime_2.11:jar:1.12-SNAPSHOT from the shaded jar.
[INFO] Excluding org.apache.flink:flink-core:jar:1.12-SNAPSHOT from the shaded jar.
[INFO] Excluding org.apache.flink:flink-annotations:jar:1.12-SNAPSHOT from the shaded jar.
[INFO] Excluding org.apache.flink:flink-metrics-core:jar:1.12-SNAPSHOT from the shaded jar.
[INFO] Excluding org.apache.flink:flink-shaded-asm-7:jar:7.1-10.0 from the shaded jar.
[INFO] Excluding com.esotericsoftware.kryo:kryo:jar:2.24.0 from the shaded jar.
[INFO] Excluding com.esotericsoftware.minlog:minlog:jar:1.2 from the shaded jar.
[INFO] Excluding commons-collections:commons-collections:jar:3.2.2 from the shaded jar.
[INFO] Excluding org.apache.commons:commons-compress:jar:1.20 from the shaded jar.
[INFO] Excluding org.apache.flink:flink-java:jar:1.12-SNAPSHOT from the shaded jar.
[INFO] Excluding org.apache.commons:commons-math3:jar:3.5 from the shaded jar.
[INFO] Excluding org.apache.flink:flink-queryable-state-client-java:jar:1.12-SNAPSHOT from the shaded jar.
[INFO] Excluding org.apache.flink:flink-hadoop-fs:jar:1.12-SNAPSHOT from the shaded jar.
[INFO] Excluding org.apache.flink:flink-shaded-zookeeper-3:jar:3.4.10-10.0 from the shaded jar.
[INFO] Excluding org.apache.commons:commons-lang3:jar:3.3.2 from the shaded jar.
[INFO] Excluding commons-cli:commons-cli:jar:1.3.1 from the shaded jar.
[INFO] Excluding org.javassist:javassist:jar:3.24.0-GA from the shaded jar.
[INFO] Excluding org.scala-lang:scala-library:jar:2.11.12 from the shaded jar.
[INFO] Excluding com.typesafe.akka:akka-actor_2.11:jar:2.5.21 from the shaded jar.
[INFO] Excluding com.typesafe:config:jar:1.3.0 from the shaded jar.
[INFO] Excluding org.scala-lang.modules:scala-java8-compat_2.11:jar:0.7.0 from the shaded jar.
[INFO] Excluding com.typesafe.akka:akka-remote_2.11:jar:2.5.21 from the shaded jar.
[INFO] Excluding com.typesafe.akka:akka-stream_2.11:jar:2.5.21 from the shaded jar.
[INFO] Excluding org.reactivestreams:reactive-streams:jar:1.0.2 from the shaded jar.
[INFO] Excluding com.typesafe:ssl-config-core_2.11:jar:0.3.7 from the shaded jar.
[INFO] Excluding org.scala-lang.modules:scala-parser-combinators_2.11:jar:1.1.1 from the shaded jar.
[INFO] Excluding com.typesafe.akka:akka-protobuf_2.11:jar:2.5.21 from the shaded jar.
[INFO] Excluding com.typesafe.akka:akka-slf4j_2.11:jar:2.5.21 from the shaded jar.
[INFO] Excluding org.clapper:grizzled-slf4j_2.11:jar:1.3.2 from the shaded jar.
[INFO] Excluding com.github.scopt:scopt_2.11:jar:3.5.0 from the shaded jar.
[INFO] Excluding org.xerial.snappy:snappy-java:jar:1.1.4 from the shaded jar.
[INFO] Excluding com.twitter:chill_2.11:jar:0.7.6 from the shaded jar.
[INFO] Excluding com.twitter:chill-java:jar:0.7.6 from the shaded jar.
[INFO] Excluding org.lz4:lz4-java:jar:1.5.0 from the shaded jar.
[INFO] Excluding org.apache.flink:flink-clients_2.11:jar:1.12-SNAPSHOT from the shaded jar.
[INFO] Excluding org.apache.flink:flink-optimizer_2.11:jar:1.12-SNAPSHOT from the shaded jar.
[INFO] Excluding org.apache.flink:flink-streaming-java_2.11:jar:1.12-SNAPSHOT from the shaded jar.
[INFO] Excluding org.apache.flink:flink-shaded-netty:jar:4.1.39.Final-10.0 from the shaded jar.
[INFO] Excluding org.apache.flink:flink-shaded-guava:jar:18.0-10.0 from the shaded jar.
[INFO] Excluding org.apache.flink:flink-shaded-jackson:jar:2.10.1-10.0 from the shaded jar.
[INFO] Excluding io.netty:netty:jar:3.10.6.Final from the shaded jar.
[INFO] Including org.apache.flink:force-shading:jar:1.12-SNAPSHOT in the shaded jar.
[INFO] Excluding org.slf4j:slf4j-api:jar:1.7.15 from the shaded jar.
[INFO] Excluding com.google.code.findbugs:jsr305:jar:1.3.9 from the shaded jar.
[INFO] Excluding org.objenesis:objenesis:jar:2.1 from the shaded jar.
[INFO] Replacing original artifact with shaded artifact.
[INFO] Replacing /home/runner/work/sonar-analysis/sonar-analysis/project/flink-runtime-web/target/flink-runtime-web_2.11-1.12-SNAPSHOT.jar with /home/runner/work/sonar-analysis/sonar-analysis/project/flink-runtime-web/target/flink-runtime-web_2.11-1.12-SNAPSHOT-shaded.jar
[INFO] Replacing original test artifact with shaded test artifact.
[INFO] Replacing /home/runner/work/sonar-analysis/sonar-analysis/project/flink-runtime-web/target/flink-runtime-web_2.11-1.12-SNAPSHOT-tests.jar with /home/runner/work/sonar-analysis/sonar-analysis/project/flink-runtime-web/target/flink-runtime-web_2.11-1.12-SNAPSHOT-shaded-tests.jar
[INFO] Dependency-reduced POM written at: /home/runner/work/sonar-analysis/sonar-analysis/project/flink-runtime-web/target/dependency-reduced-pom.xml
[INFO] 
[INFO] --- surefire:2.22.1:test (integration-tests) @ flink-runtime-web_2.11 ---
[INFO] Tests are skipped.
[INFO] 
[INFO] --- install:2.5.2:install (default-install) @ flink-runtime-web_2.11 ---
[INFO] Installing /home/runner/work/sonar-analysis/sonar-analysis/project/flink-runtime-web/target/flink-runtime-web_2.11-1.12-SNAPSHOT.jar to /home/runner/.m2/repository/org/apache/flink/flink-runtime-web_2.11/1.12-SNAPSHOT/flink-runtime-web_2.11-1.12-SNAPSHOT.jar
[INFO] Installing /home/runner/work/sonar-analysis/sonar-analysis/project/flink-runtime-web/target/dependency-reduced-pom.xml to /home/runner/.m2/repository/org/apache/flink/flink-runtime-web_2.11/1.12-SNAPSHOT/flink-runtime-web_2.11-1.12-SNAPSHOT.pom
[INFO] Installing /home/runner/work/sonar-analysis/sonar-analysis/project/flink-runtime-web/target/flink-runtime-web_2.11-1.12-SNAPSHOT-tests.jar to /home/runner/.m2/repository/org/apache/flink/flink-runtime-web_2.11/1.12-SNAPSHOT/flink-runtime-web_2.11-1.12-SNAPSHOT-tests.jar
[INFO] Installing /home/runner/work/sonar-analysis/sonar-analysis/project/flink-runtime-web/target/flink-runtime-web_2.11-1.12-SNAPSHOT-tests.jar to /home/runner/.m2/repository/org/apache/flink/flink-runtime-web_2.11/1.12-SNAPSHOT/flink-runtime-web_2.11-1.12-SNAPSHOT-tests.jar
[INFO] 
[INFO] ------------------< org.apache.flink:flink-examples >-------------------
[INFO] Building flink-examples 1.12-SNAPSHOT                           [29/182]
[INFO]   from flink-examples/pom.xml
[INFO] --------------------------------[ pom ]---------------------------------
[INFO] 
[INFO] --- clean:3.1.0:clean (default-clean) @ flink-examples ---
[INFO] Deleting /home/runner/work/sonar-analysis/sonar-analysis/project/flink-examples/target
[INFO] 
[INFO] --- checkstyle:2.17:check (validate) @ flink-examples ---
[INFO] 
[INFO] --- enforcer:3.0.0-M1:enforce (enforce-maven-version) @ flink-examples ---
[INFO] Skipping Rule Enforcement.
[INFO] 
[INFO] --- enforcer:3.0.0-M1:enforce (enforce-maven) @ flink-examples ---
[INFO] Skipping Rule Enforcement.
[INFO] 
[INFO] --- enforcer:3.0.0-M1:enforce (ban-unsafe-jackson) @ flink-examples ---
[INFO] Skipping Rule Enforcement.
[INFO] 
[INFO] --- enforcer:3.0.0-M1:enforce (forbid-log4j-1) @ flink-examples ---
[INFO] Skipping Rule Enforcement.
[INFO] 
[INFO] --- enforcer:3.0.0-M1:enforce (enforce-versions) @ flink-examples ---
[INFO] Skipping Rule Enforcement.
[INFO] 
[INFO] --- directory:0.1:highest-basedir (directories) @ flink-examples ---
[INFO] Highest basedir set to: /home/runner/work/sonar-analysis/sonar-analysis/project
[INFO] 
[INFO] --- remote-resources:1.5:process (process-resource-bundles) @ flink-examples ---
[INFO] 
[INFO] --- surefire:2.22.1:test (default-test) @ flink-examples ---
[INFO] Tests are skipped.
[INFO] 
[INFO] --- shade:3.2.1:shade (shade-flink) @ flink-examples ---
[INFO] Excluding org.apache.flink:flink-core:jar:1.12-SNAPSHOT from the shaded jar.
[INFO] Excluding org.apache.flink:flink-annotations:jar:1.12-SNAPSHOT from the shaded jar.
[INFO] Excluding org.apache.flink:flink-metrics-core:jar:1.12-SNAPSHOT from the shaded jar.
[INFO] Excluding org.apache.flink:flink-shaded-asm-7:jar:7.1-10.0 from the shaded jar.
[INFO] Excluding org.apache.commons:commons-lang3:jar:3.3.2 from the shaded jar.
[INFO] Excluding com.esotericsoftware.kryo:kryo:jar:2.24.0 from the shaded jar.
[INFO] Excluding com.esotericsoftware.minlog:minlog:jar:1.2 from the shaded jar.
[INFO] Excluding commons-collections:commons-collections:jar:3.2.2 from the shaded jar.
[INFO] Excluding org.apache.commons:commons-compress:jar:1.20 from the shaded jar.
[INFO] Excluding org.apache.flink:flink-shaded-guava:jar:18.0-10.0 from the shaded jar.
[INFO] Excluding org.apache.logging.log4j:log4j-slf4j-impl:jar:2.12.1 from the shaded jar.
[INFO] Excluding org.apache.logging.log4j:log4j-api:jar:2.12.1 from the shaded jar.
[INFO] Excluding org.apache.logging.log4j:log4j-core:jar:2.12.1 from the shaded jar.
[INFO] Including org.apache.flink:force-shading:jar:1.12-SNAPSHOT in the shaded jar.
[INFO] Excluding org.slf4j:slf4j-api:jar:1.7.15 from the shaded jar.
[INFO] Excluding com.google.code.findbugs:jsr305:jar:1.3.9 from the shaded jar.
[INFO] Excluding org.objenesis:objenesis:jar:2.1 from the shaded jar.
[INFO] No artifact matching filter io.netty:netty
[INFO] Replacing original artifact with shaded artifact.
[INFO] 
[INFO] --- surefire:2.22.1:test (integration-tests) @ flink-examples ---
[INFO] Tests are skipped.
[INFO] 
[INFO] --- install:2.5.2:install (default-install) @ flink-examples ---
[INFO] Installing /home/runner/work/sonar-analysis/sonar-analysis/project/flink-examples/pom.xml to /home/runner/.m2/repository/org/apache/flink/flink-examples/1.12-SNAPSHOT/flink-examples-1.12-SNAPSHOT.pom
[INFO] 
[INFO] -------------< org.apache.flink:flink-examples-batch_2.11 >-------------
[INFO] Building flink-examples-batch 1.12-SNAPSHOT                     [30/182]
[INFO]   from flink-examples/flink-examples-batch/pom.xml
[INFO] --------------------------------[ jar ]---------------------------------
[INFO] 
[INFO] --- clean:3.1.0:clean (default-clean) @ flink-examples-batch_2.11 ---
[INFO] Deleting /home/runner/work/sonar-analysis/sonar-analysis/project/flink-examples/flink-examples-batch/target
[INFO] 
[INFO] --- checkstyle:2.17:check (validate) @ flink-examples-batch_2.11 ---
[INFO] 
[INFO] --- enforcer:3.0.0-M1:enforce (enforce-maven-version) @ flink-examples-batch_2.11 ---
[INFO] Skipping Rule Enforcement.
[INFO] 
[INFO] --- enforcer:3.0.0-M1:enforce (enforce-maven) @ flink-examples-batch_2.11 ---
[INFO] Skipping Rule Enforcement.
[INFO] 
[INFO] --- enforcer:3.0.0-M1:enforce (ban-unsafe-jackson) @ flink-examples-batch_2.11 ---
[INFO] Skipping Rule Enforcement.
[INFO] 
[INFO] --- enforcer:3.0.0-M1:enforce (forbid-log4j-1) @ flink-examples-batch_2.11 ---
[INFO] Skipping Rule Enforcement.
[INFO] 
[INFO] --- enforcer:3.0.0-M1:enforce (enforce-versions) @ flink-examples-batch_2.11 ---
[INFO] Skipping Rule Enforcement.
[INFO] 
[INFO] --- directory:0.1:highest-basedir (directories) @ flink-examples-batch_2.11 ---
[INFO] Highest basedir set to: /home/runner/work/sonar-analysis/sonar-analysis/project
[INFO] 
[INFO] --- build-helper:1.7:add-source (add-source) @ flink-examples-batch_2.11 ---
[INFO] Source directory: /home/runner/work/sonar-analysis/sonar-analysis/project/flink-examples/flink-examples-batch/src/main/scala added.
[INFO] 
[INFO] --- remote-resources:1.5:process (process-resource-bundles) @ flink-examples-batch_2.11 ---
[INFO] 
[INFO] --- resources:3.1.0:resources (default-resources) @ flink-examples-batch_2.11 ---
[INFO] Using 'UTF-8' encoding to copy filtered resources.
[INFO] Copying 2 resources
[INFO] Copying 3 resources
[INFO] 
[INFO] --- scala:3.2.2:compile (scala-compile-first) @ flink-examples-batch_2.11 ---
[INFO] /home/runner/work/sonar-analysis/sonar-analysis/project/flink-examples/flink-examples-batch/src/main/java:-1: info: compiling
[INFO] /home/runner/work/sonar-analysis/sonar-analysis/project/flink-examples/flink-examples-batch/src/main/scala:-1: info: compiling
[INFO] Compiling 41 source files to /home/runner/work/sonar-analysis/sonar-analysis/project/flink-examples/flink-examples-batch/target/classes at 1783246016087
[INFO] prepare-compile in 0 s
[INFO] compile in 9 s
[INFO] 
[INFO] --- compiler:3.8.0:compile (default-compile) @ flink-examples-batch_2.11 ---
[INFO] Compiling 29 source files to /home/runner/work/sonar-analysis/sonar-analysis/project/flink-examples/flink-examples-batch/target/classes
[INFO] /home/runner/work/sonar-analysis/sonar-analysis/project/flink-examples/flink-examples-batch/src/main/java/org/apache/flink/examples/java/graph/util/EnumTrianglesDataTypes.java: Some input files use unchecked or unsafe operations.
[INFO] /home/runner/work/sonar-analysis/sonar-analysis/project/flink-examples/flink-examples-batch/src/main/java/org/apache/flink/examples/java/graph/util/EnumTrianglesDataTypes.java: Recompile with -Xlint:unchecked for details.
[INFO] 
[INFO] --- build-helper:1.7:add-test-source (add-test-source) @ flink-examples-batch_2.11 ---
[INFO] Test Source directory: /home/runner/work/sonar-analysis/sonar-analysis/project/flink-examples/flink-examples-batch/src/test/scala added.
[INFO] 
[INFO] --- resources:3.1.0:testResources (default-testResources) @ flink-examples-batch_2.11 ---
[INFO] Using 'UTF-8' encoding to copy filtered resources.
[INFO] skip non existing resourceDirectory /home/runner/work/sonar-analysis/sonar-analysis/project/flink-examples/flink-examples-batch/src/test/resources
[INFO] Copying 3 resources
[INFO] 
[INFO] --- compiler:3.8.0:testCompile (default-testCompile) @ flink-examples-batch_2.11 ---
[INFO] No sources to compile
[INFO] 
[INFO] --- surefire:2.22.1:test (default-test) @ flink-examples-batch_2.11 ---
[INFO] Tests are skipped.
[INFO] 
[INFO] --- jar:2.4:jar (default-jar) @ flink-examples-batch_2.11 ---
[INFO] Building jar: /home/runner/work/sonar-analysis/sonar-analysis/project/flink-examples/flink-examples-batch/target/flink-examples-batch_2.11-1.12-SNAPSHOT.jar
[INFO] 
[INFO] --- jar:2.4:jar (KMeans) @ flink-examples-batch_2.11 ---
[INFO] Building jar: /home/runner/work/sonar-analysis/sonar-analysis/project/flink-examples/flink-examples-batch/target/flink-examples-batch_2.11-1.12-SNAPSHOT-KMeans.jar
[INFO] 
[INFO] --- jar:2.4:jar (TransitiveClosure) @ flink-examples-batch_2.11 ---
[INFO] Building jar: /home/runner/work/sonar-analysis/sonar-analysis/project/flink-examples/flink-examples-batch/target/flink-examples-batch_2.11-1.12-SNAPSHOT-TransitiveClosure.jar
[INFO] 
[INFO] --- jar:2.4:jar (ConnectedComponents) @ flink-examples-batch_2.11 ---
[INFO] Building jar: /home/runner/work/sonar-analysis/sonar-analysis/project/flink-examples/flink-examples-batch/target/flink-examples-batch_2.11-1.12-SNAPSHOT-ConnectedComponents.jar
[INFO] 
[INFO] --- jar:2.4:jar (EnumTriangles) @ flink-examples-batch_2.11 ---
[INFO] Building jar: /home/runner/work/sonar-analysis/sonar-analysis/project/flink-examples/flink-examples-batch/target/flink-examples-batch_2.11-1.12-SNAPSHOT-EnumTriangles.jar
[INFO] 
[INFO] --- jar:2.4:jar (PageRank) @ flink-examples-batch_2.11 ---
[INFO] Building jar: /home/runner/work/sonar-analysis/sonar-analysis/project/flink-examples/flink-examples-batch/target/flink-examples-batch_2.11-1.12-SNAPSHOT-PageRank.jar
[INFO] 
[INFO] --- jar:2.4:jar (WebLogAnalysis) @ flink-examples-batch_2.11 ---
[INFO] Building jar: /home/runner/work/sonar-analysis/sonar-analysis/project/flink-examples/flink-examples-batch/target/flink-examples-batch_2.11-1.12-SNAPSHOT-WebLogAnalysis.jar
[INFO] 
[INFO] --- jar:2.4:jar (WordCount) @ flink-examples-batch_2.11 ---
[INFO] Building jar: /home/runner/work/sonar-analysis/sonar-analysis/project/flink-examples/flink-examples-batch/target/flink-examples-batch_2.11-1.12-SNAPSHOT-WordCount.jar
[INFO] 
[INFO] --- jar:2.4:jar (DistCp) @ flink-examples-batch_2.11 ---
[INFO] Building jar: /home/runner/work/sonar-analysis/sonar-analysis/project/flink-examples/flink-examples-batch/target/flink-examples-batch_2.11-1.12-SNAPSHOT-DistCp.jar
[INFO] 
[INFO] --- shade:3.2.1:shade (shade-flink) @ flink-examples-batch_2.11 ---
[INFO] Excluding org.apache.flink:flink-java:jar:1.12-SNAPSHOT from the shaded jar.
[INFO] Excluding org.apache.commons:commons-lang3:jar:3.3.2 from the shaded jar.
[INFO] Excluding org.apache.commons:commons-math3:jar:3.5 from the shaded jar.
[INFO] Excluding org.apache.flink:flink-scala_2.11:jar:1.12-SNAPSHOT from the shaded jar.
[INFO] Excluding org.apache.flink:flink-shaded-asm-7:jar:7.1-10.0 from the shaded jar.
[INFO] Excluding org.scala-lang:scala-reflect:jar:2.11.12 from the shaded jar.
[INFO] Excluding org.scala-lang:scala-library:jar:2.11.12 from the shaded jar.
[INFO] Excluding org.scala-lang:scala-compiler:jar:2.11.12 from the shaded jar.
[INFO] Excluding org.scala-lang.modules:scala-xml_2.11:jar:1.0.5 from the shaded jar.
[INFO] Excluding org.scala-lang.modules:scala-parser-combinators_2.11:jar:1.1.1 from the shaded jar.
[INFO] Excluding org.apache.flink:flink-clients_2.11:jar:1.12-SNAPSHOT from the shaded jar.
[INFO] Excluding org.apache.flink:flink-runtime_2.11:jar:1.12-SNAPSHOT from the shaded jar.
[INFO] Excluding org.apache.flink:flink-queryable-state-client-java:jar:1.12-SNAPSHOT from the shaded jar.
[INFO] Excluding org.apache.flink:flink-hadoop-fs:jar:1.12-SNAPSHOT from the shaded jar.
[INFO] Excluding commons-io:commons-io:jar:2.4 from the shaded jar.
[INFO] Excluding org.apache.flink:flink-shaded-netty:jar:4.1.39.Final-10.0 from the shaded jar.
[INFO] Excluding org.apache.flink:flink-shaded-jackson:jar:2.10.1-10.0 from the shaded jar.
[INFO] Excluding org.apache.flink:flink-shaded-zookeeper-3:jar:3.4.10-10.0 from the shaded jar.
[INFO] Excluding org.javassist:javassist:jar:3.24.0-GA from the shaded jar.
[INFO] Excluding com.typesafe.akka:akka-actor_2.11:jar:2.5.21 from the shaded jar.
[INFO] Excluding com.typesafe:config:jar:1.3.0 from the shaded jar.
[INFO] Excluding org.scala-lang.modules:scala-java8-compat_2.11:jar:0.7.0 from the shaded jar.
[INFO] Excluding com.typesafe.akka:akka-remote_2.11:jar:2.5.21 from the shaded jar.
[INFO] Excluding io.netty:netty:jar:3.10.6.Final from the shaded jar.
[INFO] Excluding com.typesafe.akka:akka-stream_2.11:jar:2.5.21 from the shaded jar.
[INFO] Excluding org.reactivestreams:reactive-streams:jar:1.0.2 from the shaded jar.
[INFO] Excluding com.typesafe:ssl-config-core_2.11:jar:0.3.7 from the shaded jar.
[INFO] Excluding com.typesafe.akka:akka-protobuf_2.11:jar:2.5.21 from the shaded jar.
[INFO] Excluding com.typesafe.akka:akka-slf4j_2.11:jar:2.5.21 from the shaded jar.
[INFO] Excluding org.clapper:grizzled-slf4j_2.11:jar:1.3.2 from the shaded jar.
[INFO] Excluding com.github.scopt:scopt_2.11:jar:3.5.0 from the shaded jar.
[INFO] Excluding org.xerial.snappy:snappy-java:jar:1.1.4 from the shaded jar.
[INFO] Excluding com.twitter:chill_2.11:jar:0.7.6 from the shaded jar.
[INFO] Excluding com.twitter:chill-java:jar:0.7.6 from the shaded jar.
[INFO] Excluding org.lz4:lz4-java:jar:1.5.0 from the shaded jar.
[INFO] Excluding org.apache.flink:flink-optimizer_2.11:jar:1.12-SNAPSHOT from the shaded jar.
[INFO] Excluding commons-cli:commons-cli:jar:1.3.1 from the shaded jar.
[INFO] Excluding org.apache.flink:flink-streaming-java_2.11:jar:1.12-SNAPSHOT from the shaded jar.
[INFO] Excluding org.apache.flink:flink-core:jar:1.12-SNAPSHOT from the shaded jar.
[INFO] Excluding org.apache.flink:flink-annotations:jar:1.12-SNAPSHOT from the shaded jar.
[INFO] Excluding org.apache.flink:flink-metrics-core:jar:1.12-SNAPSHOT from the shaded jar.
[INFO] Excluding com.esotericsoftware.kryo:kryo:jar:2.24.0 from the shaded jar.
[INFO] Excluding com.esotericsoftware.minlog:minlog:jar:1.2 from the shaded jar.
[INFO] Excluding commons-collections:commons-collections:jar:3.2.2 from the shaded jar.
[INFO] Excluding org.apache.commons:commons-compress:jar:1.20 from the shaded jar.
[INFO] Excluding org.apache.flink:flink-shaded-guava:jar:18.0-10.0 from the shaded jar.
[INFO] Excluding org.apache.logging.log4j:log4j-slf4j-impl:jar:2.12.1 from the shaded jar.
[INFO] Excluding org.apache.logging.log4j:log4j-api:jar:2.12.1 from the shaded jar.
[INFO] Excluding org.apache.logging.log4j:log4j-core:jar:2.12.1 from the shaded jar.
[INFO] Including org.apache.flink:force-shading:jar:1.12-SNAPSHOT in the shaded jar.
[INFO] Excluding org.slf4j:slf4j-api:jar:1.7.15 from the shaded jar.
[INFO] Excluding com.google.code.findbugs:jsr305:jar:1.3.9 from the shaded jar.
[INFO] Excluding org.objenesis:objenesis:jar:2.1 from the shaded jar.
[INFO] Replacing original artifact with shaded artifact.
[INFO] Replacing /home/runner/work/sonar-analysis/sonar-analysis/project/flink-examples/flink-examples-batch/target/flink-examples-batch_2.11-1.12-SNAPSHOT.jar with /home/runner/work/sonar-analysis/sonar-analysis/project/flink-examples/flink-examples-batch/target/flink-examples-batch_2.11-1.12-SNAPSHOT-shaded.jar
[INFO] Replacing original test artifact with shaded test artifact.
[INFO] Replacing /home/runner/work/sonar-analysis/sonar-analysis/project/flink-examples/flink-examples-batch/target/flink-examples-batch_2.11-1.12-SNAPSHOT-tests.jar with /home/runner/work/sonar-analysis/sonar-analysis/project/flink-examples/flink-examples-batch/target/flink-examples-batch_2.11-1.12-SNAPSHOT-shaded-tests.jar
[INFO] Dependency-reduced POM written at: /home/runner/work/sonar-analysis/sonar-analysis/project/flink-examples/flink-examples-batch/target/dependency-reduced-pom.xml
[INFO] 
[INFO] --- antrun:1.7:run (rename) @ flink-examples-batch_2.11 ---
[INFO] Executing tasks

main:
     [copy] Copying 1 file to /home/runner/work/sonar-analysis/sonar-analysis/project/flink-examples/flink-examples-batch/target
     [copy] Copying 1 file to /home/runner/work/sonar-analysis/sonar-analysis/project/flink-examples/flink-examples-batch/target
     [copy] Copying 1 file to /home/runner/work/sonar-analysis/sonar-analysis/project/flink-examples/flink-examples-batch/target
     [copy] Copying 1 file to /home/runner/work/sonar-analysis/sonar-analysis/project/flink-examples/flink-examples-batch/target
     [copy] Copying 1 file to /home/runner/work/sonar-analysis/sonar-analysis/project/flink-examples/flink-examples-batch/target
     [copy] Copying 1 file to /home/runner/work/sonar-analysis/sonar-analysis/project/flink-examples/flink-examples-batch/target
     [copy] Copying 1 file to /home/runner/work/sonar-analysis/sonar-analysis/project/flink-examples/flink-examples-batch/target
     [copy] Copying 1 file to /home/runner/work/sonar-analysis/sonar-analysis/project/flink-examples/flink-examples-batch/target
[INFO] Executed tasks
[INFO] 
[INFO] --- surefire:2.22.1:test (integration-tests) @ flink-examples-batch_2.11 ---
[INFO] Tests are skipped.
[INFO] 
[INFO] --- scalastyle:1.0.0:check (default) @ flink-examples-batch_2.11 ---
[WARNING] testSourceDirectory is not specified or does not exist value=/home/runner/work/sonar-analysis/sonar-analysis/project/flink-examples/flink-examples-batch/src/test/scala
Saving to outputFile=/home/runner/work/sonar-analysis/sonar-analysis/project/flink-examples/flink-examples-batch/target/scalastyle-output.xml
Processed 12 file(s)
Found 0 errors
Found 0 warnings
Found 0 infos
Finished in 78 ms
[INFO] 
[INFO] --- install:2.5.2:install (default-install) @ flink-examples-batch_2.11 ---
[INFO] Installing /home/runner/work/sonar-analysis/sonar-analysis/project/flink-examples/flink-examples-batch/target/flink-examples-batch_2.11-1.12-SNAPSHOT.jar to /home/runner/.m2/repository/org/apache/flink/flink-examples-batch_2.11/1.12-SNAPSHOT/flink-examples-batch_2.11-1.12-SNAPSHOT.jar
[INFO] Installing /home/runner/work/sonar-analysis/sonar-analysis/project/flink-examples/flink-examples-batch/target/dependency-reduced-pom.xml to /home/runner/.m2/repository/org/apache/flink/flink-examples-batch_2.11/1.12-SNAPSHOT/flink-examples-batch_2.11-1.12-SNAPSHOT.pom
[INFO] Installing /home/runner/work/sonar-analysis/sonar-analysis/project/flink-examples/flink-examples-batch/target/flink-examples-batch_2.11-1.12-SNAPSHOT-KMeans.jar to /home/runner/.m2/repository/org/apache/flink/flink-examples-batch_2.11/1.12-SNAPSHOT/flink-examples-batch_2.11-1.12-SNAPSHOT-KMeans.jar
[INFO] Installing /home/runner/work/sonar-analysis/sonar-analysis/project/flink-examples/flink-examples-batch/target/flink-examples-batch_2.11-1.12-SNAPSHOT-TransitiveClosure.jar to /home/runner/.m2/repository/org/apache/flink/flink-examples-batch_2.11/1.12-SNAPSHOT/flink-examples-batch_2.11-1.12-SNAPSHOT-TransitiveClosure.jar
[INFO] Installing /home/runner/work/sonar-analysis/sonar-analysis/project/flink-examples/flink-examples-batch/target/flink-examples-batch_2.11-1.12-SNAPSHOT-ConnectedComponents.jar to /home/runner/.m2/repository/org/apache/flink/flink-examples-batch_2.11/1.12-SNAPSHOT/flink-examples-batch_2.11-1.12-SNAPSHOT-ConnectedComponents.jar
[INFO] Installing /home/runner/work/sonar-analysis/sonar-analysis/project/flink-examples/flink-examples-batch/target/flink-examples-batch_2.11-1.12-SNAPSHOT-EnumTriangles.jar to /home/runner/.m2/repository/org/apache/flink/flink-examples-batch_2.11/1.12-SNAPSHOT/flink-examples-batch_2.11-1.12-SNAPSHOT-EnumTriangles.jar
[INFO] Installing /home/runner/work/sonar-analysis/sonar-analysis/project/flink-examples/flink-examples-batch/target/flink-examples-batch_2.11-1.12-SNAPSHOT-PageRank.jar to /home/runner/.m2/repository/org/apache/flink/flink-examples-batch_2.11/1.12-SNAPSHOT/flink-examples-batch_2.11-1.12-SNAPSHOT-PageRank.jar
[INFO] Installing /home/runner/work/sonar-analysis/sonar-analysis/project/flink-examples/flink-examples-batch/target/flink-examples-batch_2.11-1.12-SNAPSHOT-WebLogAnalysis.jar to /home/runner/.m2/repository/org/apache/flink/flink-examples-batch_2.11/1.12-SNAPSHOT/flink-examples-batch_2.11-1.12-SNAPSHOT-WebLogAnalysis.jar
[INFO] Installing /home/runner/work/sonar-analysis/sonar-analysis/project/flink-examples/flink-examples-batch/target/flink-examples-batch_2.11-1.12-SNAPSHOT-WordCount.jar to /home/runner/.m2/repository/org/apache/flink/flink-examples-batch_2.11/1.12-SNAPSHOT/flink-examples-batch_2.11-1.12-SNAPSHOT-WordCount.jar
[INFO] Installing /home/runner/work/sonar-analysis/sonar-analysis/project/flink-examples/flink-examples-batch/target/flink-examples-batch_2.11-1.12-SNAPSHOT-DistCp.jar to /home/runner/.m2/repository/org/apache/flink/flink-examples-batch_2.11/1.12-SNAPSHOT/flink-examples-batch_2.11-1.12-SNAPSHOT-DistCp.jar
[INFO] Installing /home/runner/work/sonar-analysis/sonar-analysis/project/flink-examples/flink-examples-batch/target/flink-examples-batch_2.11-1.12-SNAPSHOT-tests.jar to /home/runner/.m2/repository/org/apache/flink/flink-examples-batch_2.11/1.12-SNAPSHOT/flink-examples-batch_2.11-1.12-SNAPSHOT-tests.jar
[INFO] 
[INFO] -----------------< org.apache.flink:flink-connectors >------------------
[INFO] Building flink-connectors 1.12-SNAPSHOT                         [31/182]
[INFO]   from flink-connectors/pom.xml
[INFO] --------------------------------[ pom ]---------------------------------
[INFO] 
[INFO] --- clean:3.1.0:clean (default-clean) @ flink-connectors ---
[INFO] Deleting /home/runner/work/sonar-analysis/sonar-analysis/project/flink-connectors/target
[INFO] 
[INFO] --- checkstyle:2.17:check (validate) @ flink-connectors ---
[INFO] 
[INFO] --- enforcer:3.0.0-M1:enforce (enforce-maven-version) @ flink-connectors ---
[INFO] Skipping Rule Enforcement.
[INFO] 
[INFO] --- enforcer:3.0.0-M1:enforce (enforce-maven) @ flink-connectors ---
[INFO] Skipping Rule Enforcement.
[INFO] 
[INFO] --- enforcer:3.0.0-M1:enforce (ban-unsafe-jackson) @ flink-connectors ---
[INFO] Skipping Rule Enforcement.
[INFO] 
[INFO] --- enforcer:3.0.0-M1:enforce (forbid-log4j-1) @ flink-connectors ---
[INFO] Skipping Rule Enforcement.
[INFO] 
[INFO] --- enforcer:3.0.0-M1:enforce (enforce-versions) @ flink-connectors ---
[INFO] Skipping Rule Enforcement.
[INFO] 
[INFO] --- directory:0.1:highest-basedir (directories) @ flink-connectors ---
[INFO] Highest basedir set to: /home/runner/work/sonar-analysis/sonar-analysis/project
[INFO] 
[INFO] --- remote-resources:1.5:process (process-resource-bundles) @ flink-connectors ---
[INFO] 
[INFO] --- surefire:2.22.1:test (default-test) @ flink-connectors ---
[INFO] Tests are skipped.
[INFO] 
[INFO] --- shade:3.2.1:shade (shade-flink) @ flink-connectors ---
[INFO] Including org.apache.flink:force-shading:jar:1.12-SNAPSHOT in the shaded jar.
[INFO] No artifact matching filter io.netty:netty
[INFO] Replacing original artifact with shaded artifact.
[INFO] 
[INFO] --- surefire:2.22.1:test (integration-tests) @ flink-connectors ---
[INFO] Tests are skipped.
[INFO] 
[INFO] --- install:2.5.2:install (default-install) @ flink-connectors ---
[INFO] Installing /home/runner/work/sonar-analysis/sonar-analysis/project/flink-connectors/pom.xml to /home/runner/.m2/repository/org/apache/flink/flink-connectors/1.12-SNAPSHOT/flink-connectors-1.12-SNAPSHOT.pom
[INFO] 
[INFO] ----------< org.apache.flink:flink-hadoop-compatibility_2.11 >----------
[INFO] Building flink-hadoop-compatibility 1.12-SNAPSHOT               [32/182]
[INFO]   from flink-connectors/flink-hadoop-compatibility/pom.xml
[INFO] --------------------------------[ jar ]---------------------------------
[INFO] 
[INFO] --- clean:3.1.0:clean (default-clean) @ flink-hadoop-compatibility_2.11 ---
[INFO] Deleting /home/runner/work/sonar-analysis/sonar-analysis/project/flink-connectors/flink-hadoop-compatibility/target
[INFO] 
[INFO] --- checkstyle:2.17:check (validate) @ flink-hadoop-compatibility_2.11 ---
[INFO] 
[INFO] --- enforcer:3.0.0-M1:enforce (enforce-maven-version) @ flink-hadoop-compatibility_2.11 ---
[INFO] Skipping Rule Enforcement.
[INFO] 
[INFO] --- enforcer:3.0.0-M1:enforce (enforce-maven) @ flink-hadoop-compatibility_2.11 ---
[INFO] Skipping Rule Enforcement.
[INFO] 
[INFO] --- enforcer:3.0.0-M1:enforce (ban-unsafe-jackson) @ flink-hadoop-compatibility_2.11 ---
[INFO] Skipping Rule Enforcement.
[INFO] 
[INFO] --- enforcer:3.0.0-M1:enforce (forbid-log4j-1) @ flink-hadoop-compatibility_2.11 ---
[INFO] Skipping Rule Enforcement.
[INFO] 
[INFO] --- enforcer:3.0.0-M1:enforce (enforce-versions) @ flink-hadoop-compatibility_2.11 ---
[INFO] Skipping Rule Enforcement.
[INFO] 
[INFO] --- directory:0.1:highest-basedir (directories) @ flink-hadoop-compatibility_2.11 ---
[INFO] Highest basedir set to: /home/runner/work/sonar-analysis/sonar-analysis/project
[INFO] 
[INFO] --- build-helper:1.7:add-source (add-source) @ flink-hadoop-compatibility_2.11 ---
[INFO] Source directory: /home/runner/work/sonar-analysis/sonar-analysis/project/flink-connectors/flink-hadoop-compatibility/src/main/scala added.
[INFO] 
[INFO] --- remote-resources:1.5:process (process-resource-bundles) @ flink-hadoop-compatibility_2.11 ---
[INFO] 
[INFO] --- resources:3.1.0:resources (default-resources) @ flink-hadoop-compatibility_2.11 ---
[INFO] Using 'UTF-8' encoding to copy filtered resources.
[INFO] skip non existing resourceDirectory /home/runner/work/sonar-analysis/sonar-analysis/project/flink-connectors/flink-hadoop-compatibility/src/main/resources
[INFO] Copying 3 resources
[INFO] 
[INFO] --- scala:3.2.2:compile (scala-compile-first) @ flink-hadoop-compatibility_2.11 ---
[INFO] /home/runner/work/sonar-analysis/sonar-analysis/project/flink-connectors/flink-hadoop-compatibility/src/main/java:-1: info: compiling
[INFO] /home/runner/work/sonar-analysis/sonar-analysis/project/flink-connectors/flink-hadoop-compatibility/src/main/scala:-1: info: compiling
[INFO] Compiling 31 source files to /home/runner/work/sonar-analysis/sonar-analysis/project/flink-connectors/flink-hadoop-compatibility/target/classes at 1783246026569
[INFO] prepare-compile in 0 s
[INFO] compile in 3 s
[INFO] 
[INFO] --- compiler:3.8.0:compile (default-compile) @ flink-hadoop-compatibility_2.11 ---
[INFO] Compiling 26 source files to /home/runner/work/sonar-analysis/sonar-analysis/project/flink-connectors/flink-hadoop-compatibility/target/classes
[INFO] /home/runner/work/sonar-analysis/sonar-analysis/project/flink-connectors/flink-hadoop-compatibility/src/main/java/org/apache/flink/api/java/hadoop/mapreduce/HadoopInputFormatBase.java: Some input files use or override a deprecated API.
[INFO] /home/runner/work/sonar-analysis/sonar-analysis/project/flink-connectors/flink-hadoop-compatibility/src/main/java/org/apache/flink/api/java/hadoop/mapreduce/HadoopInputFormatBase.java: Recompile with -Xlint:deprecation for details.
[INFO] 
[INFO] --- resources:3.1.0:testResources (default-testResources) @ flink-hadoop-compatibility_2.11 ---
[INFO] Using 'UTF-8' encoding to copy filtered resources.
[INFO] Copying 5 resources
[INFO] Copying 3 resources
[INFO] 
[INFO] --- compiler:3.8.0:testCompile (default-testCompile) @ flink-hadoop-compatibility_2.11 ---
[INFO] Compiling 27 source files to /home/runner/work/sonar-analysis/sonar-analysis/project/flink-connectors/flink-hadoop-compatibility/target/test-classes
[INFO] /home/runner/work/sonar-analysis/sonar-analysis/project/flink-connectors/flink-hadoop-compatibility/src/test/java/org/apache/flink/api/java/hadoop/mapreduce/HadoopOutputFormatTest.java: Some input files use or override a deprecated API.
[INFO] /home/runner/work/sonar-analysis/sonar-analysis/project/flink-connectors/flink-hadoop-compatibility/src/test/java/org/apache/flink/api/java/hadoop/mapreduce/HadoopOutputFormatTest.java: Recompile with -Xlint:deprecation for details.
[INFO] 
[INFO] --- surefire:2.22.1:test (default-test) @ flink-hadoop-compatibility_2.11 ---
[INFO] Tests are skipped.
[INFO] 
[INFO] --- jar:2.4:jar (default-jar) @ flink-hadoop-compatibility_2.11 ---
[INFO] Building jar: /home/runner/work/sonar-analysis/sonar-analysis/project/flink-connectors/flink-hadoop-compatibility/target/flink-hadoop-compatibility_2.11-1.12-SNAPSHOT.jar
[INFO] 
[INFO] --- jar:2.4:test-jar (default) @ flink-hadoop-compatibility_2.11 ---
[INFO] Building jar: /home/runner/work/sonar-analysis/sonar-analysis/project/flink-connectors/flink-hadoop-compatibility/target/flink-hadoop-compatibility_2.11-1.12-SNAPSHOT-tests.jar
[INFO] 
[INFO] --- shade:3.2.1:shade (shade-flink) @ flink-hadoop-compatibility_2.11 ---
[INFO] Including org.apache.flink:force-shading:jar:1.12-SNAPSHOT in the shaded jar.
[INFO] No artifact matching filter io.netty:netty
[INFO] Replacing original artifact with shaded artifact.
[INFO] Replacing /home/runner/work/sonar-analysis/sonar-analysis/project/flink-connectors/flink-hadoop-compatibility/target/flink-hadoop-compatibility_2.11-1.12-SNAPSHOT.jar with /home/runner/work/sonar-analysis/sonar-analysis/project/flink-connectors/flink-hadoop-compatibility/target/flink-hadoop-compatibility_2.11-1.12-SNAPSHOT-shaded.jar
[INFO] Replacing original test artifact with shaded test artifact.
[INFO] Replacing /home/runner/work/sonar-analysis/sonar-analysis/project/flink-connectors/flink-hadoop-compatibility/target/flink-hadoop-compatibility_2.11-1.12-SNAPSHOT-tests.jar with /home/runner/work/sonar-analysis/sonar-analysis/project/flink-connectors/flink-hadoop-compatibility/target/flink-hadoop-compatibility_2.11-1.12-SNAPSHOT-shaded-tests.jar
[INFO] Dependency-reduced POM written at: /home/runner/work/sonar-analysis/sonar-analysis/project/flink-connectors/flink-hadoop-compatibility/target/dependency-reduced-pom.xml
[INFO] 
[INFO] --- surefire:2.22.1:test (integration-tests) @ flink-hadoop-compatibility_2.11 ---
[INFO] Tests are skipped.
[INFO] 
[INFO] --- scalastyle:1.0.0:check (default) @ flink-hadoop-compatibility_2.11 ---
Saving to outputFile=/home/runner/work/sonar-analysis/sonar-analysis/project/flink-connectors/flink-hadoop-compatibility/target/scalastyle-output.xml
Processed 8 file(s)
Found 0 errors
Found 0 warnings
Found 0 infos
Finished in 23 ms
[INFO] 
[INFO] --- japicmp:0.11.0:cmp (default) @ flink-hadoop-compatibility_2.11 ---
[INFO] Written file '/home/runner/work/sonar-analysis/sonar-analysis/project/tools/japicmp-output/flink-hadoop-compatibility_2.11/japicmp/japicmp.diff'.
[INFO] Written file '/home/runner/work/sonar-analysis/sonar-analysis/project/tools/japicmp-output/flink-hadoop-compatibility_2.11/japicmp/japicmp.xml'.
[INFO] Written file '/home/runner/work/sonar-analysis/sonar-analysis/project/tools/japicmp-output/flink-hadoop-compatibility_2.11/japicmp/japicmp.html'.
[INFO] 
[INFO] --- install:2.5.2:install (default-install) @ flink-hadoop-compatibility_2.11 ---
[INFO] Installing /home/runner/work/sonar-analysis/sonar-analysis/project/flink-connectors/flink-hadoop-compatibility/target/flink-hadoop-compatibility_2.11-1.12-SNAPSHOT.jar to /home/runner/.m2/repository/org/apache/flink/flink-hadoop-compatibility_2.11/1.12-SNAPSHOT/flink-hadoop-compatibility_2.11-1.12-SNAPSHOT.jar
[INFO] Installing /home/runner/work/sonar-analysis/sonar-analysis/project/flink-connectors/flink-hadoop-compatibility/target/dependency-reduced-pom.xml to /home/runner/.m2/repository/org/apache/flink/flink-hadoop-compatibility_2.11/1.12-SNAPSHOT/flink-hadoop-compatibility_2.11-1.12-SNAPSHOT.pom
[INFO] Installing /home/runner/work/sonar-analysis/sonar-analysis/project/flink-connectors/flink-hadoop-compatibility/target/flink-hadoop-compatibility_2.11-1.12-SNAPSHOT-tests.jar to /home/runner/.m2/repository/org/apache/flink/flink-hadoop-compatibility_2.11/1.12-SNAPSHOT/flink-hadoop-compatibility_2.11-1.12-SNAPSHOT-tests.jar
[INFO] Installing /home/runner/work/sonar-analysis/sonar-analysis/project/flink-connectors/flink-hadoop-compatibility/target/flink-hadoop-compatibility_2.11-1.12-SNAPSHOT-tests.jar to /home/runner/.m2/repository/org/apache/flink/flink-hadoop-compatibility_2.11/1.12-SNAPSHOT/flink-hadoop-compatibility_2.11-1.12-SNAPSHOT-tests.jar
[INFO] 
[INFO] ---------------< org.apache.flink:flink-state-backends >----------------
[INFO] Building flink-state-backends 1.12-SNAPSHOT                     [33/182]
[INFO]   from flink-state-backends/pom.xml
[INFO] --------------------------------[ pom ]---------------------------------
[INFO] 
[INFO] --- clean:3.1.0:clean (default-clean) @ flink-state-backends ---
[INFO] Deleting /home/runner/work/sonar-analysis/sonar-analysis/project/flink-state-backends/target
[INFO] 
[INFO] --- checkstyle:2.17:check (validate) @ flink-state-backends ---
[INFO] 
[INFO] --- enforcer:3.0.0-M1:enforce (enforce-maven-version) @ flink-state-backends ---
[INFO] Skipping Rule Enforcement.
[INFO] 
[INFO] --- enforcer:3.0.0-M1:enforce (enforce-maven) @ flink-state-backends ---
[INFO] Skipping Rule Enforcement.
[INFO] 
[INFO] --- enforcer:3.0.0-M1:enforce (ban-unsafe-jackson) @ flink-state-backends ---
[INFO] Skipping Rule Enforcement.
[INFO] 
[INFO] --- enforcer:3.0.0-M1:enforce (forbid-log4j-1) @ flink-state-backends ---
[INFO] Skipping Rule Enforcement.
[INFO] 
[INFO] --- enforcer:3.0.0-M1:enforce (enforce-versions) @ flink-state-backends ---
[INFO] Skipping Rule Enforcement.
[INFO] 
[INFO] --- directory:0.1:highest-basedir (directories) @ flink-state-backends ---
[INFO] Highest basedir set to: /home/runner/work/sonar-analysis/sonar-analysis/project
[INFO] 
[INFO] --- remote-resources:1.5:process (process-resource-bundles) @ flink-state-backends ---
[INFO] 
[INFO] --- surefire:2.22.1:test (default-test) @ flink-state-backends ---
[INFO] Tests are skipped.
[INFO] 
[INFO] --- shade:3.2.1:shade (shade-flink) @ flink-state-backends ---
[INFO] Including org.apache.flink:force-shading:jar:1.12-SNAPSHOT in the shaded jar.
[INFO] Excluding org.slf4j:slf4j-api:jar:1.7.15 from the shaded jar.
[INFO] Excluding com.google.code.findbugs:jsr305:jar:1.3.9 from the shaded jar.
[INFO] No artifact matching filter io.netty:netty
[INFO] Replacing original artifact with shaded artifact.
[INFO] 
[INFO] --- surefire:2.22.1:test (integration-tests) @ flink-state-backends ---
[INFO] Tests are skipped.
[INFO] 
[INFO] --- install:2.5.2:install (default-install) @ flink-state-backends ---
[INFO] Installing /home/runner/work/sonar-analysis/sonar-analysis/project/flink-state-backends/pom.xml to /home/runner/.m2/repository/org/apache/flink/flink-state-backends/1.12-SNAPSHOT/flink-state-backends-1.12-SNAPSHOT.pom
[INFO] 
[INFO] ----------< org.apache.flink:flink-statebackend-rocksdb_2.11 >----------
[INFO] Building flink-statebackend-rocksdb 1.12-SNAPSHOT               [34/182]
[INFO]   from flink-state-backends/flink-statebackend-rocksdb/pom.xml
[INFO] --------------------------------[ jar ]---------------------------------
[INFO] 
[INFO] --- clean:3.1.0:clean (default-clean) @ flink-statebackend-rocksdb_2.11 ---
[INFO] Deleting /home/runner/work/sonar-analysis/sonar-analysis/project/flink-state-backends/flink-statebackend-rocksdb/target
[INFO] 
[INFO] --- checkstyle:2.17:check (validate) @ flink-statebackend-rocksdb_2.11 ---
[INFO] 
[INFO] --- enforcer:3.0.0-M1:enforce (enforce-maven-version) @ flink-statebackend-rocksdb_2.11 ---
[INFO] Skipping Rule Enforcement.
[INFO] 
[INFO] --- enforcer:3.0.0-M1:enforce (enforce-maven) @ flink-statebackend-rocksdb_2.11 ---
[INFO] Skipping Rule Enforcement.
[INFO] 
[INFO] --- enforcer:3.0.0-M1:enforce (ban-unsafe-jackson) @ flink-statebackend-rocksdb_2.11 ---
[INFO] Skipping Rule Enforcement.
[INFO] 
[INFO] --- enforcer:3.0.0-M1:enforce (forbid-log4j-1) @ flink-statebackend-rocksdb_2.11 ---
[INFO] Skipping Rule Enforcement.
[INFO] 
[INFO] --- enforcer:3.0.0-M1:enforce (enforce-versions) @ flink-statebackend-rocksdb_2.11 ---
[INFO] Skipping Rule Enforcement.
[INFO] 
[INFO] --- directory:0.1:highest-basedir (directories) @ flink-statebackend-rocksdb_2.11 ---
[INFO] Highest basedir set to: /home/runner/work/sonar-analysis/sonar-analysis/project
[INFO] 
[INFO] --- remote-resources:1.5:process (process-resource-bundles) @ flink-statebackend-rocksdb_2.11 ---
[INFO] 
[INFO] --- resources:3.1.0:resources (default-resources) @ flink-statebackend-rocksdb_2.11 ---
[INFO] Using 'UTF-8' encoding to copy filtered resources.
[INFO] skip non existing resourceDirectory /home/runner/work/sonar-analysis/sonar-analysis/project/flink-state-backends/flink-statebackend-rocksdb/src/main/resources
[INFO] Copying 3 resources
[INFO] 
[INFO] --- compiler:3.8.0:compile (default-compile) @ flink-statebackend-rocksdb_2.11 ---
[INFO] Compiling 56 source files to /home/runner/work/sonar-analysis/sonar-analysis/project/flink-state-backends/flink-statebackend-rocksdb/target/classes
[INFO] /home/runner/work/sonar-analysis/sonar-analysis/project/flink-state-backends/flink-statebackend-rocksdb/src/main/java/org/apache/flink/contrib/streaming/state/RocksDBNativeMetricOptions.java: Some input files use or override a deprecated API.
[INFO] /home/runner/work/sonar-analysis/sonar-analysis/project/flink-state-backends/flink-statebackend-rocksdb/src/main/java/org/apache/flink/contrib/streaming/state/RocksDBNativeMetricOptions.java: Recompile with -Xlint:deprecation for details.
[INFO] 
[INFO] --- resources:3.1.0:testResources (default-testResources) @ flink-statebackend-rocksdb_2.11 ---
[INFO] Using 'UTF-8' encoding to copy filtered resources.
[INFO] Copying 1 resource
[INFO] Copying 3 resources
[INFO] 
[INFO] --- compiler:3.8.0:testCompile (default-testCompile) @ flink-statebackend-rocksdb_2.11 ---
[INFO] Compiling 34 source files to /home/runner/work/sonar-analysis/sonar-analysis/project/flink-state-backends/flink-statebackend-rocksdb/target/test-classes
[WARNING] /home/runner/work/sonar-analysis/sonar-analysis/project/flink-state-backends/flink-statebackend-rocksdb/src/test/java/org/apache/flink/contrib/streaming/state/benchmark/RocksDBPerformanceTest.java:[39,16] sun.misc.Unsafe is internal proprietary API and may be removed in a future release
[WARNING] /home/runner/work/sonar-analysis/sonar-analysis/project/flink-state-backends/flink-statebackend-rocksdb/src/test/java/org/apache/flink/contrib/streaming/state/benchmark/RocksDBPerformanceTest.java:[39,16] sun.misc.Unsafe is internal proprietary API and may be removed in a future release
[WARNING] /home/runner/work/sonar-analysis/sonar-analysis/project/flink-state-backends/flink-statebackend-rocksdb/src/test/java/org/apache/flink/contrib/streaming/state/benchmark/RocksDBPerformanceTest.java:[39,16] sun.misc.Unsafe is internal proprietary API and may be removed in a future release
[WARNING] /home/runner/work/sonar-analysis/sonar-analysis/project/flink-state-backends/flink-statebackend-rocksdb/src/test/java/org/apache/flink/contrib/streaming/state/benchmark/RocksDBPerformanceTest.java:[150,31] sun.misc.Unsafe is internal proprietary API and may be removed in a future release
[INFO] /home/runner/work/sonar-analysis/sonar-analysis/project/flink-state-backends/flink-statebackend-rocksdb/src/test/java/org/apache/flink/contrib/streaming/state/RocksDBStateBackendTest.java: Some input files use or override a deprecated API.
[INFO] /home/runner/work/sonar-analysis/sonar-analysis/project/flink-state-backends/flink-statebackend-rocksdb/src/test/java/org/apache/flink/contrib/streaming/state/RocksDBStateBackendTest.java: Recompile with -Xlint:deprecation for details.
[INFO] /home/runner/work/sonar-analysis/sonar-analysis/project/flink-state-backends/flink-statebackend-rocksdb/src/test/java/org/apache/flink/contrib/streaming/state/RocksDBRocksStateKeysIteratorTest.java: /home/runner/work/sonar-analysis/sonar-analysis/project/flink-state-backends/flink-statebackend-rocksdb/src/test/java/org/apache/flink/contrib/streaming/state/RocksDBRocksStateKeysIteratorTest.java uses unchecked or unsafe operations.
[INFO] /home/runner/work/sonar-analysis/sonar-analysis/project/flink-state-backends/flink-statebackend-rocksdb/src/test/java/org/apache/flink/contrib/streaming/state/RocksDBRocksStateKeysIteratorTest.java: Recompile with -Xlint:unchecked for details.
[INFO] 
[INFO] --- surefire:2.22.1:test (default-test) @ flink-statebackend-rocksdb_2.11 ---
[INFO] Tests are skipped.
[INFO] 
[INFO] --- jar:2.4:jar (default-jar) @ flink-statebackend-rocksdb_2.11 ---
[INFO] Building jar: /home/runner/work/sonar-analysis/sonar-analysis/project/flink-state-backends/flink-statebackend-rocksdb/target/flink-statebackend-rocksdb_2.11-1.12-SNAPSHOT.jar
[INFO] 
[INFO] --- jar:2.4:test-jar (default) @ flink-statebackend-rocksdb_2.11 ---
[INFO] Building jar: /home/runner/work/sonar-analysis/sonar-analysis/project/flink-state-backends/flink-statebackend-rocksdb/target/flink-statebackend-rocksdb_2.11-1.12-SNAPSHOT-tests.jar
[INFO] 
[INFO] --- shade:3.2.1:shade (shade-flink) @ flink-statebackend-rocksdb_2.11 ---
[INFO] Excluding com.data-artisans:frocksdbjni:jar:5.17.2-artisans-2.0 from the shaded jar.
[INFO] Including org.apache.flink:force-shading:jar:1.12-SNAPSHOT in the shaded jar.
[INFO] Excluding org.slf4j:slf4j-api:jar:1.7.15 from the shaded jar.
[INFO] Excluding com.google.code.findbugs:jsr305:jar:1.3.9 from the shaded jar.
[INFO] No artifact matching filter io.netty:netty
[INFO] Replacing original artifact with shaded artifact.
[INFO] Replacing /home/runner/work/sonar-analysis/sonar-analysis/project/flink-state-backends/flink-statebackend-rocksdb/target/flink-statebackend-rocksdb_2.11-1.12-SNAPSHOT.jar with /home/runner/work/sonar-analysis/sonar-analysis/project/flink-state-backends/flink-statebackend-rocksdb/target/flink-statebackend-rocksdb_2.11-1.12-SNAPSHOT-shaded.jar
[INFO] Replacing original test artifact with shaded test artifact.
[INFO] Replacing /home/runner/work/sonar-analysis/sonar-analysis/project/flink-state-backends/flink-statebackend-rocksdb/target/flink-statebackend-rocksdb_2.11-1.12-SNAPSHOT-tests.jar with /home/runner/work/sonar-analysis/sonar-analysis/project/flink-state-backends/flink-statebackend-rocksdb/target/flink-statebackend-rocksdb_2.11-1.12-SNAPSHOT-shaded-tests.jar
[INFO] Dependency-reduced POM written at: /home/runner/work/sonar-analysis/sonar-analysis/project/flink-state-backends/flink-statebackend-rocksdb/target/dependency-reduced-pom.xml
[INFO] 
[INFO] --- surefire:2.22.1:test (integration-tests) @ flink-statebackend-rocksdb_2.11 ---
[INFO] Tests are skipped.
[INFO] 
[INFO] --- install:2.5.2:install (default-install) @ flink-statebackend-rocksdb_2.11 ---
[INFO] Installing /home/runner/work/sonar-analysis/sonar-analysis/project/flink-state-backends/flink-statebackend-rocksdb/target/flink-statebackend-rocksdb_2.11-1.12-SNAPSHOT.jar to /home/runner/.m2/repository/org/apache/flink/flink-statebackend-rocksdb_2.11/1.12-SNAPSHOT/flink-statebackend-rocksdb_2.11-1.12-SNAPSHOT.jar
[INFO] Installing /home/runner/work/sonar-analysis/sonar-analysis/project/flink-state-backends/flink-statebackend-rocksdb/target/dependency-reduced-pom.xml to /home/runner/.m2/repository/org/apache/flink/flink-statebackend-rocksdb_2.11/1.12-SNAPSHOT/flink-statebackend-rocksdb_2.11-1.12-SNAPSHOT.pom
[INFO] Installing /home/runner/work/sonar-analysis/sonar-analysis/project/flink-state-backends/flink-statebackend-rocksdb/target/flink-statebackend-rocksdb_2.11-1.12-SNAPSHOT-tests.jar to /home/runner/.m2/repository/org/apache/flink/flink-statebackend-rocksdb_2.11/1.12-SNAPSHOT/flink-statebackend-rocksdb_2.11-1.12-SNAPSHOT-tests.jar
[INFO] Installing /home/runner/work/sonar-analysis/sonar-analysis/project/flink-state-backends/flink-statebackend-rocksdb/target/flink-statebackend-rocksdb_2.11-1.12-SNAPSHOT-tests.jar to /home/runner/.m2/repository/org/apache/flink/flink-statebackend-rocksdb_2.11/1.12-SNAPSHOT/flink-statebackend-rocksdb_2.11-1.12-SNAPSHOT-tests.jar
[INFO] 
[INFO] --------------------< org.apache.flink:flink-tests >--------------------
[INFO] Building flink-tests 1.12-SNAPSHOT                              [35/182]
[INFO]   from flink-tests/pom.xml
[INFO] --------------------------------[ jar ]---------------------------------
[INFO] 
[INFO] --- clean:2.5:clean (default-clean) @ flink-tests ---
[INFO] Deleting /home/runner/work/sonar-analysis/sonar-analysis/project/flink-tests/target
[INFO] 
[INFO] --- checkstyle:2.17:check (validate) @ flink-tests ---
[INFO] 
[INFO] --- enforcer:3.0.0-M1:enforce (enforce-maven-version) @ flink-tests ---
[INFO] Skipping Rule Enforcement.
[INFO] 
[INFO] --- enforcer:3.0.0-M1:enforce (enforce-maven) @ flink-tests ---
[INFO] Skipping Rule Enforcement.
[INFO] 
[INFO] --- enforcer:3.0.0-M1:enforce (ban-unsafe-jackson) @ flink-tests ---
[INFO] Skipping Rule Enforcement.
[INFO] 
[INFO] --- enforcer:3.0.0-M1:enforce (forbid-log4j-1) @ flink-tests ---
[INFO] Skipping Rule Enforcement.
[INFO] 
[INFO] --- enforcer:3.0.0-M1:enforce (enforce-versions) @ flink-tests ---
[INFO] Skipping Rule Enforcement.
[INFO] 
[INFO] --- directory:0.1:highest-basedir (directories) @ flink-tests ---
[INFO] Highest basedir set to: /home/runner/work/sonar-analysis/sonar-analysis/project
[INFO] 
[INFO] --- build-helper:1.7:add-source (add-source) @ flink-tests ---
[INFO] Source directory: /home/runner/work/sonar-analysis/sonar-analysis/project/flink-tests/src/main/scala added.
[INFO] 
[INFO] --- remote-resources:1.5:process (process-resource-bundles) @ flink-tests ---
[INFO] 
[INFO] --- resources:3.1.0:resources (default-resources) @ flink-tests ---
[INFO] Using 'UTF-8' encoding to copy filtered resources.
[INFO] skip non existing resourceDirectory /home/runner/work/sonar-analysis/sonar-analysis/project/flink-tests/src/main/resources
[INFO] Copying 3 resources
[INFO] 
[INFO] --- scala:3.2.2:compile (scala-compile-first) @ flink-tests ---
[INFO] No sources to compile
[INFO] 
[INFO] --- compiler:3.8.0:compile (default-compile) @ flink-tests ---
[INFO] No sources to compile
[INFO] 
[INFO] --- build-helper:1.7:add-test-source (add-test-source) @ flink-tests ---
[INFO] Test Source directory: /home/runner/work/sonar-analysis/sonar-analysis/project/flink-tests/src/test/scala added.
[INFO] 
[INFO] --- resources:3.1.0:testResources (default-testResources) @ flink-tests ---
[INFO] Using 'UTF-8' encoding to copy filtered resources.
[INFO] Copying 80 resources
[INFO] Copying 3 resources
[INFO] 
[INFO] --- scala:3.2.2:testCompile (scala-test-compile) @ flink-tests ---
[WARNING] Plugin is modifying testCompileSourceRoots through add(), which will not work in Maven 4.0.0. Use MavenProject.addTestCompileSourceRoot()/removeTestCompileSourceRoot() methods instead. If using a plugin, please upgrade to the latest version or report the issue to the plugin maintainer. To disable these warnings, set -Dmaven.project.sourceRoots.warningsDisabled=true on the command line, in the .mvn/maven.config file, or in project POM properties.
[INFO] /home/runner/work/sonar-analysis/sonar-analysis/project/flink-tests/src/test/java:-1: info: compiling
[INFO] /home/runner/work/sonar-analysis/sonar-analysis/project/flink-tests/src/test/scala:-1: info: compiling
[INFO] Compiling 325 source files to /home/runner/work/sonar-analysis/sonar-analysis/project/flink-tests/target/test-classes at 1783246031947
[WARNING] /home/runner/work/sonar-analysis/sonar-analysis/project/flink-tests/src/test/scala/org/apache/flink/api/scala/functions/ClosureCleanerITCase.scala:185: warning: a pure expression does nothing in statement position; you may be omitting necessary parentheses
[WARNING]       nums.map { x => return 1; x * 2}.print()
[WARNING]                              ^
[WARNING] /home/runner/work/sonar-analysis/sonar-analysis/project/flink-tests/src/test/scala/org/apache/flink/api/scala/functions/ClosureCleanerITCase.scala:185: warning: enclosing method run has result type Unit: return value discarded
[WARNING]       nums.map { x => return 1; x * 2}.print()
[WARNING]                       ^
[WARNING] warning: there were 21 deprecation warnings; re-run with -deprecation for details
[WARNING] warning: there were four feature warnings; re-run with -feature for details
[WARNING] four warnings found
[INFO] prepare-compile in 0 s
[INFO] compile in 24 s
[INFO] 
[INFO] --- compiler:3.8.0:testCompile (default-testCompile) @ flink-tests ---
[INFO] Compiling 274 source files to /home/runner/work/sonar-analysis/sonar-analysis/project/flink-tests/target/test-classes
[INFO] /home/runner/work/sonar-analysis/sonar-analysis/project/flink-tests/src/test/java/org/apache/flink/test/streaming/runtime/PartitionerITCase.java: Some input files use or override a deprecated API.
[INFO] /home/runner/work/sonar-analysis/sonar-analysis/project/flink-tests/src/test/java/org/apache/flink/test/streaming/runtime/PartitionerITCase.java: Recompile with -Xlint:deprecation for details.
[INFO] /home/runner/work/sonar-analysis/sonar-analysis/project/flink-tests/src/test/java/org/apache/flink/test/checkpointing/ZooKeeperHighAvailabilityITCase.java: Some input files use unchecked or unsafe operations.
[INFO] /home/runner/work/sonar-analysis/sonar-analysis/project/flink-tests/src/test/java/org/apache/flink/test/checkpointing/ZooKeeperHighAvailabilityITCase.java: Recompile with -Xlint:unchecked for details.
[INFO] 
[INFO] --- assembly:2.4:single (create-plugin-a-jar) @ flink-tests ---
[INFO] Reading assembly descriptor: src/test/assembly/test-plugin-a-assembly.xml
[INFO] Building jar: /home/runner/work/sonar-analysis/sonar-analysis/project/flink-tests/target/plugin-a-test-jar.jar
[INFO] 
[INFO] --- assembly:2.4:single (create-plugin-b-jar) @ flink-tests ---
[INFO] Reading assembly descriptor: src/test/assembly/test-plugin-b-assembly.xml
[INFO] Building jar: /home/runner/work/sonar-analysis/sonar-analysis/project/flink-tests/target/plugin-b-test-jar.jar
[INFO] 
[INFO] --- assembly:2.4:single (create-kmeans-jar) @ flink-tests ---
[INFO] Reading assembly descriptor: src/test/assembly/test-kmeans-assembly.xml
[INFO] Building jar: /home/runner/work/sonar-analysis/sonar-analysis/project/flink-tests/target/kmeans-test-jar.jar
[INFO] 
[INFO] --- assembly:2.4:single (create-usercodetype-jar) @ flink-tests ---
[INFO] Reading assembly descriptor: src/test/assembly/test-usercodetype-assembly.xml
[INFO] Building jar: /home/runner/work/sonar-analysis/sonar-analysis/project/flink-tests/target/usercodetype-test-jar.jar
[INFO] 
[INFO] --- assembly:2.4:single (create-custominputsplit-jar) @ flink-tests ---
[INFO] Reading assembly descriptor: src/test/assembly/test-custominput-assembly.xml
[INFO] Building jar: /home/runner/work/sonar-analysis/sonar-analysis/project/flink-tests/target/customsplit-test-jar.jar
[INFO] 
[INFO] --- assembly:2.4:single (create-streaming-custominputsplit-jar) @ flink-tests ---
[INFO] Reading assembly descriptor: src/test/assembly/test-streaming-custominput-assembly.xml
[INFO] Building jar: /home/runner/work/sonar-analysis/sonar-analysis/project/flink-tests/target/streaming-customsplit-test-jar.jar
[INFO] 
[INFO] --- assembly:2.4:single (create-streamingclassloader-jar) @ flink-tests ---
[INFO] Reading assembly descriptor: src/test/assembly/test-streamingclassloader-assembly.xml
[INFO] Building jar: /home/runner/work/sonar-analysis/sonar-analysis/project/flink-tests/target/streamingclassloader-test-jar.jar
[INFO] 
[INFO] --- assembly:2.4:single (create-streaming-state-checkpointed-classloader-jar) @ flink-tests ---
[INFO] Reading assembly descriptor: src/test/assembly/test-streaming-state-checkpointed-classloader-assembly.xml
[INFO] Building jar: /home/runner/work/sonar-analysis/sonar-analysis/project/flink-tests/target/streaming-checkpointed-classloader-test-jar.jar
[INFO] 
[INFO] --- assembly:2.4:single (create-custom_kv_state-jar) @ flink-tests ---
[INFO] Reading assembly descriptor: src/test/assembly/test-custom_kv_state-assembly.xml
[INFO] Building jar: /home/runner/work/sonar-analysis/sonar-analysis/project/flink-tests/target/custom_kv_state-test-jar.jar
[INFO] 
[INFO] --- assembly:2.4:single (create-checkpointing_custom_kv_state-jar) @ flink-tests ---
[INFO] Reading assembly descriptor: src/test/assembly/test-checkpointing-custom_kv_state-assembly.xml
[INFO] Building jar: /home/runner/work/sonar-analysis/sonar-analysis/project/flink-tests/target/checkpointing_custom_kv_state-test-jar.jar
[INFO] 
[INFO] --- assembly:2.4:single (create-classloading_policy-jar) @ flink-tests ---
[INFO] Reading assembly descriptor: src/test/assembly/test-classloading_policy-assembly.xml
[INFO] Building jar: /home/runner/work/sonar-analysis/sonar-analysis/project/flink-tests/target/classloading_policy-test-jar.jar
[INFO] 
[INFO] --- clean:2.5:clean (remove-classloading-test-dependencies) @ flink-tests ---
[INFO] Deleting /home/runner/work/sonar-analysis/sonar-analysis/project/flink-tests/target/test-classes (includes = [**/classloading/jar/*.class], excludes = [])
[INFO] 
[INFO] --- surefire:2.22.1:test (default-test) @ flink-tests ---
[INFO] Tests are skipped.
[INFO] 
[INFO] --- jar:2.4:jar (default-jar) @ flink-tests ---
[INFO] Building jar: /home/runner/work/sonar-analysis/sonar-analysis/project/flink-tests/target/flink-tests-1.12-SNAPSHOT.jar
[INFO] 
[INFO] --- jar:2.4:test-jar (default) @ flink-tests ---
[INFO] Building jar: /home/runner/work/sonar-analysis/sonar-analysis/project/flink-tests/target/flink-tests-1.12-SNAPSHOT-tests.jar
[INFO] 
[INFO] --- shade:3.2.1:shade (shade-flink) @ flink-tests ---
[INFO] Excluding org.apache.flink:flink-shaded-guava:jar:18.0-10.0 from the shaded jar.
[INFO] Including org.apache.flink:force-shading:jar:1.12-SNAPSHOT in the shaded jar.
[INFO] Excluding org.slf4j:slf4j-api:jar:1.7.15 from the shaded jar.
[INFO] Excluding com.google.code.findbugs:jsr305:jar:1.3.9 from the shaded jar.
[INFO] No artifact matching filter io.netty:netty
[INFO] Replacing original artifact with shaded artifact.
[INFO] Replacing /home/runner/work/sonar-analysis/sonar-analysis/project/flink-tests/target/flink-tests-1.12-SNAPSHOT.jar with /home/runner/work/sonar-analysis/sonar-analysis/project/flink-tests/target/flink-tests-1.12-SNAPSHOT-shaded.jar
[INFO] Replacing original test artifact with shaded test artifact.
[INFO] Replacing /home/runner/work/sonar-analysis/sonar-analysis/project/flink-tests/target/flink-tests-1.12-SNAPSHOT-tests.jar with /home/runner/work/sonar-analysis/sonar-analysis/project/flink-tests/target/flink-tests-1.12-SNAPSHOT-shaded-tests.jar
[INFO] Dependency-reduced POM written at: /home/runner/work/sonar-analysis/sonar-analysis/project/flink-tests/target/dependency-reduced-pom.xml
[INFO] 
[INFO] --- surefire:2.22.1:test (integration-tests) @ flink-tests ---
[INFO] Tests are skipped.
[INFO] 
[INFO] --- scalastyle:1.0.0:check (default) @ flink-tests ---
[WARNING] sourceDirectory is not specified or does not exist value=/home/runner/work/sonar-analysis/sonar-analysis/project/flink-tests/src/main/scala
Saving to outputFile=/home/runner/work/sonar-analysis/sonar-analysis/project/flink-tests/target/scalastyle-output.xml
Processed 51 file(s)
Found 0 errors
Found 0 warnings
Found 0 infos
Finished in 450 ms
[INFO] 
[INFO] --- install:2.5.2:install (default-install) @ flink-tests ---
[INFO] Installing /home/runner/work/sonar-analysis/sonar-analysis/project/flink-tests/target/flink-tests-1.12-SNAPSHOT.jar to /home/runner/.m2/repository/org/apache/flink/flink-tests/1.12-SNAPSHOT/flink-tests-1.12-SNAPSHOT.jar
[INFO] Installing /home/runner/work/sonar-analysis/sonar-analysis/project/flink-tests/target/dependency-reduced-pom.xml to /home/runner/.m2/repository/org/apache/flink/flink-tests/1.12-SNAPSHOT/flink-tests-1.12-SNAPSHOT.pom
[INFO] Installing /home/runner/work/sonar-analysis/sonar-analysis/project/flink-tests/target/flink-tests-1.12-SNAPSHOT-tests.jar to /home/runner/.m2/repository/org/apache/flink/flink-tests/1.12-SNAPSHOT/flink-tests-1.12-SNAPSHOT-tests.jar
[INFO] Installing /home/runner/work/sonar-analysis/sonar-analysis/project/flink-tests/target/flink-tests-1.12-SNAPSHOT-tests.jar to /home/runner/.m2/repository/org/apache/flink/flink-tests/1.12-SNAPSHOT/flink-tests-1.12-SNAPSHOT-tests.jar
[INFO] 
[INFO] ------------< org.apache.flink:flink-streaming-scala_2.11 >-------------
[INFO] Building flink-streaming-scala 1.12-SNAPSHOT                    [36/182]
[INFO]   from flink-streaming-scala/pom.xml
[INFO] --------------------------------[ jar ]---------------------------------
[INFO] 
[INFO] --- clean:3.1.0:clean (default-clean) @ flink-streaming-scala_2.11 ---
[INFO] Deleting /home/runner/work/sonar-analysis/sonar-analysis/project/flink-streaming-scala/target
[INFO] 
[INFO] --- checkstyle:2.17:check (validate) @ flink-streaming-scala_2.11 ---
[INFO] 
[INFO] --- enforcer:3.0.0-M1:enforce (enforce-maven-version) @ flink-streaming-scala_2.11 ---
[INFO] Skipping Rule Enforcement.
[INFO] 
[INFO] --- enforcer:3.0.0-M1:enforce (enforce-maven) @ flink-streaming-scala_2.11 ---
[INFO] Skipping Rule Enforcement.
[INFO] 
[INFO] --- enforcer:3.0.0-M1:enforce (ban-unsafe-jackson) @ flink-streaming-scala_2.11 ---
[INFO] Skipping Rule Enforcement.
[INFO] 
[INFO] --- enforcer:3.0.0-M1:enforce (forbid-log4j-1) @ flink-streaming-scala_2.11 ---
[INFO] Skipping Rule Enforcement.
[INFO] 
[INFO] --- enforcer:3.0.0-M1:enforce (enforce-versions) @ flink-streaming-scala_2.11 ---
[INFO] Skipping Rule Enforcement.
[INFO] 
[INFO] --- directory:0.1:highest-basedir (directories) @ flink-streaming-scala_2.11 ---
[INFO] Highest basedir set to: /home/runner/work/sonar-analysis/sonar-analysis/project
[INFO] 
[INFO] --- build-helper:1.7:add-source (add-source) @ flink-streaming-scala_2.11 ---
[INFO] Source directory: /home/runner/work/sonar-analysis/sonar-analysis/project/flink-streaming-scala/src/main/scala added.
[INFO] 
[INFO] --- remote-resources:1.5:process (process-resource-bundles) @ flink-streaming-scala_2.11 ---
[INFO] 
[INFO] --- resources:3.1.0:resources (default-resources) @ flink-streaming-scala_2.11 ---
[INFO] Using 'UTF-8' encoding to copy filtered resources.
[INFO] skip non existing resourceDirectory /home/runner/work/sonar-analysis/sonar-analysis/project/flink-streaming-scala/src/main/resources
[INFO] Copying 3 resources
[INFO] 
[INFO] --- scala:3.2.2:compile (scala-compile-first) @ flink-streaming-scala_2.11 ---
[INFO] /home/runner/work/sonar-analysis/sonar-analysis/project/flink-streaming-scala/src/main/scala:-1: info: compiling
[INFO] Compiling 41 source files to /home/runner/work/sonar-analysis/sonar-analysis/project/flink-streaming-scala/target/classes at 1783246062391
[INFO] compiler plugin: BasicArtifact(org.scalamacros,paradise_2.11.12,2.1.0,null)
[WARNING] /home/runner/work/sonar-analysis/sonar-analysis/project/flink-streaming-scala/src/main/scala/org/apache/flink/streaming/api/scala/DataStream.scala:246: warning: abstract type X in type pattern org.apache.flink.streaming.api.datastream.SingleOutputStreamOperator[X] is unchecked since it is eliminated by erasure
[WARNING]     case stream : SingleOutputStreamOperator[X] =>
[WARNING]                   ^
[WARNING] warning: there were 62 deprecation warnings; re-run with -deprecation for details
[WARNING] warning: there were 5 feature warnings; re-run with -feature for details
[WARNING] three warnings found
[INFO] prepare-compile in 0 s
[INFO] compile in 7 s
[INFO] 
[INFO] --- compiler:3.8.0:compile (default-compile) @ flink-streaming-scala_2.11 ---
[INFO] Nothing to compile - all classes are up to date
[INFO] 
[INFO] --- build-helper:1.7:add-test-source (add-test-source) @ flink-streaming-scala_2.11 ---
[INFO] Test Source directory: /home/runner/work/sonar-analysis/sonar-analysis/project/flink-streaming-scala/src/test/scala added.
[INFO] 
[INFO] --- resources:3.1.0:testResources (default-testResources) @ flink-streaming-scala_2.11 ---
[INFO] Using 'UTF-8' encoding to copy filtered resources.
[INFO] Copying 1 resource
[INFO] Copying 3 resources
[INFO] 
[INFO] --- scala:3.2.2:testCompile (scala-test-compile) @ flink-streaming-scala_2.11 ---
[WARNING] Plugin is modifying testCompileSourceRoots through add(), which will not work in Maven 4.0.0. Use MavenProject.addTestCompileSourceRoot()/removeTestCompileSourceRoot() methods instead. If using a plugin, please upgrade to the latest version or report the issue to the plugin maintainer. To disable these warnings, set -Dmaven.project.sourceRoots.warningsDisabled=true on the command line, in the .mvn/maven.config file, or in project POM properties.
[INFO] /home/runner/work/sonar-analysis/sonar-analysis/project/flink-streaming-scala/src/test/java:-1: info: compiling
[INFO] /home/runner/work/sonar-analysis/sonar-analysis/project/flink-streaming-scala/src/test/scala:-1: info: compiling
[INFO] Compiling 36 source files to /home/runner/work/sonar-analysis/sonar-analysis/project/flink-streaming-scala/target/test-classes at 1783246069924
[INFO] compiler plugin: BasicArtifact(org.scalamacros,paradise_2.11.12,2.1.0,null)
[WARNING] /home/runner/work/sonar-analysis/sonar-analysis/project/flink-streaming-scala/src/test/scala/org/apache/flink/streaming/api/scala/WindowTranslationTest.scala:1955: warning: non-variable type argument String in type org.apache.flink.streaming.api.operators.OutputTypeConfigurable[String] is unchecked since it is eliminated by erasure
[WARNING]     if (operator.isInstanceOf[OutputTypeConfigurable[String]]) {
[WARNING]                              ^
[WARNING] warning: there were 203 deprecation warnings; re-run with -deprecation for details
[WARNING] two warnings found
[INFO] prepare-compile in 0 s
[INFO] compile in 20 s
[INFO] 
[INFO] --- compiler:3.8.0:testCompile (default-testCompile) @ flink-streaming-scala_2.11 ---
[INFO] Compiling 3 source files to /home/runner/work/sonar-analysis/sonar-analysis/project/flink-streaming-scala/target/test-classes
[INFO] 
[INFO] --- surefire:2.22.1:test (default-test) @ flink-streaming-scala_2.11 ---
[INFO] Tests are skipped.
[INFO] 
[INFO] --- jar:2.4:jar (default-jar) @ flink-streaming-scala_2.11 ---
[INFO] Building jar: /home/runner/work/sonar-analysis/sonar-analysis/project/flink-streaming-scala/target/flink-streaming-scala_2.11-1.12-SNAPSHOT.jar
[INFO] 
[INFO] --- jar:2.4:test-jar (default) @ flink-streaming-scala_2.11 ---
[INFO] Building jar: /home/runner/work/sonar-analysis/sonar-analysis/project/flink-streaming-scala/target/flink-streaming-scala_2.11-1.12-SNAPSHOT-tests.jar
[INFO] 
[INFO] --- shade:3.2.1:shade (shade-flink) @ flink-streaming-scala_2.11 ---
[INFO] Excluding org.apache.flink:flink-streaming-java_2.11:jar:1.12-SNAPSHOT from the shaded jar.
[INFO] Excluding org.apache.flink:flink-core:jar:1.12-SNAPSHOT from the shaded jar.
[INFO] Excluding org.apache.flink:flink-annotations:jar:1.12-SNAPSHOT from the shaded jar.
[INFO] Excluding org.apache.flink:flink-metrics-core:jar:1.12-SNAPSHOT from the shaded jar.
[INFO] Excluding com.esotericsoftware.kryo:kryo:jar:2.24.0 from the shaded jar.
[INFO] Excluding com.esotericsoftware.minlog:minlog:jar:1.2 from the shaded jar.
[INFO] Excluding commons-collections:commons-collections:jar:3.2.2 from the shaded jar.
[INFO] Excluding org.apache.commons:commons-compress:jar:1.20 from the shaded jar.
[INFO] Excluding org.apache.flink:flink-runtime_2.11:jar:1.12-SNAPSHOT from the shaded jar.
[INFO] Excluding org.apache.flink:flink-java:jar:1.12-SNAPSHOT from the shaded jar.
[INFO] Excluding org.apache.flink:flink-shaded-guava:jar:18.0-10.0 from the shaded jar.
[INFO] Excluding org.apache.commons:commons-math3:jar:3.5 from the shaded jar.
[INFO] Excluding org.apache.flink:flink-scala_2.11:jar:1.12-SNAPSHOT from the shaded jar.
[INFO] Excluding org.apache.flink:flink-shaded-asm-7:jar:7.1-10.0 from the shaded jar.
[INFO] Excluding org.scala-lang:scala-reflect:jar:2.11.12 from the shaded jar.
[INFO] Excluding org.scala-lang:scala-library:jar:2.11.12 from the shaded jar.
[INFO] Excluding org.scala-lang:scala-compiler:jar:2.11.12 from the shaded jar.
[INFO] Excluding org.scala-lang.modules:scala-xml_2.11:jar:1.0.5 from the shaded jar.
[INFO] Excluding org.scala-lang.modules:scala-parser-combinators_2.11:jar:1.1.1 from the shaded jar.
[INFO] Excluding io.netty:netty:jar:3.10.6.Final from the shaded jar.
[INFO] Excluding org.apache.flink:flink-queryable-state-client-java:jar:1.12-SNAPSHOT from the shaded jar.
[INFO] Excluding org.apache.flink:flink-hadoop-fs:jar:1.12-SNAPSHOT from the shaded jar.
[INFO] Excluding commons-io:commons-io:jar:2.4 from the shaded jar.
[INFO] Excluding org.apache.flink:flink-shaded-netty:jar:4.1.39.Final-10.0 from the shaded jar.
[INFO] Excluding org.apache.flink:flink-shaded-jackson:jar:2.10.1-10.0 from the shaded jar.
[INFO] Excluding org.apache.flink:flink-shaded-zookeeper-3:jar:3.4.10-10.0 from the shaded jar.
[INFO] Excluding org.apache.commons:commons-lang3:jar:3.3.2 from the shaded jar.
[INFO] Excluding commons-cli:commons-cli:jar:1.3.1 from the shaded jar.
[INFO] Excluding org.javassist:javassist:jar:3.24.0-GA from the shaded jar.
[INFO] Excluding com.typesafe.akka:akka-actor_2.11:jar:2.5.21 from the shaded jar.
[INFO] Excluding com.typesafe:config:jar:1.3.0 from the shaded jar.
[INFO] Excluding org.scala-lang.modules:scala-java8-compat_2.11:jar:0.7.0 from the shaded jar.
[INFO] Excluding com.typesafe.akka:akka-remote_2.11:jar:2.5.21 from the shaded jar.
[INFO] Excluding com.typesafe.akka:akka-stream_2.11:jar:2.5.21 from the shaded jar.
[INFO] Excluding org.reactivestreams:reactive-streams:jar:1.0.2 from the shaded jar.
[INFO] Excluding com.typesafe:ssl-config-core_2.11:jar:0.3.7 from the shaded jar.
[INFO] Excluding com.typesafe.akka:akka-protobuf_2.11:jar:2.5.21 from the shaded jar.
[INFO] Excluding com.typesafe.akka:akka-slf4j_2.11:jar:2.5.21 from the shaded jar.
[INFO] Excluding org.clapper:grizzled-slf4j_2.11:jar:1.3.2 from the shaded jar.
[INFO] Excluding com.github.scopt:scopt_2.11:jar:3.5.0 from the shaded jar.
[INFO] Excluding org.xerial.snappy:snappy-java:jar:1.1.4 from the shaded jar.
[INFO] Excluding com.twitter:chill_2.11:jar:0.7.6 from the shaded jar.
[INFO] Excluding com.twitter:chill-java:jar:0.7.6 from the shaded jar.
[INFO] Excluding org.lz4:lz4-java:jar:1.5.0 from the shaded jar.
[INFO] Including org.apache.flink:force-shading:jar:1.12-SNAPSHOT in the shaded jar.
[INFO] Excluding org.slf4j:slf4j-api:jar:1.7.15 from the shaded jar.
[INFO] Excluding com.google.code.findbugs:jsr305:jar:1.3.9 from the shaded jar.
[INFO] Excluding org.objenesis:objenesis:jar:2.1 from the shaded jar.
[INFO] Replacing original artifact with shaded artifact.
[INFO] Replacing /home/runner/work/sonar-analysis/sonar-analysis/project/flink-streaming-scala/target/flink-streaming-scala_2.11-1.12-SNAPSHOT.jar with /home/runner/work/sonar-analysis/sonar-analysis/project/flink-streaming-scala/target/flink-streaming-scala_2.11-1.12-SNAPSHOT-shaded.jar
[INFO] Replacing original test artifact with shaded test artifact.
[INFO] Replacing /home/runner/work/sonar-analysis/sonar-analysis/project/flink-streaming-scala/target/flink-streaming-scala_2.11-1.12-SNAPSHOT-tests.jar with /home/runner/work/sonar-analysis/sonar-analysis/project/flink-streaming-scala/target/flink-streaming-scala_2.11-1.12-SNAPSHOT-shaded-tests.jar
[INFO] Dependency-reduced POM written at: /home/runner/work/sonar-analysis/sonar-analysis/project/flink-streaming-scala/target/dependency-reduced-pom.xml
[INFO] 
[INFO] --- surefire:2.22.1:test (integration-tests) @ flink-streaming-scala_2.11 ---
[INFO] Tests are skipped.
[INFO] 
[INFO] --- scalastyle:1.0.0:check (default) @ flink-streaming-scala_2.11 ---
Saving to outputFile=/home/runner/work/sonar-analysis/sonar-analysis/project/flink-streaming-scala/target/scalastyle-output.xml
Processed 74 file(s)
Found 0 errors
Found 0 warnings
Found 0 infos
Finished in 640 ms
[INFO] 
[INFO] --- japicmp:0.11.0:cmp (default) @ flink-streaming-scala_2.11 ---
[INFO] Written file '/home/runner/work/sonar-analysis/sonar-analysis/project/tools/japicmp-output/flink-streaming-scala_2.11/japicmp/japicmp.diff'.
[INFO] Written file '/home/runner/work/sonar-analysis/sonar-analysis/project/tools/japicmp-output/flink-streaming-scala_2.11/japicmp/japicmp.xml'.
[INFO] Written file '/home/runner/work/sonar-analysis/sonar-analysis/project/tools/japicmp-output/flink-streaming-scala_2.11/japicmp/japicmp.html'.
[INFO] 
[INFO] --- install:2.5.2:install (default-install) @ flink-streaming-scala_2.11 ---
[INFO] Installing /home/runner/work/sonar-analysis/sonar-analysis/project/flink-streaming-scala/target/flink-streaming-scala_2.11-1.12-SNAPSHOT.jar to /home/runner/.m2/repository/org/apache/flink/flink-streaming-scala_2.11/1.12-SNAPSHOT/flink-streaming-scala_2.11-1.12-SNAPSHOT.jar
[INFO] Installing /home/runner/work/sonar-analysis/sonar-analysis/project/flink-streaming-scala/target/dependency-reduced-pom.xml to /home/runner/.m2/repository/org/apache/flink/flink-streaming-scala_2.11/1.12-SNAPSHOT/flink-streaming-scala_2.11-1.12-SNAPSHOT.pom
[INFO] Installing /home/runner/work/sonar-analysis/sonar-analysis/project/flink-streaming-scala/target/flink-streaming-scala_2.11-1.12-SNAPSHOT-tests.jar to /home/runner/.m2/repository/org/apache/flink/flink-streaming-scala_2.11/1.12-SNAPSHOT/flink-streaming-scala_2.11-1.12-SNAPSHOT-tests.jar
[INFO] Installing /home/runner/work/sonar-analysis/sonar-analysis/project/flink-streaming-scala/target/flink-streaming-scala_2.11-1.12-SNAPSHOT-tests.jar to /home/runner/.m2/repository/org/apache/flink/flink-streaming-scala_2.11/1.12-SNAPSHOT/flink-streaming-scala_2.11-1.12-SNAPSHOT-tests.jar
[INFO] 
[INFO] ----------------< org.apache.flink:flink-hcatalog_2.11 >----------------
[INFO] Building flink-hcatalog 1.12-SNAPSHOT                           [37/182]
[INFO]   from flink-connectors/flink-hcatalog/pom.xml
[INFO] --------------------------------[ jar ]---------------------------------
[INFO] 
[INFO] --- clean:3.1.0:clean (default-clean) @ flink-hcatalog_2.11 ---
[INFO] Deleting /home/runner/work/sonar-analysis/sonar-analysis/project/flink-connectors/flink-hcatalog/target
[INFO] 
[INFO] --- checkstyle:2.17:check (validate) @ flink-hcatalog_2.11 ---
[INFO] 
[INFO] --- enforcer:3.0.0-M1:enforce (enforce-maven-version) @ flink-hcatalog_2.11 ---
[INFO] Skipping Rule Enforcement.
[INFO] 
[INFO] --- enforcer:3.0.0-M1:enforce (enforce-maven) @ flink-hcatalog_2.11 ---
[INFO] Skipping Rule Enforcement.
[INFO] 
[INFO] --- enforcer:3.0.0-M1:enforce (ban-unsafe-jackson) @ flink-hcatalog_2.11 ---
[INFO] Skipping Rule Enforcement.
[INFO] 
[INFO] --- enforcer:3.0.0-M1:enforce (forbid-log4j-1) @ flink-hcatalog_2.11 ---
[INFO] Skipping Rule Enforcement.
[INFO] 
[INFO] --- enforcer:3.0.0-M1:enforce (enforce-versions) @ flink-hcatalog_2.11 ---
[INFO] Skipping Rule Enforcement.
[INFO] 
[INFO] --- directory:0.1:highest-basedir (directories) @ flink-hcatalog_2.11 ---
[INFO] Highest basedir set to: /home/runner/work/sonar-analysis/sonar-analysis/project
[INFO] 
[INFO] --- build-helper:1.7:add-source (add-source) @ flink-hcatalog_2.11 ---
[INFO] Source directory: /home/runner/work/sonar-analysis/sonar-analysis/project/flink-connectors/flink-hcatalog/src/main/scala added.
[INFO] 
[INFO] --- remote-resources:1.5:process (process-resource-bundles) @ flink-hcatalog_2.11 ---
[INFO] 
[INFO] --- resources:3.1.0:resources (default-resources) @ flink-hcatalog_2.11 ---
[INFO] Using 'UTF-8' encoding to copy filtered resources.
[INFO] skip non existing resourceDirectory /home/runner/work/sonar-analysis/sonar-analysis/project/flink-connectors/flink-hcatalog/src/main/resources
[INFO] Copying 3 resources
[INFO] 
[INFO] --- scala:3.2.2:compile (scala-compile-first) @ flink-hcatalog_2.11 ---
[INFO] /home/runner/work/sonar-analysis/sonar-analysis/project/flink-connectors/flink-hcatalog/src/main/java:-1: info: compiling
[INFO] /home/runner/work/sonar-analysis/sonar-analysis/project/flink-connectors/flink-hcatalog/src/main/scala:-1: info: compiling
[INFO] Compiling 3 source files to /home/runner/work/sonar-analysis/sonar-analysis/project/flink-connectors/flink-hcatalog/target/classes at 1783246092481
[INFO] prepare-compile in 0 s
[INFO] compile in 3 s
[INFO] 
[INFO] --- compiler:3.8.0:compile (default-compile) @ flink-hcatalog_2.11 ---
[INFO] Compiling 2 source files to /home/runner/work/sonar-analysis/sonar-analysis/project/flink-connectors/flink-hcatalog/target/classes
[INFO] /home/runner/work/sonar-analysis/sonar-analysis/project/flink-connectors/flink-hcatalog/src/main/java/org/apache/flink/hcatalog/HCatInputFormatBase.java: Some input files use unchecked or unsafe operations.
[INFO] /home/runner/work/sonar-analysis/sonar-analysis/project/flink-connectors/flink-hcatalog/src/main/java/org/apache/flink/hcatalog/HCatInputFormatBase.java: Recompile with -Xlint:unchecked for details.
[INFO] 
[INFO] --- build-helper:1.7:add-test-source (add-test-source) @ flink-hcatalog_2.11 ---
[INFO] Test Source directory: /home/runner/work/sonar-analysis/sonar-analysis/project/flink-connectors/flink-hcatalog/src/test/scala added.
[INFO] 
[INFO] --- resources:3.1.0:testResources (default-testResources) @ flink-hcatalog_2.11 ---
[INFO] Using 'UTF-8' encoding to copy filtered resources.
[INFO] skip non existing resourceDirectory /home/runner/work/sonar-analysis/sonar-analysis/project/flink-connectors/flink-hcatalog/src/test/resources
[INFO] Copying 3 resources
[INFO] 
[INFO] --- scala:3.2.2:testCompile (scala-test-compile) @ flink-hcatalog_2.11 ---
[WARNING] Plugin is modifying testCompileSourceRoots through add(), which will not work in Maven 4.0.0. Use MavenProject.addTestCompileSourceRoot()/removeTestCompileSourceRoot() methods instead. If using a plugin, please upgrade to the latest version or report the issue to the plugin maintainer. To disable these warnings, set -Dmaven.project.sourceRoots.warningsDisabled=true on the command line, in the .mvn/maven.config file, or in project POM properties.
[INFO] No sources to compile
[INFO] 
[INFO] --- compiler:3.8.0:testCompile (default-testCompile) @ flink-hcatalog_2.11 ---
[INFO] No sources to compile
[INFO] 
[INFO] --- surefire:2.22.1:test (default-test) @ flink-hcatalog_2.11 ---
[INFO] Tests are skipped.
[INFO] 
[INFO] --- jar:2.4:jar (default-jar) @ flink-hcatalog_2.11 ---
[INFO] Building jar: /home/runner/work/sonar-analysis/sonar-analysis/project/flink-connectors/flink-hcatalog/target/flink-hcatalog_2.11-1.12-SNAPSHOT.jar
[INFO] 
[INFO] --- shade:3.2.1:shade (shade-flink) @ flink-hcatalog_2.11 ---
[INFO] Excluding org.apache.flink:flink-hadoop-compatibility_2.11:jar:1.12-SNAPSHOT from the shaded jar.
[INFO] Excluding org.apache.hive.hcatalog:hcatalog-core:jar:0.12.0 from the shaded jar.
[INFO] Excluding com.google.guava:guava:jar:11.0.2 from the shaded jar.
[INFO] Excluding org.apache.hive:hive-cli:jar:0.12.0 from the shaded jar.
[INFO] Excluding jline:jline:jar:0.9.94 from the shaded jar.
[INFO] Excluding org.apache.hive:hive-service:jar:0.12.0 from the shaded jar.
[INFO] Excluding org.apache.hive:hive-shims:jar:0.12.0 from the shaded jar.
[INFO] Excluding org.apache.thrift:libthrift:jar:0.9.0 from the shaded jar.
[INFO] Excluding commons-logging:commons-logging-api:jar:1.0.4 from the shaded jar.
[INFO] Excluding org.apache.hive:hive-metastore:jar:0.12.0 from the shaded jar.
[INFO] Excluding org.antlr:antlr:jar:3.4 from the shaded jar.
[INFO] Excluding org.antlr:antlr-runtime:jar:3.4 from the shaded jar.
[INFO] Excluding org.antlr:stringtemplate:jar:3.2.1 from the shaded jar.
[INFO] Excluding antlr:antlr:jar:2.7.7 from the shaded jar.
[INFO] Excluding org.antlr:ST4:jar:4.0.4 from the shaded jar.
[INFO] Excluding org.apache.hive:hive-serde:jar:0.12.0 from the shaded jar.
[INFO] Excluding org.mockito:mockito-all:jar:1.8.2 from the shaded jar.
[INFO] Excluding org.apache.thrift:libfb303:jar:0.9.0 from the shaded jar.
[INFO] Excluding org.apache.avro:avro-mapred:jar:1.7.1 from the shaded jar.
[INFO] Excluding org.apache.avro:avro-ipc:jar:1.7.1 from the shaded jar.
[INFO] Excluding org.apache.velocity:velocity:jar:1.7 from the shaded jar.
[INFO] Excluding org.mortbay.jetty:servlet-api:jar:2.5-20081211 from the shaded jar.
[INFO] Excluding com.jolbox:bonecp:jar:0.7.1.RELEASE from the shaded jar.
[INFO] Excluding commons-pool:commons-pool:jar:1.5.4 from the shaded jar.
[INFO] Excluding org.datanucleus:datanucleus-api-jdo:jar:3.2.1 from the shaded jar.
[INFO] Excluding org.datanucleus:datanucleus-core:jar:3.2.2 from the shaded jar.
[INFO] Excluding org.datanucleus:datanucleus-rdbms:jar:3.2.1 from the shaded jar.
[INFO] Excluding javax.jdo:jdo-api:jar:3.0.1 from the shaded jar.
[INFO] Excluding javax.transaction:jta:jar:1.1 from the shaded jar.
[INFO] Excluding org.apache.derby:derby:jar:10.4.2.0 from the shaded jar.
[INFO] Excluding org.apache.hive:hive-common:jar:0.12.0 from the shaded jar.
[INFO] Excluding org.apache.hive:hive-exec:jar:0.12.0 from the shaded jar.
[INFO] Excluding org.iq80.snappy:snappy:jar:0.2 from the shaded jar.
[INFO] Excluding com.googlecode.javaewah:JavaEWAH:jar:0.3.2 from the shaded jar.
[INFO] Excluding javolution:javolution:jar:5.5.1 from the shaded jar.
[INFO] Excluding org.codehaus.jackson:jackson-mapper-asl:jar:1.8.8 from the shaded jar.
[INFO] Excluding commons-cli:commons-cli:jar:1.3.1 from the shaded jar.
[INFO] Excluding commons-codec:commons-codec:jar:1.10 from the shaded jar.
[INFO] Excluding commons-io:commons-io:jar:2.4 from the shaded jar.
[INFO] Excluding commons-collections:commons-collections:jar:3.2.2 from the shaded jar.
[INFO] Excluding org.mortbay.jetty:jetty:jar:6.1.26 from the shaded jar.
[INFO] Excluding org.mortbay.jetty:jetty-util:jar:6.1.26 from the shaded jar.
[INFO] Excluding commons-logging:commons-logging:jar:1.1.3 from the shaded jar.
[INFO] Excluding org.apache.httpcomponents:httpclient:jar:4.5.3 from the shaded jar.
[INFO] Excluding org.apache.httpcomponents:httpcore:jar:4.4.6 from the shaded jar.
[INFO] Excluding commons-lang:commons-lang:jar:2.6 from the shaded jar.
[INFO] Excluding commons-configuration:commons-configuration:jar:1.7 from the shaded jar.
[INFO] Excluding commons-digester:commons-digester:jar:1.8.1 from the shaded jar.
[INFO] Excluding commons-beanutils:commons-beanutils:jar:1.8.3 from the shaded jar.
[INFO] Excluding org.codehaus.jackson:jackson-core-asl:jar:1.8.8 from the shaded jar.
[INFO] Excluding org.apache.avro:avro:jar:1.8.2 from the shaded jar.
[INFO] Excluding com.thoughtworks.paranamer:paranamer:jar:2.7 from the shaded jar.
[INFO] Excluding org.xerial.snappy:snappy-java:jar:1.1.4 from the shaded jar.
[INFO] Excluding org.tukaani:xz:jar:1.5 from the shaded jar.
[INFO] Excluding com.google.protobuf:protobuf-java:jar:2.5.0 from the shaded jar.
[INFO] Excluding org.apache.zookeeper:zookeeper:jar:3.4.10 from the shaded jar.
[INFO] Excluding org.apache.commons:commons-compress:jar:1.20 from the shaded jar.
[INFO] Excluding io.netty:netty:jar:3.6.2.Final from the shaded jar.
[INFO] Including org.apache.flink:force-shading:jar:1.12-SNAPSHOT in the shaded jar.
[INFO] Replacing original artifact with shaded artifact.
[INFO] Replacing /home/runner/work/sonar-analysis/sonar-analysis/project/flink-connectors/flink-hcatalog/target/flink-hcatalog_2.11-1.12-SNAPSHOT.jar with /home/runner/work/sonar-analysis/sonar-analysis/project/flink-connectors/flink-hcatalog/target/flink-hcatalog_2.11-1.12-SNAPSHOT-shaded.jar
[INFO] Replacing original test artifact with shaded test artifact.
[INFO] Replacing /home/runner/work/sonar-analysis/sonar-analysis/project/flink-connectors/flink-hcatalog/target/flink-hcatalog_2.11-1.12-SNAPSHOT-tests.jar with /home/runner/work/sonar-analysis/sonar-analysis/project/flink-connectors/flink-hcatalog/target/flink-hcatalog_2.11-1.12-SNAPSHOT-shaded-tests.jar
[INFO] Dependency-reduced POM written at: /home/runner/work/sonar-analysis/sonar-analysis/project/flink-connectors/flink-hcatalog/target/dependency-reduced-pom.xml
[INFO] 
[INFO] --- surefire:2.22.1:test (integration-tests) @ flink-hcatalog_2.11 ---
[INFO] Tests are skipped.
[INFO] 
[INFO] --- scalastyle:1.0.0:check (default) @ flink-hcatalog_2.11 ---
[WARNING] testSourceDirectory is not specified or does not exist value=/home/runner/work/sonar-analysis/sonar-analysis/project/flink-connectors/flink-hcatalog/src/test/scala
Saving to outputFile=/home/runner/work/sonar-analysis/sonar-analysis/project/flink-connectors/flink-hcatalog/target/scalastyle-output.xml
Processed 1 file(s)
Found 0 errors
Found 0 warnings
Found 0 infos
Finished in 14 ms
[INFO] 
[INFO] --- install:2.5.2:install (default-install) @ flink-hcatalog_2.11 ---
[INFO] Installing /home/runner/work/sonar-analysis/sonar-analysis/project/flink-connectors/flink-hcatalog/target/flink-hcatalog_2.11-1.12-SNAPSHOT.jar to /home/runner/.m2/repository/org/apache/flink/flink-hcatalog_2.11/1.12-SNAPSHOT/flink-hcatalog_2.11-1.12-SNAPSHOT.jar
[INFO] Installing /home/runner/work/sonar-analysis/sonar-analysis/project/flink-connectors/flink-hcatalog/target/dependency-reduced-pom.xml to /home/runner/.m2/repository/org/apache/flink/flink-hcatalog_2.11/1.12-SNAPSHOT/flink-hcatalog_2.11-1.12-SNAPSHOT.pom
[INFO] Installing /home/runner/work/sonar-analysis/sonar-analysis/project/flink-connectors/flink-hcatalog/target/flink-hcatalog_2.11-1.12-SNAPSHOT-tests.jar to /home/runner/.m2/repository/org/apache/flink/flink-hcatalog_2.11/1.12-SNAPSHOT/flink-hcatalog_2.11-1.12-SNAPSHOT-tests.jar
[INFO] 
[INFO] --------------------< org.apache.flink:flink-table >--------------------
[INFO] Building flink-table 1.12-SNAPSHOT                              [38/182]
[INFO]   from flink-table/pom.xml
[INFO] --------------------------------[ pom ]---------------------------------
[INFO] 
[INFO] --- clean:3.1.0:clean (default-clean) @ flink-table ---
[INFO] Deleting /home/runner/work/sonar-analysis/sonar-analysis/project/flink-table/target
[INFO] 
[INFO] --- checkstyle:2.17:check (validate) @ flink-table ---
[INFO] 
[INFO] --- enforcer:3.0.0-M1:enforce (enforce-maven-version) @ flink-table ---
[INFO] Skipping Rule Enforcement.
[INFO] 
[INFO] --- enforcer:3.0.0-M1:enforce (enforce-maven) @ flink-table ---
[INFO] Skipping Rule Enforcement.
[INFO] 
[INFO] --- enforcer:3.0.0-M1:enforce (ban-unsafe-jackson) @ flink-table ---
[INFO] Skipping Rule Enforcement.
[INFO] 
[INFO] --- enforcer:3.0.0-M1:enforce (forbid-log4j-1) @ flink-table ---
[INFO] Skipping Rule Enforcement.
[INFO] 
[INFO] --- enforcer:3.0.0-M1:enforce (enforce-versions) @ flink-table ---
[INFO] Skipping Rule Enforcement.
[INFO] 
[INFO] --- directory:0.1:highest-basedir (directories) @ flink-table ---
[INFO] Highest basedir set to: /home/runner/work/sonar-analysis/sonar-analysis/project
[INFO] 
[INFO] --- remote-resources:1.5:process (process-resource-bundles) @ flink-table ---
[INFO] 
[INFO] --- surefire:2.22.1:test (default-test) @ flink-table ---
[INFO] Tests are skipped.
[INFO] 
[INFO] --- shade:3.2.1:shade (shade-flink) @ flink-table ---
[INFO] Including org.apache.flink:force-shading:jar:1.12-SNAPSHOT in the shaded jar.
[INFO] Excluding org.slf4j:slf4j-api:jar:1.7.15 from the shaded jar.
[INFO] Excluding com.google.code.findbugs:jsr305:jar:1.3.9 from the shaded jar.
[INFO] No artifact matching filter io.netty:netty
[INFO] Replacing original artifact with shaded artifact.
[INFO] 
[INFO] --- surefire:2.22.1:test (integration-tests) @ flink-table ---
[INFO] Tests are skipped.
[INFO] 
[INFO] --- install:2.5.2:install (default-install) @ flink-table ---
[INFO] Installing /home/runner/work/sonar-analysis/sonar-analysis/project/flink-table/pom.xml to /home/runner/.m2/repository/org/apache/flink/flink-table/1.12-SNAPSHOT/flink-table-1.12-SNAPSHOT.pom
[INFO] 
[INFO] ----------------< org.apache.flink:flink-table-common >-----------------
[INFO] Building flink-table-common 1.12-SNAPSHOT                       [39/182]
[INFO]   from flink-table/flink-table-common/pom.xml
[INFO] --------------------------------[ jar ]---------------------------------
[INFO] 
[INFO] --- clean:3.1.0:clean (default-clean) @ flink-table-common ---
[INFO] Deleting /home/runner/work/sonar-analysis/sonar-analysis/project/flink-table/flink-table-common/target
[INFO] 
[INFO] --- checkstyle:2.17:check (validate) @ flink-table-common ---
[INFO] 
[INFO] --- enforcer:3.0.0-M1:enforce (enforce-maven-version) @ flink-table-common ---
[INFO] Skipping Rule Enforcement.
[INFO] 
[INFO] --- enforcer:3.0.0-M1:enforce (enforce-maven) @ flink-table-common ---
[INFO] Skipping Rule Enforcement.
[INFO] 
[INFO] --- enforcer:3.0.0-M1:enforce (ban-unsafe-jackson) @ flink-table-common ---
[INFO] Skipping Rule Enforcement.
[INFO] 
[INFO] --- enforcer:3.0.0-M1:enforce (forbid-log4j-1) @ flink-table-common ---
[INFO] Skipping Rule Enforcement.
[INFO] 
[INFO] --- enforcer:3.0.0-M1:enforce (enforce-versions) @ flink-table-common ---
[INFO] Skipping Rule Enforcement.
[INFO] 
[INFO] --- directory:0.1:highest-basedir (directories) @ flink-table-common ---
[INFO] Highest basedir set to: /home/runner/work/sonar-analysis/sonar-analysis/project
[INFO] 
[INFO] --- remote-resources:1.5:process (process-resource-bundles) @ flink-table-common ---
[INFO] 
[INFO] --- resources:3.1.0:resources (default-resources) @ flink-table-common ---
[INFO] Using 'UTF-8' encoding to copy filtered resources.
[INFO] Copying 1 resource
[INFO] Copying 3 resources
[INFO] 
[INFO] --- compiler:3.8.0:compile (default-compile) @ flink-table-common ---
[INFO] Compiling 354 source files to /home/runner/work/sonar-analysis/sonar-analysis/project/flink-table/flink-table-common/target/classes
[INFO] /home/runner/work/sonar-analysis/sonar-analysis/project/flink-table/flink-table-common/src/main/java/org/apache/flink/table/descriptors/DescriptorProperties.java: Some input files use or override a deprecated API.
[INFO] /home/runner/work/sonar-analysis/sonar-analysis/project/flink-table/flink-table-common/src/main/java/org/apache/flink/table/descriptors/DescriptorProperties.java: Recompile with -Xlint:deprecation for details.
[INFO] /home/runner/work/sonar-analysis/sonar-analysis/project/flink-table/flink-table-common/src/main/java/org/apache/flink/table/dataview/ListViewSerializer.java: Some input files use unchecked or unsafe operations.
[INFO] /home/runner/work/sonar-analysis/sonar-analysis/project/flink-table/flink-table-common/src/main/java/org/apache/flink/table/dataview/ListViewSerializer.java: Recompile with -Xlint:unchecked for details.
[INFO] 
[INFO] --- resources:3.1.0:testResources (default-testResources) @ flink-table-common ---
[INFO] Using 'UTF-8' encoding to copy filtered resources.
[INFO] Copying 2 resources
[INFO] Copying 3 resources
[INFO] 
[INFO] --- compiler:3.8.0:testCompile (default-testCompile) @ flink-table-common ---
[INFO] Compiling 50 source files to /home/runner/work/sonar-analysis/sonar-analysis/project/flink-table/flink-table-common/target/test-classes
[INFO] /home/runner/work/sonar-analysis/sonar-analysis/project/flink-table/flink-table-common/src/test/java/org/apache/flink/table/types/LogicalTypeCastsTest.java: Some input files use or override a deprecated API.
[INFO] /home/runner/work/sonar-analysis/sonar-analysis/project/flink-table/flink-table-common/src/test/java/org/apache/flink/table/types/LogicalTypeCastsTest.java: Recompile with -Xlint:deprecation for details.
[INFO] 
[INFO] --- surefire:2.22.1:test (default-test) @ flink-table-common ---
[INFO] Tests are skipped.
[INFO] 
[INFO] --- jar:2.4:jar (default-jar) @ flink-table-common ---
[INFO] Building jar: /home/runner/work/sonar-analysis/sonar-analysis/project/flink-table/flink-table-common/target/flink-table-common-1.12-SNAPSHOT.jar
[INFO] 
[INFO] --- jar:2.4:test-jar (default) @ flink-table-common ---
[INFO] Building jar: /home/runner/work/sonar-analysis/sonar-analysis/project/flink-table/flink-table-common/target/flink-table-common-1.12-SNAPSHOT-tests.jar
[INFO] 
[INFO] --- shade:3.2.1:shade (shade-flink) @ flink-table-common ---
[INFO] Excluding org.apache.flink:flink-core:jar:1.12-SNAPSHOT from the shaded jar.
[INFO] Excluding org.apache.flink:flink-annotations:jar:1.12-SNAPSHOT from the shaded jar.
[INFO] Excluding org.apache.flink:flink-metrics-core:jar:1.12-SNAPSHOT from the shaded jar.
[INFO] Excluding org.apache.commons:commons-lang3:jar:3.3.2 from the shaded jar.
[INFO] Excluding com.esotericsoftware.kryo:kryo:jar:2.24.0 from the shaded jar.
[INFO] Excluding com.esotericsoftware.minlog:minlog:jar:1.2 from the shaded jar.
[INFO] Excluding commons-collections:commons-collections:jar:3.2.2 from the shaded jar.
[INFO] Excluding org.apache.commons:commons-compress:jar:1.20 from the shaded jar.
[INFO] Excluding org.apache.flink:flink-shaded-guava:jar:18.0-10.0 from the shaded jar.
[INFO] Excluding org.apache.flink:flink-shaded-asm-7:jar:7.1-10.0 from the shaded jar.
[INFO] Including org.apache.flink:force-shading:jar:1.12-SNAPSHOT in the shaded jar.
[INFO] Excluding org.slf4j:slf4j-api:jar:1.7.15 from the shaded jar.
[INFO] Excluding com.google.code.findbugs:jsr305:jar:1.3.9 from the shaded jar.
[INFO] Excluding org.objenesis:objenesis:jar:2.1 from the shaded jar.
[INFO] No artifact matching filter io.netty:netty
[INFO] Replacing original artifact with shaded artifact.
[INFO] Replacing /home/runner/work/sonar-analysis/sonar-analysis/project/flink-table/flink-table-common/target/flink-table-common-1.12-SNAPSHOT.jar with /home/runner/work/sonar-analysis/sonar-analysis/project/flink-table/flink-table-common/target/flink-table-common-1.12-SNAPSHOT-shaded.jar
[INFO] Replacing original test artifact with shaded test artifact.
[INFO] Replacing /home/runner/work/sonar-analysis/sonar-analysis/project/flink-table/flink-table-common/target/flink-table-common-1.12-SNAPSHOT-tests.jar with /home/runner/work/sonar-analysis/sonar-analysis/project/flink-table/flink-table-common/target/flink-table-common-1.12-SNAPSHOT-shaded-tests.jar
[INFO] Dependency-reduced POM written at: /home/runner/work/sonar-analysis/sonar-analysis/project/flink-table/flink-table-common/target/dependency-reduced-pom.xml
[INFO] 
[INFO] --- surefire:2.22.1:test (integration-tests) @ flink-table-common ---
[INFO] Tests are skipped.
[INFO] 
[INFO] --- install:2.5.2:install (default-install) @ flink-table-common ---
[INFO] Installing /home/runner/work/sonar-analysis/sonar-analysis/project/flink-table/flink-table-common/target/flink-table-common-1.12-SNAPSHOT.jar to /home/runner/.m2/repository/org/apache/flink/flink-table-common/1.12-SNAPSHOT/flink-table-common-1.12-SNAPSHOT.jar
[INFO] Installing /home/runner/work/sonar-analysis/sonar-analysis/project/flink-table/flink-table-common/target/dependency-reduced-pom.xml to /home/runner/.m2/repository/org/apache/flink/flink-table-common/1.12-SNAPSHOT/flink-table-common-1.12-SNAPSHOT.pom
[INFO] Installing /home/runner/work/sonar-analysis/sonar-analysis/project/flink-table/flink-table-common/target/flink-table-common-1.12-SNAPSHOT-tests.jar to /home/runner/.m2/repository/org/apache/flink/flink-table-common/1.12-SNAPSHOT/flink-table-common-1.12-SNAPSHOT-tests.jar
[INFO] Installing /home/runner/work/sonar-analysis/sonar-analysis/project/flink-table/flink-table-common/target/flink-table-common-1.12-SNAPSHOT-tests.jar to /home/runner/.m2/repository/org/apache/flink/flink-table-common/1.12-SNAPSHOT/flink-table-common-1.12-SNAPSHOT-tests.jar
[INFO] 
[INFO] ---------------< org.apache.flink:flink-table-api-java >----------------
[INFO] Building flink-table-api-java 1.12-SNAPSHOT                     [40/182]
[INFO]   from flink-table/flink-table-api-java/pom.xml
[INFO] --------------------------------[ jar ]---------------------------------
[INFO] 
[INFO] --- clean:3.1.0:clean (default-clean) @ flink-table-api-java ---
[INFO] Deleting /home/runner/work/sonar-analysis/sonar-analysis/project/flink-table/flink-table-api-java/target
[INFO] 
[INFO] --- checkstyle:2.17:check (validate) @ flink-table-api-java ---
[INFO] 
[INFO] --- enforcer:3.0.0-M1:enforce (enforce-maven-version) @ flink-table-api-java ---
[INFO] Skipping Rule Enforcement.
[INFO] 
[INFO] --- enforcer:3.0.0-M1:enforce (enforce-maven) @ flink-table-api-java ---
[INFO] Skipping Rule Enforcement.
[INFO] 
[INFO] --- enforcer:3.0.0-M1:enforce (ban-unsafe-jackson) @ flink-table-api-java ---
[INFO] Skipping Rule Enforcement.
[INFO] 
[INFO] --- enforcer:3.0.0-M1:enforce (forbid-log4j-1) @ flink-table-api-java ---
[INFO] Skipping Rule Enforcement.
[INFO] 
[INFO] --- enforcer:3.0.0-M1:enforce (enforce-versions) @ flink-table-api-java ---
[INFO] Skipping Rule Enforcement.
[INFO] 
[INFO] --- directory:0.1:highest-basedir (directories) @ flink-table-api-java ---
[INFO] Highest basedir set to: /home/runner/work/sonar-analysis/sonar-analysis/project
[INFO] 
[INFO] --- remote-resources:1.5:process (process-resource-bundles) @ flink-table-api-java ---
[INFO] 
[INFO] --- resources:3.1.0:resources (default-resources) @ flink-table-api-java ---
[INFO] Using 'UTF-8' encoding to copy filtered resources.
[INFO] Copying 1 resource
[INFO] Copying 3 resources
[INFO] 
[INFO] --- compiler:3.8.0:compile (default-compile) @ flink-table-api-java ---
[INFO] Compiling 188 source files to /home/runner/work/sonar-analysis/sonar-analysis/project/flink-table/flink-table-api-java/target/classes
[INFO] /home/runner/work/sonar-analysis/sonar-analysis/project/flink-table/flink-table-api-java/src/main/java/org/apache/flink/table/operations/JoinQueryOperation.java: Some input files use or override a deprecated API.
[INFO] /home/runner/work/sonar-analysis/sonar-analysis/project/flink-table/flink-table-api-java/src/main/java/org/apache/flink/table/operations/JoinQueryOperation.java: Recompile with -Xlint:deprecation for details.
[INFO] /home/runner/work/sonar-analysis/sonar-analysis/project/flink-table/flink-table-api-java/src/main/java/org/apache/flink/table/functions/FunctionDefinitionUtil.java: /home/runner/work/sonar-analysis/sonar-analysis/project/flink-table/flink-table-api-java/src/main/java/org/apache/flink/table/functions/FunctionDefinitionUtil.java uses unchecked or unsafe operations.
[INFO] /home/runner/work/sonar-analysis/sonar-analysis/project/flink-table/flink-table-api-java/src/main/java/org/apache/flink/table/functions/FunctionDefinitionUtil.java: Recompile with -Xlint:unchecked for details.
[INFO] 
[INFO] --- resources:3.1.0:testResources (default-testResources) @ flink-table-api-java ---
[INFO] Using 'UTF-8' encoding to copy filtered resources.
[INFO] Copying 1 resource
[INFO] Copying 3 resources
[INFO] 
[INFO] --- compiler:3.8.0:testCompile (default-testCompile) @ flink-table-api-java ---
[INFO] Compiling 30 source files to /home/runner/work/sonar-analysis/sonar-analysis/project/flink-table/flink-table-api-java/target/test-classes
[INFO] /home/runner/work/sonar-analysis/sonar-analysis/project/flink-table/flink-table-api-java/src/test/java/org/apache/flink/table/api/TableEnvironmentTest.java: Some input files use or override a deprecated API.
[INFO] /home/runner/work/sonar-analysis/sonar-analysis/project/flink-table/flink-table-api-java/src/test/java/org/apache/flink/table/api/TableEnvironmentTest.java: Recompile with -Xlint:deprecation for details.
[INFO] /home/runner/work/sonar-analysis/sonar-analysis/project/flink-table/flink-table-api-java/src/test/java/org/apache/flink/table/typeutils/FieldInfoUtilsTest.java: Some input files use unchecked or unsafe operations.
[INFO] /home/runner/work/sonar-analysis/sonar-analysis/project/flink-table/flink-table-api-java/src/test/java/org/apache/flink/table/typeutils/FieldInfoUtilsTest.java: Recompile with -Xlint:unchecked for details.
[INFO] 
[INFO] --- surefire:2.22.1:test (default-test) @ flink-table-api-java ---
[INFO] Tests are skipped.
[INFO] 
[INFO] --- jar:2.4:jar (default-jar) @ flink-table-api-java ---
[INFO] Building jar: /home/runner/work/sonar-analysis/sonar-analysis/project/flink-table/flink-table-api-java/target/flink-table-api-java-1.12-SNAPSHOT.jar
[INFO] 
[INFO] --- jar:2.4:test-jar (default) @ flink-table-api-java ---
[INFO] Building jar: /home/runner/work/sonar-analysis/sonar-analysis/project/flink-table/flink-table-api-java/target/flink-table-api-java-1.12-SNAPSHOT-tests.jar
[INFO] 
[INFO] --- shade:3.2.1:shade (shade-flink) @ flink-table-api-java ---
[INFO] Excluding org.apache.flink:flink-table-common:jar:1.12-SNAPSHOT from the shaded jar.
[INFO] Excluding org.apache.flink:flink-core:jar:1.12-SNAPSHOT from the shaded jar.
[INFO] Excluding org.apache.flink:flink-annotations:jar:1.12-SNAPSHOT from the shaded jar.
[INFO] Excluding org.apache.flink:flink-metrics-core:jar:1.12-SNAPSHOT from the shaded jar.
[INFO] Excluding org.apache.commons:commons-lang3:jar:3.3.2 from the shaded jar.
[INFO] Excluding com.esotericsoftware.kryo:kryo:jar:2.24.0 from the shaded jar.
[INFO] Excluding com.esotericsoftware.minlog:minlog:jar:1.2 from the shaded jar.
[INFO] Excluding commons-collections:commons-collections:jar:3.2.2 from the shaded jar.
[INFO] Excluding org.apache.commons:commons-compress:jar:1.20 from the shaded jar.
[INFO] Excluding org.apache.flink:flink-shaded-guava:jar:18.0-10.0 from the shaded jar.
[INFO] Excluding org.apache.flink:flink-shaded-asm-7:jar:7.1-10.0 from the shaded jar.
[INFO] Including org.apache.flink:force-shading:jar:1.12-SNAPSHOT in the shaded jar.
[INFO] Excluding org.slf4j:slf4j-api:jar:1.7.15 from the shaded jar.
[INFO] Excluding com.google.code.findbugs:jsr305:jar:1.3.9 from the shaded jar.
[INFO] Excluding org.objenesis:objenesis:jar:2.1 from the shaded jar.
[INFO] No artifact matching filter io.netty:netty
[INFO] Replacing original artifact with shaded artifact.
[INFO] Replacing /home/runner/work/sonar-analysis/sonar-analysis/project/flink-table/flink-table-api-java/target/flink-table-api-java-1.12-SNAPSHOT.jar with /home/runner/work/sonar-analysis/sonar-analysis/project/flink-table/flink-table-api-java/target/flink-table-api-java-1.12-SNAPSHOT-shaded.jar
[INFO] Replacing original test artifact with shaded test artifact.
[INFO] Replacing /home/runner/work/sonar-analysis/sonar-analysis/project/flink-table/flink-table-api-java/target/flink-table-api-java-1.12-SNAPSHOT-tests.jar with /home/runner/work/sonar-analysis/sonar-analysis/project/flink-table/flink-table-api-java/target/flink-table-api-java-1.12-SNAPSHOT-shaded-tests.jar
[INFO] Dependency-reduced POM written at: /home/runner/work/sonar-analysis/sonar-analysis/project/flink-table/flink-table-api-java/target/dependency-reduced-pom.xml
[INFO] 
[INFO] --- surefire:2.22.1:test (integration-tests) @ flink-table-api-java ---
[INFO] Tests are skipped.
[INFO] 
[INFO] --- install:2.5.2:install (default-install) @ flink-table-api-java ---
[INFO] Installing /home/runner/work/sonar-analysis/sonar-analysis/project/flink-table/flink-table-api-java/target/flink-table-api-java-1.12-SNAPSHOT.jar to /home/runner/.m2/repository/org/apache/flink/flink-table-api-java/1.12-SNAPSHOT/flink-table-api-java-1.12-SNAPSHOT.jar
[INFO] Installing /home/runner/work/sonar-analysis/sonar-analysis/project/flink-table/flink-table-api-java/target/dependency-reduced-pom.xml to /home/runner/.m2/repository/org/apache/flink/flink-table-api-java/1.12-SNAPSHOT/flink-table-api-java-1.12-SNAPSHOT.pom
[INFO] Installing /home/runner/work/sonar-analysis/sonar-analysis/project/flink-table/flink-table-api-java/target/flink-table-api-java-1.12-SNAPSHOT-tests.jar to /home/runner/.m2/repository/org/apache/flink/flink-table-api-java/1.12-SNAPSHOT/flink-table-api-java-1.12-SNAPSHOT-tests.jar
[INFO] Installing /home/runner/work/sonar-analysis/sonar-analysis/project/flink-table/flink-table-api-java/target/flink-table-api-java-1.12-SNAPSHOT-tests.jar to /home/runner/.m2/repository/org/apache/flink/flink-table-api-java/1.12-SNAPSHOT/flink-table-api-java-1.12-SNAPSHOT-tests.jar
[INFO] 
[INFO] ---------< org.apache.flink:flink-table-api-java-bridge_2.11 >----------
[INFO] Building flink-table-api-java-bridge 1.12-SNAPSHOT              [41/182]
[INFO]   from flink-table/flink-table-api-java-bridge/pom.xml
[INFO] --------------------------------[ jar ]---------------------------------
[INFO] 
[INFO] --- clean:3.1.0:clean (default-clean) @ flink-table-api-java-bridge_2.11 ---
[INFO] Deleting /home/runner/work/sonar-analysis/sonar-analysis/project/flink-table/flink-table-api-java-bridge/target
[INFO] 
[INFO] --- checkstyle:2.17:check (validate) @ flink-table-api-java-bridge_2.11 ---
[INFO] 
[INFO] --- enforcer:3.0.0-M1:enforce (enforce-maven-version) @ flink-table-api-java-bridge_2.11 ---
[INFO] Skipping Rule Enforcement.
[INFO] 
[INFO] --- enforcer:3.0.0-M1:enforce (enforce-maven) @ flink-table-api-java-bridge_2.11 ---
[INFO] Skipping Rule Enforcement.
[INFO] 
[INFO] --- enforcer:3.0.0-M1:enforce (ban-unsafe-jackson) @ flink-table-api-java-bridge_2.11 ---
[INFO] Skipping Rule Enforcement.
[INFO] 
[INFO] --- enforcer:3.0.0-M1:enforce (forbid-log4j-1) @ flink-table-api-java-bridge_2.11 ---
[INFO] Skipping Rule Enforcement.
[INFO] 
[INFO] --- enforcer:3.0.0-M1:enforce (enforce-versions) @ flink-table-api-java-bridge_2.11 ---
[INFO] Skipping Rule Enforcement.
[INFO] 
[INFO] --- directory:0.1:highest-basedir (directories) @ flink-table-api-java-bridge_2.11 ---
[INFO] Highest basedir set to: /home/runner/work/sonar-analysis/sonar-analysis/project
[INFO] 
[INFO] --- remote-resources:1.5:process (process-resource-bundles) @ flink-table-api-java-bridge_2.11 ---
[INFO] 
[INFO] --- resources:3.1.0:resources (default-resources) @ flink-table-api-java-bridge_2.11 ---
[INFO] Using 'UTF-8' encoding to copy filtered resources.
[INFO] Copying 2 resources
[INFO] Copying 3 resources
[INFO] 
[INFO] --- compiler:3.8.0:compile (default-compile) @ flink-table-api-java-bridge_2.11 ---
[INFO] Compiling 41 source files to /home/runner/work/sonar-analysis/sonar-analysis/project/flink-table/flink-table-api-java-bridge/target/classes
[INFO] /home/runner/work/sonar-analysis/sonar-analysis/project/flink-table/flink-table-api-java-bridge/src/main/java/org/apache/flink/table/sinks/CsvTableSinkFactoryBase.java: Some input files use or override a deprecated API.
[INFO] /home/runner/work/sonar-analysis/sonar-analysis/project/flink-table/flink-table-api-java-bridge/src/main/java/org/apache/flink/table/sinks/CsvTableSinkFactoryBase.java: Recompile with -Xlint:deprecation for details.
[INFO] 
[INFO] --- resources:3.1.0:testResources (default-testResources) @ flink-table-api-java-bridge_2.11 ---
[INFO] Using 'UTF-8' encoding to copy filtered resources.
[INFO] skip non existing resourceDirectory /home/runner/work/sonar-analysis/sonar-analysis/project/flink-table/flink-table-api-java-bridge/src/test/resources
[INFO] Copying 3 resources
[INFO] 
[INFO] --- compiler:3.8.0:testCompile (default-testCompile) @ flink-table-api-java-bridge_2.11 ---
[INFO] Compiling 6 source files to /home/runner/work/sonar-analysis/sonar-analysis/project/flink-table/flink-table-api-java-bridge/target/test-classes
[INFO] /home/runner/work/sonar-analysis/sonar-analysis/project/flink-table/flink-table-api-java-bridge/src/test/java/org/apache/flink/table/factories/CsvTableSinkFactoryTest.java: Some input files use or override a deprecated API.
[INFO] /home/runner/work/sonar-analysis/sonar-analysis/project/flink-table/flink-table-api-java-bridge/src/test/java/org/apache/flink/table/factories/CsvTableSinkFactoryTest.java: Recompile with -Xlint:deprecation for details.
[INFO] /home/runner/work/sonar-analysis/sonar-analysis/project/flink-table/flink-table-api-java-bridge/src/test/java/org/apache/flink/table/factories/CsvTableSinkFactoryTest.java: /home/runner/work/sonar-analysis/sonar-analysis/project/flink-table/flink-table-api-java-bridge/src/test/java/org/apache/flink/table/factories/CsvTableSinkFactoryTest.java uses unchecked or unsafe operations.
[INFO] /home/runner/work/sonar-analysis/sonar-analysis/project/flink-table/flink-table-api-java-bridge/src/test/java/org/apache/flink/table/factories/CsvTableSinkFactoryTest.java: Recompile with -Xlint:unchecked for details.
[INFO] 
[INFO] --- surefire:2.22.1:test (default-test) @ flink-table-api-java-bridge_2.11 ---
[INFO] Tests are skipped.
[INFO] 
[INFO] --- jar:2.4:jar (default-jar) @ flink-table-api-java-bridge_2.11 ---
[INFO] Building jar: /home/runner/work/sonar-analysis/sonar-analysis/project/flink-table/flink-table-api-java-bridge/target/flink-table-api-java-bridge_2.11-1.12-SNAPSHOT.jar
[INFO] 
[INFO] --- shade:3.2.1:shade (shade-flink) @ flink-table-api-java-bridge_2.11 ---
[INFO] Excluding org.apache.flink:flink-table-api-java:jar:1.12-SNAPSHOT from the shaded jar.
[INFO] Excluding org.apache.flink:flink-table-common:jar:1.12-SNAPSHOT from the shaded jar.
[INFO] Excluding org.apache.flink:flink-java:jar:1.12-SNAPSHOT from the shaded jar.
[INFO] Excluding org.apache.flink:flink-core:jar:1.12-SNAPSHOT from the shaded jar.
[INFO] Excluding org.apache.flink:flink-annotations:jar:1.12-SNAPSHOT from the shaded jar.
[INFO] Excluding org.apache.flink:flink-metrics-core:jar:1.12-SNAPSHOT from the shaded jar.
[INFO] Excluding com.esotericsoftware.kryo:kryo:jar:2.24.0 from the shaded jar.
[INFO] Excluding com.esotericsoftware.minlog:minlog:jar:1.2 from the shaded jar.
[INFO] Excluding commons-collections:commons-collections:jar:3.2.2 from the shaded jar.
[INFO] Excluding org.apache.commons:commons-compress:jar:1.20 from the shaded jar.
[INFO] Excluding org.apache.commons:commons-lang3:jar:3.3.2 from the shaded jar.
[INFO] Excluding org.apache.commons:commons-math3:jar:3.5 from the shaded jar.
[INFO] Excluding org.apache.flink:flink-streaming-java_2.11:jar:1.12-SNAPSHOT from the shaded jar.
[INFO] Excluding org.apache.flink:flink-runtime_2.11:jar:1.12-SNAPSHOT from the shaded jar.
[INFO] Excluding org.apache.flink:flink-shaded-guava:jar:18.0-10.0 from the shaded jar.
[INFO] Excluding org.apache.flink:flink-shaded-asm-7:jar:7.1-10.0 from the shaded jar.
[INFO] Excluding org.apache.flink:flink-streaming-java_2.11:test-jar:tests:1.12-SNAPSHOT from the shaded jar.
[INFO] Excluding org.apache.flink:flink-queryable-state-client-java:jar:1.12-SNAPSHOT from the shaded jar.
[INFO] Excluding org.apache.flink:flink-hadoop-fs:jar:1.12-SNAPSHOT from the shaded jar.
[INFO] Excluding commons-io:commons-io:jar:2.4 from the shaded jar.
[INFO] Excluding org.apache.flink:flink-shaded-netty:jar:4.1.39.Final-10.0 from the shaded jar.
[INFO] Excluding org.apache.flink:flink-shaded-jackson:jar:2.10.1-10.0 from the shaded jar.
[INFO] Excluding org.apache.flink:flink-shaded-zookeeper-3:jar:3.4.10-10.0 from the shaded jar.
[INFO] Excluding commons-cli:commons-cli:jar:1.3.1 from the shaded jar.
[INFO] Excluding org.javassist:javassist:jar:3.24.0-GA from the shaded jar.
[INFO] Excluding org.scala-lang:scala-library:jar:2.11.12 from the shaded jar.
[INFO] Excluding com.typesafe.akka:akka-actor_2.11:jar:2.5.21 from the shaded jar.
[INFO] Excluding com.typesafe:config:jar:1.3.0 from the shaded jar.
[INFO] Excluding org.scala-lang.modules:scala-java8-compat_2.11:jar:0.7.0 from the shaded jar.
[INFO] Excluding com.typesafe.akka:akka-remote_2.11:jar:2.5.21 from the shaded jar.
[INFO] Excluding io.netty:netty:jar:3.10.6.Final from the shaded jar.
[INFO] Excluding com.typesafe.akka:akka-stream_2.11:jar:2.5.21 from the shaded jar.
[INFO] Excluding org.reactivestreams:reactive-streams:jar:1.0.2 from the shaded jar.
[INFO] Excluding com.typesafe:ssl-config-core_2.11:jar:0.3.7 from the shaded jar.
[INFO] Excluding org.scala-lang.modules:scala-parser-combinators_2.11:jar:1.1.1 from the shaded jar.
[INFO] Excluding com.typesafe.akka:akka-protobuf_2.11:jar:2.5.21 from the shaded jar.
[INFO] Excluding com.typesafe.akka:akka-slf4j_2.11:jar:2.5.21 from the shaded jar.
[INFO] Excluding org.clapper:grizzled-slf4j_2.11:jar:1.3.2 from the shaded jar.
[INFO] Excluding com.github.scopt:scopt_2.11:jar:3.5.0 from the shaded jar.
[INFO] Excluding org.xerial.snappy:snappy-java:jar:1.1.4 from the shaded jar.
[INFO] Excluding com.twitter:chill_2.11:jar:0.7.6 from the shaded jar.
[INFO] Excluding com.twitter:chill-java:jar:0.7.6 from the shaded jar.
[INFO] Excluding org.lz4:lz4-java:jar:1.5.0 from the shaded jar.
[INFO] Including org.apache.flink:force-shading:jar:1.12-SNAPSHOT in the shaded jar.
[INFO] Excluding org.slf4j:slf4j-api:jar:1.7.15 from the shaded jar.
[INFO] Excluding com.google.code.findbugs:jsr305:jar:1.3.9 from the shaded jar.
[INFO] Excluding org.objenesis:objenesis:jar:2.1 from the shaded jar.
[INFO] Replacing original artifact with shaded artifact.
[INFO] Replacing /home/runner/work/sonar-analysis/sonar-analysis/project/flink-table/flink-table-api-java-bridge/target/flink-table-api-java-bridge_2.11-1.12-SNAPSHOT.jar with /home/runner/work/sonar-analysis/sonar-analysis/project/flink-table/flink-table-api-java-bridge/target/flink-table-api-java-bridge_2.11-1.12-SNAPSHOT-shaded.jar
[INFO] Replacing original test artifact with shaded test artifact.
[INFO] Replacing /home/runner/work/sonar-analysis/sonar-analysis/project/flink-table/flink-table-api-java-bridge/target/flink-table-api-java-bridge_2.11-1.12-SNAPSHOT-tests.jar with /home/runner/work/sonar-analysis/sonar-analysis/project/flink-table/flink-table-api-java-bridge/target/flink-table-api-java-bridge_2.11-1.12-SNAPSHOT-shaded-tests.jar
[INFO] Dependency-reduced POM written at: /home/runner/work/sonar-analysis/sonar-analysis/project/flink-table/flink-table-api-java-bridge/target/dependency-reduced-pom.xml
[INFO] 
[INFO] --- surefire:2.22.1:test (integration-tests) @ flink-table-api-java-bridge_2.11 ---
[INFO] Tests are skipped.
[INFO] 
[INFO] --- install:2.5.2:install (default-install) @ flink-table-api-java-bridge_2.11 ---
[INFO] Installing /home/runner/work/sonar-analysis/sonar-analysis/project/flink-table/flink-table-api-java-bridge/target/flink-table-api-java-bridge_2.11-1.12-SNAPSHOT.jar to /home/runner/.m2/repository/org/apache/flink/flink-table-api-java-bridge_2.11/1.12-SNAPSHOT/flink-table-api-java-bridge_2.11-1.12-SNAPSHOT.jar
[INFO] Installing /home/runner/work/sonar-analysis/sonar-analysis/project/flink-table/flink-table-api-java-bridge/target/dependency-reduced-pom.xml to /home/runner/.m2/repository/org/apache/flink/flink-table-api-java-bridge_2.11/1.12-SNAPSHOT/flink-table-api-java-bridge_2.11-1.12-SNAPSHOT.pom
[INFO] Installing /home/runner/work/sonar-analysis/sonar-analysis/project/flink-table/flink-table-api-java-bridge/target/flink-table-api-java-bridge_2.11-1.12-SNAPSHOT-tests.jar to /home/runner/.m2/repository/org/apache/flink/flink-table-api-java-bridge_2.11/1.12-SNAPSHOT/flink-table-api-java-bridge_2.11-1.12-SNAPSHOT-tests.jar
[INFO] 
[INFO] ------------< org.apache.flink:flink-table-api-scala_2.11 >-------------
[INFO] Building flink-table-api-scala 1.12-SNAPSHOT                    [42/182]
[INFO]   from flink-table/flink-table-api-scala/pom.xml
[INFO] --------------------------------[ jar ]---------------------------------
[INFO] 
[INFO] --- clean:3.1.0:clean (default-clean) @ flink-table-api-scala_2.11 ---
[INFO] Deleting /home/runner/work/sonar-analysis/sonar-analysis/project/flink-table/flink-table-api-scala/target
[INFO] 
[INFO] --- checkstyle:2.17:check (validate) @ flink-table-api-scala_2.11 ---
[INFO] 
[INFO] --- enforcer:3.0.0-M1:enforce (enforce-maven-version) @ flink-table-api-scala_2.11 ---
[INFO] Skipping Rule Enforcement.
[INFO] 
[INFO] --- enforcer:3.0.0-M1:enforce (enforce-maven) @ flink-table-api-scala_2.11 ---
[INFO] Skipping Rule Enforcement.
[INFO] 
[INFO] --- enforcer:3.0.0-M1:enforce (ban-unsafe-jackson) @ flink-table-api-scala_2.11 ---
[INFO] Skipping Rule Enforcement.
[INFO] 
[INFO] --- enforcer:3.0.0-M1:enforce (forbid-log4j-1) @ flink-table-api-scala_2.11 ---
[INFO] Skipping Rule Enforcement.
[INFO] 
[INFO] --- enforcer:3.0.0-M1:enforce (enforce-versions) @ flink-table-api-scala_2.11 ---
[INFO] Skipping Rule Enforcement.
[INFO] 
[INFO] --- directory:0.1:highest-basedir (directories) @ flink-table-api-scala_2.11 ---
[INFO] Highest basedir set to: /home/runner/work/sonar-analysis/sonar-analysis/project
[INFO] 
[INFO] --- remote-resources:1.5:process (process-resource-bundles) @ flink-table-api-scala_2.11 ---
[INFO] 
[INFO] --- resources:3.1.0:resources (default-resources) @ flink-table-api-scala_2.11 ---
[INFO] Using 'UTF-8' encoding to copy filtered resources.
[INFO] skip non existing resourceDirectory /home/runner/work/sonar-analysis/sonar-analysis/project/flink-table/flink-table-api-scala/src/main/resources
[INFO] Copying 3 resources
[INFO] 
[INFO] --- scala:3.2.2:compile (scala-compile-first) @ flink-table-api-scala_2.11 ---
[INFO] /home/runner/work/sonar-analysis/sonar-analysis/project/flink-table/flink-table-api-scala/src/main/scala:-1: info: compiling
[INFO] Compiling 2 source files to /home/runner/work/sonar-analysis/sonar-analysis/project/flink-table/flink-table-api-scala/target/classes at 1783246100027
[WARNING] warning: there were two deprecation warnings; re-run with -deprecation for details
[WARNING] one warning found
[INFO] prepare-compile in 0 s
[INFO] compile in 4 s
[INFO] 
[INFO] --- compiler:3.8.0:compile (default-compile) @ flink-table-api-scala_2.11 ---
[INFO] No sources to compile
[INFO] 
[INFO] --- resources:3.1.0:testResources (default-testResources) @ flink-table-api-scala_2.11 ---
[INFO] Using 'UTF-8' encoding to copy filtered resources.
[INFO] skip non existing resourceDirectory /home/runner/work/sonar-analysis/sonar-analysis/project/flink-table/flink-table-api-scala/src/test/resources
[INFO] Copying 3 resources
[INFO] 
[INFO] --- scala:3.2.2:testCompile (scala-test-compile) @ flink-table-api-scala_2.11 ---
[WARNING] Plugin is modifying testCompileSourceRoots through add(), which will not work in Maven 4.0.0. Use MavenProject.addTestCompileSourceRoot()/removeTestCompileSourceRoot() methods instead. If using a plugin, please upgrade to the latest version or report the issue to the plugin maintainer. To disable these warnings, set -Dmaven.project.sourceRoots.warningsDisabled=true on the command line, in the .mvn/maven.config file, or in project POM properties.
[INFO] /home/runner/work/sonar-analysis/sonar-analysis/project/flink-table/flink-table-api-scala/src/test/scala:-1: info: compiling
[INFO] Compiling 5 source files to /home/runner/work/sonar-analysis/sonar-analysis/project/flink-table/flink-table-api-scala/target/test-classes at 1783246104293
[INFO] prepare-compile in 0 s
[INFO] compile in 4 s
[INFO] 
[INFO] --- compiler:3.8.0:testCompile (default-testCompile) @ flink-table-api-scala_2.11 ---
[INFO] No sources to compile
[INFO] 
[INFO] --- surefire:2.22.1:test (default-test) @ flink-table-api-scala_2.11 ---
[INFO] Tests are skipped.
[INFO] 
[INFO] --- jar:2.4:jar (default-jar) @ flink-table-api-scala_2.11 ---
[INFO] Building jar: /home/runner/work/sonar-analysis/sonar-analysis/project/flink-table/flink-table-api-scala/target/flink-table-api-scala_2.11-1.12-SNAPSHOT.jar
[INFO] 
[INFO] --- shade:3.2.1:shade (shade-flink) @ flink-table-api-scala_2.11 ---
[INFO] Excluding org.apache.flink:flink-table-common:jar:1.12-SNAPSHOT from the shaded jar.
[INFO] Excluding org.apache.flink:flink-core:jar:1.12-SNAPSHOT from the shaded jar.
[INFO] Excluding org.apache.flink:flink-shaded-asm-7:jar:7.1-10.0 from the shaded jar.
[INFO] Excluding org.apache.flink:flink-table-api-java:jar:1.12-SNAPSHOT from the shaded jar.
[INFO] Excluding org.scala-lang:scala-reflect:jar:2.11.12 from the shaded jar.
[INFO] Excluding org.scala-lang:scala-library:jar:2.11.12 from the shaded jar.
[INFO] Excluding org.scala-lang:scala-compiler:jar:2.11.12 from the shaded jar.
[INFO] Excluding org.scala-lang.modules:scala-xml_2.11:jar:1.0.5 from the shaded jar.
[INFO] Excluding org.scala-lang.modules:scala-parser-combinators_2.11:jar:1.1.1 from the shaded jar.
[INFO] Excluding org.apache.flink:flink-annotations:jar:1.12-SNAPSHOT from the shaded jar.
[INFO] Excluding org.apache.flink:flink-metrics-core:jar:1.12-SNAPSHOT from the shaded jar.
[INFO] Excluding org.apache.commons:commons-lang3:jar:3.3.2 from the shaded jar.
[INFO] Excluding com.esotericsoftware.kryo:kryo:jar:2.24.0 from the shaded jar.
[INFO] Excluding com.esotericsoftware.minlog:minlog:jar:1.2 from the shaded jar.
[INFO] Excluding commons-collections:commons-collections:jar:3.2.2 from the shaded jar.
[INFO] Excluding org.apache.commons:commons-compress:jar:1.20 from the shaded jar.
[INFO] Excluding org.apache.flink:flink-shaded-guava:jar:18.0-10.0 from the shaded jar.
[INFO] Including org.apache.flink:force-shading:jar:1.12-SNAPSHOT in the shaded jar.
[INFO] Excluding org.slf4j:slf4j-api:jar:1.7.15 from the shaded jar.
[INFO] Excluding com.google.code.findbugs:jsr305:jar:1.3.9 from the shaded jar.
[INFO] Excluding org.objenesis:objenesis:jar:2.1 from the shaded jar.
[INFO] No artifact matching filter io.netty:netty
[INFO] Replacing original artifact with shaded artifact.
[INFO] Replacing /home/runner/work/sonar-analysis/sonar-analysis/project/flink-table/flink-table-api-scala/target/flink-table-api-scala_2.11-1.12-SNAPSHOT.jar with /home/runner/work/sonar-analysis/sonar-analysis/project/flink-table/flink-table-api-scala/target/flink-table-api-scala_2.11-1.12-SNAPSHOT-shaded.jar
[INFO] Replacing original test artifact with shaded test artifact.
[INFO] Replacing /home/runner/work/sonar-analysis/sonar-analysis/project/flink-table/flink-table-api-scala/target/flink-table-api-scala_2.11-1.12-SNAPSHOT-tests.jar with /home/runner/work/sonar-analysis/sonar-analysis/project/flink-table/flink-table-api-scala/target/flink-table-api-scala_2.11-1.12-SNAPSHOT-shaded-tests.jar
[INFO] Dependency-reduced POM written at: /home/runner/work/sonar-analysis/sonar-analysis/project/flink-table/flink-table-api-scala/target/dependency-reduced-pom.xml
[INFO] 
[INFO] --- surefire:2.22.1:test (integration-tests) @ flink-table-api-scala_2.11 ---
[INFO] Tests are skipped.
[INFO] 
[INFO] --- scalastyle:1.0.0:check (default) @ flink-table-api-scala_2.11 ---
Saving to outputFile=/home/runner/work/sonar-analysis/sonar-analysis/project/flink-table/flink-table-api-scala/target/scalastyle-output.xml
Processed 7 file(s)
Found 0 errors
Found 0 warnings
Found 0 infos
Finished in 32 ms
[INFO] 
[INFO] --- install:2.5.2:install (default-install) @ flink-table-api-scala_2.11 ---
[INFO] Installing /home/runner/work/sonar-analysis/sonar-analysis/project/flink-table/flink-table-api-scala/target/flink-table-api-scala_2.11-1.12-SNAPSHOT.jar to /home/runner/.m2/repository/org/apache/flink/flink-table-api-scala_2.11/1.12-SNAPSHOT/flink-table-api-scala_2.11-1.12-SNAPSHOT.jar
[INFO] Installing /home/runner/work/sonar-analysis/sonar-analysis/project/flink-table/flink-table-api-scala/target/dependency-reduced-pom.xml to /home/runner/.m2/repository/org/apache/flink/flink-table-api-scala_2.11/1.12-SNAPSHOT/flink-table-api-scala_2.11-1.12-SNAPSHOT.pom
[INFO] Installing /home/runner/work/sonar-analysis/sonar-analysis/project/flink-table/flink-table-api-scala/target/flink-table-api-scala_2.11-1.12-SNAPSHOT-tests.jar to /home/runner/.m2/repository/org/apache/flink/flink-table-api-scala_2.11/1.12-SNAPSHOT/flink-table-api-scala_2.11-1.12-SNAPSHOT-tests.jar
[INFO] 
[INFO] ---------< org.apache.flink:flink-table-api-scala-bridge_2.11 >---------
[INFO] Building flink-table-api-scala-bridge 1.12-SNAPSHOT             [43/182]
[INFO]   from flink-table/flink-table-api-scala-bridge/pom.xml
[INFO] --------------------------------[ jar ]---------------------------------
[INFO] 
[INFO] --- clean:3.1.0:clean (default-clean) @ flink-table-api-scala-bridge_2.11 ---
[INFO] Deleting /home/runner/work/sonar-analysis/sonar-analysis/project/flink-table/flink-table-api-scala-bridge/target
[INFO] 
[INFO] --- checkstyle:2.17:check (validate) @ flink-table-api-scala-bridge_2.11 ---
[INFO] 
[INFO] --- enforcer:3.0.0-M1:enforce (enforce-maven-version) @ flink-table-api-scala-bridge_2.11 ---
[INFO] Skipping Rule Enforcement.
[INFO] 
[INFO] --- enforcer:3.0.0-M1:enforce (enforce-maven) @ flink-table-api-scala-bridge_2.11 ---
[INFO] Skipping Rule Enforcement.
[INFO] 
[INFO] --- enforcer:3.0.0-M1:enforce (ban-unsafe-jackson) @ flink-table-api-scala-bridge_2.11 ---
[INFO] Skipping Rule Enforcement.
[INFO] 
[INFO] --- enforcer:3.0.0-M1:enforce (forbid-log4j-1) @ flink-table-api-scala-bridge_2.11 ---
[INFO] Skipping Rule Enforcement.
[INFO] 
[INFO] --- enforcer:3.0.0-M1:enforce (enforce-versions) @ flink-table-api-scala-bridge_2.11 ---
[INFO] Skipping Rule Enforcement.
[INFO] 
[INFO] --- directory:0.1:highest-basedir (directories) @ flink-table-api-scala-bridge_2.11 ---
[INFO] Highest basedir set to: /home/runner/work/sonar-analysis/sonar-analysis/project
[INFO] 
[INFO] --- remote-resources:1.5:process (process-resource-bundles) @ flink-table-api-scala-bridge_2.11 ---
[INFO] 
[INFO] --- resources:3.1.0:resources (default-resources) @ flink-table-api-scala-bridge_2.11 ---
[INFO] Using 'UTF-8' encoding to copy filtered resources.
[INFO] skip non existing resourceDirectory /home/runner/work/sonar-analysis/sonar-analysis/project/flink-table/flink-table-api-scala-bridge/src/main/resources
[INFO] Copying 3 resources
[INFO] 
[INFO] --- scala:3.2.2:compile (scala-compile-first) @ flink-table-api-scala-bridge_2.11 ---
[INFO] /home/runner/work/sonar-analysis/sonar-analysis/project/flink-table/flink-table-api-scala-bridge/src/main/java:-1: info: compiling
[INFO] /home/runner/work/sonar-analysis/sonar-analysis/project/flink-table/flink-table-api-scala-bridge/src/main/scala:-1: info: compiling
[INFO] Compiling 8 source files to /home/runner/work/sonar-analysis/sonar-analysis/project/flink-table/flink-table-api-scala-bridge/target/classes at 1783246109409
[WARNING] /home/runner/work/sonar-analysis/sonar-analysis/project/flink-table/flink-table-api-scala-bridge/src/main/scala/org/apache/flink/table/api/scala/internal/StreamTableEnvironmentImpl.scala:227: warning: non-variable type argument Any in type pattern org.apache.flink.table.operations.ScalaDataStreamQueryOperation[Any] is unchecked since it is eliminated by erasure
[WARNING]     case qo: ScalaDataStreamQueryOperation[Any] =>
[WARNING]              ^
[WARNING] warning: there were 5 deprecation warnings; re-run with -deprecation for details
[WARNING] two warnings found
[INFO] prepare-compile in 0 s
[INFO] compile in 4 s
[INFO] 
[INFO] --- compiler:3.8.0:compile (default-compile) @ flink-table-api-scala-bridge_2.11 ---
[INFO] Compiling 1 source file to /home/runner/work/sonar-analysis/sonar-analysis/project/flink-table/flink-table-api-scala-bridge/target/classes
[INFO] 
[INFO] --- resources:3.1.0:testResources (default-testResources) @ flink-table-api-scala-bridge_2.11 ---
[INFO] Using 'UTF-8' encoding to copy filtered resources.
[INFO] skip non existing resourceDirectory /home/runner/work/sonar-analysis/sonar-analysis/project/flink-table/flink-table-api-scala-bridge/src/test/resources
[INFO] Copying 3 resources
[INFO] 
[INFO] --- scala:3.2.2:testCompile (scala-test-compile) @ flink-table-api-scala-bridge_2.11 ---
[WARNING] Plugin is modifying testCompileSourceRoots through add(), which will not work in Maven 4.0.0. Use MavenProject.addTestCompileSourceRoot()/removeTestCompileSourceRoot() methods instead. If using a plugin, please upgrade to the latest version or report the issue to the plugin maintainer. To disable these warnings, set -Dmaven.project.sourceRoots.warningsDisabled=true on the command line, in the .mvn/maven.config file, or in project POM properties.
[INFO] /home/runner/work/sonar-analysis/sonar-analysis/project/flink-table/flink-table-api-scala-bridge/src/test/scala:-1: info: compiling
[INFO] Compiling 1 source files to /home/runner/work/sonar-analysis/sonar-analysis/project/flink-table/flink-table-api-scala-bridge/target/test-classes at 1783246114059
[INFO] prepare-compile in 0 s
[INFO] compile in 3 s
[INFO] 
[INFO] --- compiler:3.8.0:testCompile (default-testCompile) @ flink-table-api-scala-bridge_2.11 ---
[INFO] No sources to compile
[INFO] 
[INFO] --- surefire:2.22.1:test (default-test) @ flink-table-api-scala-bridge_2.11 ---
[INFO] Tests are skipped.
[INFO] 
[INFO] --- jar:2.4:jar (default-jar) @ flink-table-api-scala-bridge_2.11 ---
[INFO] Building jar: /home/runner/work/sonar-analysis/sonar-analysis/project/flink-table/flink-table-api-scala-bridge/target/flink-table-api-scala-bridge_2.11-1.12-SNAPSHOT.jar
[INFO] 
[INFO] --- shade:3.2.1:shade (shade-flink) @ flink-table-api-scala-bridge_2.11 ---
[INFO] Excluding org.apache.flink:flink-table-api-scala_2.11:jar:1.12-SNAPSHOT from the shaded jar.
[INFO] Excluding org.apache.flink:flink-table-common:jar:1.12-SNAPSHOT from the shaded jar.
[INFO] Excluding org.apache.flink:flink-table-api-java:jar:1.12-SNAPSHOT from the shaded jar.
[INFO] Excluding org.scala-lang:scala-reflect:jar:2.11.12 from the shaded jar.
[INFO] Excluding org.scala-lang:scala-library:jar:2.11.12 from the shaded jar.
[INFO] Excluding org.scala-lang:scala-compiler:jar:2.11.12 from the shaded jar.
[INFO] Excluding org.scala-lang.modules:scala-xml_2.11:jar:1.0.5 from the shaded jar.
[INFO] Excluding org.scala-lang.modules:scala-parser-combinators_2.11:jar:1.1.1 from the shaded jar.
[INFO] Excluding org.apache.flink:flink-scala_2.11:jar:1.12-SNAPSHOT from the shaded jar.
[INFO] Excluding org.apache.flink:flink-core:jar:1.12-SNAPSHOT from the shaded jar.
[INFO] Excluding org.apache.flink:flink-annotations:jar:1.12-SNAPSHOT from the shaded jar.
[INFO] Excluding org.apache.flink:flink-metrics-core:jar:1.12-SNAPSHOT from the shaded jar.
[INFO] Excluding org.apache.commons:commons-lang3:jar:3.3.2 from the shaded jar.
[INFO] Excluding com.esotericsoftware.kryo:kryo:jar:2.24.0 from the shaded jar.
[INFO] Excluding com.esotericsoftware.minlog:minlog:jar:1.2 from the shaded jar.
[INFO] Excluding commons-collections:commons-collections:jar:3.2.2 from the shaded jar.
[INFO] Excluding org.apache.commons:commons-compress:jar:1.20 from the shaded jar.
[INFO] Excluding org.apache.flink:flink-shaded-guava:jar:18.0-10.0 from the shaded jar.
[INFO] Excluding org.apache.flink:flink-java:jar:1.12-SNAPSHOT from the shaded jar.
[INFO] Excluding org.apache.commons:commons-math3:jar:3.5 from the shaded jar.
[INFO] Excluding org.apache.flink:flink-shaded-asm-7:jar:7.1-10.0 from the shaded jar.
[INFO] Excluding org.apache.flink:flink-streaming-scala_2.11:jar:1.12-SNAPSHOT from the shaded jar.
[INFO] Excluding org.apache.flink:flink-streaming-java_2.11:jar:1.12-SNAPSHOT from the shaded jar.
[INFO] Excluding org.apache.flink:flink-runtime_2.11:jar:1.12-SNAPSHOT from the shaded jar.
[INFO] Excluding org.apache.flink:flink-queryable-state-client-java:jar:1.12-SNAPSHOT from the shaded jar.
[INFO] Excluding org.apache.flink:flink-hadoop-fs:jar:1.12-SNAPSHOT from the shaded jar.
[INFO] Excluding commons-io:commons-io:jar:2.4 from the shaded jar.
[INFO] Excluding org.apache.flink:flink-shaded-netty:jar:4.1.39.Final-10.0 from the shaded jar.
[INFO] Excluding org.apache.flink:flink-shaded-jackson:jar:2.10.1-10.0 from the shaded jar.
[INFO] Excluding org.apache.flink:flink-shaded-zookeeper-3:jar:3.4.10-10.0 from the shaded jar.
[INFO] Excluding commons-cli:commons-cli:jar:1.3.1 from the shaded jar.
[INFO] Excluding org.javassist:javassist:jar:3.24.0-GA from the shaded jar.
[INFO] Excluding com.typesafe.akka:akka-actor_2.11:jar:2.5.21 from the shaded jar.
[INFO] Excluding com.typesafe:config:jar:1.3.0 from the shaded jar.
[INFO] Excluding org.scala-lang.modules:scala-java8-compat_2.11:jar:0.7.0 from the shaded jar.
[INFO] Excluding com.typesafe.akka:akka-remote_2.11:jar:2.5.21 from the shaded jar.
[INFO] Excluding io.netty:netty:jar:3.10.6.Final from the shaded jar.
[INFO] Excluding com.typesafe.akka:akka-stream_2.11:jar:2.5.21 from the shaded jar.
[INFO] Excluding org.reactivestreams:reactive-streams:jar:1.0.2 from the shaded jar.
[INFO] Excluding com.typesafe:ssl-config-core_2.11:jar:0.3.7 from the shaded jar.
[INFO] Excluding com.typesafe.akka:akka-protobuf_2.11:jar:2.5.21 from the shaded jar.
[INFO] Excluding com.typesafe.akka:akka-slf4j_2.11:jar:2.5.21 from the shaded jar.
[INFO] Excluding org.clapper:grizzled-slf4j_2.11:jar:1.3.2 from the shaded jar.
[INFO] Excluding com.github.scopt:scopt_2.11:jar:3.5.0 from the shaded jar.
[INFO] Excluding org.xerial.snappy:snappy-java:jar:1.1.4 from the shaded jar.
[INFO] Excluding com.twitter:chill_2.11:jar:0.7.6 from the shaded jar.
[INFO] Excluding com.twitter:chill-java:jar:0.7.6 from the shaded jar.
[INFO] Excluding org.lz4:lz4-java:jar:1.5.0 from the shaded jar.
[INFO] Including org.apache.flink:force-shading:jar:1.12-SNAPSHOT in the shaded jar.
[INFO] Excluding org.slf4j:slf4j-api:jar:1.7.15 from the shaded jar.
[INFO] Excluding com.google.code.findbugs:jsr305:jar:1.3.9 from the shaded jar.
[INFO] Excluding org.objenesis:objenesis:jar:2.1 from the shaded jar.
[INFO] Replacing original artifact with shaded artifact.
[INFO] Replacing /home/runner/work/sonar-analysis/sonar-analysis/project/flink-table/flink-table-api-scala-bridge/target/flink-table-api-scala-bridge_2.11-1.12-SNAPSHOT.jar with /home/runner/work/sonar-analysis/sonar-analysis/project/flink-table/flink-table-api-scala-bridge/target/flink-table-api-scala-bridge_2.11-1.12-SNAPSHOT-shaded.jar
[INFO] Replacing original test artifact with shaded test artifact.
[INFO] Replacing /home/runner/work/sonar-analysis/sonar-analysis/project/flink-table/flink-table-api-scala-bridge/target/flink-table-api-scala-bridge_2.11-1.12-SNAPSHOT-tests.jar with /home/runner/work/sonar-analysis/sonar-analysis/project/flink-table/flink-table-api-scala-bridge/target/flink-table-api-scala-bridge_2.11-1.12-SNAPSHOT-shaded-tests.jar
[INFO] Dependency-reduced POM written at: /home/runner/work/sonar-analysis/sonar-analysis/project/flink-table/flink-table-api-scala-bridge/target/dependency-reduced-pom.xml
[INFO] 
[INFO] --- surefire:2.22.1:test (integration-tests) @ flink-table-api-scala-bridge_2.11 ---
[INFO] Tests are skipped.
[INFO] 
[INFO] --- scalastyle:1.0.0:check (default) @ flink-table-api-scala-bridge_2.11 ---
Saving to outputFile=/home/runner/work/sonar-analysis/sonar-analysis/project/flink-table/flink-table-api-scala-bridge/target/scalastyle-output.xml
Processed 8 file(s)
Found 0 errors
Found 0 warnings
Found 0 infos
Finished in 30 ms
[INFO] 
[INFO] --- install:2.5.2:install (default-install) @ flink-table-api-scala-bridge_2.11 ---
[INFO] Installing /home/runner/work/sonar-analysis/sonar-analysis/project/flink-table/flink-table-api-scala-bridge/target/flink-table-api-scala-bridge_2.11-1.12-SNAPSHOT.jar to /home/runner/.m2/repository/org/apache/flink/flink-table-api-scala-bridge_2.11/1.12-SNAPSHOT/flink-table-api-scala-bridge_2.11-1.12-SNAPSHOT.jar
[INFO] Installing /home/runner/work/sonar-analysis/sonar-analysis/project/flink-table/flink-table-api-scala-bridge/target/dependency-reduced-pom.xml to /home/runner/.m2/repository/org/apache/flink/flink-table-api-scala-bridge_2.11/1.12-SNAPSHOT/flink-table-api-scala-bridge_2.11-1.12-SNAPSHOT.pom
[INFO] Installing /home/runner/work/sonar-analysis/sonar-analysis/project/flink-table/flink-table-api-scala-bridge/target/flink-table-api-scala-bridge_2.11-1.12-SNAPSHOT-tests.jar to /home/runner/.m2/repository/org/apache/flink/flink-table-api-scala-bridge_2.11/1.12-SNAPSHOT/flink-table-api-scala-bridge_2.11-1.12-SNAPSHOT-tests.jar
[INFO] 
[INFO] -----------------< org.apache.flink:flink-sql-parser >------------------
[INFO] Building flink-sql-parser 1.12-SNAPSHOT                         [44/182]
[INFO]   from flink-table/flink-sql-parser/pom.xml
[INFO] --------------------------------[ jar ]---------------------------------
[INFO] 
[INFO] --- clean:3.1.0:clean (default-clean) @ flink-sql-parser ---
[INFO] Deleting /home/runner/work/sonar-analysis/sonar-analysis/project/flink-table/flink-sql-parser/target
[INFO] 
[INFO] --- checkstyle:2.17:check (validate) @ flink-sql-parser ---
[INFO] 
[INFO] --- enforcer:3.0.0-M1:enforce (enforce-maven-version) @ flink-sql-parser ---
[INFO] Skipping Rule Enforcement.
[INFO] 
[INFO] --- enforcer:3.0.0-M1:enforce (enforce-maven) @ flink-sql-parser ---
[INFO] Skipping Rule Enforcement.
[INFO] 
[INFO] --- enforcer:3.0.0-M1:enforce (ban-unsafe-jackson) @ flink-sql-parser ---
[INFO] Skipping Rule Enforcement.
[INFO] 
[INFO] --- enforcer:3.0.0-M1:enforce (forbid-log4j-1) @ flink-sql-parser ---
[INFO] Skipping Rule Enforcement.
[INFO] 
[INFO] --- enforcer:3.0.0-M1:enforce (enforce-versions) @ flink-sql-parser ---
[INFO] Skipping Rule Enforcement.
[INFO] 
[INFO] --- dependency:3.1.1:unpack (unpack-parser-template) @ flink-sql-parser ---
[INFO] Configured Artifact: org.apache.calcite:calcite-core:?:jar
[INFO] Unpacking /home/runner/.m2/repository/org/apache/calcite/calcite-core/1.22.0/calcite-core-1.22.0.jar to /home/runner/work/sonar-analysis/sonar-analysis/project/flink-table/flink-sql-parser/target with includes "**/Parser.jj" and excludes ""
[INFO] 
[INFO] --- resources:3.1.0:copy-resources (copy-fmpp-resources) @ flink-sql-parser ---
[INFO] Using 'UTF-8' encoding to copy filtered resources.
[INFO] Copying 4 resources
[INFO] 
[INFO] --- directory:0.1:highest-basedir (directories) @ flink-sql-parser ---
[INFO] Highest basedir set to: /home/runner/work/sonar-analysis/sonar-analysis/project
[INFO] 
[INFO] --- fmpp:1.0:generate (generate-fmpp-sources) @ flink-sql-parser ---
- Executing: Parser.jj
log4j:WARN No appenders could be found for logger (freemarker.cache).
log4j:WARN Please initialize the log4j system properly.
[INFO] Done
[INFO] 
[INFO] --- javacc:2.4:javacc (javacc) @ flink-sql-parser ---
Java Compiler Compiler Version 4.0 (Parser Generator)
(type "javacc" with no arguments for help)
Reading from file /home/runner/work/sonar-analysis/sonar-analysis/project/flink-table/flink-sql-parser/target/generated-sources/javacc/Parser.jj . . .
Note: UNICODE_INPUT option is specified. Please make sure you create the parser/lexer using a Reader with the correct character encoding.
File "TokenMgrError.java" does not exist.  Will create one.
File "ParseException.java" does not exist.  Will create one.
File "Token.java" does not exist.  Will create one.
File "SimpleCharStream.java" does not exist.  Will create one.
Parser generated successfully.
[INFO] Processed 1 grammar
[INFO] 
[INFO] --- remote-resources:1.5:process (process-resource-bundles) @ flink-sql-parser ---
[INFO] 
[INFO] --- resources:3.1.0:resources (default-resources) @ flink-sql-parser ---
[INFO] Using 'UTF-8' encoding to copy filtered resources.
[INFO] Copying 1 resource
[INFO] Copying 3 resources
[INFO] 
[INFO] --- compiler:3.8.0:compile (default-compile) @ flink-sql-parser ---
[INFO] Compiling 63 source files to /home/runner/work/sonar-analysis/sonar-analysis/project/flink-table/flink-sql-parser/target/classes
[INFO] /home/runner/work/sonar-analysis/sonar-analysis/project/flink-table/flink-sql-parser/target/generated-sources/org/apache/flink/sql/parser/impl/FlinkSqlParserImpl.java: Some input files use unchecked or unsafe operations.
[INFO] /home/runner/work/sonar-analysis/sonar-analysis/project/flink-table/flink-sql-parser/target/generated-sources/org/apache/flink/sql/parser/impl/FlinkSqlParserImpl.java: Recompile with -Xlint:unchecked for details.
[INFO] 
[INFO] --- resources:3.1.0:testResources (default-testResources) @ flink-sql-parser ---
[INFO] Using 'UTF-8' encoding to copy filtered resources.
[INFO] skip non existing resourceDirectory /home/runner/work/sonar-analysis/sonar-analysis/project/flink-table/flink-sql-parser/src/test/resources
[INFO] Copying 3 resources
[INFO] 
[INFO] --- compiler:3.8.0:testCompile (default-testCompile) @ flink-sql-parser ---
[INFO] Compiling 14 source files to /home/runner/work/sonar-analysis/sonar-analysis/project/flink-table/flink-sql-parser/target/test-classes
[INFO] /home/runner/work/sonar-analysis/sonar-analysis/project/flink-table/flink-sql-parser/src/test/java/org/apache/flink/sql/parser/FlinkDDLDataTypeTest.java: /home/runner/work/sonar-analysis/sonar-analysis/project/flink-table/flink-sql-parser/src/test/java/org/apache/flink/sql/parser/FlinkDDLDataTypeTest.java uses or overrides a deprecated API.
[INFO] /home/runner/work/sonar-analysis/sonar-analysis/project/flink-table/flink-sql-parser/src/test/java/org/apache/flink/sql/parser/FlinkDDLDataTypeTest.java: Recompile with -Xlint:deprecation for details.
[INFO] /home/runner/work/sonar-analysis/sonar-analysis/project/flink-table/flink-sql-parser/target/generated-sources/org/apache/flink/sql/parser/impl/FlinkSqlParserImpl.java: /home/runner/work/sonar-analysis/sonar-analysis/project/flink-table/flink-sql-parser/target/generated-sources/org/apache/flink/sql/parser/impl/FlinkSqlParserImpl.java uses unchecked or unsafe operations.
[INFO] /home/runner/work/sonar-analysis/sonar-analysis/project/flink-table/flink-sql-parser/target/generated-sources/org/apache/flink/sql/parser/impl/FlinkSqlParserImpl.java: Recompile with -Xlint:unchecked for details.
[INFO] 
[INFO] --- surefire:2.22.1:test (default-test) @ flink-sql-parser ---
[INFO] Tests are skipped.
[INFO] 
[INFO] --- jar:2.4:jar (default-jar) @ flink-sql-parser ---
[INFO] Building jar: /home/runner/work/sonar-analysis/sonar-analysis/project/flink-table/flink-sql-parser/target/flink-sql-parser-1.12-SNAPSHOT.jar
[INFO] 
[INFO] --- shade:3.2.1:shade (shade-flink) @ flink-sql-parser ---
[INFO] Excluding org.apache.flink:flink-annotations:jar:1.12-SNAPSHOT from the shaded jar.
[INFO] Excluding org.apache.calcite:calcite-core:jar:1.22.0 from the shaded jar.
[INFO] Excluding org.apache.calcite.avatica:avatica-core:jar:1.16.0 from the shaded jar.
[INFO] Excluding org.apiguardian:apiguardian-api:jar:1.1.0 from the shaded jar.
[INFO] Including org.apache.flink:force-shading:jar:1.12-SNAPSHOT in the shaded jar.
[INFO] Excluding org.slf4j:slf4j-api:jar:1.7.15 from the shaded jar.
[INFO] Excluding com.google.code.findbugs:jsr305:jar:1.3.9 from the shaded jar.
[INFO] No artifact matching filter io.netty:netty
[INFO] Replacing original artifact with shaded artifact.
[INFO] Replacing /home/runner/work/sonar-analysis/sonar-analysis/project/flink-table/flink-sql-parser/target/flink-sql-parser-1.12-SNAPSHOT.jar with /home/runner/work/sonar-analysis/sonar-analysis/project/flink-table/flink-sql-parser/target/flink-sql-parser-1.12-SNAPSHOT-shaded.jar
[INFO] Replacing original test artifact with shaded test artifact.
[INFO] Replacing /home/runner/work/sonar-analysis/sonar-analysis/project/flink-table/flink-sql-parser/target/flink-sql-parser-1.12-SNAPSHOT-tests.jar with /home/runner/work/sonar-analysis/sonar-analysis/project/flink-table/flink-sql-parser/target/flink-sql-parser-1.12-SNAPSHOT-shaded-tests.jar
[INFO] Dependency-reduced POM written at: /home/runner/work/sonar-analysis/sonar-analysis/project/flink-table/flink-sql-parser/target/dependency-reduced-pom.xml
[INFO] 
[INFO] --- surefire:2.22.1:test (integration-tests) @ flink-sql-parser ---
[INFO] Tests are skipped.
[INFO] 
[INFO] --- install:2.5.2:install (default-install) @ flink-sql-parser ---
[INFO] Installing /home/runner/work/sonar-analysis/sonar-analysis/project/flink-table/flink-sql-parser/target/flink-sql-parser-1.12-SNAPSHOT.jar to /home/runner/.m2/repository/org/apache/flink/flink-sql-parser/1.12-SNAPSHOT/flink-sql-parser-1.12-SNAPSHOT.jar
[INFO] Installing /home/runner/work/sonar-analysis/sonar-analysis/project/flink-table/flink-sql-parser/target/dependency-reduced-pom.xml to /home/runner/.m2/repository/org/apache/flink/flink-sql-parser/1.12-SNAPSHOT/flink-sql-parser-1.12-SNAPSHOT.pom
[INFO] Installing /home/runner/work/sonar-analysis/sonar-analysis/project/flink-table/flink-sql-parser/target/flink-sql-parser-1.12-SNAPSHOT-tests.jar to /home/runner/.m2/repository/org/apache/flink/flink-sql-parser/1.12-SNAPSHOT/flink-sql-parser-1.12-SNAPSHOT-tests.jar
[INFO] 
[INFO] ------------------< org.apache.flink:flink-libraries >------------------
[INFO] Building flink-libraries 1.12-SNAPSHOT                          [45/182]
[INFO]   from flink-libraries/pom.xml
[INFO] --------------------------------[ pom ]---------------------------------
[INFO] 
[INFO] --- clean:3.1.0:clean (default-clean) @ flink-libraries ---
[INFO] Deleting /home/runner/work/sonar-analysis/sonar-analysis/project/flink-libraries/target
[INFO] 
[INFO] --- checkstyle:2.17:check (validate) @ flink-libraries ---
[INFO] 
[INFO] --- enforcer:3.0.0-M1:enforce (enforce-maven-version) @ flink-libraries ---
[INFO] Skipping Rule Enforcement.
[INFO] 
[INFO] --- enforcer:3.0.0-M1:enforce (enforce-maven) @ flink-libraries ---
[INFO] Skipping Rule Enforcement.
[INFO] 
[INFO] --- enforcer:3.0.0-M1:enforce (ban-unsafe-jackson) @ flink-libraries ---
[INFO] Skipping Rule Enforcement.
[INFO] 
[INFO] --- enforcer:3.0.0-M1:enforce (forbid-log4j-1) @ flink-libraries ---
[INFO] Skipping Rule Enforcement.
[INFO] 
[INFO] --- enforcer:3.0.0-M1:enforce (enforce-versions) @ flink-libraries ---
[INFO] Skipping Rule Enforcement.
[INFO] 
[INFO] --- directory:0.1:highest-basedir (directories) @ flink-libraries ---
[INFO] Highest basedir set to: /home/runner/work/sonar-analysis/sonar-analysis/project
[INFO] 
[INFO] --- remote-resources:1.5:process (process-resource-bundles) @ flink-libraries ---
[INFO] 
[INFO] --- surefire:2.22.1:test (default-test) @ flink-libraries ---
[INFO] Tests are skipped.
[INFO] 
[INFO] --- shade:3.2.1:shade (shade-flink) @ flink-libraries ---
[INFO] Including org.apache.flink:force-shading:jar:1.12-SNAPSHOT in the shaded jar.
[INFO] No artifact matching filter io.netty:netty
[INFO] Replacing original artifact with shaded artifact.
[INFO] 
[INFO] --- surefire:2.22.1:test (integration-tests) @ flink-libraries ---
[INFO] Tests are skipped.
[INFO] 
[INFO] --- install:2.5.2:install (default-install) @ flink-libraries ---
[INFO] Installing /home/runner/work/sonar-analysis/sonar-analysis/project/flink-libraries/pom.xml to /home/runner/.m2/repository/org/apache/flink/flink-libraries/1.12-SNAPSHOT/flink-libraries-1.12-SNAPSHOT.pom
[INFO] 
[INFO] ------------------< org.apache.flink:flink-cep_2.11 >-------------------
[INFO] Building flink-cep 1.12-SNAPSHOT                                [46/182]
[INFO]   from flink-libraries/flink-cep/pom.xml
[INFO] --------------------------------[ jar ]---------------------------------
[INFO] 
[INFO] --- clean:3.1.0:clean (default-clean) @ flink-cep_2.11 ---
[INFO] Deleting /home/runner/work/sonar-analysis/sonar-analysis/project/flink-libraries/flink-cep/target
[INFO] 
[INFO] --- checkstyle:2.17:check (validate) @ flink-cep_2.11 ---
[INFO] 
[INFO] --- enforcer:3.0.0-M1:enforce (enforce-maven-version) @ flink-cep_2.11 ---
[INFO] Skipping Rule Enforcement.
[INFO] 
[INFO] --- enforcer:3.0.0-M1:enforce (enforce-maven) @ flink-cep_2.11 ---
[INFO] Skipping Rule Enforcement.
[INFO] 
[INFO] --- enforcer:3.0.0-M1:enforce (ban-unsafe-jackson) @ flink-cep_2.11 ---
[INFO] Skipping Rule Enforcement.
[INFO] 
[INFO] --- enforcer:3.0.0-M1:enforce (forbid-log4j-1) @ flink-cep_2.11 ---
[INFO] Skipping Rule Enforcement.
[INFO] 
[INFO] --- enforcer:3.0.0-M1:enforce (enforce-versions) @ flink-cep_2.11 ---
[INFO] Skipping Rule Enforcement.
[INFO] 
[INFO] --- directory:0.1:highest-basedir (directories) @ flink-cep_2.11 ---
[INFO] Highest basedir set to: /home/runner/work/sonar-analysis/sonar-analysis/project
[INFO] 
[INFO] --- remote-resources:1.5:process (process-resource-bundles) @ flink-cep_2.11 ---
[INFO] 
[INFO] --- resources:3.1.0:resources (default-resources) @ flink-cep_2.11 ---
[INFO] Using 'UTF-8' encoding to copy filtered resources.
[INFO] skip non existing resourceDirectory /home/runner/work/sonar-analysis/sonar-analysis/project/flink-libraries/flink-cep/src/main/resources
[INFO] Copying 3 resources
[INFO] 
[INFO] --- compiler:3.8.0:compile (default-compile) @ flink-cep_2.11 ---
[INFO] Compiling 67 source files to /home/runner/work/sonar-analysis/sonar-analysis/project/flink-libraries/flink-cep/target/classes
[INFO] /home/runner/work/sonar-analysis/sonar-analysis/project/flink-libraries/flink-cep/src/main/java/org/apache/flink/cep/nfa/sharedbuffer/Lockable.java: Some input files use or override a deprecated API.
[INFO] /home/runner/work/sonar-analysis/sonar-analysis/project/flink-libraries/flink-cep/src/main/java/org/apache/flink/cep/nfa/sharedbuffer/Lockable.java: Recompile with -Xlint:deprecation for details.
[INFO] /home/runner/work/sonar-analysis/sonar-analysis/project/flink-libraries/flink-cep/src/main/java/org/apache/flink/cep/PatternStreamBuilder.java: Some input files use unchecked or unsafe operations.
[INFO] /home/runner/work/sonar-analysis/sonar-analysis/project/flink-libraries/flink-cep/src/main/java/org/apache/flink/cep/PatternStreamBuilder.java: Recompile with -Xlint:unchecked for details.
[INFO] 
[INFO] --- resources:3.1.0:testResources (default-testResources) @ flink-cep_2.11 ---
[INFO] Using 'UTF-8' encoding to copy filtered resources.
[INFO] Copying 57 resources
[INFO] Copying 3 resources
[INFO] 
[INFO] --- compiler:3.8.0:testCompile (default-testCompile) @ flink-cep_2.11 ---
[INFO] Compiling 38 source files to /home/runner/work/sonar-analysis/sonar-analysis/project/flink-libraries/flink-cep/target/test-classes
[INFO] /home/runner/work/sonar-analysis/sonar-analysis/project/flink-libraries/flink-cep/src/test/java/org/apache/flink/cep/nfa/NFAITCase.java: Some input files use or override a deprecated API.
[INFO] /home/runner/work/sonar-analysis/sonar-analysis/project/flink-libraries/flink-cep/src/test/java/org/apache/flink/cep/nfa/NFAITCase.java: Recompile with -Xlint:deprecation for details.
[INFO] /home/runner/work/sonar-analysis/sonar-analysis/project/flink-libraries/flink-cep/src/test/java/org/apache/flink/cep/operator/CEPOperatorTest.java: Some input files use unchecked or unsafe operations.
[INFO] /home/runner/work/sonar-analysis/sonar-analysis/project/flink-libraries/flink-cep/src/test/java/org/apache/flink/cep/operator/CEPOperatorTest.java: Recompile with -Xlint:unchecked for details.
[INFO] 
[INFO] --- surefire:2.22.1:test (default-test) @ flink-cep_2.11 ---
[INFO] Tests are skipped.
[INFO] 
[INFO] --- jar:2.4:jar (default-jar) @ flink-cep_2.11 ---
[INFO] Building jar: /home/runner/work/sonar-analysis/sonar-analysis/project/flink-libraries/flink-cep/target/flink-cep_2.11-1.12-SNAPSHOT.jar
[INFO] 
[INFO] --- jar:2.4:test-jar (default) @ flink-cep_2.11 ---
[INFO] Building jar: /home/runner/work/sonar-analysis/sonar-analysis/project/flink-libraries/flink-cep/target/flink-cep_2.11-1.12-SNAPSHOT-tests.jar
[INFO] 
[INFO] --- shade:3.2.1:shade (shade-flink) @ flink-cep_2.11 ---
[INFO] Excluding org.apache.flink:flink-shaded-guava:jar:18.0-10.0 from the shaded jar.
[INFO] Including org.apache.flink:force-shading:jar:1.12-SNAPSHOT in the shaded jar.
[INFO] No artifact matching filter io.netty:netty
[INFO] Replacing original artifact with shaded artifact.
[INFO] Replacing /home/runner/work/sonar-analysis/sonar-analysis/project/flink-libraries/flink-cep/target/flink-cep_2.11-1.12-SNAPSHOT.jar with /home/runner/work/sonar-analysis/sonar-analysis/project/flink-libraries/flink-cep/target/flink-cep_2.11-1.12-SNAPSHOT-shaded.jar
[INFO] Replacing original test artifact with shaded test artifact.
[INFO] Replacing /home/runner/work/sonar-analysis/sonar-analysis/project/flink-libraries/flink-cep/target/flink-cep_2.11-1.12-SNAPSHOT-tests.jar with /home/runner/work/sonar-analysis/sonar-analysis/project/flink-libraries/flink-cep/target/flink-cep_2.11-1.12-SNAPSHOT-shaded-tests.jar
[INFO] Dependency-reduced POM written at: /home/runner/work/sonar-analysis/sonar-analysis/project/flink-libraries/flink-cep/target/dependency-reduced-pom.xml
[INFO] 
[INFO] --- surefire:2.22.1:test (integration-tests) @ flink-cep_2.11 ---
[INFO] Tests are skipped.
[INFO] 
[INFO] --- install:2.5.2:install (default-install) @ flink-cep_2.11 ---
[INFO] Installing /home/runner/work/sonar-analysis/sonar-analysis/project/flink-libraries/flink-cep/target/flink-cep_2.11-1.12-SNAPSHOT.jar to /home/runner/.m2/repository/org/apache/flink/flink-cep_2.11/1.12-SNAPSHOT/flink-cep_2.11-1.12-SNAPSHOT.jar
[INFO] Installing /home/runner/work/sonar-analysis/sonar-analysis/project/flink-libraries/flink-cep/target/dependency-reduced-pom.xml to /home/runner/.m2/repository/org/apache/flink/flink-cep_2.11/1.12-SNAPSHOT/flink-cep_2.11-1.12-SNAPSHOT.pom
[INFO] Installing /home/runner/work/sonar-analysis/sonar-analysis/project/flink-libraries/flink-cep/target/flink-cep_2.11-1.12-SNAPSHOT-tests.jar to /home/runner/.m2/repository/org/apache/flink/flink-cep_2.11/1.12-SNAPSHOT/flink-cep_2.11-1.12-SNAPSHOT-tests.jar
[INFO] Installing /home/runner/work/sonar-analysis/sonar-analysis/project/flink-libraries/flink-cep/target/flink-cep_2.11-1.12-SNAPSHOT-tests.jar to /home/runner/.m2/repository/org/apache/flink/flink-cep_2.11/1.12-SNAPSHOT/flink-cep_2.11-1.12-SNAPSHOT-tests.jar
[INFO] 
[INFO] -------------< org.apache.flink:flink-table-planner_2.11 >--------------
[INFO] Building flink-table-planner 1.12-SNAPSHOT                      [47/182]
[INFO]   from flink-table/flink-table-planner/pom.xml
[INFO] --------------------------------[ jar ]---------------------------------
[INFO] 
[INFO] --- clean:3.1.0:clean (default-clean) @ flink-table-planner_2.11 ---
[INFO] Deleting /home/runner/work/sonar-analysis/sonar-analysis/project/flink-table/flink-table-planner/target
[INFO] 
[INFO] --- checkstyle:2.17:check (validate) @ flink-table-planner_2.11 ---
[INFO] 
[INFO] --- enforcer:3.0.0-M1:enforce (enforce-maven-version) @ flink-table-planner_2.11 ---
[INFO] Skipping Rule Enforcement.
[INFO] 
[INFO] --- enforcer:3.0.0-M1:enforce (enforce-maven) @ flink-table-planner_2.11 ---
[INFO] Skipping Rule Enforcement.
[INFO] 
[INFO] --- enforcer:3.0.0-M1:enforce (ban-unsafe-jackson) @ flink-table-planner_2.11 ---
[INFO] Skipping Rule Enforcement.
[INFO] 
[INFO] --- enforcer:3.0.0-M1:enforce (forbid-log4j-1) @ flink-table-planner_2.11 ---
[INFO] Skipping Rule Enforcement.
[INFO] 
[INFO] --- enforcer:3.0.0-M1:enforce (enforce-versions) @ flink-table-planner_2.11 ---
[INFO] Skipping Rule Enforcement.
[INFO] 
[INFO] --- directory:0.1:highest-basedir (directories) @ flink-table-planner_2.11 ---
[INFO] Highest basedir set to: /home/runner/work/sonar-analysis/sonar-analysis/project
[INFO] 
[INFO] --- remote-resources:1.5:process (process-resource-bundles) @ flink-table-planner_2.11 ---
[INFO] 
[INFO] --- resources:3.1.0:resources (default-resources) @ flink-table-planner_2.11 ---
[INFO] Using 'UTF-8' encoding to copy filtered resources.
[INFO] Copying 3 resources
[INFO] Copying 3 resources
[INFO] 
[INFO] --- scala:3.2.2:add-source (scala-compile-first) @ flink-table-planner_2.11 ---
[INFO] Add Source directory: /home/runner/work/sonar-analysis/sonar-analysis/project/flink-table/flink-table-planner/src/main/scala
[INFO] Add Test Source directory: /home/runner/work/sonar-analysis/sonar-analysis/project/flink-table/flink-table-planner/src/test/scala
[INFO] 
[INFO] --- scala:3.2.2:compile (scala-compile-first) @ flink-table-planner_2.11 ---
[INFO] /home/runner/work/sonar-analysis/sonar-analysis/project/flink-table/flink-table-planner/src/main/java:-1: info: compiling
[INFO] /home/runner/work/sonar-analysis/sonar-analysis/project/flink-table/flink-table-planner/src/main/scala:-1: info: compiling
[INFO] Compiling 418 source files to /home/runner/work/sonar-analysis/sonar-analysis/project/flink-table/flink-table-planner/target/classes at 1783246122256
[WARNING] /home/runner/work/sonar-analysis/sonar-analysis/project/flink-table/flink-table-planner/src/main/scala/org/apache/flink/table/plan/nodes/datastream/DataStreamSink.scala:65: warning: abstract type T in type pattern org.apache.flink.table.sinks.RetractStreamTableSink[T] is unchecked since it is eliminated by erasure
[WARNING]       case retractSink: RetractStreamTableSink[T] =>
[WARNING]                         ^
[WARNING] /home/runner/work/sonar-analysis/sonar-analysis/project/flink-table/flink-table-planner/src/main/scala/org/apache/flink/table/plan/nodes/datastream/DataStreamSink.scala:69: warning: abstract type T in type pattern org.apache.flink.table.sinks.UpsertStreamTableSink[T] is unchecked since it is eliminated by erasure
[WARNING]       case upsertSink: UpsertStreamTableSink[T] =>
[WARNING]                        ^
[WARNING] /home/runner/work/sonar-analysis/sonar-analysis/project/flink-table/flink-table-planner/src/main/scala/org/apache/flink/table/plan/nodes/datastream/DataStreamSink.scala:73: warning: abstract type T in type pattern org.apache.flink.table.sinks.AppendStreamTableSink[T] is unchecked since it is eliminated by erasure
[WARNING]       case appendSink: AppendStreamTableSink[T] =>
[WARNING]                        ^
[WARNING] /home/runner/work/sonar-analysis/sonar-analysis/project/flink-table/flink-table-planner/src/main/scala/org/apache/flink/table/planner/StreamPlanner.scala:287: warning: abstract type T in type pattern org.apache.flink.table.sinks.RetractStreamTableSink[T] is unchecked since it is eliminated by erasure
[WARNING]       case retractSink: RetractStreamTableSink[T] =>
[WARNING]                         ^
[WARNING] /home/runner/work/sonar-analysis/sonar-analysis/project/flink-table/flink-table-planner/src/main/scala/org/apache/flink/table/planner/StreamPlanner.scala:296: warning: abstract type T in type pattern org.apache.flink.table.sinks.UpsertStreamTableSink[T] is unchecked since it is eliminated by erasure
[WARNING]       case upsertSink: UpsertStreamTableSink[T] =>
[WARNING]                        ^
[WARNING] /home/runner/work/sonar-analysis/sonar-analysis/project/flink-table/flink-table-planner/src/main/scala/org/apache/flink/table/plan/rules/logical/LogicalCorrelateToTemporalTableJoinRule.scala:81: warning: match may not be exhaustive.
[WARNING] It would fail on the following input: Some(_)
[WARNING]       .visit(rightTableFunctionScan.getCall) match {
[WARNING]             ^
[WARNING] warning: there were 148 deprecation warnings; re-run with -deprecation for details
[WARNING] warning: there were 22 feature warnings; re-run with -feature for details
[WARNING] 8 warnings found
[INFO] prepare-compile in 0 s
[INFO] compile in 30 s
[INFO] 
[INFO] --- compiler:3.8.0:compile (default-compile) @ flink-table-planner_2.11 ---
[INFO] Compiling 38 source files to /home/runner/work/sonar-analysis/sonar-analysis/project/flink-table/flink-table-planner/target/classes
[INFO] /home/runner/work/sonar-analysis/sonar-analysis/project/flink-table/flink-table-planner/src/main/java/org/apache/flink/table/catalog/DatabaseCalciteSchema.java: Some input files use or override a deprecated API.
[INFO] /home/runner/work/sonar-analysis/sonar-analysis/project/flink-table/flink-table-planner/src/main/java/org/apache/flink/table/catalog/DatabaseCalciteSchema.java: Recompile with -Xlint:deprecation for details.
[INFO] /home/runner/work/sonar-analysis/sonar-analysis/project/flink-table/flink-table-planner/src/main/scala/org/apache/flink/table/util/DummyNoOpOperator.java: Some input files use unchecked or unsafe operations.
[INFO] /home/runner/work/sonar-analysis/sonar-analysis/project/flink-table/flink-table-planner/src/main/scala/org/apache/flink/table/util/DummyNoOpOperator.java: Recompile with -Xlint:unchecked for details.
[INFO] 
[INFO] --- resources:3.1.0:testResources (default-testResources) @ flink-table-planner_2.11 ---
[INFO] Using 'UTF-8' encoding to copy filtered resources.
[INFO] Copying 11 resources
[INFO] Copying 3 resources
[INFO] 
[INFO] --- scala:3.2.2:testCompile (scala-test-compile) @ flink-table-planner_2.11 ---
[WARNING] Plugin is modifying testCompileSourceRoots through add(), which will not work in Maven 4.0.0. Use MavenProject.addTestCompileSourceRoot()/removeTestCompileSourceRoot() methods instead. If using a plugin, please upgrade to the latest version or report the issue to the plugin maintainer. To disable these warnings, set -Dmaven.project.sourceRoots.warningsDisabled=true on the command line, in the .mvn/maven.config file, or in project POM properties.
[INFO] /home/runner/work/sonar-analysis/sonar-analysis/project/flink-table/flink-table-planner/src/test/java:-1: info: compiling
[INFO] /home/runner/work/sonar-analysis/sonar-analysis/project/flink-table/flink-table-planner/src/test/scala:-1: info: compiling
[INFO] Compiling 301 source files to /home/runner/work/sonar-analysis/sonar-analysis/project/flink-table/flink-table-planner/target/test-classes at 1783246153630
[WARNING] /home/runner/work/sonar-analysis/sonar-analysis/project/flink-table/flink-table-planner/src/test/scala/org/apache/flink/table/api/batch/BatchTableEnvironmentTest.scala:525: warning: This catches all Throwables. If this is really intended, use `case e : Throwable` to clear this warning.
[WARNING]       case e =>
[WARNING]            ^
[WARNING] /home/runner/work/sonar-analysis/sonar-analysis/project/flink-table/flink-table-planner/src/test/scala/org/apache/flink/table/api/stream/StreamTableEnvironmentTest.scala:324: warning: This catches all Throwables. If this is really intended, use `case e : Throwable` to clear this warning.
[WARNING]       case e =>
[WARNING]            ^
[WARNING] /home/runner/work/sonar-analysis/sonar-analysis/project/flink-table/flink-table-planner/src/test/scala/org/apache/flink/table/runtime/batch/sql/TableEnvironmentITCase.scala:28: warning: imported `TableEnvironmentITCase' is permanently hidden by definition of class TableEnvironmentITCase in package sql
[WARNING] import org.apache.flink.table.api.{DataTypes, ResultKind, TableEnvironment, TableEnvironmentITCase, TableResult, TableSchema}
[WARNING]                                                                             ^
[WARNING] /home/runner/work/sonar-analysis/sonar-analysis/project/flink-table/flink-table-planner/src/test/scala/org/apache/flink/table/runtime/batch/sql/TableEnvironmentITCase.scala:186: warning: This catches all Throwables. If this is really intended, use `case _ : Throwable` to clear this warning.
[WARNING]       case  _ =>
[WARNING]             ^
[WARNING] /home/runner/work/sonar-analysis/sonar-analysis/project/flink-table/flink-table-planner/src/test/scala/org/apache/flink/table/runtime/harness/HarnessTestBase.scala:471: warning: non-variable type argument org.apache.flink.table.runtime.types.CRow in type pattern org.apache.flink.streaming.runtime.streamrecord.StreamRecord[org.apache.flink.table.runtime.types.CRow] is unchecked since it is eliminated by erasure
[WARNING]         case (r1: StreamRecord[CRow], r2: StreamRecord[CRow]) =>
[WARNING]                   ^
[WARNING] /home/runner/work/sonar-analysis/sonar-analysis/project/flink-table/flink-table-planner/src/test/scala/org/apache/flink/table/runtime/harness/HarnessTestBase.scala:471: warning: non-variable type argument org.apache.flink.table.runtime.types.CRow in type pattern org.apache.flink.streaming.runtime.streamrecord.StreamRecord[org.apache.flink.table.runtime.types.CRow] is unchecked since it is eliminated by erasure
[WARNING]         case (r1: StreamRecord[CRow], r2: StreamRecord[CRow]) =>
[WARNING]                                           ^
[WARNING] /home/runner/work/sonar-analysis/sonar-analysis/project/flink-table/flink-table-planner/src/test/scala/org/apache/flink/table/runtime/harness/HarnessTestBase.scala:473: warning: non-variable type argument org.apache.flink.table.runtime.types.CRow in type pattern org.apache.flink.streaming.runtime.streamrecord.StreamRecord[org.apache.flink.table.runtime.types.CRow] is unchecked since it is eliminated by erasure
[WARNING]         case (_: Watermark, _: StreamRecord[CRow]) => -1
[WARNING]                                ^
[WARNING] /home/runner/work/sonar-analysis/sonar-analysis/project/flink-table/flink-table-planner/src/test/scala/org/apache/flink/table/runtime/harness/HarnessTestBase.scala:474: warning: non-variable type argument org.apache.flink.table.runtime.types.CRow in type pattern org.apache.flink.streaming.runtime.streamrecord.StreamRecord[org.apache.flink.table.runtime.types.CRow] is unchecked since it is eliminated by erasure
[WARNING]         case (_: StreamRecord[CRow], _: Watermark) => 1
[WARNING]                  ^
[WARNING] warning: non-variable type argument org.apache.flink.api.dag.Transformation[_] in type pattern scala.runtime.NonLocalReturnControl[org.apache.flink.api.dag.Transformation[_]] is unchecked since it is eliminated by erasure
[WARNING] warning: there were 1648 deprecation warnings; re-run with -deprecation for details
[WARNING] warning: there were 8 feature warnings; re-run with -feature for details
[WARNING] 11 warnings found
[INFO] prepare-compile in 0 s
[INFO] compile in 59 s
[INFO] 
[INFO] --- compiler:3.8.0:testCompile (default-testCompile) @ flink-table-planner_2.11 ---
[INFO] Compiling 26 source files to /home/runner/work/sonar-analysis/sonar-analysis/project/flink-table/flink-table-planner/target/test-classes
[INFO] /home/runner/work/sonar-analysis/sonar-analysis/project/flink-table/flink-table-planner/src/test/java/org/apache/flink/table/runtime/stream/sql/FunctionITCase.java: Some input files use or override a deprecated API.
[INFO] /home/runner/work/sonar-analysis/sonar-analysis/project/flink-table/flink-table-planner/src/test/java/org/apache/flink/table/runtime/stream/sql/FunctionITCase.java: Recompile with -Xlint:deprecation for details.
[INFO] /home/runner/work/sonar-analysis/sonar-analysis/project/flink-table/flink-table-planner/src/test/java/org/apache/flink/table/runtime/utils/JavaUserDefinedAggFunctions.java: Some input files use unchecked or unsafe operations.
[INFO] /home/runner/work/sonar-analysis/sonar-analysis/project/flink-table/flink-table-planner/src/test/java/org/apache/flink/table/runtime/utils/JavaUserDefinedAggFunctions.java: Recompile with -Xlint:unchecked for details.
[INFO] 
[INFO] --- surefire:2.22.1:test (default-test) @ flink-table-planner_2.11 ---
[INFO] Tests are skipped.
[INFO] 
[INFO] --- jar:2.4:jar (default-jar) @ flink-table-planner_2.11 ---
[INFO] Building jar: /home/runner/work/sonar-analysis/sonar-analysis/project/flink-table/flink-table-planner/target/flink-table-planner_2.11-1.12-SNAPSHOT.jar
[INFO] 
[INFO] --- jar:2.4:test-jar (default) @ flink-table-planner_2.11 ---
[INFO] Building jar: /home/runner/work/sonar-analysis/sonar-analysis/project/flink-table/flink-table-planner/target/flink-table-planner_2.11-1.12-SNAPSHOT-tests.jar
[INFO] 
[INFO] --- shade:3.2.1:shade (shade-flink) @ flink-table-planner_2.11 ---
[INFO] Including com.google.guava:guava:jar:19.0 in the shaded jar.
[INFO] Including org.codehaus.janino:commons-compiler:jar:3.0.9 in the shaded jar.
[INFO] Including org.codehaus.janino:janino:jar:3.0.9 in the shaded jar.
[INFO] Excluding org.apache.flink:flink-table-common:jar:1.12-SNAPSHOT from the shaded jar.
[INFO] Excluding org.apache.flink:flink-core:jar:1.12-SNAPSHOT from the shaded jar.
[INFO] Excluding org.apache.flink:flink-shaded-asm-7:jar:7.1-10.0 from the shaded jar.
[INFO] Excluding org.apache.flink:flink-table-api-java-bridge_2.11:jar:1.12-SNAPSHOT from the shaded jar.
[INFO] Excluding org.apache.flink:flink-table-api-java:jar:1.12-SNAPSHOT from the shaded jar.
[INFO] Excluding org.apache.flink:flink-java:jar:1.12-SNAPSHOT from the shaded jar.
[INFO] Excluding org.apache.flink:flink-streaming-java_2.11:jar:1.12-SNAPSHOT from the shaded jar.
[INFO] Excluding org.apache.flink:flink-table-api-scala-bridge_2.11:jar:1.12-SNAPSHOT from the shaded jar.
[INFO] Excluding org.apache.flink:flink-table-api-scala_2.11:jar:1.12-SNAPSHOT from the shaded jar.
[INFO] Including org.apache.flink:flink-sql-parser:jar:1.12-SNAPSHOT in the shaded jar.
[INFO] Excluding org.apache.flink:flink-annotations:jar:1.12-SNAPSHOT from the shaded jar.
[INFO] Excluding org.scala-lang:scala-reflect:jar:2.11.12 from the shaded jar.
[INFO] Excluding org.scala-lang:scala-library:jar:2.11.12 from the shaded jar.
[INFO] Excluding org.scala-lang:scala-compiler:jar:2.11.12 from the shaded jar.
[INFO] Excluding org.scala-lang.modules:scala-xml_2.11:jar:1.0.5 from the shaded jar.
[INFO] Excluding org.scala-lang.modules:scala-parser-combinators_2.11:jar:1.1.1 from the shaded jar.
[INFO] Excluding org.apache.flink:flink-shaded-guava:jar:18.0-10.0 from the shaded jar.
[INFO] Including org.apache.calcite:calcite-core:jar:1.22.0 in the shaded jar.
[INFO] Including org.apache.calcite:calcite-linq4j:jar:1.22.0 in the shaded jar.
[INFO] Including com.fasterxml.jackson.core:jackson-annotations:jar:2.10.1 in the shaded jar.
[INFO] Including org.apache.calcite.avatica:avatica-core:jar:1.16.0 in the shaded jar.
[INFO] Excluding org.apiguardian:apiguardian-api:jar:1.1.0 from the shaded jar.
[INFO] Including com.fasterxml.jackson.core:jackson-core:jar:2.10.1 in the shaded jar.
[INFO] Including com.fasterxml.jackson.core:jackson-databind:jar:2.10.1 in the shaded jar.
[INFO] Including com.jayway.jsonpath:json-path:jar:2.4.0 in the shaded jar.
[INFO] Excluding net.minidev:json-smart:jar:2.3 from the shaded jar.
[INFO] Excluding net.minidev:accessors-smart:jar:1.2 from the shaded jar.
[INFO] Excluding org.ow2.asm:asm:jar:5.0.4 from the shaded jar.
[INFO] Including commons-codec:commons-codec:jar:1.10 in the shaded jar.
[INFO] Excluding org.apache.commons:commons-lang3:jar:3.3.2 from the shaded jar.
[INFO] Excluding commons-io:commons-io:jar:2.4 from the shaded jar.
[INFO] Including joda-time:joda-time:jar:2.5 in the shaded jar.
[INFO] Including com.ibm.icu:icu4j:jar:65.1 in the shaded jar.
[INFO] Excluding org.apache.flink:flink-runtime_2.11:jar:1.12-SNAPSHOT from the shaded jar.
[INFO] Excluding org.apache.flink:flink-queryable-state-client-java:jar:1.12-SNAPSHOT from the shaded jar.
[INFO] Excluding org.apache.flink:flink-hadoop-fs:jar:1.12-SNAPSHOT from the shaded jar.
[INFO] Excluding org.apache.flink:flink-shaded-netty:jar:4.1.39.Final-10.0 from the shaded jar.
[INFO] Excluding org.apache.flink:flink-shaded-zookeeper-3:jar:3.4.10-10.0 from the shaded jar.
[INFO] Excluding commons-cli:commons-cli:jar:1.3.1 from the shaded jar.
[INFO] Excluding org.javassist:javassist:jar:3.24.0-GA from the shaded jar.
[INFO] Excluding com.typesafe.akka:akka-actor_2.11:jar:2.5.21 from the shaded jar.
[INFO] Excluding com.typesafe:config:jar:1.3.0 from the shaded jar.
[INFO] Excluding org.scala-lang.modules:scala-java8-compat_2.11:jar:0.7.0 from the shaded jar.
[INFO] Excluding com.typesafe.akka:akka-remote_2.11:jar:2.5.21 from the shaded jar.
[INFO] Excluding com.typesafe.akka:akka-stream_2.11:jar:2.5.21 from the shaded jar.
[INFO] Excluding org.reactivestreams:reactive-streams:jar:1.0.2 from the shaded jar.
[INFO] Excluding com.typesafe:ssl-config-core_2.11:jar:0.3.7 from the shaded jar.
[INFO] Excluding com.typesafe.akka:akka-protobuf_2.11:jar:2.5.21 from the shaded jar.
[INFO] Excluding com.typesafe.akka:akka-slf4j_2.11:jar:2.5.21 from the shaded jar.
[INFO] Excluding org.clapper:grizzled-slf4j_2.11:jar:1.3.2 from the shaded jar.
[INFO] Excluding com.github.scopt:scopt_2.11:jar:3.5.0 from the shaded jar.
[INFO] Excluding org.xerial.snappy:snappy-java:jar:1.1.4 from the shaded jar.
[INFO] Excluding com.twitter:chill_2.11:jar:0.7.6 from the shaded jar.
[INFO] Excluding com.twitter:chill-java:jar:0.7.6 from the shaded jar.
[INFO] Excluding org.lz4:lz4-java:jar:1.5.0 from the shaded jar.
[INFO] Excluding io.netty:netty:jar:3.10.6.Final from the shaded jar.
[INFO] Excluding org.apache.flink:flink-metrics-core:jar:1.12-SNAPSHOT from the shaded jar.
[INFO] Excluding com.esotericsoftware.kryo:kryo:jar:2.24.0 from the shaded jar.
[INFO] Excluding com.esotericsoftware.minlog:minlog:jar:1.2 from the shaded jar.
[INFO] Excluding commons-collections:commons-collections:jar:3.2.2 from the shaded jar.
[INFO] Excluding org.apache.commons:commons-compress:jar:1.20 from the shaded jar.
[INFO] Excluding org.apache.commons:commons-math3:jar:3.5 from the shaded jar.
[INFO] Including org.apache.flink:force-shading:jar:1.12-SNAPSHOT in the shaded jar.
[INFO] Excluding org.slf4j:slf4j-api:jar:1.7.15 from the shaded jar.
[INFO] Excluding com.google.code.findbugs:jsr305:jar:1.3.9 from the shaded jar.
[INFO] Excluding org.objenesis:objenesis:jar:2.1 from the shaded jar.
[WARNING] Discovered module-info.class. Shading will break its strong encapsulation.
[WARNING] Discovered module-info.class. Shading will break its strong encapsulation.
[WARNING] Discovered module-info.class. Shading will break its strong encapsulation.
[WARNING] flink-table-planner_2.11-1.12-SNAPSHOT.jar, calcite-core-1.22.0.jar define 3 overlapping classes: 
[WARNING]   - org.apache.calcite.sql.validate.ProcedureNamespace
[WARNING]   - org.apache.calcite.sql2rel.AuxiliaryConverter$Impl
[WARNING]   - org.apache.calcite.sql2rel.AuxiliaryConverter
[WARNING] maven-shade-plugin has detected that some class files are
[WARNING] present in two or more JARs. When this happens, only one
[WARNING] single version of the class is copied to the uber jar.
[WARNING] Usually this is not harmful and you can skip these warnings,
[WARNING] otherwise try to manually exclude artifacts based on
[WARNING] mvn dependency:tree -Ddetail=true and the above output.
[WARNING] See http://maven.apache.org/plugins/maven-shade-plugin/
[INFO] Replacing original artifact with shaded artifact.
[INFO] Replacing /home/runner/work/sonar-analysis/sonar-analysis/project/flink-table/flink-table-planner/target/flink-table-planner_2.11-1.12-SNAPSHOT.jar with /home/runner/work/sonar-analysis/sonar-analysis/project/flink-table/flink-table-planner/target/flink-table-planner_2.11-1.12-SNAPSHOT-shaded.jar
[INFO] Dependency-reduced POM written at: /home/runner/work/sonar-analysis/sonar-analysis/project/flink-table/flink-table-planner/target/dependency-reduced-pom.xml
[INFO] 
[INFO] --- surefire:2.22.1:test (integration-tests) @ flink-table-planner_2.11 ---
[INFO] Tests are skipped.
[INFO] 
[INFO] --- scalastyle:1.0.0:check (default) @ flink-table-planner_2.11 ---
Saving to outputFile=/home/runner/work/sonar-analysis/sonar-analysis/project/flink-table/flink-table-planner/target/scalastyle-output.xml
Processed 655 file(s)
Found 0 errors
Found 0 warnings
Found 0 infos
Finished in 3826 ms
[INFO] 
[INFO] --- install:2.5.2:install (default-install) @ flink-table-planner_2.11 ---
[INFO] Installing /home/runner/work/sonar-analysis/sonar-analysis/project/flink-table/flink-table-planner/target/flink-table-planner_2.11-1.12-SNAPSHOT.jar to /home/runner/.m2/repository/org/apache/flink/flink-table-planner_2.11/1.12-SNAPSHOT/flink-table-planner_2.11-1.12-SNAPSHOT.jar
[INFO] Installing /home/runner/work/sonar-analysis/sonar-analysis/project/flink-table/flink-table-planner/target/dependency-reduced-pom.xml to /home/runner/.m2/repository/org/apache/flink/flink-table-planner_2.11/1.12-SNAPSHOT/flink-table-planner_2.11-1.12-SNAPSHOT.pom
[INFO] Installing /home/runner/work/sonar-analysis/sonar-analysis/project/flink-table/flink-table-planner/target/flink-table-planner_2.11-1.12-SNAPSHOT-tests.jar to /home/runner/.m2/repository/org/apache/flink/flink-table-planner_2.11/1.12-SNAPSHOT/flink-table-planner_2.11-1.12-SNAPSHOT-tests.jar
[INFO] 
[INFO] ---------------< org.apache.flink:flink-sql-parser-hive >---------------
[INFO] Building flink-sql-parser-hive 1.12-SNAPSHOT                    [48/182]
[INFO]   from flink-table/flink-sql-parser-hive/pom.xml
[INFO] --------------------------------[ jar ]---------------------------------
[INFO] 
[INFO] --- clean:3.1.0:clean (default-clean) @ flink-sql-parser-hive ---
[INFO] Deleting /home/runner/work/sonar-analysis/sonar-analysis/project/flink-table/flink-sql-parser-hive/target
[INFO] 
[INFO] --- checkstyle:2.17:check (validate) @ flink-sql-parser-hive ---
[INFO] 
[INFO] --- enforcer:3.0.0-M1:enforce (enforce-maven-version) @ flink-sql-parser-hive ---
[INFO] Skipping Rule Enforcement.
[INFO] 
[INFO] --- enforcer:3.0.0-M1:enforce (enforce-maven) @ flink-sql-parser-hive ---
[INFO] Skipping Rule Enforcement.
[INFO] 
[INFO] --- enforcer:3.0.0-M1:enforce (ban-unsafe-jackson) @ flink-sql-parser-hive ---
[INFO] Skipping Rule Enforcement.
[INFO] 
[INFO] --- enforcer:3.0.0-M1:enforce (forbid-log4j-1) @ flink-sql-parser-hive ---
[INFO] Skipping Rule Enforcement.
[INFO] 
[INFO] --- enforcer:3.0.0-M1:enforce (enforce-versions) @ flink-sql-parser-hive ---
[INFO] Skipping Rule Enforcement.
[INFO] 
[INFO] --- dependency:3.1.1:unpack (unpack-parser-template) @ flink-sql-parser-hive ---
[INFO] Configured Artifact: org.apache.calcite:calcite-core:?:jar
[INFO] Unpacking /home/runner/.m2/repository/org/apache/calcite/calcite-core/1.22.0/calcite-core-1.22.0.jar to /home/runner/work/sonar-analysis/sonar-analysis/project/flink-table/flink-sql-parser-hive/target with includes "**/Parser.jj" and excludes ""
[INFO] 
[INFO] --- resources:3.1.0:copy-resources (copy-fmpp-resources) @ flink-sql-parser-hive ---
[INFO] Using 'UTF-8' encoding to copy filtered resources.
[INFO] Copying 4 resources
[INFO] 
[INFO] --- directory:0.1:highest-basedir (directories) @ flink-sql-parser-hive ---
[INFO] Highest basedir set to: /home/runner/work/sonar-analysis/sonar-analysis/project
[INFO] 
[INFO] --- fmpp:1.0:generate (generate-fmpp-sources) @ flink-sql-parser-hive ---
- Executing: Parser.jj
[INFO] Done
[INFO] 
[INFO] --- javacc:2.4:javacc (javacc) @ flink-sql-parser-hive ---
Java Compiler Compiler Version 4.0 (Parser Generator)
(type "javacc" with no arguments for help)
Reading from file /home/runner/work/sonar-analysis/sonar-analysis/project/flink-table/flink-sql-parser-hive/target/generated-sources/javacc/Parser.jj . . .
Note: UNICODE_INPUT option is specified. Please make sure you create the parser/lexer using a Reader with the correct character encoding.
File "TokenMgrError.java" does not exist.  Will create one.
File "ParseException.java" does not exist.  Will create one.
File "Token.java" does not exist.  Will create one.
File "SimpleCharStream.java" does not exist.  Will create one.
Parser generated successfully.
[INFO] Processed 1 grammar
[INFO] 
[INFO] --- remote-resources:1.5:process (process-resource-bundles) @ flink-sql-parser-hive ---
[INFO] 
[INFO] --- resources:3.1.0:resources (default-resources) @ flink-sql-parser-hive ---
[INFO] Using 'UTF-8' encoding to copy filtered resources.
[INFO] skip non existing resourceDirectory /home/runner/work/sonar-analysis/sonar-analysis/project/flink-table/flink-sql-parser-hive/src/main/resources
[INFO] Copying 3 resources
[INFO] 
[INFO] --- compiler:3.8.0:compile (default-compile) @ flink-sql-parser-hive ---
[INFO] Compiling 33 source files to /home/runner/work/sonar-analysis/sonar-analysis/project/flink-table/flink-sql-parser-hive/target/classes
[INFO] /home/runner/work/sonar-analysis/sonar-analysis/project/flink-table/flink-sql-parser-hive/target/generated-sources/org/apache/flink/sql/parser/hive/impl/FlinkHiveSqlParserImpl.java: /home/runner/work/sonar-analysis/sonar-analysis/project/flink-table/flink-sql-parser-hive/target/generated-sources/org/apache/flink/sql/parser/hive/impl/FlinkHiveSqlParserImpl.java uses unchecked or unsafe operations.
[INFO] /home/runner/work/sonar-analysis/sonar-analysis/project/flink-table/flink-sql-parser-hive/target/generated-sources/org/apache/flink/sql/parser/hive/impl/FlinkHiveSqlParserImpl.java: Recompile with -Xlint:unchecked for details.
[INFO] 
[INFO] --- resources:3.1.0:testResources (default-testResources) @ flink-sql-parser-hive ---
[INFO] Using 'UTF-8' encoding to copy filtered resources.
[INFO] skip non existing resourceDirectory /home/runner/work/sonar-analysis/sonar-analysis/project/flink-table/flink-sql-parser-hive/src/test/resources
[INFO] Copying 3 resources
[INFO] 
[INFO] --- compiler:3.8.0:testCompile (default-testCompile) @ flink-sql-parser-hive ---
[INFO] Compiling 8 source files to /home/runner/work/sonar-analysis/sonar-analysis/project/flink-table/flink-sql-parser-hive/target/test-classes
[INFO] /home/runner/work/sonar-analysis/sonar-analysis/project/flink-table/flink-sql-parser-hive/target/generated-sources/org/apache/flink/sql/parser/hive/impl/FlinkHiveSqlParserImpl.java: /home/runner/work/sonar-analysis/sonar-analysis/project/flink-table/flink-sql-parser-hive/target/generated-sources/org/apache/flink/sql/parser/hive/impl/FlinkHiveSqlParserImpl.java uses unchecked or unsafe operations.
[INFO] /home/runner/work/sonar-analysis/sonar-analysis/project/flink-table/flink-sql-parser-hive/target/generated-sources/org/apache/flink/sql/parser/hive/impl/FlinkHiveSqlParserImpl.java: Recompile with -Xlint:unchecked for details.
[INFO] 
[INFO] --- surefire:2.22.1:test (default-test) @ flink-sql-parser-hive ---
[INFO] Tests are skipped.
[INFO] 
[INFO] --- jar:2.4:jar (default-jar) @ flink-sql-parser-hive ---
[INFO] Building jar: /home/runner/work/sonar-analysis/sonar-analysis/project/flink-table/flink-sql-parser-hive/target/flink-sql-parser-hive-1.12-SNAPSHOT.jar
[INFO] 
[INFO] --- shade:3.2.1:shade (shade-flink) @ flink-sql-parser-hive ---
[INFO] Including org.apache.flink:force-shading:jar:1.12-SNAPSHOT in the shaded jar.
[INFO] Excluding org.slf4j:slf4j-api:jar:1.7.15 from the shaded jar.
[INFO] Excluding com.google.code.findbugs:jsr305:jar:1.3.9 from the shaded jar.
[INFO] No artifact matching filter io.netty:netty
[INFO] Replacing original artifact with shaded artifact.
[INFO] Replacing /home/runner/work/sonar-analysis/sonar-analysis/project/flink-table/flink-sql-parser-hive/target/flink-sql-parser-hive-1.12-SNAPSHOT.jar with /home/runner/work/sonar-analysis/sonar-analysis/project/flink-table/flink-sql-parser-hive/target/flink-sql-parser-hive-1.12-SNAPSHOT-shaded.jar
[INFO] Replacing original test artifact with shaded test artifact.
[INFO] Replacing /home/runner/work/sonar-analysis/sonar-analysis/project/flink-table/flink-sql-parser-hive/target/flink-sql-parser-hive-1.12-SNAPSHOT-tests.jar with /home/runner/work/sonar-analysis/sonar-analysis/project/flink-table/flink-sql-parser-hive/target/flink-sql-parser-hive-1.12-SNAPSHOT-shaded-tests.jar
[INFO] Dependency-reduced POM written at: /home/runner/work/sonar-analysis/sonar-analysis/project/flink-table/flink-sql-parser-hive/target/dependency-reduced-pom.xml
[INFO] 
[INFO] --- surefire:2.22.1:test (integration-tests) @ flink-sql-parser-hive ---
[INFO] Tests are skipped.
[INFO] 
[INFO] --- install:2.5.2:install (default-install) @ flink-sql-parser-hive ---
[INFO] Installing /home/runner/work/sonar-analysis/sonar-analysis/project/flink-table/flink-sql-parser-hive/target/flink-sql-parser-hive-1.12-SNAPSHOT.jar to /home/runner/.m2/repository/org/apache/flink/flink-sql-parser-hive/1.12-SNAPSHOT/flink-sql-parser-hive-1.12-SNAPSHOT.jar
[INFO] Installing /home/runner/work/sonar-analysis/sonar-analysis/project/flink-table/flink-sql-parser-hive/target/dependency-reduced-pom.xml to /home/runner/.m2/repository/org/apache/flink/flink-sql-parser-hive/1.12-SNAPSHOT/flink-sql-parser-hive-1.12-SNAPSHOT.pom
[INFO] Installing /home/runner/work/sonar-analysis/sonar-analysis/project/flink-table/flink-sql-parser-hive/target/flink-sql-parser-hive-1.12-SNAPSHOT-tests.jar to /home/runner/.m2/repository/org/apache/flink/flink-sql-parser-hive/1.12-SNAPSHOT/flink-sql-parser-hive-1.12-SNAPSHOT-tests.jar
[INFO] 
[INFO] ----------< org.apache.flink:flink-table-runtime-blink_2.11 >-----------
[INFO] Building flink-table-runtime-blink 1.12-SNAPSHOT                [49/182]
[INFO]   from flink-table/flink-table-runtime-blink/pom.xml
[INFO] --------------------------------[ jar ]---------------------------------
[INFO] 
[INFO] --- clean:3.1.0:clean (default-clean) @ flink-table-runtime-blink_2.11 ---
[INFO] Deleting /home/runner/work/sonar-analysis/sonar-analysis/project/flink-table/flink-table-runtime-blink/target
[INFO] 
[INFO] --- checkstyle:2.17:check (validate) @ flink-table-runtime-blink_2.11 ---
[INFO] 
[INFO] --- enforcer:3.0.0-M1:enforce (enforce-maven-version) @ flink-table-runtime-blink_2.11 ---
[INFO] Skipping Rule Enforcement.
[INFO] 
[INFO] --- enforcer:3.0.0-M1:enforce (enforce-maven) @ flink-table-runtime-blink_2.11 ---
[INFO] Skipping Rule Enforcement.
[INFO] 
[INFO] --- enforcer:3.0.0-M1:enforce (ban-unsafe-jackson) @ flink-table-runtime-blink_2.11 ---
[INFO] Skipping Rule Enforcement.
[INFO] 
[INFO] --- enforcer:3.0.0-M1:enforce (forbid-log4j-1) @ flink-table-runtime-blink_2.11 ---
[INFO] Skipping Rule Enforcement.
[INFO] 
[INFO] --- enforcer:3.0.0-M1:enforce (enforce-versions) @ flink-table-runtime-blink_2.11 ---
[INFO] Skipping Rule Enforcement.
[INFO] 
[INFO] --- directory:0.1:highest-basedir (directories) @ flink-table-runtime-blink_2.11 ---
[INFO] Highest basedir set to: /home/runner/work/sonar-analysis/sonar-analysis/project
[INFO] 
[INFO] --- remote-resources:1.5:process (process-resource-bundles) @ flink-table-runtime-blink_2.11 ---
[INFO] 
[INFO] --- resources:3.1.0:resources (default-resources) @ flink-table-runtime-blink_2.11 ---
[INFO] Using 'UTF-8' encoding to copy filtered resources.
[INFO] Copying 1 resource
[INFO] Copying 3 resources
[INFO] 
[INFO] --- compiler:3.8.0:compile (default-compile) @ flink-table-runtime-blink_2.11 ---
[INFO] Compiling 391 source files to /home/runner/work/sonar-analysis/sonar-analysis/project/flink-table/flink-table-runtime-blink/target/classes
[WARNING] /home/runner/work/sonar-analysis/sonar-analysis/project/flink-table/flink-table-runtime-blink/src/main/java/org/apache/flink/table/data/vector/heap/AbstractHeapVector.java:[34,37] sun.misc.Unsafe is internal proprietary API and may be removed in a future release
[WARNING] /home/runner/work/sonar-analysis/sonar-analysis/project/flink-table/flink-table-runtime-blink/src/main/java/org/apache/flink/table/data/binary/BinaryRowDataUtil.java:[30,37] sun.misc.Unsafe is internal proprietary API and may be removed in a future release
[INFO] /home/runner/work/sonar-analysis/sonar-analysis/project/flink-table/flink-table-runtime-blink/src/main/java/org/apache/flink/table/runtime/connector/sink/SinkRuntimeProviderContext.java: Some input files use or override a deprecated API.
[INFO] /home/runner/work/sonar-analysis/sonar-analysis/project/flink-table/flink-table-runtime-blink/src/main/java/org/apache/flink/table/runtime/connector/sink/SinkRuntimeProviderContext.java: Recompile with -Xlint:deprecation for details.
[INFO] /home/runner/work/sonar-analysis/sonar-analysis/project/flink-table/flink-table-runtime-blink/src/main/java/org/apache/flink/table/runtime/hashtable/LongHybridHashTable.java: Some input files use unchecked or unsafe operations.
[INFO] /home/runner/work/sonar-analysis/sonar-analysis/project/flink-table/flink-table-runtime-blink/src/main/java/org/apache/flink/table/runtime/hashtable/LongHybridHashTable.java: Recompile with -Xlint:unchecked for details.
[INFO] 
[INFO] --- resources:3.1.0:testResources (default-testResources) @ flink-table-runtime-blink_2.11 ---
[INFO] Using 'UTF-8' encoding to copy filtered resources.
[INFO] Copying 1 resource
[INFO] Copying 3 resources
[INFO] 
[INFO] --- compiler:3.8.0:testCompile (default-testCompile) @ flink-table-runtime-blink_2.11 ---
[INFO] Compiling 103 source files to /home/runner/work/sonar-analysis/sonar-analysis/project/flink-table/flink-table-runtime-blink/target/test-classes
[INFO] /home/runner/work/sonar-analysis/sonar-analysis/project/flink-table/flink-table-runtime-blink/src/test/java/org/apache/flink/table/runtime/operators/window/assigners/SessionWindowAssignerTest.java: Some input files use or override a deprecated API.
[INFO] /home/runner/work/sonar-analysis/sonar-analysis/project/flink-table/flink-table-runtime-blink/src/test/java/org/apache/flink/table/runtime/operators/window/assigners/SessionWindowAssignerTest.java: Recompile with -Xlint:deprecation for details.
[INFO] /home/runner/work/sonar-analysis/sonar-analysis/project/flink-table/flink-table-runtime-blink/src/test/java/org/apache/flink/table/runtime/generated/GeneratedCollectorWrapper.java: Some input files use unchecked or unsafe operations.
[INFO] /home/runner/work/sonar-analysis/sonar-analysis/project/flink-table/flink-table-runtime-blink/src/test/java/org/apache/flink/table/runtime/generated/GeneratedCollectorWrapper.java: Recompile with -Xlint:unchecked for details.
[INFO] 
[INFO] --- surefire:2.22.1:test (default-test) @ flink-table-runtime-blink_2.11 ---
[INFO] Tests are skipped.
[INFO] 
[INFO] --- jar:2.4:jar (default-jar) @ flink-table-runtime-blink_2.11 ---
[INFO] Building jar: /home/runner/work/sonar-analysis/sonar-analysis/project/flink-table/flink-table-runtime-blink/target/flink-table-runtime-blink_2.11-1.12-SNAPSHOT.jar
[INFO] 
[INFO] --- jar:2.4:test-jar (default) @ flink-table-runtime-blink_2.11 ---
[INFO] Building jar: /home/runner/work/sonar-analysis/sonar-analysis/project/flink-table/flink-table-runtime-blink/target/flink-table-runtime-blink_2.11-1.12-SNAPSHOT-tests.jar
[INFO] 
[INFO] --- shade:3.2.1:shade (shade-flink) @ flink-table-runtime-blink_2.11 ---
[INFO] Excluding org.apache.flink:flink-table-common:jar:1.12-SNAPSHOT from the shaded jar.
[INFO] Excluding org.apache.flink:flink-core:jar:1.12-SNAPSHOT from the shaded jar.
[INFO] Excluding org.apache.flink:flink-shaded-asm-7:jar:7.1-10.0 from the shaded jar.
[INFO] Excluding org.apache.flink:flink-table-api-java:jar:1.12-SNAPSHOT from the shaded jar.
[INFO] Excluding org.apache.flink:flink-table-api-java-bridge_2.11:jar:1.12-SNAPSHOT from the shaded jar.
[INFO] Excluding org.apache.flink:flink-java:jar:1.12-SNAPSHOT from the shaded jar.
[INFO] Excluding org.apache.flink:flink-shaded-guava:jar:18.0-10.0 from the shaded jar.
[INFO] Excluding org.apache.commons:commons-math3:jar:3.5 from the shaded jar.
[INFO] Excluding org.codehaus.janino:janino:jar:3.0.9 from the shaded jar.
[INFO] Excluding org.codehaus.janino:commons-compiler:jar:3.0.9 from the shaded jar.
[INFO] Excluding org.apache.calcite.avatica:avatica-core:jar:1.16.0 from the shaded jar.
[INFO] Excluding org.apache.flink:flink-annotations:jar:1.12-SNAPSHOT from the shaded jar.
[INFO] Excluding org.apache.flink:flink-metrics-core:jar:1.12-SNAPSHOT from the shaded jar.
[INFO] Excluding org.apache.commons:commons-lang3:jar:3.3.2 from the shaded jar.
[INFO] Excluding com.esotericsoftware.kryo:kryo:jar:2.24.0 from the shaded jar.
[INFO] Excluding com.esotericsoftware.minlog:minlog:jar:1.2 from the shaded jar.
[INFO] Excluding commons-collections:commons-collections:jar:3.2.2 from the shaded jar.
[INFO] Excluding org.apache.commons:commons-compress:jar:1.20 from the shaded jar.
[INFO] Including org.apache.flink:force-shading:jar:1.12-SNAPSHOT in the shaded jar.
[INFO] Excluding org.slf4j:slf4j-api:jar:1.7.15 from the shaded jar.
[INFO] Excluding com.google.code.findbugs:jsr305:jar:1.3.9 from the shaded jar.
[INFO] Excluding org.objenesis:objenesis:jar:2.1 from the shaded jar.
[INFO] No artifact matching filter io.netty:netty
[INFO] Replacing original artifact with shaded artifact.
[INFO] Replacing /home/runner/work/sonar-analysis/sonar-analysis/project/flink-table/flink-table-runtime-blink/target/flink-table-runtime-blink_2.11-1.12-SNAPSHOT.jar with /home/runner/work/sonar-analysis/sonar-analysis/project/flink-table/flink-table-runtime-blink/target/flink-table-runtime-blink_2.11-1.12-SNAPSHOT-shaded.jar
[INFO] Replacing original test artifact with shaded test artifact.
[INFO] Replacing /home/runner/work/sonar-analysis/sonar-analysis/project/flink-table/flink-table-runtime-blink/target/flink-table-runtime-blink_2.11-1.12-SNAPSHOT-tests.jar with /home/runner/work/sonar-analysis/sonar-analysis/project/flink-table/flink-table-runtime-blink/target/flink-table-runtime-blink_2.11-1.12-SNAPSHOT-shaded-tests.jar
[INFO] Dependency-reduced POM written at: /home/runner/work/sonar-analysis/sonar-analysis/project/flink-table/flink-table-runtime-blink/target/dependency-reduced-pom.xml
[INFO] 
[INFO] --- surefire:2.22.1:test (integration-tests) @ flink-table-runtime-blink_2.11 ---
[INFO] Tests are skipped.
[INFO] 
[INFO] --- install:2.5.2:install (default-install) @ flink-table-runtime-blink_2.11 ---
[INFO] Installing /home/runner/work/sonar-analysis/sonar-analysis/project/flink-table/flink-table-runtime-blink/target/flink-table-runtime-blink_2.11-1.12-SNAPSHOT.jar to /home/runner/.m2/repository/org/apache/flink/flink-table-runtime-blink_2.11/1.12-SNAPSHOT/flink-table-runtime-blink_2.11-1.12-SNAPSHOT.jar
[INFO] Installing /home/runner/work/sonar-analysis/sonar-analysis/project/flink-table/flink-table-runtime-blink/target/dependency-reduced-pom.xml to /home/runner/.m2/repository/org/apache/flink/flink-table-runtime-blink_2.11/1.12-SNAPSHOT/flink-table-runtime-blink_2.11-1.12-SNAPSHOT.pom
[INFO] Installing /home/runner/work/sonar-analysis/sonar-analysis/project/flink-table/flink-table-runtime-blink/target/flink-table-runtime-blink_2.11-1.12-SNAPSHOT-tests.jar to /home/runner/.m2/repository/org/apache/flink/flink-table-runtime-blink_2.11/1.12-SNAPSHOT/flink-table-runtime-blink_2.11-1.12-SNAPSHOT-tests.jar
[INFO] Installing /home/runner/work/sonar-analysis/sonar-analysis/project/flink-table/flink-table-runtime-blink/target/flink-table-runtime-blink_2.11-1.12-SNAPSHOT-tests.jar to /home/runner/.m2/repository/org/apache/flink/flink-table-runtime-blink_2.11/1.12-SNAPSHOT/flink-table-runtime-blink_2.11-1.12-SNAPSHOT-tests.jar
[INFO] 
[INFO] ----------< org.apache.flink:flink-table-planner-blink_2.11 >-----------
[INFO] Building flink-table-planner-blink 1.12-SNAPSHOT                [50/182]
[INFO]   from flink-table/flink-table-planner-blink/pom.xml
[INFO] --------------------------------[ jar ]---------------------------------
[INFO] 
[INFO] --- clean:3.1.0:clean (default-clean) @ flink-table-planner-blink_2.11 ---
[INFO] Deleting /home/runner/work/sonar-analysis/sonar-analysis/project/flink-table/flink-table-planner-blink/target
[INFO] 
[INFO] --- checkstyle:2.17:check (validate) @ flink-table-planner-blink_2.11 ---
[INFO] 
[INFO] --- enforcer:3.0.0-M1:enforce (enforce-maven-version) @ flink-table-planner-blink_2.11 ---
[INFO] Skipping Rule Enforcement.
[INFO] 
[INFO] --- enforcer:3.0.0-M1:enforce (enforce-maven) @ flink-table-planner-blink_2.11 ---
[INFO] Skipping Rule Enforcement.
[INFO] 
[INFO] --- enforcer:3.0.0-M1:enforce (ban-unsafe-jackson) @ flink-table-planner-blink_2.11 ---
[INFO] Skipping Rule Enforcement.
[INFO] 
[INFO] --- enforcer:3.0.0-M1:enforce (forbid-log4j-1) @ flink-table-planner-blink_2.11 ---
[INFO] Skipping Rule Enforcement.
[INFO] 
[INFO] --- enforcer:3.0.0-M1:enforce (enforce-versions) @ flink-table-planner-blink_2.11 ---
[INFO] Skipping Rule Enforcement.
[INFO] 
[INFO] --- directory:0.1:highest-basedir (directories) @ flink-table-planner-blink_2.11 ---
[INFO] Highest basedir set to: /home/runner/work/sonar-analysis/sonar-analysis/project
[INFO] 
[INFO] --- remote-resources:1.5:process (process-resource-bundles) @ flink-table-planner-blink_2.11 ---
[INFO] 
[INFO] --- resources:3.1.0:resources (default-resources) @ flink-table-planner-blink_2.11 ---
[INFO] Using 'UTF-8' encoding to copy filtered resources.
[INFO] Copying 3 resources
[INFO] Copying 3 resources
[INFO] 
[INFO] --- scala:3.2.2:add-source (scala-compile-first) @ flink-table-planner-blink_2.11 ---
[INFO] Add Source directory: /home/runner/work/sonar-analysis/sonar-analysis/project/flink-table/flink-table-planner-blink/src/main/scala
[INFO] Add Test Source directory: /home/runner/work/sonar-analysis/sonar-analysis/project/flink-table/flink-table-planner-blink/src/test/scala
[INFO] 
[INFO] --- scala:3.2.2:compile (scala-compile-first) @ flink-table-planner-blink_2.11 ---
[INFO] /home/runner/work/sonar-analysis/sonar-analysis/project/flink-table/flink-table-planner-blink/src/main/java:-1: info: compiling
[INFO] /home/runner/work/sonar-analysis/sonar-analysis/project/flink-table/flink-table-planner-blink/src/main/scala:-1: info: compiling
[INFO] Compiling 636 source files to /home/runner/work/sonar-analysis/sonar-analysis/project/flink-table/flink-table-planner-blink/target/classes at 1783246229462
[WARNING] /home/runner/work/sonar-analysis/sonar-analysis/project/flink-table/flink-table-planner-blink/src/main/scala/org/apache/flink/table/planner/plan/nodes/physical/batch/BatchExecLegacySink.scala:130: warning: non-variable type argument org.apache.flink.table.data.RowData in type pattern org.apache.flink.table.planner.plan.nodes.exec.BatchExecNode[org.apache.flink.table.data.RowData] is unchecked since it is eliminated by erasure
[WARNING]       case node: BatchExecNode[RowData] =>
[WARNING]                  ^
[WARNING] /home/runner/work/sonar-analysis/sonar-analysis/project/flink-table/flink-table-planner-blink/src/main/scala/org/apache/flink/table/planner/plan/nodes/physical/batch/BatchExecSink.scala:81: warning: non-variable type argument org.apache.flink.table.data.RowData in type pattern org.apache.flink.table.planner.plan.nodes.exec.BatchExecNode[org.apache.flink.table.data.RowData] is unchecked since it is eliminated by erasure
[WARNING]       case node: BatchExecNode[RowData] => node.translateToPlan(planner)
[WARNING]                  ^
[WARNING] /home/runner/work/sonar-analysis/sonar-analysis/project/flink-table/flink-table-planner-blink/src/main/scala/org/apache/flink/table/planner/plan/nodes/physical/stream/StreamExecLegacySink.scala:157: warning: non-variable type argument org.apache.flink.table.data.RowData in type pattern org.apache.flink.table.planner.plan.nodes.exec.StreamExecNode[org.apache.flink.table.data.RowData] is unchecked since it is eliminated by erasure
[WARNING]       case node: StreamExecNode[RowData] =>
[WARNING]                  ^
[WARNING] /home/runner/work/sonar-analysis/sonar-analysis/project/flink-table/flink-table-planner-blink/src/main/scala/org/apache/flink/table/planner/plan/nodes/physical/stream/StreamExecSink.scala:78: warning: non-variable type argument org.apache.flink.table.data.RowData in type pattern org.apache.flink.table.planner.plan.nodes.exec.StreamExecNode[org.apache.flink.table.data.RowData] is unchecked since it is eliminated by erasure
[WARNING]       case node: StreamExecNode[RowData] =>
[WARNING]                  ^
[WARNING] /home/runner/work/sonar-analysis/sonar-analysis/project/flink-table/flink-table-planner-blink/src/main/scala/org/apache/flink/table/planner/plan/utils/WindowJoinUtil.scala:399: warning: This catches all Throwables. If this is really intended, use `case e : Throwable` to clear this warning.
[WARNING]           case e =>
[WARNING]                ^
[WARNING] /home/runner/work/sonar-analysis/sonar-analysis/project/flink-table/flink-table-planner-blink/src/main/scala/org/apache/flink/table/planner/sinks/TableSinkUtils.scala:321: warning: non-variable type argument org.apache.flink.types.Row in type pattern org.apache.flink.api.java.typeutils.GenericTypeInfo[org.apache.flink.types.Row] is unchecked since it is eliminated by erasure
[WARNING]       case gt: GenericTypeInfo[Row] if gt.getTypeClass == classOf[Row] =>
[WARNING]                ^
[WARNING] /home/runner/work/sonar-analysis/sonar-analysis/project/flink-table/flink-table-planner-blink/src/main/scala/org/apache/flink/table/planner/sinks/TableSinkUtils.scala:323: warning: non-variable type argument org.apache.flink.table.data.RowData in type pattern org.apache.flink.api.java.typeutils.GenericTypeInfo[org.apache.flink.table.data.RowData] is unchecked since it is eliminated by erasure
[WARNING]       case gt: GenericTypeInfo[RowData] if gt.getTypeClass == classOf[RowData] =>
[WARNING]                ^
[WARNING] /home/runner/work/sonar-analysis/sonar-analysis/project/flink-table/flink-table-planner-blink/src/main/scala/org/apache/flink/table/planner/codegen/CodeGenUtils.scala:181: warning: match may not be exhaustive.
[WARNING] It would fail on the following inputs: DISTINCT_TYPE, STRUCTURED_TYPE, SYMBOL, TIMESTAMP_WITH_TIME_ZONE, UNRESOLVED
[WARNING]   def boxedTypeTermForType(t: LogicalType): String = t.getTypeRoot match {
[WARNING]                                                        ^
[WARNING] /home/runner/work/sonar-analysis/sonar-analysis/project/flink-table/flink-table-planner-blink/src/main/scala/org/apache/flink/table/planner/codegen/CodeGenUtils.scala:240: warning: match may not be exhaustive.
[WARNING] It would fail on the following inputs: DISTINCT_TYPE, MAP, MULTISET, NULL, STRUCTURED_TYPE, SYMBOL, TIMESTAMP_WITH_TIME_ZONE, UNRESOLVED
[WARNING]       ctx: CodeGeneratorContext, t: LogicalType, term: String): String = t.getTypeRoot match {
[WARNING]                                                                            ^
[WARNING] /home/runner/work/sonar-analysis/sonar-analysis/project/flink-table/flink-table-planner-blink/src/main/scala/org/apache/flink/table/planner/codegen/CodeGenUtils.scala:427: warning: match may not be exhaustive.
[WARNING] It would fail on the following inputs: DISTINCT_TYPE, NULL, STRUCTURED_TYPE, SYMBOL, TIMESTAMP_WITH_TIME_ZONE, UNRESOLVED
[WARNING]     t.getTypeRoot match {
[WARNING]       ^
[WARNING] /home/runner/work/sonar-analysis/sonar-analysis/project/flink-table/flink-table-planner-blink/src/main/scala/org/apache/flink/table/planner/codegen/CodeGenUtils.scala:672: warning: match may not be exhaustive.
[WARNING] It would fail on the following inputs: DISTINCT_TYPE, NULL, STRUCTURED_TYPE, SYMBOL, TIMESTAMP_WITH_TIME_ZONE, UNRESOLVED
[WARNING]     t.getTypeRoot match {
[WARNING]       ^
[WARNING] /home/runner/work/sonar-analysis/sonar-analysis/project/flink-table/flink-table-planner-blink/src/main/scala/org/apache/flink/table/planner/codegen/LongHashJoinGenerator.scala:231: warning: match may not be exhaustive.
[WARNING] It would fail on the following inputs: BUILD_LEFT_ANTI, BUILD_LEFT_SEMI, BUILD_OUTER, FULL_OUTER
[WARNING]     val joinCode = hashJoinType match {
[WARNING]                    ^
[WARNING] /home/runner/work/sonar-analysis/sonar-analysis/project/flink-table/flink-table-planner-blink/src/main/scala/org/apache/flink/table/planner/codegen/calls/ScalarOperatorGens.scala:172: warning: match may not be exhaustive.
[WARNING] It would fail on the following inputs: ARRAY, BIGINT, BINARY, BOOLEAN, CHAR, DISTINCT_TYPE, DOUBLE, FLOAT, INTEGER, MAP, MULTISET, RAW, ROW, SYMBOL, TIMESTAMP_WITH_LOCAL_TIME_ZONE, TIMESTAMP_WITH_TIME_ZONE, TIME_WITHOUT_TIME_ZONE, UNRESOLVED, VARBINARY, VARCHAR
[WARNING]         resultType.getTypeRoot match {
[WARNING]                    ^
[WARNING] /home/runner/work/sonar-analysis/sonar-analysis/project/flink-table/flink-table-planner-blink/src/main/scala/org/apache/flink/table/planner/codegen/calls/ScalarOperatorGens.scala:253: warning: match may not be exhaustive.
[WARNING] It would fail on the following inputs: (NULL, ARRAY), (NULL, BIGINT), (NULL, CHAR), (NULL, DATE), (NULL, DISTINCT_TYPE), (NULL, DOUBLE), (NULL, FLOAT), (NULL, INTEGER), (NULL, INTERVAL_DAY_TIME), (NULL, MAP), (NULL, MULTISET), (NULL, RAW), (NULL, ROW), (NULL, TIMESTAMP_WITH_LOCAL_TIME_ZONE), (NULL, TIMESTAMP_WITH_TIME_ZONE), (NULL, TIME_WITHOUT_TIME_ZONE), (NULL, TINYINT), (NULL, UNRESOLVED), (NULL, VARBINARY), (NULL, VARCHAR)
[WARNING]               (ll, rr) => (left.resultType.getTypeRoot, right.resultType.getTypeRoot) match {
[WARNING]                           ^
[WARNING] /home/runner/work/sonar-analysis/sonar-analysis/project/flink-table/flink-table-planner-blink/src/main/scala/org/apache/flink/table/planner/codegen/calls/ScalarOperatorGens.scala:224: warning: match may not be exhaustive.
[WARNING] It would fail on the following inputs: ARRAY, BIGINT, BOOLEAN, CHAR, DATE, DECIMAL, DISTINCT_TYPE, DOUBLE, FLOAT, INTEGER, MAP, NULL, RAW, ROW, SMALLINT, TIMESTAMP_WITHOUT_TIME_ZONE, TIMESTAMP_WITH_TIME_ZONE, TIME_WITHOUT_TIME_ZONE, TINYINT, VARBINARY
[WARNING]         resultType.getTypeRoot match {
[WARNING]                    ^
[WARNING] /home/runner/work/sonar-analysis/sonar-analysis/project/flink-table/flink-table-planner-blink/src/main/scala/org/apache/flink/table/planner/codegen/calls/ScalarOperatorGens.scala:2317: warning: match may not be exhaustive.
[WARNING] It would fail on the following inputs: ARRAY, BIGINT, BINARY, BOOLEAN, DECIMAL, DISTINCT_TYPE, DOUBLE, FLOAT, INTEGER, INTERVAL_DAY_TIME, INTERVAL_YEAR_MONTH, MAP, MULTISET, RAW, ROW, STRUCTURED_TYPE, SYMBOL, TINYINT, VARBINARY, VARCHAR
[WARNING]     fromType.getTypeRoot match {
[WARNING]              ^
[WARNING] /home/runner/work/sonar-analysis/sonar-analysis/project/flink-table/flink-table-planner-blink/src/main/scala/org/apache/flink/table/planner/codegen/calls/TimestampDiffCallGen.scala:89: warning: match may not be exhaustive.
[WARNING] It would fail on the following inputs: (BIGINT, ARRAY), (BIGINT, BIGINT), (BIGINT, BINARY), (BIGINT, CHAR), (BIGINT, DATE), (BIGINT, DECIMAL), (BIGINT, DISTINCT_TYPE), (BIGINT, DOUBLE), (BIGINT, INTEGER), (BIGINT, INTERVAL_DAY_TIME), (BIGINT, MAP), (BIGINT, MULTISET), (BIGINT, RAW), (BIGINT, ROW), (BIGINT, SMALLINT), (BIGINT, SYMBOL), (BIGINT, TIMESTAMP_WITH_TIME_ZONE), (BIGINT, TINYINT), (BIGINT, VARBINARY), (BIGINT, VARCHAR)
[WARNING]         (operands(1).resultType.getTypeRoot, operands(2).resultType.getTypeRoot) match {
[WARNING]         ^
[WARNING] /home/runner/work/sonar-analysis/sonar-analysis/project/flink-table/flink-table-planner-blink/src/main/scala/org/apache/flink/table/planner/plan/metadata/AggCallSelectivityEstimator.scala:145: warning: match may not be exhaustive.
[WARNING] It would fail on the following inputs: ALTER_TABLE, AS, CHECK, CLASSIFIER, DESCRIBE_SCHEMA, FIRST, IS_DISTINCT_FROM, IS_NOT_FALSE, NULLS_LAST, PATTERN_CONCAT, PATTERN_EXCLUDED, PATTERN_QUANTIFIER, PREV, ROLLBACK, RTRIM, SESSION_START, STDDEV_SAMP, SUM0, TIMESTAMP_DIFF, UNIQUE
[WARNING]           aggCall.getAggregation.getKind match {
[WARNING]                                  ^
[WARNING] /home/runner/work/sonar-analysis/sonar-analysis/project/flink-table/flink-table-planner-blink/src/main/scala/org/apache/flink/table/planner/plan/metadata/FlinkRelMdColumnNullCount.scala:232: warning: match may not be exhaustive.
[WARNING] It would fail on the following inputs: ANTI, FULL, INNER, SEMI
[WARNING]     rel.getJoinType match {
[WARNING]         ^
[WARNING] /home/runner/work/sonar-analysis/sonar-analysis/project/flink-table/flink-table-planner-blink/src/main/scala/org/apache/flink/table/planner/plan/metadata/FlinkRelMdRowCount.scala:271: warning: match may not be exhaustive.
[WARNING] It would fail on the following inputs: ANTI, SEMI
[WARNING]       join.getJoinType match {
[WARNING]            ^
[WARNING] /home/runner/work/sonar-analysis/sonar-analysis/project/flink-table/flink-table-planner-blink/src/main/scala/org/apache/flink/table/planner/plan/nodes/physical/batch/BatchExecHashAggregate.scala:126: warning: match may not be exhaustive.
[WARNING] It would fail on the following inputs: ANY, BROADCAST_DISTRIBUTED, RANDOM_DISTRIBUTED, RANGE_DISTRIBUTED, ROUND_ROBIN_DISTRIBUTED
[WARNING]     val inputRequiredDistribution = requiredDistribution.getType match {
[WARNING]                                                          ^
[WARNING] /home/runner/work/sonar-analysis/sonar-analysis/project/flink-table/flink-table-planner-blink/src/main/scala/org/apache/flink/table/planner/plan/nodes/physical/batch/BatchExecJoinBase.scala:202: warning: match may not be exhaustive.
[WARNING] It would fail on the following inputs: ANY, BROADCAST_DISTRIBUTED, RANDOM_DISTRIBUTED, ROUND_ROBIN_DISTRIBUTED, SINGLETON
[WARNING]     val inputRequiredDistribution = requiredDistribution.getType match {
[WARNING]                                                          ^
[WARNING] /home/runner/work/sonar-analysis/sonar-analysis/project/flink-table/flink-table-planner-blink/src/main/scala/org/apache/flink/table/planner/plan/nodes/physical/batch/BatchExecLocalHashAggregate.scala:114: warning: match may not be exhaustive.
[WARNING] It would fail on the following inputs: ANY, BROADCAST_DISTRIBUTED, RANDOM_DISTRIBUTED, ROUND_ROBIN_DISTRIBUTED, SINGLETON
[WARNING]     val inputRequiredDistribution = requiredDistribution.getType match {
[WARNING]                                                          ^
[WARNING] /home/runner/work/sonar-analysis/sonar-analysis/project/flink-table/flink-table-planner-blink/src/main/scala/org/apache/flink/table/planner/plan/nodes/physical/batch/BatchExecLocalSortAggregate.scala:114: warning: match may not be exhaustive.
[WARNING] It would fail on the following inputs: ANY, BROADCAST_DISTRIBUTED, RANDOM_DISTRIBUTED, ROUND_ROBIN_DISTRIBUTED, SINGLETON
[WARNING]     val inputRequiredDistribution = requiredDistribution.getType match {
[WARNING]                                                          ^
[WARNING] /home/runner/work/sonar-analysis/sonar-analysis/project/flink-table/flink-table-planner-blink/src/main/scala/org/apache/flink/table/planner/plan/nodes/physical/batch/BatchExecRank.scala:156: warning: match may not be exhaustive.
[WARNING] It would fail on the following inputs: ANY, BROADCAST_DISTRIBUTED, RANDOM_DISTRIBUTED, RANGE_DISTRIBUTED, ROUND_ROBIN_DISTRIBUTED
[WARNING]     val inputRequiredDistribution = requiredDistribution.getType match {
[WARNING]                                                          ^
[WARNING] /home/runner/work/sonar-analysis/sonar-analysis/project/flink-table/flink-table-planner-blink/src/main/scala/org/apache/flink/table/planner/plan/nodes/physical/batch/BatchExecSortAggregate.scala:127: warning: match may not be exhaustive.
[WARNING] It would fail on the following inputs: ANY, BROADCAST_DISTRIBUTED, RANDOM_DISTRIBUTED, RANGE_DISTRIBUTED, ROUND_ROBIN_DISTRIBUTED
[WARNING]     val inputRequiredDistribution = requiredDistribution.getType match {
[WARNING]                                                          ^
[WARNING] /home/runner/work/sonar-analysis/sonar-analysis/project/flink-table/flink-table-planner-blink/src/main/scala/org/apache/flink/table/planner/plan/nodes/physical/batch/BatchExecUnion.scala:86: warning: match may not be exhaustive.
[WARNING] It would fail on the following inputs: ANY, RANGE_DISTRIBUTED, SINGLETON
[WARNING]     val inputRequiredDistribution = requiredDistribution.getType match {
[WARNING]                                                          ^
[WARNING] /home/runner/work/sonar-analysis/sonar-analysis/project/flink-table/flink-table-planner-blink/src/main/scala/org/apache/flink/table/planner/plan/nodes/physical/stream/StreamExecRank.scala:155: warning: match may not be exhaustive.
[WARNING] It would fail on the following input: UndefinedStrategy
[WARNING]     val processFunction = rankStrategy match {
[WARNING]                           ^
[WARNING] /home/runner/work/sonar-analysis/sonar-analysis/project/flink-table/flink-table-planner-blink/src/main/scala/org/apache/flink/table/planner/plan/nodes/physical/stream/StreamExecSortLimit.scala:147: warning: match may not be exhaustive.
[WARNING] It would fail on the following input: UndefinedStrategy
[WARNING]     val processFunction = rankStrategy match {
[WARNING]                           ^
[WARNING] /home/runner/work/sonar-analysis/sonar-analysis/project/flink-table/flink-table-planner-blink/src/main/scala/org/apache/flink/table/planner/plan/nodes/physical/stream/StreamExecWindowJoin.scala:257: warning: match may not be exhaustive.
[WARNING] It would fail on the following inputs: ANTI, SEMI
[WARNING]     flinkJoinType match {
[WARNING]     ^
[WARNING] /home/runner/work/sonar-analysis/sonar-analysis/project/flink-table/flink-table-planner-blink/src/main/scala/org/apache/flink/table/planner/plan/optimize/program/FlinkChangelogModeInferenceProgram.scala:672: warning: match may not be exhaustive.
[WARNING] It would fail on the following input: UndefinedStrategy
[WARNING]         val requiredChildrenTrait = strategy match {
[WARNING]                                     ^
[WARNING] /home/runner/work/sonar-analysis/sonar-analysis/project/flink-table/flink-table-planner-blink/src/main/scala/org/apache/flink/table/planner/plan/rules/logical/LogicalCorrelateToJoinFromTemporalTableFunctionRule.scala:88: warning: match may not be exhaustive.
[WARNING] It would fail on the following input: Some(_)
[WARNING]       .visit(rightTableFunctionScan.getCall) match {
[WARNING]             ^
[WARNING] /home/runner/work/sonar-analysis/sonar-analysis/project/flink-table/flink-table-planner-blink/src/main/scala/org/apache/flink/table/planner/plan/utils/ColumnIntervalUtil.scala:108: warning: match may not be exhaustive.
[WARNING] It would fail on the following inputs: (None, None), (None, Some(_)), (Some(_), None)
[WARNING]         (convertNumberToString(l.upper), convertNumberToString(r.upper)) match {
[WARNING]         ^
[WARNING] /home/runner/work/sonar-analysis/sonar-analysis/project/flink-table/flink-table-planner-blink/src/main/scala/org/apache/flink/table/planner/plan/utils/ExplodeFunctionUtil.scala:174: warning: unreachable code
[WARNING]       case BasicTypeInfo.BOOLEAN_TYPE_INFO => new BooleanExplodeTableFunc
[WARNING]                                               ^
[WARNING] /home/runner/work/sonar-analysis/sonar-analysis/project/flink-table/flink-table-planner-blink/src/main/scala/org/apache/flink/table/planner/plan/utils/FlinkRelOptUtil.scala:365: warning: match may not be exhaustive.
[WARNING] It would fail on the following input: (None, None)
[WARNING]     exprs.foreach(expr => partition(expr, rexBuilder, predicate) match {
[WARNING]                                    ^
[WARNING] /home/runner/work/sonar-analysis/sonar-analysis/project/flink-table/flink-table-planner-blink/src/main/scala/org/apache/flink/table/planner/plan/utils/WindowJoinUtil.scala:102: warning: match may not be exhaustive.
[WARNING] It would fail on the following inputs: ANTI, SEMI
[WARNING]     val nullCheck = joinType match {
[WARNING]                     ^
[WARNING] /home/runner/work/sonar-analysis/sonar-analysis/project/flink-table/flink-table-planner-blink/src/main/scala/org/apache/flink/table/planner/plan/rules/logical/CalcRankTransposeRule.scala:177: warning: scala.collection.mutable.Buffer[org.apache.calcite.rel.RelFieldCollation] and java.util.List[org.apache.calcite.rel.RelFieldCollation] are unrelated: they will most likely never compare equal
[WARNING]     val newOrderKey = if (newFieldCollations.eq(oldFieldCollations)) {
[WARNING]                                                ^
[WARNING] warning: there were 151 deprecation warnings; re-run with -deprecation for details
[WARNING] warning: there were 6 unchecked warnings; re-run with -unchecked for details
[WARNING] warning: there were 40 feature warnings; re-run with -feature for details
[WARNING] 40 warnings found
[INFO] prepare-compile in 0 s
[INFO] compile in 45 s
[INFO] 
[INFO] --- compiler:3.8.0:compile (default-compile) @ flink-table-planner-blink_2.11 ---
[INFO] Compiling 148 source files to /home/runner/work/sonar-analysis/sonar-analysis/project/flink-table/flink-table-planner-blink/target/classes
[INFO] /home/runner/work/sonar-analysis/sonar-analysis/project/flink-table/flink-table-planner-blink/src/main/java/org/apache/flink/table/planner/functions/aggfunctions/FirstValueWithRetractAggFunction.java: Some input files use or override a deprecated API.
[INFO] /home/runner/work/sonar-analysis/sonar-analysis/project/flink-table/flink-table-planner-blink/src/main/java/org/apache/flink/table/planner/functions/aggfunctions/FirstValueWithRetractAggFunction.java: Recompile with -Xlint:deprecation for details.
[INFO] /home/runner/work/sonar-analysis/sonar-analysis/project/flink-table/flink-table-planner-blink/src/main/java/org/apache/flink/table/planner/functions/aggfunctions/FirstValueWithRetractAggFunction.java: Some input files use unchecked or unsafe operations.
[INFO] /home/runner/work/sonar-analysis/sonar-analysis/project/flink-table/flink-table-planner-blink/src/main/java/org/apache/flink/table/planner/functions/aggfunctions/FirstValueWithRetractAggFunction.java: Recompile with -Xlint:unchecked for details.
[INFO] 
[INFO] --- resources:3.1.0:testResources (default-testResources) @ flink-table-planner-blink_2.11 ---
[INFO] Using 'UTF-8' encoding to copy filtered resources.
[INFO] Copying 175 resources
[INFO] Copying 3 resources
[INFO] 
[INFO] --- scala:3.2.2:testCompile (scala-test-compile) @ flink-table-planner-blink_2.11 ---
[WARNING] Plugin is modifying testCompileSourceRoots through add(), which will not work in Maven 4.0.0. Use MavenProject.addTestCompileSourceRoot()/removeTestCompileSourceRoot() methods instead. If using a plugin, please upgrade to the latest version or report the issue to the plugin maintainer. To disable these warnings, set -Dmaven.project.sourceRoots.warningsDisabled=true on the command line, in the .mvn/maven.config file, or in project POM properties.
[INFO] /home/runner/work/sonar-analysis/sonar-analysis/project/flink-table/flink-table-planner-blink/src/test/java:-1: info: compiling
[INFO] /home/runner/work/sonar-analysis/sonar-analysis/project/flink-table/flink-table-planner-blink/src/test/scala:-1: info: compiling
[INFO] Compiling 485 source files to /home/runner/work/sonar-analysis/sonar-analysis/project/flink-table/flink-table-planner-blink/target/test-classes at 1783246275932
[WARNING] /home/runner/work/sonar-analysis/sonar-analysis/project/flink-table/flink-table-planner-blink/src/test/scala/org/apache/flink/table/api/TableEnvironmentTest.scala:979: warning: This catches all Throwables. If this is really intended, use `case e : Throwable` to clear this warning.
[WARNING]       case e =>
[WARNING]            ^
[WARNING] /home/runner/work/sonar-analysis/sonar-analysis/project/flink-table/flink-table-planner-blink/src/test/scala/org/apache/flink/table/planner/plan/stats/ValueIntervalTest.scala:456: warning: This catches all Throwables. If this is really intended, use `case _ : Throwable` to clear this warning.
[WARNING]       case _ => fail()
[WARNING]            ^
[WARNING] /home/runner/work/sonar-analysis/sonar-analysis/project/flink-table/flink-table-planner-blink/src/test/scala/org/apache/flink/table/planner/runtime/utils/StreamTestSink.scala:404: warning: non-variable type argument Boolean in type pattern org.apache.flink.api.java.tuple.Tuple2[Boolean,org.apache.flink.types.Row] is unchecked since it is eliminated by erasure
[WARNING]       case tp: JTuple2[java.lang.Boolean, Row] =>
[WARNING]                ^
[WARNING] warning: there were 1287 deprecation warnings; re-run with -deprecation for details
[WARNING] warning: there was one feature warning; re-run with -feature for details
[WARNING] 5 warnings found
[INFO] prepare-compile in 0 s
[INFO] compile in 72 s
[INFO] 
[INFO] --- compiler:3.8.0:testCompile (default-testCompile) @ flink-table-planner-blink_2.11 ---
[INFO] Compiling 55 source files to /home/runner/work/sonar-analysis/sonar-analysis/project/flink-table/flink-table-planner-blink/target/test-classes
[INFO] /home/runner/work/sonar-analysis/sonar-analysis/project/flink-table/flink-table-planner-blink/src/test/java/org/apache/flink/table/planner/runtime/utils/JavaUserDefinedScalarFunctions.java: Some input files use or override a deprecated API.
[INFO] /home/runner/work/sonar-analysis/sonar-analysis/project/flink-table/flink-table-planner-blink/src/test/java/org/apache/flink/table/planner/runtime/utils/JavaUserDefinedScalarFunctions.java: Recompile with -Xlint:deprecation for details.
[INFO] /home/runner/work/sonar-analysis/sonar-analysis/project/flink-table/flink-table-planner-blink/src/test/java/org/apache/flink/table/planner/runtime/utils/JavaUserDefinedScalarFunctions.java: Some input files use unchecked or unsafe operations.
[INFO] /home/runner/work/sonar-analysis/sonar-analysis/project/flink-table/flink-table-planner-blink/src/test/java/org/apache/flink/table/planner/runtime/utils/JavaUserDefinedScalarFunctions.java: Recompile with -Xlint:unchecked for details.
[INFO] 
[INFO] --- surefire:2.22.1:test (default-test) @ flink-table-planner-blink_2.11 ---
[INFO] Tests are skipped.
[INFO] 
[INFO] --- jar:2.4:jar (default-jar) @ flink-table-planner-blink_2.11 ---
[INFO] Building jar: /home/runner/work/sonar-analysis/sonar-analysis/project/flink-table/flink-table-planner-blink/target/flink-table-planner-blink_2.11-1.12-SNAPSHOT.jar
[INFO] 
[INFO] --- jar:2.4:test-jar (default) @ flink-table-planner-blink_2.11 ---
[INFO] Building jar: /home/runner/work/sonar-analysis/sonar-analysis/project/flink-table/flink-table-planner-blink/target/flink-table-planner-blink_2.11-1.12-SNAPSHOT-tests.jar
[INFO] 
[INFO] --- shade:3.2.1:shade (shade-flink) @ flink-table-planner-blink_2.11 ---
[INFO] Including com.google.guava:guava:jar:19.0 in the shaded jar.
[INFO] Including org.codehaus.janino:commons-compiler:jar:3.0.9 in the shaded jar.
[INFO] Including org.codehaus.janino:janino:jar:3.0.9 in the shaded jar.
[INFO] Excluding org.apache.flink:flink-table-common:jar:1.12-SNAPSHOT from the shaded jar.
[INFO] Excluding org.apache.flink:flink-core:jar:1.12-SNAPSHOT from the shaded jar.
[INFO] Excluding org.apache.flink:flink-metrics-core:jar:1.12-SNAPSHOT from the shaded jar.
[INFO] Excluding com.esotericsoftware.kryo:kryo:jar:2.24.0 from the shaded jar.
[INFO] Excluding com.esotericsoftware.minlog:minlog:jar:1.2 from the shaded jar.
[INFO] Excluding commons-collections:commons-collections:jar:3.2.2 from the shaded jar.
[INFO] Excluding org.apache.commons:commons-compress:jar:1.20 from the shaded jar.
[INFO] Excluding org.apache.flink:flink-shaded-asm-7:jar:7.1-10.0 from the shaded jar.
[INFO] Excluding org.apache.flink:flink-table-api-java:jar:1.12-SNAPSHOT from the shaded jar.
[INFO] Excluding org.apache.flink:flink-table-api-scala_2.11:jar:1.12-SNAPSHOT from the shaded jar.
[INFO] Excluding org.scala-lang:scala-reflect:jar:2.11.12 from the shaded jar.
[INFO] Excluding org.scala-lang:scala-library:jar:2.11.12 from the shaded jar.
[INFO] Excluding org.scala-lang:scala-compiler:jar:2.11.12 from the shaded jar.
[INFO] Excluding org.scala-lang.modules:scala-xml_2.11:jar:1.0.5 from the shaded jar.
[INFO] Excluding org.scala-lang.modules:scala-parser-combinators_2.11:jar:1.1.1 from the shaded jar.
[INFO] Excluding org.apache.flink:flink-table-api-java-bridge_2.11:jar:1.12-SNAPSHOT from the shaded jar.
[INFO] Excluding org.apache.flink:flink-java:jar:1.12-SNAPSHOT from the shaded jar.
[INFO] Excluding org.apache.flink:flink-streaming-java_2.11:jar:1.12-SNAPSHOT from the shaded jar.
[INFO] Excluding org.apache.flink:flink-table-api-scala-bridge_2.11:jar:1.12-SNAPSHOT from the shaded jar.
[INFO] Including org.apache.flink:flink-sql-parser:jar:1.12-SNAPSHOT in the shaded jar.
[INFO] Excluding org.apache.flink:flink-annotations:jar:1.12-SNAPSHOT from the shaded jar.
[INFO] Including org.apache.flink:flink-sql-parser-hive:jar:1.12-SNAPSHOT in the shaded jar.
[INFO] Excluding org.apache.flink:flink-table-runtime-blink_2.11:jar:1.12-SNAPSHOT from the shaded jar.
[INFO] Including org.apache.calcite.avatica:avatica-core:jar:1.16.0 in the shaded jar.
[INFO] Excluding org.apache.flink:flink-shaded-guava:jar:18.0-10.0 from the shaded jar.
[INFO] Including org.apache.calcite:calcite-core:jar:1.22.0 in the shaded jar.
[INFO] Including org.apache.calcite:calcite-linq4j:jar:1.22.0 in the shaded jar.
[INFO] Including com.fasterxml.jackson.core:jackson-annotations:jar:2.10.1 in the shaded jar.
[INFO] Excluding org.apiguardian:apiguardian-api:jar:1.1.0 from the shaded jar.
[INFO] Including com.fasterxml.jackson.core:jackson-core:jar:2.10.1 in the shaded jar.
[INFO] Including com.fasterxml.jackson.core:jackson-databind:jar:2.10.1 in the shaded jar.
[INFO] Including com.jayway.jsonpath:json-path:jar:2.4.0 in the shaded jar.
[INFO] Excluding net.minidev:json-smart:jar:2.3 from the shaded jar.
[INFO] Excluding net.minidev:accessors-smart:jar:1.2 from the shaded jar.
[INFO] Excluding org.ow2.asm:asm:jar:5.0.4 from the shaded jar.
[INFO] Including commons-codec:commons-codec:jar:1.10 in the shaded jar.
[INFO] Excluding org.apache.commons:commons-lang3:jar:3.3.2 from the shaded jar.
[INFO] Including commons-io:commons-io:jar:2.4 in the shaded jar.
[INFO] Including com.ibm.icu:icu4j:jar:65.1 in the shaded jar.
[INFO] Excluding org.apache.flink:flink-runtime_2.11:jar:1.12-SNAPSHOT from the shaded jar.
[INFO] Excluding org.apache.flink:flink-queryable-state-client-java:jar:1.12-SNAPSHOT from the shaded jar.
[INFO] Excluding org.apache.flink:flink-hadoop-fs:jar:1.12-SNAPSHOT from the shaded jar.
[INFO] Excluding org.apache.flink:flink-shaded-netty:jar:4.1.39.Final-10.0 from the shaded jar.
[INFO] Excluding org.apache.flink:flink-shaded-jackson:jar:2.10.1-10.0 from the shaded jar.
[INFO] Excluding org.apache.flink:flink-shaded-zookeeper-3:jar:3.4.10-10.0 from the shaded jar.
[INFO] Excluding commons-cli:commons-cli:jar:1.3.1 from the shaded jar.
[INFO] Excluding com.typesafe.akka:akka-actor_2.11:jar:2.5.21 from the shaded jar.
[INFO] Excluding com.typesafe:config:jar:1.3.0 from the shaded jar.
[INFO] Excluding org.scala-lang.modules:scala-java8-compat_2.11:jar:0.7.0 from the shaded jar.
[INFO] Excluding com.typesafe.akka:akka-remote_2.11:jar:2.5.21 from the shaded jar.
[INFO] Excluding com.typesafe.akka:akka-stream_2.11:jar:2.5.21 from the shaded jar.
[INFO] Excluding org.reactivestreams:reactive-streams:jar:1.0.2 from the shaded jar.
[INFO] Excluding com.typesafe:ssl-config-core_2.11:jar:0.3.7 from the shaded jar.
[INFO] Excluding com.typesafe.akka:akka-protobuf_2.11:jar:2.5.21 from the shaded jar.
[INFO] Excluding com.typesafe.akka:akka-slf4j_2.11:jar:2.5.21 from the shaded jar.
[INFO] Excluding org.clapper:grizzled-slf4j_2.11:jar:1.3.2 from the shaded jar.
[INFO] Excluding com.github.scopt:scopt_2.11:jar:3.5.0 from the shaded jar.
[INFO] Excluding org.xerial.snappy:snappy-java:jar:1.1.4 from the shaded jar.
[INFO] Excluding com.twitter:chill_2.11:jar:0.7.6 from the shaded jar.
[INFO] Excluding com.twitter:chill-java:jar:0.7.6 from the shaded jar.
[INFO] Excluding org.lz4:lz4-java:jar:1.5.0 from the shaded jar.
[INFO] Excluding io.netty:netty:jar:3.10.6.Final from the shaded jar.
[INFO] Excluding org.apache.commons:commons-math3:jar:3.5 from the shaded jar.
[INFO] Excluding org.reflections:reflections:jar:0.9.10 from the shaded jar.
[INFO] Excluding org.javassist:javassist:jar:3.24.0-GA from the shaded jar.
[INFO] Including org.apache.flink:force-shading:jar:1.12-SNAPSHOT in the shaded jar.
[INFO] Excluding org.slf4j:slf4j-api:jar:1.7.15 from the shaded jar.
[INFO] Excluding com.google.code.findbugs:jsr305:jar:1.3.9 from the shaded jar.
[INFO] Excluding org.objenesis:objenesis:jar:2.1 from the shaded jar.
[WARNING] Discovered module-info.class. Shading will break its strong encapsulation.
[WARNING] Discovered module-info.class. Shading will break its strong encapsulation.
[WARNING] Discovered module-info.class. Shading will break its strong encapsulation.
[WARNING] flink-table-planner-blink_2.11-1.12-SNAPSHOT.jar, calcite-core-1.22.0.jar define 3 overlapping classes: 
[WARNING]   - org.apache.calcite.sql.validate.ProcedureNamespace
[WARNING]   - org.apache.calcite.sql2rel.AuxiliaryConverter$Impl
[WARNING]   - org.apache.calcite.sql2rel.AuxiliaryConverter
[WARNING] maven-shade-plugin has detected that some class files are
[WARNING] present in two or more JARs. When this happens, only one
[WARNING] single version of the class is copied to the uber jar.
[WARNING] Usually this is not harmful and you can skip these warnings,
[WARNING] otherwise try to manually exclude artifacts based on
[WARNING] mvn dependency:tree -Ddetail=true and the above output.
[WARNING] See http://maven.apache.org/plugins/maven-shade-plugin/
[INFO] Replacing original artifact with shaded artifact.
[INFO] Replacing /home/runner/work/sonar-analysis/sonar-analysis/project/flink-table/flink-table-planner-blink/target/flink-table-planner-blink_2.11-1.12-SNAPSHOT.jar with /home/runner/work/sonar-analysis/sonar-analysis/project/flink-table/flink-table-planner-blink/target/flink-table-planner-blink_2.11-1.12-SNAPSHOT-shaded.jar
[INFO] Dependency-reduced POM written at: /home/runner/work/sonar-analysis/sonar-analysis/project/flink-table/flink-table-planner-blink/target/dependency-reduced-pom.xml
[INFO] 
[INFO] --- surefire:2.22.1:test (integration-tests) @ flink-table-planner-blink_2.11 ---
[INFO] Tests are skipped.
[INFO] 
[INFO] --- scalastyle:1.0.0:check (default) @ flink-table-planner-blink_2.11 ---
Saving to outputFile=/home/runner/work/sonar-analysis/sonar-analysis/project/flink-table/flink-table-planner-blink/target/scalastyle-output.xml
Processed 918 file(s)
Found 0 errors
Found 0 warnings
Found 0 infos
Finished in 5231 ms
[INFO] 
[INFO] --- install:2.5.2:install (default-install) @ flink-table-planner-blink_2.11 ---
[INFO] Installing /home/runner/work/sonar-analysis/sonar-analysis/project/flink-table/flink-table-planner-blink/target/flink-table-planner-blink_2.11-1.12-SNAPSHOT.jar to /home/runner/.m2/repository/org/apache/flink/flink-table-planner-blink_2.11/1.12-SNAPSHOT/flink-table-planner-blink_2.11-1.12-SNAPSHOT.jar
[INFO] Installing /home/runner/work/sonar-analysis/sonar-analysis/project/flink-table/flink-table-planner-blink/target/dependency-reduced-pom.xml to /home/runner/.m2/repository/org/apache/flink/flink-table-planner-blink_2.11/1.12-SNAPSHOT/flink-table-planner-blink_2.11-1.12-SNAPSHOT.pom
[INFO] Installing /home/runner/work/sonar-analysis/sonar-analysis/project/flink-table/flink-table-planner-blink/target/flink-table-planner-blink_2.11-1.12-SNAPSHOT-tests.jar to /home/runner/.m2/repository/org/apache/flink/flink-table-planner-blink_2.11/1.12-SNAPSHOT/flink-table-planner-blink_2.11-1.12-SNAPSHOT-tests.jar
[INFO] 
[INFO] --------------< org.apache.flink:flink-metrics-jmx_2.11 >---------------
[INFO] Building flink-metrics-jmx 1.12-SNAPSHOT                        [51/182]
[INFO]   from flink-metrics/flink-metrics-jmx/pom.xml
[INFO] --------------------------------[ jar ]---------------------------------
[INFO] 
[INFO] --- clean:3.1.0:clean (default-clean) @ flink-metrics-jmx_2.11 ---
[INFO] Deleting /home/runner/work/sonar-analysis/sonar-analysis/project/flink-metrics/flink-metrics-jmx/target
[INFO] 
[INFO] --- checkstyle:2.17:check (validate) @ flink-metrics-jmx_2.11 ---
[INFO] 
[INFO] --- enforcer:3.0.0-M1:enforce (enforce-maven-version) @ flink-metrics-jmx_2.11 ---
[INFO] Skipping Rule Enforcement.
[INFO] 
[INFO] --- enforcer:3.0.0-M1:enforce (enforce-maven) @ flink-metrics-jmx_2.11 ---
[INFO] Skipping Rule Enforcement.
[INFO] 
[INFO] --- enforcer:3.0.0-M1:enforce (ban-unsafe-jackson) @ flink-metrics-jmx_2.11 ---
[INFO] Skipping Rule Enforcement.
[INFO] 
[INFO] --- enforcer:3.0.0-M1:enforce (forbid-log4j-1) @ flink-metrics-jmx_2.11 ---
[INFO] Skipping Rule Enforcement.
[INFO] 
[INFO] --- enforcer:3.0.0-M1:enforce (enforce-versions) @ flink-metrics-jmx_2.11 ---
[INFO] Skipping Rule Enforcement.
[INFO] 
[INFO] --- directory:0.1:highest-basedir (directories) @ flink-metrics-jmx_2.11 ---
[INFO] Highest basedir set to: /home/runner/work/sonar-analysis/sonar-analysis/project
[INFO] 
[INFO] --- remote-resources:1.5:process (process-resource-bundles) @ flink-metrics-jmx_2.11 ---
[INFO] 
[INFO] --- resources:3.1.0:resources (default-resources) @ flink-metrics-jmx_2.11 ---
[INFO] Using 'UTF-8' encoding to copy filtered resources.
[INFO] Copying 1 resource
[INFO] Copying 3 resources
[INFO] 
[INFO] --- compiler:3.8.0:compile (default-compile) @ flink-metrics-jmx_2.11 ---
[INFO] Compiling 2 source files to /home/runner/work/sonar-analysis/sonar-analysis/project/flink-metrics/flink-metrics-jmx/target/classes
[WARNING] /home/runner/work/sonar-analysis/sonar-analysis/project/flink-metrics/flink-metrics-jmx/src/main/java/org/apache/flink/metrics/jmx/JMXReporter.java:[550,74] sun.rmi.registry.RegistryImpl is internal proprietary API and may be removed in a future release
[INFO] /home/runner/work/sonar-analysis/sonar-analysis/project/flink-metrics/flink-metrics-jmx/src/main/java/org/apache/flink/metrics/jmx/JMXReporter.java: /home/runner/work/sonar-analysis/sonar-analysis/project/flink-metrics/flink-metrics-jmx/src/main/java/org/apache/flink/metrics/jmx/JMXReporter.java uses unchecked or unsafe operations.
[INFO] /home/runner/work/sonar-analysis/sonar-analysis/project/flink-metrics/flink-metrics-jmx/src/main/java/org/apache/flink/metrics/jmx/JMXReporter.java: Recompile with -Xlint:unchecked for details.
[INFO] 
[INFO] --- resources:3.1.0:testResources (default-testResources) @ flink-metrics-jmx_2.11 ---
[INFO] Using 'UTF-8' encoding to copy filtered resources.
[INFO] Copying 1 resource
[INFO] Copying 3 resources
[INFO] 
[INFO] --- compiler:3.8.0:testCompile (default-testCompile) @ flink-metrics-jmx_2.11 ---
[INFO] Compiling 3 source files to /home/runner/work/sonar-analysis/sonar-analysis/project/flink-metrics/flink-metrics-jmx/target/test-classes
[INFO] /home/runner/work/sonar-analysis/sonar-analysis/project/flink-metrics/flink-metrics-jmx/src/test/java/org/apache/flink/runtime/jobmanager/JMXJobManagerMetricTest.java: /home/runner/work/sonar-analysis/sonar-analysis/project/flink-metrics/flink-metrics-jmx/src/test/java/org/apache/flink/runtime/jobmanager/JMXJobManagerMetricTest.java uses or overrides a deprecated API.
[INFO] /home/runner/work/sonar-analysis/sonar-analysis/project/flink-metrics/flink-metrics-jmx/src/test/java/org/apache/flink/runtime/jobmanager/JMXJobManagerMetricTest.java: Recompile with -Xlint:deprecation for details.
[INFO] 
[INFO] --- surefire:2.22.1:test (default-test) @ flink-metrics-jmx_2.11 ---
[INFO] Tests are skipped.
[INFO] 
[INFO] --- jar:2.4:jar (default-jar) @ flink-metrics-jmx_2.11 ---
[INFO] Building jar: /home/runner/work/sonar-analysis/sonar-analysis/project/flink-metrics/flink-metrics-jmx/target/flink-metrics-jmx_2.11-1.12-SNAPSHOT.jar
[INFO] 
[INFO] --- shade:3.2.1:shade (shade-flink) @ flink-metrics-jmx_2.11 ---
[INFO] Including org.apache.flink:force-shading:jar:1.12-SNAPSHOT in the shaded jar.
[INFO] No artifact matching filter io.netty:netty
[INFO] Replacing original artifact with shaded artifact.
[INFO] Replacing /home/runner/work/sonar-analysis/sonar-analysis/project/flink-metrics/flink-metrics-jmx/target/flink-metrics-jmx_2.11-1.12-SNAPSHOT.jar with /home/runner/work/sonar-analysis/sonar-analysis/project/flink-metrics/flink-metrics-jmx/target/flink-metrics-jmx_2.11-1.12-SNAPSHOT-shaded.jar
[INFO] Replacing original test artifact with shaded test artifact.
[INFO] Replacing /home/runner/work/sonar-analysis/sonar-analysis/project/flink-metrics/flink-metrics-jmx/target/flink-metrics-jmx_2.11-1.12-SNAPSHOT-tests.jar with /home/runner/work/sonar-analysis/sonar-analysis/project/flink-metrics/flink-metrics-jmx/target/flink-metrics-jmx_2.11-1.12-SNAPSHOT-shaded-tests.jar
[INFO] Dependency-reduced POM written at: /home/runner/work/sonar-analysis/sonar-analysis/project/flink-metrics/flink-metrics-jmx/target/dependency-reduced-pom.xml
[INFO] 
[INFO] --- surefire:2.22.1:test (integration-tests) @ flink-metrics-jmx_2.11 ---
[INFO] Tests are skipped.
[INFO] 
[INFO] --- install:2.5.2:install (default-install) @ flink-metrics-jmx_2.11 ---
[INFO] Installing /home/runner/work/sonar-analysis/sonar-analysis/project/flink-metrics/flink-metrics-jmx/target/flink-metrics-jmx_2.11-1.12-SNAPSHOT.jar to /home/runner/.m2/repository/org/apache/flink/flink-metrics-jmx_2.11/1.12-SNAPSHOT/flink-metrics-jmx_2.11-1.12-SNAPSHOT.jar
[INFO] Installing /home/runner/work/sonar-analysis/sonar-analysis/project/flink-metrics/flink-metrics-jmx/target/dependency-reduced-pom.xml to /home/runner/.m2/repository/org/apache/flink/flink-metrics-jmx_2.11/1.12-SNAPSHOT/flink-metrics-jmx_2.11-1.12-SNAPSHOT.pom
[INFO] Installing /home/runner/work/sonar-analysis/sonar-analysis/project/flink-metrics/flink-metrics-jmx/target/flink-metrics-jmx_2.11-1.12-SNAPSHOT-tests.jar to /home/runner/.m2/repository/org/apache/flink/flink-metrics-jmx_2.11/1.12-SNAPSHOT/flink-metrics-jmx_2.11-1.12-SNAPSHOT-tests.jar
[INFO] 
[INFO] -------------------< org.apache.flink:flink-formats >-------------------
[INFO] Building flink-formats 1.12-SNAPSHOT                            [52/182]
[INFO]   from flink-formats/pom.xml
[INFO] --------------------------------[ pom ]---------------------------------
[INFO] 
[INFO] --- clean:3.1.0:clean (default-clean) @ flink-formats ---
[INFO] Deleting /home/runner/work/sonar-analysis/sonar-analysis/project/flink-formats/target
[INFO] 
[INFO] --- checkstyle:2.17:check (validate) @ flink-formats ---
[INFO] 
[INFO] --- enforcer:3.0.0-M1:enforce (enforce-maven-version) @ flink-formats ---
[INFO] Skipping Rule Enforcement.
[INFO] 
[INFO] --- enforcer:3.0.0-M1:enforce (enforce-maven) @ flink-formats ---
[INFO] Skipping Rule Enforcement.
[INFO] 
[INFO] --- enforcer:3.0.0-M1:enforce (ban-unsafe-jackson) @ flink-formats ---
[INFO] Skipping Rule Enforcement.
[INFO] 
[INFO] --- enforcer:3.0.0-M1:enforce (forbid-log4j-1) @ flink-formats ---
[INFO] Skipping Rule Enforcement.
[INFO] 
[INFO] --- enforcer:3.0.0-M1:enforce (enforce-versions) @ flink-formats ---
[INFO] Skipping Rule Enforcement.
[INFO] 
[INFO] --- directory:0.1:highest-basedir (directories) @ flink-formats ---
[INFO] Highest basedir set to: /home/runner/work/sonar-analysis/sonar-analysis/project
[INFO] 
[INFO] --- remote-resources:1.5:process (process-resource-bundles) @ flink-formats ---
[INFO] 
[INFO] --- surefire:2.22.1:test (default-test) @ flink-formats ---
[INFO] Tests are skipped.
[INFO] 
[INFO] --- shade:3.2.1:shade (shade-flink) @ flink-formats ---
[INFO] Including org.apache.flink:force-shading:jar:1.12-SNAPSHOT in the shaded jar.
[INFO] Excluding com.google.code.findbugs:jsr305:jar:1.3.9 from the shaded jar.
[INFO] No artifact matching filter io.netty:netty
[INFO] Replacing original artifact with shaded artifact.
[INFO] 
[INFO] --- surefire:2.22.1:test (integration-tests) @ flink-formats ---
[INFO] Tests are skipped.
[INFO] 
[INFO] --- install:2.5.2:install (default-install) @ flink-formats ---
[INFO] Installing /home/runner/work/sonar-analysis/sonar-analysis/project/flink-formats/pom.xml to /home/runner/.m2/repository/org/apache/flink/flink-formats/1.12-SNAPSHOT/flink-formats-1.12-SNAPSHOT.pom
[INFO] 
[INFO] --------------------< org.apache.flink:flink-json >---------------------
[INFO] Building flink-json 1.12-SNAPSHOT                               [53/182]
[INFO]   from flink-formats/flink-json/pom.xml
[INFO] --------------------------------[ jar ]---------------------------------
[INFO] 
[INFO] --- clean:3.1.0:clean (default-clean) @ flink-json ---
[INFO] Deleting /home/runner/work/sonar-analysis/sonar-analysis/project/flink-formats/flink-json/target
[INFO] 
[INFO] --- checkstyle:2.17:check (validate) @ flink-json ---
[INFO] 
[INFO] --- enforcer:3.0.0-M1:enforce (enforce-maven-version) @ flink-json ---
[INFO] Skipping Rule Enforcement.
[INFO] 
[INFO] --- enforcer:3.0.0-M1:enforce (enforce-maven) @ flink-json ---
[INFO] Skipping Rule Enforcement.
[INFO] 
[INFO] --- enforcer:3.0.0-M1:enforce (ban-unsafe-jackson) @ flink-json ---
[INFO] Skipping Rule Enforcement.
[INFO] 
[INFO] --- enforcer:3.0.0-M1:enforce (forbid-log4j-1) @ flink-json ---
[INFO] Skipping Rule Enforcement.
[INFO] 
[INFO] --- enforcer:3.0.0-M1:enforce (enforce-versions) @ flink-json ---
[INFO] Skipping Rule Enforcement.
[INFO] 
[INFO] --- directory:0.1:highest-basedir (directories) @ flink-json ---
[INFO] Highest basedir set to: /home/runner/work/sonar-analysis/sonar-analysis/project
[INFO] 
[INFO] --- remote-resources:1.5:process (process-resource-bundles) @ flink-json ---
[INFO] 
[INFO] --- resources:3.1.0:resources (default-resources) @ flink-json ---
[INFO] Using 'UTF-8' encoding to copy filtered resources.
[INFO] Copying 2 resources
[INFO] Copying 3 resources
[INFO] 
[INFO] --- compiler:3.8.0:compile (default-compile) @ flink-json ---
[INFO] Compiling 16 source files to /home/runner/work/sonar-analysis/sonar-analysis/project/flink-formats/flink-json/target/classes
[INFO] /home/runner/work/sonar-analysis/sonar-analysis/project/flink-formats/flink-json/src/main/java/org/apache/flink/formats/json/JsonRowDataSerializationSchema.java: Some input files use or override a deprecated API.
[INFO] /home/runner/work/sonar-analysis/sonar-analysis/project/flink-formats/flink-json/src/main/java/org/apache/flink/formats/json/JsonRowDataSerializationSchema.java: Recompile with -Xlint:deprecation for details.
[INFO] /home/runner/work/sonar-analysis/sonar-analysis/project/flink-formats/flink-json/src/main/java/org/apache/flink/formats/json/JsonFileSystemFormatFactory.java: /home/runner/work/sonar-analysis/sonar-analysis/project/flink-formats/flink-json/src/main/java/org/apache/flink/formats/json/JsonFileSystemFormatFactory.java uses unchecked or unsafe operations.
[INFO] /home/runner/work/sonar-analysis/sonar-analysis/project/flink-formats/flink-json/src/main/java/org/apache/flink/formats/json/JsonFileSystemFormatFactory.java: Recompile with -Xlint:unchecked for details.
[INFO] 
[INFO] --- resources:3.1.0:testResources (default-testResources) @ flink-json ---
[INFO] Using 'UTF-8' encoding to copy filtered resources.
[INFO] Copying 5 resources
[INFO] Copying 3 resources
[INFO] 
[INFO] --- compiler:3.8.0:testCompile (default-testCompile) @ flink-json ---
[INFO] Compiling 16 source files to /home/runner/work/sonar-analysis/sonar-analysis/project/flink-formats/flink-json/target/test-classes
[INFO] /home/runner/work/sonar-analysis/sonar-analysis/project/flink-formats/flink-json/src/test/java/org/apache/flink/table/descriptors/JsonTest.java: Some input files use or override a deprecated API.
[INFO] /home/runner/work/sonar-analysis/sonar-analysis/project/flink-formats/flink-json/src/test/java/org/apache/flink/table/descriptors/JsonTest.java: Recompile with -Xlint:deprecation for details.
[INFO] /home/runner/work/sonar-analysis/sonar-analysis/project/flink-formats/flink-json/src/test/java/org/apache/flink/formats/json/JsonRowFormatFactoryTest.java: /home/runner/work/sonar-analysis/sonar-analysis/project/flink-formats/flink-json/src/test/java/org/apache/flink/formats/json/JsonRowFormatFactoryTest.java uses unchecked or unsafe operations.
[INFO] /home/runner/work/sonar-analysis/sonar-analysis/project/flink-formats/flink-json/src/test/java/org/apache/flink/formats/json/JsonRowFormatFactoryTest.java: Recompile with -Xlint:unchecked for details.
[INFO] 
[INFO] --- surefire:2.22.1:test (default-test) @ flink-json ---
[INFO] Tests are skipped.
[INFO] 
[INFO] --- jar:2.4:jar (default-jar) @ flink-json ---
[INFO] Building jar: /home/runner/work/sonar-analysis/sonar-analysis/project/flink-formats/flink-json/target/flink-json-1.12-SNAPSHOT.jar
[INFO] 
[INFO] --- jar:2.4:jar (default) @ flink-json ---
[INFO] Building jar: /home/runner/work/sonar-analysis/sonar-analysis/project/flink-formats/flink-json/target/flink-json-1.12-SNAPSHOT-sql-jar.jar
[INFO] 
[INFO] --- shade:3.2.1:shade (shade-flink) @ flink-json ---
[INFO] Including org.apache.flink:force-shading:jar:1.12-SNAPSHOT in the shaded jar.
[INFO] Excluding com.google.code.findbugs:jsr305:jar:1.3.9 from the shaded jar.
[INFO] No artifact matching filter io.netty:netty
[INFO] Replacing original artifact with shaded artifact.
[INFO] Replacing /home/runner/work/sonar-analysis/sonar-analysis/project/flink-formats/flink-json/target/flink-json-1.12-SNAPSHOT.jar with /home/runner/work/sonar-analysis/sonar-analysis/project/flink-formats/flink-json/target/flink-json-1.12-SNAPSHOT-shaded.jar
[INFO] Replacing original test artifact with shaded test artifact.
[INFO] Replacing /home/runner/work/sonar-analysis/sonar-analysis/project/flink-formats/flink-json/target/flink-json-1.12-SNAPSHOT-tests.jar with /home/runner/work/sonar-analysis/sonar-analysis/project/flink-formats/flink-json/target/flink-json-1.12-SNAPSHOT-shaded-tests.jar
[INFO] Dependency-reduced POM written at: /home/runner/work/sonar-analysis/sonar-analysis/project/flink-formats/flink-json/target/dependency-reduced-pom.xml
[INFO] 
[INFO] --- surefire:2.22.1:test (integration-tests) @ flink-json ---
[INFO] Tests are skipped.
[INFO] 
[INFO] --- install:2.5.2:install (default-install) @ flink-json ---
[INFO] Installing /home/runner/work/sonar-analysis/sonar-analysis/project/flink-formats/flink-json/target/flink-json-1.12-SNAPSHOT.jar to /home/runner/.m2/repository/org/apache/flink/flink-json/1.12-SNAPSHOT/flink-json-1.12-SNAPSHOT.jar
[INFO] Installing /home/runner/work/sonar-analysis/sonar-analysis/project/flink-formats/flink-json/target/dependency-reduced-pom.xml to /home/runner/.m2/repository/org/apache/flink/flink-json/1.12-SNAPSHOT/flink-json-1.12-SNAPSHOT.pom
[INFO] Installing /home/runner/work/sonar-analysis/sonar-analysis/project/flink-formats/flink-json/target/flink-json-1.12-SNAPSHOT-sql-jar.jar to /home/runner/.m2/repository/org/apache/flink/flink-json/1.12-SNAPSHOT/flink-json-1.12-SNAPSHOT-sql-jar.jar
[INFO] Installing /home/runner/work/sonar-analysis/sonar-analysis/project/flink-formats/flink-json/target/flink-json-1.12-SNAPSHOT-tests.jar to /home/runner/.m2/repository/org/apache/flink/flink-json/1.12-SNAPSHOT/flink-json-1.12-SNAPSHOT-tests.jar
[INFO] 
[INFO] ----------< org.apache.flink:flink-connector-kafka-base_2.11 >----------
[INFO] Building flink-connector-kafka-base 1.12-SNAPSHOT               [54/182]
[INFO]   from flink-connectors/flink-connector-kafka-base/pom.xml
[INFO] --------------------------------[ jar ]---------------------------------
[INFO] 
[INFO] --- clean:3.1.0:clean (default-clean) @ flink-connector-kafka-base_2.11 ---
[INFO] Deleting /home/runner/work/sonar-analysis/sonar-analysis/project/flink-connectors/flink-connector-kafka-base/target
[INFO] 
[INFO] --- checkstyle:2.17:check (validate) @ flink-connector-kafka-base_2.11 ---
[INFO] 
[INFO] --- enforcer:3.0.0-M1:enforce (enforce-maven-version) @ flink-connector-kafka-base_2.11 ---
[INFO] Skipping Rule Enforcement.
[INFO] 
[INFO] --- enforcer:3.0.0-M1:enforce (enforce-maven) @ flink-connector-kafka-base_2.11 ---
[INFO] Skipping Rule Enforcement.
[INFO] 
[INFO] --- enforcer:3.0.0-M1:enforce (ban-unsafe-jackson) @ flink-connector-kafka-base_2.11 ---
[INFO] Skipping Rule Enforcement.
[INFO] 
[INFO] --- enforcer:3.0.0-M1:enforce (forbid-log4j-1) @ flink-connector-kafka-base_2.11 ---
[INFO] Skipping Rule Enforcement.
[INFO] 
[INFO] --- enforcer:3.0.0-M1:enforce (enforce-versions) @ flink-connector-kafka-base_2.11 ---
[INFO] Skipping Rule Enforcement.
[INFO] 
[INFO] --- directory:0.1:highest-basedir (directories) @ flink-connector-kafka-base_2.11 ---
[INFO] Highest basedir set to: /home/runner/work/sonar-analysis/sonar-analysis/project
[INFO] 
[INFO] --- remote-resources:1.5:process (process-resource-bundles) @ flink-connector-kafka-base_2.11 ---
[INFO] 
[INFO] --- resources:3.1.0:resources (default-resources) @ flink-connector-kafka-base_2.11 ---
[INFO] Using 'UTF-8' encoding to copy filtered resources.
[INFO] skip non existing resourceDirectory /home/runner/work/sonar-analysis/sonar-analysis/project/flink-connectors/flink-connector-kafka-base/src/main/resources
[INFO] Copying 3 resources
[INFO] 
[INFO] --- compiler:3.8.0:compile (default-compile) @ flink-connector-kafka-base_2.11 ---
[INFO] Compiling 40 source files to /home/runner/work/sonar-analysis/sonar-analysis/project/flink-connectors/flink-connector-kafka-base/target/classes
[INFO] /home/runner/work/sonar-analysis/sonar-analysis/project/flink-connectors/flink-connector-kafka-base/src/main/java/org/apache/flink/streaming/connectors/kafka/KafkaTableSourceBase.java: Some input files use or override a deprecated API.
[INFO] /home/runner/work/sonar-analysis/sonar-analysis/project/flink-connectors/flink-connector-kafka-base/src/main/java/org/apache/flink/streaming/connectors/kafka/KafkaTableSourceBase.java: Recompile with -Xlint:deprecation for details.
[INFO] -------------------------------------------------------------
[ERROR] COMPILATION ERROR : 
[INFO] -------------------------------------------------------------
[ERROR] /home/runner/work/sonar-analysis/sonar-analysis/project/flink-connectors/flink-connector-kafka-base/src/main/java/org/apache/flink/streaming/connectors/kafka/table/KafkaOptions.java:[271,41] incompatible types: cannot infer type-variable(s) U,T,T,T,T
    (argument mismatch; bad return type in lambda expression
      java.util.Optional<org.apache.flink.streaming.connectors.kafka.partitioner.FlinkKafkaPartitioner> cannot be converted to java.util.Optional<? extends org.apache.flink.streaming.connectors.kafka.partitioner.FlinkKafkaPartitioner<org.apache.flink.table.data.RowData>>)
[INFO] 1 error
[INFO] -------------------------------------------------------------
[INFO] ------------------------------------------------------------------------
[INFO] Reactor Summary for flink 1.12-SNAPSHOT:
[INFO] 
[INFO] force-shading ...................................... SUCCESS [  1.011 s]
[INFO] flink .............................................. SUCCESS [  0.952 s]
[INFO] flink-annotations .................................. SUCCESS [  0.831 s]
[INFO] flink-test-utils-parent ............................ SUCCESS [  0.050 s]
[INFO] flink-test-utils-junit ............................. SUCCESS [  0.738 s]
[INFO] flink-metrics ...................................... SUCCESS [  0.041 s]
[INFO] flink-metrics-core ................................. SUCCESS [  1.028 s]
[INFO] flink-core ......................................... SUCCESS [ 11.257 s]
[INFO] flink-java ......................................... SUCCESS [  3.019 s]
[INFO] flink-queryable-state .............................. SUCCESS [  0.038 s]
[INFO] flink-queryable-state-client-java .................. SUCCESS [  0.523 s]
[INFO] flink-filesystems .................................. SUCCESS [  0.026 s]
[INFO] flink-hadoop-fs .................................... SUCCESS [  1.171 s]
[INFO] flink-runtime ...................................... SUCCESS [ 38.557 s]
[INFO] flink-scala ........................................ SUCCESS [ 36.608 s]
[INFO] flink-mapr-fs ...................................... SUCCESS [  0.637 s]
[INFO] flink-filesystems :: flink-fs-hadoop-shaded ........ SUCCESS [  2.768 s]
[INFO] flink-s3-fs-base ................................... SUCCESS [  3.487 s]
[INFO] flink-s3-fs-hadoop ................................. SUCCESS [  3.750 s]
[INFO] flink-s3-fs-presto ................................. SUCCESS [  5.346 s]
[INFO] flink-swift-fs-hadoop .............................. SUCCESS [ 13.552 s]
[INFO] flink-oss-fs-hadoop ................................ SUCCESS [  4.068 s]
[INFO] flink-azure-fs-hadoop .............................. SUCCESS [  5.712 s]
[INFO] flink-optimizer .................................... SUCCESS [  1.596 s]
[INFO] flink-streaming-java ............................... SUCCESS [  6.032 s]
[INFO] flink-clients ...................................... SUCCESS [  1.163 s]
[INFO] flink-test-utils ................................... SUCCESS [  0.796 s]
[INFO] flink-runtime-web .................................. SUCCESS [  0.978 s]
[INFO] flink-examples ..................................... SUCCESS [  0.057 s]
[INFO] flink-examples-batch ............................... SUCCESS [ 10.070 s]
[INFO] flink-connectors ................................... SUCCESS [  0.027 s]
[INFO] flink-hadoop-compatibility ......................... SUCCESS [  4.475 s]
[INFO] flink-state-backends ............................... SUCCESS [  0.031 s]
[INFO] flink-statebackend-rocksdb ......................... SUCCESS [  0.780 s]
[INFO] flink-tests ........................................ SUCCESS [ 30.909 s]
[INFO] flink-streaming-scala .............................. SUCCESS [ 29.760 s]
[INFO] flink-hcatalog ..................................... SUCCESS [  4.575 s]
[INFO] flink-table ........................................ SUCCESS [  0.021 s]
[INFO] flink-table-common ................................. SUCCESS [  1.839 s]
[INFO] flink-table-api-java ............................... SUCCESS [  0.950 s]
[INFO] flink-table-api-java-bridge ........................ SUCCESS [  0.564 s]
[INFO] flink-table-api-scala .............................. SUCCESS [  9.355 s]
[INFO] flink-table-api-scala-bridge ....................... SUCCESS [  7.965 s]
[INFO] flink-sql-parser ................................... SUCCESS [  2.721 s]
[INFO] flink-libraries .................................... SUCCESS [  0.030 s]
[INFO] flink-cep .......................................... SUCCESS [  1.770 s]
[INFO] flink-table-planner ................................ SUCCESS [01:42 min]
[INFO] flink-sql-parser-hive .............................. SUCCESS [  2.071 s]
[INFO] flink-table-runtime-blink .......................... SUCCESS [  2.620 s]
[INFO] flink-table-planner-blink .......................... SUCCESS [02:14 min]
[INFO] flink-metrics-jmx .................................. SUCCESS [  0.282 s]
[INFO] flink-formats ...................................... SUCCESS [  0.019 s]
[INFO] flink-json ......................................... SUCCESS [  0.709 s]
[INFO] flink-connector-kafka-base ......................... FAILURE [  0.417 s]
[INFO] flink-connector-kafka-0.10 ......................... SKIPPED
[INFO] flink-connector-kafka-0.11 ......................... SKIPPED
[INFO] flink-connector-elasticsearch-base ................. SKIPPED
[INFO] flink-connector-elasticsearch5 ..................... SKIPPED
[INFO] flink-connector-elasticsearch6 ..................... SKIPPED
[INFO] flink-connector-elasticsearch7 ..................... SKIPPED
[INFO] flink-connector-hbase .............................. SKIPPED
[INFO] flink-orc .......................................... SKIPPED
[INFO] flink-orc-nohive ................................... SKIPPED
[INFO] flink-avro ......................................... SKIPPED
[INFO] flink-parquet ...................................... SKIPPED
[INFO] flink-csv .......................................... SKIPPED
[INFO] flink-connector-hive ............................... SKIPPED
[INFO] flink-connector-jdbc ............................... SKIPPED
[INFO] flink-connector-rabbitmq ........................... SKIPPED
[INFO] flink-connector-twitter ............................ SKIPPED
[INFO] flink-connector-nifi ............................... SKIPPED
[INFO] flink-connector-cassandra .......................... SKIPPED
[INFO] flink-connector-filesystem ......................... SKIPPED
[INFO] flink-connector-kafka .............................. SKIPPED
[INFO] flink-connector-gcp-pubsub ......................... SKIPPED
[INFO] flink-connector-kinesis ............................ SKIPPED
[INFO] flink-sql-connector-elasticsearch7 ................. SKIPPED
[INFO] flink-connector-base ............................... SKIPPED
[INFO] flink-sql-connector-elasticsearch6 ................. SKIPPED
[INFO] flink-sql-connector-kafka-0.10 ..................... SKIPPED
[INFO] flink-sql-connector-kafka-0.11 ..................... SKIPPED
[INFO] flink-sql-connector-kafka .......................... SKIPPED
[INFO] flink-sql-connector-hive-1.2.2 ..................... SKIPPED
[INFO] flink-sql-connector-hive-2.2.0 ..................... SKIPPED
[INFO] flink-sql-connector-hive-2.3.6 ..................... SKIPPED
[INFO] flink-sql-connector-hive-3.1.2 ..................... SKIPPED
[INFO] flink-avro-confluent-registry ...................... SKIPPED
[INFO] flink-sequence-file ................................ SKIPPED
[INFO] flink-compress ..................................... SKIPPED
[INFO] flink-examples-streaming ........................... SKIPPED
[INFO] flink-examples-table ............................... SKIPPED
[INFO] flink-examples-build-helper ........................ SKIPPED
[INFO] flink-examples-streaming-twitter ................... SKIPPED
[INFO] flink-examples-streaming-state-machine ............. SKIPPED
[INFO] flink-examples-streaming-gcp-pubsub ................ SKIPPED
[INFO] flink-container .................................... SKIPPED
[INFO] flink-queryable-state-runtime ...................... SKIPPED
[INFO] flink-mesos ........................................ SKIPPED
[INFO] flink-kubernetes ................................... SKIPPED
[INFO] flink-yarn ......................................... SKIPPED
[INFO] flink-gelly ........................................ SKIPPED
[INFO] flink-gelly-scala .................................. SKIPPED
[INFO] flink-gelly-examples ............................... SKIPPED
[INFO] flink-external-resources ........................... SKIPPED
[INFO] flink-external-resource-gpu ........................ SKIPPED
[INFO] flink-metrics-dropwizard ........................... SKIPPED
[INFO] flink-metrics-graphite ............................. SKIPPED
[INFO] flink-metrics-influxdb ............................. SKIPPED
[INFO] flink-metrics-prometheus ........................... SKIPPED
[INFO] flink-metrics-statsd ............................... SKIPPED
[INFO] flink-metrics-datadog .............................. SKIPPED
[INFO] flink-metrics-slf4j ................................ SKIPPED
[INFO] flink-cep-scala .................................... SKIPPED
[INFO] flink-table-uber ................................... SKIPPED
[INFO] flink-table-uber-blink ............................. SKIPPED
[INFO] flink-python ....................................... SKIPPED
[INFO] flink-sql-client ................................... SKIPPED
[INFO] flink-state-processor-api .......................... SKIPPED
[INFO] flink-ml-parent .................................... SKIPPED
[INFO] flink-ml-api ....................................... SKIPPED
[INFO] flink-ml-lib ....................................... SKIPPED
[INFO] flink-ml-uber ...................................... SKIPPED
[INFO] flink-scala-shell .................................. SKIPPED
[INFO] flink-dist ......................................... SKIPPED
[INFO] flink-yarn-tests ................................... SKIPPED
[INFO] flink-end-to-end-tests ............................. SKIPPED
[INFO] flink-cli-test ..................................... SKIPPED
[INFO] flink-parent-child-classloading-test-program ....... SKIPPED
[INFO] flink-parent-child-classloading-test-lib-package ... SKIPPED
[INFO] flink-dataset-allround-test ........................ SKIPPED
[INFO] flink-dataset-fine-grained-recovery-test ........... SKIPPED
[INFO] flink-datastream-allround-test ..................... SKIPPED
[INFO] flink-batch-sql-test ............................... SKIPPED
[INFO] flink-stream-sql-test .............................. SKIPPED
[INFO] flink-bucketing-sink-test .......................... SKIPPED
[INFO] flink-distributed-cache-via-blob ................... SKIPPED
[INFO] flink-high-parallelism-iterations-test ............. SKIPPED
[INFO] flink-stream-stateful-job-upgrade-test ............. SKIPPED
[INFO] flink-queryable-state-test ......................... SKIPPED
[INFO] flink-local-recovery-and-allocation-test ........... SKIPPED
[INFO] flink-elasticsearch5-test .......................... SKIPPED
[INFO] flink-elasticsearch6-test .......................... SKIPPED
[INFO] flink-quickstart ................................... SKIPPED
[INFO] flink-quickstart-java .............................. SKIPPED
[INFO] flink-quickstart-scala ............................. SKIPPED
[INFO] flink-quickstart-test .............................. SKIPPED
[INFO] flink-confluent-schema-registry .................... SKIPPED
[INFO] flink-stream-state-ttl-test ........................ SKIPPED
[INFO] flink-sql-client-test .............................. SKIPPED
[INFO] flink-streaming-file-sink-test ..................... SKIPPED
[INFO] flink-state-evolution-test ......................... SKIPPED
[INFO] flink-rocksdb-state-memory-control-test ............ SKIPPED
[INFO] flink-end-to-end-tests-common ...................... SKIPPED
[INFO] flink-metrics-availability-test .................... SKIPPED
[INFO] flink-metrics-reporter-prometheus-test ............. SKIPPED
[INFO] flink-heavy-deployment-stress-test ................. SKIPPED
[INFO] flink-connector-gcp-pubsub-emulator-tests .......... SKIPPED
[INFO] flink-streaming-kafka-test-base .................... SKIPPED
[INFO] flink-streaming-kafka-test ......................... SKIPPED
[INFO] flink-streaming-kafka011-test ...................... SKIPPED
[INFO] flink-streaming-kafka010-test ...................... SKIPPED
[INFO] flink-plugins-test ................................. SKIPPED
[INFO] dummy-fs ........................................... SKIPPED
[INFO] another-dummy-fs ................................... SKIPPED
[INFO] flink-tpch-test .................................... SKIPPED
[INFO] flink-streaming-kinesis-test ....................... SKIPPED
[INFO] flink-elasticsearch7-test .......................... SKIPPED
[INFO] flink-end-to-end-tests-common-kafka ................ SKIPPED
[INFO] flink-tpcds-test ................................... SKIPPED
[INFO] flink-netty-shuffle-memory-control-test ............ SKIPPED
[INFO] flink-python-test .................................. SKIPPED
[INFO] flink-statebackend-heap-spillable .................. SKIPPED
[INFO] flink-contrib ...................................... SKIPPED
[INFO] flink-connector-wikiedits .......................... SKIPPED
[INFO] flink-fs-tests ..................................... SKIPPED
[INFO] flink-docs ......................................... SKIPPED
[INFO] flink-walkthroughs ................................. SKIPPED
[INFO] flink-walkthrough-common ........................... SKIPPED
[INFO] flink-walkthrough-table-java ....................... SKIPPED
[INFO] flink-walkthrough-table-scala ...................... SKIPPED
[INFO] flink-walkthrough-datastream-java .................. SKIPPED
[INFO] flink-walkthrough-datastream-scala ................. SKIPPED
[INFO] ------------------------------------------------------------------------
[INFO] BUILD FAILURE
[INFO] ------------------------------------------------------------------------
[INFO] Total time:  08:15 min
[INFO] Finished at: 2026-07-05T10:12:44Z
[INFO] ------------------------------------------------------------------------
[ERROR] Failed to execute goal org.apache.maven.plugins:maven-compiler-plugin:3.8.0:compile (default-compile) on project flink-connector-kafka-base_2.11: Compilation failure
[ERROR] /home/runner/work/sonar-analysis/sonar-analysis/project/flink-connectors/flink-connector-kafka-base/src/main/java/org/apache/flink/streaming/connectors/kafka/table/KafkaOptions.java:[271,41] incompatible types: cannot infer type-variable(s) U,T,T,T,T
[ERROR]     (argument mismatch; bad return type in lambda expression
[ERROR]       java.util.Optional<org.apache.flink.streaming.connectors.kafka.partitioner.FlinkKafkaPartitioner> cannot be converted to java.util.Optional<? extends org.apache.flink.streaming.connectors.kafka.partitioner.FlinkKafkaPartitioner<org.apache.flink.table.data.RowData>>)
[ERROR] -> [Help 1]
[ERROR] 
[ERROR] To see the full stack trace of the errors, re-run Maven with the -e switch.
[ERROR] Re-run Maven using the -X switch to enable full debug logging.
[ERROR] 
[ERROR] For more information about the errors and possible solutions, please read the following articles:
[ERROR] [Help 1] http://cwiki.apache.org/confluence/display/MAVEN/MojoFailureException
[ERROR] 
[ERROR] After correcting the problems, you can resume the build with the command
[ERROR]   mvn <args> -rf :flink-connector-kafka-base_2.11
