[WARNING] 
[WARNING] Some problems were encountered while building the effective settings
[WARNING] 'profiles.profile[repos].repositories.repository.id' must be unique but found duplicate repository with id mapr-public @ /home/runner/.m2/settings.xml
[WARNING] 
[INFO] Scanning for projects...
[WARNING] 
[WARNING] Some problems were encountered while building the effective model for org.apache.flink:flink-scala_2.12:jar:1.19-SNAPSHOT
[WARNING] 'artifactId' contains an expression but should be a constant. @ org.apache.flink:flink-scala_${scala.binary.version}:1.19-SNAPSHOT, /home/runner/work/sonar-analysis/sonar-analysis/project/flink-scala/pom.xml, line 30, column 14
[WARNING] 
[WARNING] Some problems were encountered while building the effective model for org.apache.flink:flink-streaming-scala_2.12:jar:1.19-SNAPSHOT
[WARNING] 'artifactId' contains an expression but should be a constant. @ org.apache.flink:flink-streaming-scala_${scala.binary.version}:1.19-SNAPSHOT, /home/runner/work/sonar-analysis/sonar-analysis/project/flink-streaming-scala/pom.xml, line 30, column 14
[WARNING] 
[WARNING] Some problems were encountered while building the effective model for org.apache.flink:flink-hadoop-compatibility_2.12:jar:1.19-SNAPSHOT
[WARNING] 'artifactId' contains an expression but should be a constant. @ org.apache.flink:flink-hadoop-compatibility_${scala.binary.version}:1.19-SNAPSHOT, /home/runner/work/sonar-analysis/sonar-analysis/project/flink-connectors/flink-hadoop-compatibility/pom.xml, line 31, column 14
[WARNING] 
[WARNING] Some problems were encountered while building the effective model for org.apache.flink:flink-connector-hive_2.12:jar:1.19-SNAPSHOT
[WARNING] 'artifactId' contains an expression but should be a constant. @ org.apache.flink:flink-connector-hive_${scala.binary.version}:1.19-SNAPSHOT, /home/runner/work/sonar-analysis/sonar-analysis/project/flink-connectors/flink-connector-hive/pom.xml, line 32, column 14
[WARNING] 
[WARNING] Some problems were encountered while building the effective model for org.apache.flink:flink-connector-base:jar:1.19-SNAPSHOT
[WARNING] 'dependencies.dependency.(groupId:artifactId:type:classifier)' must be unique: org.apache.flink:flink-streaming-java:test-jar -> duplicate declaration of version ${project.version} @ line 89, column 15
[WARNING] 
[WARNING] Some problems were encountered while building the effective model for org.apache.flink:flink-sql-connector-hive-2.3.9_2.12:jar:1.19-SNAPSHOT
[WARNING] 'artifactId' contains an expression but should be a constant. @ org.apache.flink:flink-sql-connector-hive-2.3.9_${scala.binary.version}:1.19-SNAPSHOT, /home/runner/work/sonar-analysis/sonar-analysis/project/flink-connectors/flink-sql-connector-hive-2.3.9/pom.xml, line 32, column 14
[WARNING] 
[WARNING] Some problems were encountered while building the effective model for org.apache.flink:flink-sql-connector-hive-3.1.3_2.12:jar:1.19-SNAPSHOT
[WARNING] 'artifactId' contains an expression but should be a constant. @ org.apache.flink:flink-sql-connector-hive-3.1.3_${scala.binary.version}:1.19-SNAPSHOT, /home/runner/work/sonar-analysis/sonar-analysis/project/flink-connectors/flink-sql-connector-hive-3.1.3/pom.xml, line 32, column 14
[WARNING] 
[WARNING] Some problems were encountered while building the effective model for org.apache.flink:flink-examples-table_2.12:jar:1.19-SNAPSHOT
[WARNING] 'artifactId' contains an expression but should be a constant. @ org.apache.flink:flink-examples-table_${scala.binary.version}:1.19-SNAPSHOT, /home/runner/work/sonar-analysis/sonar-analysis/project/flink-examples/flink-examples-table/pom.xml, line 32, column 14
[WARNING] 
[WARNING] Some problems were encountered while building the effective model for org.apache.flink:flink-tests:jar:1.19-SNAPSHOT
[WARNING] 'dependencies.dependency.(groupId:artifactId:type:classifier)' must be unique: org.apache.flink:flink-shaded-guava:jar -> duplicate declaration of version (?) @ line 235, column 15
[WARNING] 'build.plugins.plugin.(groupId:artifactId)' must be unique but found duplicate declaration of plugin org.codehaus.mojo:build-helper-maven-plugin @ line 738, column 12
[WARNING] 
[WARNING] Some problems were encountered while building the effective model for org.apache.flink:flink-cep-scala_2.12:jar:1.19-SNAPSHOT
[WARNING] 'artifactId' contains an expression but should be a constant. @ org.apache.flink:flink-cep-scala_${scala.binary.version}:1.19-SNAPSHOT, /home/runner/work/sonar-analysis/sonar-analysis/project/flink-libraries/flink-cep-scala/pom.xml, line 32, column 17
[WARNING] 
[WARNING] Some problems were encountered while building the effective model for org.apache.flink:flink-table-api-scala_2.12:jar:1.19-SNAPSHOT
[WARNING] 'artifactId' contains an expression but should be a constant. @ org.apache.flink:flink-table-api-scala_${scala.binary.version}:1.19-SNAPSHOT, /home/runner/work/sonar-analysis/sonar-analysis/project/flink-table/flink-table-api-scala/pom.xml, line 29, column 14
[WARNING] 
[WARNING] Some problems were encountered while building the effective model for org.apache.flink:flink-table-api-scala-bridge_2.12:jar:1.19-SNAPSHOT
[WARNING] 'artifactId' contains an expression but should be a constant. @ org.apache.flink:flink-table-api-scala-bridge_${scala.binary.version}:1.19-SNAPSHOT, /home/runner/work/sonar-analysis/sonar-analysis/project/flink-table/flink-table-api-scala-bridge/pom.xml, line 29, column 14
[WARNING] 
[WARNING] Some problems were encountered while building the effective model for org.apache.flink:flink-table-planner_2.12:jar:1.19-SNAPSHOT
[WARNING] 'artifactId' contains an expression but should be a constant. @ org.apache.flink:flink-table-planner_${scala.binary.version}:1.19-SNAPSHOT, /home/runner/work/sonar-analysis/sonar-analysis/project/flink-table/flink-table-planner/pom.xml, line 29, column 14
[WARNING] 
[WARNING] Some problems were encountered while building the effective model for org.apache.flink:flink-dist_2.12:jar:1.19-SNAPSHOT
[WARNING] 'artifactId' contains an expression but should be a constant. @ org.apache.flink:flink-dist_${scala.binary.version}:1.19-SNAPSHOT, /home/runner/work/sonar-analysis/sonar-analysis/project/flink-dist/pom.xml, line 31, column 14
[WARNING] 
[WARNING] Some problems were encountered while building the effective model for org.apache.flink:flink-dist-scala_2.12:jar:1.19-SNAPSHOT
[WARNING] 'artifactId' contains an expression but should be a constant. @ org.apache.flink:flink-dist-scala_${scala.binary.version}:1.19-SNAPSHOT, /home/runner/work/sonar-analysis/sonar-analysis/project/flink-dist-scala/pom.xml, line 31, column 14
[WARNING] 
[WARNING] Some problems were encountered while building the effective model for org.apache.flink:flink-python:jar:1.19-SNAPSHOT
[WARNING] 'build.plugins.plugin.(groupId:artifactId)' must be unique but found duplicate declaration of plugin org.apache.maven.plugins:maven-dependency-plugin @ line 607, column 12
[WARNING] 
[WARNING] It is highly recommended to fix these problems because they threaten the stability of your build.
[WARNING] 
[WARNING] For this reason, future Maven versions might no longer support building such malformed projects.
[WARNING] 
[INFO] ------------------------------------------------------------------------
[INFO] Detecting the operating system and CPU architecture
[INFO] ------------------------------------------------------------------------
[INFO] os.detected.name: linux
[INFO] os.detected.arch: x86_64
[INFO] os.detected.bitness: 64
[INFO] os.detected.version: 6.17
[INFO] os.detected.version.major: 6
[INFO] os.detected.version.minor: 17
[INFO] os.detected.release: ubuntu
[INFO] os.detected.release.version: 24.04
[INFO] os.detected.release.like.ubuntu: true
[INFO] os.detected.release.like.debian: true
[INFO] os.detected.classifier: linux-x86_64
[INFO] ------------------------------------------------------------------------
[INFO] Reactor Build Order:
[INFO] 
[INFO] Flink :                                                            [pom]
[INFO] Flink : Annotations                                                [jar]
[INFO] Flink : Architecture Tests                                         [pom]
[INFO] Flink : Architecture Tests : Base                                  [jar]
[INFO] Flink : Test utils :                                               [pom]
[INFO] Flink : Test utils : Junit                                         [jar]
[INFO] Flink : Metrics :                                                  [pom]
[INFO] Flink : Metrics : Core                                             [jar]
[INFO] Flink : Architecture Tests : Test                                  [jar]
[INFO] Flink : Test utils : MigrationTestUtils                            [jar]
[INFO] Flink : Core                                                       [jar]
[INFO] Flink : Table :                                                    [pom]
[INFO] Flink : Table : Common                                             [jar]
[INFO] Flink : Table : API Java                                           [jar]
[INFO] Flink : Java                                                       [jar]
[INFO] Flink : Connectors :                                               [pom]
[INFO] Flink : Connectors : File Sink Common                              [jar]
[INFO] Flink : RPC :                                                      [pom]
[INFO] Flink : RPC : Core                                                 [jar]
[INFO] Flink : RPC : Akka                                                 [jar]
[INFO] Flink : RPC : Akka-Loader                                          [jar]
[INFO] Flink : Queryable state :                                          [pom]
[INFO] Flink : Queryable state : Client Java                              [jar]
[INFO] Flink : FileSystems :                                              [pom]
[INFO] Flink : FileSystems : Hadoop FS                                    [jar]
[INFO] Flink : Runtime                                                    [jar]
[INFO] Flink : Connectors : Datagen                                       [jar]
[INFO] Flink : Streaming Java                                             [jar]
[INFO] Flink : Table : API bridge base                                    [jar]
[INFO] Flink : Table : API Java bridge                                    [jar]
[INFO] Flink : Table : Code Splitter                                      [jar]
[INFO] Flink : Optimizer                                                  [jar]
[INFO] Flink : Clients : Test Utils                                       [jar]
[INFO] Flink : Clients                                                    [jar]
[INFO] Flink : State backends :                                           [pom]
[INFO] Flink : State backends : RocksDB                                   [jar]
[INFO] Flink : State backends : Common                                    [jar]
[INFO] Flink : DSTL                                                       [pom]
[INFO] Flink : DSTL : DFS                                                 [jar]
[INFO] Flink : State backends : Changelog                                 [jar]
[INFO] Flink : Test utils : Utils                                         [jar]
[INFO] Flink : Libraries :                                                [pom]
[INFO] Flink : Libraries : CEP                                            [jar]
[INFO] Flink : Table : Runtime                                            [jar]
[INFO] Flink : Scala                                                      [jar]
[INFO] Flink : Table : SQL Parser                                         [jar]
[INFO] Flink : Table : Calcite Bridge                                     [jar]
[INFO] Flink : Table : API Scala                                          [jar]
[INFO] Flink : Streaming Scala                                            [jar]
[INFO] Flink : Table : API Scala bridge                                   [jar]
[INFO] Flink : Test utils : Connectors                                    [jar]
[INFO] Flink : Connectors : Base                                          [jar]
[INFO] Flink : Connectors : Files                                         [jar]
[INFO] Flink : Table : Planner                                            [jar]
[INFO] Flink : Formats :                                                  [pom]
[INFO] Flink : Format : Common                                            [jar]
[INFO] Flink : Formats : Json                                             [jar]
[INFO] Flink : Table : SQL Gateway : API                                  [jar]
[INFO] Flink : Formats : Csv                                              [jar]
[INFO] Flink : Table : SQL Gateway                                        [jar]
[INFO] Flink : Formats : Avro                                             [jar]
[INFO] Flink : Formats : SQL Avro                                         [jar]
[INFO] Flink : Formats : Parquet                                          [jar]
[INFO] Flink : Formats : SQL Parquet                                      [jar]
[INFO] Flink : Formats : Orc                                              [jar]
[INFO] Flink : Formats : SQL Orc                                          [jar]
[INFO] Flink : Python                                                     [jar]
[INFO] Flink : Table : SQL Client                                         [jar]
[INFO] Flink : Connectors : Hadoop compatibility                          [jar]
[INFO] Flink : Formats : Hadoop bulk                                      [jar]
[INFO] Flink : Formats : Orc nohive                                       [jar]
[INFO] Flink : Connectors : Hive                                          [jar]
[INFO] Flink : Architecture Tests : Production                            [jar]
[INFO] Flink : FileSystems : Hadoop FS shaded                             [jar]
[INFO] Flink : FileSystems : S3 FS Base                                   [jar]
[INFO] Flink : FileSystems : S3 FS Hadoop                                 [jar]
[INFO] Flink : FileSystems : S3 FS Presto                                 [jar]
[INFO] Flink : FileSystems : OSS FS                                       [jar]
[INFO] Flink : FileSystems : Azure FS Hadoop                              [jar]
[INFO] Flink : FileSystems : Google Storage FS Hadoop                     [jar]
[INFO] Flink : Runtime web                                                [jar]
[INFO] Flink : Connectors : Datagen Tests                                 [jar]
[INFO] Flink : Connectors : SQL : Hive 2.3.9                              [jar]
[INFO] Flink : Connectors : SQL : Hive 3.1.3                              [jar]
[INFO] Flink : Formats : Avro confluent registry                          [jar]
[INFO] Flink : Formats : Sequence file                                    [jar]
[INFO] Flink : Formats : Compress                                         [jar]
[INFO] Flink : Formats : Protobuf                                         [jar]
[INFO] Flink : Formats : SQL Csv                                          [jar]
[INFO] Flink : Formats : SQL Json                                         [jar]
[INFO] Flink : Formats : SQL Avro Confluent Registry                      [jar]
[INFO] Flink : Formats : SQL Protobuf                                     [jar]
[INFO] Flink : Examples :                                                 [pom]
[INFO] Flink : Examples : Batch                                           [jar]
[INFO] Flink : Examples : Streaming                                       [jar]
[INFO] Flink : Examples : Table                                           [jar]
[INFO] Flink : Examples : Build Helper :                                  [pom]
[INFO] Flink : Examples : Build Helper : Streaming State machine          [jar]
[INFO] Flink : Container                                                  [jar]
[INFO] Flink : Queryable state : Runtime                                  [jar]
[INFO] Flink : Table : Planner Loader Bundle                              [jar]
[INFO] Flink : Table : Planner Loader                                     [jar]
[INFO] Flink : Table : Test Utils                                         [jar]
[INFO] Flink : Tests                                                      [jar]
[INFO] Flink : Dist-Scala                                                 [jar]
[INFO] Flink : Kubernetes                                                 [jar]
[INFO] Flink : Yarn                                                       [jar]
[INFO] Flink : Table : API Java Uber                                      [jar]
[INFO] Flink : External resources :                                       [pom]
[INFO] Flink : External resources : GPU                                   [jar]
[INFO] Flink : Metrics : Dropwizard                                       [jar]
[INFO] Flink : Metrics : Graphite                                         [jar]
[INFO] Flink : Metrics : InfluxDB                                         [jar]
[INFO] Flink : Metrics : Prometheus                                       [jar]
[INFO] Flink : Metrics : JMX                                              [jar]
[INFO] Flink : Metrics : StatsD                                           [jar]
[INFO] Flink : Metrics : Datadog                                          [jar]
[INFO] Flink : Metrics : Slf4j                                            [jar]
[INFO] Flink : Libraries : CEP Scala                                      [jar]
[INFO] Flink : Libraries : State processor API                            [jar]
[INFO] Flink : Dist                                                       [jar]
[INFO] Flink : Yarn Tests                                                 [jar]
[INFO] Flink : E2E Tests :                                                [pom]
[INFO] Flink : E2E Tests : CLI                                            [jar]
[INFO] Flink : E2E Tests : Parent Child classloading program              [jar]
[INFO] Flink : E2E Tests : Parent Child classloading lib-package          [jar]
[INFO] Flink : E2E Tests : Dataset allround                               [jar]
[INFO] Flink : E2E Tests : Dataset Fine-grained recovery                  [jar]
[INFO] Flink : E2E Tests : Datastream allround                            [jar]
[INFO] Flink : E2E Tests : Batch SQL                                      [jar]
[INFO] Flink : E2E Tests : Stream SQL                                     [jar]
[INFO] Flink : E2E Tests : Distributed cache via blob                     [jar]
[INFO] Flink : E2E Tests : High parallelism iterations                    [jar]
[INFO] Flink : E2E Tests : Stream stateful job upgrade                    [jar]
[INFO] Flink : E2E Tests : Queryable state                                [jar]
[INFO] Flink : E2E Tests : Local recovery and allocation                  [jar]
[INFO] Flink : Quickstart :                                               [pom]
[INFO] Flink : Quickstart : Java                              [maven-archetype]
[INFO] Flink : E2E Tests : Quickstart : Dummy-Dependency                  [jar]
[INFO] Flink : E2E Tests : Quickstart                                     [jar]
[INFO] Flink : E2E Tests : Confluent schema registry                      [jar]
[INFO] Flink : E2E Tests : Stream state TTL                               [jar]
[INFO] Flink : E2E Tests : Common                                         [jar]
[INFO] Flink : E2E Tests : SQL client                                     [jar]
[INFO] Flink : E2E Tests : SQL Gateway                                    [jar]
[INFO] Flink : E2E Tests : File sink                                      [jar]
[INFO] Flink : E2E Tests : State evolution                                [jar]
[INFO] Flink : E2E Tests : RocksDB state memory control                   [jar]
[INFO] Flink : E2E Tests : Metrics availability                           [jar]
[INFO] Flink : E2E Tests : Metrics reporter prometheus                    [jar]
[INFO] Flink : E2E Tests : Heavy deployment                               [jar]
[INFO] Flink : E2E Tests : Plugins :                                      [pom]
[INFO] Flink : E2E Tests : Plugins : Dummy fs                             [jar]
[INFO] Flink : E2E Tests : Plugins : Another dummy fs                     [jar]
[INFO] Flink : E2E Tests : TPCH                                           [jar]
[INFO] Flink : E2E Tests : TPCDS                                          [jar]
[INFO] Flink : E2E Tests : Netty shuffle memory control                   [jar]
[INFO] Flink : E2E Tests : Python                                         [jar]
[INFO] Flink : E2E Tests : Scala                                          [jar]
[INFO] Flink : E2E Tests : SQL                                            [jar]
[INFO] Flink : Table : SQL Jdbc Driver                                    [jar]
[INFO] Flink : Table : SQL Jdbc Driver Bundle                             [jar]
[INFO] Flink : E2E Tests : JDBC Driver                                    [jar]
[INFO] Flink : E2E Tests : Hive                                           [jar]
[INFO] Flink : E2E Tests : Rest Client                                    [jar]
[INFO] Flink : E2E Tests : Failure Enricher Test                          [jar]
[INFO] Flink : State backends : Heap spillable                            [jar]
[INFO] Flink : Contrib :                                                  [pom]
[INFO] Flink : Contrib : Connectors : Wikiedits                           [jar]
[INFO] Flink : FileSystems : Tests                                        [jar]
[INFO] Flink : Docs                                                       [jar]
[INFO] Flink : Walkthrough :                                              [pom]
[INFO] Flink : Walkthrough : Common                                       [jar]
[INFO] Flink : Walkthrough : Datastream Java                  [maven-archetype]
[INFO] Flink : Tools : CI : Java                                          [jar]
[INFO] 
[INFO] -------------------< org.apache.flink:flink-parent >--------------------
[INFO] Building Flink : 1.19-SNAPSHOT                                   [1/175]
[INFO]   from pom.xml
[INFO] --------------------------------[ pom ]---------------------------------
[INFO] 
[INFO] --- clean:3.1.0:clean (default-clean) @ flink-parent ---
[INFO] Deleting /home/runner/work/sonar-analysis/sonar-analysis/project (includes = [dependency-reduced-pom.xml], excludes = [])
[INFO] 
[INFO] --- apache-rat:0.13:check (default) @ flink-parent ---
[INFO] RAT will not execute since it is configured to be skipped via system property 'rat.skip'.
[INFO] 
[INFO] --- checkstyle:3.1.2:check (validate) @ flink-parent ---
[INFO] 
[INFO] --- spotless:2.27.1:check (spotless-check) @ flink-parent ---
[INFO] 
[INFO] --- enforcer:3.1.0:enforce (enforce-maven-version) @ flink-parent ---
[INFO] Skipping Rule Enforcement.
[INFO] 
[INFO] --- enforcer:3.1.0:enforce (enforce-maven) @ flink-parent ---
[INFO] Skipping Rule Enforcement.
[INFO] 
[INFO] --- enforcer:3.1.0:enforce (ban-unsafe-snakeyaml) @ flink-parent ---
[INFO] Skipping Rule Enforcement.
[INFO] 
[INFO] --- enforcer:3.1.0:enforce (ban-unsafe-jackson) @ flink-parent ---
[INFO] Skipping Rule Enforcement.
[INFO] 
[INFO] --- enforcer:3.1.0:enforce (forbid-log4j-1) @ flink-parent ---
[INFO] Skipping Rule Enforcement.
[INFO] 
[INFO] --- enforcer:3.1.0:enforce (forbid-direct-akka-rpc-dependencies) @ flink-parent ---
[INFO] Skipping Rule Enforcement.
[INFO] 
[INFO] --- enforcer:3.1.0:enforce (forbid-direct-table-planner-dependencies) @ flink-parent ---
[INFO] Skipping Rule Enforcement.
[INFO] 
[INFO] --- directory:0.1:directory-of (directories) @ flink-parent ---
[INFO] Directory of org.apache.flink:flink-parent set to: /home/runner/work/sonar-analysis/sonar-analysis/project
[INFO] 
[INFO] --- remote-resources:1.5:process (process-resource-bundles) @ flink-parent ---
[INFO] 
[INFO] --- surefire:3.2.2:test (default-test) @ flink-parent ---
[INFO] Tests are skipped.
[INFO] 
[INFO] --- shade:3.5.1:shade (shade-flink) @ flink-parent ---
[INFO] Including org.apache.flink:flink-shaded-force-shading:jar:18.0 in the shaded jar.
[INFO] Excluding org.slf4j:slf4j-api:jar:1.7.36 from the shaded jar.
[INFO] Excluding com.google.code.findbugs:jsr305:jar:1.3.9 from the shaded jar.
[INFO] No artifact matching filter io.netty:netty
[INFO] Dependency-reduced POM written at: /home/runner/work/sonar-analysis/sonar-analysis/project/dependency-reduced-pom.xml
[INFO] Replacing original artifact with shaded artifact.
[INFO] 
[INFO] --- cyclonedx:2.7.7:makeBom (default) @ flink-parent ---
[INFO] Artifact org.slf4j:slf4j-api:jar:1.7.36 is present in the local repository, but cached from a remote repository ID that is unavailable in current build context, verifying that is downloadable from [central (https://repo.maven.apache.org/maven2, default, releases), apache.snapshots (https://repository.apache.org/snapshots, default, snapshots)]
[INFO] Artifact org.slf4j:slf4j-api:jar:1.7.36 is present in the local repository, but cached from a remote repository ID that is unavailable in current build context, verifying that is downloadable from [central (https://repo.maven.apache.org/maven2, default, releases), apache.snapshots (https://repository.apache.org/snapshots, default, snapshots)]
[INFO] CycloneDX: Resolving Dependencies
[INFO] CycloneDX: Creating BOM version 1.4 with 3 component(s)
[INFO] CycloneDX: Writing and validating BOM (XML): /home/runner/work/sonar-analysis/sonar-analysis/project/target/bom.xml
[INFO]            attaching as flink-parent-1.19-SNAPSHOT-cyclonedx.xml
[INFO] CycloneDX: Writing and validating BOM (JSON): /home/runner/work/sonar-analysis/sonar-analysis/project/target/bom.json
[WARNING] Unknown keyword additionalItems - you should define your own Meta Schema. If the keyword is irrelevant for validation, just use a NonValidationKeyword
[INFO]            attaching as flink-parent-1.19-SNAPSHOT-cyclonedx.json
[INFO] 
[INFO] --- surefire:3.2.2:test (integration-tests) @ flink-parent ---
[INFO] Tests are skipped.
[INFO] 
[INFO] --- japicmp:0.17.1:cmp (default) @ flink-parent ---
[INFO] Skipping execution because parameter 'skipPomModules' was set to true and this is artifact is of type pom.
[INFO] 
[INFO] --- install:2.5.2:install (default-install) @ flink-parent ---
[INFO] Installing /home/runner/work/sonar-analysis/sonar-analysis/project/dependency-reduced-pom.xml to /home/runner/.m2/repository/org/apache/flink/flink-parent/1.19-SNAPSHOT/flink-parent-1.19-SNAPSHOT.pom
[INFO] Installing /home/runner/work/sonar-analysis/sonar-analysis/project/target/bom.xml to /home/runner/.m2/repository/org/apache/flink/flink-parent/1.19-SNAPSHOT/flink-parent-1.19-SNAPSHOT-cyclonedx.xml
[INFO] Installing /home/runner/work/sonar-analysis/sonar-analysis/project/target/bom.json to /home/runner/.m2/repository/org/apache/flink/flink-parent/1.19-SNAPSHOT/flink-parent-1.19-SNAPSHOT-cyclonedx.json
[INFO] 
[INFO] -----------------< org.apache.flink:flink-annotations >-----------------
[INFO] Building Flink : Annotations 1.19-SNAPSHOT                       [2/175]
[INFO]   from flink-annotations/pom.xml
[INFO] --------------------------------[ jar ]---------------------------------
[INFO] 
[INFO] --- clean:3.1.0:clean (default-clean) @ flink-annotations ---
[INFO] Deleting /home/runner/work/sonar-analysis/sonar-analysis/project/flink-annotations (includes = [dependency-reduced-pom.xml], excludes = [])
[INFO] 
[INFO] --- checkstyle:3.1.2:check (validate) @ flink-annotations ---
[INFO] 
[INFO] --- spotless:2.27.1:check (spotless-check) @ flink-annotations ---
[INFO] 
[INFO] --- enforcer:3.1.0:enforce (enforce-maven-version) @ flink-annotations ---
[INFO] Skipping Rule Enforcement.
[INFO] 
[INFO] --- enforcer:3.1.0:enforce (enforce-maven) @ flink-annotations ---
[INFO] Skipping Rule Enforcement.
[INFO] 
[INFO] --- enforcer:3.1.0:enforce (ban-unsafe-snakeyaml) @ flink-annotations ---
[INFO] Skipping Rule Enforcement.
[INFO] 
[INFO] --- enforcer:3.1.0:enforce (ban-unsafe-jackson) @ flink-annotations ---
[INFO] Skipping Rule Enforcement.
[INFO] 
[INFO] --- enforcer:3.1.0:enforce (forbid-log4j-1) @ flink-annotations ---
[INFO] Skipping Rule Enforcement.
[INFO] 
[INFO] --- enforcer:3.1.0:enforce (forbid-direct-akka-rpc-dependencies) @ flink-annotations ---
[INFO] Skipping Rule Enforcement.
[INFO] 
[INFO] --- enforcer:3.1.0:enforce (forbid-direct-table-planner-dependencies) @ flink-annotations ---
[INFO] Skipping Rule Enforcement.
[INFO] 
[INFO] --- directory:0.1:directory-of (directories) @ flink-annotations ---
[INFO] Directory of org.apache.flink:flink-parent set to: /home/runner/work/sonar-analysis/sonar-analysis/project
[INFO] 
[INFO] --- remote-resources:1.5:process (process-resource-bundles) @ flink-annotations ---
[INFO] 
[INFO] --- resources:3.1.0:resources (default-resources) @ flink-annotations ---
[INFO] Using 'UTF-8' encoding to copy filtered resources.
[INFO] skip non existing resourceDirectory /home/runner/work/sonar-analysis/sonar-analysis/project/flink-annotations/src/main/resources
[INFO] Copying 3 resources
[INFO] 
[INFO] --- compiler:3.8.0:compile (default-compile) @ flink-annotations ---
[INFO] Compiling 10 source files to /home/runner/work/sonar-analysis/sonar-analysis/project/flink-annotations/target/classes
[INFO] 
[INFO] --- resources:3.1.0:testResources (default-testResources) @ flink-annotations ---
[INFO] Using 'UTF-8' encoding to copy filtered resources.
[INFO] skip non existing resourceDirectory /home/runner/work/sonar-analysis/sonar-analysis/project/flink-annotations/src/test/resources
[INFO] Copying 3 resources
[INFO] 
[INFO] --- compiler:3.8.0:testCompile (default-testCompile) @ flink-annotations ---
[INFO] No sources to compile
[INFO] 
[INFO] --- surefire:3.2.2:test (default-test) @ flink-annotations ---
[INFO] Tests are skipped.
[INFO] 
[INFO] --- jar:2.4:jar (default-jar) @ flink-annotations ---
[INFO] Building jar: /home/runner/work/sonar-analysis/sonar-analysis/project/flink-annotations/target/flink-annotations-1.19-SNAPSHOT.jar
[INFO] 
[INFO] --- shade:3.5.1:shade (shade-flink) @ flink-annotations ---
[INFO] Including org.apache.flink:flink-shaded-force-shading:jar:18.0 in the shaded jar.
[INFO] Excluding org.slf4j:slf4j-api:jar:1.7.36 from the shaded jar.
[INFO] Excluding com.google.code.findbugs:jsr305:jar:1.3.9 from the shaded jar.
[INFO] No artifact matching filter io.netty:netty
[INFO] Dependency-reduced POM written at: /home/runner/work/sonar-analysis/sonar-analysis/project/flink-annotations/dependency-reduced-pom.xml
[INFO] Replacing original artifact with shaded artifact.
[INFO] Replacing /home/runner/work/sonar-analysis/sonar-analysis/project/flink-annotations/target/flink-annotations-1.19-SNAPSHOT.jar with /home/runner/work/sonar-analysis/sonar-analysis/project/flink-annotations/target/flink-annotations-1.19-SNAPSHOT-shaded.jar
[INFO] 
[INFO] --- cyclonedx:2.7.7:makeBom (default) @ flink-annotations ---
[INFO] CycloneDX: Resolving Dependencies
[INFO] CycloneDX: Creating BOM version 1.4 with 3 component(s)
[INFO] CycloneDX: Writing and validating BOM (XML): /home/runner/work/sonar-analysis/sonar-analysis/project/flink-annotations/target/bom.xml
[INFO]            attaching as flink-annotations-1.19-SNAPSHOT-cyclonedx.xml
[INFO] CycloneDX: Writing and validating BOM (JSON): /home/runner/work/sonar-analysis/sonar-analysis/project/flink-annotations/target/bom.json
[INFO]            attaching as flink-annotations-1.19-SNAPSHOT-cyclonedx.json
[INFO] 
[INFO] --- surefire:3.2.2:test (integration-tests) @ flink-annotations ---
[INFO] Tests are skipped.
[INFO] 
[INFO] --- japicmp:0.17.1:cmp (default) @ flink-annotations ---
[INFO] Written file '/home/runner/work/sonar-analysis/sonar-analysis/project/tools/japicmp-output/flink-annotations/japicmp/japicmp.diff'.
[INFO] Written file '/home/runner/work/sonar-analysis/sonar-analysis/project/tools/japicmp-output/flink-annotations/japicmp/japicmp.xml'.
[INFO] Written file '/home/runner/work/sonar-analysis/sonar-analysis/project/tools/japicmp-output/flink-annotations/japicmp/japicmp.html'.
[INFO] 
[INFO] --- install:2.5.2:install (default-install) @ flink-annotations ---
[INFO] Installing /home/runner/work/sonar-analysis/sonar-analysis/project/flink-annotations/target/flink-annotations-1.19-SNAPSHOT.jar to /home/runner/.m2/repository/org/apache/flink/flink-annotations/1.19-SNAPSHOT/flink-annotations-1.19-SNAPSHOT.jar
[INFO] Installing /home/runner/work/sonar-analysis/sonar-analysis/project/flink-annotations/dependency-reduced-pom.xml to /home/runner/.m2/repository/org/apache/flink/flink-annotations/1.19-SNAPSHOT/flink-annotations-1.19-SNAPSHOT.pom
[INFO] Installing /home/runner/work/sonar-analysis/sonar-analysis/project/flink-annotations/target/bom.xml to /home/runner/.m2/repository/org/apache/flink/flink-annotations/1.19-SNAPSHOT/flink-annotations-1.19-SNAPSHOT-cyclonedx.xml
[INFO] Installing /home/runner/work/sonar-analysis/sonar-analysis/project/flink-annotations/target/bom.json to /home/runner/.m2/repository/org/apache/flink/flink-annotations/1.19-SNAPSHOT/flink-annotations-1.19-SNAPSHOT-cyclonedx.json
[INFO] 
[INFO] -------------< org.apache.flink:flink-architecture-tests >--------------
[INFO] Building Flink : Architecture Tests 1.19-SNAPSHOT                [3/175]
[INFO]   from flink-architecture-tests/pom.xml
[INFO] --------------------------------[ pom ]---------------------------------
[INFO] 
[INFO] --- clean:3.1.0:clean (default-clean) @ flink-architecture-tests ---
[INFO] Deleting /home/runner/work/sonar-analysis/sonar-analysis/project/flink-architecture-tests (includes = [dependency-reduced-pom.xml], excludes = [])
[INFO] 
[INFO] --- checkstyle:3.1.2:check (validate) @ flink-architecture-tests ---
[INFO] 
[INFO] --- spotless:2.27.1:check (spotless-check) @ flink-architecture-tests ---
[INFO] 
[INFO] --- enforcer:3.1.0:enforce (enforce-maven-version) @ flink-architecture-tests ---
[INFO] Skipping Rule Enforcement.
[INFO] 
[INFO] --- enforcer:3.1.0:enforce (enforce-maven) @ flink-architecture-tests ---
[INFO] Skipping Rule Enforcement.
[INFO] 
[INFO] --- enforcer:3.1.0:enforce (ban-unsafe-snakeyaml) @ flink-architecture-tests ---
[INFO] Skipping Rule Enforcement.
[INFO] 
[INFO] --- enforcer:3.1.0:enforce (ban-unsafe-jackson) @ flink-architecture-tests ---
[INFO] Skipping Rule Enforcement.
[INFO] 
[INFO] --- enforcer:3.1.0:enforce (forbid-log4j-1) @ flink-architecture-tests ---
[INFO] Skipping Rule Enforcement.
[INFO] 
[INFO] --- enforcer:3.1.0:enforce (forbid-direct-akka-rpc-dependencies) @ flink-architecture-tests ---
[INFO] Skipping Rule Enforcement.
[INFO] 
[INFO] --- enforcer:3.1.0:enforce (forbid-direct-table-planner-dependencies) @ flink-architecture-tests ---
[INFO] Skipping Rule Enforcement.
[INFO] 
[INFO] --- directory:0.1:directory-of (directories) @ flink-architecture-tests ---
[INFO] Directory of org.apache.flink:flink-parent set to: /home/runner/work/sonar-analysis/sonar-analysis/project
[INFO] 
[INFO] --- remote-resources:1.5:process (process-resource-bundles) @ flink-architecture-tests ---
[INFO] 
[INFO] --- surefire:3.2.2:test (default-test) @ flink-architecture-tests ---
[INFO] Tests are skipped.
[INFO] 
[INFO] --- shade:3.5.1:shade (shade-flink) @ flink-architecture-tests ---
[INFO] Including org.apache.flink:flink-shaded-force-shading:jar:18.0 in the shaded jar.
[INFO] Excluding org.slf4j:slf4j-api:jar:1.7.36 from the shaded jar.
[INFO] Excluding com.google.code.findbugs:jsr305:jar:1.3.9 from the shaded jar.
[INFO] No artifact matching filter io.netty:netty
[INFO] Dependency-reduced POM written at: /home/runner/work/sonar-analysis/sonar-analysis/project/flink-architecture-tests/dependency-reduced-pom.xml
[INFO] Replacing original artifact with shaded artifact.
[INFO] 
[INFO] --- cyclonedx:2.7.7:makeBom (default) @ flink-architecture-tests ---
[INFO] CycloneDX: Resolving Dependencies
[INFO] CycloneDX: Creating BOM version 1.4 with 3 component(s)
[INFO] CycloneDX: Writing and validating BOM (XML): /home/runner/work/sonar-analysis/sonar-analysis/project/flink-architecture-tests/target/bom.xml
[INFO]            attaching as flink-architecture-tests-1.19-SNAPSHOT-cyclonedx.xml
[INFO] CycloneDX: Writing and validating BOM (JSON): /home/runner/work/sonar-analysis/sonar-analysis/project/flink-architecture-tests/target/bom.json
[INFO]            attaching as flink-architecture-tests-1.19-SNAPSHOT-cyclonedx.json
[INFO] 
[INFO] --- surefire:3.2.2:test (integration-tests) @ flink-architecture-tests ---
[INFO] Tests are skipped.
[INFO] 
[INFO] --- japicmp:0.17.1:cmp (default) @ flink-architecture-tests ---
[INFO] Skipping execution because parameter 'skipPomModules' was set to true and this is artifact is of type pom.
[INFO] 
[INFO] --- install:2.5.2:install (default-install) @ flink-architecture-tests ---
[INFO] Installing /home/runner/work/sonar-analysis/sonar-analysis/project/flink-architecture-tests/dependency-reduced-pom.xml to /home/runner/.m2/repository/org/apache/flink/flink-architecture-tests/1.19-SNAPSHOT/flink-architecture-tests-1.19-SNAPSHOT.pom
[INFO] Installing /home/runner/work/sonar-analysis/sonar-analysis/project/flink-architecture-tests/target/bom.xml to /home/runner/.m2/repository/org/apache/flink/flink-architecture-tests/1.19-SNAPSHOT/flink-architecture-tests-1.19-SNAPSHOT-cyclonedx.xml
[INFO] Installing /home/runner/work/sonar-analysis/sonar-analysis/project/flink-architecture-tests/target/bom.json to /home/runner/.m2/repository/org/apache/flink/flink-architecture-tests/1.19-SNAPSHOT/flink-architecture-tests-1.19-SNAPSHOT-cyclonedx.json
[INFO] 
[INFO] -----------< org.apache.flink:flink-architecture-tests-base >-----------
[INFO] Building Flink : Architecture Tests : Base 1.19-SNAPSHOT         [4/175]
[INFO]   from flink-architecture-tests/flink-architecture-tests-base/pom.xml
[INFO] --------------------------------[ jar ]---------------------------------
[INFO] 
[INFO] --- clean:3.1.0:clean (default-clean) @ flink-architecture-tests-base ---
[INFO] Deleting /home/runner/work/sonar-analysis/sonar-analysis/project/flink-architecture-tests/flink-architecture-tests-base (includes = [dependency-reduced-pom.xml], excludes = [])
[INFO] 
[INFO] --- checkstyle:3.1.2:check (validate) @ flink-architecture-tests-base ---
[INFO] 
[INFO] --- spotless:2.27.1:check (spotless-check) @ flink-architecture-tests-base ---
[INFO] 
[INFO] --- enforcer:3.1.0:enforce (enforce-maven-version) @ flink-architecture-tests-base ---
[INFO] Skipping Rule Enforcement.
[INFO] 
[INFO] --- enforcer:3.1.0:enforce (enforce-maven) @ flink-architecture-tests-base ---
[INFO] Skipping Rule Enforcement.
[INFO] 
[INFO] --- enforcer:3.1.0:enforce (ban-unsafe-snakeyaml) @ flink-architecture-tests-base ---
[INFO] Skipping Rule Enforcement.
[INFO] 
[INFO] --- enforcer:3.1.0:enforce (ban-unsafe-jackson) @ flink-architecture-tests-base ---
[INFO] Skipping Rule Enforcement.
[INFO] 
[INFO] --- enforcer:3.1.0:enforce (forbid-log4j-1) @ flink-architecture-tests-base ---
[INFO] Skipping Rule Enforcement.
[INFO] 
[INFO] --- enforcer:3.1.0:enforce (forbid-direct-akka-rpc-dependencies) @ flink-architecture-tests-base ---
[INFO] Skipping Rule Enforcement.
[INFO] 
[INFO] --- enforcer:3.1.0:enforce (forbid-direct-table-planner-dependencies) @ flink-architecture-tests-base ---
[INFO] Skipping Rule Enforcement.
[INFO] 
[INFO] --- directory:0.1:directory-of (directories) @ flink-architecture-tests-base ---
[INFO] Directory of org.apache.flink:flink-parent set to: /home/runner/work/sonar-analysis/sonar-analysis/project
[INFO] 
[INFO] --- remote-resources:1.5:process (process-resource-bundles) @ flink-architecture-tests-base ---
[INFO] 
[INFO] --- resources:3.1.0:resources (default-resources) @ flink-architecture-tests-base ---
[INFO] Using 'UTF-8' encoding to copy filtered resources.
[INFO] skip non existing resourceDirectory /home/runner/work/sonar-analysis/sonar-analysis/project/flink-architecture-tests/flink-architecture-tests-base/src/main/resources
[INFO] Copying 3 resources
[INFO] 
[INFO] --- compiler:3.8.0:compile (default-compile) @ flink-architecture-tests-base ---
[INFO] Compiling 6 source files to /home/runner/work/sonar-analysis/sonar-analysis/project/flink-architecture-tests/flink-architecture-tests-base/target/classes
[INFO] 
[INFO] --- resources:3.1.0:testResources (default-testResources) @ flink-architecture-tests-base ---
[INFO] Using 'UTF-8' encoding to copy filtered resources.
[INFO] skip non existing resourceDirectory /home/runner/work/sonar-analysis/sonar-analysis/project/flink-architecture-tests/flink-architecture-tests-base/src/test/resources
[INFO] Copying 3 resources
[INFO] 
[INFO] --- compiler:3.8.0:testCompile (default-testCompile) @ flink-architecture-tests-base ---
[INFO] Compiling 1 source file to /home/runner/work/sonar-analysis/sonar-analysis/project/flink-architecture-tests/flink-architecture-tests-base/target/test-classes
[INFO] 
[INFO] --- surefire:3.2.2:test (default-test) @ flink-architecture-tests-base ---
[INFO] Tests are skipped.
[INFO] 
[INFO] --- jar:2.4:jar (default-jar) @ flink-architecture-tests-base ---
[INFO] Building jar: /home/runner/work/sonar-analysis/sonar-analysis/project/flink-architecture-tests/flink-architecture-tests-base/target/flink-architecture-tests-base-1.19-SNAPSHOT.jar
[INFO] 
[INFO] --- shade:3.5.1:shade (shade-flink) @ flink-architecture-tests-base ---
[INFO] Including org.apache.flink:flink-shaded-force-shading:jar:18.0 in the shaded jar.
[INFO] Excluding com.tngtech.archunit:archunit:jar:1.2.0 from the shaded jar.
[INFO] Excluding org.slf4j:slf4j-api:jar:1.7.36 from the shaded jar.
[INFO] Excluding com.google.code.findbugs:jsr305:jar:1.3.9 from the shaded jar.
[INFO] No artifact matching filter io.netty:netty
[INFO] Dependency-reduced POM written at: /home/runner/work/sonar-analysis/sonar-analysis/project/flink-architecture-tests/flink-architecture-tests-base/dependency-reduced-pom.xml
[INFO] Replacing original artifact with shaded artifact.
[INFO] Replacing /home/runner/work/sonar-analysis/sonar-analysis/project/flink-architecture-tests/flink-architecture-tests-base/target/flink-architecture-tests-base-1.19-SNAPSHOT.jar with /home/runner/work/sonar-analysis/sonar-analysis/project/flink-architecture-tests/flink-architecture-tests-base/target/flink-architecture-tests-base-1.19-SNAPSHOT-shaded.jar
[INFO] 
[INFO] --- cyclonedx:2.7.7:makeBom (default) @ flink-architecture-tests-base ---
[INFO] CycloneDX: Resolving Dependencies
[INFO] CycloneDX: Creating BOM version 1.4 with 4 component(s)
[INFO] CycloneDX: Writing and validating BOM (XML): /home/runner/work/sonar-analysis/sonar-analysis/project/flink-architecture-tests/flink-architecture-tests-base/target/bom.xml
[INFO]            attaching as flink-architecture-tests-base-1.19-SNAPSHOT-cyclonedx.xml
[INFO] CycloneDX: Writing and validating BOM (JSON): /home/runner/work/sonar-analysis/sonar-analysis/project/flink-architecture-tests/flink-architecture-tests-base/target/bom.json
[INFO]            attaching as flink-architecture-tests-base-1.19-SNAPSHOT-cyclonedx.json
[INFO] 
[INFO] --- surefire:3.2.2:test (integration-tests) @ flink-architecture-tests-base ---
[INFO] Tests are skipped.
[INFO] 
[INFO] --- japicmp:0.17.1:cmp (default) @ flink-architecture-tests-base ---
[INFO] Written file '/home/runner/work/sonar-analysis/sonar-analysis/project/tools/japicmp-output/flink-architecture-tests-base/japicmp/japicmp.diff'.
[INFO] Written file '/home/runner/work/sonar-analysis/sonar-analysis/project/tools/japicmp-output/flink-architecture-tests-base/japicmp/japicmp.xml'.
[INFO] Written file '/home/runner/work/sonar-analysis/sonar-analysis/project/tools/japicmp-output/flink-architecture-tests-base/japicmp/japicmp.html'.
[INFO] 
[INFO] --- install:2.5.2:install (default-install) @ flink-architecture-tests-base ---
[INFO] Installing /home/runner/work/sonar-analysis/sonar-analysis/project/flink-architecture-tests/flink-architecture-tests-base/target/flink-architecture-tests-base-1.19-SNAPSHOT.jar to /home/runner/.m2/repository/org/apache/flink/flink-architecture-tests-base/1.19-SNAPSHOT/flink-architecture-tests-base-1.19-SNAPSHOT.jar
[INFO] Installing /home/runner/work/sonar-analysis/sonar-analysis/project/flink-architecture-tests/flink-architecture-tests-base/dependency-reduced-pom.xml to /home/runner/.m2/repository/org/apache/flink/flink-architecture-tests-base/1.19-SNAPSHOT/flink-architecture-tests-base-1.19-SNAPSHOT.pom
[INFO] Installing /home/runner/work/sonar-analysis/sonar-analysis/project/flink-architecture-tests/flink-architecture-tests-base/target/bom.xml to /home/runner/.m2/repository/org/apache/flink/flink-architecture-tests-base/1.19-SNAPSHOT/flink-architecture-tests-base-1.19-SNAPSHOT-cyclonedx.xml
[INFO] Installing /home/runner/work/sonar-analysis/sonar-analysis/project/flink-architecture-tests/flink-architecture-tests-base/target/bom.json to /home/runner/.m2/repository/org/apache/flink/flink-architecture-tests-base/1.19-SNAPSHOT/flink-architecture-tests-base-1.19-SNAPSHOT-cyclonedx.json
[INFO] 
[INFO] --------------< org.apache.flink:flink-test-utils-parent >--------------
[INFO] Building Flink : Test utils : 1.19-SNAPSHOT                      [5/175]
[INFO]   from flink-test-utils-parent/pom.xml
[INFO] --------------------------------[ pom ]---------------------------------
[INFO] 
[INFO] --- clean:3.1.0:clean (default-clean) @ flink-test-utils-parent ---
[INFO] Deleting /home/runner/work/sonar-analysis/sonar-analysis/project/flink-test-utils-parent (includes = [dependency-reduced-pom.xml], excludes = [])
[INFO] 
[INFO] --- checkstyle:3.1.2:check (validate) @ flink-test-utils-parent ---
[INFO] 
[INFO] --- spotless:2.27.1:check (spotless-check) @ flink-test-utils-parent ---
[INFO] 
[INFO] --- enforcer:3.1.0:enforce (enforce-maven-version) @ flink-test-utils-parent ---
[INFO] Skipping Rule Enforcement.
[INFO] 
[INFO] --- enforcer:3.1.0:enforce (enforce-maven) @ flink-test-utils-parent ---
[INFO] Skipping Rule Enforcement.
[INFO] 
[INFO] --- enforcer:3.1.0:enforce (ban-unsafe-snakeyaml) @ flink-test-utils-parent ---
[INFO] Skipping Rule Enforcement.
[INFO] 
[INFO] --- enforcer:3.1.0:enforce (ban-unsafe-jackson) @ flink-test-utils-parent ---
[INFO] Skipping Rule Enforcement.
[INFO] 
[INFO] --- enforcer:3.1.0:enforce (forbid-log4j-1) @ flink-test-utils-parent ---
[INFO] Skipping Rule Enforcement.
[INFO] 
[INFO] --- enforcer:3.1.0:enforce (forbid-direct-akka-rpc-dependencies) @ flink-test-utils-parent ---
[INFO] Skipping Rule Enforcement.
[INFO] 
[INFO] --- enforcer:3.1.0:enforce (forbid-direct-table-planner-dependencies) @ flink-test-utils-parent ---
[INFO] Skipping Rule Enforcement.
[INFO] 
[INFO] --- directory:0.1:directory-of (directories) @ flink-test-utils-parent ---
[INFO] Directory of org.apache.flink:flink-parent set to: /home/runner/work/sonar-analysis/sonar-analysis/project
[INFO] 
[INFO] --- remote-resources:1.5:process (process-resource-bundles) @ flink-test-utils-parent ---
[INFO] 
[INFO] --- surefire:3.2.2:test (default-test) @ flink-test-utils-parent ---
[INFO] Tests are skipped.
[INFO] 
[INFO] --- shade:3.5.1:shade (shade-flink) @ flink-test-utils-parent ---
[INFO] Including org.apache.flink:flink-shaded-force-shading:jar:18.0 in the shaded jar.
[INFO] Excluding org.slf4j:slf4j-api:jar:1.7.36 from the shaded jar.
[INFO] Excluding com.google.code.findbugs:jsr305:jar:1.3.9 from the shaded jar.
[INFO] No artifact matching filter io.netty:netty
[INFO] Dependency-reduced POM written at: /home/runner/work/sonar-analysis/sonar-analysis/project/flink-test-utils-parent/dependency-reduced-pom.xml
[INFO] Replacing original artifact with shaded artifact.
[INFO] 
[INFO] --- cyclonedx:2.7.7:makeBom (default) @ flink-test-utils-parent ---
[INFO] CycloneDX: Resolving Dependencies
[INFO] CycloneDX: Creating BOM version 1.4 with 3 component(s)
[INFO] CycloneDX: Writing and validating BOM (XML): /home/runner/work/sonar-analysis/sonar-analysis/project/flink-test-utils-parent/target/bom.xml
[INFO]            attaching as flink-test-utils-parent-1.19-SNAPSHOT-cyclonedx.xml
[INFO] CycloneDX: Writing and validating BOM (JSON): /home/runner/work/sonar-analysis/sonar-analysis/project/flink-test-utils-parent/target/bom.json
[INFO]            attaching as flink-test-utils-parent-1.19-SNAPSHOT-cyclonedx.json
[INFO] 
[INFO] --- surefire:3.2.2:test (integration-tests) @ flink-test-utils-parent ---
[INFO] Tests are skipped.
[INFO] 
[INFO] --- japicmp:0.17.1:cmp (default) @ flink-test-utils-parent ---
[INFO] Skipping execution because parameter 'skipPomModules' was set to true and this is artifact is of type pom.
[INFO] 
[INFO] --- install:2.5.2:install (default-install) @ flink-test-utils-parent ---
[INFO] Installing /home/runner/work/sonar-analysis/sonar-analysis/project/flink-test-utils-parent/dependency-reduced-pom.xml to /home/runner/.m2/repository/org/apache/flink/flink-test-utils-parent/1.19-SNAPSHOT/flink-test-utils-parent-1.19-SNAPSHOT.pom
[INFO] Installing /home/runner/work/sonar-analysis/sonar-analysis/project/flink-test-utils-parent/target/bom.xml to /home/runner/.m2/repository/org/apache/flink/flink-test-utils-parent/1.19-SNAPSHOT/flink-test-utils-parent-1.19-SNAPSHOT-cyclonedx.xml
[INFO] Installing /home/runner/work/sonar-analysis/sonar-analysis/project/flink-test-utils-parent/target/bom.json to /home/runner/.m2/repository/org/apache/flink/flink-test-utils-parent/1.19-SNAPSHOT/flink-test-utils-parent-1.19-SNAPSHOT-cyclonedx.json
[INFO] 
[INFO] --------------< org.apache.flink:flink-test-utils-junit >---------------
[INFO] Building Flink : Test utils : Junit 1.19-SNAPSHOT                [6/175]
[INFO]   from flink-test-utils-parent/flink-test-utils-junit/pom.xml
[INFO] --------------------------------[ jar ]---------------------------------
[INFO] 
[INFO] --- clean:3.1.0:clean (default-clean) @ flink-test-utils-junit ---
[INFO] Deleting /home/runner/work/sonar-analysis/sonar-analysis/project/flink-test-utils-parent/flink-test-utils-junit (includes = [dependency-reduced-pom.xml], excludes = [])
[INFO] 
[INFO] --- checkstyle:3.1.2:check (validate) @ flink-test-utils-junit ---
[INFO] 
[INFO] --- spotless:2.27.1:check (spotless-check) @ flink-test-utils-junit ---
[INFO] 
[INFO] --- enforcer:3.1.0:enforce (enforce-maven-version) @ flink-test-utils-junit ---
[INFO] Skipping Rule Enforcement.
[INFO] 
[INFO] --- enforcer:3.1.0:enforce (enforce-maven) @ flink-test-utils-junit ---
[INFO] Skipping Rule Enforcement.
[INFO] 
[INFO] --- enforcer:3.1.0:enforce (ban-unsafe-snakeyaml) @ flink-test-utils-junit ---
[INFO] Skipping Rule Enforcement.
[INFO] 
[INFO] --- enforcer:3.1.0:enforce (ban-unsafe-jackson) @ flink-test-utils-junit ---
[INFO] Skipping Rule Enforcement.
[INFO] 
[INFO] --- enforcer:3.1.0:enforce (forbid-log4j-1) @ flink-test-utils-junit ---
[INFO] Skipping Rule Enforcement.
[INFO] 
[INFO] --- enforcer:3.1.0:enforce (forbid-direct-akka-rpc-dependencies) @ flink-test-utils-junit ---
[INFO] Skipping Rule Enforcement.
[INFO] 
[INFO] --- enforcer:3.1.0:enforce (forbid-direct-table-planner-dependencies) @ flink-test-utils-junit ---
[INFO] Skipping Rule Enforcement.
[INFO] 
[INFO] --- directory:0.1:directory-of (directories) @ flink-test-utils-junit ---
[INFO] Directory of org.apache.flink:flink-parent set to: /home/runner/work/sonar-analysis/sonar-analysis/project
[INFO] 
[INFO] --- remote-resources:1.5:process (process-resource-bundles) @ flink-test-utils-junit ---
[INFO] 
[INFO] --- resources:3.1.0:resources (default-resources) @ flink-test-utils-junit ---
[INFO] Using 'UTF-8' encoding to copy filtered resources.
[INFO] Copying 1 resource
[INFO] Copying 3 resources
[INFO] 
[INFO] --- compiler:3.8.0:compile (default-compile) @ flink-test-utils-junit ---
[INFO] Compiling 52 source files to /home/runner/work/sonar-analysis/sonar-analysis/project/flink-test-utils-parent/flink-test-utils-junit/target/classes
[WARNING] /home/runner/work/sonar-analysis/sonar-analysis/project/flink-test-utils-parent/flink-test-utils-junit/src/main/java/org/apache/flink/util/TestSignalHandler.java:[23,16] sun.misc.Signal is internal proprietary API and may be removed in a future release
[WARNING] /home/runner/work/sonar-analysis/sonar-analysis/project/flink-test-utils-parent/flink-test-utils-junit/src/main/java/org/apache/flink/util/TestSignalHandler.java:[23,16] sun.misc.Signal is internal proprietary API and may be removed in a future release
[WARNING] /home/runner/work/sonar-analysis/sonar-analysis/project/flink-test-utils-parent/flink-test-utils-junit/src/main/java/org/apache/flink/util/TestSignalHandler.java:[23,16] sun.misc.Signal is internal proprietary API and may be removed in a future release
[WARNING] /home/runner/work/sonar-analysis/sonar-analysis/project/flink-test-utils-parent/flink-test-utils-junit/src/main/java/org/apache/flink/util/TestSignalHandler.java:[38,53] sun.misc.SignalHandler is internal proprietary API and may be removed in a future release
[WARNING] /home/runner/work/sonar-analysis/sonar-analysis/project/flink-test-utils-parent/flink-test-utils-junit/src/main/java/org/apache/flink/util/TestSignalHandler.java:[38,53] sun.misc.SignalHandler is internal proprietary API and may be removed in a future release
[WARNING] /home/runner/work/sonar-analysis/sonar-analysis/project/flink-test-utils-parent/flink-test-utils-junit/src/main/java/org/apache/flink/util/TestSignalHandler.java:[38,53] sun.misc.SignalHandler is internal proprietary API and may be removed in a future release
[WARNING] /home/runner/work/sonar-analysis/sonar-analysis/project/flink-test-utils-parent/flink-test-utils-junit/src/main/java/org/apache/flink/util/TestSignalHandler.java:[40,31] sun.misc.SignalHandler is internal proprietary API and may be removed in a future release
[WARNING] /home/runner/work/sonar-analysis/sonar-analysis/project/flink-test-utils-parent/flink-test-utils-junit/src/main/java/org/apache/flink/util/TestSignalHandler.java:[40,31] sun.misc.SignalHandler is internal proprietary API and may be removed in a future release
[WARNING] /home/runner/work/sonar-analysis/sonar-analysis/project/flink-test-utils-parent/flink-test-utils-junit/src/main/java/org/apache/flink/util/TestSignalHandler.java:[40,31] sun.misc.SignalHandler is internal proprietary API and may be removed in a future release
[WARNING] /home/runner/work/sonar-analysis/sonar-analysis/project/flink-test-utils-parent/flink-test-utils-junit/src/main/java/org/apache/flink/util/TestSignalHandler.java:[43,45] sun.misc.Signal is internal proprietary API and may be removed in a future release
[WARNING] /home/runner/work/sonar-analysis/sonar-analysis/project/flink-test-utils-parent/flink-test-utils-junit/src/main/java/org/apache/flink/util/TestSignalHandler.java:[43,27] sun.misc.Signal is internal proprietary API and may be removed in a future release
[WARNING] /home/runner/work/sonar-analysis/sonar-analysis/project/flink-test-utils-parent/flink-test-utils-junit/src/main/java/org/apache/flink/util/TestSignalHandler.java:[52,28] sun.misc.Signal is internal proprietary API and may be removed in a future release
[WARNING] /home/runner/work/sonar-analysis/sonar-analysis/project/flink-test-utils-parent/flink-test-utils-junit/src/main/java/org/apache/flink/util/TestSignalHandler.java:[52,28] sun.misc.Signal is internal proprietary API and may be removed in a future release
[WARNING] /home/runner/work/sonar-analysis/sonar-analysis/project/flink-test-utils-parent/flink-test-utils-junit/src/main/java/org/apache/flink/util/TestSignalHandler.java:[52,28] sun.misc.Signal is internal proprietary API and may be removed in a future release
[INFO] /home/runner/work/sonar-analysis/sonar-analysis/project/flink-test-utils-parent/flink-test-utils-junit/src/main/java/org/apache/flink/testutils/junit/extensions/retry/RetryExtension.java: Some input files use unchecked or unsafe operations.
[INFO] /home/runner/work/sonar-analysis/sonar-analysis/project/flink-test-utils-parent/flink-test-utils-junit/src/main/java/org/apache/flink/testutils/junit/extensions/retry/RetryExtension.java: Recompile with -Xlint:unchecked for details.
[INFO] 
[INFO] --- resources:3.1.0:testResources (default-testResources) @ flink-test-utils-junit ---
[INFO] Using 'UTF-8' encoding to copy filtered resources.
[INFO] Copying 2 resources
[INFO] Copying 3 resources
[INFO] 
[INFO] --- compiler:3.8.0:testCompile (default-testCompile) @ flink-test-utils-junit ---
[INFO] Compiling 9 source files to /home/runner/work/sonar-analysis/sonar-analysis/project/flink-test-utils-parent/flink-test-utils-junit/target/test-classes
[INFO] 
[INFO] --- surefire:3.2.2:test (default-test) @ flink-test-utils-junit ---
[INFO] Tests are skipped.
[INFO] 
[INFO] --- jar:2.4:jar (default-jar) @ flink-test-utils-junit ---
[INFO] Building jar: /home/runner/work/sonar-analysis/sonar-analysis/project/flink-test-utils-parent/flink-test-utils-junit/target/flink-test-utils-junit-1.19-SNAPSHOT.jar
[INFO] 
[INFO] --- shade:3.5.1:shade (shade-flink) @ flink-test-utils-junit ---
[INFO] Including org.apache.flink:flink-shaded-force-shading:jar:18.0 in the shaded jar.
[INFO] Excluding org.junit.jupiter:junit-jupiter:jar:5.10.1 from the shaded jar.
[INFO] Excluding org.junit.jupiter:junit-jupiter-api:jar:5.10.1 from the shaded jar.
[INFO] Excluding org.opentest4j:opentest4j:jar:1.3.0 from the shaded jar.
[INFO] Excluding org.junit.platform:junit-platform-commons:jar:1.10.1 from the shaded jar.
[INFO] Excluding org.junit.jupiter:junit-jupiter-params:jar:5.10.1 from the shaded jar.
[INFO] Excluding org.junit.jupiter:junit-jupiter-engine:jar:5.10.1 from the shaded jar.
[INFO] Excluding org.junit.vintage:junit-vintage-engine:jar:5.10.1 from the shaded jar.
[INFO] Excluding org.junit.platform:junit-platform-engine:jar:1.10.1 from the shaded jar.
[INFO] Excluding junit:junit:jar:4.13.2 from the shaded jar.
[INFO] Excluding org.hamcrest:hamcrest-core:jar:1.3 from the shaded jar.
[INFO] Excluding org.apiguardian:apiguardian-api:jar:1.1.2 from the shaded jar.
[INFO] Excluding org.assertj:assertj-core:jar:3.23.1 from the shaded jar.
[INFO] Excluding net.bytebuddy:byte-buddy:jar:1.14.4 from the shaded jar.
[INFO] Excluding org.apache.logging.log4j:log4j-slf4j-impl:jar:2.17.1 from the shaded jar.
[INFO] Excluding org.apache.logging.log4j:log4j-api:jar:2.17.1 from the shaded jar.
[INFO] Excluding org.apache.logging.log4j:log4j-core:jar:2.17.1 from the shaded jar.
[INFO] Excluding org.testcontainers:testcontainers:jar:1.19.1 from the shaded jar.
[INFO] Excluding org.apache.commons:commons-compress:jar:1.24.0 from the shaded jar.
[INFO] Excluding org.rnorth.duct-tape:duct-tape:jar:1.0.8 from the shaded jar.
[INFO] Excluding org.jetbrains:annotations:jar:17.0.0 from the shaded jar.
[INFO] Excluding com.github.docker-java:docker-java-api:jar:3.3.3 from the shaded jar.
[INFO] Excluding com.fasterxml.jackson.core:jackson-annotations:jar:2.15.3 from the shaded jar.
[INFO] Excluding com.github.docker-java:docker-java-transport-zerodep:jar:3.3.3 from the shaded jar.
[INFO] Excluding com.github.docker-java:docker-java-transport:jar:3.3.3 from the shaded jar.
[INFO] Excluding net.java.dev.jna:jna:jar:5.12.1 from the shaded jar.
[INFO] Excluding org.slf4j:slf4j-api:jar:1.7.36 from the shaded jar.
[INFO] Excluding com.google.code.findbugs:jsr305:jar:1.3.9 from the shaded jar.
[INFO] No artifact matching filter io.netty:netty
[INFO] Dependency-reduced POM written at: /home/runner/work/sonar-analysis/sonar-analysis/project/flink-test-utils-parent/flink-test-utils-junit/dependency-reduced-pom.xml
[INFO] Replacing original artifact with shaded artifact.
[INFO] Replacing /home/runner/work/sonar-analysis/sonar-analysis/project/flink-test-utils-parent/flink-test-utils-junit/target/flink-test-utils-junit-1.19-SNAPSHOT.jar with /home/runner/work/sonar-analysis/sonar-analysis/project/flink-test-utils-parent/flink-test-utils-junit/target/flink-test-utils-junit-1.19-SNAPSHOT-shaded.jar
[INFO] 
[INFO] --- cyclonedx:2.7.7:makeBom (default) @ flink-test-utils-junit ---
[INFO] CycloneDX: Resolving Dependencies
[INFO] CycloneDX: Creating BOM version 1.4 with 28 component(s)
[INFO] CycloneDX: Writing and validating BOM (XML): /home/runner/work/sonar-analysis/sonar-analysis/project/flink-test-utils-parent/flink-test-utils-junit/target/bom.xml
[INFO]            attaching as flink-test-utils-junit-1.19-SNAPSHOT-cyclonedx.xml
[INFO] CycloneDX: Writing and validating BOM (JSON): /home/runner/work/sonar-analysis/sonar-analysis/project/flink-test-utils-parent/flink-test-utils-junit/target/bom.json
[INFO]            attaching as flink-test-utils-junit-1.19-SNAPSHOT-cyclonedx.json
[INFO] 
[INFO] --- surefire:3.2.2:test (integration-tests) @ flink-test-utils-junit ---
[INFO] Tests are skipped.
[INFO] 
[INFO] --- japicmp:0.17.1:cmp (default) @ flink-test-utils-junit ---
[INFO] Written file '/home/runner/work/sonar-analysis/sonar-analysis/project/tools/japicmp-output/flink-test-utils-junit/japicmp/japicmp.diff'.
[INFO] Written file '/home/runner/work/sonar-analysis/sonar-analysis/project/tools/japicmp-output/flink-test-utils-junit/japicmp/japicmp.xml'.
[INFO] Written file '/home/runner/work/sonar-analysis/sonar-analysis/project/tools/japicmp-output/flink-test-utils-junit/japicmp/japicmp.html'.
[INFO] 
[INFO] --- install:2.5.2:install (default-install) @ flink-test-utils-junit ---
[INFO] Installing /home/runner/work/sonar-analysis/sonar-analysis/project/flink-test-utils-parent/flink-test-utils-junit/target/flink-test-utils-junit-1.19-SNAPSHOT.jar to /home/runner/.m2/repository/org/apache/flink/flink-test-utils-junit/1.19-SNAPSHOT/flink-test-utils-junit-1.19-SNAPSHOT.jar
[INFO] Installing /home/runner/work/sonar-analysis/sonar-analysis/project/flink-test-utils-parent/flink-test-utils-junit/dependency-reduced-pom.xml to /home/runner/.m2/repository/org/apache/flink/flink-test-utils-junit/1.19-SNAPSHOT/flink-test-utils-junit-1.19-SNAPSHOT.pom
[INFO] Installing /home/runner/work/sonar-analysis/sonar-analysis/project/flink-test-utils-parent/flink-test-utils-junit/target/bom.xml to /home/runner/.m2/repository/org/apache/flink/flink-test-utils-junit/1.19-SNAPSHOT/flink-test-utils-junit-1.19-SNAPSHOT-cyclonedx.xml
[INFO] Installing /home/runner/work/sonar-analysis/sonar-analysis/project/flink-test-utils-parent/flink-test-utils-junit/target/bom.json to /home/runner/.m2/repository/org/apache/flink/flink-test-utils-junit/1.19-SNAPSHOT/flink-test-utils-junit-1.19-SNAPSHOT-cyclonedx.json
[INFO] 
[INFO] -------------------< org.apache.flink:flink-metrics >-------------------
[INFO] Building Flink : Metrics : 1.19-SNAPSHOT                         [7/175]
[INFO]   from flink-metrics/pom.xml
[INFO] --------------------------------[ pom ]---------------------------------
[INFO] 
[INFO] --- clean:3.1.0:clean (default-clean) @ flink-metrics ---
[INFO] Deleting /home/runner/work/sonar-analysis/sonar-analysis/project/flink-metrics (includes = [dependency-reduced-pom.xml], excludes = [])
[INFO] 
[INFO] --- checkstyle:3.1.2:check (validate) @ flink-metrics ---
[INFO] 
[INFO] --- spotless:2.27.1:check (spotless-check) @ flink-metrics ---
[INFO] 
[INFO] --- enforcer:3.1.0:enforce (enforce-maven-version) @ flink-metrics ---
[INFO] Skipping Rule Enforcement.
[INFO] 
[INFO] --- enforcer:3.1.0:enforce (enforce-maven) @ flink-metrics ---
[INFO] Skipping Rule Enforcement.
[INFO] 
[INFO] --- enforcer:3.1.0:enforce (ban-unsafe-snakeyaml) @ flink-metrics ---
[INFO] Skipping Rule Enforcement.
[INFO] 
[INFO] --- enforcer:3.1.0:enforce (ban-unsafe-jackson) @ flink-metrics ---
[INFO] Skipping Rule Enforcement.
[INFO] 
[INFO] --- enforcer:3.1.0:enforce (forbid-log4j-1) @ flink-metrics ---
[INFO] Skipping Rule Enforcement.
[INFO] 
[INFO] --- enforcer:3.1.0:enforce (forbid-direct-akka-rpc-dependencies) @ flink-metrics ---
[INFO] Skipping Rule Enforcement.
[INFO] 
[INFO] --- enforcer:3.1.0:enforce (forbid-direct-table-planner-dependencies) @ flink-metrics ---
[INFO] Skipping Rule Enforcement.
[INFO] 
[INFO] --- directory:0.1:directory-of (directories) @ flink-metrics ---
[INFO] Directory of org.apache.flink:flink-parent set to: /home/runner/work/sonar-analysis/sonar-analysis/project
[INFO] 
[INFO] --- remote-resources:1.5:process (process-resource-bundles) @ flink-metrics ---
[INFO] 
[INFO] --- surefire:3.2.2:test (default-test) @ flink-metrics ---
[INFO] Tests are skipped.
[INFO] 
[INFO] --- shade:3.5.1:shade (shade-flink) @ flink-metrics ---
[INFO] Including org.apache.flink:flink-shaded-force-shading:jar:18.0 in the shaded jar.
[INFO] No artifact matching filter io.netty:netty
[INFO] Dependency-reduced POM written at: /home/runner/work/sonar-analysis/sonar-analysis/project/flink-metrics/dependency-reduced-pom.xml
[INFO] Replacing original artifact with shaded artifact.
[INFO] 
[INFO] --- cyclonedx:2.7.7:makeBom (default) @ flink-metrics ---
[INFO] CycloneDX: Resolving Dependencies
[INFO] CycloneDX: Creating BOM version 1.4 with 3 component(s)
[INFO] CycloneDX: Writing and validating BOM (XML): /home/runner/work/sonar-analysis/sonar-analysis/project/flink-metrics/target/bom.xml
[INFO]            attaching as flink-metrics-1.19-SNAPSHOT-cyclonedx.xml
[INFO] CycloneDX: Writing and validating BOM (JSON): /home/runner/work/sonar-analysis/sonar-analysis/project/flink-metrics/target/bom.json
[INFO]            attaching as flink-metrics-1.19-SNAPSHOT-cyclonedx.json
[INFO] 
[INFO] --- surefire:3.2.2:test (integration-tests) @ flink-metrics ---
[INFO] Tests are skipped.
[INFO] 
[INFO] --- japicmp:0.17.1:cmp (default) @ flink-metrics ---
[INFO] Skipping execution because parameter 'skipPomModules' was set to true and this is artifact is of type pom.
[INFO] 
[INFO] --- install:2.5.2:install (default-install) @ flink-metrics ---
[INFO] Installing /home/runner/work/sonar-analysis/sonar-analysis/project/flink-metrics/dependency-reduced-pom.xml to /home/runner/.m2/repository/org/apache/flink/flink-metrics/1.19-SNAPSHOT/flink-metrics-1.19-SNAPSHOT.pom
[INFO] Installing /home/runner/work/sonar-analysis/sonar-analysis/project/flink-metrics/target/bom.xml to /home/runner/.m2/repository/org/apache/flink/flink-metrics/1.19-SNAPSHOT/flink-metrics-1.19-SNAPSHOT-cyclonedx.xml
[INFO] Installing /home/runner/work/sonar-analysis/sonar-analysis/project/flink-metrics/target/bom.json to /home/runner/.m2/repository/org/apache/flink/flink-metrics/1.19-SNAPSHOT/flink-metrics-1.19-SNAPSHOT-cyclonedx.json
[INFO] 
[INFO] ----------------< org.apache.flink:flink-metrics-core >-----------------
[INFO] Building Flink : Metrics : Core 1.19-SNAPSHOT                    [8/175]
[INFO]   from flink-metrics/flink-metrics-core/pom.xml
[INFO] --------------------------------[ jar ]---------------------------------
[INFO] 
[INFO] --- clean:3.1.0:clean (default-clean) @ flink-metrics-core ---
[INFO] Deleting /home/runner/work/sonar-analysis/sonar-analysis/project/flink-metrics/flink-metrics-core (includes = [dependency-reduced-pom.xml], excludes = [])
[INFO] 
[INFO] --- checkstyle:3.1.2:check (validate) @ flink-metrics-core ---
[INFO] 
[INFO] --- spotless:2.27.1:check (spotless-check) @ flink-metrics-core ---
[INFO] 
[INFO] --- enforcer:3.1.0:enforce (enforce-maven-version) @ flink-metrics-core ---
[INFO] Skipping Rule Enforcement.
[INFO] 
[INFO] --- enforcer:3.1.0:enforce (enforce-maven) @ flink-metrics-core ---
[INFO] Skipping Rule Enforcement.
[INFO] 
[INFO] --- enforcer:3.1.0:enforce (ban-unsafe-snakeyaml) @ flink-metrics-core ---
[INFO] Skipping Rule Enforcement.
[INFO] 
[INFO] --- enforcer:3.1.0:enforce (ban-unsafe-jackson) @ flink-metrics-core ---
[INFO] Skipping Rule Enforcement.
[INFO] 
[INFO] --- enforcer:3.1.0:enforce (forbid-log4j-1) @ flink-metrics-core ---
[INFO] Skipping Rule Enforcement.
[INFO] 
[INFO] --- enforcer:3.1.0:enforce (forbid-direct-akka-rpc-dependencies) @ flink-metrics-core ---
[INFO] Skipping Rule Enforcement.
[INFO] 
[INFO] --- enforcer:3.1.0:enforce (forbid-direct-table-planner-dependencies) @ flink-metrics-core ---
[INFO] Skipping Rule Enforcement.
[INFO] 
[INFO] --- directory:0.1:directory-of (directories) @ flink-metrics-core ---
[INFO] Directory of org.apache.flink:flink-parent set to: /home/runner/work/sonar-analysis/sonar-analysis/project
[INFO] 
[INFO] --- remote-resources:1.5:process (process-resource-bundles) @ flink-metrics-core ---
[INFO] 
[INFO] --- resources:3.1.0:resources (default-resources) @ flink-metrics-core ---
[INFO] Using 'UTF-8' encoding to copy filtered resources.
[INFO] skip non existing resourceDirectory /home/runner/work/sonar-analysis/sonar-analysis/project/flink-metrics/flink-metrics-core/src/main/resources
[INFO] Copying 3 resources
[INFO] 
[INFO] --- compiler:3.8.0:compile (default-compile) @ flink-metrics-core ---
[INFO] Compiling 35 source files to /home/runner/work/sonar-analysis/sonar-analysis/project/flink-metrics/flink-metrics-core/target/classes
[INFO] 
[INFO] --- resources:3.1.0:testResources (default-testResources) @ flink-metrics-core ---
[INFO] Using 'UTF-8' encoding to copy filtered resources.
[INFO] Copying 1 resource
[INFO] Copying 3 resources
[INFO] 
[INFO] --- compiler:3.8.0:testCompile (default-testCompile) @ flink-metrics-core ---
[INFO] Compiling 7 source files to /home/runner/work/sonar-analysis/sonar-analysis/project/flink-metrics/flink-metrics-core/target/test-classes
[INFO] 
[INFO] --- surefire:3.2.2:test (default-test) @ flink-metrics-core ---
[INFO] Tests are skipped.
[INFO] 
[INFO] --- jar:2.4:jar (default-jar) @ flink-metrics-core ---
[INFO] Building jar: /home/runner/work/sonar-analysis/sonar-analysis/project/flink-metrics/flink-metrics-core/target/flink-metrics-core-1.19-SNAPSHOT.jar
[INFO] 
[INFO] --- jar:2.4:test-jar (default) @ flink-metrics-core ---
[INFO] Building jar: /home/runner/work/sonar-analysis/sonar-analysis/project/flink-metrics/flink-metrics-core/target/flink-metrics-core-1.19-SNAPSHOT-tests.jar
[INFO] 
[INFO] --- shade:3.5.1:shade (shade-flink) @ flink-metrics-core ---
[INFO] Including org.apache.flink:flink-shaded-force-shading:jar:18.0 in the shaded jar.
[INFO] Excluding org.apache.flink:flink-annotations:jar:1.19-SNAPSHOT from the shaded jar.
[INFO] No artifact matching filter io.netty:netty
[INFO] Dependency-reduced POM written at: /home/runner/work/sonar-analysis/sonar-analysis/project/flink-metrics/flink-metrics-core/dependency-reduced-pom.xml
[INFO] Replacing original artifact with shaded artifact.
[INFO] Replacing /home/runner/work/sonar-analysis/sonar-analysis/project/flink-metrics/flink-metrics-core/target/flink-metrics-core-1.19-SNAPSHOT.jar with /home/runner/work/sonar-analysis/sonar-analysis/project/flink-metrics/flink-metrics-core/target/flink-metrics-core-1.19-SNAPSHOT-shaded.jar
[INFO] 
[INFO] --- cyclonedx:2.7.7:makeBom (default) @ flink-metrics-core ---
[INFO] CycloneDX: Resolving Dependencies
[INFO] CycloneDX: Creating BOM version 1.4 with 4 component(s)
[INFO] CycloneDX: Writing and validating BOM (XML): /home/runner/work/sonar-analysis/sonar-analysis/project/flink-metrics/flink-metrics-core/target/bom.xml
[INFO]            attaching as flink-metrics-core-1.19-SNAPSHOT-cyclonedx.xml
[INFO] CycloneDX: Writing and validating BOM (JSON): /home/runner/work/sonar-analysis/sonar-analysis/project/flink-metrics/flink-metrics-core/target/bom.json
[INFO]            attaching as flink-metrics-core-1.19-SNAPSHOT-cyclonedx.json
[INFO] 
[INFO] --- surefire:3.2.2:test (integration-tests) @ flink-metrics-core ---
[INFO] Tests are skipped.
[INFO] 
[INFO] --- japicmp:0.17.1:cmp (default) @ flink-metrics-core ---
[INFO] Written file '/home/runner/work/sonar-analysis/sonar-analysis/project/tools/japicmp-output/flink-metrics-core/japicmp/japicmp.diff'.
[INFO] Written file '/home/runner/work/sonar-analysis/sonar-analysis/project/tools/japicmp-output/flink-metrics-core/japicmp/japicmp.xml'.
[INFO] Written file '/home/runner/work/sonar-analysis/sonar-analysis/project/tools/japicmp-output/flink-metrics-core/japicmp/japicmp.html'.
[INFO] 
[INFO] --- install:2.5.2:install (default-install) @ flink-metrics-core ---
[INFO] Installing /home/runner/work/sonar-analysis/sonar-analysis/project/flink-metrics/flink-metrics-core/target/flink-metrics-core-1.19-SNAPSHOT.jar to /home/runner/.m2/repository/org/apache/flink/flink-metrics-core/1.19-SNAPSHOT/flink-metrics-core-1.19-SNAPSHOT.jar
[INFO] Installing /home/runner/work/sonar-analysis/sonar-analysis/project/flink-metrics/flink-metrics-core/dependency-reduced-pom.xml to /home/runner/.m2/repository/org/apache/flink/flink-metrics-core/1.19-SNAPSHOT/flink-metrics-core-1.19-SNAPSHOT.pom
[INFO] Installing /home/runner/work/sonar-analysis/sonar-analysis/project/flink-metrics/flink-metrics-core/target/flink-metrics-core-1.19-SNAPSHOT-tests.jar to /home/runner/.m2/repository/org/apache/flink/flink-metrics-core/1.19-SNAPSHOT/flink-metrics-core-1.19-SNAPSHOT-tests.jar
[INFO] Installing /home/runner/work/sonar-analysis/sonar-analysis/project/flink-metrics/flink-metrics-core/target/bom.xml to /home/runner/.m2/repository/org/apache/flink/flink-metrics-core/1.19-SNAPSHOT/flink-metrics-core-1.19-SNAPSHOT-cyclonedx.xml
[INFO] Installing /home/runner/work/sonar-analysis/sonar-analysis/project/flink-metrics/flink-metrics-core/target/bom.json to /home/runner/.m2/repository/org/apache/flink/flink-metrics-core/1.19-SNAPSHOT/flink-metrics-core-1.19-SNAPSHOT-cyclonedx.json
[INFO] 
[INFO] -----------< org.apache.flink:flink-architecture-tests-test >-----------
[INFO] Building Flink : Architecture Tests : Test 1.19-SNAPSHOT         [9/175]
[INFO]   from flink-architecture-tests/flink-architecture-tests-test/pom.xml
[INFO] --------------------------------[ jar ]---------------------------------
[INFO] 
[INFO] --- clean:3.1.0:clean (default-clean) @ flink-architecture-tests-test ---
[INFO] Deleting /home/runner/work/sonar-analysis/sonar-analysis/project/flink-architecture-tests/flink-architecture-tests-test (includes = [dependency-reduced-pom.xml], excludes = [])
[INFO] 
[INFO] --- checkstyle:3.1.2:check (validate) @ flink-architecture-tests-test ---
[INFO] 
[INFO] --- spotless:2.27.1:check (spotless-check) @ flink-architecture-tests-test ---
[INFO] 
[INFO] --- enforcer:3.1.0:enforce (enforce-maven-version) @ flink-architecture-tests-test ---
[INFO] Skipping Rule Enforcement.
[INFO] 
[INFO] --- enforcer:3.1.0:enforce (enforce-maven) @ flink-architecture-tests-test ---
[INFO] Skipping Rule Enforcement.
[INFO] 
[INFO] --- enforcer:3.1.0:enforce (ban-unsafe-snakeyaml) @ flink-architecture-tests-test ---
[INFO] Skipping Rule Enforcement.
[INFO] 
[INFO] --- enforcer:3.1.0:enforce (ban-unsafe-jackson) @ flink-architecture-tests-test ---
[INFO] Skipping Rule Enforcement.
[INFO] 
[INFO] --- enforcer:3.1.0:enforce (forbid-log4j-1) @ flink-architecture-tests-test ---
[INFO] Skipping Rule Enforcement.
[INFO] 
[INFO] --- enforcer:3.1.0:enforce (forbid-direct-akka-rpc-dependencies) @ flink-architecture-tests-test ---
[INFO] Skipping Rule Enforcement.
[INFO] 
[INFO] --- enforcer:3.1.0:enforce (forbid-direct-table-planner-dependencies) @ flink-architecture-tests-test ---
[INFO] Skipping Rule Enforcement.
[INFO] 
[INFO] --- directory:0.1:directory-of (directories) @ flink-architecture-tests-test ---
[INFO] Directory of org.apache.flink:flink-parent set to: /home/runner/work/sonar-analysis/sonar-analysis/project
[INFO] 
[INFO] --- remote-resources:1.5:process (process-resource-bundles) @ flink-architecture-tests-test ---
[INFO] 
[INFO] --- resources:3.1.0:resources (default-resources) @ flink-architecture-tests-test ---
[INFO] Using 'UTF-8' encoding to copy filtered resources.
[INFO] skip non existing resourceDirectory /home/runner/work/sonar-analysis/sonar-analysis/project/flink-architecture-tests/flink-architecture-tests-test/src/main/resources
[INFO] Copying 3 resources
[INFO] 
[INFO] --- compiler:3.8.0:compile (default-compile) @ flink-architecture-tests-test ---
[INFO] Compiling 3 source files to /home/runner/work/sonar-analysis/sonar-analysis/project/flink-architecture-tests/flink-architecture-tests-test/target/classes
[INFO] 
[INFO] --- resources:3.1.0:testResources (default-testResources) @ flink-architecture-tests-test ---
[INFO] Using 'UTF-8' encoding to copy filtered resources.
[INFO] Copying 2 resources
[INFO] Copying 3 resources
[INFO] 
[INFO] --- compiler:3.8.0:testCompile (default-testCompile) @ flink-architecture-tests-test ---
[INFO] No sources to compile
[INFO] 
[INFO] --- surefire:3.2.2:test (default-test) @ flink-architecture-tests-test ---
[INFO] Tests are skipped.
[INFO] 
[INFO] --- jar:2.4:jar (default-jar) @ flink-architecture-tests-test ---
[INFO] Building jar: /home/runner/work/sonar-analysis/sonar-analysis/project/flink-architecture-tests/flink-architecture-tests-test/target/flink-architecture-tests-test-1.19-SNAPSHOT.jar
[INFO] 
[INFO] --- shade:3.5.1:shade (shade-flink) @ flink-architecture-tests-test ---
[INFO] Including org.apache.flink:flink-shaded-force-shading:jar:18.0 in the shaded jar.
[INFO] Excluding org.apache.flink:flink-architecture-tests-base:jar:1.19-SNAPSHOT from the shaded jar.
[INFO] Excluding com.tngtech.archunit:archunit:jar:1.2.0 from the shaded jar.
[INFO] Excluding com.tngtech.archunit:archunit-junit5:jar:1.2.0 from the shaded jar.
[INFO] Excluding com.tngtech.archunit:archunit-junit5-api:jar:1.2.0 from the shaded jar.
[INFO] Excluding com.tngtech.archunit:archunit-junit5-engine:jar:1.2.0 from the shaded jar.
[INFO] Excluding com.tngtech.archunit:archunit-junit5-engine-api:jar:1.2.0 from the shaded jar.
[INFO] Excluding org.junit.jupiter:junit-jupiter:jar:5.10.1 from the shaded jar.
[INFO] Excluding org.junit.jupiter:junit-jupiter-api:jar:5.10.1 from the shaded jar.
[INFO] Excluding org.opentest4j:opentest4j:jar:1.3.0 from the shaded jar.
[INFO] Excluding org.junit.platform:junit-platform-commons:jar:1.10.1 from the shaded jar.
[INFO] Excluding org.junit.jupiter:junit-jupiter-params:jar:5.10.1 from the shaded jar.
[INFO] Excluding org.junit.jupiter:junit-jupiter-engine:jar:5.10.1 from the shaded jar.
[INFO] Excluding org.junit.vintage:junit-vintage-engine:jar:5.10.1 from the shaded jar.
[INFO] Excluding org.junit.platform:junit-platform-engine:jar:1.10.1 from the shaded jar.
[INFO] Excluding junit:junit:jar:4.13.2 from the shaded jar.
[INFO] Excluding org.hamcrest:hamcrest-core:jar:1.3 from the shaded jar.
[INFO] Excluding org.apiguardian:apiguardian-api:jar:1.1.2 from the shaded jar.
[INFO] Excluding org.slf4j:slf4j-api:jar:1.7.36 from the shaded jar.
[INFO] Excluding com.google.code.findbugs:jsr305:jar:1.3.9 from the shaded jar.
[INFO] No artifact matching filter io.netty:netty
[INFO] Dependency-reduced POM written at: /home/runner/work/sonar-analysis/sonar-analysis/project/flink-architecture-tests/flink-architecture-tests-test/dependency-reduced-pom.xml
[INFO] Replacing original artifact with shaded artifact.
[INFO] Replacing /home/runner/work/sonar-analysis/sonar-analysis/project/flink-architecture-tests/flink-architecture-tests-test/target/flink-architecture-tests-test-1.19-SNAPSHOT.jar with /home/runner/work/sonar-analysis/sonar-analysis/project/flink-architecture-tests/flink-architecture-tests-test/target/flink-architecture-tests-test-1.19-SNAPSHOT-shaded.jar
[INFO] 
[INFO] --- cyclonedx:2.7.7:makeBom (default) @ flink-architecture-tests-test ---
[INFO] CycloneDX: Resolving Dependencies
[INFO] CycloneDX: Creating BOM version 1.4 with 20 component(s)
[INFO] CycloneDX: Writing and validating BOM (XML): /home/runner/work/sonar-analysis/sonar-analysis/project/flink-architecture-tests/flink-architecture-tests-test/target/bom.xml
[INFO]            attaching as flink-architecture-tests-test-1.19-SNAPSHOT-cyclonedx.xml
[INFO] CycloneDX: Writing and validating BOM (JSON): /home/runner/work/sonar-analysis/sonar-analysis/project/flink-architecture-tests/flink-architecture-tests-test/target/bom.json
[INFO]            attaching as flink-architecture-tests-test-1.19-SNAPSHOT-cyclonedx.json
[INFO] 
[INFO] --- surefire:3.2.2:test (integration-tests) @ flink-architecture-tests-test ---
[INFO] Tests are skipped.
[INFO] 
[INFO] --- japicmp:0.17.1:cmp (default) @ flink-architecture-tests-test ---
[INFO] Written file '/home/runner/work/sonar-analysis/sonar-analysis/project/tools/japicmp-output/flink-architecture-tests-test/japicmp/japicmp.diff'.
[INFO] Written file '/home/runner/work/sonar-analysis/sonar-analysis/project/tools/japicmp-output/flink-architecture-tests-test/japicmp/japicmp.xml'.
[INFO] Written file '/home/runner/work/sonar-analysis/sonar-analysis/project/tools/japicmp-output/flink-architecture-tests-test/japicmp/japicmp.html'.
[INFO] 
[INFO] --- install:2.5.2:install (default-install) @ flink-architecture-tests-test ---
[INFO] Installing /home/runner/work/sonar-analysis/sonar-analysis/project/flink-architecture-tests/flink-architecture-tests-test/target/flink-architecture-tests-test-1.19-SNAPSHOT.jar to /home/runner/.m2/repository/org/apache/flink/flink-architecture-tests-test/1.19-SNAPSHOT/flink-architecture-tests-test-1.19-SNAPSHOT.jar
[INFO] Installing /home/runner/work/sonar-analysis/sonar-analysis/project/flink-architecture-tests/flink-architecture-tests-test/dependency-reduced-pom.xml to /home/runner/.m2/repository/org/apache/flink/flink-architecture-tests-test/1.19-SNAPSHOT/flink-architecture-tests-test-1.19-SNAPSHOT.pom
[INFO] Installing /home/runner/work/sonar-analysis/sonar-analysis/project/flink-architecture-tests/flink-architecture-tests-test/target/bom.xml to /home/runner/.m2/repository/org/apache/flink/flink-architecture-tests-test/1.19-SNAPSHOT/flink-architecture-tests-test-1.19-SNAPSHOT-cyclonedx.xml
[INFO] Installing /home/runner/work/sonar-analysis/sonar-analysis/project/flink-architecture-tests/flink-architecture-tests-test/target/bom.json to /home/runner/.m2/repository/org/apache/flink/flink-architecture-tests-test/1.19-SNAPSHOT/flink-architecture-tests-test-1.19-SNAPSHOT-cyclonedx.json
[INFO] 
[INFO] -------------< org.apache.flink:fink-migration-test-utils >-------------
[INFO] Building Flink : Test utils : MigrationTestUtils 1.19-SNAPSHOT  [10/175]
[INFO]   from flink-test-utils-parent/flink-migration-test-utils/pom.xml
[INFO] --------------------------------[ jar ]---------------------------------
[INFO] 
[INFO] --- clean:3.1.0:clean (default-clean) @ fink-migration-test-utils ---
[INFO] Deleting /home/runner/work/sonar-analysis/sonar-analysis/project/flink-test-utils-parent/flink-migration-test-utils (includes = [dependency-reduced-pom.xml], excludes = [])
[INFO] 
[INFO] --- checkstyle:3.1.2:check (validate) @ fink-migration-test-utils ---
[INFO] 
[INFO] --- spotless:2.27.1:check (spotless-check) @ fink-migration-test-utils ---
[INFO] 
[INFO] --- enforcer:3.1.0:enforce (enforce-maven-version) @ fink-migration-test-utils ---
[INFO] Skipping Rule Enforcement.
[INFO] 
[INFO] --- enforcer:3.1.0:enforce (enforce-maven) @ fink-migration-test-utils ---
[INFO] Skipping Rule Enforcement.
[INFO] 
[INFO] --- enforcer:3.1.0:enforce (ban-unsafe-snakeyaml) @ fink-migration-test-utils ---
[INFO] Skipping Rule Enforcement.
[INFO] 
[INFO] --- enforcer:3.1.0:enforce (ban-unsafe-jackson) @ fink-migration-test-utils ---
[INFO] Skipping Rule Enforcement.
[INFO] 
[INFO] --- enforcer:3.1.0:enforce (forbid-log4j-1) @ fink-migration-test-utils ---
[INFO] Skipping Rule Enforcement.
[INFO] 
[INFO] --- enforcer:3.1.0:enforce (forbid-direct-akka-rpc-dependencies) @ fink-migration-test-utils ---
[INFO] Skipping Rule Enforcement.
[INFO] 
[INFO] --- enforcer:3.1.0:enforce (forbid-direct-table-planner-dependencies) @ fink-migration-test-utils ---
[INFO] Skipping Rule Enforcement.
[INFO] 
[INFO] --- directory:0.1:directory-of (directories) @ fink-migration-test-utils ---
[INFO] Directory of org.apache.flink:flink-parent set to: /home/runner/work/sonar-analysis/sonar-analysis/project
[INFO] 
[INFO] --- remote-resources:1.5:process (process-resource-bundles) @ fink-migration-test-utils ---
[INFO] 
[INFO] --- resources:3.1.0:resources (default-resources) @ fink-migration-test-utils ---
[INFO] Using 'UTF-8' encoding to copy filtered resources.
[INFO] Copying 1 resource
[INFO] Copying 3 resources
[INFO] 
[INFO] --- compiler:3.8.0:compile (default-compile) @ fink-migration-test-utils ---
[INFO] Compiling 4 source files to /home/runner/work/sonar-analysis/sonar-analysis/project/flink-test-utils-parent/flink-migration-test-utils/target/classes
[INFO] 
[INFO] --- resources:3.1.0:testResources (default-testResources) @ fink-migration-test-utils ---
[INFO] Using 'UTF-8' encoding to copy filtered resources.
[INFO] skip non existing resourceDirectory /home/runner/work/sonar-analysis/sonar-analysis/project/flink-test-utils-parent/flink-migration-test-utils/src/test/resources
[INFO] Copying 3 resources
[INFO] 
[INFO] --- compiler:3.8.0:testCompile (default-testCompile) @ fink-migration-test-utils ---
[INFO] No sources to compile
[INFO] 
[INFO] --- surefire:3.2.2:test (default-test) @ fink-migration-test-utils ---
[INFO] Tests are skipped.
[INFO] 
[INFO] --- jar:2.4:jar (default-jar) @ fink-migration-test-utils ---
[INFO] Building jar: /home/runner/work/sonar-analysis/sonar-analysis/project/flink-test-utils-parent/flink-migration-test-utils/target/fink-migration-test-utils-1.19-SNAPSHOT.jar
[INFO] 
[INFO] --- shade:3.5.1:shade (shade-flink) @ fink-migration-test-utils ---
[INFO] Including org.apache.flink:flink-shaded-force-shading:jar:18.0 in the shaded jar.
[INFO] Excluding org.apache.flink:flink-annotations:jar:1.19-SNAPSHOT from the shaded jar.
[INFO] Excluding org.junit.vintage:junit-vintage-engine:jar:5.10.1 from the shaded jar.
[INFO] Excluding org.junit.platform:junit-platform-engine:jar:1.10.1 from the shaded jar.
[INFO] Excluding org.opentest4j:opentest4j:jar:1.3.0 from the shaded jar.
[INFO] Excluding org.junit.platform:junit-platform-commons:jar:1.10.1 from the shaded jar.
[INFO] Excluding junit:junit:jar:4.13.2 from the shaded jar.
[INFO] Excluding org.hamcrest:hamcrest-core:jar:1.3 from the shaded jar.
[INFO] Excluding org.apiguardian:apiguardian-api:jar:1.1.2 from the shaded jar.
[INFO] Excluding commons-cli:commons-cli:jar:1.5.0 from the shaded jar.
[INFO] Excluding org.slf4j:slf4j-api:jar:1.7.36 from the shaded jar.
[INFO] Excluding com.google.code.findbugs:jsr305:jar:1.3.9 from the shaded jar.
[INFO] No artifact matching filter io.netty:netty
[INFO] Dependency-reduced POM written at: /home/runner/work/sonar-analysis/sonar-analysis/project/flink-test-utils-parent/flink-migration-test-utils/dependency-reduced-pom.xml
[INFO] Replacing original artifact with shaded artifact.
[INFO] Replacing /home/runner/work/sonar-analysis/sonar-analysis/project/flink-test-utils-parent/flink-migration-test-utils/target/fink-migration-test-utils-1.19-SNAPSHOT.jar with /home/runner/work/sonar-analysis/sonar-analysis/project/flink-test-utils-parent/flink-migration-test-utils/target/fink-migration-test-utils-1.19-SNAPSHOT-shaded.jar
[INFO] 
[INFO] --- cyclonedx:2.7.7:makeBom (default) @ fink-migration-test-utils ---
[INFO] CycloneDX: Resolving Dependencies
[INFO] CycloneDX: Creating BOM version 1.4 with 12 component(s)
[INFO] CycloneDX: Writing and validating BOM (XML): /home/runner/work/sonar-analysis/sonar-analysis/project/flink-test-utils-parent/flink-migration-test-utils/target/bom.xml
[INFO]            attaching as fink-migration-test-utils-1.19-SNAPSHOT-cyclonedx.xml
[INFO] CycloneDX: Writing and validating BOM (JSON): /home/runner/work/sonar-analysis/sonar-analysis/project/flink-test-utils-parent/flink-migration-test-utils/target/bom.json
[INFO]            attaching as fink-migration-test-utils-1.19-SNAPSHOT-cyclonedx.json
[INFO] 
[INFO] --- surefire:3.2.2:test (integration-tests) @ fink-migration-test-utils ---
[INFO] Tests are skipped.
[INFO] 
[INFO] --- japicmp:0.17.1:cmp (default) @ fink-migration-test-utils ---
[INFO] Written file '/home/runner/work/sonar-analysis/sonar-analysis/project/tools/japicmp-output/fink-migration-test-utils/japicmp/japicmp.diff'.
[INFO] Written file '/home/runner/work/sonar-analysis/sonar-analysis/project/tools/japicmp-output/fink-migration-test-utils/japicmp/japicmp.xml'.
[INFO] Written file '/home/runner/work/sonar-analysis/sonar-analysis/project/tools/japicmp-output/fink-migration-test-utils/japicmp/japicmp.html'.
[INFO] 
[INFO] --- install:2.5.2:install (default-install) @ fink-migration-test-utils ---
[INFO] Installing /home/runner/work/sonar-analysis/sonar-analysis/project/flink-test-utils-parent/flink-migration-test-utils/target/fink-migration-test-utils-1.19-SNAPSHOT.jar to /home/runner/.m2/repository/org/apache/flink/fink-migration-test-utils/1.19-SNAPSHOT/fink-migration-test-utils-1.19-SNAPSHOT.jar
[INFO] Installing /home/runner/work/sonar-analysis/sonar-analysis/project/flink-test-utils-parent/flink-migration-test-utils/dependency-reduced-pom.xml to /home/runner/.m2/repository/org/apache/flink/fink-migration-test-utils/1.19-SNAPSHOT/fink-migration-test-utils-1.19-SNAPSHOT.pom
[INFO] Installing /home/runner/work/sonar-analysis/sonar-analysis/project/flink-test-utils-parent/flink-migration-test-utils/target/bom.xml to /home/runner/.m2/repository/org/apache/flink/fink-migration-test-utils/1.19-SNAPSHOT/fink-migration-test-utils-1.19-SNAPSHOT-cyclonedx.xml
[INFO] Installing /home/runner/work/sonar-analysis/sonar-analysis/project/flink-test-utils-parent/flink-migration-test-utils/target/bom.json to /home/runner/.m2/repository/org/apache/flink/fink-migration-test-utils/1.19-SNAPSHOT/fink-migration-test-utils-1.19-SNAPSHOT-cyclonedx.json
[INFO] 
[INFO] --------------------< org.apache.flink:flink-core >---------------------
[INFO] Building Flink : Core 1.19-SNAPSHOT                             [11/175]
[INFO]   from flink-core/pom.xml
[INFO] --------------------------------[ jar ]---------------------------------
[INFO] 
[INFO] --- clean:3.1.0:clean (default-clean) @ flink-core ---
[INFO] Deleting /home/runner/work/sonar-analysis/sonar-analysis/project/flink-core (includes = [dependency-reduced-pom.xml], excludes = [])
[INFO] 
[INFO] --- checkstyle:3.1.2:check (validate) @ flink-core ---
[INFO] 
[INFO] --- spotless:2.27.1:check (spotless-check) @ flink-core ---
[INFO] 
[INFO] --- enforcer:3.1.0:enforce (enforce-maven-version) @ flink-core ---
[INFO] Skipping Rule Enforcement.
[INFO] 
[INFO] --- enforcer:3.1.0:enforce (enforce-maven) @ flink-core ---
[INFO] Skipping Rule Enforcement.
[INFO] 
[INFO] --- enforcer:3.1.0:enforce (ban-unsafe-snakeyaml) @ flink-core ---
[INFO] Skipping Rule Enforcement.
[INFO] 
[INFO] --- enforcer:3.1.0:enforce (ban-unsafe-jackson) @ flink-core ---
[INFO] Skipping Rule Enforcement.
[INFO] 
[INFO] --- enforcer:3.1.0:enforce (forbid-log4j-1) @ flink-core ---
[INFO] Skipping Rule Enforcement.
[INFO] 
[INFO] --- enforcer:3.1.0:enforce (forbid-direct-akka-rpc-dependencies) @ flink-core ---
[INFO] Skipping Rule Enforcement.
[INFO] 
[INFO] --- enforcer:3.1.0:enforce (forbid-direct-table-planner-dependencies) @ flink-core ---
[INFO] Skipping Rule Enforcement.
[INFO] 
[INFO] --- directory:0.1:directory-of (directories) @ flink-core ---
[INFO] Directory of org.apache.flink:flink-parent set to: /home/runner/work/sonar-analysis/sonar-analysis/project
[INFO] 
[INFO] --- remote-resources:1.5:process (process-resource-bundles) @ flink-core ---
[INFO] 
[INFO] --- resources:3.1.0:resources (default-resources) @ flink-core ---
[INFO] Using 'UTF-8' encoding to copy filtered resources.
[INFO] skip non existing resourceDirectory /home/runner/work/sonar-analysis/sonar-analysis/project/flink-core/src/main/resources
[INFO] Copying 3 resources
[INFO] 
[INFO] --- compiler:3.8.0:compile (default-compile) @ flink-core ---
[INFO] Compiling 872 source files to /home/runner/work/sonar-analysis/sonar-analysis/project/flink-core/target/classes
[WARNING] /home/runner/work/sonar-analysis/sonar-analysis/project/flink-core/src/main/java/org/apache/flink/core/memory/MemoryUtils.java:[35,33] sun.misc.Unsafe is internal proprietary API and may be removed in a future release
[WARNING] /home/runner/work/sonar-analysis/sonar-analysis/project/flink-core/src/main/java/org/apache/flink/core/memory/MemoryUtils.java:[48,28] sun.misc.Unsafe is internal proprietary API and may be removed in a future release
[WARNING] /home/runner/work/sonar-analysis/sonar-analysis/project/flink-core/src/main/java/org/apache/flink/core/memory/MemoryUtils.java:[50,41] sun.misc.Unsafe is internal proprietary API and may be removed in a future release
[WARNING] /home/runner/work/sonar-analysis/sonar-analysis/project/flink-core/src/main/java/org/apache/flink/core/memory/MemoryUtils.java:[52,29] sun.misc.Unsafe is internal proprietary API and may be removed in a future release
[WARNING] /home/runner/work/sonar-analysis/sonar-analysis/project/flink-core/src/main/java/org/apache/flink/core/memory/MemorySegment.java:[81,34] sun.misc.Unsafe is internal proprietary API and may be removed in a future release
[WARNING] /home/runner/work/sonar-analysis/sonar-analysis/project/flink-core/src/main/java/org/apache/flink/core/memory/DataInputDeserializer.java:[405,34] sun.misc.Unsafe is internal proprietary API and may be removed in a future release
[WARNING] /home/runner/work/sonar-analysis/sonar-analysis/project/flink-core/src/main/java/org/apache/flink/core/memory/DataOutputSerializer.java:[366,34] sun.misc.Unsafe is internal proprietary API and may be removed in a future release
[WARNING] /home/runner/work/sonar-analysis/sonar-analysis/project/flink-core/src/main/java/org/apache/flink/management/jmx/JMXServer.java:[123,62] sun.rmi.registry.RegistryImpl is internal proprietary API and may be removed in a future release
[WARNING] /home/runner/work/sonar-analysis/sonar-analysis/project/flink-core/src/main/java/org/apache/flink/types/Record.java:[1818,38] sun.misc.Unsafe is internal proprietary API and may be removed in a future release
[INFO] /home/runner/work/sonar-analysis/sonar-analysis/project/flink-core/src/main/java/org/apache/flink/api/common/ExecutionConfig.java: Some input files use or override a deprecated API.
[INFO] /home/runner/work/sonar-analysis/sonar-analysis/project/flink-core/src/main/java/org/apache/flink/api/common/ExecutionConfig.java: Recompile with -Xlint:deprecation for details.
[INFO] /home/runner/work/sonar-analysis/sonar-analysis/project/flink-core/src/main/java/org/apache/flink/util/concurrent/ExecutorThreadFactory.java: Some input files use or override a deprecated API that is marked for removal.
[INFO] /home/runner/work/sonar-analysis/sonar-analysis/project/flink-core/src/main/java/org/apache/flink/util/concurrent/ExecutorThreadFactory.java: Recompile with -Xlint:removal for details.
[INFO] /home/runner/work/sonar-analysis/sonar-analysis/project/flink-core/src/main/java/org/apache/flink/configuration/ConfigurationUtils.java: Some input files use unchecked or unsafe operations.
[INFO] /home/runner/work/sonar-analysis/sonar-analysis/project/flink-core/src/main/java/org/apache/flink/configuration/ConfigurationUtils.java: Recompile with -Xlint:unchecked for details.
[INFO] 
[INFO] --- resources:3.1.0:testResources (default-testResources) @ flink-core ---
[INFO] Using 'UTF-8' encoding to copy filtered resources.
[INFO] Copying 1038 resources
[INFO] Copying 3 resources
[INFO] 
[INFO] --- compiler:3.8.0:testCompile (default-testCompile) @ flink-core ---
[INFO] Compiling 451 source files to /home/runner/work/sonar-analysis/sonar-analysis/project/flink-core/target/test-classes
[WARNING] /home/runner/work/sonar-analysis/sonar-analysis/project/flink-core/src/test/java/org/apache/flink/api/java/typeutils/runtime/TestDataOutputSerializer.java:[279,34] sun.misc.Unsafe is internal proprietary API and may be removed in a future release
[WARNING] /home/runner/work/sonar-analysis/sonar-analysis/project/flink-core/src/test/java/org/apache/flink/api/java/typeutils/runtime/TestDataOutputSerializer.java:[279,34] sun.misc.Unsafe is internal proprietary API and may be removed in a future release
[WARNING] /home/runner/work/sonar-analysis/sonar-analysis/project/flink-core/src/test/java/org/apache/flink/api/java/typeutils/runtime/TestDataOutputSerializer.java:[279,34] sun.misc.Unsafe is internal proprietary API and may be removed in a future release
[WARNING] /home/runner/work/sonar-analysis/sonar-analysis/project/flink-core/src/test/java/org/apache/flink/api/java/typeutils/runtime/TestDataOutputSerializer.java:[279,34] sun.misc.Unsafe is internal proprietary API and may be removed in a future release
[WARNING] /home/runner/work/sonar-analysis/sonar-analysis/project/flink-core/src/test/java/org/apache/flink/api/java/typeutils/runtime/TestDataOutputSerializer.java:[279,34] sun.misc.Unsafe is internal proprietary API and may be removed in a future release
[INFO] /home/runner/work/sonar-analysis/sonar-analysis/project/flink-core/src/test/java/org/apache/flink/api/common/state/StateDescriptorTest.java: Some input files use or override a deprecated API.
[INFO] /home/runner/work/sonar-analysis/sonar-analysis/project/flink-core/src/test/java/org/apache/flink/api/common/state/StateDescriptorTest.java: Recompile with -Xlint:deprecation for details.
[INFO] /home/runner/work/sonar-analysis/sonar-analysis/project/flink-core/src/test/java/org/apache/flink/api/java/typeutils/runtime/kryo/KryoSerializerClassLoadingTest.java: Some input files use or override a deprecated API that is marked for removal.
[INFO] /home/runner/work/sonar-analysis/sonar-analysis/project/flink-core/src/test/java/org/apache/flink/api/java/typeutils/runtime/kryo/KryoSerializerClassLoadingTest.java: Recompile with -Xlint:removal for details.
[INFO] /home/runner/work/sonar-analysis/sonar-analysis/project/flink-core/src/test/java/org/apache/flink/core/fs/FileSystemTest.java: Some input files use unchecked or unsafe operations.
[INFO] /home/runner/work/sonar-analysis/sonar-analysis/project/flink-core/src/test/java/org/apache/flink/core/fs/FileSystemTest.java: Recompile with -Xlint:unchecked for details.
[INFO] 
[INFO] --- surefire:3.2.2:test (default-test) @ flink-core ---
[INFO] Tests are skipped.
[INFO] 
[INFO] --- jar:2.4:jar (default-jar) @ flink-core ---
[INFO] Building jar: /home/runner/work/sonar-analysis/sonar-analysis/project/flink-core/target/flink-core-1.19-SNAPSHOT.jar
[INFO] 
[INFO] --- jar:2.4:test-jar (default) @ flink-core ---
[INFO] Building jar: /home/runner/work/sonar-analysis/sonar-analysis/project/flink-core/target/flink-core-1.19-SNAPSHOT-tests.jar
[INFO] 
[INFO] --- shade:3.5.1:shade (shade-flink) @ flink-core ---
[INFO] Including org.apache.flink:flink-shaded-force-shading:jar:18.0 in the shaded jar.
[INFO] Excluding org.apache.flink:flink-annotations:jar:1.19-SNAPSHOT from the shaded jar.
[INFO] Excluding org.apache.flink:flink-metrics-core:jar:1.19-SNAPSHOT from the shaded jar.
[INFO] Excluding org.apache.flink:flink-shaded-asm-9:jar:9.6-18.0 from the shaded jar.
[INFO] Excluding org.apache.flink:flink-shaded-jackson:jar:2.15.3-18.0 from the shaded jar.
[INFO] Excluding com.fasterxml.jackson.core:jackson-core:jar:2.15.3 from the shaded jar.
[INFO] Excluding com.fasterxml.jackson.core:jackson-annotations:jar:2.15.3 from the shaded jar.
[INFO] Excluding com.fasterxml.jackson.core:jackson-databind:jar:2.15.3 from the shaded jar.
[INFO] Excluding com.fasterxml.jackson.dataformat:jackson-dataformat-yaml:jar:2.15.3 from the shaded jar.
[INFO] Excluding org.yaml:snakeyaml:jar:1.33 from the shaded jar.
[INFO] Excluding com.fasterxml.jackson.dataformat:jackson-dataformat-csv:jar:2.15.3 from the shaded jar.
[INFO] Excluding com.fasterxml.jackson.datatype:jackson-datatype-jsr310:jar:2.15.3 from the shaded jar.
[INFO] Excluding com.fasterxml.jackson.datatype:jackson-datatype-jdk8:jar:2.15.3 from the shaded jar.
[INFO] Excluding org.apache.commons:commons-lang3:jar:3.12.0 from the shaded jar.
[INFO] Excluding org.apache.commons:commons-text:jar:1.10.0 from the shaded jar.
[INFO] Excluding com.esotericsoftware.kryo:kryo:jar:2.24.0 from the shaded jar.
[INFO] Excluding com.esotericsoftware.minlog:minlog:jar:1.2 from the shaded jar.
[INFO] Excluding org.objenesis:objenesis:jar:2.1 from the shaded jar.
[INFO] Excluding commons-collections:commons-collections:jar:3.2.2 from the shaded jar.
[INFO] Excluding org.apache.commons:commons-compress:jar:1.24.0 from the shaded jar.
[INFO] Excluding org.apache.flink:flink-shaded-guava:jar:32.1.3-jre-18.0 from the shaded jar.
[INFO] Excluding org.slf4j:slf4j-api:jar:1.7.36 from the shaded jar.
[INFO] Excluding com.google.code.findbugs:jsr305:jar:1.3.9 from the shaded jar.
[INFO] No artifact matching filter io.netty:netty
[INFO] Dependency-reduced POM written at: /home/runner/work/sonar-analysis/sonar-analysis/project/flink-core/dependency-reduced-pom.xml
[INFO] Replacing original artifact with shaded artifact.
[INFO] Replacing /home/runner/work/sonar-analysis/sonar-analysis/project/flink-core/target/flink-core-1.19-SNAPSHOT.jar with /home/runner/work/sonar-analysis/sonar-analysis/project/flink-core/target/flink-core-1.19-SNAPSHOT-shaded.jar
[INFO] 
[INFO] --- cyclonedx:2.7.7:makeBom (default) @ flink-core ---
[INFO] CycloneDX: Resolving Dependencies
[INFO] CycloneDX: Creating BOM version 1.4 with 23 component(s)
[INFO] CycloneDX: Writing and validating BOM (XML): /home/runner/work/sonar-analysis/sonar-analysis/project/flink-core/target/bom.xml
[INFO]            attaching as flink-core-1.19-SNAPSHOT-cyclonedx.xml
[INFO] CycloneDX: Writing and validating BOM (JSON): /home/runner/work/sonar-analysis/sonar-analysis/project/flink-core/target/bom.json
[INFO]            attaching as flink-core-1.19-SNAPSHOT-cyclonedx.json
[INFO] 
[INFO] --- surefire:3.2.2:test (integration-tests) @ flink-core ---
[INFO] Tests are skipped.
[INFO] 
[INFO] --- japicmp:0.17.1:cmp (default) @ flink-core ---
[INFO] Written file '/home/runner/work/sonar-analysis/sonar-analysis/project/tools/japicmp-output/flink-core/japicmp/japicmp.diff'.
[INFO] Written file '/home/runner/work/sonar-analysis/sonar-analysis/project/tools/japicmp-output/flink-core/japicmp/japicmp.xml'.
[INFO] Written file '/home/runner/work/sonar-analysis/sonar-analysis/project/tools/japicmp-output/flink-core/japicmp/japicmp.html'.
[INFO] 
[INFO] --- install:2.5.2:install (default-install) @ flink-core ---
[INFO] Installing /home/runner/work/sonar-analysis/sonar-analysis/project/flink-core/target/flink-core-1.19-SNAPSHOT.jar to /home/runner/.m2/repository/org/apache/flink/flink-core/1.19-SNAPSHOT/flink-core-1.19-SNAPSHOT.jar
[INFO] Installing /home/runner/work/sonar-analysis/sonar-analysis/project/flink-core/dependency-reduced-pom.xml to /home/runner/.m2/repository/org/apache/flink/flink-core/1.19-SNAPSHOT/flink-core-1.19-SNAPSHOT.pom
[INFO] Installing /home/runner/work/sonar-analysis/sonar-analysis/project/flink-core/target/flink-core-1.19-SNAPSHOT-tests.jar to /home/runner/.m2/repository/org/apache/flink/flink-core/1.19-SNAPSHOT/flink-core-1.19-SNAPSHOT-tests.jar
[INFO] Installing /home/runner/work/sonar-analysis/sonar-analysis/project/flink-core/target/bom.xml to /home/runner/.m2/repository/org/apache/flink/flink-core/1.19-SNAPSHOT/flink-core-1.19-SNAPSHOT-cyclonedx.xml
[INFO] Installing /home/runner/work/sonar-analysis/sonar-analysis/project/flink-core/target/bom.json to /home/runner/.m2/repository/org/apache/flink/flink-core/1.19-SNAPSHOT/flink-core-1.19-SNAPSHOT-cyclonedx.json
[INFO] 
[INFO] --------------------< org.apache.flink:flink-table >--------------------
[INFO] Building Flink : Table : 1.19-SNAPSHOT                          [12/175]
[INFO]   from flink-table/pom.xml
[INFO] --------------------------------[ pom ]---------------------------------
[INFO] 
[INFO] --- clean:3.1.0:clean (default-clean) @ flink-table ---
[INFO] Deleting /home/runner/work/sonar-analysis/sonar-analysis/project/flink-table (includes = [dependency-reduced-pom.xml], excludes = [])
[INFO] 
[INFO] --- checkstyle:3.1.2:check (validate) @ flink-table ---
[INFO] 
[INFO] --- spotless:2.27.1:check (spotless-check) @ flink-table ---
[INFO] 
[INFO] --- enforcer:3.1.0:enforce (enforce-maven-version) @ flink-table ---
[INFO] Skipping Rule Enforcement.
[INFO] 
[INFO] --- enforcer:3.1.0:enforce (enforce-maven) @ flink-table ---
[INFO] Skipping Rule Enforcement.
[INFO] 
[INFO] --- enforcer:3.1.0:enforce (ban-unsafe-snakeyaml) @ flink-table ---
[INFO] Skipping Rule Enforcement.
[INFO] 
[INFO] --- enforcer:3.1.0:enforce (ban-unsafe-jackson) @ flink-table ---
[INFO] Skipping Rule Enforcement.
[INFO] 
[INFO] --- enforcer:3.1.0:enforce (forbid-log4j-1) @ flink-table ---
[INFO] Skipping Rule Enforcement.
[INFO] 
[INFO] --- enforcer:3.1.0:enforce (forbid-direct-akka-rpc-dependencies) @ flink-table ---
[INFO] Skipping Rule Enforcement.
[INFO] 
[INFO] --- enforcer:3.1.0:enforce (forbid-direct-table-planner-dependencies) @ flink-table ---
[INFO] Skipping Rule Enforcement.
[INFO] 
[INFO] --- directory:0.1:directory-of (directories) @ flink-table ---
[INFO] Directory of org.apache.flink:flink-parent set to: /home/runner/work/sonar-analysis/sonar-analysis/project
[INFO] 
[INFO] --- remote-resources:1.5:process (process-resource-bundles) @ flink-table ---
[INFO] 
[INFO] --- surefire:3.2.2:test (default-test) @ flink-table ---
[INFO] Tests are skipped.
[INFO] 
[INFO] --- shade:3.5.1:shade (shade-flink) @ flink-table ---
[INFO] Including org.apache.flink:flink-shaded-force-shading:jar:18.0 in the shaded jar.
[INFO] Excluding org.slf4j:slf4j-api:jar:1.7.36 from the shaded jar.
[INFO] Excluding com.google.code.findbugs:jsr305:jar:1.3.9 from the shaded jar.
[INFO] No artifact matching filter io.netty:netty
[INFO] Dependency-reduced POM written at: /home/runner/work/sonar-analysis/sonar-analysis/project/flink-table/dependency-reduced-pom.xml
[INFO] Replacing original artifact with shaded artifact.
[INFO] 
[INFO] --- cyclonedx:2.7.7:makeBom (default) @ flink-table ---
[INFO] CycloneDX: Resolving Dependencies
[INFO] CycloneDX: Creating BOM version 1.4 with 3 component(s)
[INFO] CycloneDX: Writing and validating BOM (XML): /home/runner/work/sonar-analysis/sonar-analysis/project/flink-table/target/bom.xml
[INFO]            attaching as flink-table-1.19-SNAPSHOT-cyclonedx.xml
[INFO] CycloneDX: Writing and validating BOM (JSON): /home/runner/work/sonar-analysis/sonar-analysis/project/flink-table/target/bom.json
[INFO]            attaching as flink-table-1.19-SNAPSHOT-cyclonedx.json
[INFO] 
[INFO] --- surefire:3.2.2:test (integration-tests) @ flink-table ---
[INFO] Tests are skipped.
[INFO] 
[INFO] --- japicmp:0.17.1:cmp (default) @ flink-table ---
[INFO] Skipping execution because parameter 'skipPomModules' was set to true and this is artifact is of type pom.
[INFO] 
[INFO] --- install:2.5.2:install (default-install) @ flink-table ---
[INFO] Installing /home/runner/work/sonar-analysis/sonar-analysis/project/flink-table/dependency-reduced-pom.xml to /home/runner/.m2/repository/org/apache/flink/flink-table/1.19-SNAPSHOT/flink-table-1.19-SNAPSHOT.pom
[INFO] Installing /home/runner/work/sonar-analysis/sonar-analysis/project/flink-table/target/bom.xml to /home/runner/.m2/repository/org/apache/flink/flink-table/1.19-SNAPSHOT/flink-table-1.19-SNAPSHOT-cyclonedx.xml
[INFO] Installing /home/runner/work/sonar-analysis/sonar-analysis/project/flink-table/target/bom.json to /home/runner/.m2/repository/org/apache/flink/flink-table/1.19-SNAPSHOT/flink-table-1.19-SNAPSHOT-cyclonedx.json
[INFO] 
[INFO] ----------------< org.apache.flink:flink-table-common >-----------------
[INFO] Building Flink : Table : Common 1.19-SNAPSHOT                   [13/175]
[INFO]   from flink-table/flink-table-common/pom.xml
[INFO] --------------------------------[ jar ]---------------------------------
[INFO] 
[INFO] --- clean:3.1.0:clean (default-clean) @ flink-table-common ---
[INFO] Deleting /home/runner/work/sonar-analysis/sonar-analysis/project/flink-table/flink-table-common (includes = [dependency-reduced-pom.xml], excludes = [])
[INFO] 
[INFO] --- checkstyle:3.1.2:check (validate) @ flink-table-common ---
[INFO] 
[INFO] --- spotless:2.27.1:check (spotless-check) @ flink-table-common ---
[INFO] 
[INFO] --- enforcer:3.1.0:enforce (enforce-maven-version) @ flink-table-common ---
[INFO] Skipping Rule Enforcement.
[INFO] 
[INFO] --- enforcer:3.1.0:enforce (enforce-maven) @ flink-table-common ---
[INFO] Skipping Rule Enforcement.
[INFO] 
[INFO] --- enforcer:3.1.0:enforce (ban-unsafe-snakeyaml) @ flink-table-common ---
[INFO] Skipping Rule Enforcement.
[INFO] 
[INFO] --- enforcer:3.1.0:enforce (ban-unsafe-jackson) @ flink-table-common ---
[INFO] Skipping Rule Enforcement.
[INFO] 
[INFO] --- enforcer:3.1.0:enforce (forbid-log4j-1) @ flink-table-common ---
[INFO] Skipping Rule Enforcement.
[INFO] 
[INFO] --- enforcer:3.1.0:enforce (forbid-direct-akka-rpc-dependencies) @ flink-table-common ---
[INFO] Skipping Rule Enforcement.
[INFO] 
[INFO] --- enforcer:3.1.0:enforce (forbid-direct-table-planner-dependencies) @ flink-table-common ---
[INFO] Skipping Rule Enforcement.
[INFO] 
[INFO] --- directory:0.1:directory-of (directories) @ flink-table-common ---
[INFO] Directory of org.apache.flink:flink-parent set to: /home/runner/work/sonar-analysis/sonar-analysis/project
[INFO] 
[INFO] --- remote-resources:1.5:process (process-resource-bundles) @ flink-table-common ---
[INFO] 
[INFO] --- resources:3.1.0:resources (default-resources) @ flink-table-common ---
[INFO] Using 'UTF-8' encoding to copy filtered resources.
[INFO] Copying 1 resource
[INFO] Copying 3 resources
[INFO] 
[INFO] --- compiler:3.8.0:compile (default-compile) @ flink-table-common ---
[INFO] Compiling 528 source files to /home/runner/work/sonar-analysis/sonar-analysis/project/flink-table/flink-table-common/target/classes
[WARNING] /home/runner/work/sonar-analysis/sonar-analysis/project/flink-table/flink-table-common/src/main/java/org/apache/flink/table/data/columnar/vector/heap/AbstractHeapVector.java:[34,33] sun.misc.Unsafe is internal proprietary API and may be removed in a future release
[INFO] /home/runner/work/sonar-analysis/sonar-analysis/project/flink-table/flink-table-common/src/main/java/org/apache/flink/table/types/logical/utils/LogicalTypeChecks.java: Some input files use or override a deprecated API.
[INFO] /home/runner/work/sonar-analysis/sonar-analysis/project/flink-table/flink-table-common/src/main/java/org/apache/flink/table/types/logical/utils/LogicalTypeChecks.java: Recompile with -Xlint:deprecation for details.
[INFO] /home/runner/work/sonar-analysis/sonar-analysis/project/flink-table/flink-table-common/src/main/java/org/apache/flink/table/factories/FactoryUtil.java: Some input files use unchecked or unsafe operations.
[INFO] /home/runner/work/sonar-analysis/sonar-analysis/project/flink-table/flink-table-common/src/main/java/org/apache/flink/table/factories/FactoryUtil.java: Recompile with -Xlint:unchecked for details.
[INFO] 
[INFO] --- resources:3.1.0:testResources (default-testResources) @ flink-table-common ---
[INFO] Using 'UTF-8' encoding to copy filtered resources.
[INFO] Copying 3 resources
[INFO] Copying 3 resources
[INFO] 
[INFO] --- compiler:3.8.0:testCompile (default-testCompile) @ flink-table-common ---
[INFO] Compiling 130 source files to /home/runner/work/sonar-analysis/sonar-analysis/project/flink-table/flink-table-common/target/test-classes
[INFO] /home/runner/work/sonar-analysis/sonar-analysis/project/flink-table/flink-table-common/src/test/java/org/apache/flink/table/connector/sink/TestManagedSinkWriter.java: Some input files use or override a deprecated API.
[INFO] /home/runner/work/sonar-analysis/sonar-analysis/project/flink-table/flink-table-common/src/test/java/org/apache/flink/table/connector/sink/TestManagedSinkWriter.java: Recompile with -Xlint:deprecation for details.
[INFO] 
[INFO] --- surefire:3.2.2:test (default-test) @ flink-table-common ---
[INFO] Tests are skipped.
[INFO] 
[INFO] --- jar:2.4:jar (default-jar) @ flink-table-common ---
[INFO] Building jar: /home/runner/work/sonar-analysis/sonar-analysis/project/flink-table/flink-table-common/target/flink-table-common-1.19-SNAPSHOT.jar
[INFO] 
[INFO] --- jar:2.4:test-jar (default) @ flink-table-common ---
[INFO] Building jar: /home/runner/work/sonar-analysis/sonar-analysis/project/flink-table/flink-table-common/target/flink-table-common-1.19-SNAPSHOT-tests.jar
[INFO] 
[INFO] --- shade:3.5.1:shade (shade-flink) @ flink-table-common ---
[INFO] Including org.apache.flink:flink-shaded-force-shading:jar:18.0 in the shaded jar.
[INFO] Excluding org.apache.flink:flink-core:jar:1.19-SNAPSHOT from the shaded jar.
[INFO] Excluding org.apache.flink:flink-annotations:jar:1.19-SNAPSHOT from the shaded jar.
[INFO] Excluding org.apache.flink:flink-metrics-core:jar:1.19-SNAPSHOT from the shaded jar.
[INFO] Excluding org.apache.commons:commons-lang3:jar:3.12.0 from the shaded jar.
[INFO] Excluding org.apache.commons:commons-text:jar:1.10.0 from the shaded jar.
[INFO] Excluding com.esotericsoftware.kryo:kryo:jar:2.24.0 from the shaded jar.
[INFO] Excluding com.esotericsoftware.minlog:minlog:jar:1.2 from the shaded jar.
[INFO] Excluding commons-collections:commons-collections:jar:3.2.2 from the shaded jar.
[INFO] Excluding org.apache.commons:commons-compress:jar:1.24.0 from the shaded jar.
[INFO] Excluding org.apache.flink:flink-shaded-guava:jar:32.1.3-jre-18.0 from the shaded jar.
[INFO] Excluding org.apache.flink:flink-shaded-asm-9:jar:9.6-18.0 from the shaded jar.
[INFO] Excluding com.ibm.icu:icu4j:jar:67.1 from the shaded jar.
[INFO] Excluding org.slf4j:slf4j-api:jar:1.7.36 from the shaded jar.
[INFO] Excluding com.google.code.findbugs:jsr305:jar:1.3.9 from the shaded jar.
[INFO] Excluding org.objenesis:objenesis:jar:2.1 from the shaded jar.
[INFO] No artifact matching filter io.netty:netty
[INFO] Dependency-reduced POM written at: /home/runner/work/sonar-analysis/sonar-analysis/project/flink-table/flink-table-common/dependency-reduced-pom.xml
[INFO] Replacing original artifact with shaded artifact.
[INFO] Replacing /home/runner/work/sonar-analysis/sonar-analysis/project/flink-table/flink-table-common/target/flink-table-common-1.19-SNAPSHOT.jar with /home/runner/work/sonar-analysis/sonar-analysis/project/flink-table/flink-table-common/target/flink-table-common-1.19-SNAPSHOT-shaded.jar
[INFO] 
[INFO] --- cyclonedx:2.7.7:makeBom (default) @ flink-table-common ---
[INFO] CycloneDX: Resolving Dependencies
[INFO] CycloneDX: Creating BOM version 1.4 with 25 component(s)
[INFO] CycloneDX: Writing and validating BOM (XML): /home/runner/work/sonar-analysis/sonar-analysis/project/flink-table/flink-table-common/target/bom.xml
[INFO]            attaching as flink-table-common-1.19-SNAPSHOT-cyclonedx.xml
[INFO] CycloneDX: Writing and validating BOM (JSON): /home/runner/work/sonar-analysis/sonar-analysis/project/flink-table/flink-table-common/target/bom.json
[INFO]            attaching as flink-table-common-1.19-SNAPSHOT-cyclonedx.json
[INFO] 
[INFO] --- surefire:3.2.2:test (integration-tests) @ flink-table-common ---
[INFO] Tests are skipped.
[INFO] 
[INFO] --- japicmp:0.17.1:cmp (default) @ flink-table-common ---
[INFO] Written file '/home/runner/work/sonar-analysis/sonar-analysis/project/tools/japicmp-output/flink-table-common/japicmp/japicmp.diff'.
[INFO] Written file '/home/runner/work/sonar-analysis/sonar-analysis/project/tools/japicmp-output/flink-table-common/japicmp/japicmp.xml'.
[INFO] Written file '/home/runner/work/sonar-analysis/sonar-analysis/project/tools/japicmp-output/flink-table-common/japicmp/japicmp.html'.
[INFO] 
[INFO] --- install:2.5.2:install (default-install) @ flink-table-common ---
[INFO] Installing /home/runner/work/sonar-analysis/sonar-analysis/project/flink-table/flink-table-common/target/flink-table-common-1.19-SNAPSHOT.jar to /home/runner/.m2/repository/org/apache/flink/flink-table-common/1.19-SNAPSHOT/flink-table-common-1.19-SNAPSHOT.jar
[INFO] Installing /home/runner/work/sonar-analysis/sonar-analysis/project/flink-table/flink-table-common/dependency-reduced-pom.xml to /home/runner/.m2/repository/org/apache/flink/flink-table-common/1.19-SNAPSHOT/flink-table-common-1.19-SNAPSHOT.pom
[INFO] Installing /home/runner/work/sonar-analysis/sonar-analysis/project/flink-table/flink-table-common/target/flink-table-common-1.19-SNAPSHOT-tests.jar to /home/runner/.m2/repository/org/apache/flink/flink-table-common/1.19-SNAPSHOT/flink-table-common-1.19-SNAPSHOT-tests.jar
[INFO] Installing /home/runner/work/sonar-analysis/sonar-analysis/project/flink-table/flink-table-common/target/bom.xml to /home/runner/.m2/repository/org/apache/flink/flink-table-common/1.19-SNAPSHOT/flink-table-common-1.19-SNAPSHOT-cyclonedx.xml
[INFO] Installing /home/runner/work/sonar-analysis/sonar-analysis/project/flink-table/flink-table-common/target/bom.json to /home/runner/.m2/repository/org/apache/flink/flink-table-common/1.19-SNAPSHOT/flink-table-common-1.19-SNAPSHOT-cyclonedx.json
[INFO] 
[INFO] ---------------< org.apache.flink:flink-table-api-java >----------------
[INFO] Building Flink : Table : API Java 1.19-SNAPSHOT                 [14/175]
[INFO]   from flink-table/flink-table-api-java/pom.xml
[INFO] --------------------------------[ jar ]---------------------------------
[INFO] 
[INFO] --- clean:3.1.0:clean (default-clean) @ flink-table-api-java ---
[INFO] Deleting /home/runner/work/sonar-analysis/sonar-analysis/project/flink-table/flink-table-api-java (includes = [dependency-reduced-pom.xml], excludes = [])
[INFO] 
[INFO] --- checkstyle:3.1.2:check (validate) @ flink-table-api-java ---
[INFO] 
[INFO] --- spotless:2.27.1:check (spotless-check) @ flink-table-api-java ---
[INFO] 
[INFO] --- enforcer:3.1.0:enforce (enforce-maven-version) @ flink-table-api-java ---
[INFO] Skipping Rule Enforcement.
[INFO] 
[INFO] --- enforcer:3.1.0:enforce (enforce-maven) @ flink-table-api-java ---
[INFO] Skipping Rule Enforcement.
[INFO] 
[INFO] --- enforcer:3.1.0:enforce (ban-unsafe-snakeyaml) @ flink-table-api-java ---
[INFO] Skipping Rule Enforcement.
[INFO] 
[INFO] --- enforcer:3.1.0:enforce (ban-unsafe-jackson) @ flink-table-api-java ---
[INFO] Skipping Rule Enforcement.
[INFO] 
[INFO] --- enforcer:3.1.0:enforce (forbid-log4j-1) @ flink-table-api-java ---
[INFO] Skipping Rule Enforcement.
[INFO] 
[INFO] --- enforcer:3.1.0:enforce (forbid-direct-akka-rpc-dependencies) @ flink-table-api-java ---
[INFO] Skipping Rule Enforcement.
[INFO] 
[INFO] --- enforcer:3.1.0:enforce (forbid-direct-table-planner-dependencies) @ flink-table-api-java ---
[INFO] Skipping Rule Enforcement.
[INFO] 
[INFO] --- directory:0.1:directory-of (directories) @ flink-table-api-java ---
[INFO] Directory of org.apache.flink:flink-parent set to: /home/runner/work/sonar-analysis/sonar-analysis/project
[INFO] 
[INFO] --- remote-resources:1.5:process (process-resource-bundles) @ flink-table-api-java ---
[INFO] 
[INFO] --- resources:3.1.0:resources (default-resources) @ flink-table-api-java ---
[INFO] Using 'UTF-8' encoding to copy filtered resources.
[INFO] Copying 1 resource
[INFO] Copying 3 resources
[INFO] 
[INFO] --- compiler:3.8.0:compile (default-compile) @ flink-table-api-java ---
[INFO] Compiling 275 source files to /home/runner/work/sonar-analysis/sonar-analysis/project/flink-table/flink-table-api-java/target/classes
[INFO] /home/runner/work/sonar-analysis/sonar-analysis/project/flink-table/flink-table-api-java/src/main/java/org/apache/flink/table/catalog/FunctionCatalog.java: Some input files use or override a deprecated API.
[INFO] /home/runner/work/sonar-analysis/sonar-analysis/project/flink-table/flink-table-api-java/src/main/java/org/apache/flink/table/catalog/FunctionCatalog.java: Recompile with -Xlint:deprecation for details.
[INFO] /home/runner/work/sonar-analysis/sonar-analysis/project/flink-table/flink-table-api-java/src/main/java/org/apache/flink/table/api/internal/TableEnvironmentImpl.java: Some input files use unchecked or unsafe operations.
[INFO] /home/runner/work/sonar-analysis/sonar-analysis/project/flink-table/flink-table-api-java/src/main/java/org/apache/flink/table/api/internal/TableEnvironmentImpl.java: Recompile with -Xlint:unchecked for details.
[INFO] 
[INFO] --- resources:3.1.0:testResources (default-testResources) @ flink-table-api-java ---
[INFO] Using 'UTF-8' encoding to copy filtered resources.
[INFO] Copying 3 resources
[INFO] Copying 3 resources
[INFO] 
[INFO] --- compiler:3.8.0:testCompile (default-testCompile) @ flink-table-api-java ---
[INFO] Compiling 55 source files to /home/runner/work/sonar-analysis/sonar-analysis/project/flink-table/flink-table-api-java/target/test-classes
[INFO] /home/runner/work/sonar-analysis/sonar-analysis/project/flink-table/flink-table-api-java/src/test/java/org/apache/flink/table/utils/UserDefinedFunctions.java: Some input files use or override a deprecated API.
[INFO] /home/runner/work/sonar-analysis/sonar-analysis/project/flink-table/flink-table-api-java/src/test/java/org/apache/flink/table/utils/UserDefinedFunctions.java: Recompile with -Xlint:deprecation for details.
[INFO] /home/runner/work/sonar-analysis/sonar-analysis/project/flink-table/flink-table-api-java/src/test/java/org/apache/flink/table/typeutils/FieldInfoUtilsTest.java: /home/runner/work/sonar-analysis/sonar-analysis/project/flink-table/flink-table-api-java/src/test/java/org/apache/flink/table/typeutils/FieldInfoUtilsTest.java uses unchecked or unsafe operations.
[INFO] /home/runner/work/sonar-analysis/sonar-analysis/project/flink-table/flink-table-api-java/src/test/java/org/apache/flink/table/typeutils/FieldInfoUtilsTest.java: Recompile with -Xlint:unchecked for details.
[INFO] 
[INFO] --- surefire:3.2.2:test (default-test) @ flink-table-api-java ---
[INFO] Tests are skipped.
[INFO] 
[INFO] --- jar:2.4:jar (default-jar) @ flink-table-api-java ---
[INFO] Building jar: /home/runner/work/sonar-analysis/sonar-analysis/project/flink-table/flink-table-api-java/target/flink-table-api-java-1.19-SNAPSHOT.jar
[INFO] 
[INFO] --- jar:2.4:test-jar (default) @ flink-table-api-java ---
[INFO] Building jar: /home/runner/work/sonar-analysis/sonar-analysis/project/flink-table/flink-table-api-java/target/flink-table-api-java-1.19-SNAPSHOT-tests.jar
[INFO] 
[INFO] --- shade:3.5.1:shade (shade-flink) @ flink-table-api-java ---
[INFO] Including org.apache.flink:flink-shaded-force-shading:jar:18.0 in the shaded jar.
[INFO] Excluding org.apache.flink:flink-table-common:jar:1.19-SNAPSHOT from the shaded jar.
[INFO] Excluding org.apache.flink:flink-core:jar:1.19-SNAPSHOT from the shaded jar.
[INFO] Excluding org.apache.flink:flink-shaded-asm-9:jar:9.6-18.0 from the shaded jar.
[INFO] Excluding com.ibm.icu:icu4j:jar:67.1 from the shaded jar.
[INFO] Excluding org.apache.flink:flink-annotations:jar:1.19-SNAPSHOT from the shaded jar.
[INFO] Excluding org.apache.flink:flink-metrics-core:jar:1.19-SNAPSHOT from the shaded jar.
[INFO] Excluding org.apache.flink:flink-shaded-jackson:jar:2.15.3-18.0 from the shaded jar.
[INFO] Excluding com.fasterxml.jackson.core:jackson-core:jar:2.15.3 from the shaded jar.
[INFO] Excluding com.fasterxml.jackson.core:jackson-annotations:jar:2.15.3 from the shaded jar.
[INFO] Excluding com.fasterxml.jackson.core:jackson-databind:jar:2.15.3 from the shaded jar.
[INFO] Excluding com.fasterxml.jackson.dataformat:jackson-dataformat-yaml:jar:2.15.3 from the shaded jar.
[INFO] Excluding org.yaml:snakeyaml:jar:1.33 from the shaded jar.
[INFO] Excluding com.fasterxml.jackson.dataformat:jackson-dataformat-csv:jar:2.15.3 from the shaded jar.
[INFO] Excluding com.fasterxml.jackson.datatype:jackson-datatype-jsr310:jar:2.15.3 from the shaded jar.
[INFO] Excluding com.fasterxml.jackson.datatype:jackson-datatype-jdk8:jar:2.15.3 from the shaded jar.
[INFO] Excluding org.apache.commons:commons-lang3:jar:3.12.0 from the shaded jar.
[INFO] Excluding org.apache.commons:commons-text:jar:1.10.0 from the shaded jar.
[INFO] Excluding com.esotericsoftware.kryo:kryo:jar:2.24.0 from the shaded jar.
[INFO] Excluding com.esotericsoftware.minlog:minlog:jar:1.2 from the shaded jar.
[INFO] Excluding commons-collections:commons-collections:jar:3.2.2 from the shaded jar.
[INFO] Excluding org.apache.commons:commons-compress:jar:1.24.0 from the shaded jar.
[INFO] Excluding org.apache.flink:flink-shaded-guava:jar:32.1.3-jre-18.0 from the shaded jar.
[INFO] Excluding org.slf4j:slf4j-api:jar:1.7.36 from the shaded jar.
[INFO] Excluding com.google.code.findbugs:jsr305:jar:1.3.9 from the shaded jar.
[INFO] Excluding org.objenesis:objenesis:jar:2.1 from the shaded jar.
[INFO] No artifact matching filter io.netty:netty
[INFO] Dependency-reduced POM written at: /home/runner/work/sonar-analysis/sonar-analysis/project/flink-table/flink-table-api-java/dependency-reduced-pom.xml
[INFO] Replacing original artifact with shaded artifact.
[INFO] Replacing /home/runner/work/sonar-analysis/sonar-analysis/project/flink-table/flink-table-api-java/target/flink-table-api-java-1.19-SNAPSHOT.jar with /home/runner/work/sonar-analysis/sonar-analysis/project/flink-table/flink-table-api-java/target/flink-table-api-java-1.19-SNAPSHOT-shaded.jar
[INFO] 
[INFO] --- cyclonedx:2.7.7:makeBom (default) @ flink-table-api-java ---
[INFO] CycloneDX: Resolving Dependencies
[INFO] CycloneDX: Creating BOM version 1.4 with 26 component(s)
[INFO] CycloneDX: Writing and validating BOM (XML): /home/runner/work/sonar-analysis/sonar-analysis/project/flink-table/flink-table-api-java/target/bom.xml
[INFO]            attaching as flink-table-api-java-1.19-SNAPSHOT-cyclonedx.xml
[INFO] CycloneDX: Writing and validating BOM (JSON): /home/runner/work/sonar-analysis/sonar-analysis/project/flink-table/flink-table-api-java/target/bom.json
[INFO]            attaching as flink-table-api-java-1.19-SNAPSHOT-cyclonedx.json
[INFO] 
[INFO] --- surefire:3.2.2:test (integration-tests) @ flink-table-api-java ---
[INFO] Tests are skipped.
[INFO] 
[INFO] --- japicmp:0.17.1:cmp (default) @ flink-table-api-java ---
[INFO] Written file '/home/runner/work/sonar-analysis/sonar-analysis/project/tools/japicmp-output/flink-table-api-java/japicmp/japicmp.diff'.
[INFO] Written file '/home/runner/work/sonar-analysis/sonar-analysis/project/tools/japicmp-output/flink-table-api-java/japicmp/japicmp.xml'.
[INFO] Written file '/home/runner/work/sonar-analysis/sonar-analysis/project/tools/japicmp-output/flink-table-api-java/japicmp/japicmp.html'.
[INFO] 
[INFO] --- install:2.5.2:install (default-install) @ flink-table-api-java ---
[INFO] Installing /home/runner/work/sonar-analysis/sonar-analysis/project/flink-table/flink-table-api-java/target/flink-table-api-java-1.19-SNAPSHOT.jar to /home/runner/.m2/repository/org/apache/flink/flink-table-api-java/1.19-SNAPSHOT/flink-table-api-java-1.19-SNAPSHOT.jar
[INFO] Installing /home/runner/work/sonar-analysis/sonar-analysis/project/flink-table/flink-table-api-java/dependency-reduced-pom.xml to /home/runner/.m2/repository/org/apache/flink/flink-table-api-java/1.19-SNAPSHOT/flink-table-api-java-1.19-SNAPSHOT.pom
[INFO] Installing /home/runner/work/sonar-analysis/sonar-analysis/project/flink-table/flink-table-api-java/target/flink-table-api-java-1.19-SNAPSHOT-tests.jar to /home/runner/.m2/repository/org/apache/flink/flink-table-api-java/1.19-SNAPSHOT/flink-table-api-java-1.19-SNAPSHOT-tests.jar
[INFO] Installing /home/runner/work/sonar-analysis/sonar-analysis/project/flink-table/flink-table-api-java/target/bom.xml to /home/runner/.m2/repository/org/apache/flink/flink-table-api-java/1.19-SNAPSHOT/flink-table-api-java-1.19-SNAPSHOT-cyclonedx.xml
[INFO] Installing /home/runner/work/sonar-analysis/sonar-analysis/project/flink-table/flink-table-api-java/target/bom.json to /home/runner/.m2/repository/org/apache/flink/flink-table-api-java/1.19-SNAPSHOT/flink-table-api-java-1.19-SNAPSHOT-cyclonedx.json
[INFO] 
[INFO] --------------------< org.apache.flink:flink-java >---------------------
[INFO] Building Flink : Java 1.19-SNAPSHOT                             [15/175]
[INFO]   from flink-java/pom.xml
[INFO] --------------------------------[ jar ]---------------------------------
[INFO] 
[INFO] --- clean:3.1.0:clean (default-clean) @ flink-java ---
[INFO] Deleting /home/runner/work/sonar-analysis/sonar-analysis/project/flink-java (includes = [dependency-reduced-pom.xml], excludes = [])
[INFO] 
[INFO] --- checkstyle:3.1.2:check (validate) @ flink-java ---
[INFO] 
[INFO] --- spotless:2.27.1:check (spotless-check) @ flink-java ---
[INFO] 
[INFO] --- enforcer:3.1.0:enforce (enforce-maven-version) @ flink-java ---
[INFO] Skipping Rule Enforcement.
[INFO] 
[INFO] --- enforcer:3.1.0:enforce (enforce-maven) @ flink-java ---
[INFO] Skipping Rule Enforcement.
[INFO] 
[INFO] --- enforcer:3.1.0:enforce (ban-unsafe-snakeyaml) @ flink-java ---
[INFO] Skipping Rule Enforcement.
[INFO] 
[INFO] --- enforcer:3.1.0:enforce (ban-unsafe-jackson) @ flink-java ---
[INFO] Skipping Rule Enforcement.
[INFO] 
[INFO] --- enforcer:3.1.0:enforce (forbid-log4j-1) @ flink-java ---
[INFO] Skipping Rule Enforcement.
[INFO] 
[INFO] --- enforcer:3.1.0:enforce (forbid-direct-akka-rpc-dependencies) @ flink-java ---
[INFO] Skipping Rule Enforcement.
[INFO] 
[INFO] --- enforcer:3.1.0:enforce (forbid-direct-table-planner-dependencies) @ flink-java ---
[INFO] Skipping Rule Enforcement.
[INFO] 
[INFO] --- directory:0.1:directory-of (directories) @ flink-java ---
[INFO] Directory of org.apache.flink:flink-parent set to: /home/runner/work/sonar-analysis/sonar-analysis/project
[INFO] 
[INFO] --- remote-resources:1.5:process (process-resource-bundles) @ flink-java ---
[INFO] 
[INFO] --- resources:3.1.0:resources (default-resources) @ flink-java ---
[INFO] Using 'UTF-8' encoding to copy filtered resources.
[INFO] skip non existing resourceDirectory /home/runner/work/sonar-analysis/sonar-analysis/project/flink-java/src/main/resources
[INFO] Copying 3 resources
[INFO] 
[INFO] --- compiler:3.8.0:compile (default-compile) @ flink-java ---
[INFO] Compiling 143 source files to /home/runner/work/sonar-analysis/sonar-analysis/project/flink-java/target/classes
[INFO] /home/runner/work/sonar-analysis/sonar-analysis/project/flink-java/src/main/java/org/apache/flink/api/java/operators/CoGroupOperator.java: Some input files use or override a deprecated API.
[INFO] /home/runner/work/sonar-analysis/sonar-analysis/project/flink-java/src/main/java/org/apache/flink/api/java/operators/CoGroupOperator.java: Recompile with -Xlint:deprecation for details.
[INFO] /home/runner/work/sonar-analysis/sonar-analysis/project/flink-java/src/main/java/org/apache/flink/api/java/utils/DataSetUtils.java: Some input files use unchecked or unsafe operations.
[INFO] /home/runner/work/sonar-analysis/sonar-analysis/project/flink-java/src/main/java/org/apache/flink/api/java/utils/DataSetUtils.java: Recompile with -Xlint:unchecked for details.
[INFO] 
[INFO] --- resources:3.1.0:testResources (default-testResources) @ flink-java ---
[INFO] Using 'UTF-8' encoding to copy filtered resources.
[INFO] Copying 3 resources
[INFO] Copying 3 resources
[INFO] 
[INFO] --- compiler:3.8.0:testCompile (default-testCompile) @ flink-java ---
[INFO] Compiling 80 source files to /home/runner/work/sonar-analysis/sonar-analysis/project/flink-java/target/test-classes
[INFO] /home/runner/work/sonar-analysis/sonar-analysis/project/flink-java/src/test/java/org/apache/flink/api/java/operators/translation/DeltaIterationTranslationTest.java: Some input files use or override a deprecated API.
[INFO] /home/runner/work/sonar-analysis/sonar-analysis/project/flink-java/src/test/java/org/apache/flink/api/java/operators/translation/DeltaIterationTranslationTest.java: Recompile with -Xlint:deprecation for details.
[INFO] /home/runner/work/sonar-analysis/sonar-analysis/project/flink-java/src/test/java/org/apache/flink/api/java/io/CsvInputFormatTest.java: Some input files use or override a deprecated API that is marked for removal.
[INFO] /home/runner/work/sonar-analysis/sonar-analysis/project/flink-java/src/test/java/org/apache/flink/api/java/io/CsvInputFormatTest.java: Recompile with -Xlint:removal for details.
[INFO] /home/runner/work/sonar-analysis/sonar-analysis/project/flink-java/src/test/java/org/apache/flink/api/java/utils/AbstractParameterToolTest.java: Some input files use unchecked or unsafe operations.
[INFO] /home/runner/work/sonar-analysis/sonar-analysis/project/flink-java/src/test/java/org/apache/flink/api/java/utils/AbstractParameterToolTest.java: Recompile with -Xlint:unchecked for details.
[INFO] 
[INFO] --- surefire:3.2.2:test (default-test) @ flink-java ---
[INFO] Tests are skipped.
[INFO] 
[INFO] --- jar:2.4:jar (default-jar) @ flink-java ---
[INFO] Building jar: /home/runner/work/sonar-analysis/sonar-analysis/project/flink-java/target/flink-java-1.19-SNAPSHOT.jar
[INFO] 
[INFO] --- jar:2.4:test-jar (default) @ flink-java ---
[INFO] Building jar: /home/runner/work/sonar-analysis/sonar-analysis/project/flink-java/target/flink-java-1.19-SNAPSHOT-tests.jar
[INFO] 
[INFO] --- shade:3.5.1:shade (shade-flink) @ flink-java ---
[INFO] Including org.apache.flink:flink-shaded-force-shading:jar:18.0 in the shaded jar.
[INFO] Excluding org.apache.flink:flink-core:jar:1.19-SNAPSHOT from the shaded jar.
[INFO] Excluding org.apache.flink:flink-annotations:jar:1.19-SNAPSHOT from the shaded jar.
[INFO] Excluding org.apache.flink:flink-metrics-core:jar:1.19-SNAPSHOT from the shaded jar.
[INFO] Excluding org.apache.flink:flink-shaded-asm-9:jar:9.6-18.0 from the shaded jar.
[INFO] Excluding org.apache.flink:flink-shaded-jackson:jar:2.15.3-18.0 from the shaded jar.
[INFO] Excluding com.fasterxml.jackson.core:jackson-core:jar:2.15.3 from the shaded jar.
[INFO] Excluding com.fasterxml.jackson.core:jackson-annotations:jar:2.15.3 from the shaded jar.
[INFO] Excluding com.fasterxml.jackson.core:jackson-databind:jar:2.15.3 from the shaded jar.
[INFO] Excluding com.fasterxml.jackson.dataformat:jackson-dataformat-yaml:jar:2.15.3 from the shaded jar.
[INFO] Excluding org.yaml:snakeyaml:jar:1.33 from the shaded jar.
[INFO] Excluding com.fasterxml.jackson.dataformat:jackson-dataformat-csv:jar:2.15.3 from the shaded jar.
[INFO] Excluding com.fasterxml.jackson.datatype:jackson-datatype-jsr310:jar:2.15.3 from the shaded jar.
[INFO] Excluding com.fasterxml.jackson.datatype:jackson-datatype-jdk8:jar:2.15.3 from the shaded jar.
[INFO] Excluding org.apache.commons:commons-text:jar:1.10.0 from the shaded jar.
[INFO] Excluding com.esotericsoftware.kryo:kryo:jar:2.24.0 from the shaded jar.
[INFO] Excluding com.esotericsoftware.minlog:minlog:jar:1.2 from the shaded jar.
[INFO] Excluding commons-collections:commons-collections:jar:3.2.2 from the shaded jar.
[INFO] Excluding org.apache.commons:commons-compress:jar:1.24.0 from the shaded jar.
[INFO] Excluding org.apache.flink:flink-shaded-guava:jar:32.1.3-jre-18.0 from the shaded jar.
[INFO] Excluding org.apache.commons:commons-lang3:jar:3.12.0 from the shaded jar.
[INFO] Excluding org.apache.commons:commons-math3:jar:3.6.1 from the shaded jar.
[INFO] Excluding com.twitter:chill-java:jar:0.7.6 from the shaded jar.
[INFO] Excluding org.slf4j:slf4j-api:jar:1.7.36 from the shaded jar.
[INFO] Excluding com.google.code.findbugs:jsr305:jar:1.3.9 from the shaded jar.
[INFO] Excluding org.objenesis:objenesis:jar:2.1 from the shaded jar.
[INFO] No artifact matching filter io.netty:netty
[INFO] Dependency-reduced POM written at: /home/runner/work/sonar-analysis/sonar-analysis/project/flink-java/dependency-reduced-pom.xml
[INFO] Replacing original artifact with shaded artifact.
[INFO] Replacing /home/runner/work/sonar-analysis/sonar-analysis/project/flink-java/target/flink-java-1.19-SNAPSHOT.jar with /home/runner/work/sonar-analysis/sonar-analysis/project/flink-java/target/flink-java-1.19-SNAPSHOT-shaded.jar
[INFO] 
[INFO] --- cyclonedx:2.7.7:makeBom (default) @ flink-java ---
[INFO] CycloneDX: Resolving Dependencies
[INFO] CycloneDX: Creating BOM version 1.4 with 26 component(s)
[INFO] CycloneDX: Writing and validating BOM (XML): /home/runner/work/sonar-analysis/sonar-analysis/project/flink-java/target/bom.xml
[INFO]            attaching as flink-java-1.19-SNAPSHOT-cyclonedx.xml
[INFO] CycloneDX: Writing and validating BOM (JSON): /home/runner/work/sonar-analysis/sonar-analysis/project/flink-java/target/bom.json
[INFO]            attaching as flink-java-1.19-SNAPSHOT-cyclonedx.json
[INFO] 
[INFO] --- surefire:3.2.2:test (integration-tests) @ flink-java ---
[INFO] Tests are skipped.
[INFO] 
[INFO] --- japicmp:0.17.1:cmp (default) @ flink-java ---
[INFO] Written file '/home/runner/work/sonar-analysis/sonar-analysis/project/tools/japicmp-output/flink-java/japicmp/japicmp.diff'.
[INFO] Written file '/home/runner/work/sonar-analysis/sonar-analysis/project/tools/japicmp-output/flink-java/japicmp/japicmp.xml'.
[INFO] Written file '/home/runner/work/sonar-analysis/sonar-analysis/project/tools/japicmp-output/flink-java/japicmp/japicmp.html'.
[INFO] 
[INFO] --- install:2.5.2:install (default-install) @ flink-java ---
[INFO] Installing /home/runner/work/sonar-analysis/sonar-analysis/project/flink-java/target/flink-java-1.19-SNAPSHOT.jar to /home/runner/.m2/repository/org/apache/flink/flink-java/1.19-SNAPSHOT/flink-java-1.19-SNAPSHOT.jar
[INFO] Installing /home/runner/work/sonar-analysis/sonar-analysis/project/flink-java/dependency-reduced-pom.xml to /home/runner/.m2/repository/org/apache/flink/flink-java/1.19-SNAPSHOT/flink-java-1.19-SNAPSHOT.pom
[INFO] Installing /home/runner/work/sonar-analysis/sonar-analysis/project/flink-java/target/flink-java-1.19-SNAPSHOT-tests.jar to /home/runner/.m2/repository/org/apache/flink/flink-java/1.19-SNAPSHOT/flink-java-1.19-SNAPSHOT-tests.jar
[INFO] Installing /home/runner/work/sonar-analysis/sonar-analysis/project/flink-java/target/bom.xml to /home/runner/.m2/repository/org/apache/flink/flink-java/1.19-SNAPSHOT/flink-java-1.19-SNAPSHOT-cyclonedx.xml
[INFO] Installing /home/runner/work/sonar-analysis/sonar-analysis/project/flink-java/target/bom.json to /home/runner/.m2/repository/org/apache/flink/flink-java/1.19-SNAPSHOT/flink-java-1.19-SNAPSHOT-cyclonedx.json
[INFO] 
[INFO] -----------------< org.apache.flink:flink-connectors >------------------
[INFO] Building Flink : Connectors : 1.19-SNAPSHOT                     [16/175]
[INFO]   from flink-connectors/pom.xml
[INFO] --------------------------------[ pom ]---------------------------------
[INFO] 
[INFO] --- clean:3.1.0:clean (default-clean) @ flink-connectors ---
[INFO] Deleting /home/runner/work/sonar-analysis/sonar-analysis/project/flink-connectors (includes = [dependency-reduced-pom.xml], excludes = [])
[INFO] 
[INFO] --- checkstyle:3.1.2:check (validate) @ flink-connectors ---
[INFO] 
[INFO] --- spotless:2.27.1:check (spotless-check) @ flink-connectors ---
[INFO] 
[INFO] --- enforcer:3.1.0:enforce (enforce-maven-version) @ flink-connectors ---
[INFO] Skipping Rule Enforcement.
[INFO] 
[INFO] --- enforcer:3.1.0:enforce (enforce-maven) @ flink-connectors ---
[INFO] Skipping Rule Enforcement.
[INFO] 
[INFO] --- enforcer:3.1.0:enforce (ban-unsafe-snakeyaml) @ flink-connectors ---
[INFO] Skipping Rule Enforcement.
[INFO] 
[INFO] --- enforcer:3.1.0:enforce (ban-unsafe-jackson) @ flink-connectors ---
[INFO] Skipping Rule Enforcement.
[INFO] 
[INFO] --- enforcer:3.1.0:enforce (forbid-log4j-1) @ flink-connectors ---
[INFO] Skipping Rule Enforcement.
[INFO] 
[INFO] --- enforcer:3.1.0:enforce (forbid-direct-akka-rpc-dependencies) @ flink-connectors ---
[INFO] Skipping Rule Enforcement.
[INFO] 
[INFO] --- enforcer:3.1.0:enforce (forbid-direct-table-planner-dependencies) @ flink-connectors ---
[INFO] Skipping Rule Enforcement.
[INFO] 
[INFO] --- directory:0.1:directory-of (directories) @ flink-connectors ---
[INFO] Directory of org.apache.flink:flink-parent set to: /home/runner/work/sonar-analysis/sonar-analysis/project
[INFO] 
[INFO] --- remote-resources:1.5:process (process-resource-bundles) @ flink-connectors ---
[INFO] 
[INFO] --- surefire:3.2.2:test (default-test) @ flink-connectors ---
[INFO] Tests are skipped.
[INFO] 
[INFO] --- shade:3.5.1:shade (shade-flink) @ flink-connectors ---
[INFO] Including org.apache.flink:flink-shaded-force-shading:jar:18.0 in the shaded jar.
[INFO] No artifact matching filter io.netty:netty
[INFO] Dependency-reduced POM written at: /home/runner/work/sonar-analysis/sonar-analysis/project/flink-connectors/dependency-reduced-pom.xml
[INFO] Replacing original artifact with shaded artifact.
[INFO] 
[INFO] --- cyclonedx:2.7.7:makeBom (default) @ flink-connectors ---
[INFO] CycloneDX: Resolving Dependencies
[INFO] CycloneDX: Creating BOM version 1.4 with 3 component(s)
[INFO] CycloneDX: Writing and validating BOM (XML): /home/runner/work/sonar-analysis/sonar-analysis/project/flink-connectors/target/bom.xml
[INFO]            attaching as flink-connectors-1.19-SNAPSHOT-cyclonedx.xml
[INFO] CycloneDX: Writing and validating BOM (JSON): /home/runner/work/sonar-analysis/sonar-analysis/project/flink-connectors/target/bom.json
[INFO]            attaching as flink-connectors-1.19-SNAPSHOT-cyclonedx.json
[INFO] 
[INFO] --- surefire:3.2.2:test (integration-tests) @ flink-connectors ---
[INFO] Tests are skipped.
[INFO] 
[INFO] --- japicmp:0.17.1:cmp (default) @ flink-connectors ---
[INFO] Skipping execution because parameter 'skipPomModules' was set to true and this is artifact is of type pom.
[INFO] 
[INFO] --- install:2.5.2:install (default-install) @ flink-connectors ---
[INFO] Installing /home/runner/work/sonar-analysis/sonar-analysis/project/flink-connectors/dependency-reduced-pom.xml to /home/runner/.m2/repository/org/apache/flink/flink-connectors/1.19-SNAPSHOT/flink-connectors-1.19-SNAPSHOT.pom
[INFO] Installing /home/runner/work/sonar-analysis/sonar-analysis/project/flink-connectors/target/bom.xml to /home/runner/.m2/repository/org/apache/flink/flink-connectors/1.19-SNAPSHOT/flink-connectors-1.19-SNAPSHOT-cyclonedx.xml
[INFO] Installing /home/runner/work/sonar-analysis/sonar-analysis/project/flink-connectors/target/bom.json to /home/runner/.m2/repository/org/apache/flink/flink-connectors/1.19-SNAPSHOT/flink-connectors-1.19-SNAPSHOT-cyclonedx.json
[INFO] 
[INFO] --------------< org.apache.flink:flink-file-sink-common >---------------
[INFO] Building Flink : Connectors : File Sink Common 1.19-SNAPSHOT    [17/175]
[INFO]   from flink-connectors/flink-file-sink-common/pom.xml
[INFO] --------------------------------[ jar ]---------------------------------
[INFO] 
[INFO] --- clean:3.1.0:clean (default-clean) @ flink-file-sink-common ---
[INFO] Deleting /home/runner/work/sonar-analysis/sonar-analysis/project/flink-connectors/flink-file-sink-common (includes = [dependency-reduced-pom.xml], excludes = [])
[INFO] 
[INFO] --- checkstyle:3.1.2:check (validate) @ flink-file-sink-common ---
[INFO] 
[INFO] --- spotless:2.27.1:check (spotless-check) @ flink-file-sink-common ---
[INFO] 
[INFO] --- enforcer:3.1.0:enforce (enforce-maven-version) @ flink-file-sink-common ---
[INFO] Skipping Rule Enforcement.
[INFO] 
[INFO] --- enforcer:3.1.0:enforce (enforce-maven) @ flink-file-sink-common ---
[INFO] Skipping Rule Enforcement.
[INFO] 
[INFO] --- enforcer:3.1.0:enforce (ban-unsafe-snakeyaml) @ flink-file-sink-common ---
[INFO] Skipping Rule Enforcement.
[INFO] 
[INFO] --- enforcer:3.1.0:enforce (ban-unsafe-jackson) @ flink-file-sink-common ---
[INFO] Skipping Rule Enforcement.
[INFO] 
[INFO] --- enforcer:3.1.0:enforce (forbid-log4j-1) @ flink-file-sink-common ---
[INFO] Skipping Rule Enforcement.
[INFO] 
[INFO] --- enforcer:3.1.0:enforce (forbid-direct-akka-rpc-dependencies) @ flink-file-sink-common ---
[INFO] Skipping Rule Enforcement.
[INFO] 
[INFO] --- enforcer:3.1.0:enforce (forbid-direct-table-planner-dependencies) @ flink-file-sink-common ---
[INFO] Skipping Rule Enforcement.
[INFO] 
[INFO] --- directory:0.1:directory-of (directories) @ flink-file-sink-common ---
[INFO] Directory of org.apache.flink:flink-parent set to: /home/runner/work/sonar-analysis/sonar-analysis/project
[INFO] 
[INFO] --- remote-resources:1.5:process (process-resource-bundles) @ flink-file-sink-common ---
[INFO] 
[INFO] --- resources:3.1.0:resources (default-resources) @ flink-file-sink-common ---
[INFO] Using 'UTF-8' encoding to copy filtered resources.
[INFO] skip non existing resourceDirectory /home/runner/work/sonar-analysis/sonar-analysis/project/flink-connectors/flink-file-sink-common/src/main/resources
[INFO] Copying 3 resources
[INFO] 
[INFO] --- compiler:3.8.0:compile (default-compile) @ flink-file-sink-common ---
[INFO] Compiling 22 source files to /home/runner/work/sonar-analysis/sonar-analysis/project/flink-connectors/flink-file-sink-common/target/classes
[INFO] 
[INFO] --- resources:3.1.0:testResources (default-testResources) @ flink-file-sink-common ---
[INFO] Using 'UTF-8' encoding to copy filtered resources.
[INFO] Copying 6 resources
[INFO] Copying 3 resources
[INFO] 
[INFO] --- compiler:3.8.0:testCompile (default-testCompile) @ flink-file-sink-common ---
[INFO] Compiling 3 source files to /home/runner/work/sonar-analysis/sonar-analysis/project/flink-connectors/flink-file-sink-common/target/test-classes
[INFO] /home/runner/work/sonar-analysis/sonar-analysis/project/flink-connectors/flink-file-sink-common/src/test/java/org/apache/flink/streaming/api/functions/sink/filesystem/OutputStreamBasedPartFileRecoverableMigrationTest.java: /home/runner/work/sonar-analysis/sonar-analysis/project/flink-connectors/flink-file-sink-common/src/test/java/org/apache/flink/streaming/api/functions/sink/filesystem/OutputStreamBasedPartFileRecoverableMigrationTest.java uses or overrides a deprecated API.
[INFO] /home/runner/work/sonar-analysis/sonar-analysis/project/flink-connectors/flink-file-sink-common/src/test/java/org/apache/flink/streaming/api/functions/sink/filesystem/OutputStreamBasedPartFileRecoverableMigrationTest.java: Recompile with -Xlint:deprecation for details.
[INFO] /home/runner/work/sonar-analysis/sonar-analysis/project/flink-connectors/flink-file-sink-common/src/test/java/org/apache/flink/streaming/api/functions/sink/filesystem/bucketassigners/DateTimeBucketAssignerTest.java: /home/runner/work/sonar-analysis/sonar-analysis/project/flink-connectors/flink-file-sink-common/src/test/java/org/apache/flink/streaming/api/functions/sink/filesystem/bucketassigners/DateTimeBucketAssignerTest.java uses unchecked or unsafe operations.
[INFO] /home/runner/work/sonar-analysis/sonar-analysis/project/flink-connectors/flink-file-sink-common/src/test/java/org/apache/flink/streaming/api/functions/sink/filesystem/bucketassigners/DateTimeBucketAssignerTest.java: Recompile with -Xlint:unchecked for details.
[INFO] 
[INFO] --- surefire:3.2.2:test (default-test) @ flink-file-sink-common ---
[INFO] Tests are skipped.
[INFO] 
[INFO] --- jar:2.4:jar (default-jar) @ flink-file-sink-common ---
[INFO] Building jar: /home/runner/work/sonar-analysis/sonar-analysis/project/flink-connectors/flink-file-sink-common/target/flink-file-sink-common-1.19-SNAPSHOT.jar
[INFO] 
[INFO] --- jar:2.4:test-jar (default) @ flink-file-sink-common ---
[INFO] Building jar: /home/runner/work/sonar-analysis/sonar-analysis/project/flink-connectors/flink-file-sink-common/target/flink-file-sink-common-1.19-SNAPSHOT-tests.jar
[INFO] 
[INFO] --- shade:3.5.1:shade (shade-flink) @ flink-file-sink-common ---
[INFO] Including org.apache.flink:flink-shaded-force-shading:jar:18.0 in the shaded jar.
[INFO] No artifact matching filter io.netty:netty
[INFO] Dependency-reduced POM written at: /home/runner/work/sonar-analysis/sonar-analysis/project/flink-connectors/flink-file-sink-common/dependency-reduced-pom.xml
[INFO] Replacing original artifact with shaded artifact.
[INFO] Replacing /home/runner/work/sonar-analysis/sonar-analysis/project/flink-connectors/flink-file-sink-common/target/flink-file-sink-common-1.19-SNAPSHOT.jar with /home/runner/work/sonar-analysis/sonar-analysis/project/flink-connectors/flink-file-sink-common/target/flink-file-sink-common-1.19-SNAPSHOT-shaded.jar
[INFO] 
[INFO] --- cyclonedx:2.7.7:makeBom (default) @ flink-file-sink-common ---
[INFO] CycloneDX: Resolving Dependencies
[INFO] CycloneDX: Creating BOM version 1.4 with 24 component(s)
[INFO] CycloneDX: Writing and validating BOM (XML): /home/runner/work/sonar-analysis/sonar-analysis/project/flink-connectors/flink-file-sink-common/target/bom.xml
[INFO]            attaching as flink-file-sink-common-1.19-SNAPSHOT-cyclonedx.xml
[INFO] CycloneDX: Writing and validating BOM (JSON): /home/runner/work/sonar-analysis/sonar-analysis/project/flink-connectors/flink-file-sink-common/target/bom.json
[INFO]            attaching as flink-file-sink-common-1.19-SNAPSHOT-cyclonedx.json
[INFO] 
[INFO] --- surefire:3.2.2:test (integration-tests) @ flink-file-sink-common ---
[INFO] Tests are skipped.
[INFO] 
[INFO] --- japicmp:0.17.1:cmp (default) @ flink-file-sink-common ---
[INFO] Written file '/home/runner/work/sonar-analysis/sonar-analysis/project/tools/japicmp-output/flink-file-sink-common/japicmp/japicmp.diff'.
[INFO] Written file '/home/runner/work/sonar-analysis/sonar-analysis/project/tools/japicmp-output/flink-file-sink-common/japicmp/japicmp.xml'.
[INFO] Written file '/home/runner/work/sonar-analysis/sonar-analysis/project/tools/japicmp-output/flink-file-sink-common/japicmp/japicmp.html'.
[INFO] 
[INFO] --- install:2.5.2:install (default-install) @ flink-file-sink-common ---
[INFO] Installing /home/runner/work/sonar-analysis/sonar-analysis/project/flink-connectors/flink-file-sink-common/target/flink-file-sink-common-1.19-SNAPSHOT.jar to /home/runner/.m2/repository/org/apache/flink/flink-file-sink-common/1.19-SNAPSHOT/flink-file-sink-common-1.19-SNAPSHOT.jar
[INFO] Installing /home/runner/work/sonar-analysis/sonar-analysis/project/flink-connectors/flink-file-sink-common/dependency-reduced-pom.xml to /home/runner/.m2/repository/org/apache/flink/flink-file-sink-common/1.19-SNAPSHOT/flink-file-sink-common-1.19-SNAPSHOT.pom
[INFO] Installing /home/runner/work/sonar-analysis/sonar-analysis/project/flink-connectors/flink-file-sink-common/target/flink-file-sink-common-1.19-SNAPSHOT-tests.jar to /home/runner/.m2/repository/org/apache/flink/flink-file-sink-common/1.19-SNAPSHOT/flink-file-sink-common-1.19-SNAPSHOT-tests.jar
[INFO] Installing /home/runner/work/sonar-analysis/sonar-analysis/project/flink-connectors/flink-file-sink-common/target/bom.xml to /home/runner/.m2/repository/org/apache/flink/flink-file-sink-common/1.19-SNAPSHOT/flink-file-sink-common-1.19-SNAPSHOT-cyclonedx.xml
[INFO] Installing /home/runner/work/sonar-analysis/sonar-analysis/project/flink-connectors/flink-file-sink-common/target/bom.json to /home/runner/.m2/repository/org/apache/flink/flink-file-sink-common/1.19-SNAPSHOT/flink-file-sink-common-1.19-SNAPSHOT-cyclonedx.json
[INFO] 
[INFO] ---------------------< org.apache.flink:flink-rpc >---------------------
[INFO] Building Flink : RPC : 1.19-SNAPSHOT                            [18/175]
[INFO]   from flink-rpc/pom.xml
[INFO] --------------------------------[ pom ]---------------------------------
[INFO] 
[INFO] --- clean:3.1.0:clean (default-clean) @ flink-rpc ---
[INFO] Deleting /home/runner/work/sonar-analysis/sonar-analysis/project/flink-rpc (includes = [dependency-reduced-pom.xml], excludes = [])
[INFO] 
[INFO] --- checkstyle:3.1.2:check (validate) @ flink-rpc ---
[INFO] 
[INFO] --- spotless:2.27.1:check (spotless-check) @ flink-rpc ---
[INFO] 
[INFO] --- enforcer:3.1.0:enforce (enforce-maven-version) @ flink-rpc ---
[INFO] Skipping Rule Enforcement.
[INFO] 
[INFO] --- enforcer:3.1.0:enforce (enforce-maven) @ flink-rpc ---
[INFO] Skipping Rule Enforcement.
[INFO] 
[INFO] --- enforcer:3.1.0:enforce (ban-unsafe-snakeyaml) @ flink-rpc ---
[INFO] Skipping Rule Enforcement.
[INFO] 
[INFO] --- enforcer:3.1.0:enforce (ban-unsafe-jackson) @ flink-rpc ---
[INFO] Skipping Rule Enforcement.
[INFO] 
[INFO] --- enforcer:3.1.0:enforce (forbid-log4j-1) @ flink-rpc ---
[INFO] Skipping Rule Enforcement.
[INFO] 
[INFO] --- enforcer:3.1.0:enforce (forbid-direct-akka-rpc-dependencies) @ flink-rpc ---
[INFO] Skipping Rule Enforcement.
[INFO] 
[INFO] --- enforcer:3.1.0:enforce (forbid-direct-table-planner-dependencies) @ flink-rpc ---
[INFO] Skipping Rule Enforcement.
[INFO] 
[INFO] --- directory:0.1:directory-of (directories) @ flink-rpc ---
[INFO] Directory of org.apache.flink:flink-parent set to: /home/runner/work/sonar-analysis/sonar-analysis/project
[INFO] 
[INFO] --- remote-resources:1.5:process (process-resource-bundles) @ flink-rpc ---
[INFO] 
[INFO] --- surefire:3.2.2:test (default-test) @ flink-rpc ---
[INFO] Tests are skipped.
[INFO] 
[INFO] --- shade:3.5.1:shade (shade-flink) @ flink-rpc ---
[INFO] Including org.apache.flink:flink-shaded-force-shading:jar:18.0 in the shaded jar.
[INFO] Excluding org.slf4j:slf4j-api:jar:1.7.36 from the shaded jar.
[INFO] Excluding com.google.code.findbugs:jsr305:jar:1.3.9 from the shaded jar.
[INFO] No artifact matching filter io.netty:netty
[INFO] Dependency-reduced POM written at: /home/runner/work/sonar-analysis/sonar-analysis/project/flink-rpc/dependency-reduced-pom.xml
[INFO] Replacing original artifact with shaded artifact.
[INFO] 
[INFO] --- cyclonedx:2.7.7:makeBom (default) @ flink-rpc ---
[INFO] CycloneDX: Resolving Dependencies
[INFO] CycloneDX: Creating BOM version 1.4 with 3 component(s)
[INFO] CycloneDX: Writing and validating BOM (XML): /home/runner/work/sonar-analysis/sonar-analysis/project/flink-rpc/target/bom.xml
[INFO]            attaching as flink-rpc-1.19-SNAPSHOT-cyclonedx.xml
[INFO] CycloneDX: Writing and validating BOM (JSON): /home/runner/work/sonar-analysis/sonar-analysis/project/flink-rpc/target/bom.json
[INFO]            attaching as flink-rpc-1.19-SNAPSHOT-cyclonedx.json
[INFO] 
[INFO] --- surefire:3.2.2:test (integration-tests) @ flink-rpc ---
[INFO] Tests are skipped.
[INFO] 
[INFO] --- japicmp:0.17.1:cmp (default) @ flink-rpc ---
[INFO] Skipping execution because parameter 'skipPomModules' was set to true and this is artifact is of type pom.
[INFO] 
[INFO] --- install:2.5.2:install (default-install) @ flink-rpc ---
[INFO] Installing /home/runner/work/sonar-analysis/sonar-analysis/project/flink-rpc/dependency-reduced-pom.xml to /home/runner/.m2/repository/org/apache/flink/flink-rpc/1.19-SNAPSHOT/flink-rpc-1.19-SNAPSHOT.pom
[INFO] Installing /home/runner/work/sonar-analysis/sonar-analysis/project/flink-rpc/target/bom.xml to /home/runner/.m2/repository/org/apache/flink/flink-rpc/1.19-SNAPSHOT/flink-rpc-1.19-SNAPSHOT-cyclonedx.xml
[INFO] Installing /home/runner/work/sonar-analysis/sonar-analysis/project/flink-rpc/target/bom.json to /home/runner/.m2/repository/org/apache/flink/flink-rpc/1.19-SNAPSHOT/flink-rpc-1.19-SNAPSHOT-cyclonedx.json
[INFO] 
[INFO] ------------------< org.apache.flink:flink-rpc-core >-------------------
[INFO] Building Flink : RPC : Core 1.19-SNAPSHOT                       [19/175]
[INFO]   from flink-rpc/flink-rpc-core/pom.xml
[INFO] --------------------------------[ jar ]---------------------------------
[INFO] 
[INFO] --- clean:3.1.0:clean (default-clean) @ flink-rpc-core ---
[INFO] Deleting /home/runner/work/sonar-analysis/sonar-analysis/project/flink-rpc/flink-rpc-core (includes = [dependency-reduced-pom.xml], excludes = [])
[INFO] 
[INFO] --- checkstyle:3.1.2:check (validate) @ flink-rpc-core ---
[INFO] 
[INFO] --- spotless:2.27.1:check (spotless-check) @ flink-rpc-core ---
[INFO] 
[INFO] --- enforcer:3.1.0:enforce (enforce-maven-version) @ flink-rpc-core ---
[INFO] Skipping Rule Enforcement.
[INFO] 
[INFO] --- enforcer:3.1.0:enforce (enforce-maven) @ flink-rpc-core ---
[INFO] Skipping Rule Enforcement.
[INFO] 
[INFO] --- enforcer:3.1.0:enforce (ban-unsafe-snakeyaml) @ flink-rpc-core ---
[INFO] Skipping Rule Enforcement.
[INFO] 
[INFO] --- enforcer:3.1.0:enforce (ban-unsafe-jackson) @ flink-rpc-core ---
[INFO] Skipping Rule Enforcement.
[INFO] 
[INFO] --- enforcer:3.1.0:enforce (forbid-log4j-1) @ flink-rpc-core ---
[INFO] Skipping Rule Enforcement.
[INFO] 
[INFO] --- enforcer:3.1.0:enforce (forbid-direct-akka-rpc-dependencies) @ flink-rpc-core ---
[INFO] Skipping Rule Enforcement.
[INFO] 
[INFO] --- enforcer:3.1.0:enforce (forbid-direct-table-planner-dependencies) @ flink-rpc-core ---
[INFO] Skipping Rule Enforcement.
[INFO] 
[INFO] --- directory:0.1:directory-of (directories) @ flink-rpc-core ---
[INFO] Directory of org.apache.flink:flink-parent set to: /home/runner/work/sonar-analysis/sonar-analysis/project
[INFO] 
[INFO] --- remote-resources:1.5:process (process-resource-bundles) @ flink-rpc-core ---
[INFO] 
[INFO] --- resources:3.1.0:resources (default-resources) @ flink-rpc-core ---
[INFO] Using 'UTF-8' encoding to copy filtered resources.
[INFO] skip non existing resourceDirectory /home/runner/work/sonar-analysis/sonar-analysis/project/flink-rpc/flink-rpc-core/src/main/resources
[INFO] Copying 3 resources
[INFO] 
[INFO] --- compiler:3.8.0:compile (default-compile) @ flink-rpc-core ---
[INFO] Compiling 42 source files to /home/runner/work/sonar-analysis/sonar-analysis/project/flink-rpc/flink-rpc-core/target/classes
[INFO] /home/runner/work/sonar-analysis/sonar-analysis/project/flink-rpc/flink-rpc-core/src/main/java/org/apache/flink/runtime/rpc/RpcUtils.java: Some input files use or override a deprecated API.
[INFO] /home/runner/work/sonar-analysis/sonar-analysis/project/flink-rpc/flink-rpc-core/src/main/java/org/apache/flink/runtime/rpc/RpcUtils.java: Recompile with -Xlint:deprecation for details.
[INFO] /home/runner/work/sonar-analysis/sonar-analysis/project/flink-rpc/flink-rpc-core/src/main/java/org/apache/flink/runtime/rpc/RpcUtils.java: /home/runner/work/sonar-analysis/sonar-analysis/project/flink-rpc/flink-rpc-core/src/main/java/org/apache/flink/runtime/rpc/RpcUtils.java uses unchecked or unsafe operations.
[INFO] /home/runner/work/sonar-analysis/sonar-analysis/project/flink-rpc/flink-rpc-core/src/main/java/org/apache/flink/runtime/rpc/RpcUtils.java: Recompile with -Xlint:unchecked for details.
[INFO] 
[INFO] --- resources:3.1.0:testResources (default-testResources) @ flink-rpc-core ---
[INFO] Using 'UTF-8' encoding to copy filtered resources.
[INFO] Copying 1 resource
[INFO] Copying 3 resources
[INFO] 
[INFO] --- compiler:3.8.0:testCompile (default-testCompile) @ flink-rpc-core ---
[INFO] Compiling 3 source files to /home/runner/work/sonar-analysis/sonar-analysis/project/flink-rpc/flink-rpc-core/target/test-classes
[INFO] 
[INFO] --- surefire:3.2.2:test (default-test) @ flink-rpc-core ---
[INFO] Tests are skipped.
[INFO] 
[INFO] --- jar:2.4:jar (default-jar) @ flink-rpc-core ---
[INFO] Building jar: /home/runner/work/sonar-analysis/sonar-analysis/project/flink-rpc/flink-rpc-core/target/flink-rpc-core-1.19-SNAPSHOT.jar
[INFO] 
[INFO] --- shade:3.5.1:shade (shade-flink) @ flink-rpc-core ---
[INFO] Including org.apache.flink:flink-shaded-force-shading:jar:18.0 in the shaded jar.
[INFO] Excluding org.slf4j:slf4j-api:jar:1.7.36 from the shaded jar.
[INFO] Excluding com.google.code.findbugs:jsr305:jar:1.3.9 from the shaded jar.
[INFO] No artifact matching filter io.netty:netty
[INFO] Dependency-reduced POM written at: /home/runner/work/sonar-analysis/sonar-analysis/project/flink-rpc/flink-rpc-core/dependency-reduced-pom.xml
[INFO] Replacing original artifact with shaded artifact.
[INFO] Replacing /home/runner/work/sonar-analysis/sonar-analysis/project/flink-rpc/flink-rpc-core/target/flink-rpc-core-1.19-SNAPSHOT.jar with /home/runner/work/sonar-analysis/sonar-analysis/project/flink-rpc/flink-rpc-core/target/flink-rpc-core-1.19-SNAPSHOT-shaded.jar
[INFO] 
[INFO] --- cyclonedx:2.7.7:makeBom (default) @ flink-rpc-core ---
[INFO] CycloneDX: Resolving Dependencies
[INFO] CycloneDX: Creating BOM version 1.4 with 24 component(s)
[INFO] CycloneDX: Writing and validating BOM (XML): /home/runner/work/sonar-analysis/sonar-analysis/project/flink-rpc/flink-rpc-core/target/bom.xml
[INFO]            attaching as flink-rpc-core-1.19-SNAPSHOT-cyclonedx.xml
[INFO] CycloneDX: Writing and validating BOM (JSON): /home/runner/work/sonar-analysis/sonar-analysis/project/flink-rpc/flink-rpc-core/target/bom.json
[INFO]            attaching as flink-rpc-core-1.19-SNAPSHOT-cyclonedx.json
[INFO] 
[INFO] --- surefire:3.2.2:test (integration-tests) @ flink-rpc-core ---
[INFO] Tests are skipped.
[INFO] 
[INFO] --- japicmp:0.17.1:cmp (default) @ flink-rpc-core ---
[INFO] Written file '/home/runner/work/sonar-analysis/sonar-analysis/project/tools/japicmp-output/flink-rpc-core/japicmp/japicmp.diff'.
[INFO] Written file '/home/runner/work/sonar-analysis/sonar-analysis/project/tools/japicmp-output/flink-rpc-core/japicmp/japicmp.xml'.
[INFO] Written file '/home/runner/work/sonar-analysis/sonar-analysis/project/tools/japicmp-output/flink-rpc-core/japicmp/japicmp.html'.
[INFO] 
[INFO] --- install:2.5.2:install (default-install) @ flink-rpc-core ---
[INFO] Installing /home/runner/work/sonar-analysis/sonar-analysis/project/flink-rpc/flink-rpc-core/target/flink-rpc-core-1.19-SNAPSHOT.jar to /home/runner/.m2/repository/org/apache/flink/flink-rpc-core/1.19-SNAPSHOT/flink-rpc-core-1.19-SNAPSHOT.jar
[INFO] Installing /home/runner/work/sonar-analysis/sonar-analysis/project/flink-rpc/flink-rpc-core/dependency-reduced-pom.xml to /home/runner/.m2/repository/org/apache/flink/flink-rpc-core/1.19-SNAPSHOT/flink-rpc-core-1.19-SNAPSHOT.pom
[INFO] Installing /home/runner/work/sonar-analysis/sonar-analysis/project/flink-rpc/flink-rpc-core/target/bom.xml to /home/runner/.m2/repository/org/apache/flink/flink-rpc-core/1.19-SNAPSHOT/flink-rpc-core-1.19-SNAPSHOT-cyclonedx.xml
[INFO] Installing /home/runner/work/sonar-analysis/sonar-analysis/project/flink-rpc/flink-rpc-core/target/bom.json to /home/runner/.m2/repository/org/apache/flink/flink-rpc-core/1.19-SNAPSHOT/flink-rpc-core-1.19-SNAPSHOT-cyclonedx.json
[INFO] 
[INFO] ------------------< org.apache.flink:flink-rpc-akka >-------------------
[INFO] Building Flink : RPC : Akka 1.19-SNAPSHOT                       [20/175]
[INFO]   from flink-rpc/flink-rpc-akka/pom.xml
[INFO] --------------------------------[ jar ]---------------------------------
[INFO] 
[INFO] --- clean:3.1.0:clean (default-clean) @ flink-rpc-akka ---
[INFO] Deleting /home/runner/work/sonar-analysis/sonar-analysis/project/flink-rpc/flink-rpc-akka (includes = [dependency-reduced-pom.xml], excludes = [])
[INFO] 
[INFO] --- checkstyle:3.1.2:check (validate) @ flink-rpc-akka ---
[INFO] 
[INFO] --- spotless:2.27.1:check (spotless-check) @ flink-rpc-akka ---
[INFO] 
[INFO] --- enforcer:3.1.0:enforce (enforce-maven-version) @ flink-rpc-akka ---
[INFO] Skipping Rule Enforcement.
[INFO] 
[INFO] --- enforcer:3.1.0:enforce (enforce-maven) @ flink-rpc-akka ---
[INFO] Skipping Rule Enforcement.
[INFO] 
[INFO] --- enforcer:3.1.0:enforce (ban-unsafe-snakeyaml) @ flink-rpc-akka ---
[INFO] Skipping Rule Enforcement.
[INFO] 
[INFO] --- enforcer:3.1.0:enforce (ban-unsafe-jackson) @ flink-rpc-akka ---
[INFO] Skipping Rule Enforcement.
[INFO] 
[INFO] --- enforcer:3.1.0:enforce (forbid-log4j-1) @ flink-rpc-akka ---
[INFO] Skipping Rule Enforcement.
[INFO] 
[INFO] --- enforcer:3.1.0:enforce (forbid-direct-akka-rpc-dependencies) @ flink-rpc-akka ---
[INFO] Skipping Rule Enforcement.
[INFO] 
[INFO] --- enforcer:3.1.0:enforce (forbid-direct-table-planner-dependencies) @ flink-rpc-akka ---
[INFO] Skipping Rule Enforcement.
[INFO] 
[INFO] --- directory:0.1:directory-of (directories) @ flink-rpc-akka ---
[INFO] Directory of org.apache.flink:flink-parent set to: /home/runner/work/sonar-analysis/sonar-analysis/project
[INFO] 
[INFO] --- remote-resources:1.5:process (process-resource-bundles) @ flink-rpc-akka ---
[INFO] 
[INFO] --- resources:3.1.0:resources (default-resources) @ flink-rpc-akka ---
[INFO] Using 'UTF-8' encoding to copy filtered resources.
[INFO] Copying 6 resources
[INFO] Copying 3 resources
[INFO] 
[INFO] --- compiler:3.8.0:compile (default-compile) @ flink-rpc-akka ---
[INFO] Compiling 26 source files to /home/runner/work/sonar-analysis/sonar-analysis/project/flink-rpc/flink-rpc-akka/target/classes
[INFO] /home/runner/work/sonar-analysis/sonar-analysis/project/flink-rpc/flink-rpc-akka/src/main/java/org/apache/flink/runtime/rpc/pekko/CustomSSLEngineProvider.java: Some input files use or override a deprecated API.
[INFO] /home/runner/work/sonar-analysis/sonar-analysis/project/flink-rpc/flink-rpc-akka/src/main/java/org/apache/flink/runtime/rpc/pekko/CustomSSLEngineProvider.java: Recompile with -Xlint:deprecation for details.
[INFO] 
[INFO] --- resources:3.1.0:testResources (default-testResources) @ flink-rpc-akka ---
[INFO] Using 'UTF-8' encoding to copy filtered resources.
[INFO] Copying 2 resources
[INFO] Copying 3 resources
[INFO] 
[INFO] --- compiler:3.8.0:testCompile (default-testCompile) @ flink-rpc-akka ---
[INFO] Compiling 17 source files to /home/runner/work/sonar-analysis/sonar-analysis/project/flink-rpc/flink-rpc-akka/target/test-classes
[INFO] /home/runner/work/sonar-analysis/sonar-analysis/project/flink-rpc/flink-rpc-akka/src/test/java/org/apache/flink/runtime/rpc/pekko/PekkoRpcActorTest.java: Some input files use or override a deprecated API.
[INFO] /home/runner/work/sonar-analysis/sonar-analysis/project/flink-rpc/flink-rpc-akka/src/test/java/org/apache/flink/runtime/rpc/pekko/PekkoRpcActorTest.java: Recompile with -Xlint:deprecation for details.
[INFO] /home/runner/work/sonar-analysis/sonar-analysis/project/flink-rpc/flink-rpc-akka/src/test/java/org/apache/flink/runtime/rpc/pekko/PekkoRpcServiceTest.java: /home/runner/work/sonar-analysis/sonar-analysis/project/flink-rpc/flink-rpc-akka/src/test/java/org/apache/flink/runtime/rpc/pekko/PekkoRpcServiceTest.java uses unchecked or unsafe operations.
[INFO] /home/runner/work/sonar-analysis/sonar-analysis/project/flink-rpc/flink-rpc-akka/src/test/java/org/apache/flink/runtime/rpc/pekko/PekkoRpcServiceTest.java: Recompile with -Xlint:unchecked for details.
[INFO] 
[INFO] --- surefire:3.2.2:test (default-test) @ flink-rpc-akka ---
[INFO] Tests are skipped.
[INFO] 
[INFO] --- jar:2.4:jar (default-jar) @ flink-rpc-akka ---
[INFO] Building jar: /home/runner/work/sonar-analysis/sonar-analysis/project/flink-rpc/flink-rpc-akka/target/flink-rpc-akka-1.19-SNAPSHOT.jar
[INFO] 
[INFO] --- jar:2.4:test-jar (default) @ flink-rpc-akka ---
[INFO] Building jar: /home/runner/work/sonar-analysis/sonar-analysis/project/flink-rpc/flink-rpc-akka/target/flink-rpc-akka-1.19-SNAPSHOT-tests.jar
[INFO] 
[INFO] --- shade:3.5.1:shade (shade-flink) @ flink-rpc-akka ---
[INFO] Including org.apache.pekko:pekko-actor_2.12:jar:1.0.1 in the shaded jar.
[INFO] Including org.scala-lang:scala-library:jar:2.12.16 in the shaded jar.
[INFO] Including org.scala-lang.modules:scala-java8-compat_2.12:jar:1.0.2 in the shaded jar.
[INFO] Including com.typesafe:config:jar:1.4.2 in the shaded jar.
[INFO] Including org.apache.pekko:pekko-remote_2.12:jar:1.0.1 in the shaded jar.
[INFO] Including org.apache.pekko:pekko-stream_2.12:jar:1.0.1 in the shaded jar.
[INFO] Including org.apache.pekko:pekko-protobuf-v3_2.12:jar:1.0.1 in the shaded jar.
[INFO] Including org.reactivestreams:reactive-streams:jar:1.0.4 in the shaded jar.
[INFO] Including com.typesafe:ssl-config-core_2.12:jar:0.6.1 in the shaded jar.
[INFO] Including org.apache.pekko:pekko-pki_2.12:jar:1.0.1 in the shaded jar.
[INFO] Including com.hierynomus:asn-one:jar:0.5.0 in the shaded jar.
[INFO] Including org.agrona:agrona:jar:1.15.1 in the shaded jar.
[INFO] Including org.apache.pekko:pekko-slf4j_2.12:jar:1.0.1 in the shaded jar.
[INFO] Including io.netty:netty:jar:3.10.6.Final in the shaded jar.
[INFO] Including org.apache.flink:flink-shaded-force-shading:jar:18.0 in the shaded jar.
[INFO] Dependency-reduced POM written at: /home/runner/work/sonar-analysis/sonar-analysis/project/flink-rpc/flink-rpc-akka/dependency-reduced-pom.xml
[WARNING] flink-rpc-akka-1.19-SNAPSHOT.jar, pekko-actor_2.12-1.0.1.jar, pekko-pki_2.12-1.0.1.jar, pekko-protobuf-v3_2.12-1.0.1.jar, pekko-remote_2.12-1.0.1.jar, pekko-slf4j_2.12-1.0.1.jar, pekko-stream_2.12-1.0.1.jar define 1 overlapping resource: 
[WARNING]   - META-INF/LICENSE
[WARNING] agrona-1.15.1.jar, asn-one-0.5.0.jar, config-1.4.2.jar, flink-rpc-akka-1.19-SNAPSHOT.jar, netty-3.10.6.Final.jar, pekko-actor_2.12-1.0.1.jar, pekko-pki_2.12-1.0.1.jar, pekko-protobuf-v3_2.12-1.0.1.jar, pekko-remote_2.12-1.0.1.jar, pekko-slf4j_2.12-1.0.1.jar, pekko-stream_2.12-1.0.1.jar, reactive-streams-1.0.4.jar, scala-java8-compat_2.12-1.0.2.jar, scala-library-2.12.16.jar, ssl-config-core_2.12-0.6.1.jar define 1 overlapping resource: 
[WARNING]   - META-INF/MANIFEST.MF
[WARNING] pekko-actor_2.12-1.0.1.jar, pekko-pki_2.12-1.0.1.jar, pekko-protobuf-v3_2.12-1.0.1.jar, pekko-remote_2.12-1.0.1.jar, pekko-slf4j_2.12-1.0.1.jar, pekko-stream_2.12-1.0.1.jar define 1 overlapping resource: 
[WARNING]   - META-INF/DISCLAIMER
[WARNING] maven-shade-plugin has detected that some files are
[WARNING] present in two or more JARs. When this happens, only one
[WARNING] single version of the file is copied to the uber jar.
[WARNING] Usually this is not harmful and you can skip these warnings,
[WARNING] otherwise try to manually exclude artifacts based on
[WARNING] mvn dependency:tree -Ddetail=true and the above output.
[WARNING] See https://maven.apache.org/plugins/maven-shade-plugin/
[INFO] Replacing original artifact with shaded artifact.
[INFO] Replacing /home/runner/work/sonar-analysis/sonar-analysis/project/flink-rpc/flink-rpc-akka/target/flink-rpc-akka-1.19-SNAPSHOT.jar with /home/runner/work/sonar-analysis/sonar-analysis/project/flink-rpc/flink-rpc-akka/target/flink-rpc-akka-1.19-SNAPSHOT-shaded.jar
[INFO] 
[INFO] --- cyclonedx:2.7.7:makeBom (default) @ flink-rpc-akka ---
[INFO] CycloneDX: Resolving Dependencies
[INFO] CycloneDX: Creating BOM version 1.4 with 40 component(s)
[INFO] CycloneDX: Writing and validating BOM (XML): /home/runner/work/sonar-analysis/sonar-analysis/project/flink-rpc/flink-rpc-akka/target/bom.xml
[INFO]            attaching as flink-rpc-akka-1.19-SNAPSHOT-cyclonedx.xml
[INFO] CycloneDX: Writing and validating BOM (JSON): /home/runner/work/sonar-analysis/sonar-analysis/project/flink-rpc/flink-rpc-akka/target/bom.json
[INFO]            attaching as flink-rpc-akka-1.19-SNAPSHOT-cyclonedx.json
[INFO] 
[INFO] --- surefire:3.2.2:test (integration-tests) @ flink-rpc-akka ---
[INFO] Tests are skipped.
[INFO] 
[INFO] --- japicmp:0.17.1:cmp (default) @ flink-rpc-akka ---
[INFO] Written file '/home/runner/work/sonar-analysis/sonar-analysis/project/tools/japicmp-output/flink-rpc-akka/japicmp/japicmp.diff'.
[INFO] Written file '/home/runner/work/sonar-analysis/sonar-analysis/project/tools/japicmp-output/flink-rpc-akka/japicmp/japicmp.xml'.
[INFO] Written file '/home/runner/work/sonar-analysis/sonar-analysis/project/tools/japicmp-output/flink-rpc-akka/japicmp/japicmp.html'.
[INFO] 
[INFO] --- install:2.5.2:install (default-install) @ flink-rpc-akka ---
[INFO] Installing /home/runner/work/sonar-analysis/sonar-analysis/project/flink-rpc/flink-rpc-akka/target/flink-rpc-akka-1.19-SNAPSHOT.jar to /home/runner/.m2/repository/org/apache/flink/flink-rpc-akka/1.19-SNAPSHOT/flink-rpc-akka-1.19-SNAPSHOT.jar
[INFO] Installing /home/runner/work/sonar-analysis/sonar-analysis/project/flink-rpc/flink-rpc-akka/dependency-reduced-pom.xml to /home/runner/.m2/repository/org/apache/flink/flink-rpc-akka/1.19-SNAPSHOT/flink-rpc-akka-1.19-SNAPSHOT.pom
[INFO] Installing /home/runner/work/sonar-analysis/sonar-analysis/project/flink-rpc/flink-rpc-akka/target/flink-rpc-akka-1.19-SNAPSHOT-tests.jar to /home/runner/.m2/repository/org/apache/flink/flink-rpc-akka/1.19-SNAPSHOT/flink-rpc-akka-1.19-SNAPSHOT-tests.jar
[INFO] Installing /home/runner/work/sonar-analysis/sonar-analysis/project/flink-rpc/flink-rpc-akka/target/bom.xml to /home/runner/.m2/repository/org/apache/flink/flink-rpc-akka/1.19-SNAPSHOT/flink-rpc-akka-1.19-SNAPSHOT-cyclonedx.xml
[INFO] Installing /home/runner/work/sonar-analysis/sonar-analysis/project/flink-rpc/flink-rpc-akka/target/bom.json to /home/runner/.m2/repository/org/apache/flink/flink-rpc-akka/1.19-SNAPSHOT/flink-rpc-akka-1.19-SNAPSHOT-cyclonedx.json
[INFO] 
[INFO] ---------------< org.apache.flink:flink-rpc-akka-loader >---------------
[INFO] Building Flink : RPC : Akka-Loader 1.19-SNAPSHOT                [21/175]
[INFO]   from flink-rpc/flink-rpc-akka-loader/pom.xml
[INFO] --------------------------------[ jar ]---------------------------------
[INFO] 
[INFO] --- clean:3.1.0:clean (default-clean) @ flink-rpc-akka-loader ---
[INFO] Deleting /home/runner/work/sonar-analysis/sonar-analysis/project/flink-rpc/flink-rpc-akka-loader (includes = [dependency-reduced-pom.xml], excludes = [])
[INFO] 
[INFO] --- checkstyle:3.1.2:check (validate) @ flink-rpc-akka-loader ---
[INFO] 
[INFO] --- spotless:2.27.1:check (spotless-check) @ flink-rpc-akka-loader ---
[INFO] 
[INFO] --- enforcer:3.1.0:enforce (enforce-maven-version) @ flink-rpc-akka-loader ---
[INFO] Skipping Rule Enforcement.
[INFO] 
[INFO] --- enforcer:3.1.0:enforce (enforce-maven) @ flink-rpc-akka-loader ---
[INFO] Skipping Rule Enforcement.
[INFO] 
[INFO] --- enforcer:3.1.0:enforce (ban-unsafe-snakeyaml) @ flink-rpc-akka-loader ---
[INFO] Skipping Rule Enforcement.
[INFO] 
[INFO] --- enforcer:3.1.0:enforce (ban-unsafe-jackson) @ flink-rpc-akka-loader ---
[INFO] Skipping Rule Enforcement.
[INFO] 
[INFO] --- enforcer:3.1.0:enforce (forbid-log4j-1) @ flink-rpc-akka-loader ---
[INFO] Skipping Rule Enforcement.
[INFO] 
[INFO] --- enforcer:3.1.0:enforce (forbid-direct-table-planner-dependencies) @ flink-rpc-akka-loader ---
[INFO] Skipping Rule Enforcement.
[INFO] 
[INFO] --- directory:0.1:directory-of (directories) @ flink-rpc-akka-loader ---
[INFO] Directory of org.apache.flink:flink-parent set to: /home/runner/work/sonar-analysis/sonar-analysis/project
[INFO] 
[INFO] --- remote-resources:1.5:process (process-resource-bundles) @ flink-rpc-akka-loader ---
[INFO] 
[INFO] --- resources:3.1.0:resources (default-resources) @ flink-rpc-akka-loader ---
[INFO] Using 'UTF-8' encoding to copy filtered resources.
[INFO] Copying 1 resource
[INFO] Copying 3 resources
[INFO] 
[INFO] --- compiler:3.8.0:compile (default-compile) @ flink-rpc-akka-loader ---
[INFO] Compiling 1 source file to /home/runner/work/sonar-analysis/sonar-analysis/project/flink-rpc/flink-rpc-akka-loader/target/classes
[INFO] 
[INFO] --- resources:3.1.0:testResources (default-testResources) @ flink-rpc-akka-loader ---
[INFO] Using 'UTF-8' encoding to copy filtered resources.
[INFO] Copying 2 resources
[INFO] Copying 3 resources
[INFO] 
[INFO] --- compiler:3.8.0:testCompile (default-testCompile) @ flink-rpc-akka-loader ---
[INFO] Compiling 2 source files to /home/runner/work/sonar-analysis/sonar-analysis/project/flink-rpc/flink-rpc-akka-loader/target/test-classes
[INFO] 
[INFO] --- surefire:3.2.2:test (default-test) @ flink-rpc-akka-loader ---
[INFO] Tests are skipped.
[INFO] 
[INFO] --- dependency:3.2.0:copy (copy-rpc-akka-jars) @ flink-rpc-akka-loader ---
[INFO] Artifact com.google.code.findbugs:jsr305:jar:1.3.9 is present in the local repository, but cached from a remote repository ID that is unavailable in current build context, verifying that is downloadable from [central (https://repo.maven.apache.org/maven2, default, releases), apache.snapshots (https://repository.apache.org/snapshots, default, snapshots), sonatype-nexus-snapshots (https://oss.sonatype.org/content/repositories/snapshots, default, snapshots)]
[INFO] Artifact com.google.code.findbugs:jsr305:jar:1.3.9 is present in the local repository, but cached from a remote repository ID that is unavailable in current build context, verifying that is downloadable from [central (https://repo.maven.apache.org/maven2, default, releases), apache.snapshots (https://repository.apache.org/snapshots, default, snapshots), sonatype-nexus-snapshots (https://oss.sonatype.org/content/repositories/snapshots, default, snapshots)]
[INFO] Configured Artifact: org.apache.flink:flink-rpc-akka:1.19-SNAPSHOT:jar
[INFO] Copying flink-rpc-akka-1.19-SNAPSHOT.jar to /home/runner/work/sonar-analysis/sonar-analysis/project/flink-rpc/flink-rpc-akka-loader/target/classes/flink-rpc-akka.jar
[INFO] 
[INFO] --- jar:2.4:jar (default-jar) @ flink-rpc-akka-loader ---
[INFO] Building jar: /home/runner/work/sonar-analysis/sonar-analysis/project/flink-rpc/flink-rpc-akka-loader/target/flink-rpc-akka-loader-1.19-SNAPSHOT.jar
[INFO] 
[INFO] --- jar:2.4:test-jar (default) @ flink-rpc-akka-loader ---
[INFO] Building jar: /home/runner/work/sonar-analysis/sonar-analysis/project/flink-rpc/flink-rpc-akka-loader/target/flink-rpc-akka-loader-1.19-SNAPSHOT-tests.jar
[INFO] 
[INFO] --- shade:3.5.1:shade (shade-flink) @ flink-rpc-akka-loader ---
[INFO] Including org.apache.flink:flink-rpc-akka:jar:1.19-SNAPSHOT in the shaded jar.
[INFO] Excluding org.apache.flink:flink-core:jar:1.19-SNAPSHOT from the shaded jar.
[INFO] Excluding org.apache.flink:flink-annotations:jar:1.19-SNAPSHOT from the shaded jar.
[INFO] Excluding org.apache.flink:flink-metrics-core:jar:1.19-SNAPSHOT from the shaded jar.
[INFO] Excluding org.apache.flink:flink-shaded-asm-9:jar:9.6-18.0 from the shaded jar.
[INFO] Excluding org.apache.flink:flink-shaded-jackson:jar:2.15.3-18.0 from the shaded jar.
[INFO] Excluding com.fasterxml.jackson.core:jackson-core:jar:2.15.3 from the shaded jar.
[INFO] Excluding com.fasterxml.jackson.core:jackson-annotations:jar:2.15.3 from the shaded jar.
[INFO] Excluding com.fasterxml.jackson.core:jackson-databind:jar:2.15.3 from the shaded jar.
[INFO] Excluding com.fasterxml.jackson.dataformat:jackson-dataformat-yaml:jar:2.15.3 from the shaded jar.
[INFO] Excluding org.yaml:snakeyaml:jar:1.33 from the shaded jar.
[INFO] Excluding com.fasterxml.jackson.dataformat:jackson-dataformat-csv:jar:2.15.3 from the shaded jar.
[INFO] Excluding com.fasterxml.jackson.datatype:jackson-datatype-jsr310:jar:2.15.3 from the shaded jar.
[INFO] Excluding com.fasterxml.jackson.datatype:jackson-datatype-jdk8:jar:2.15.3 from the shaded jar.
[INFO] Excluding org.apache.commons:commons-lang3:jar:3.12.0 from the shaded jar.
[INFO] Excluding org.apache.commons:commons-text:jar:1.10.0 from the shaded jar.
[INFO] Excluding com.esotericsoftware.kryo:kryo:jar:2.24.0 from the shaded jar.
[INFO] Excluding com.esotericsoftware.minlog:minlog:jar:1.2 from the shaded jar.
[INFO] Excluding commons-collections:commons-collections:jar:3.2.2 from the shaded jar.
[INFO] Excluding org.apache.commons:commons-compress:jar:1.24.0 from the shaded jar.
[INFO] Excluding org.apache.flink:flink-shaded-guava:jar:32.1.3-jre-18.0 from the shaded jar.
[INFO] Excluding org.apache.flink:flink-rpc-core:jar:1.19-SNAPSHOT from the shaded jar.
[INFO] Excluding org.apache.flink:flink-shaded-force-shading:jar:18.0 from the shaded jar.
[INFO] Excluding org.slf4j:slf4j-api:jar:1.7.36 from the shaded jar.
[INFO] Excluding com.google.code.findbugs:jsr305:jar:1.3.9 from the shaded jar.
[INFO] Excluding org.objenesis:objenesis:jar:2.1 from the shaded jar.
[INFO] No artifact matching filter io.netty:netty
[INFO] Dependency-reduced POM written at: /home/runner/work/sonar-analysis/sonar-analysis/project/flink-rpc/flink-rpc-akka-loader/dependency-reduced-pom.xml
[INFO] Replacing original artifact with shaded artifact.
[INFO] Replacing /home/runner/work/sonar-analysis/sonar-analysis/project/flink-rpc/flink-rpc-akka-loader/target/flink-rpc-akka-loader-1.19-SNAPSHOT.jar with /home/runner/work/sonar-analysis/sonar-analysis/project/flink-rpc/flink-rpc-akka-loader/target/flink-rpc-akka-loader-1.19-SNAPSHOT-shaded.jar
[INFO] 
[INFO] --- cyclonedx:2.7.7:makeBom (default) @ flink-rpc-akka-loader ---
[INFO] CycloneDX: Resolving Dependencies
[INFO] CycloneDX: Creating BOM version 1.4 with 26 component(s)
[INFO] CycloneDX: Writing and validating BOM (XML): /home/runner/work/sonar-analysis/sonar-analysis/project/flink-rpc/flink-rpc-akka-loader/target/bom.xml
[INFO]            attaching as flink-rpc-akka-loader-1.19-SNAPSHOT-cyclonedx.xml
[INFO] CycloneDX: Writing and validating BOM (JSON): /home/runner/work/sonar-analysis/sonar-analysis/project/flink-rpc/flink-rpc-akka-loader/target/bom.json
[INFO]            attaching as flink-rpc-akka-loader-1.19-SNAPSHOT-cyclonedx.json
[INFO] 
[INFO] --- surefire:3.2.2:test (integration-tests) @ flink-rpc-akka-loader ---
[INFO] Tests are skipped.
[INFO] 
[INFO] --- japicmp:0.17.1:cmp (default) @ flink-rpc-akka-loader ---
[INFO] Written file '/home/runner/work/sonar-analysis/sonar-analysis/project/tools/japicmp-output/flink-rpc-akka-loader/japicmp/japicmp.diff'.
[INFO] Written file '/home/runner/work/sonar-analysis/sonar-analysis/project/tools/japicmp-output/flink-rpc-akka-loader/japicmp/japicmp.xml'.
[INFO] Written file '/home/runner/work/sonar-analysis/sonar-analysis/project/tools/japicmp-output/flink-rpc-akka-loader/japicmp/japicmp.html'.
[INFO] 
[INFO] --- install:2.5.2:install (default-install) @ flink-rpc-akka-loader ---
[INFO] Installing /home/runner/work/sonar-analysis/sonar-analysis/project/flink-rpc/flink-rpc-akka-loader/target/flink-rpc-akka-loader-1.19-SNAPSHOT.jar to /home/runner/.m2/repository/org/apache/flink/flink-rpc-akka-loader/1.19-SNAPSHOT/flink-rpc-akka-loader-1.19-SNAPSHOT.jar
[INFO] Installing /home/runner/work/sonar-analysis/sonar-analysis/project/flink-rpc/flink-rpc-akka-loader/dependency-reduced-pom.xml to /home/runner/.m2/repository/org/apache/flink/flink-rpc-akka-loader/1.19-SNAPSHOT/flink-rpc-akka-loader-1.19-SNAPSHOT.pom
[INFO] Installing /home/runner/work/sonar-analysis/sonar-analysis/project/flink-rpc/flink-rpc-akka-loader/target/flink-rpc-akka-loader-1.19-SNAPSHOT-tests.jar to /home/runner/.m2/repository/org/apache/flink/flink-rpc-akka-loader/1.19-SNAPSHOT/flink-rpc-akka-loader-1.19-SNAPSHOT-tests.jar
[INFO] Installing /home/runner/work/sonar-analysis/sonar-analysis/project/flink-rpc/flink-rpc-akka-loader/target/bom.xml to /home/runner/.m2/repository/org/apache/flink/flink-rpc-akka-loader/1.19-SNAPSHOT/flink-rpc-akka-loader-1.19-SNAPSHOT-cyclonedx.xml
[INFO] Installing /home/runner/work/sonar-analysis/sonar-analysis/project/flink-rpc/flink-rpc-akka-loader/target/bom.json to /home/runner/.m2/repository/org/apache/flink/flink-rpc-akka-loader/1.19-SNAPSHOT/flink-rpc-akka-loader-1.19-SNAPSHOT-cyclonedx.json
[INFO] 
[INFO] ---------------< org.apache.flink:flink-queryable-state >---------------
[INFO] Building Flink : Queryable state : 1.19-SNAPSHOT                [22/175]
[INFO]   from flink-queryable-state/pom.xml
[INFO] --------------------------------[ pom ]---------------------------------
[INFO] 
[INFO] --- clean:3.1.0:clean (default-clean) @ flink-queryable-state ---
[INFO] Deleting /home/runner/work/sonar-analysis/sonar-analysis/project/flink-queryable-state (includes = [dependency-reduced-pom.xml], excludes = [])
[INFO] 
[INFO] --- checkstyle:3.1.2:check (validate) @ flink-queryable-state ---
[INFO] 
[INFO] --- spotless:2.27.1:check (spotless-check) @ flink-queryable-state ---
[INFO] 
[INFO] --- enforcer:3.1.0:enforce (enforce-maven-version) @ flink-queryable-state ---
[INFO] Skipping Rule Enforcement.
[INFO] 
[INFO] --- enforcer:3.1.0:enforce (enforce-maven) @ flink-queryable-state ---
[INFO] Skipping Rule Enforcement.
[INFO] 
[INFO] --- enforcer:3.1.0:enforce (ban-unsafe-snakeyaml) @ flink-queryable-state ---
[INFO] Skipping Rule Enforcement.
[INFO] 
[INFO] --- enforcer:3.1.0:enforce (ban-unsafe-jackson) @ flink-queryable-state ---
[INFO] Skipping Rule Enforcement.
[INFO] 
[INFO] --- enforcer:3.1.0:enforce (forbid-log4j-1) @ flink-queryable-state ---
[INFO] Skipping Rule Enforcement.
[INFO] 
[INFO] --- enforcer:3.1.0:enforce (forbid-direct-akka-rpc-dependencies) @ flink-queryable-state ---
[INFO] Skipping Rule Enforcement.
[INFO] 
[INFO] --- enforcer:3.1.0:enforce (forbid-direct-table-planner-dependencies) @ flink-queryable-state ---
[INFO] Skipping Rule Enforcement.
[INFO] 
[INFO] --- directory:0.1:directory-of (directories) @ flink-queryable-state ---
[INFO] Directory of org.apache.flink:flink-parent set to: /home/runner/work/sonar-analysis/sonar-analysis/project
[INFO] 
[INFO] --- remote-resources:1.5:process (process-resource-bundles) @ flink-queryable-state ---
[INFO] 
[INFO] --- surefire:3.2.2:test (default-test) @ flink-queryable-state ---
[INFO] Tests are skipped.
[INFO] 
[INFO] --- shade:3.5.1:shade (shade-flink) @ flink-queryable-state ---
[INFO] Including org.apache.flink:flink-shaded-force-shading:jar:18.0 in the shaded jar.
[INFO] No artifact matching filter io.netty:netty
[INFO] Dependency-reduced POM written at: /home/runner/work/sonar-analysis/sonar-analysis/project/flink-queryable-state/dependency-reduced-pom.xml
[INFO] Replacing original artifact with shaded artifact.
[INFO] 
[INFO] --- cyclonedx:2.7.7:makeBom (default) @ flink-queryable-state ---
[INFO] CycloneDX: Resolving Dependencies
[INFO] CycloneDX: Creating BOM version 1.4 with 3 component(s)
[INFO] CycloneDX: Writing and validating BOM (XML): /home/runner/work/sonar-analysis/sonar-analysis/project/flink-queryable-state/target/bom.xml
[INFO]            attaching as flink-queryable-state-1.19-SNAPSHOT-cyclonedx.xml
[INFO] CycloneDX: Writing and validating BOM (JSON): /home/runner/work/sonar-analysis/sonar-analysis/project/flink-queryable-state/target/bom.json
[INFO]            attaching as flink-queryable-state-1.19-SNAPSHOT-cyclonedx.json
[INFO] 
[INFO] --- surefire:3.2.2:test (integration-tests) @ flink-queryable-state ---
[INFO] Tests are skipped.
[INFO] 
[INFO] --- japicmp:0.17.1:cmp (default) @ flink-queryable-state ---
[INFO] Skipping execution because parameter 'skipPomModules' was set to true and this is artifact is of type pom.
[INFO] 
[INFO] --- install:2.5.2:install (default-install) @ flink-queryable-state ---
[INFO] Installing /home/runner/work/sonar-analysis/sonar-analysis/project/flink-queryable-state/dependency-reduced-pom.xml to /home/runner/.m2/repository/org/apache/flink/flink-queryable-state/1.19-SNAPSHOT/flink-queryable-state-1.19-SNAPSHOT.pom
[INFO] Installing /home/runner/work/sonar-analysis/sonar-analysis/project/flink-queryable-state/target/bom.xml to /home/runner/.m2/repository/org/apache/flink/flink-queryable-state/1.19-SNAPSHOT/flink-queryable-state-1.19-SNAPSHOT-cyclonedx.xml
[INFO] Installing /home/runner/work/sonar-analysis/sonar-analysis/project/flink-queryable-state/target/bom.json to /home/runner/.m2/repository/org/apache/flink/flink-queryable-state/1.19-SNAPSHOT/flink-queryable-state-1.19-SNAPSHOT-cyclonedx.json
[INFO] 
[INFO] ---------< org.apache.flink:flink-queryable-state-client-java >---------
[INFO] Building Flink : Queryable state : Client Java 1.19-SNAPSHOT    [23/175]
[INFO]   from flink-queryable-state/flink-queryable-state-client-java/pom.xml
[INFO] --------------------------------[ jar ]---------------------------------
[INFO] 
[INFO] --- clean:3.1.0:clean (default-clean) @ flink-queryable-state-client-java ---
[INFO] Deleting /home/runner/work/sonar-analysis/sonar-analysis/project/flink-queryable-state/flink-queryable-state-client-java (includes = [dependency-reduced-pom.xml], excludes = [])
[INFO] 
[INFO] --- checkstyle:3.1.2:check (validate) @ flink-queryable-state-client-java ---
[INFO] 
[INFO] --- spotless:2.27.1:check (spotless-check) @ flink-queryable-state-client-java ---
[INFO] 
[INFO] --- enforcer:3.1.0:enforce (enforce-maven-version) @ flink-queryable-state-client-java ---
[INFO] Skipping Rule Enforcement.
[INFO] 
[INFO] --- enforcer:3.1.0:enforce (enforce-maven) @ flink-queryable-state-client-java ---
[INFO] Skipping Rule Enforcement.
[INFO] 
[INFO] --- enforcer:3.1.0:enforce (ban-unsafe-snakeyaml) @ flink-queryable-state-client-java ---
[INFO] Skipping Rule Enforcement.
[INFO] 
[INFO] --- enforcer:3.1.0:enforce (ban-unsafe-jackson) @ flink-queryable-state-client-java ---
[INFO] Skipping Rule Enforcement.
[INFO] 
[INFO] --- enforcer:3.1.0:enforce (forbid-log4j-1) @ flink-queryable-state-client-java ---
[INFO] Skipping Rule Enforcement.
[INFO] 
[INFO] --- enforcer:3.1.0:enforce (forbid-direct-akka-rpc-dependencies) @ flink-queryable-state-client-java ---
[INFO] Skipping Rule Enforcement.
[INFO] 
[INFO] --- enforcer:3.1.0:enforce (forbid-direct-table-planner-dependencies) @ flink-queryable-state-client-java ---
[INFO] Skipping Rule Enforcement.
[INFO] 
[INFO] --- directory:0.1:directory-of (directories) @ flink-queryable-state-client-java ---
[INFO] Directory of org.apache.flink:flink-parent set to: /home/runner/work/sonar-analysis/sonar-analysis/project
[INFO] 
[INFO] --- remote-resources:1.5:process (process-resource-bundles) @ flink-queryable-state-client-java ---
[INFO] 
[INFO] --- resources:3.1.0:resources (default-resources) @ flink-queryable-state-client-java ---
[INFO] Using 'UTF-8' encoding to copy filtered resources.
[INFO] skip non existing resourceDirectory /home/runner/work/sonar-analysis/sonar-analysis/project/flink-queryable-state/flink-queryable-state-client-java/src/main/resources
[INFO] Copying 3 resources
[INFO] 
[INFO] --- compiler:3.8.0:compile (default-compile) @ flink-queryable-state-client-java ---
[INFO] Compiling 35 source files to /home/runner/work/sonar-analysis/sonar-analysis/project/flink-queryable-state/flink-queryable-state-client-java/target/classes
[INFO] /home/runner/work/sonar-analysis/sonar-analysis/project/flink-queryable-state/flink-queryable-state-client-java/src/main/java/org/apache/flink/queryablestate/network/NettyBufferPool.java: Some input files use or override a deprecated API.
[INFO] /home/runner/work/sonar-analysis/sonar-analysis/project/flink-queryable-state/flink-queryable-state-client-java/src/main/java/org/apache/flink/queryablestate/network/NettyBufferPool.java: Recompile with -Xlint:deprecation for details.
[INFO] 
[INFO] --- resources:3.1.0:testResources (default-testResources) @ flink-queryable-state-client-java ---
[INFO] Using 'UTF-8' encoding to copy filtered resources.
[INFO] Copying 1 resource
[INFO] Copying 3 resources
[INFO] 
[INFO] --- compiler:3.8.0:testCompile (default-testCompile) @ flink-queryable-state-client-java ---
[INFO] Compiling 6 source files to /home/runner/work/sonar-analysis/sonar-analysis/project/flink-queryable-state/flink-queryable-state-client-java/target/test-classes
[INFO] 
[INFO] --- surefire:3.2.2:test (default-test) @ flink-queryable-state-client-java ---
[INFO] Tests are skipped.
[INFO] 
[INFO] --- jar:2.4:jar (default-jar) @ flink-queryable-state-client-java ---
[INFO] Building jar: /home/runner/work/sonar-analysis/sonar-analysis/project/flink-queryable-state/flink-queryable-state-client-java/target/flink-queryable-state-client-java-1.19-SNAPSHOT.jar
[INFO] 
[INFO] --- jar:2.4:test-jar (default) @ flink-queryable-state-client-java ---
[INFO] Building jar: /home/runner/work/sonar-analysis/sonar-analysis/project/flink-queryable-state/flink-queryable-state-client-java/target/flink-queryable-state-client-java-1.19-SNAPSHOT-tests.jar
[INFO] 
[INFO] --- shade:3.5.1:shade (shade-flink) @ flink-queryable-state-client-java ---
[INFO] Including org.apache.flink:flink-shaded-force-shading:jar:18.0 in the shaded jar.
[INFO] Excluding org.apache.flink:flink-shaded-netty:jar:4.1.100.Final-18.0 from the shaded jar.
[INFO] Excluding org.apache.flink:flink-shaded-guava:jar:32.1.3-jre-18.0 from the shaded jar.
[INFO] No artifact matching filter io.netty:netty
[INFO] Dependency-reduced POM written at: /home/runner/work/sonar-analysis/sonar-analysis/project/flink-queryable-state/flink-queryable-state-client-java/dependency-reduced-pom.xml
[INFO] Replacing original artifact with shaded artifact.
[INFO] Replacing /home/runner/work/sonar-analysis/sonar-analysis/project/flink-queryable-state/flink-queryable-state-client-java/target/flink-queryable-state-client-java-1.19-SNAPSHOT.jar with /home/runner/work/sonar-analysis/sonar-analysis/project/flink-queryable-state/flink-queryable-state-client-java/target/flink-queryable-state-client-java-1.19-SNAPSHOT-shaded.jar
[INFO] 
[INFO] --- cyclonedx:2.7.7:makeBom (default) @ flink-queryable-state-client-java ---
[INFO] CycloneDX: Resolving Dependencies
[INFO] CycloneDX: Creating BOM version 1.4 with 25 component(s)
[INFO] CycloneDX: Writing and validating BOM (XML): /home/runner/work/sonar-analysis/sonar-analysis/project/flink-queryable-state/flink-queryable-state-client-java/target/bom.xml
[INFO]            attaching as flink-queryable-state-client-java-1.19-SNAPSHOT-cyclonedx.xml
[INFO] CycloneDX: Writing and validating BOM (JSON): /home/runner/work/sonar-analysis/sonar-analysis/project/flink-queryable-state/flink-queryable-state-client-java/target/bom.json
[INFO]            attaching as flink-queryable-state-client-java-1.19-SNAPSHOT-cyclonedx.json
[INFO] 
[INFO] --- surefire:3.2.2:test (integration-tests) @ flink-queryable-state-client-java ---
[INFO] Tests are skipped.
[INFO] 
[INFO] --- japicmp:0.17.1:cmp (default) @ flink-queryable-state-client-java ---
[INFO] Written file '/home/runner/work/sonar-analysis/sonar-analysis/project/tools/japicmp-output/flink-queryable-state-client-java/japicmp/japicmp.diff'.
[INFO] Written file '/home/runner/work/sonar-analysis/sonar-analysis/project/tools/japicmp-output/flink-queryable-state-client-java/japicmp/japicmp.xml'.
[INFO] Written file '/home/runner/work/sonar-analysis/sonar-analysis/project/tools/japicmp-output/flink-queryable-state-client-java/japicmp/japicmp.html'.
[INFO] 
[INFO] --- install:2.5.2:install (default-install) @ flink-queryable-state-client-java ---
[INFO] Installing /home/runner/work/sonar-analysis/sonar-analysis/project/flink-queryable-state/flink-queryable-state-client-java/target/flink-queryable-state-client-java-1.19-SNAPSHOT.jar to /home/runner/.m2/repository/org/apache/flink/flink-queryable-state-client-java/1.19-SNAPSHOT/flink-queryable-state-client-java-1.19-SNAPSHOT.jar
[INFO] Installing /home/runner/work/sonar-analysis/sonar-analysis/project/flink-queryable-state/flink-queryable-state-client-java/dependency-reduced-pom.xml to /home/runner/.m2/repository/org/apache/flink/flink-queryable-state-client-java/1.19-SNAPSHOT/flink-queryable-state-client-java-1.19-SNAPSHOT.pom
[INFO] Installing /home/runner/work/sonar-analysis/sonar-analysis/project/flink-queryable-state/flink-queryable-state-client-java/target/flink-queryable-state-client-java-1.19-SNAPSHOT-tests.jar to /home/runner/.m2/repository/org/apache/flink/flink-queryable-state-client-java/1.19-SNAPSHOT/flink-queryable-state-client-java-1.19-SNAPSHOT-tests.jar
[INFO] Installing /home/runner/work/sonar-analysis/sonar-analysis/project/flink-queryable-state/flink-queryable-state-client-java/target/bom.xml to /home/runner/.m2/repository/org/apache/flink/flink-queryable-state-client-java/1.19-SNAPSHOT/flink-queryable-state-client-java-1.19-SNAPSHOT-cyclonedx.xml
[INFO] Installing /home/runner/work/sonar-analysis/sonar-analysis/project/flink-queryable-state/flink-queryable-state-client-java/target/bom.json to /home/runner/.m2/repository/org/apache/flink/flink-queryable-state-client-java/1.19-SNAPSHOT/flink-queryable-state-client-java-1.19-SNAPSHOT-cyclonedx.json
[INFO] 
[INFO] -----------------< org.apache.flink:flink-filesystems >-----------------
[INFO] Building Flink : FileSystems : 1.19-SNAPSHOT                    [24/175]
[INFO]   from flink-filesystems/pom.xml
[INFO] --------------------------------[ pom ]---------------------------------
[INFO] 
[INFO] --- clean:3.1.0:clean (default-clean) @ flink-filesystems ---
[INFO] Deleting /home/runner/work/sonar-analysis/sonar-analysis/project/flink-filesystems (includes = [dependency-reduced-pom.xml], excludes = [])
[INFO] 
[INFO] --- checkstyle:3.1.2:check (validate) @ flink-filesystems ---
[INFO] 
[INFO] --- spotless:2.27.1:check (spotless-check) @ flink-filesystems ---
[INFO] 
[INFO] --- enforcer:3.1.0:enforce (enforce-maven-version) @ flink-filesystems ---
[INFO] Skipping Rule Enforcement.
[INFO] 
[INFO] --- enforcer:3.1.0:enforce (enforce-maven) @ flink-filesystems ---
[INFO] Skipping Rule Enforcement.
[INFO] 
[INFO] --- enforcer:3.1.0:enforce (ban-unsafe-snakeyaml) @ flink-filesystems ---
[INFO] Skipping Rule Enforcement.
[INFO] 
[INFO] --- enforcer:3.1.0:enforce (ban-unsafe-jackson) @ flink-filesystems ---
[INFO] Skipping Rule Enforcement.
[INFO] 
[INFO] --- enforcer:3.1.0:enforce (forbid-log4j-1) @ flink-filesystems ---
[INFO] Skipping Rule Enforcement.
[INFO] 
[INFO] --- enforcer:3.1.0:enforce (forbid-direct-akka-rpc-dependencies) @ flink-filesystems ---
[INFO] Skipping Rule Enforcement.
[INFO] 
[INFO] --- enforcer:3.1.0:enforce (forbid-direct-table-planner-dependencies) @ flink-filesystems ---
[INFO] Skipping Rule Enforcement.
[INFO] 
[INFO] --- directory:0.1:directory-of (directories) @ flink-filesystems ---
[INFO] Directory of org.apache.flink:flink-parent set to: /home/runner/work/sonar-analysis/sonar-analysis/project
[INFO] 
[INFO] --- remote-resources:1.5:process (process-resource-bundles) @ flink-filesystems ---
[INFO] 
[INFO] --- surefire:3.2.2:test (default-test) @ flink-filesystems ---
[INFO] Tests are skipped.
[INFO] 
[INFO] --- shade:3.5.1:shade (shade-flink) @ flink-filesystems ---
[INFO] Including org.apache.flink:flink-shaded-force-shading:jar:18.0 in the shaded jar.
[INFO] No artifact matching filter io.netty:netty
[INFO] Dependency-reduced POM written at: /home/runner/work/sonar-analysis/sonar-analysis/project/flink-filesystems/dependency-reduced-pom.xml
[INFO] Replacing original artifact with shaded artifact.
[INFO] 
[INFO] --- cyclonedx:2.7.7:makeBom (default) @ flink-filesystems ---
[INFO] CycloneDX: Resolving Dependencies
[INFO] CycloneDX: Creating BOM version 1.4 with 3 component(s)
[INFO] CycloneDX: Writing and validating BOM (XML): /home/runner/work/sonar-analysis/sonar-analysis/project/flink-filesystems/target/bom.xml
[INFO]            attaching as flink-filesystems-1.19-SNAPSHOT-cyclonedx.xml
[INFO] CycloneDX: Writing and validating BOM (JSON): /home/runner/work/sonar-analysis/sonar-analysis/project/flink-filesystems/target/bom.json
[INFO]            attaching as flink-filesystems-1.19-SNAPSHOT-cyclonedx.json
[INFO] 
[INFO] --- surefire:3.2.2:test (integration-tests) @ flink-filesystems ---
[INFO] Tests are skipped.
[INFO] 
[INFO] --- japicmp:0.17.1:cmp (default) @ flink-filesystems ---
[INFO] Skipping execution because parameter 'skipPomModules' was set to true and this is artifact is of type pom.
[INFO] 
[INFO] --- install:2.5.2:install (default-install) @ flink-filesystems ---
[INFO] Installing /home/runner/work/sonar-analysis/sonar-analysis/project/flink-filesystems/dependency-reduced-pom.xml to /home/runner/.m2/repository/org/apache/flink/flink-filesystems/1.19-SNAPSHOT/flink-filesystems-1.19-SNAPSHOT.pom
[INFO] Installing /home/runner/work/sonar-analysis/sonar-analysis/project/flink-filesystems/target/bom.xml to /home/runner/.m2/repository/org/apache/flink/flink-filesystems/1.19-SNAPSHOT/flink-filesystems-1.19-SNAPSHOT-cyclonedx.xml
[INFO] Installing /home/runner/work/sonar-analysis/sonar-analysis/project/flink-filesystems/target/bom.json to /home/runner/.m2/repository/org/apache/flink/flink-filesystems/1.19-SNAPSHOT/flink-filesystems-1.19-SNAPSHOT-cyclonedx.json
[INFO] 
[INFO] ------------------< org.apache.flink:flink-hadoop-fs >------------------
[INFO] Building Flink : FileSystems : Hadoop FS 1.19-SNAPSHOT          [25/175]
[INFO]   from flink-filesystems/flink-hadoop-fs/pom.xml
[INFO] --------------------------------[ jar ]---------------------------------
[INFO] 
[INFO] --- clean:3.1.0:clean (default-clean) @ flink-hadoop-fs ---
[INFO] Deleting /home/runner/work/sonar-analysis/sonar-analysis/project/flink-filesystems/flink-hadoop-fs (includes = [dependency-reduced-pom.xml], excludes = [])
[INFO] 
[INFO] --- checkstyle:3.1.2:check (validate) @ flink-hadoop-fs ---
[INFO] 
[INFO] --- spotless:2.27.1:check (spotless-check) @ flink-hadoop-fs ---
[INFO] 
[INFO] --- enforcer:3.1.0:enforce (enforce-maven-version) @ flink-hadoop-fs ---
[INFO] Skipping Rule Enforcement.
[INFO] 
[INFO] --- enforcer:3.1.0:enforce (enforce-maven) @ flink-hadoop-fs ---
[INFO] Skipping Rule Enforcement.
[INFO] 
[INFO] --- enforcer:3.1.0:enforce (ban-unsafe-snakeyaml) @ flink-hadoop-fs ---
[INFO] Skipping Rule Enforcement.
[INFO] 
[INFO] --- enforcer:3.1.0:enforce (ban-unsafe-jackson) @ flink-hadoop-fs ---
[INFO] Skipping Rule Enforcement.
[INFO] 
[INFO] --- enforcer:3.1.0:enforce (forbid-log4j-1) @ flink-hadoop-fs ---
[INFO] Skipping Rule Enforcement.
[INFO] 
[INFO] --- enforcer:3.1.0:enforce (forbid-direct-akka-rpc-dependencies) @ flink-hadoop-fs ---
[INFO] Skipping Rule Enforcement.
[INFO] 
[INFO] --- enforcer:3.1.0:enforce (forbid-direct-table-planner-dependencies) @ flink-hadoop-fs ---
[INFO] Skipping Rule Enforcement.
[INFO] 
[INFO] --- directory:0.1:directory-of (directories) @ flink-hadoop-fs ---
[INFO] Directory of org.apache.flink:flink-parent set to: /home/runner/work/sonar-analysis/sonar-analysis/project
[INFO] 
[INFO] --- remote-resources:1.5:process (process-resource-bundles) @ flink-hadoop-fs ---
[INFO] artifact net.minidev:json-smart: checking for updates from github-packages
[INFO] artifact net.minidev:json-smart: checking for updates from maven-central
[INFO] artifact net.minidev:json-smart: checking for updates from mapr-public
[INFO] artifact net.minidev:json-smart: checking for updates from huaweicloudsdk
[INFO] artifact net.minidev:json-smart: checking for updates from central
[INFO] artifact net.minidev:json-smart: checking for updates from apache.snapshots.https
[INFO] 
[INFO] --- resources:3.1.0:resources (default-resources) @ flink-hadoop-fs ---
[INFO] Using 'UTF-8' encoding to copy filtered resources.
[INFO] skip non existing resourceDirectory /home/runner/work/sonar-analysis/sonar-analysis/project/flink-filesystems/flink-hadoop-fs/src/main/resources
[INFO] Copying 3 resources
[INFO] 
[INFO] --- compiler:3.8.0:compile (default-compile) @ flink-hadoop-fs ---
[INFO] Compiling 14 source files to /home/runner/work/sonar-analysis/sonar-analysis/project/flink-filesystems/flink-hadoop-fs/target/classes
[INFO] /home/runner/work/sonar-analysis/sonar-analysis/project/flink-filesystems/flink-hadoop-fs/src/main/java/org/apache/flink/runtime/fs/hdfs/HadoopFsFactory.java: Some input files use or override a deprecated API.
[INFO] /home/runner/work/sonar-analysis/sonar-analysis/project/flink-filesystems/flink-hadoop-fs/src/main/java/org/apache/flink/runtime/fs/hdfs/HadoopFsFactory.java: Recompile with -Xlint:deprecation for details.
[INFO] 
[INFO] --- resources:3.1.0:testResources (default-testResources) @ flink-hadoop-fs ---
[INFO] Using 'UTF-8' encoding to copy filtered resources.
[INFO] Copying 4 resources
[INFO] Copying 3 resources
[INFO] 
[INFO] --- compiler:3.8.0:testCompile (default-testCompile) @ flink-hadoop-fs ---
[INFO] Compiling 16 source files to /home/runner/work/sonar-analysis/sonar-analysis/project/flink-filesystems/flink-hadoop-fs/target/test-classes
[WARNING] /home/runner/work/sonar-analysis/sonar-analysis/project/flink-filesystems/flink-hadoop-fs/src/test/java/org/apache/flink/runtime/util/HadoopUtilsTest.java:[32,25] sun.security.krb5.KrbException is internal proprietary API and may be removed in a future release
[WARNING] /home/runner/work/sonar-analysis/sonar-analysis/project/flink-filesystems/flink-hadoop-fs/src/test/java/org/apache/flink/runtime/util/HadoopUtilsTest.java:[32,25] sun.security.krb5.KrbException is internal proprietary API and may be removed in a future release
[WARNING] /home/runner/work/sonar-analysis/sonar-analysis/project/flink-filesystems/flink-hadoop-fs/src/test/java/org/apache/flink/runtime/util/HadoopUtilsTest.java:[32,25] sun.security.krb5.KrbException is internal proprietary API and may be removed in a future release
[WARNING] /home/runner/work/sonar-analysis/sonar-analysis/project/flink-filesystems/flink-hadoop-fs/src/test/java/org/apache/flink/runtime/util/HadoopUtilsTest.java:[44,73] sun.security.krb5.KrbException is internal proprietary API and may be removed in a future release
[WARNING] /home/runner/work/sonar-analysis/sonar-analysis/project/flink-filesystems/flink-hadoop-fs/src/test/java/org/apache/flink/runtime/util/HadoopUtilsTest.java:[44,73] sun.security.krb5.KrbException is internal proprietary API and may be removed in a future release
[WARNING] /home/runner/work/sonar-analysis/sonar-analysis/project/flink-filesystems/flink-hadoop-fs/src/test/java/org/apache/flink/runtime/util/HadoopUtilsTest.java:[44,73] sun.security.krb5.KrbException is internal proprietary API and may be removed in a future release
[WARNING] /home/runner/work/sonar-analysis/sonar-analysis/project/flink-filesystems/flink-hadoop-fs/src/test/java/org/apache/flink/runtime/util/HadoopUtilsTest.java:[48,26] sun.security.krb5.Config is internal proprietary API and may be removed in a future release
[INFO] /home/runner/work/sonar-analysis/sonar-analysis/project/flink-filesystems/flink-hadoop-fs/src/test/java/org/apache/flink/runtime/fs/hdfs/HadoopDataInputStreamTest.java: Some input files use or override a deprecated API.
[INFO] /home/runner/work/sonar-analysis/sonar-analysis/project/flink-filesystems/flink-hadoop-fs/src/test/java/org/apache/flink/runtime/fs/hdfs/HadoopDataInputStreamTest.java: Recompile with -Xlint:deprecation for details.
[INFO] 
[INFO] --- surefire:3.2.2:test (default-test) @ flink-hadoop-fs ---
[INFO] Tests are skipped.
[INFO] 
[INFO] --- jar:2.4:jar (default-jar) @ flink-hadoop-fs ---
[INFO] Building jar: /home/runner/work/sonar-analysis/sonar-analysis/project/flink-filesystems/flink-hadoop-fs/target/flink-hadoop-fs-1.19-SNAPSHOT.jar
[INFO] 
[INFO] --- jar:2.4:test-jar (default) @ flink-hadoop-fs ---
[INFO] Building jar: /home/runner/work/sonar-analysis/sonar-analysis/project/flink-filesystems/flink-hadoop-fs/target/flink-hadoop-fs-1.19-SNAPSHOT-tests.jar
[INFO] 
[INFO] --- shade:3.5.1:shade (shade-flink) @ flink-hadoop-fs ---
[INFO] Including org.apache.flink:flink-shaded-force-shading:jar:18.0 in the shaded jar.
[INFO] Excluding org.apache.flink:flink-core:jar:1.19-SNAPSHOT from the shaded jar.
[INFO] Excluding org.apache.flink:flink-annotations:jar:1.19-SNAPSHOT from the shaded jar.
[INFO] Excluding org.apache.flink:flink-metrics-core:jar:1.19-SNAPSHOT from the shaded jar.
[INFO] Excluding org.apache.flink:flink-shaded-asm-9:jar:9.6-18.0 from the shaded jar.
[INFO] Excluding org.apache.flink:flink-shaded-jackson:jar:2.15.3-18.0 from the shaded jar.
[INFO] Excluding com.fasterxml.jackson.core:jackson-core:jar:2.15.3 from the shaded jar.
[INFO] Excluding com.fasterxml.jackson.core:jackson-annotations:jar:2.15.3 from the shaded jar.
[INFO] Excluding com.fasterxml.jackson.dataformat:jackson-dataformat-yaml:jar:2.15.3 from the shaded jar.
[INFO] Excluding org.yaml:snakeyaml:jar:1.33 from the shaded jar.
[INFO] Excluding com.fasterxml.jackson.dataformat:jackson-dataformat-csv:jar:2.15.3 from the shaded jar.
[INFO] Excluding com.fasterxml.jackson.datatype:jackson-datatype-jsr310:jar:2.15.3 from the shaded jar.
[INFO] Excluding com.fasterxml.jackson.datatype:jackson-datatype-jdk8:jar:2.15.3 from the shaded jar.
[INFO] Excluding org.apache.commons:commons-lang3:jar:3.12.0 from the shaded jar.
[INFO] Excluding org.apache.commons:commons-text:jar:1.10.0 from the shaded jar.
[INFO] Excluding com.esotericsoftware.kryo:kryo:jar:2.24.0 from the shaded jar.
[INFO] Excluding com.esotericsoftware.minlog:minlog:jar:1.2 from the shaded jar.
[INFO] Excluding commons-collections:commons-collections:jar:3.2.2 from the shaded jar.
[INFO] Excluding org.apache.commons:commons-compress:jar:1.24.0 from the shaded jar.
[INFO] Excluding org.apache.flink:flink-shaded-guava:jar:32.1.3-jre-18.0 from the shaded jar.
[INFO] Excluding org.apache.hadoop:hadoop-common:jar:2.10.2 from the shaded jar.
[INFO] Excluding org.apache.hadoop:hadoop-annotations:jar:2.10.2 from the shaded jar.
[INFO] Excluding com.google.guava:guava:jar:11.0.2 from the shaded jar.
[INFO] Excluding commons-cli:commons-cli:jar:1.5.0 from the shaded jar.
[INFO] Excluding org.apache.commons:commons-math3:jar:3.6.1 from the shaded jar.
[INFO] Excluding xmlenc:xmlenc:jar:0.52 from the shaded jar.
[INFO] Excluding org.apache.httpcomponents:httpclient:jar:4.5.13 from the shaded jar.
[INFO] Excluding org.apache.httpcomponents:httpcore:jar:4.4.14 from the shaded jar.
[INFO] Excluding commons-codec:commons-codec:jar:1.15 from the shaded jar.
[INFO] Excluding commons-io:commons-io:jar:2.11.0 from the shaded jar.
[INFO] Excluding commons-net:commons-net:jar:3.1 from the shaded jar.
[INFO] Excluding javax.servlet:servlet-api:jar:2.5 from the shaded jar.
[INFO] Excluding org.mortbay.jetty:jetty:jar:6.1.26 from the shaded jar.
[INFO] Excluding org.mortbay.jetty:jetty-util:jar:6.1.26 from the shaded jar.
[INFO] Excluding org.mortbay.jetty:jetty-sslengine:jar:6.1.26 from the shaded jar.
[INFO] Excluding javax.servlet.jsp:jsp-api:jar:2.1 from the shaded jar.
[INFO] Excluding com.sun.jersey:jersey-core:jar:1.9 from the shaded jar.
[INFO] Excluding com.sun.jersey:jersey-json:jar:1.9 from the shaded jar.
[INFO] Excluding org.codehaus.jettison:jettison:jar:1.1 from the shaded jar.
[INFO] Excluding com.sun.xml.bind:jaxb-impl:jar:2.2.3-1 from the shaded jar.
[INFO] Excluding org.codehaus.jackson:jackson-jaxrs:jar:1.8.3 from the shaded jar.
[INFO] Excluding org.codehaus.jackson:jackson-xc:jar:1.8.3 from the shaded jar.
[INFO] Excluding com.sun.jersey:jersey-server:jar:1.9 from the shaded jar.
[INFO] Excluding asm:asm:jar:3.1 from the shaded jar.
[INFO] Excluding commons-logging:commons-logging:jar:1.1.3 from the shaded jar.
[INFO] Excluding net.java.dev.jets3t:jets3t:jar:0.9.0 from the shaded jar.
[INFO] Excluding com.jamesmurty.utils:java-xmlbuilder:jar:0.4 from the shaded jar.
[INFO] Excluding commons-lang:commons-lang:jar:2.6 from the shaded jar.
[INFO] Excluding commons-configuration:commons-configuration:jar:1.7 from the shaded jar.
[INFO] Excluding commons-digester:commons-digester:jar:1.8 from the shaded jar.
[INFO] Excluding commons-beanutils:commons-beanutils:jar:1.9.4 from the shaded jar.
[INFO] Excluding org.codehaus.jackson:jackson-core-asl:jar:1.9.13 from the shaded jar.
[INFO] Excluding org.codehaus.jackson:jackson-mapper-asl:jar:1.9.13 from the shaded jar.
[INFO] Excluding org.apache.avro:avro:jar:1.11.3 from the shaded jar.
[INFO] Excluding com.google.protobuf:protobuf-java:jar:2.5.0 from the shaded jar.
[INFO] Excluding com.google.code.gson:gson:jar:2.2.4 from the shaded jar.
[INFO] Excluding org.apache.hadoop:hadoop-auth:jar:2.10.2 from the shaded jar.
[INFO] Excluding com.nimbusds:nimbus-jose-jwt:jar:7.9 from the shaded jar.
[INFO] Excluding com.github.stephenc.jcip:jcip-annotations:jar:1.0-1 from the shaded jar.
[INFO] Excluding net.minidev:json-smart:jar:2.3 from the shaded jar.
[INFO] Excluding net.minidev:accessors-smart:jar:1.2 from the shaded jar.
[INFO] Excluding org.ow2.asm:asm:jar:5.0.4 from the shaded jar.
[INFO] Excluding org.apache.directory.server:apacheds-kerberos-codec:jar:2.0.0-M15 from the shaded jar.
[INFO] Excluding org.apache.directory.server:apacheds-i18n:jar:2.0.0-M15 from the shaded jar.
[INFO] Excluding org.apache.directory.api:api-asn1-api:jar:1.0.0-M20 from the shaded jar.
[INFO] Excluding org.apache.directory.api:api-util:jar:1.0.0-M20 from the shaded jar.
[INFO] Excluding org.apache.curator:curator-framework:jar:2.13.0 from the shaded jar.
[INFO] Excluding com.jcraft:jsch:jar:0.1.55 from the shaded jar.
[INFO] Excluding org.apache.curator:curator-client:jar:2.13.0 from the shaded jar.
[INFO] Excluding org.apache.curator:curator-recipes:jar:2.13.0 from the shaded jar.
[INFO] Excluding org.apache.htrace:htrace-core4:jar:4.1.0-incubating from the shaded jar.
[INFO] Excluding org.apache.zookeeper:zookeeper:jar:3.7.2 from the shaded jar.
[INFO] Excluding org.apache.zookeeper:zookeeper-jute:jar:3.7.2 from the shaded jar.
[INFO] Excluding org.apache.yetus:audience-annotations:jar:0.12.0 from the shaded jar.
[INFO] Excluding org.codehaus.woodstox:stax2-api:jar:4.2.1 from the shaded jar.
[INFO] Excluding com.fasterxml.woodstox:woodstox-core:jar:5.3.0 from the shaded jar.
[INFO] Excluding org.apache.hadoop:hadoop-hdfs:jar:2.10.2 from the shaded jar.
[INFO] Excluding org.apache.hadoop:hadoop-hdfs-client:jar:2.10.2 from the shaded jar.
[INFO] Excluding com.squareup.okhttp:okhttp:jar:2.7.5 from the shaded jar.
[INFO] Excluding com.squareup.okio:okio:jar:1.6.0 from the shaded jar.
[INFO] Excluding commons-daemon:commons-daemon:jar:1.0.13 from the shaded jar.
[INFO] Excluding io.netty:netty:jar:3.10.6.Final from the shaded jar.
[INFO] Excluding io.netty:netty-all:jar:4.1.100.Final from the shaded jar.
[INFO] Excluding io.netty:netty-buffer:jar:4.1.100.Final from the shaded jar.
[INFO] Excluding io.netty:netty-codec:jar:4.1.100.Final from the shaded jar.
[INFO] Excluding io.netty:netty-codec-dns:jar:4.1.100.Final from the shaded jar.
[INFO] Excluding io.netty:netty-codec-haproxy:jar:4.1.100.Final from the shaded jar.
[INFO] Excluding io.netty:netty-codec-http:jar:4.1.100.Final from the shaded jar.
[INFO] Excluding io.netty:netty-codec-http2:jar:4.1.100.Final from the shaded jar.
[INFO] Excluding io.netty:netty-codec-memcache:jar:4.1.100.Final from the shaded jar.
[INFO] Excluding io.netty:netty-codec-mqtt:jar:4.1.100.Final from the shaded jar.
[INFO] Excluding io.netty:netty-codec-redis:jar:4.1.100.Final from the shaded jar.
[INFO] Excluding io.netty:netty-codec-smtp:jar:4.1.100.Final from the shaded jar.
[INFO] Excluding io.netty:netty-codec-socks:jar:4.1.100.Final from the shaded jar.
[INFO] Excluding io.netty:netty-codec-stomp:jar:4.1.100.Final from the shaded jar.
[INFO] Excluding io.netty:netty-codec-xml:jar:4.1.100.Final from the shaded jar.
[INFO] Excluding io.netty:netty-common:jar:4.1.100.Final from the shaded jar.
[INFO] Excluding io.netty:netty-handler:jar:4.1.100.Final from the shaded jar.
[INFO] Excluding io.netty:netty-transport-native-unix-common:jar:4.1.100.Final from the shaded jar.
[INFO] Excluding io.netty:netty-handler-proxy:jar:4.1.100.Final from the shaded jar.
[INFO] Excluding io.netty:netty-handler-ssl-ocsp:jar:4.1.100.Final from the shaded jar.
[INFO] Excluding io.netty:netty-resolver:jar:4.1.100.Final from the shaded jar.
[INFO] Excluding io.netty:netty-resolver-dns:jar:4.1.100.Final from the shaded jar.
[INFO] Excluding io.netty:netty-transport:jar:4.1.100.Final from the shaded jar.
[INFO] Excluding io.netty:netty-transport-rxtx:jar:4.1.100.Final from the shaded jar.
[INFO] Excluding io.netty:netty-transport-sctp:jar:4.1.100.Final from the shaded jar.
[INFO] Excluding io.netty:netty-transport-udt:jar:4.1.100.Final from the shaded jar.
[INFO] Excluding io.netty:netty-transport-classes-epoll:jar:4.1.100.Final from the shaded jar.
[INFO] Excluding io.netty:netty-transport-classes-kqueue:jar:4.1.100.Final from the shaded jar.
[INFO] Excluding io.netty:netty-resolver-dns-classes-macos:jar:4.1.100.Final from the shaded jar.
[INFO] Excluding io.netty:netty-transport-native-epoll:jar:linux-x86_64:4.1.100.Final from the shaded jar.
[INFO] Excluding io.netty:netty-transport-native-epoll:jar:linux-aarch_64:4.1.100.Final from the shaded jar.
[INFO] Excluding io.netty:netty-transport-native-kqueue:jar:osx-x86_64:4.1.100.Final from the shaded jar.
[INFO] Excluding io.netty:netty-transport-native-kqueue:jar:osx-aarch_64:4.1.100.Final from the shaded jar.
[INFO] Excluding io.netty:netty-resolver-dns-native-macos:jar:osx-x86_64:4.1.100.Final from the shaded jar.
[INFO] Excluding io.netty:netty-resolver-dns-native-macos:jar:osx-aarch_64:4.1.100.Final from the shaded jar.
[INFO] Excluding xerces:xercesImpl:jar:2.12.0 from the shaded jar.
[INFO] Excluding xml-apis:xml-apis:jar:1.4.01 from the shaded jar.
[INFO] Excluding org.fusesource.leveldbjni:leveldbjni-all:jar:1.8 from the shaded jar.
[INFO] Excluding com.fasterxml.jackson.core:jackson-databind:jar:2.15.3 from the shaded jar.
[INFO] Excluding org.apache.hadoop:hadoop-mapreduce-client-core:jar:2.10.2 from the shaded jar.
[INFO] Excluding org.apache.hadoop:hadoop-yarn-client:jar:2.10.2 from the shaded jar.
[INFO] Excluding org.apache.hadoop:hadoop-yarn-api:jar:2.10.2 from the shaded jar.
[INFO] Excluding org.apache.hadoop:hadoop-yarn-common:jar:2.10.2 from the shaded jar.
[INFO] Excluding javax.xml.bind:jaxb-api:jar:2.3.1 from the shaded jar.
[INFO] Excluding javax.activation:javax.activation-api:jar:1.2.0 from the shaded jar.
[INFO] Excluding com.sun.jersey:jersey-client:jar:1.9 from the shaded jar.
[INFO] Excluding com.google.inject:guice:jar:3.0 from the shaded jar.
[INFO] Excluding javax.inject:javax.inject:jar:1 from the shaded jar.
[INFO] Excluding aopalliance:aopalliance:jar:1.0 from the shaded jar.
[INFO] Excluding com.sun.jersey.contribs:jersey-guice:jar:1.9 from the shaded jar.
[INFO] Excluding com.google.inject.extensions:guice-servlet:jar:3.0 from the shaded jar.
[INFO] Excluding org.objenesis:objenesis:jar:2.1 from the shaded jar.
[INFO] Dependency-reduced POM written at: /home/runner/work/sonar-analysis/sonar-analysis/project/flink-filesystems/flink-hadoop-fs/dependency-reduced-pom.xml
[INFO] Replacing original artifact with shaded artifact.
[INFO] Replacing /home/runner/work/sonar-analysis/sonar-analysis/project/flink-filesystems/flink-hadoop-fs/target/flink-hadoop-fs-1.19-SNAPSHOT.jar with /home/runner/work/sonar-analysis/sonar-analysis/project/flink-filesystems/flink-hadoop-fs/target/flink-hadoop-fs-1.19-SNAPSHOT-shaded.jar
[INFO] 
[INFO] --- cyclonedx:2.7.7:makeBom (default) @ flink-hadoop-fs ---
[INFO] CycloneDX: Resolving Dependencies
[INFO] CycloneDX: Creating BOM version 1.4 with 135 component(s)
[INFO] CycloneDX: Writing and validating BOM (XML): /home/runner/work/sonar-analysis/sonar-analysis/project/flink-filesystems/flink-hadoop-fs/target/bom.xml
[INFO]            attaching as flink-hadoop-fs-1.19-SNAPSHOT-cyclonedx.xml
[INFO] CycloneDX: Writing and validating BOM (JSON): /home/runner/work/sonar-analysis/sonar-analysis/project/flink-filesystems/flink-hadoop-fs/target/bom.json
[INFO]            attaching as flink-hadoop-fs-1.19-SNAPSHOT-cyclonedx.json
[INFO] 
[INFO] --- surefire:3.2.2:test (integration-tests) @ flink-hadoop-fs ---
[INFO] Tests are skipped.
[INFO] 
[INFO] --- japicmp:0.17.1:cmp (default) @ flink-hadoop-fs ---
[INFO] Written file '/home/runner/work/sonar-analysis/sonar-analysis/project/tools/japicmp-output/flink-hadoop-fs/japicmp/japicmp.diff'.
[INFO] Written file '/home/runner/work/sonar-analysis/sonar-analysis/project/tools/japicmp-output/flink-hadoop-fs/japicmp/japicmp.xml'.
[INFO] Written file '/home/runner/work/sonar-analysis/sonar-analysis/project/tools/japicmp-output/flink-hadoop-fs/japicmp/japicmp.html'.
[INFO] 
[INFO] --- install:2.5.2:install (default-install) @ flink-hadoop-fs ---
[INFO] Installing /home/runner/work/sonar-analysis/sonar-analysis/project/flink-filesystems/flink-hadoop-fs/target/flink-hadoop-fs-1.19-SNAPSHOT.jar to /home/runner/.m2/repository/org/apache/flink/flink-hadoop-fs/1.19-SNAPSHOT/flink-hadoop-fs-1.19-SNAPSHOT.jar
[INFO] Installing /home/runner/work/sonar-analysis/sonar-analysis/project/flink-filesystems/flink-hadoop-fs/dependency-reduced-pom.xml to /home/runner/.m2/repository/org/apache/flink/flink-hadoop-fs/1.19-SNAPSHOT/flink-hadoop-fs-1.19-SNAPSHOT.pom
[INFO] Installing /home/runner/work/sonar-analysis/sonar-analysis/project/flink-filesystems/flink-hadoop-fs/target/flink-hadoop-fs-1.19-SNAPSHOT-tests.jar to /home/runner/.m2/repository/org/apache/flink/flink-hadoop-fs/1.19-SNAPSHOT/flink-hadoop-fs-1.19-SNAPSHOT-tests.jar
[INFO] Installing /home/runner/work/sonar-analysis/sonar-analysis/project/flink-filesystems/flink-hadoop-fs/target/bom.xml to /home/runner/.m2/repository/org/apache/flink/flink-hadoop-fs/1.19-SNAPSHOT/flink-hadoop-fs-1.19-SNAPSHOT-cyclonedx.xml
[INFO] Installing /home/runner/work/sonar-analysis/sonar-analysis/project/flink-filesystems/flink-hadoop-fs/target/bom.json to /home/runner/.m2/repository/org/apache/flink/flink-hadoop-fs/1.19-SNAPSHOT/flink-hadoop-fs-1.19-SNAPSHOT-cyclonedx.json
[INFO] 
[INFO] -------------------< org.apache.flink:flink-runtime >-------------------
[INFO] Building Flink : Runtime 1.19-SNAPSHOT                          [26/175]
[INFO]   from flink-runtime/pom.xml
[INFO] --------------------------------[ jar ]---------------------------------
[INFO] 
[INFO] --- clean:3.1.0:clean (default-clean) @ flink-runtime ---
[INFO] Deleting /home/runner/work/sonar-analysis/sonar-analysis/project/flink-runtime (includes = [dependency-reduced-pom.xml], excludes = [])
[INFO] 
[INFO] --- checkstyle:3.1.2:check (validate) @ flink-runtime ---
[INFO] 
[INFO] --- spotless:2.27.1:check (spotless-check) @ flink-runtime ---
[INFO] 
[INFO] --- git-commit-id:4.0.2:revision (get-the-git-infos) @ flink-runtime ---
[INFO] 
[INFO] --- enforcer:3.1.0:enforce (enforce-maven-version) @ flink-runtime ---
[INFO] Skipping Rule Enforcement.
[INFO] 
[INFO] --- enforcer:3.1.0:enforce (enforce-maven) @ flink-runtime ---
[INFO] Skipping Rule Enforcement.
[INFO] 
[INFO] --- enforcer:3.1.0:enforce (ban-unsafe-snakeyaml) @ flink-runtime ---
[INFO] Skipping Rule Enforcement.
[INFO] 
[INFO] --- enforcer:3.1.0:enforce (ban-unsafe-jackson) @ flink-runtime ---
[INFO] Skipping Rule Enforcement.
[INFO] 
[INFO] --- enforcer:3.1.0:enforce (forbid-log4j-1) @ flink-runtime ---
[INFO] Skipping Rule Enforcement.
[INFO] 
[INFO] --- enforcer:3.1.0:enforce (forbid-direct-akka-rpc-dependencies) @ flink-runtime ---
[INFO] Skipping Rule Enforcement.
[INFO] 
[INFO] --- enforcer:3.1.0:enforce (forbid-direct-table-planner-dependencies) @ flink-runtime ---
[INFO] Skipping Rule Enforcement.
[INFO] 
[INFO] --- directory:0.1:directory-of (directories) @ flink-runtime ---
[INFO] Directory of org.apache.flink:flink-parent set to: /home/runner/work/sonar-analysis/sonar-analysis/project
[INFO] 
[INFO] --- remote-resources:1.5:process (process-resource-bundles) @ flink-runtime ---
[INFO] 
[INFO] --- resources:3.1.0:resources (default-resources) @ flink-runtime ---
[INFO] Using 'UTF-8' encoding to copy filtered resources.
[INFO] Copying 6 resources
[INFO] Copying 1 resource
[INFO] Copying 3 resources
[INFO] 
[INFO] --- compiler:3.8.0:compile (default-compile) @ flink-runtime ---
[INFO] Compiling 2445 source files to /home/runner/work/sonar-analysis/sonar-analysis/project/flink-runtime/target/classes
[WARNING] /home/runner/work/sonar-analysis/sonar-analysis/project/flink-runtime/src/main/java/org/apache/flink/runtime/util/SignalHandler.java:[24,16] sun.misc.Signal is internal proprietary API and may be removed in a future release
[WARNING] /home/runner/work/sonar-analysis/sonar-analysis/project/flink-runtime/src/main/java/org/apache/flink/runtime/io/network/partition/PageSizeUtil.java:[26,16] sun.misc.Unsafe is internal proprietary API and may be removed in a future release
[WARNING] /home/runner/work/sonar-analysis/sonar-analysis/project/flink-runtime/src/main/java/org/apache/flink/runtime/util/SignalHandler.java:[35,53] sun.misc.SignalHandler is internal proprietary API and may be removed in a future release
[WARNING] /home/runner/work/sonar-analysis/sonar-analysis/project/flink-runtime/src/main/java/org/apache/flink/runtime/util/SignalHandler.java:[38,31] sun.misc.SignalHandler is internal proprietary API and may be removed in a future release
[WARNING] /home/runner/work/sonar-analysis/sonar-analysis/project/flink-runtime/src/main/java/org/apache/flink/runtime/util/SignalHandler.java:[42,45] sun.misc.Signal is internal proprietary API and may be removed in a future release
[WARNING] /home/runner/work/sonar-analysis/sonar-analysis/project/flink-runtime/src/main/java/org/apache/flink/runtime/util/SignalHandler.java:[42,27] sun.misc.Signal is internal proprietary API and may be removed in a future release
[WARNING] /home/runner/work/sonar-analysis/sonar-analysis/project/flink-runtime/src/main/java/org/apache/flink/runtime/util/SignalHandler.java:[51,28] sun.misc.Signal is internal proprietary API and may be removed in a future release
[WARNING] /home/runner/work/sonar-analysis/sonar-analysis/project/flink-runtime/src/main/java/org/apache/flink/runtime/io/network/partition/PageSizeUtil.java:[96,13] sun.misc.Unsafe is internal proprietary API and may be removed in a future release
[WARNING] /home/runner/work/sonar-analysis/sonar-analysis/project/flink-runtime/src/main/java/org/apache/flink/runtime/io/network/partition/PageSizeUtil.java:[101,24] sun.misc.Unsafe is internal proprietary API and may be removed in a future release
[WARNING] /home/runner/work/sonar-analysis/sonar-analysis/project/flink-runtime/src/main/java/org/apache/flink/runtime/io/network/partition/PageSizeUtil.java:[103,25] sun.misc.Unsafe is internal proprietary API and may be removed in a future release
[INFO] /home/runner/work/sonar-analysis/sonar-analysis/project/flink-runtime/src/main/java/org/apache/flink/runtime/rest/handler/job/JobPlanHandler.java: Some input files use or override a deprecated API.
[INFO] /home/runner/work/sonar-analysis/sonar-analysis/project/flink-runtime/src/main/java/org/apache/flink/runtime/rest/handler/job/JobPlanHandler.java: Recompile with -Xlint:deprecation for details.
[INFO] /home/runner/work/sonar-analysis/sonar-analysis/project/flink-runtime/src/main/java/org/apache/flink/runtime/io/network/partition/PageSizeUtil.java: /home/runner/work/sonar-analysis/sonar-analysis/project/flink-runtime/src/main/java/org/apache/flink/runtime/io/network/partition/PageSizeUtil.java uses or overrides a deprecated API that is marked for removal.
[INFO] /home/runner/work/sonar-analysis/sonar-analysis/project/flink-runtime/src/main/java/org/apache/flink/runtime/io/network/partition/PageSizeUtil.java: Recompile with -Xlint:removal for details.
[INFO] /home/runner/work/sonar-analysis/sonar-analysis/project/flink-runtime/src/main/java/org/apache/flink/runtime/rest/handler/AbstractHandler.java: Some input files use unchecked or unsafe operations.
[INFO] /home/runner/work/sonar-analysis/sonar-analysis/project/flink-runtime/src/main/java/org/apache/flink/runtime/rest/handler/AbstractHandler.java: Recompile with -Xlint:unchecked for details.
[INFO] 
[INFO] --- resources:3.1.0:testResources (default-testResources) @ flink-runtime ---
[INFO] Using 'UTF-8' encoding to copy filtered resources.
[INFO] Copying 76 resources
[INFO] Copying 3 resources
[INFO] 
[INFO] --- compiler:3.8.0:testCompile (default-testCompile) @ flink-runtime ---
[INFO] Compiling 1556 source files to /home/runner/work/sonar-analysis/sonar-analysis/project/flink-runtime/target/test-classes
[INFO] /home/runner/work/sonar-analysis/sonar-analysis/project/flink-runtime/src/test/java/org/apache/flink/runtime/scheduler/DefaultSchedulerBuilder.java: Some input files use or override a deprecated API.
[INFO] /home/runner/work/sonar-analysis/sonar-analysis/project/flink-runtime/src/test/java/org/apache/flink/runtime/scheduler/DefaultSchedulerBuilder.java: Recompile with -Xlint:deprecation for details.
[INFO] /home/runner/work/sonar-analysis/sonar-analysis/project/flink-runtime/src/test/java/org/apache/flink/runtime/resourcemanager/slotmanager/AbstractFineGrainedSlotManagerITCase.java: Some input files use or override a deprecated API that is marked for removal.
[INFO] /home/runner/work/sonar-analysis/sonar-analysis/project/flink-runtime/src/test/java/org/apache/flink/runtime/resourcemanager/slotmanager/AbstractFineGrainedSlotManagerITCase.java: Recompile with -Xlint:removal for details.
[INFO] /home/runner/work/sonar-analysis/sonar-analysis/project/flink-runtime/src/test/java/org/apache/flink/runtime/scheduler/metrics/StateTimeMetricTest.java: Some input files use unchecked or unsafe operations.
[INFO] /home/runner/work/sonar-analysis/sonar-analysis/project/flink-runtime/src/test/java/org/apache/flink/runtime/scheduler/metrics/StateTimeMetricTest.java: Recompile with -Xlint:unchecked for details.
[INFO] 
[INFO] --- surefire:3.2.2:test (default-test) @ flink-runtime ---
[INFO] Tests are skipped.
[INFO] 
[INFO] --- jar:2.4:jar (default-jar) @ flink-runtime ---
[INFO] Building jar: /home/runner/work/sonar-analysis/sonar-analysis/project/flink-runtime/target/flink-runtime-1.19-SNAPSHOT.jar
[INFO] 
[INFO] --- jar:2.4:test-jar (default) @ flink-runtime ---
[INFO] Building jar: /home/runner/work/sonar-analysis/sonar-analysis/project/flink-runtime/target/flink-runtime-1.19-SNAPSHOT-tests.jar
[INFO] 
[INFO] --- shade:3.5.1:shade (shade-flink) @ flink-runtime ---
[INFO] Including io.airlift:aircompressor:jar:0.21 in the shaded jar.
[INFO] Excluding org.apache.flink:flink-core:jar:1.19-SNAPSHOT from the shaded jar.
[INFO] Excluding org.apache.flink:flink-annotations:jar:1.19-SNAPSHOT from the shaded jar.
[INFO] Excluding org.apache.flink:flink-metrics-core:jar:1.19-SNAPSHOT from the shaded jar.
[INFO] Excluding org.apache.flink:flink-shaded-asm-9:jar:9.6-18.0 from the shaded jar.
[INFO] Excluding com.esotericsoftware.kryo:kryo:jar:2.24.0 from the shaded jar.
[INFO] Excluding com.esotericsoftware.minlog:minlog:jar:1.2 from the shaded jar.
[INFO] Excluding commons-collections:commons-collections:jar:3.2.2 from the shaded jar.
[INFO] Excluding org.apache.commons:commons-compress:jar:1.24.0 from the shaded jar.
[INFO] Excluding org.apache.flink:flink-rpc-core:jar:1.19-SNAPSHOT from the shaded jar.
[INFO] Excluding org.apache.flink:flink-rpc-akka-loader:jar:1.19-SNAPSHOT from the shaded jar.
[INFO] Excluding org.apache.flink:flink-java:jar:1.19-SNAPSHOT from the shaded jar.
[INFO] Excluding org.apache.commons:commons-math3:jar:3.6.1 from the shaded jar.
[INFO] Excluding com.twitter:chill-java:jar:0.7.6 from the shaded jar.
[INFO] Excluding org.apache.flink:flink-queryable-state-client-java:jar:1.19-SNAPSHOT from the shaded jar.
[INFO] Excluding org.apache.flink:flink-hadoop-fs:jar:1.19-SNAPSHOT from the shaded jar.
[INFO] Excluding org.apache.flink:flink-shaded-swagger:jar:18.0 from the shaded jar.
[INFO] Excluding org.apache.hadoop:hadoop-common:jar:2.10.2 from the shaded jar.
[INFO] Excluding org.apache.hadoop:hadoop-annotations:jar:2.10.2 from the shaded jar.
[INFO] Excluding com.google.guava:guava:jar:11.0.2 from the shaded jar.
[INFO] Excluding xmlenc:xmlenc:jar:0.52 from the shaded jar.
[INFO] Excluding org.apache.httpcomponents:httpclient:jar:4.5.13 from the shaded jar.
[INFO] Excluding org.apache.httpcomponents:httpcore:jar:4.4.14 from the shaded jar.
[INFO] Excluding commons-codec:commons-codec:jar:1.15 from the shaded jar.
[INFO] Excluding commons-net:commons-net:jar:3.1 from the shaded jar.
[INFO] Excluding javax.servlet:servlet-api:jar:2.5 from the shaded jar.
[INFO] Excluding org.mortbay.jetty:jetty:jar:6.1.26 from the shaded jar.
[INFO] Excluding org.mortbay.jetty:jetty-util:jar:6.1.26 from the shaded jar.
[INFO] Excluding org.mortbay.jetty:jetty-sslengine:jar:6.1.26 from the shaded jar.
[INFO] Excluding javax.servlet.jsp:jsp-api:jar:2.1 from the shaded jar.
[INFO] Excluding com.sun.jersey:jersey-core:jar:1.9 from the shaded jar.
[INFO] Excluding com.sun.jersey:jersey-json:jar:1.9 from the shaded jar.
[INFO] Excluding org.codehaus.jettison:jettison:jar:1.1 from the shaded jar.
[INFO] Excluding com.sun.xml.bind:jaxb-impl:jar:2.2.3-1 from the shaded jar.
[INFO] Excluding org.codehaus.jackson:jackson-jaxrs:jar:1.8.3 from the shaded jar.
[INFO] Excluding org.codehaus.jackson:jackson-xc:jar:1.8.3 from the shaded jar.
[INFO] Excluding com.sun.jersey:jersey-server:jar:1.9 from the shaded jar.
[INFO] Excluding asm:asm:jar:3.1 from the shaded jar.
[INFO] Excluding commons-logging:commons-logging:jar:1.1.3 from the shaded jar.
[INFO] Excluding net.java.dev.jets3t:jets3t:jar:0.9.0 from the shaded jar.
[INFO] Excluding com.jamesmurty.utils:java-xmlbuilder:jar:0.4 from the shaded jar.
[INFO] Excluding commons-lang:commons-lang:jar:2.6 from the shaded jar.
[INFO] Excluding commons-configuration:commons-configuration:jar:1.7 from the shaded jar.
[INFO] Excluding commons-digester:commons-digester:jar:1.8 from the shaded jar.
[INFO] Excluding commons-beanutils:commons-beanutils:jar:1.9.4 from the shaded jar.
[INFO] Excluding org.codehaus.jackson:jackson-core-asl:jar:1.9.13 from the shaded jar.
[INFO] Excluding org.codehaus.jackson:jackson-mapper-asl:jar:1.9.13 from the shaded jar.
[INFO] Excluding org.apache.avro:avro:jar:1.11.3 from the shaded jar.
[INFO] Excluding com.google.protobuf:protobuf-java:jar:2.5.0 from the shaded jar.
[INFO] Excluding com.google.code.gson:gson:jar:2.2.4 from the shaded jar.
[INFO] Excluding org.apache.hadoop:hadoop-auth:jar:2.10.2 from the shaded jar.
[INFO] Excluding com.nimbusds:nimbus-jose-jwt:jar:7.9 from the shaded jar.
[INFO] Excluding com.github.stephenc.jcip:jcip-annotations:jar:1.0-1 from the shaded jar.
[INFO] Excluding net.minidev:json-smart:jar:2.3 from the shaded jar.
[INFO] Excluding net.minidev:accessors-smart:jar:1.2 from the shaded jar.
[INFO] Excluding org.ow2.asm:asm:jar:5.0.4 from the shaded jar.
[INFO] Excluding org.apache.directory.server:apacheds-kerberos-codec:jar:2.0.0-M15 from the shaded jar.
[INFO] Excluding org.apache.directory.server:apacheds-i18n:jar:2.0.0-M15 from the shaded jar.
[INFO] Excluding org.apache.directory.api:api-asn1-api:jar:1.0.0-M20 from the shaded jar.
[INFO] Excluding org.apache.directory.api:api-util:jar:1.0.0-M20 from the shaded jar.
[INFO] Excluding org.apache.curator:curator-framework:jar:2.13.0 from the shaded jar.
[INFO] Excluding com.jcraft:jsch:jar:0.1.55 from the shaded jar.
[INFO] Excluding org.apache.curator:curator-client:jar:2.13.0 from the shaded jar.
[INFO] Excluding org.apache.curator:curator-recipes:jar:2.13.0 from the shaded jar.
[INFO] Excluding org.apache.htrace:htrace-core4:jar:4.1.0-incubating from the shaded jar.
[INFO] Excluding org.apache.zookeeper:zookeeper:jar:3.7.2 from the shaded jar.
[INFO] Excluding org.apache.zookeeper:zookeeper-jute:jar:3.7.2 from the shaded jar.
[INFO] Excluding org.apache.yetus:audience-annotations:jar:0.12.0 from the shaded jar.
[INFO] Excluding org.codehaus.woodstox:stax2-api:jar:4.2.1 from the shaded jar.
[INFO] Excluding com.fasterxml.woodstox:woodstox-core:jar:5.3.0 from the shaded jar.
[INFO] Excluding org.apache.hadoop:hadoop-hdfs:jar:2.10.2 from the shaded jar.
[INFO] Excluding org.apache.hadoop:hadoop-hdfs-client:jar:2.10.2 from the shaded jar.
[INFO] Excluding com.squareup.okhttp:okhttp:jar:2.7.5 from the shaded jar.
[INFO] Excluding commons-daemon:commons-daemon:jar:1.0.13 from the shaded jar.
[INFO] Excluding io.netty:netty:jar:3.10.6.Final from the shaded jar.
[INFO] Excluding io.netty:netty-all:jar:4.1.100.Final from the shaded jar.
[INFO] Excluding io.netty:netty-buffer:jar:4.1.100.Final from the shaded jar.
[INFO] Excluding io.netty:netty-codec:jar:4.1.100.Final from the shaded jar.
[INFO] Excluding io.netty:netty-codec-dns:jar:4.1.100.Final from the shaded jar.
[INFO] Excluding io.netty:netty-codec-haproxy:jar:4.1.100.Final from the shaded jar.
[INFO] Excluding io.netty:netty-codec-http:jar:4.1.100.Final from the shaded jar.
[INFO] Excluding io.netty:netty-codec-http2:jar:4.1.100.Final from the shaded jar.
[INFO] Excluding io.netty:netty-codec-memcache:jar:4.1.100.Final from the shaded jar.
[INFO] Excluding io.netty:netty-codec-mqtt:jar:4.1.100.Final from the shaded jar.
[INFO] Excluding io.netty:netty-codec-redis:jar:4.1.100.Final from the shaded jar.
[INFO] Excluding io.netty:netty-codec-smtp:jar:4.1.100.Final from the shaded jar.
[INFO] Excluding io.netty:netty-codec-socks:jar:4.1.100.Final from the shaded jar.
[INFO] Excluding io.netty:netty-codec-stomp:jar:4.1.100.Final from the shaded jar.
[INFO] Excluding io.netty:netty-codec-xml:jar:4.1.100.Final from the shaded jar.
[INFO] Excluding io.netty:netty-common:jar:4.1.100.Final from the shaded jar.
[INFO] Excluding io.netty:netty-handler:jar:4.1.100.Final from the shaded jar.
[INFO] Excluding io.netty:netty-transport-native-unix-common:jar:4.1.100.Final from the shaded jar.
[INFO] Excluding io.netty:netty-handler-proxy:jar:4.1.100.Final from the shaded jar.
[INFO] Excluding io.netty:netty-handler-ssl-ocsp:jar:4.1.100.Final from the shaded jar.
[INFO] Excluding io.netty:netty-resolver:jar:4.1.100.Final from the shaded jar.
[INFO] Excluding io.netty:netty-resolver-dns:jar:4.1.100.Final from the shaded jar.
[INFO] Excluding io.netty:netty-transport:jar:4.1.100.Final from the shaded jar.
[INFO] Excluding io.netty:netty-transport-rxtx:jar:4.1.100.Final from the shaded jar.
[INFO] Excluding io.netty:netty-transport-sctp:jar:4.1.100.Final from the shaded jar.
[INFO] Excluding io.netty:netty-transport-udt:jar:4.1.100.Final from the shaded jar.
[INFO] Excluding io.netty:netty-transport-classes-epoll:jar:4.1.100.Final from the shaded jar.
[INFO] Excluding io.netty:netty-transport-classes-kqueue:jar:4.1.100.Final from the shaded jar.
[INFO] Excluding io.netty:netty-resolver-dns-classes-macos:jar:4.1.100.Final from the shaded jar.
[INFO] Excluding io.netty:netty-transport-native-epoll:jar:linux-x86_64:4.1.100.Final from the shaded jar.
[INFO] Excluding io.netty:netty-transport-native-epoll:jar:linux-aarch_64:4.1.100.Final from the shaded jar.
[INFO] Excluding io.netty:netty-transport-native-kqueue:jar:osx-x86_64:4.1.100.Final from the shaded jar.
[INFO] Excluding io.netty:netty-transport-native-kqueue:jar:osx-aarch_64:4.1.100.Final from the shaded jar.
[INFO] Excluding io.netty:netty-resolver-dns-native-macos:jar:osx-x86_64:4.1.100.Final from the shaded jar.
[INFO] Excluding io.netty:netty-resolver-dns-native-macos:jar:osx-aarch_64:4.1.100.Final from the shaded jar.
[INFO] Excluding xerces:xercesImpl:jar:2.12.0 from the shaded jar.
[INFO] Excluding xml-apis:xml-apis:jar:1.4.01 from the shaded jar.
[INFO] Excluding org.fusesource.leveldbjni:leveldbjni-all:jar:1.8 from the shaded jar.
[INFO] Excluding com.fasterxml.jackson.core:jackson-databind:jar:2.15.3 from the shaded jar.
[INFO] Excluding org.apache.hadoop:hadoop-mapreduce-client-core:jar:2.10.2 from the shaded jar.
[INFO] Excluding org.apache.hadoop:hadoop-yarn-client:jar:2.10.2 from the shaded jar.
[INFO] Excluding org.apache.hadoop:hadoop-yarn-api:jar:2.10.2 from the shaded jar.
[INFO] Excluding org.apache.hadoop:hadoop-yarn-common:jar:2.10.2 from the shaded jar.
[INFO] Excluding javax.xml.bind:jaxb-api:jar:2.3.1 from the shaded jar.
[INFO] Excluding javax.activation:javax.activation-api:jar:1.2.0 from the shaded jar.
[INFO] Excluding com.sun.jersey:jersey-client:jar:1.9 from the shaded jar.
[INFO] Excluding com.google.inject:guice:jar:3.0 from the shaded jar.
[INFO] Excluding javax.inject:javax.inject:jar:1 from the shaded jar.
[INFO] Excluding aopalliance:aopalliance:jar:1.0 from the shaded jar.
[INFO] Excluding com.sun.jersey.contribs:jersey-guice:jar:1.9 from the shaded jar.
[INFO] Excluding com.google.inject.extensions:guice-servlet:jar:3.0 from the shaded jar.
[INFO] Excluding commons-io:commons-io:jar:2.11.0 from the shaded jar.
[INFO] Excluding org.apache.flink:flink-shaded-netty:jar:4.1.100.Final-18.0 from the shaded jar.
[INFO] Excluding org.apache.flink:flink-shaded-guava:jar:32.1.3-jre-18.0 from the shaded jar.
[INFO] Excluding org.apache.flink:flink-shaded-jackson:jar:2.15.3-18.0 from the shaded jar.
[INFO] Excluding com.fasterxml.jackson.core:jackson-core:jar:2.15.3 from the shaded jar.
[INFO] Excluding com.fasterxml.jackson.core:jackson-annotations:jar:2.15.3 from the shaded jar.
[INFO] Excluding com.fasterxml.jackson.dataformat:jackson-dataformat-yaml:jar:2.15.3 from the shaded jar.
[INFO] Excluding org.yaml:snakeyaml:jar:1.33 from the shaded jar.
[INFO] Excluding com.fasterxml.jackson.dataformat:jackson-dataformat-csv:jar:2.15.3 from the shaded jar.
[INFO] Excluding com.fasterxml.jackson.datatype:jackson-datatype-jsr310:jar:2.15.3 from the shaded jar.
[INFO] Excluding com.fasterxml.jackson.datatype:jackson-datatype-jdk8:jar:2.15.3 from the shaded jar.
[INFO] Excluding org.apache.flink:flink-shaded-zookeeper-3:jar:3.7.2-18.0 from the shaded jar.
[INFO] Excluding org.apache.commons:commons-lang3:jar:3.12.0 from the shaded jar.
[INFO] Excluding org.apache.commons:commons-text:jar:1.10.0 from the shaded jar.
[INFO] Excluding commons-cli:commons-cli:jar:1.5.0 from the shaded jar.
[INFO] Excluding org.javassist:javassist:jar:3.24.0-GA from the shaded jar.
[INFO] Excluding org.xerial.snappy:snappy-java:jar:1.1.10.4 from the shaded jar.
[INFO] Excluding tools.profiler:async-profiler:jar:2.9 from the shaded jar.
[INFO] Excluding org.lz4:lz4-java:jar:1.8.0 from the shaded jar.
[INFO] Excluding com.squareup.okio:okio:jar:1.12.0 from the shaded jar.
[INFO] Excluding com.github.oshi:oshi-core:jar:6.1.5 from the shaded jar.
[INFO] Excluding net.java.dev.jna:jna:jar:5.12.1 from the shaded jar.
[INFO] Excluding net.java.dev.jna:jna-platform:jar:5.10.0 from the shaded jar.
[INFO] Excluding org.apache.flink:flink-shaded-force-shading:jar:18.0 from the shaded jar.
[INFO] Excluding org.slf4j:slf4j-api:jar:1.7.36 from the shaded jar.
[INFO] Excluding com.google.code.findbugs:jsr305:jar:1.3.9 from the shaded jar.
[INFO] Excluding org.objenesis:objenesis:jar:2.1 from the shaded jar.
[INFO] Dependency-reduced POM written at: /home/runner/work/sonar-analysis/sonar-analysis/project/flink-runtime/dependency-reduced-pom.xml
[WARNING] aircompressor-0.21.jar, flink-runtime-1.19-SNAPSHOT.jar define 1 overlapping resource: 
[WARNING]   - META-INF/MANIFEST.MF
[WARNING] maven-shade-plugin has detected that some files are
[WARNING] present in two or more JARs. When this happens, only one
[WARNING] single version of the file is copied to the uber jar.
[WARNING] Usually this is not harmful and you can skip these warnings,
[WARNING] otherwise try to manually exclude artifacts based on
[WARNING] mvn dependency:tree -Ddetail=true and the above output.
[WARNING] See https://maven.apache.org/plugins/maven-shade-plugin/
[INFO] Replacing original artifact with shaded artifact.
[INFO] Replacing /home/runner/work/sonar-analysis/sonar-analysis/project/flink-runtime/target/flink-runtime-1.19-SNAPSHOT.jar with /home/runner/work/sonar-analysis/sonar-analysis/project/flink-runtime/target/flink-runtime-1.19-SNAPSHOT-shaded.jar
[INFO] 
[INFO] --- cyclonedx:2.7.7:makeBom (default) @ flink-runtime ---
[INFO] CycloneDX: Resolving Dependencies
[INFO] CycloneDX: Creating BOM version 1.4 with 152 component(s)
[INFO] CycloneDX: Writing and validating BOM (XML): /home/runner/work/sonar-analysis/sonar-analysis/project/flink-runtime/target/bom.xml
[INFO]            attaching as flink-runtime-1.19-SNAPSHOT-cyclonedx.xml
[INFO] CycloneDX: Writing and validating BOM (JSON): /home/runner/work/sonar-analysis/sonar-analysis/project/flink-runtime/target/bom.json
[INFO]            attaching as flink-runtime-1.19-SNAPSHOT-cyclonedx.json
[INFO] 
[INFO] --- surefire:3.2.2:test (integration-tests) @ flink-runtime ---
[INFO] Tests are skipped.
[INFO] 
[INFO] --- japicmp:0.17.1:cmp (default) @ flink-runtime ---
[INFO] Written file '/home/runner/work/sonar-analysis/sonar-analysis/project/tools/japicmp-output/flink-runtime/japicmp/japicmp.diff'.
[INFO] Written file '/home/runner/work/sonar-analysis/sonar-analysis/project/tools/japicmp-output/flink-runtime/japicmp/japicmp.xml'.
[INFO] Written file '/home/runner/work/sonar-analysis/sonar-analysis/project/tools/japicmp-output/flink-runtime/japicmp/japicmp.html'.
[INFO] 
[INFO] --- install:2.5.2:install (default-install) @ flink-runtime ---
[INFO] Installing /home/runner/work/sonar-analysis/sonar-analysis/project/flink-runtime/target/flink-runtime-1.19-SNAPSHOT.jar to /home/runner/.m2/repository/org/apache/flink/flink-runtime/1.19-SNAPSHOT/flink-runtime-1.19-SNAPSHOT.jar
[INFO] Installing /home/runner/work/sonar-analysis/sonar-analysis/project/flink-runtime/dependency-reduced-pom.xml to /home/runner/.m2/repository/org/apache/flink/flink-runtime/1.19-SNAPSHOT/flink-runtime-1.19-SNAPSHOT.pom
[INFO] Installing /home/runner/work/sonar-analysis/sonar-analysis/project/flink-runtime/target/flink-runtime-1.19-SNAPSHOT-tests.jar to /home/runner/.m2/repository/org/apache/flink/flink-runtime/1.19-SNAPSHOT/flink-runtime-1.19-SNAPSHOT-tests.jar
[INFO] Installing /home/runner/work/sonar-analysis/sonar-analysis/project/flink-runtime/target/bom.xml to /home/runner/.m2/repository/org/apache/flink/flink-runtime/1.19-SNAPSHOT/flink-runtime-1.19-SNAPSHOT-cyclonedx.xml
[INFO] Installing /home/runner/work/sonar-analysis/sonar-analysis/project/flink-runtime/target/bom.json to /home/runner/.m2/repository/org/apache/flink/flink-runtime/1.19-SNAPSHOT/flink-runtime-1.19-SNAPSHOT-cyclonedx.json
[INFO] 
[INFO] --------------< org.apache.flink:flink-connector-datagen >--------------
[INFO] Building Flink : Connectors : Datagen 1.19-SNAPSHOT             [27/175]
[INFO]   from flink-connectors/flink-connector-datagen/pom.xml
[INFO] --------------------------------[ jar ]---------------------------------
[INFO] 
[INFO] --- clean:3.1.0:clean (default-clean) @ flink-connector-datagen ---
[INFO] Deleting /home/runner/work/sonar-analysis/sonar-analysis/project/flink-connectors/flink-connector-datagen (includes = [dependency-reduced-pom.xml], excludes = [])
[INFO] 
[INFO] --- checkstyle:3.1.2:check (validate) @ flink-connector-datagen ---
[INFO] 
[INFO] --- spotless:2.27.1:check (spotless-check) @ flink-connector-datagen ---
[INFO] 
[INFO] --- enforcer:3.1.0:enforce (enforce-maven-version) @ flink-connector-datagen ---
[INFO] Skipping Rule Enforcement.
[INFO] 
[INFO] --- enforcer:3.1.0:enforce (enforce-maven) @ flink-connector-datagen ---
[INFO] Skipping Rule Enforcement.
[INFO] 
[INFO] --- enforcer:3.1.0:enforce (ban-unsafe-snakeyaml) @ flink-connector-datagen ---
[INFO] Skipping Rule Enforcement.
[INFO] 
[INFO] --- enforcer:3.1.0:enforce (ban-unsafe-jackson) @ flink-connector-datagen ---
[INFO] Skipping Rule Enforcement.
[INFO] 
[INFO] --- enforcer:3.1.0:enforce (forbid-log4j-1) @ flink-connector-datagen ---
[INFO] Skipping Rule Enforcement.
[INFO] 
[INFO] --- enforcer:3.1.0:enforce (forbid-direct-akka-rpc-dependencies) @ flink-connector-datagen ---
[INFO] Skipping Rule Enforcement.
[INFO] 
[INFO] --- enforcer:3.1.0:enforce (forbid-direct-table-planner-dependencies) @ flink-connector-datagen ---
[INFO] Skipping Rule Enforcement.
[INFO] 
[INFO] --- directory:0.1:directory-of (directories) @ flink-connector-datagen ---
[INFO] Directory of org.apache.flink:flink-parent set to: /home/runner/work/sonar-analysis/sonar-analysis/project
[INFO] 
[INFO] --- remote-resources:1.5:process (process-resource-bundles) @ flink-connector-datagen ---
[INFO] 
[INFO] --- resources:3.1.0:resources (default-resources) @ flink-connector-datagen ---
[INFO] Using 'UTF-8' encoding to copy filtered resources.
[INFO] Copying 1 resource
[INFO] Copying 3 resources
[INFO] 
[INFO] --- compiler:3.8.0:compile (default-compile) @ flink-connector-datagen ---
[INFO] Compiling 5 source files to /home/runner/work/sonar-analysis/sonar-analysis/project/flink-connectors/flink-connector-datagen/target/classes
[INFO] 
[INFO] --- resources:3.1.0:testResources (default-testResources) @ flink-connector-datagen ---
[INFO] Using 'UTF-8' encoding to copy filtered resources.
[INFO] skip non existing resourceDirectory /home/runner/work/sonar-analysis/sonar-analysis/project/flink-connectors/flink-connector-datagen/src/test/resources
[INFO] Copying 3 resources
[INFO] 
[INFO] --- compiler:3.8.0:testCompile (default-testCompile) @ flink-connector-datagen ---
[INFO] No sources to compile
[INFO] 
[INFO] --- surefire:3.2.2:test (default-test) @ flink-connector-datagen ---
[INFO] Tests are skipped.
[INFO] 
[INFO] --- jar:2.4:jar (default-jar) @ flink-connector-datagen ---
[INFO] Building jar: /home/runner/work/sonar-analysis/sonar-analysis/project/flink-connectors/flink-connector-datagen/target/flink-connector-datagen-1.19-SNAPSHOT.jar
[INFO] 
[INFO] --- shade:3.5.1:shade (shade-flink) @ flink-connector-datagen ---
[INFO] Including org.apache.flink:flink-shaded-force-shading:jar:18.0 in the shaded jar.
[INFO] No artifact matching filter io.netty:netty
[INFO] Dependency-reduced POM written at: /home/runner/work/sonar-analysis/sonar-analysis/project/flink-connectors/flink-connector-datagen/dependency-reduced-pom.xml
[INFO] Replacing original artifact with shaded artifact.
[INFO] Replacing /home/runner/work/sonar-analysis/sonar-analysis/project/flink-connectors/flink-connector-datagen/target/flink-connector-datagen-1.19-SNAPSHOT.jar with /home/runner/work/sonar-analysis/sonar-analysis/project/flink-connectors/flink-connector-datagen/target/flink-connector-datagen-1.19-SNAPSHOT-shaded.jar
[INFO] 
[INFO] --- cyclonedx:2.7.7:makeBom (default) @ flink-connector-datagen ---
[INFO] CycloneDX: Resolving Dependencies
[INFO] CycloneDX: Creating BOM version 1.4 with 24 component(s)
[INFO] CycloneDX: Writing and validating BOM (XML): /home/runner/work/sonar-analysis/sonar-analysis/project/flink-connectors/flink-connector-datagen/target/bom.xml
[INFO]            attaching as flink-connector-datagen-1.19-SNAPSHOT-cyclonedx.xml
[INFO] CycloneDX: Writing and validating BOM (JSON): /home/runner/work/sonar-analysis/sonar-analysis/project/flink-connectors/flink-connector-datagen/target/bom.json
[INFO]            attaching as flink-connector-datagen-1.19-SNAPSHOT-cyclonedx.json
[INFO] 
[INFO] --- surefire:3.2.2:test (integration-tests) @ flink-connector-datagen ---
[INFO] Tests are skipped.
[INFO] 
[INFO] --- japicmp:0.17.1:cmp (default) @ flink-connector-datagen ---
[INFO] Written file '/home/runner/work/sonar-analysis/sonar-analysis/project/tools/japicmp-output/flink-connector-datagen/japicmp/japicmp.diff'.
[INFO] Written file '/home/runner/work/sonar-analysis/sonar-analysis/project/tools/japicmp-output/flink-connector-datagen/japicmp/japicmp.xml'.
[INFO] Written file '/home/runner/work/sonar-analysis/sonar-analysis/project/tools/japicmp-output/flink-connector-datagen/japicmp/japicmp.html'.
[INFO] 
[INFO] --- install:2.5.2:install (default-install) @ flink-connector-datagen ---
[INFO] Installing /home/runner/work/sonar-analysis/sonar-analysis/project/flink-connectors/flink-connector-datagen/target/flink-connector-datagen-1.19-SNAPSHOT.jar to /home/runner/.m2/repository/org/apache/flink/flink-connector-datagen/1.19-SNAPSHOT/flink-connector-datagen-1.19-SNAPSHOT.jar
[INFO] Installing /home/runner/work/sonar-analysis/sonar-analysis/project/flink-connectors/flink-connector-datagen/dependency-reduced-pom.xml to /home/runner/.m2/repository/org/apache/flink/flink-connector-datagen/1.19-SNAPSHOT/flink-connector-datagen-1.19-SNAPSHOT.pom
[INFO] Installing /home/runner/work/sonar-analysis/sonar-analysis/project/flink-connectors/flink-connector-datagen/target/bom.xml to /home/runner/.m2/repository/org/apache/flink/flink-connector-datagen/1.19-SNAPSHOT/flink-connector-datagen-1.19-SNAPSHOT-cyclonedx.xml
[INFO] Installing /home/runner/work/sonar-analysis/sonar-analysis/project/flink-connectors/flink-connector-datagen/target/bom.json to /home/runner/.m2/repository/org/apache/flink/flink-connector-datagen/1.19-SNAPSHOT/flink-connector-datagen-1.19-SNAPSHOT-cyclonedx.json
[INFO] 
[INFO] ---------------< org.apache.flink:flink-streaming-java >----------------
[INFO] Building Flink : Streaming Java 1.19-SNAPSHOT                   [28/175]
[INFO]   from flink-streaming-java/pom.xml
[INFO] --------------------------------[ jar ]---------------------------------
[INFO] 
[INFO] --- clean:3.1.0:clean (default-clean) @ flink-streaming-java ---
[INFO] Deleting /home/runner/work/sonar-analysis/sonar-analysis/project/flink-streaming-java (includes = [dependency-reduced-pom.xml], excludes = [])
[INFO] 
[INFO] --- checkstyle:3.1.2:check (validate) @ flink-streaming-java ---
[INFO] 
[INFO] --- spotless:2.27.1:check (spotless-check) @ flink-streaming-java ---
[INFO] 
[INFO] --- enforcer:3.1.0:enforce (enforce-maven-version) @ flink-streaming-java ---
[INFO] Skipping Rule Enforcement.
[INFO] 
[INFO] --- enforcer:3.1.0:enforce (enforce-maven) @ flink-streaming-java ---
[INFO] Skipping Rule Enforcement.
[INFO] 
[INFO] --- enforcer:3.1.0:enforce (ban-unsafe-snakeyaml) @ flink-streaming-java ---
[INFO] Skipping Rule Enforcement.
[INFO] 
[INFO] --- enforcer:3.1.0:enforce (ban-unsafe-jackson) @ flink-streaming-java ---
[INFO] Skipping Rule Enforcement.
[INFO] 
[INFO] --- enforcer:3.1.0:enforce (forbid-log4j-1) @ flink-streaming-java ---
[INFO] Skipping Rule Enforcement.
[INFO] 
[INFO] --- enforcer:3.1.0:enforce (forbid-direct-akka-rpc-dependencies) @ flink-streaming-java ---
[INFO] Skipping Rule Enforcement.
[INFO] 
[INFO] --- enforcer:3.1.0:enforce (forbid-direct-table-planner-dependencies) @ flink-streaming-java ---
[INFO] Skipping Rule Enforcement.
[INFO] 
[INFO] --- directory:0.1:directory-of (directories) @ flink-streaming-java ---
[INFO] Directory of org.apache.flink:flink-parent set to: /home/runner/work/sonar-analysis/sonar-analysis/project
[INFO] 
[INFO] --- remote-resources:1.5:process (process-resource-bundles) @ flink-streaming-java ---
[INFO] 
[INFO] --- resources:3.1.0:resources (default-resources) @ flink-streaming-java ---
[INFO] Using 'UTF-8' encoding to copy filtered resources.
[INFO] skip non existing resourceDirectory /home/runner/work/sonar-analysis/sonar-analysis/project/flink-streaming-java/src/main/resources
[INFO] Copying 3 resources
[INFO] 
[INFO] --- compiler:3.8.0:compile (default-compile) @ flink-streaming-java ---
[INFO] Compiling 566 source files to /home/runner/work/sonar-analysis/sonar-analysis/project/flink-streaming-java/target/classes
[INFO] /home/runner/work/sonar-analysis/sonar-analysis/project/flink-streaming-java/src/main/java/org/apache/flink/streaming/api/environment/StreamExecutionEnvironment.java: Some input files use or override a deprecated API.
[INFO] /home/runner/work/sonar-analysis/sonar-analysis/project/flink-streaming-java/src/main/java/org/apache/flink/streaming/api/environment/StreamExecutionEnvironment.java: Recompile with -Xlint:deprecation for details.
[INFO] /home/runner/work/sonar-analysis/sonar-analysis/project/flink-streaming-java/src/main/java/org/apache/flink/streaming/api/datastream/DataStream.java: Some input files use unchecked or unsafe operations.
[INFO] /home/runner/work/sonar-analysis/sonar-analysis/project/flink-streaming-java/src/main/java/org/apache/flink/streaming/api/datastream/DataStream.java: Recompile with -Xlint:unchecked for details.
[INFO] -------------------------------------------------------------
[ERROR] COMPILATION ERROR : 
[INFO] -------------------------------------------------------------
[ERROR] /home/runner/work/sonar-analysis/sonar-analysis/project/flink-streaming-java/src/main/java/org/apache/flink/streaming/api/transformations/SourceTransformationWrapper.java:[26,65] package org.apache.flink.shaded.guava31.com.google.common.collect does not exist
[ERROR] /home/runner/work/sonar-analysis/sonar-analysis/project/flink-streaming-java/src/main/java/org/apache/flink/streaming/api/transformations/SourceTransformationWrapper.java:[62,42] cannot find symbol
  symbol:   variable Lists
  location: class org.apache.flink.streaming.api.transformations.SourceTransformationWrapper<T>
[INFO] 2 errors 
[INFO] -------------------------------------------------------------
[INFO] ------------------------------------------------------------------------
[INFO] Reactor Summary for Flink : 1.19-SNAPSHOT:
[INFO] 
[INFO] Flink : ............................................ SUCCESS [ 25.063 s]
[INFO] Flink : Annotations ................................ SUCCESS [  4.204 s]
[INFO] Flink : Architecture Tests ......................... SUCCESS [  1.183 s]
[INFO] Flink : Architecture Tests : Base .................. SUCCESS [  2.605 s]
[INFO] Flink : Test utils : ............................... SUCCESS [  1.111 s]
[INFO] Flink : Test utils : Junit ......................... SUCCESS [  3.472 s]
[INFO] Flink : Metrics : .................................. SUCCESS [  0.945 s]
[INFO] Flink : Metrics : Core ............................. SUCCESS [  1.952 s]
[INFO] Flink : Architecture Tests : Test .................. SUCCESS [  2.451 s]
[INFO] Flink : Test utils : MigrationTestUtils ............ SUCCESS [  1.685 s]
[INFO] Flink : Core ....................................... SUCCESS [ 28.286 s]
[INFO] Flink : Table : .................................... SUCCESS [  1.055 s]
[INFO] Flink : Table : Common ............................. SUCCESS [  9.859 s]
[INFO] Flink : Table : API Java ........................... SUCCESS [  5.689 s]
[INFO] Flink : Java ....................................... SUCCESS [  7.056 s]
[INFO] Flink : Connectors : ............................... SUCCESS [  1.057 s]
[INFO] Flink : Connectors : File Sink Common .............. SUCCESS [  1.997 s]
[INFO] Flink : RPC : ...................................... SUCCESS [  1.043 s]
[INFO] Flink : RPC : Core ................................. SUCCESS [  2.095 s]
[INFO] Flink : RPC : Akka ................................. SUCCESS [ 10.981 s]
[INFO] Flink : RPC : Akka-Loader .......................... SUCCESS [  6.050 s]
[INFO] Flink : Queryable state : .......................... SUCCESS [  0.995 s]
[INFO] Flink : Queryable state : Client Java .............. SUCCESS [  2.289 s]
[INFO] Flink : FileSystems : .............................. SUCCESS [  0.987 s]
[INFO] Flink : FileSystems : Hadoop FS .................... SUCCESS [ 42.196 s]
[INFO] Flink : Runtime .................................... SUCCESS [01:04 min]
[INFO] Flink : Connectors : Datagen ....................... SUCCESS [  2.153 s]
[INFO] Flink : Streaming Java ............................. FAILURE [  5.527 s]
[INFO] Flink : Table : API bridge base .................... SKIPPED
[INFO] Flink : Table : API Java bridge .................... SKIPPED
[INFO] Flink : Table : Code Splitter ...................... SKIPPED
[INFO] Flink : Optimizer .................................. SKIPPED
[INFO] Flink : Clients : Test Utils ....................... SKIPPED
[INFO] Flink : Clients .................................... SKIPPED
[INFO] Flink : State backends : ........................... SKIPPED
[INFO] Flink : State backends : RocksDB ................... SKIPPED
[INFO] Flink : State backends : Common .................... SKIPPED
[INFO] Flink : DSTL ....................................... SKIPPED
[INFO] Flink : DSTL : DFS ................................. SKIPPED
[INFO] Flink : State backends : Changelog ................. SKIPPED
[INFO] Flink : Test utils : Utils ......................... SKIPPED
[INFO] Flink : Libraries : ................................ SKIPPED
[INFO] Flink : Libraries : CEP ............................ SKIPPED
[INFO] Flink : Table : Runtime ............................ SKIPPED
[INFO] Flink : Scala ...................................... SKIPPED
[INFO] Flink : Table : SQL Parser ......................... SKIPPED
[INFO] Flink : Table : Calcite Bridge ..................... SKIPPED
[INFO] Flink : Table : API Scala .......................... SKIPPED
[INFO] Flink : Streaming Scala ............................ SKIPPED
[INFO] Flink : Table : API Scala bridge ................... SKIPPED
[INFO] Flink : Test utils : Connectors .................... SKIPPED
[INFO] Flink : Connectors : Base .......................... SKIPPED
[INFO] Flink : Connectors : Files ......................... SKIPPED
[INFO] Flink : Table : Planner ............................ SKIPPED
[INFO] Flink : Formats : .................................. SKIPPED
[INFO] Flink : Format : Common ............................ SKIPPED
[INFO] Flink : Formats : Json ............................. SKIPPED
[INFO] Flink : Table : SQL Gateway : API .................. SKIPPED
[INFO] Flink : Formats : Csv .............................. SKIPPED
[INFO] Flink : Table : SQL Gateway ........................ SKIPPED
[INFO] Flink : Formats : Avro ............................. SKIPPED
[INFO] Flink : Formats : SQL Avro ......................... SKIPPED
[INFO] Flink : Formats : Parquet .......................... SKIPPED
[INFO] Flink : Formats : SQL Parquet ...................... SKIPPED
[INFO] Flink : Formats : Orc .............................. SKIPPED
[INFO] Flink : Formats : SQL Orc .......................... SKIPPED
[INFO] Flink : Python ..................................... SKIPPED
[INFO] Flink : Table : SQL Client ......................... SKIPPED
[INFO] Flink : Connectors : Hadoop compatibility .......... SKIPPED
[INFO] Flink : Formats : Hadoop bulk ...................... SKIPPED
[INFO] Flink : Formats : Orc nohive ....................... SKIPPED
[INFO] Flink : Connectors : Hive .......................... SKIPPED
[INFO] Flink : Architecture Tests : Production ............ SKIPPED
[INFO] Flink : FileSystems : Hadoop FS shaded ............. SKIPPED
[INFO] Flink : FileSystems : S3 FS Base ................... SKIPPED
[INFO] Flink : FileSystems : S3 FS Hadoop ................. SKIPPED
[INFO] Flink : FileSystems : S3 FS Presto ................. SKIPPED
[INFO] Flink : FileSystems : OSS FS ....................... SKIPPED
[INFO] Flink : FileSystems : Azure FS Hadoop .............. SKIPPED
[INFO] Flink : FileSystems : Google Storage FS Hadoop ..... SKIPPED
[INFO] Flink : Runtime web ................................ SKIPPED
[INFO] Flink : Connectors : Datagen Tests ................. SKIPPED
[INFO] Flink : Connectors : SQL : Hive 2.3.9 .............. SKIPPED
[INFO] Flink : Connectors : SQL : Hive 3.1.3 .............. SKIPPED
[INFO] Flink : Formats : Avro confluent registry .......... SKIPPED
[INFO] Flink : Formats : Sequence file .................... SKIPPED
[INFO] Flink : Formats : Compress ......................... SKIPPED
[INFO] Flink : Formats : Protobuf ......................... SKIPPED
[INFO] Flink : Formats : SQL Csv .......................... SKIPPED
[INFO] Flink : Formats : SQL Json ......................... SKIPPED
[INFO] Flink : Formats : SQL Avro Confluent Registry ...... SKIPPED
[INFO] Flink : Formats : SQL Protobuf ..................... SKIPPED
[INFO] Flink : Examples : ................................. SKIPPED
[INFO] Flink : Examples : Batch ........................... SKIPPED
[INFO] Flink : Examples : Streaming ....................... SKIPPED
[INFO] Flink : Examples : Table ........................... SKIPPED
[INFO] Flink : Examples : Build Helper : .................. SKIPPED
[INFO] Flink : Examples : Build Helper : Streaming State machine SKIPPED
[INFO] Flink : Container .................................. SKIPPED
[INFO] Flink : Queryable state : Runtime .................. SKIPPED
[INFO] Flink : Table : Planner Loader Bundle .............. SKIPPED
[INFO] Flink : Table : Planner Loader ..................... SKIPPED
[INFO] Flink : Table : Test Utils ......................... SKIPPED
[INFO] Flink : Tests ...................................... SKIPPED
[INFO] Flink : Dist-Scala ................................. SKIPPED
[INFO] Flink : Kubernetes ................................. SKIPPED
[INFO] Flink : Yarn ....................................... SKIPPED
[INFO] Flink : Table : API Java Uber ...................... SKIPPED
[INFO] Flink : External resources : ....................... SKIPPED
[INFO] Flink : External resources : GPU ................... SKIPPED
[INFO] Flink : Metrics : Dropwizard ....................... SKIPPED
[INFO] Flink : Metrics : Graphite ......................... SKIPPED
[INFO] Flink : Metrics : InfluxDB ......................... SKIPPED
[INFO] Flink : Metrics : Prometheus ....................... SKIPPED
[INFO] Flink : Metrics : JMX .............................. SKIPPED
[INFO] Flink : Metrics : StatsD ........................... SKIPPED
[INFO] Flink : Metrics : Datadog .......................... SKIPPED
[INFO] Flink : Metrics : Slf4j ............................ SKIPPED
[INFO] Flink : Libraries : CEP Scala ...................... SKIPPED
[INFO] Flink : Libraries : State processor API ............ SKIPPED
[INFO] Flink : Dist ....................................... SKIPPED
[INFO] Flink : Yarn Tests ................................. SKIPPED
[INFO] Flink : E2E Tests : ................................ SKIPPED
[INFO] Flink : E2E Tests : CLI ............................ SKIPPED
[INFO] Flink : E2E Tests : Parent Child classloading program SKIPPED
[INFO] Flink : E2E Tests : Parent Child classloading lib-package SKIPPED
[INFO] Flink : E2E Tests : Dataset allround ............... SKIPPED
[INFO] Flink : E2E Tests : Dataset Fine-grained recovery .. SKIPPED
[INFO] Flink : E2E Tests : Datastream allround ............ SKIPPED
[INFO] Flink : E2E Tests : Batch SQL ...................... SKIPPED
[INFO] Flink : E2E Tests : Stream SQL ..................... SKIPPED
[INFO] Flink : E2E Tests : Distributed cache via blob ..... SKIPPED
[INFO] Flink : E2E Tests : High parallelism iterations .... SKIPPED
[INFO] Flink : E2E Tests : Stream stateful job upgrade .... SKIPPED
[INFO] Flink : E2E Tests : Queryable state ................ SKIPPED
[INFO] Flink : E2E Tests : Local recovery and allocation .. SKIPPED
[INFO] Flink : Quickstart : ............................... SKIPPED
[INFO] Flink : Quickstart : Java .......................... SKIPPED
[INFO] Flink : E2E Tests : Quickstart : Dummy-Dependency .. SKIPPED
[INFO] Flink : E2E Tests : Quickstart ..................... SKIPPED
[INFO] Flink : E2E Tests : Confluent schema registry ...... SKIPPED
[INFO] Flink : E2E Tests : Stream state TTL ............... SKIPPED
[INFO] Flink : E2E Tests : Common ......................... SKIPPED
[INFO] Flink : E2E Tests : SQL client ..................... SKIPPED
[INFO] Flink : E2E Tests : SQL Gateway .................... SKIPPED
[INFO] Flink : E2E Tests : File sink ...................... SKIPPED
[INFO] Flink : E2E Tests : State evolution ................ SKIPPED
[INFO] Flink : E2E Tests : RocksDB state memory control ... SKIPPED
[INFO] Flink : E2E Tests : Metrics availability ........... SKIPPED
[INFO] Flink : E2E Tests : Metrics reporter prometheus .... SKIPPED
[INFO] Flink : E2E Tests : Heavy deployment ............... SKIPPED
[INFO] Flink : E2E Tests : Plugins : ...................... SKIPPED
[INFO] Flink : E2E Tests : Plugins : Dummy fs ............. SKIPPED
[INFO] Flink : E2E Tests : Plugins : Another dummy fs ..... SKIPPED
[INFO] Flink : E2E Tests : TPCH ........................... SKIPPED
[INFO] Flink : E2E Tests : TPCDS .......................... SKIPPED
[INFO] Flink : E2E Tests : Netty shuffle memory control ... SKIPPED
[INFO] Flink : E2E Tests : Python ......................... SKIPPED
[INFO] Flink : E2E Tests : Scala .......................... SKIPPED
[INFO] Flink : E2E Tests : SQL ............................ SKIPPED
[INFO] Flink : Table : SQL Jdbc Driver .................... SKIPPED
[INFO] Flink : Table : SQL Jdbc Driver Bundle ............. SKIPPED
[INFO] Flink : E2E Tests : JDBC Driver .................... SKIPPED
[INFO] Flink : E2E Tests : Hive ........................... SKIPPED
[INFO] Flink : E2E Tests : Rest Client .................... SKIPPED
[INFO] Flink : E2E Tests : Failure Enricher Test .......... SKIPPED
[INFO] Flink : State backends : Heap spillable ............ SKIPPED
[INFO] Flink : Contrib : .................................. SKIPPED
[INFO] Flink : Contrib : Connectors : Wikiedits ........... SKIPPED
[INFO] Flink : FileSystems : Tests ........................ SKIPPED
[INFO] Flink : Docs ....................................... SKIPPED
[INFO] Flink : Walkthrough : .............................. SKIPPED
[INFO] Flink : Walkthrough : Common ....................... SKIPPED
[INFO] Flink : Walkthrough : Datastream Java .............. SKIPPED
[INFO] Flink : Tools : CI : Java .......................... SKIPPED
[INFO] ------------------------------------------------------------------------
[INFO] BUILD FAILURE
[INFO] ------------------------------------------------------------------------
[INFO] Total time:  04:08 min
[INFO] Finished at: 2026-07-07T09:45:05Z
[INFO] ------------------------------------------------------------------------
[ERROR] Failed to execute goal org.apache.maven.plugins:maven-compiler-plugin:3.8.0:compile (default-compile) on project flink-streaming-java: Compilation failure: Compilation failure: 
[ERROR] /home/runner/work/sonar-analysis/sonar-analysis/project/flink-streaming-java/src/main/java/org/apache/flink/streaming/api/transformations/SourceTransformationWrapper.java:[26,65] package org.apache.flink.shaded.guava31.com.google.common.collect does not exist
[ERROR] /home/runner/work/sonar-analysis/sonar-analysis/project/flink-streaming-java/src/main/java/org/apache/flink/streaming/api/transformations/SourceTransformationWrapper.java:[62,42] cannot find symbol
[ERROR]   symbol:   variable Lists
[ERROR]   location: class org.apache.flink.streaming.api.transformations.SourceTransformationWrapper<T>
[ERROR] -> [Help 1]
[ERROR] 
[ERROR] To see the full stack trace of the errors, re-run Maven with the -e switch.
[ERROR] Re-run Maven using the -X switch to enable full debug logging.
[ERROR] 
[ERROR] For more information about the errors and possible solutions, please read the following articles:
[ERROR] [Help 1] http://cwiki.apache.org/confluence/display/MAVEN/MojoFailureException
[ERROR] 
[ERROR] After correcting the problems, you can resume the build with the command
[ERROR]   mvn <args> -rf :flink-streaming-java
