[WARNING] 
[WARNING] Some problems were encountered while building the effective settings
[WARNING] 'profiles.profile[repos].repositories.repository.id' must be unique but found duplicate repository with id mapr-public @ /home/runner/.m2/settings.xml
[WARNING] 
[INFO] Scanning for projects...
[WARNING] 
[WARNING] Some problems were encountered while building the effective model for org.apache.flink:flink-scala_2.11:jar:1.14-SNAPSHOT
[WARNING] 'artifactId' contains an expression but should be a constant. @ org.apache.flink:flink-scala_${scala.binary.version}:1.14-SNAPSHOT, /home/runner/work/sonar-analysis/sonar-analysis/project/flink-scala/pom.xml, line 31, column 14
[WARNING] 
[WARNING] Some problems were encountered while building the effective model for org.apache.flink:flink-rpc-akka_2.11:jar:1.14-SNAPSHOT
[WARNING] 'artifactId' contains an expression but should be a constant. @ org.apache.flink:flink-rpc-akka_${scala.binary.version}:1.14-SNAPSHOT, /home/runner/work/sonar-analysis/sonar-analysis/project/flink-rpc/flink-rpc-akka/pom.xml, line 32, column 14
[WARNING] 
[WARNING] Some problems were encountered while building the effective model for org.apache.flink:flink-runtime_2.11:jar:1.14-SNAPSHOT
[WARNING] 'artifactId' contains an expression but should be a constant. @ org.apache.flink:flink-runtime_${scala.binary.version}:1.14-SNAPSHOT, /home/runner/work/sonar-analysis/sonar-analysis/project/flink-runtime/pom.xml, line 32, column 14
[WARNING] 
[WARNING] Some problems were encountered while building the effective model for org.apache.flink:flink-runtime-web_2.11:jar:1.14-SNAPSHOT
[WARNING] 'artifactId' contains an expression but should be a constant. @ org.apache.flink:flink-runtime-web_${scala.binary.version}:1.14-SNAPSHOT, /home/runner/work/sonar-analysis/sonar-analysis/project/flink-runtime-web/pom.xml, line 32, column 14
[WARNING] 
[WARNING] Some problems were encountered while building the effective model for org.apache.flink:flink-optimizer_2.11:jar:1.14-SNAPSHOT
[WARNING] 'artifactId' contains an expression but should be a constant. @ org.apache.flink:flink-optimizer_${scala.binary.version}:1.14-SNAPSHOT, /home/runner/work/sonar-analysis/sonar-analysis/project/flink-optimizer/pom.xml, line 32, column 14
[WARNING] 
[WARNING] Some problems were encountered while building the effective model for org.apache.flink:flink-streaming-java_2.11:jar:1.14-SNAPSHOT
[WARNING] 'artifactId' contains an expression but should be a constant. @ org.apache.flink:flink-streaming-java_${scala.binary.version}:1.14-SNAPSHOT, /home/runner/work/sonar-analysis/sonar-analysis/project/flink-streaming-java/pom.xml, line 32, column 14
[WARNING] 
[WARNING] Some problems were encountered while building the effective model for org.apache.flink:flink-streaming-scala_2.11:jar:1.14-SNAPSHOT
[WARNING] 'artifactId' contains an expression but should be a constant. @ org.apache.flink:flink-streaming-scala_${scala.binary.version}:1.14-SNAPSHOT, /home/runner/work/sonar-analysis/sonar-analysis/project/flink-streaming-scala/pom.xml, line 31, column 14
[WARNING] 
[WARNING] Some problems were encountered while building the effective model for org.apache.flink:flink-hadoop-compatibility_2.11:jar:1.14-SNAPSHOT
[WARNING] 'artifactId' contains an expression but should be a constant. @ org.apache.flink:flink-hadoop-compatibility_${scala.binary.version}:1.14-SNAPSHOT, /home/runner/work/sonar-analysis/sonar-analysis/project/flink-connectors/flink-hadoop-compatibility/pom.xml, line 32, column 14
[WARNING] 
[WARNING] Some problems were encountered while building the effective model for org.apache.flink:flink-hcatalog_2.11:jar:1.14-SNAPSHOT
[WARNING] 'artifactId' contains an expression but should be a constant. @ org.apache.flink:flink-hcatalog_${scala.binary.version}:1.14-SNAPSHOT, /home/runner/work/sonar-analysis/sonar-analysis/project/flink-connectors/flink-hcatalog/pom.xml, line 32, column 14
[WARNING] 
[WARNING] Some problems were encountered while building the effective model for org.apache.flink:flink-connector-elasticsearch-base_2.11:jar:1.14-SNAPSHOT
[WARNING] 'artifactId' contains an expression but should be a constant. @ org.apache.flink:flink-connector-elasticsearch-base_${scala.binary.version}:1.14-SNAPSHOT, /home/runner/work/sonar-analysis/sonar-analysis/project/flink-connectors/flink-connector-elasticsearch-base/pom.xml, line 33, column 14
[WARNING] 
[WARNING] Some problems were encountered while building the effective model for org.apache.flink:flink-connector-elasticsearch5_2.11:jar:1.14-SNAPSHOT
[WARNING] 'artifactId' contains an expression but should be a constant. @ org.apache.flink:flink-connector-elasticsearch5_${scala.binary.version}:1.14-SNAPSHOT, /home/runner/work/sonar-analysis/sonar-analysis/project/flink-connectors/flink-connector-elasticsearch5/pom.xml, line 33, column 14
[WARNING] 
[WARNING] Some problems were encountered while building the effective model for org.apache.flink:flink-connector-elasticsearch6_2.11:jar:1.14-SNAPSHOT
[WARNING] 'artifactId' contains an expression but should be a constant. @ org.apache.flink:flink-connector-elasticsearch6_${scala.binary.version}:1.14-SNAPSHOT, /home/runner/work/sonar-analysis/sonar-analysis/project/flink-connectors/flink-connector-elasticsearch6/pom.xml, line 33, column 14
[WARNING] 
[WARNING] Some problems were encountered while building the effective model for org.apache.flink:flink-connector-elasticsearch7_2.11:jar:1.14-SNAPSHOT
[WARNING] 'artifactId' contains an expression but should be a constant. @ org.apache.flink:flink-connector-elasticsearch7_${scala.binary.version}:1.14-SNAPSHOT, /home/runner/work/sonar-analysis/sonar-analysis/project/flink-connectors/flink-connector-elasticsearch7/pom.xml, line 33, column 14
[WARNING] 
[WARNING] Some problems were encountered while building the effective model for org.apache.flink:flink-connector-hbase-base_2.11:jar:1.14-SNAPSHOT
[WARNING] 'artifactId' contains an expression but should be a constant. @ org.apache.flink:flink-connector-hbase-base_${scala.binary.version}:1.14-SNAPSHOT, /home/runner/work/sonar-analysis/sonar-analysis/project/flink-connectors/flink-connector-hbase-base/pom.xml, line 32, column 14
[WARNING] 
[WARNING] Some problems were encountered while building the effective model for org.apache.flink:flink-connector-hbase-1.4_2.11:jar:1.14-SNAPSHOT
[WARNING] 'artifactId' contains an expression but should be a constant. @ org.apache.flink:flink-connector-hbase-1.4_${scala.binary.version}:1.14-SNAPSHOT, /home/runner/work/sonar-analysis/sonar-analysis/project/flink-connectors/flink-connector-hbase-1.4/pom.xml, line 32, column 14
[WARNING] 
[WARNING] Some problems were encountered while building the effective model for org.apache.flink:flink-connector-hbase-2.2_2.11:jar:1.14-SNAPSHOT
[WARNING] 'artifactId' contains an expression but should be a constant. @ org.apache.flink:flink-connector-hbase-2.2_${scala.binary.version}:1.14-SNAPSHOT, /home/runner/work/sonar-analysis/sonar-analysis/project/flink-connectors/flink-connector-hbase-2.2/pom.xml, line 32, column 14
[WARNING] 
[WARNING] Some problems were encountered while building the effective model for org.apache.flink:flink-connector-hive_2.11:jar:1.14-SNAPSHOT
[WARNING] 'artifactId' contains an expression but should be a constant. @ org.apache.flink:flink-connector-hive_${scala.binary.version}:1.14-SNAPSHOT, /home/runner/work/sonar-analysis/sonar-analysis/project/flink-connectors/flink-connector-hive/pom.xml, line 33, column 14
[WARNING] 
[WARNING] Some problems were encountered while building the effective model for org.apache.flink:flink-connector-jdbc_2.11:jar:1.14-SNAPSHOT
[WARNING] 'artifactId' contains an expression but should be a constant. @ org.apache.flink:flink-connector-jdbc_${scala.binary.version}:1.14-SNAPSHOT, /home/runner/work/sonar-analysis/sonar-analysis/project/flink-connectors/flink-connector-jdbc/pom.xml, line 33, column 14
[WARNING] 'dependencies.dependency.(groupId:artifactId:type:classifier)' must be unique: org.testcontainers:postgresql:jar -> version 1.15.1 vs 1.15.3 @ org.apache.flink:flink-connector-jdbc_${scala.binary.version}:1.14-SNAPSHOT, /home/runner/work/sonar-analysis/sonar-analysis/project/flink-connectors/flink-connector-jdbc/pom.xml, line 172, column 21
[WARNING] 
[WARNING] Some problems were encountered while building the effective model for org.apache.flink:flink-connector-rabbitmq_2.11:jar:1.14-SNAPSHOT
[WARNING] 'artifactId' contains an expression but should be a constant. @ org.apache.flink:flink-connector-rabbitmq_${scala.binary.version}:1.14-SNAPSHOT, /home/runner/work/sonar-analysis/sonar-analysis/project/flink-connectors/flink-connector-rabbitmq/pom.xml, line 33, column 14
[WARNING] 
[WARNING] Some problems were encountered while building the effective model for org.apache.flink:flink-connector-twitter_2.11:jar:1.14-SNAPSHOT
[WARNING] 'artifactId' contains an expression but should be a constant. @ org.apache.flink:flink-connector-twitter_${scala.binary.version}:1.14-SNAPSHOT, /home/runner/work/sonar-analysis/sonar-analysis/project/flink-connectors/flink-connector-twitter/pom.xml, line 33, column 14
[WARNING] 
[WARNING] Some problems were encountered while building the effective model for org.apache.flink:flink-connector-nifi_2.11:jar:1.14-SNAPSHOT
[WARNING] 'artifactId' contains an expression but should be a constant. @ org.apache.flink:flink-connector-nifi_${scala.binary.version}:1.14-SNAPSHOT, /home/runner/work/sonar-analysis/sonar-analysis/project/flink-connectors/flink-connector-nifi/pom.xml, line 33, column 14
[WARNING] 
[WARNING] Some problems were encountered while building the effective model for org.apache.flink:flink-connector-cassandra_2.11:jar:1.14-SNAPSHOT
[WARNING] 'artifactId' contains an expression but should be a constant. @ org.apache.flink:flink-connector-cassandra_${scala.binary.version}:1.14-SNAPSHOT, /home/runner/work/sonar-analysis/sonar-analysis/project/flink-connectors/flink-connector-cassandra/pom.xml, line 33, column 14
[WARNING] 
[WARNING] Some problems were encountered while building the effective model for org.apache.flink:flink-connector-kafka_2.11:jar:1.14-SNAPSHOT
[WARNING] 'artifactId' contains an expression but should be a constant. @ org.apache.flink:flink-connector-kafka_${scala.binary.version}:1.14-SNAPSHOT, /home/runner/work/sonar-analysis/sonar-analysis/project/flink-connectors/flink-connector-kafka/pom.xml, line 33, column 14
[WARNING] 
[WARNING] Some problems were encountered while building the effective model for org.apache.flink:flink-connector-gcp-pubsub_2.11:jar:1.14-SNAPSHOT
[WARNING] 'artifactId' contains an expression but should be a constant. @ org.apache.flink:flink-connector-gcp-pubsub_${scala.binary.version}:1.14-SNAPSHOT, /home/runner/work/sonar-analysis/sonar-analysis/project/flink-connectors/flink-connector-gcp-pubsub/pom.xml, line 33, column 14
[WARNING] 
[WARNING] Some problems were encountered while building the effective model for org.apache.flink:flink-connector-kinesis_2.11:jar:1.14-SNAPSHOT
[WARNING] 'artifactId' contains an expression but should be a constant. @ org.apache.flink:flink-connector-kinesis_${scala.binary.version}:1.14-SNAPSHOT, /home/runner/work/sonar-analysis/sonar-analysis/project/flink-connectors/flink-connector-kinesis/pom.xml, line 33, column 14
[WARNING] 
[WARNING] Some problems were encountered while building the effective model for org.apache.flink:flink-sql-connector-elasticsearch6_2.11:jar:1.14-SNAPSHOT
[WARNING] 'artifactId' contains an expression but should be a constant. @ org.apache.flink:flink-sql-connector-elasticsearch6_${scala.binary.version}:1.14-SNAPSHOT, /home/runner/work/sonar-analysis/sonar-analysis/project/flink-connectors/flink-sql-connector-elasticsearch6/pom.xml, line 33, column 14
[WARNING] 
[WARNING] Some problems were encountered while building the effective model for org.apache.flink:flink-sql-connector-elasticsearch7_2.11:jar:1.14-SNAPSHOT
[WARNING] 'artifactId' contains an expression but should be a constant. @ org.apache.flink:flink-sql-connector-elasticsearch7_${scala.binary.version}:1.14-SNAPSHOT, /home/runner/work/sonar-analysis/sonar-analysis/project/flink-connectors/flink-sql-connector-elasticsearch7/pom.xml, line 33, column 14
[WARNING] 
[WARNING] Some problems were encountered while building the effective model for org.apache.flink:flink-sql-connector-hbase-1.4_2.11:jar:1.14-SNAPSHOT
[WARNING] 'artifactId' contains an expression but should be a constant. @ org.apache.flink:flink-sql-connector-hbase-1.4_${scala.binary.version}:1.14-SNAPSHOT, /home/runner/work/sonar-analysis/sonar-analysis/project/flink-connectors/flink-sql-connector-hbase-1.4/pom.xml, line 31, column 14
[WARNING] 
[WARNING] Some problems were encountered while building the effective model for org.apache.flink:flink-sql-connector-hbase-2.2_2.11:jar:1.14-SNAPSHOT
[WARNING] 'artifactId' contains an expression but should be a constant. @ org.apache.flink:flink-sql-connector-hbase-2.2_${scala.binary.version}:1.14-SNAPSHOT, /home/runner/work/sonar-analysis/sonar-analysis/project/flink-connectors/flink-sql-connector-hbase-2.2/pom.xml, line 31, column 14
[WARNING] 
[WARNING] Some problems were encountered while building the effective model for org.apache.flink:flink-sql-connector-hive-1.2.2_2.11:jar:1.14-SNAPSHOT
[WARNING] 'artifactId' contains an expression but should be a constant. @ org.apache.flink:flink-sql-connector-hive-1.2.2_${scala.binary.version}:1.14-SNAPSHOT, /home/runner/work/sonar-analysis/sonar-analysis/project/flink-connectors/flink-sql-connector-hive-1.2.2/pom.xml, line 33, column 14
[WARNING] 
[WARNING] Some problems were encountered while building the effective model for org.apache.flink:flink-sql-connector-hive-2.2.0_2.11:jar:1.14-SNAPSHOT
[WARNING] 'artifactId' contains an expression but should be a constant. @ org.apache.flink:flink-sql-connector-hive-2.2.0_${scala.binary.version}:1.14-SNAPSHOT, /home/runner/work/sonar-analysis/sonar-analysis/project/flink-connectors/flink-sql-connector-hive-2.2.0/pom.xml, line 33, column 14
[WARNING] 
[WARNING] Some problems were encountered while building the effective model for org.apache.flink:flink-sql-connector-hive-2.3.6_2.11:jar:1.14-SNAPSHOT
[WARNING] 'artifactId' contains an expression but should be a constant. @ org.apache.flink:flink-sql-connector-hive-2.3.6_${scala.binary.version}:1.14-SNAPSHOT, /home/runner/work/sonar-analysis/sonar-analysis/project/flink-connectors/flink-sql-connector-hive-2.3.6/pom.xml, line 33, column 14
[WARNING] 
[WARNING] Some problems were encountered while building the effective model for org.apache.flink:flink-sql-connector-hive-3.1.2_2.11:jar:1.14-SNAPSHOT
[WARNING] 'artifactId' contains an expression but should be a constant. @ org.apache.flink:flink-sql-connector-hive-3.1.2_${scala.binary.version}:1.14-SNAPSHOT, /home/runner/work/sonar-analysis/sonar-analysis/project/flink-connectors/flink-sql-connector-hive-3.1.2/pom.xml, line 33, column 14
[WARNING] 
[WARNING] Some problems were encountered while building the effective model for org.apache.flink:flink-sql-connector-kafka_2.11:jar:1.14-SNAPSHOT
[WARNING] 'artifactId' contains an expression but should be a constant. @ org.apache.flink:flink-sql-connector-kafka_${scala.binary.version}:1.14-SNAPSHOT, /home/runner/work/sonar-analysis/sonar-analysis/project/flink-connectors/flink-sql-connector-kafka/pom.xml, line 33, column 14
[WARNING] 
[WARNING] Some problems were encountered while building the effective model for org.apache.flink:flink-sql-connector-kinesis_2.11:jar:1.14-SNAPSHOT
[WARNING] 'artifactId' contains an expression but should be a constant. @ org.apache.flink:flink-sql-connector-kinesis_${scala.binary.version}:1.14-SNAPSHOT, /home/runner/work/sonar-analysis/sonar-analysis/project/flink-connectors/flink-sql-connector-kinesis/pom.xml, line 33, column 14
[WARNING] 
[WARNING] Some problems were encountered while building the effective model for org.apache.flink:flink-parquet_2.11:jar:1.14-SNAPSHOT
[WARNING] 'artifactId' contains an expression but should be a constant. @ org.apache.flink:flink-parquet_${scala.binary.version}:1.14-SNAPSHOT, /home/runner/work/sonar-analysis/sonar-analysis/project/flink-formats/flink-parquet/pom.xml, line 32, column 14
[WARNING] 
[WARNING] Some problems were encountered while building the effective model for org.apache.flink:flink-orc_2.11:jar:1.14-SNAPSHOT
[WARNING] 'artifactId' contains an expression but should be a constant. @ org.apache.flink:flink-orc_${scala.binary.version}:1.14-SNAPSHOT, /home/runner/work/sonar-analysis/sonar-analysis/project/flink-formats/flink-orc/pom.xml, line 32, column 14
[WARNING] 
[WARNING] Some problems were encountered while building the effective model for org.apache.flink:flink-orc-nohive_2.11:jar:1.14-SNAPSHOT
[WARNING] 'artifactId' contains an expression but should be a constant. @ org.apache.flink:flink-orc-nohive_${scala.binary.version}:1.14-SNAPSHOT, /home/runner/work/sonar-analysis/sonar-analysis/project/flink-formats/flink-orc-nohive/pom.xml, line 32, column 14
[WARNING] 
[WARNING] Some problems were encountered while building the effective model for org.apache.flink:flink-hadoop-bulk_2.11:jar:1.14-SNAPSHOT
[WARNING] 'artifactId' contains an expression but should be a constant. @ org.apache.flink:flink-hadoop-bulk_${scala.binary.version}:1.14-SNAPSHOT, /home/runner/work/sonar-analysis/sonar-analysis/project/flink-formats/flink-hadoop-bulk/pom.xml, line 32, column 14
[WARNING] 
[WARNING] Some problems were encountered while building the effective model for org.apache.flink:flink-sql-orc_2.11:jar:1.14-SNAPSHOT
[WARNING] 'artifactId' contains an expression but should be a constant. @ org.apache.flink:flink-sql-orc_${scala.binary.version}:1.14-SNAPSHOT, /home/runner/work/sonar-analysis/sonar-analysis/project/flink-formats/flink-sql-orc/pom.xml, line 32, column 14
[WARNING] 
[WARNING] Some problems were encountered while building the effective model for org.apache.flink:flink-sql-parquet_2.11:jar:1.14-SNAPSHOT
[WARNING] 'artifactId' contains an expression but should be a constant. @ org.apache.flink:flink-sql-parquet_${scala.binary.version}:1.14-SNAPSHOT, /home/runner/work/sonar-analysis/sonar-analysis/project/flink-formats/flink-sql-parquet/pom.xml, line 32, column 14
[WARNING] 
[WARNING] Some problems were encountered while building the effective model for org.apache.flink:flink-examples-batch_2.11:jar:1.14-SNAPSHOT
[WARNING] 'artifactId' contains an expression but should be a constant. @ org.apache.flink:flink-examples-batch_${scala.binary.version}:1.14-SNAPSHOT, /home/runner/work/sonar-analysis/sonar-analysis/project/flink-examples/flink-examples-batch/pom.xml, line 31, column 14
[WARNING] 
[WARNING] Some problems were encountered while building the effective model for org.apache.flink:flink-examples-streaming_2.11:jar:1.14-SNAPSHOT
[WARNING] 'artifactId' contains an expression but should be a constant. @ org.apache.flink:flink-examples-streaming_${scala.binary.version}:1.14-SNAPSHOT, /home/runner/work/sonar-analysis/sonar-analysis/project/flink-examples/flink-examples-streaming/pom.xml, line 32, column 14
[WARNING] 
[WARNING] Some problems were encountered while building the effective model for org.apache.flink:flink-examples-table_2.11:jar:1.14-SNAPSHOT
[WARNING] 'artifactId' contains an expression but should be a constant. @ org.apache.flink:flink-examples-table_${scala.binary.version}:1.14-SNAPSHOT, /home/runner/work/sonar-analysis/sonar-analysis/project/flink-examples/flink-examples-table/pom.xml, line 33, column 14
[WARNING] 
[WARNING] Some problems were encountered while building the effective model for org.apache.flink:flink-examples-streaming-twitter_2.11:jar:1.14-SNAPSHOT
[WARNING] 'artifactId' contains an expression but should be a constant. @ org.apache.flink:flink-examples-streaming-twitter_${scala.binary.version}:1.14-SNAPSHOT, /home/runner/work/sonar-analysis/sonar-analysis/project/flink-examples/flink-examples-build-helper/flink-examples-streaming-twitter/pom.xml, line 31, column 14
[WARNING] 
[WARNING] Some problems were encountered while building the effective model for org.apache.flink:flink-examples-streaming-state-machine_2.11:jar:1.14-SNAPSHOT
[WARNING] 'artifactId' contains an expression but should be a constant. @ org.apache.flink:flink-examples-streaming-state-machine_${scala.binary.version}:1.14-SNAPSHOT, /home/runner/work/sonar-analysis/sonar-analysis/project/flink-examples/flink-examples-build-helper/flink-examples-streaming-state-machine/pom.xml, line 31, column 14
[WARNING] 
[WARNING] Some problems were encountered while building the effective model for org.apache.flink:flink-examples-streaming-gcp-pubsub_2.11:jar:1.14-SNAPSHOT
[WARNING] 'artifactId' contains an expression but should be a constant. @ org.apache.flink:flink-examples-streaming-gcp-pubsub_${scala.binary.version}:1.14-SNAPSHOT, /home/runner/work/sonar-analysis/sonar-analysis/project/flink-examples/flink-examples-build-helper/flink-examples-streaming-gcp-pubsub/pom.xml, line 31, column 14
[WARNING] 
[WARNING] Some problems were encountered while building the effective model for org.apache.flink:flink-clients_2.11:jar:1.14-SNAPSHOT
[WARNING] 'artifactId' contains an expression but should be a constant. @ org.apache.flink:flink-clients_${scala.binary.version}:1.14-SNAPSHOT, /home/runner/work/sonar-analysis/sonar-analysis/project/flink-clients/pom.xml, line 33, column 14
[WARNING] 
[WARNING] Some problems were encountered while building the effective model for org.apache.flink:flink-container_2.11:jar:1.14-SNAPSHOT
[WARNING] 'artifactId' contains an expression but should be a constant. @ org.apache.flink:flink-container_${scala.binary.version}:1.14-SNAPSHOT, /home/runner/work/sonar-analysis/sonar-analysis/project/flink-container/pom.xml, line 31, column 14
[WARNING] 
[WARNING] Some problems were encountered while building the effective model for org.apache.flink:flink-queryable-state-runtime_2.11:jar:1.14-SNAPSHOT
[WARNING] 'artifactId' contains an expression but should be a constant. @ org.apache.flink:flink-queryable-state-runtime_${scala.binary.version}:1.14-SNAPSHOT, /home/runner/work/sonar-analysis/sonar-analysis/project/flink-queryable-state/flink-queryable-state-runtime/pom.xml, line 33, column 14
[WARNING] 
[WARNING] Some problems were encountered while building the effective model for org.apache.flink:flink-tests:jar:1.14-SNAPSHOT
[WARNING] 'dependencies.dependency.(groupId:artifactId:type:classifier)' must be unique: org.apache.flink:flink-shaded-guava:jar -> duplicate declaration of version (?) @ line 211, column 15
[WARNING] 
[WARNING] Some problems were encountered while building the effective model for org.apache.flink:flink-cli-test_2.11:jar:1.14-SNAPSHOT
[WARNING] 'artifactId' contains an expression but should be a constant. @ org.apache.flink:flink-cli-test_${scala.binary.version}:1.14-SNAPSHOT, /home/runner/work/sonar-analysis/sonar-analysis/project/flink-end-to-end-tests/flink-cli-test/pom.xml, line 33, column 14
[WARNING] 
[WARNING] Some problems were encountered while building the effective model for org.apache.flink:flink-parent-child-classloading-test-program_2.11:jar:1.14-SNAPSHOT
[WARNING] 'artifactId' contains an expression but should be a constant. @ org.apache.flink:flink-parent-child-classloading-test-program_${scala.binary.version}:1.14-SNAPSHOT, /home/runner/work/sonar-analysis/sonar-analysis/project/flink-end-to-end-tests/flink-parent-child-classloading-test-program/pom.xml, line 38, column 14
[WARNING] 
[WARNING] Some problems were encountered while building the effective model for org.apache.flink:flink-parent-child-classloading-test-lib-package_2.11:jar:1.14-SNAPSHOT
[WARNING] 'artifactId' contains an expression but should be a constant. @ org.apache.flink:flink-parent-child-classloading-test-lib-package_${scala.binary.version}:1.14-SNAPSHOT, /home/runner/work/sonar-analysis/sonar-analysis/project/flink-end-to-end-tests/flink-parent-child-classloading-test-lib-package/pom.xml, line 38, column 14
[WARNING] 
[WARNING] Some problems were encountered while building the effective model for org.apache.flink:flink-batch-sql-test_2.11:jar:1.14-SNAPSHOT
[WARNING] 'artifactId' contains an expression but should be a constant. @ org.apache.flink:flink-batch-sql-test_${scala.binary.version}:1.14-SNAPSHOT, /home/runner/work/sonar-analysis/sonar-analysis/project/flink-end-to-end-tests/flink-batch-sql-test/pom.xml, line 33, column 14
[WARNING] 
[WARNING] Some problems were encountered while building the effective model for org.apache.flink:flink-stream-sql-test_2.11:jar:1.14-SNAPSHOT
[WARNING] 'artifactId' contains an expression but should be a constant. @ org.apache.flink:flink-stream-sql-test_${scala.binary.version}:1.14-SNAPSHOT, /home/runner/work/sonar-analysis/sonar-analysis/project/flink-end-to-end-tests/flink-stream-sql-test/pom.xml, line 33, column 14
[WARNING] 
[WARNING] Some problems were encountered while building the effective model for org.apache.flink:flink-distributed-cache-via-blob-test_2.11:jar:1.14-SNAPSHOT
[WARNING] 'artifactId' contains an expression but should be a constant. @ org.apache.flink:flink-distributed-cache-via-blob-test_${scala.binary.version}:1.14-SNAPSHOT, /home/runner/work/sonar-analysis/sonar-analysis/project/flink-end-to-end-tests/flink-distributed-cache-via-blob-test/pom.xml, line 33, column 14
[WARNING] 
[WARNING] Some problems were encountered while building the effective model for org.apache.flink:flink-queryable-state-test_2.11:jar:1.14-SNAPSHOT
[WARNING] 'artifactId' contains an expression but should be a constant. @ org.apache.flink:flink-queryable-state-test_${scala.binary.version}:1.14-SNAPSHOT, /home/runner/work/sonar-analysis/sonar-analysis/project/flink-end-to-end-tests/flink-queryable-state-test/pom.xml, line 30, column 14
[WARNING] 
[WARNING] Some problems were encountered while building the effective model for org.apache.flink:flink-streaming-kafka-test-base_2.11:jar:1.14-SNAPSHOT
[WARNING] 'artifactId' contains an expression but should be a constant. @ org.apache.flink:flink-streaming-kafka-test-base_${scala.binary.version}:1.14-SNAPSHOT, /home/runner/work/sonar-analysis/sonar-analysis/project/flink-end-to-end-tests/flink-streaming-kafka-test-base/pom.xml, line 31, column 14
[WARNING] 
[WARNING] Some problems were encountered while building the effective model for org.apache.flink:flink-streaming-kafka-test_2.11:jar:1.14-SNAPSHOT
[WARNING] 'artifactId' contains an expression but should be a constant. @ org.apache.flink:flink-streaming-kafka-test_${scala.binary.version}:1.14-SNAPSHOT, /home/runner/work/sonar-analysis/sonar-analysis/project/flink-end-to-end-tests/flink-streaming-kafka-test/pom.xml, line 31, column 14
[WARNING] 
[WARNING] Some problems were encountered while building the effective model for org.apache.flink:flink-streaming-kinesis-test_2.11:jar:1.14-SNAPSHOT
[WARNING] 'artifactId' contains an expression but should be a constant. @ org.apache.flink:flink-streaming-kinesis-test_${scala.binary.version}:1.14-SNAPSHOT, /home/runner/work/sonar-analysis/sonar-analysis/project/flink-end-to-end-tests/flink-streaming-kinesis-test/pom.xml, line 31, column 14
[WARNING] 
[WARNING] Some problems were encountered while building the effective model for org.apache.flink:flink-python-test_2.11:jar:1.14-SNAPSHOT
[WARNING] 'artifactId' contains an expression but should be a constant. @ org.apache.flink:flink-python-test_${scala.binary.version}:1.14-SNAPSHOT, /home/runner/work/sonar-analysis/sonar-analysis/project/flink-end-to-end-tests/flink-python-test/pom.xml, line 30, column 14
[WARNING] 
[WARNING] Some problems were encountered while building the effective model for org.apache.flink:flink-test-utils_2.11:jar:1.14-SNAPSHOT
[WARNING] 'artifactId' contains an expression but should be a constant. @ org.apache.flink:flink-test-utils_${scala.binary.version}:1.14-SNAPSHOT, /home/runner/work/sonar-analysis/sonar-analysis/project/flink-test-utils-parent/flink-test-utils/pom.xml, line 32, column 14
[WARNING] 
[WARNING] Some problems were encountered while building the effective model for org.apache.flink:flink-statebackend-rocksdb_2.11:jar:1.14-SNAPSHOT
[WARNING] 'artifactId' contains an expression but should be a constant. @ org.apache.flink:flink-statebackend-rocksdb_${scala.binary.version}:1.14-SNAPSHOT, /home/runner/work/sonar-analysis/sonar-analysis/project/flink-state-backends/flink-statebackend-rocksdb/pom.xml, line 34, column 14
[WARNING] 
[WARNING] Some problems were encountered while building the effective model for org.apache.flink:flink-statebackend-heap-spillable_2.11:jar:1.14-SNAPSHOT
[WARNING] 'artifactId' contains an expression but should be a constant. @ org.apache.flink:flink-statebackend-heap-spillable_${scala.binary.version}:1.14-SNAPSHOT, /home/runner/work/sonar-analysis/sonar-analysis/project/flink-state-backends/flink-statebackend-heap-spillable/pom.xml, line 34, column 14
[WARNING] 
[WARNING] Some problems were encountered while building the effective model for org.apache.flink:flink-statebackend-changelog_2.11:jar:1.14-SNAPSHOT
[WARNING] 'artifactId' contains an expression but should be a constant. @ org.apache.flink:flink-statebackend-changelog_${scala.binary.version}:1.14-SNAPSHOT, /home/runner/work/sonar-analysis/sonar-analysis/project/flink-state-backends/flink-statebackend-changelog/pom.xml, line 34, column 14
[WARNING] 
[WARNING] Some problems were encountered while building the effective model for org.apache.flink:flink-gelly_2.11:jar:1.14-SNAPSHOT
[WARNING] 'artifactId' contains an expression but should be a constant. @ org.apache.flink:flink-gelly_${scala.binary.version}:1.14-SNAPSHOT, /home/runner/work/sonar-analysis/sonar-analysis/project/flink-libraries/flink-gelly/pom.xml, line 32, column 14
[WARNING] 
[WARNING] Some problems were encountered while building the effective model for org.apache.flink:flink-gelly-scala_2.11:jar:1.14-SNAPSHOT
[WARNING] 'artifactId' contains an expression but should be a constant. @ org.apache.flink:flink-gelly-scala_${scala.binary.version}:1.14-SNAPSHOT, /home/runner/work/sonar-analysis/sonar-analysis/project/flink-libraries/flink-gelly-scala/pom.xml, line 31, column 17
[WARNING] 
[WARNING] Some problems were encountered while building the effective model for org.apache.flink:flink-gelly-examples_2.11:jar:1.14-SNAPSHOT
[WARNING] 'artifactId' contains an expression but should be a constant. @ org.apache.flink:flink-gelly-examples_${scala.binary.version}:1.14-SNAPSHOT, /home/runner/work/sonar-analysis/sonar-analysis/project/flink-libraries/flink-gelly-examples/pom.xml, line 30, column 14
[WARNING] 
[WARNING] Some problems were encountered while building the effective model for org.apache.flink:flink-cep_2.11:jar:1.14-SNAPSHOT
[WARNING] 'artifactId' contains an expression but should be a constant. @ org.apache.flink:flink-cep_${scala.binary.version}:1.14-SNAPSHOT, /home/runner/work/sonar-analysis/sonar-analysis/project/flink-libraries/flink-cep/pom.xml, line 33, column 17
[WARNING] 
[WARNING] Some problems were encountered while building the effective model for org.apache.flink:flink-cep-scala_2.11:jar:1.14-SNAPSHOT
[WARNING] 'artifactId' contains an expression but should be a constant. @ org.apache.flink:flink-cep-scala_${scala.binary.version}:1.14-SNAPSHOT, /home/runner/work/sonar-analysis/sonar-analysis/project/flink-libraries/flink-cep-scala/pom.xml, line 33, column 17
[WARNING] 
[WARNING] Some problems were encountered while building the effective model for org.apache.flink:flink-state-processor-api_2.11:jar:1.14-SNAPSHOT
[WARNING] 'artifactId' contains an expression but should be a constant. @ org.apache.flink:flink-state-processor-api_${scala.binary.version}:1.14-SNAPSHOT, /home/runner/work/sonar-analysis/sonar-analysis/project/flink-libraries/flink-state-processing-api/pom.xml, line 33, column 14
[WARNING] 
[WARNING] Some problems were encountered while building the effective model for org.apache.flink:flink-table-api-scala_2.11:jar:1.14-SNAPSHOT
[WARNING] 'artifactId' contains an expression but should be a constant. @ org.apache.flink:flink-table-api-scala_${scala.binary.version}:1.14-SNAPSHOT, /home/runner/work/sonar-analysis/sonar-analysis/project/flink-table/flink-table-api-scala/pom.xml, line 30, column 14
[WARNING] 
[WARNING] Some problems were encountered while building the effective model for org.apache.flink:flink-table-api-java-bridge_2.11:jar:1.14-SNAPSHOT
[WARNING] 'artifactId' contains an expression but should be a constant. @ org.apache.flink:flink-table-api-java-bridge_${scala.binary.version}:1.14-SNAPSHOT, /home/runner/work/sonar-analysis/sonar-analysis/project/flink-table/flink-table-api-java-bridge/pom.xml, line 30, column 14
[WARNING] 
[WARNING] Some problems were encountered while building the effective model for org.apache.flink:flink-table-api-scala-bridge_2.11:jar:1.14-SNAPSHOT
[WARNING] 'artifactId' contains an expression but should be a constant. @ org.apache.flink:flink-table-api-scala-bridge_${scala.binary.version}:1.14-SNAPSHOT, /home/runner/work/sonar-analysis/sonar-analysis/project/flink-table/flink-table-api-scala-bridge/pom.xml, line 30, column 14
[WARNING] 
[WARNING] Some problems were encountered while building the effective model for org.apache.flink:flink-table-planner-blink_2.11:jar:1.14-SNAPSHOT
[WARNING] 'artifactId' contains an expression but should be a constant. @ org.apache.flink:flink-table-planner-blink_${scala.binary.version}:1.14-SNAPSHOT, /home/runner/work/sonar-analysis/sonar-analysis/project/flink-table/flink-table-planner-blink/pom.xml, line 30, column 14
[WARNING] 
[WARNING] Some problems were encountered while building the effective model for org.apache.flink:flink-table-runtime-blink_2.11:jar:1.14-SNAPSHOT
[WARNING] 'artifactId' contains an expression but should be a constant. @ org.apache.flink:flink-table-runtime-blink_${scala.binary.version}:1.14-SNAPSHOT, /home/runner/work/sonar-analysis/sonar-analysis/project/flink-table/flink-table-runtime-blink/pom.xml, line 30, column 14
[WARNING] 
[WARNING] Some problems were encountered while building the effective model for org.apache.flink:flink-table-uber-blink_2.11:jar:1.14-SNAPSHOT
[WARNING] 'artifactId' contains an expression but should be a constant. @ org.apache.flink:flink-table-uber-blink_${scala.binary.version}:1.14-SNAPSHOT, /home/runner/work/sonar-analysis/sonar-analysis/project/flink-table/flink-table-uber-blink/pom.xml, line 30, column 14
[WARNING] 
[WARNING] Some problems were encountered while building the effective model for org.apache.flink:flink-sql-client_2.11:jar:1.14-SNAPSHOT
[WARNING] 'artifactId' contains an expression but should be a constant. @ org.apache.flink:flink-sql-client_${scala.binary.version}:1.14-SNAPSHOT, /home/runner/work/sonar-analysis/sonar-analysis/project/flink-table/flink-sql-client/pom.xml, line 30, column 14
[WARNING] 
[WARNING] Some problems were encountered while building the effective model for org.apache.flink:flink-connector-wikiedits_2.11:jar:1.14-SNAPSHOT
[WARNING] 'artifactId' contains an expression but should be a constant. @ org.apache.flink:flink-connector-wikiedits_${scala.binary.version}:1.14-SNAPSHOT, /home/runner/work/sonar-analysis/sonar-analysis/project/flink-contrib/flink-connector-wikiedits/pom.xml, line 32, column 14
[WARNING] 
[WARNING] Some problems were encountered while building the effective model for org.apache.flink:flink-dist_2.11:jar:1.14-SNAPSHOT
[WARNING] 'artifactId' contains an expression but should be a constant. @ org.apache.flink:flink-dist_${scala.binary.version}:1.14-SNAPSHOT, /home/runner/work/sonar-analysis/sonar-analysis/project/flink-dist/pom.xml, line 32, column 14
[WARNING] 
[WARNING] Some problems were encountered while building the effective model for org.apache.flink:flink-metrics-influxdb_2.11:jar:1.14-SNAPSHOT
[WARNING] 'artifactId' contains an expression but should be a constant. @ org.apache.flink:flink-metrics-influxdb_${scala.binary.version}:1.14-SNAPSHOT, /home/runner/work/sonar-analysis/sonar-analysis/project/flink-metrics/flink-metrics-influxdb/pom.xml, line 32, column 14
[WARNING] 
[WARNING] Some problems were encountered while building the effective model for org.apache.flink:flink-metrics-jmx_2.11:jar:1.14-SNAPSHOT
[WARNING] 'artifactId' contains an expression but should be a constant. @ org.apache.flink:flink-metrics-jmx_${scala.binary.version}:1.14-SNAPSHOT, /home/runner/work/sonar-analysis/sonar-analysis/project/flink-metrics/flink-metrics-jmx/pom.xml, line 32, column 14
[WARNING] 
[WARNING] Some problems were encountered while building the effective model for org.apache.flink:flink-metrics-prometheus_2.11:jar:1.14-SNAPSHOT
[WARNING] 'artifactId' contains an expression but should be a constant. @ org.apache.flink:flink-metrics-prometheus_${scala.binary.version}:1.14-SNAPSHOT, /home/runner/work/sonar-analysis/sonar-analysis/project/flink-metrics/flink-metrics-prometheus/pom.xml, line 32, column 14
[WARNING] 
[WARNING] Some problems were encountered while building the effective model for org.apache.flink:flink-yarn_2.11:jar:1.14-SNAPSHOT
[WARNING] 'artifactId' contains an expression but should be a constant. @ org.apache.flink:flink-yarn_${scala.binary.version}:1.14-SNAPSHOT, /home/runner/work/sonar-analysis/sonar-analysis/project/flink-yarn/pom.xml, line 30, column 14
[WARNING] 
[WARNING] Some problems were encountered while building the effective model for org.apache.flink:flink-python_2.11:jar:1.14-SNAPSHOT
[WARNING] 'artifactId' contains an expression but should be a constant. @ org.apache.flink:flink-python_${scala.binary.version}:1.14-SNAPSHOT, /home/runner/work/sonar-analysis/sonar-analysis/project/flink-python/pom.xml, line 32, column 14
[WARNING] 'build.plugins.plugin.(groupId:artifactId)' must be unique but found duplicate declaration of plugin org.apache.maven.plugins:maven-antrun-plugin @ org.apache.flink:flink-python_${scala.binary.version}:1.14-SNAPSHOT, /home/runner/work/sonar-analysis/sonar-analysis/project/flink-python/pom.xml, line 433, column 12
[WARNING] 
[WARNING] Some problems were encountered while building the effective model for org.apache.flink:flink-walkthrough-common_2.11:jar:1.14-SNAPSHOT
[WARNING] 'artifactId' contains an expression but should be a constant. @ org.apache.flink:flink-walkthrough-common_${scala.binary.version}:1.14-SNAPSHOT, /home/runner/work/sonar-analysis/sonar-analysis/project/flink-walkthroughs/flink-walkthrough-common/pom.xml, line 34, column 14
[WARNING] 
[WARNING] Some problems were encountered while building the effective model for org.apache.flink:flink-kubernetes_2.11:jar:1.14-SNAPSHOT
[WARNING] 'artifactId' contains an expression but should be a constant. @ org.apache.flink:flink-kubernetes_${scala.binary.version}:1.14-SNAPSHOT, /home/runner/work/sonar-analysis/sonar-analysis/project/flink-kubernetes/pom.xml, line 30, column 14
[WARNING] 
[WARNING] Some problems were encountered while building the effective model for org.apache.flink:flink-scala-shell_2.11:jar:1.14-SNAPSHOT
[WARNING] 'artifactId' contains an expression but should be a constant. @ org.apache.flink:flink-scala-shell_${scala.binary.version}:1.14-SNAPSHOT, /home/runner/work/sonar-analysis/sonar-analysis/project/flink-scala-shell/pom.xml, line 30, column 14
[WARNING] 
[WARNING] It is highly recommended to fix these problems because they threaten the stability of your build.
[WARNING] 
[WARNING] For this reason, future Maven versions might no longer support building such malformed projects.
[WARNING] 
[INFO] ------------------------------------------------------------------------
[INFO] Detecting the operating system and CPU architecture
[INFO] ------------------------------------------------------------------------
[INFO] os.detected.name: linux
[INFO] os.detected.arch: x86_64
[INFO] os.detected.bitness: 64
[INFO] os.detected.version: 6.17
[INFO] os.detected.version.major: 6
[INFO] os.detected.version.minor: 17
[INFO] os.detected.release: ubuntu
[INFO] os.detected.release.version: 24.04
[INFO] os.detected.release.like.ubuntu: true
[INFO] os.detected.release.like.debian: true
[INFO] os.detected.classifier: linux-x86_64
[INFO] ------------------------------------------------------------------------
[INFO] Reactor Build Order:
[INFO] 
[INFO] Flink :                                                            [pom]
[INFO] Flink : Annotations                                                [jar]
[INFO] Flink : Test utils :                                               [pom]
[INFO] Flink : Test utils : Junit                                         [jar]
[INFO] Flink : Metrics :                                                  [pom]
[INFO] Flink : Metrics : Core                                             [jar]
[INFO] Flink : Core                                                       [jar]
[INFO] Flink : Java                                                       [jar]
[INFO] Flink : Scala                                                      [jar]
[INFO] Flink : FileSystems :                                              [pom]
[INFO] Flink : FileSystems : Hadoop FS                                    [jar]
[INFO] Flink : FileSystems : Mapr FS                                      [jar]
[INFO] Flink : FileSystems : Hadoop FS shaded                             [jar]
[INFO] Flink : FileSystems : S3 FS Base                                   [jar]
[INFO] Flink : FileSystems : S3 FS Hadoop                                 [jar]
[INFO] Flink : FileSystems : S3 FS Presto                                 [jar]
[INFO] Flink : FileSystems : OSS FS                                       [jar]
[INFO] Flink : FileSystems : Azure FS Hadoop                              [jar]
[INFO] Flink : RPC :                                                      [pom]
[INFO] Flink : RPC : Core                                                 [jar]
[INFO] Flink : RPC : Akka                                                 [jar]
[INFO] Flink : Queryable state :                                          [pom]
[INFO] Flink : Queryable state : Client Java                              [jar]
[INFO] Flink : Runtime                                                    [jar]
[INFO] Flink : Optimizer                                                  [jar]
[INFO] Flink : Connectors :                                               [pom]
[INFO] Flink : Connectors : File Sink Common                              [jar]
[INFO] Flink : Streaming Java                                             [jar]
[INFO] Flink : Clients                                                    [jar]
[INFO] Flink : Test utils : Utils                                         [jar]
[INFO] Flink : State backends :                                           [pom]
[INFO] Flink : State backends : RocksDB                                   [jar]
[INFO] Flink : State backends : Changelog                                 [jar]
[INFO] Flink : Runtime web                                                [jar]
[INFO] Flink : Test utils : Connectors                                    [jar]
[INFO] Flink : Connectors : Base                                          [jar]
[INFO] Flink : Connectors : Files                                         [jar]
[INFO] Flink : Examples :                                                 [pom]
[INFO] Flink : Examples : Batch                                           [jar]
[INFO] Flink : Connectors : Hadoop compatibility                          [jar]
[INFO] Flink : Tests                                                      [jar]
[INFO] Flink : Streaming Scala                                            [jar]
[INFO] Flink : Connectors : HCatalog                                      [jar]
[INFO] Flink : Table :                                                    [pom]
[INFO] Flink : Table : Common                                             [jar]
[INFO] Flink : Table : API Java                                           [jar]
[INFO] Flink : Table : API Java bridge                                    [jar]
[INFO] Flink : Formats :                                                  [pom]
[INFO] Flink : Format : Common                                            [jar]
[INFO] Flink : Table : API Scala                                          [jar]
[INFO] Flink : Table : API Scala bridge                                   [jar]
[INFO] Flink : Table : SQL Parser                                         [jar]
[INFO] Flink : Table : SQL Parser Hive                                    [jar]
[INFO] Flink : Libraries :                                                [pom]
[INFO] Flink : Libraries : CEP                                            [jar]
[INFO] Flink : Table : Runtime                                            [jar]
[INFO] Flink : Table : Planner                                            [jar]
[INFO] Flink : Formats : Json                                             [jar]
[INFO] Flink : Connectors : Elasticsearch base                            [jar]
[INFO] Flink : Connectors : Elasticsearch 5                               [jar]
[INFO] Flink : Connectors : Elasticsearch 6                               [jar]
[INFO] Flink : Connectors : Elasticsearch 7                               [jar]
[INFO] Flink : Connectors : HBase base                                    [jar]
[INFO] Flink : Connectors : HBase 1.4                                     [jar]
[INFO] Flink : Connectors : HBase 2.2                                     [jar]
[INFO] Flink : Formats : Hadoop bulk                                      [jar]
[INFO] Flink : Formats : Orc                                              [jar]
[INFO] Flink : Formats : Orc nohive                                       [jar]
[INFO] Flink : Formats : Avro                                             [jar]
[INFO] Flink : Formats : Parquet                                          [jar]
[INFO] Flink : Formats : Csv                                              [jar]
[INFO] Flink : Connectors : Hive                                          [jar]
[INFO] Flink : Connectors : JDBC                                          [jar]
[INFO] Flink : Connectors : RabbitMQ                                      [jar]
[INFO] Flink : Connectors : Twitter                                       [jar]
[INFO] Flink : Connectors : Nifi                                          [jar]
[INFO] Flink : Connectors : Cassandra                                     [jar]
[INFO] Flink : Metrics : JMX                                              [jar]
[INFO] Flink : Formats : Avro confluent registry                          [jar]
[INFO] Flink : Connectors : Kafka                                         [jar]
[INFO] Flink : Connectors : Google PubSub                                 [jar]
[INFO] Flink : Connectors : Kinesis                                       [jar]
[INFO] Flink : Connectors : SQL : Elasticsearch 6                         [jar]
[INFO] Flink : Connectors : SQL : Elasticsearch 7                         [jar]
[INFO] Flink : Connectors : SQL : HBase 1.4                               [jar]
[INFO] Flink : Connectors : SQL : HBase 2.2                               [jar]
[INFO] Flink : Connectors : SQL : Hive 1.2.2                              [jar]
[INFO] Flink : Connectors : SQL : Hive 2.2.0                              [jar]
[INFO] Flink : Connectors : SQL : Hive 2.3.6                              [jar]
[INFO] Flink : Connectors : SQL : Hive 3.1.2                              [jar]
[INFO] Flink : Connectors : SQL : Kafka                                   [jar]
[INFO] Flink : Connectors : SQL : Kinesis                                 [jar]
[INFO] Flink : Formats : Sequence file                                    [jar]
[INFO] Flink : Formats : Compress                                         [jar]
[INFO] Flink : Formats : Avro AWS Glue Schema Registry                    [jar]
[INFO] Flink : Formats : SQL Orc                                          [jar]
[INFO] Flink : Formats : SQL Parquet                                      [jar]
[INFO] Flink : Formats : SQL Avro                                         [jar]
[INFO] Flink : Formats : SQL Avro Confluent Registry                      [jar]
[INFO] Flink : Examples : Streaming                                       [jar]
[INFO] Flink : Examples : Table                                           [jar]
[INFO] Flink : Examples : Build Helper :                                  [pom]
[INFO] Flink : Examples : Build Helper : Streaming Twitter                [jar]
[INFO] Flink : Examples : Build Helper : Streaming State machine          [jar]
[INFO] Flink : Examples : Build Helper : Streaming Google PubSub          [jar]
[INFO] Flink : Container                                                  [jar]
[INFO] Flink : Queryable state : Runtime                                  [jar]
[INFO] Flink : Kubernetes                                                 [jar]
[INFO] Flink : Yarn                                                       [jar]
[INFO] Flink : Libraries : Gelly                                          [jar]
[INFO] Flink : Libraries : Gelly scala                                    [jar]
[INFO] Flink : Libraries : Gelly Examples                                 [jar]
[INFO] Flink : External resources :                                       [pom]
[INFO] Flink : External resources : GPU                                   [jar]
[INFO] Flink : Metrics : Dropwizard                                       [jar]
[INFO] Flink : Metrics : Graphite                                         [jar]
[INFO] Flink : Metrics : InfluxDB                                         [jar]
[INFO] Flink : Metrics : Prometheus                                       [jar]
[INFO] Flink : Metrics : StatsD                                           [jar]
[INFO] Flink : Metrics : Datadog                                          [jar]
[INFO] Flink : Metrics : Slf4j                                            [jar]
[INFO] Flink : Libraries : CEP Scala                                      [jar]
[INFO] Flink : Table : Uber                                               [jar]
[INFO] Flink : Python                                                     [jar]
[INFO] Flink : Table : SQL Client                                         [jar]
[INFO] Flink : Libraries : State processor API                            [jar]
[INFO] Flink : Scala shell                                                [jar]
[INFO] Flink : Dist                                                       [jar]
[INFO] Flink : Yarn Tests                                                 [jar]
[INFO] Flink : E2E Tests :                                                [pom]
[INFO] Flink : E2E Tests : CLI                                            [jar]
[INFO] Flink : E2E Tests : Parent Child classloading program              [jar]
[INFO] Flink : E2E Tests : Parent Child classloading lib-package          [jar]
[INFO] Flink : E2E Tests : Dataset allround                               [jar]
[INFO] Flink : E2E Tests : Dataset Fine-grained recovery                  [jar]
[INFO] Flink : E2E Tests : Datastream allround                            [jar]
[INFO] Flink : E2E Tests : Batch SQL                                      [jar]
[INFO] Flink : E2E Tests : Stream SQL                                     [jar]
[INFO] Flink : E2E Tests : Distributed cache via blob                     [jar]
[INFO] Flink : E2E Tests : High parallelism iterations                    [jar]
[INFO] Flink : E2E Tests : Stream stateful job upgrade                    [jar]
[INFO] Flink : E2E Tests : Queryable state                                [jar]
[INFO] Flink : E2E Tests : Local recovery and allocation                  [jar]
[INFO] Flink : E2E Tests : Elasticsearch 5                                [jar]
[INFO] Flink : E2E Tests : Elasticsearch 6                                [jar]
[INFO] Flink : Quickstart :                                               [pom]
[INFO] Flink : Quickstart : Java                              [maven-archetype]
[INFO] Flink : Quickstart : Scala                             [maven-archetype]
[INFO] Flink : E2E Tests : Quickstart                                     [jar]
[INFO] Flink : E2E Tests : Confluent schema registry                      [jar]
[INFO] Flink : E2E Tests : Stream state TTL                               [jar]
[INFO] Flink : E2E Tests : SQL client                                     [jar]
[INFO] Flink : E2E Tests : File sink                                      [jar]
[INFO] Flink : E2E Tests : State evolution                                [jar]
[INFO] Flink : E2E Tests : RocksDB state memory control                   [jar]
[INFO] Flink : E2E Tests : Common                                         [jar]
[INFO] Flink : E2E Tests : Metrics availability                           [jar]
[INFO] Flink : E2E Tests : Metrics reporter prometheus                    [jar]
[INFO] Flink : E2E Tests : Heavy deployment                               [jar]
[INFO] Flink : E2E Tests : Connectors : Google PubSub                     [jar]
[INFO] Flink : E2E Tests : Streaming Kafka base                           [jar]
[INFO] Flink : E2E Tests : Streaming Kafka                                [jar]
[INFO] Flink : E2E Tests : Plugins :                                      [pom]
[INFO] Flink : E2E Tests : Plugins : Dummy fs                             [jar]
[INFO] Flink : E2E Tests : Plugins : Another dummy fs                     [jar]
[INFO] Flink : E2E Tests : TPCH                                           [jar]
[INFO] Flink : E2E Tests : Streaming Kinesis                              [jar]
[INFO] Flink : E2E Tests : Elasticsearch 7                                [jar]
[INFO] Flink : E2E Tests : Common Kafka                                   [jar]
[INFO] Flink : E2E Tests : TPCDS                                          [jar]
[INFO] Flink : E2E Tests : Netty shuffle memory control                   [jar]
[INFO] Flink : E2E Tests : Python                                         [jar]
[INFO] Flink : E2E Tests : HBase                                          [jar]
[INFO] Flink : E2E Tests : AWS Glue Schema Registry                       [jar]
[INFO] Flink : State backends : Heap spillable                            [jar]
[INFO] Flink : Table : Code Splitter                                      [jar]
[INFO] Flink : Contrib :                                                  [pom]
[INFO] Flink : Contrib : Connectors : Wikiedits                           [jar]
[INFO] Flink : FileSystems : Tests                                        [jar]
[INFO] Flink : Docs                                                       [jar]
[INFO] Flink : Walkthrough :                                              [pom]
[INFO] Flink : Walkthrough : Common                                       [jar]
[INFO] Flink : Walkthrough : Datastream Java                  [maven-archetype]
[INFO] Flink : Walkthrough : Datastream Scala                 [maven-archetype]
[INFO] Flink : Tools : CI : Java                                          [jar]
[INFO] 
[INFO] -------------------< org.apache.flink:flink-parent >--------------------
[INFO] Building Flink : 1.14-SNAPSHOT                                   [1/185]
[INFO]   from pom.xml
[INFO] --------------------------------[ pom ]---------------------------------
[INFO] 
[INFO] --- clean:3.1.0:clean (default-clean) @ flink-parent ---
[INFO] Deleting /home/runner/work/sonar-analysis/sonar-analysis/project/target
[INFO] 
[INFO] --- checkstyle:2.17:check (validate) @ flink-parent ---
[INFO] 
[INFO] --- spotless:2.4.2:check (spotless-check) @ flink-parent ---
[INFO] 
[INFO] --- enforcer:3.0.0-M1:enforce (enforce-maven-version) @ flink-parent ---
[INFO] Skipping Rule Enforcement.
[INFO] 
[INFO] --- enforcer:3.0.0-M1:enforce (enforce-maven) @ flink-parent ---
[INFO] Skipping Rule Enforcement.
[INFO] 
[INFO] --- enforcer:3.0.0-M1:enforce (ban-unsafe-snakeyaml) @ flink-parent ---
[INFO] Skipping Rule Enforcement.
[INFO] 
[INFO] --- enforcer:3.0.0-M1:enforce (ban-unsafe-jackson) @ flink-parent ---
[INFO] Skipping Rule Enforcement.
[INFO] 
[INFO] --- enforcer:3.0.0-M1:enforce (forbid-log4j-1) @ flink-parent ---
[INFO] Skipping Rule Enforcement.
[INFO] 
[INFO] --- enforcer:3.0.0-M1:enforce (enforce-versions) @ flink-parent ---
[INFO] Skipping Rule Enforcement.
[INFO] 
[INFO] --- directory:0.1:highest-basedir (directories) @ flink-parent ---
[INFO] Highest basedir set to: /home/runner/work/sonar-analysis/sonar-analysis/project
[INFO] 
[INFO] --- remote-resources:1.5:process (process-resource-bundles) @ flink-parent ---
[INFO] 
[INFO] --- surefire:2.22.1:test (default-test) @ flink-parent ---
[INFO] Tests are skipped.
[INFO] 
[INFO] --- shade:3.2.1:shade (shade-flink) @ flink-parent ---
[INFO] Including org.apache.flink:flink-shaded-force-shading:jar:13.0 in the shaded jar.
[INFO] Excluding org.slf4j:slf4j-api:jar:1.7.15 from the shaded jar.
[INFO] Excluding com.google.code.findbugs:jsr305:jar:1.3.9 from the shaded jar.
[INFO] No artifact matching filter io.netty:netty
[INFO] Replacing original artifact with shaded artifact.
[INFO] 
[INFO] --- surefire:2.22.1:test (integration-tests) @ flink-parent ---
[INFO] Tests are skipped.
[INFO] 
[INFO] --- apache-rat:0.12:check (default) @ flink-parent ---
[INFO] RAT will not execute since it is configured to be skipped via system property 'rat.skip'.
[INFO] 
[INFO] --- install:2.5.2:install (default-install) @ flink-parent ---
[INFO] Installing /home/runner/work/sonar-analysis/sonar-analysis/project/pom.xml to /home/runner/.m2/repository/org/apache/flink/flink-parent/1.14-SNAPSHOT/flink-parent-1.14-SNAPSHOT.pom
[INFO] 
[INFO] -----------------< org.apache.flink:flink-annotations >-----------------
[INFO] Building Flink : Annotations 1.14-SNAPSHOT                       [2/185]
[INFO]   from flink-annotations/pom.xml
[INFO] --------------------------------[ jar ]---------------------------------
[INFO] 
[INFO] --- clean:3.1.0:clean (default-clean) @ flink-annotations ---
[INFO] Deleting /home/runner/work/sonar-analysis/sonar-analysis/project/flink-annotations/target
[INFO] 
[INFO] --- checkstyle:2.17:check (validate) @ flink-annotations ---
[INFO] 
[INFO] --- spotless:2.4.2:check (spotless-check) @ flink-annotations ---
[INFO] 
[INFO] --- enforcer:3.0.0-M1:enforce (enforce-maven-version) @ flink-annotations ---
[INFO] Skipping Rule Enforcement.
[INFO] 
[INFO] --- enforcer:3.0.0-M1:enforce (enforce-maven) @ flink-annotations ---
[INFO] Skipping Rule Enforcement.
[INFO] 
[INFO] --- enforcer:3.0.0-M1:enforce (ban-unsafe-snakeyaml) @ flink-annotations ---
[INFO] Skipping Rule Enforcement.
[INFO] 
[INFO] --- enforcer:3.0.0-M1:enforce (ban-unsafe-jackson) @ flink-annotations ---
[INFO] Skipping Rule Enforcement.
[INFO] 
[INFO] --- enforcer:3.0.0-M1:enforce (forbid-log4j-1) @ flink-annotations ---
[INFO] Skipping Rule Enforcement.
[INFO] 
[INFO] --- enforcer:3.0.0-M1:enforce (enforce-versions) @ flink-annotations ---
[INFO] Skipping Rule Enforcement.
[INFO] 
[INFO] --- directory:0.1:highest-basedir (directories) @ flink-annotations ---
[INFO] Highest basedir set to: /home/runner/work/sonar-analysis/sonar-analysis/project
[INFO] 
[INFO] --- remote-resources:1.5:process (process-resource-bundles) @ flink-annotations ---
[INFO] 
[INFO] --- resources:3.1.0:resources (default-resources) @ flink-annotations ---
[INFO] Using 'UTF-8' encoding to copy filtered resources.
[INFO] skip non existing resourceDirectory /home/runner/work/sonar-analysis/sonar-analysis/project/flink-annotations/src/main/resources
[INFO] Copying 3 resources
[INFO] 
[INFO] --- compiler:3.8.0:compile (default-compile) @ flink-annotations ---
[INFO] Compiling 8 source files to /home/runner/work/sonar-analysis/sonar-analysis/project/flink-annotations/target/classes
[INFO] 
[INFO] --- resources:3.1.0:testResources (default-testResources) @ flink-annotations ---
[INFO] Using 'UTF-8' encoding to copy filtered resources.
[INFO] skip non existing resourceDirectory /home/runner/work/sonar-analysis/sonar-analysis/project/flink-annotations/src/test/resources
[INFO] Copying 3 resources
[INFO] 
[INFO] --- compiler:3.8.0:testCompile (default-testCompile) @ flink-annotations ---
[INFO] No sources to compile
[INFO] 
[INFO] --- surefire:2.22.1:test (default-test) @ flink-annotations ---
[INFO] Tests are skipped.
[INFO] 
[INFO] --- jar:2.4:jar (default-jar) @ flink-annotations ---
[INFO] Building jar: /home/runner/work/sonar-analysis/sonar-analysis/project/flink-annotations/target/flink-annotations-1.14-SNAPSHOT.jar
[INFO] 
[INFO] --- shade:3.2.1:shade (shade-flink) @ flink-annotations ---
[INFO] Including org.apache.flink:flink-shaded-force-shading:jar:13.0 in the shaded jar.
[INFO] Excluding org.slf4j:slf4j-api:jar:1.7.15 from the shaded jar.
[INFO] Excluding com.google.code.findbugs:jsr305:jar:1.3.9 from the shaded jar.
[INFO] No artifact matching filter io.netty:netty
[INFO] Replacing original artifact with shaded artifact.
[INFO] Replacing /home/runner/work/sonar-analysis/sonar-analysis/project/flink-annotations/target/flink-annotations-1.14-SNAPSHOT.jar with /home/runner/work/sonar-analysis/sonar-analysis/project/flink-annotations/target/flink-annotations-1.14-SNAPSHOT-shaded.jar
[INFO] Replacing original test artifact with shaded test artifact.
[INFO] Replacing /home/runner/work/sonar-analysis/sonar-analysis/project/flink-annotations/target/flink-annotations-1.14-SNAPSHOT-tests.jar with /home/runner/work/sonar-analysis/sonar-analysis/project/flink-annotations/target/flink-annotations-1.14-SNAPSHOT-shaded-tests.jar
[INFO] Dependency-reduced POM written at: /home/runner/work/sonar-analysis/sonar-analysis/project/flink-annotations/target/dependency-reduced-pom.xml
[INFO] 
[INFO] --- surefire:2.22.1:test (integration-tests) @ flink-annotations ---
[INFO] Tests are skipped.
[INFO] 
[INFO] --- install:2.5.2:install (default-install) @ flink-annotations ---
[INFO] Installing /home/runner/work/sonar-analysis/sonar-analysis/project/flink-annotations/target/flink-annotations-1.14-SNAPSHOT.jar to /home/runner/.m2/repository/org/apache/flink/flink-annotations/1.14-SNAPSHOT/flink-annotations-1.14-SNAPSHOT.jar
[INFO] Installing /home/runner/work/sonar-analysis/sonar-analysis/project/flink-annotations/target/dependency-reduced-pom.xml to /home/runner/.m2/repository/org/apache/flink/flink-annotations/1.14-SNAPSHOT/flink-annotations-1.14-SNAPSHOT.pom
[INFO] Installing /home/runner/work/sonar-analysis/sonar-analysis/project/flink-annotations/target/flink-annotations-1.14-SNAPSHOT-tests.jar to /home/runner/.m2/repository/org/apache/flink/flink-annotations/1.14-SNAPSHOT/flink-annotations-1.14-SNAPSHOT-tests.jar
[INFO] 
[INFO] --------------< org.apache.flink:flink-test-utils-parent >--------------
[INFO] Building Flink : Test utils : 1.14-SNAPSHOT                      [3/185]
[INFO]   from flink-test-utils-parent/pom.xml
[INFO] --------------------------------[ pom ]---------------------------------
[INFO] 
[INFO] --- clean:3.1.0:clean (default-clean) @ flink-test-utils-parent ---
[INFO] Deleting /home/runner/work/sonar-analysis/sonar-analysis/project/flink-test-utils-parent/target
[INFO] 
[INFO] --- checkstyle:2.17:check (validate) @ flink-test-utils-parent ---
[INFO] 
[INFO] --- spotless:2.4.2:check (spotless-check) @ flink-test-utils-parent ---
[INFO] 
[INFO] --- enforcer:3.0.0-M1:enforce (enforce-maven-version) @ flink-test-utils-parent ---
[INFO] Skipping Rule Enforcement.
[INFO] 
[INFO] --- enforcer:3.0.0-M1:enforce (enforce-maven) @ flink-test-utils-parent ---
[INFO] Skipping Rule Enforcement.
[INFO] 
[INFO] --- enforcer:3.0.0-M1:enforce (ban-unsafe-snakeyaml) @ flink-test-utils-parent ---
[INFO] Skipping Rule Enforcement.
[INFO] 
[INFO] --- enforcer:3.0.0-M1:enforce (ban-unsafe-jackson) @ flink-test-utils-parent ---
[INFO] Skipping Rule Enforcement.
[INFO] 
[INFO] --- enforcer:3.0.0-M1:enforce (forbid-log4j-1) @ flink-test-utils-parent ---
[INFO] Skipping Rule Enforcement.
[INFO] 
[INFO] --- enforcer:3.0.0-M1:enforce (enforce-versions) @ flink-test-utils-parent ---
[INFO] Skipping Rule Enforcement.
[INFO] 
[INFO] --- directory:0.1:highest-basedir (directories) @ flink-test-utils-parent ---
[INFO] Highest basedir set to: /home/runner/work/sonar-analysis/sonar-analysis/project
[INFO] 
[INFO] --- remote-resources:1.5:process (process-resource-bundles) @ flink-test-utils-parent ---
[INFO] 
[INFO] --- surefire:2.22.1:test (default-test) @ flink-test-utils-parent ---
[INFO] Tests are skipped.
[INFO] 
[INFO] --- shade:3.2.1:shade (shade-flink) @ flink-test-utils-parent ---
[INFO] Including org.apache.flink:flink-shaded-force-shading:jar:13.0 in the shaded jar.
[INFO] Excluding org.slf4j:slf4j-api:jar:1.7.15 from the shaded jar.
[INFO] Excluding com.google.code.findbugs:jsr305:jar:1.3.9 from the shaded jar.
[INFO] No artifact matching filter io.netty:netty
[INFO] Replacing original artifact with shaded artifact.
[INFO] 
[INFO] --- surefire:2.22.1:test (integration-tests) @ flink-test-utils-parent ---
[INFO] Tests are skipped.
[INFO] 
[INFO] --- install:2.5.2:install (default-install) @ flink-test-utils-parent ---
[INFO] Installing /home/runner/work/sonar-analysis/sonar-analysis/project/flink-test-utils-parent/pom.xml to /home/runner/.m2/repository/org/apache/flink/flink-test-utils-parent/1.14-SNAPSHOT/flink-test-utils-parent-1.14-SNAPSHOT.pom
[INFO] 
[INFO] --------------< org.apache.flink:flink-test-utils-junit >---------------
[INFO] Building Flink : Test utils : Junit 1.14-SNAPSHOT                [4/185]
[INFO]   from flink-test-utils-parent/flink-test-utils-junit/pom.xml
[INFO] --------------------------------[ jar ]---------------------------------
[INFO] 
[INFO] --- clean:3.1.0:clean (default-clean) @ flink-test-utils-junit ---
[INFO] Deleting /home/runner/work/sonar-analysis/sonar-analysis/project/flink-test-utils-parent/flink-test-utils-junit/target
[INFO] 
[INFO] --- checkstyle:2.17:check (validate) @ flink-test-utils-junit ---
[INFO] 
[INFO] --- spotless:2.4.2:check (spotless-check) @ flink-test-utils-junit ---
[INFO] 
[INFO] --- enforcer:3.0.0-M1:enforce (enforce-maven-version) @ flink-test-utils-junit ---
[INFO] Skipping Rule Enforcement.
[INFO] 
[INFO] --- enforcer:3.0.0-M1:enforce (enforce-maven) @ flink-test-utils-junit ---
[INFO] Skipping Rule Enforcement.
[INFO] 
[INFO] --- enforcer:3.0.0-M1:enforce (ban-unsafe-snakeyaml) @ flink-test-utils-junit ---
[INFO] Skipping Rule Enforcement.
[INFO] 
[INFO] --- enforcer:3.0.0-M1:enforce (ban-unsafe-jackson) @ flink-test-utils-junit ---
[INFO] Skipping Rule Enforcement.
[INFO] 
[INFO] --- enforcer:3.0.0-M1:enforce (forbid-log4j-1) @ flink-test-utils-junit ---
[INFO] Skipping Rule Enforcement.
[INFO] 
[INFO] --- enforcer:3.0.0-M1:enforce (enforce-versions) @ flink-test-utils-junit ---
[INFO] Skipping Rule Enforcement.
[INFO] 
[INFO] --- directory:0.1:highest-basedir (directories) @ flink-test-utils-junit ---
[INFO] Highest basedir set to: /home/runner/work/sonar-analysis/sonar-analysis/project
[INFO] 
[INFO] --- remote-resources:1.5:process (process-resource-bundles) @ flink-test-utils-junit ---
[INFO] 
[INFO] --- resources:3.1.0:resources (default-resources) @ flink-test-utils-junit ---
[INFO] Using 'UTF-8' encoding to copy filtered resources.
[INFO] Copying 1 resource
[INFO] Copying 3 resources
[INFO] 
[INFO] --- compiler:3.8.0:compile (default-compile) @ flink-test-utils-junit ---
[INFO] Compiling 27 source files to /home/runner/work/sonar-analysis/sonar-analysis/project/flink-test-utils-parent/flink-test-utils-junit/target/classes
[WARNING] /home/runner/work/sonar-analysis/sonar-analysis/project/flink-test-utils-parent/flink-test-utils-junit/src/main/java/org/apache/flink/util/TestSignalHandler.java:[23,16] sun.misc.Signal is internal proprietary API and may be removed in a future release
[WARNING] /home/runner/work/sonar-analysis/sonar-analysis/project/flink-test-utils-parent/flink-test-utils-junit/src/main/java/org/apache/flink/util/TestSignalHandler.java:[23,16] sun.misc.Signal is internal proprietary API and may be removed in a future release
[WARNING] /home/runner/work/sonar-analysis/sonar-analysis/project/flink-test-utils-parent/flink-test-utils-junit/src/main/java/org/apache/flink/util/TestSignalHandler.java:[23,16] sun.misc.Signal is internal proprietary API and may be removed in a future release
[WARNING] /home/runner/work/sonar-analysis/sonar-analysis/project/flink-test-utils-parent/flink-test-utils-junit/src/main/java/org/apache/flink/util/TestSignalHandler.java:[38,53] sun.misc.SignalHandler is internal proprietary API and may be removed in a future release
[WARNING] /home/runner/work/sonar-analysis/sonar-analysis/project/flink-test-utils-parent/flink-test-utils-junit/src/main/java/org/apache/flink/util/TestSignalHandler.java:[38,53] sun.misc.SignalHandler is internal proprietary API and may be removed in a future release
[WARNING] /home/runner/work/sonar-analysis/sonar-analysis/project/flink-test-utils-parent/flink-test-utils-junit/src/main/java/org/apache/flink/util/TestSignalHandler.java:[38,53] sun.misc.SignalHandler is internal proprietary API and may be removed in a future release
[WARNING] /home/runner/work/sonar-analysis/sonar-analysis/project/flink-test-utils-parent/flink-test-utils-junit/src/main/java/org/apache/flink/util/TestSignalHandler.java:[40,31] sun.misc.SignalHandler is internal proprietary API and may be removed in a future release
[WARNING] /home/runner/work/sonar-analysis/sonar-analysis/project/flink-test-utils-parent/flink-test-utils-junit/src/main/java/org/apache/flink/util/TestSignalHandler.java:[40,31] sun.misc.SignalHandler is internal proprietary API and may be removed in a future release
[WARNING] /home/runner/work/sonar-analysis/sonar-analysis/project/flink-test-utils-parent/flink-test-utils-junit/src/main/java/org/apache/flink/util/TestSignalHandler.java:[40,31] sun.misc.SignalHandler is internal proprietary API and may be removed in a future release
[WARNING] /home/runner/work/sonar-analysis/sonar-analysis/project/flink-test-utils-parent/flink-test-utils-junit/src/main/java/org/apache/flink/util/TestSignalHandler.java:[43,45] sun.misc.Signal is internal proprietary API and may be removed in a future release
[WARNING] /home/runner/work/sonar-analysis/sonar-analysis/project/flink-test-utils-parent/flink-test-utils-junit/src/main/java/org/apache/flink/util/TestSignalHandler.java:[43,27] sun.misc.Signal is internal proprietary API and may be removed in a future release
[WARNING] /home/runner/work/sonar-analysis/sonar-analysis/project/flink-test-utils-parent/flink-test-utils-junit/src/main/java/org/apache/flink/util/TestSignalHandler.java:[52,28] sun.misc.Signal is internal proprietary API and may be removed in a future release
[WARNING] /home/runner/work/sonar-analysis/sonar-analysis/project/flink-test-utils-parent/flink-test-utils-junit/src/main/java/org/apache/flink/util/TestSignalHandler.java:[52,28] sun.misc.Signal is internal proprietary API and may be removed in a future release
[WARNING] /home/runner/work/sonar-analysis/sonar-analysis/project/flink-test-utils-parent/flink-test-utils-junit/src/main/java/org/apache/flink/util/TestSignalHandler.java:[52,28] sun.misc.Signal is internal proprietary API and may be removed in a future release
[INFO] /home/runner/work/sonar-analysis/sonar-analysis/project/flink-test-utils-parent/flink-test-utils-junit/src/main/java/org/apache/flink/testutils/logging/TestLoggerResource.java: /home/runner/work/sonar-analysis/sonar-analysis/project/flink-test-utils-parent/flink-test-utils-junit/src/main/java/org/apache/flink/testutils/logging/TestLoggerResource.java uses or overrides a deprecated API.
[INFO] /home/runner/work/sonar-analysis/sonar-analysis/project/flink-test-utils-parent/flink-test-utils-junit/src/main/java/org/apache/flink/testutils/logging/TestLoggerResource.java: Recompile with -Xlint:deprecation for details.
[INFO] 
[INFO] --- resources:3.1.0:testResources (default-testResources) @ flink-test-utils-junit ---
[INFO] Using 'UTF-8' encoding to copy filtered resources.
[INFO] Copying 1 resource
[INFO] Copying 3 resources
[INFO] 
[INFO] --- compiler:3.8.0:testCompile (default-testCompile) @ flink-test-utils-junit ---
[INFO] Compiling 4 source files to /home/runner/work/sonar-analysis/sonar-analysis/project/flink-test-utils-parent/flink-test-utils-junit/target/test-classes
[INFO] /home/runner/work/sonar-analysis/sonar-analysis/project/flink-test-utils-parent/flink-test-utils-junit/src/test/java/org/apache/flink/testutils/junit/RetryRuleTest.java: /home/runner/work/sonar-analysis/sonar-analysis/project/flink-test-utils-parent/flink-test-utils-junit/src/test/java/org/apache/flink/testutils/junit/RetryRuleTest.java uses or overrides a deprecated API.
[INFO] /home/runner/work/sonar-analysis/sonar-analysis/project/flink-test-utils-parent/flink-test-utils-junit/src/test/java/org/apache/flink/testutils/junit/RetryRuleTest.java: Recompile with -Xlint:deprecation for details.
[INFO] 
[INFO] --- surefire:2.22.1:test (default-test) @ flink-test-utils-junit ---
[INFO] Tests are skipped.
[INFO] 
[INFO] --- jar:2.4:jar (default-jar) @ flink-test-utils-junit ---
[INFO] Building jar: /home/runner/work/sonar-analysis/sonar-analysis/project/flink-test-utils-parent/flink-test-utils-junit/target/flink-test-utils-junit-1.14-SNAPSHOT.jar
[INFO] 
[INFO] --- shade:3.2.1:shade (shade-flink) @ flink-test-utils-junit ---
[INFO] Excluding junit:junit:jar:4.13.2 from the shaded jar.
[INFO] Excluding org.hamcrest:hamcrest-core:jar:1.3 from the shaded jar.
[INFO] Excluding org.apache.logging.log4j:log4j-slf4j-impl:jar:2.14.1 from the shaded jar.
[INFO] Excluding org.apache.logging.log4j:log4j-api:jar:2.14.1 from the shaded jar.
[INFO] Excluding org.apache.logging.log4j:log4j-core:jar:2.14.1 from the shaded jar.
[INFO] Including org.apache.flink:flink-shaded-force-shading:jar:13.0 in the shaded jar.
[INFO] Excluding org.slf4j:slf4j-api:jar:1.7.15 from the shaded jar.
[INFO] Excluding com.google.code.findbugs:jsr305:jar:1.3.9 from the shaded jar.
[INFO] No artifact matching filter io.netty:netty
[INFO] Replacing original artifact with shaded artifact.
[INFO] Replacing /home/runner/work/sonar-analysis/sonar-analysis/project/flink-test-utils-parent/flink-test-utils-junit/target/flink-test-utils-junit-1.14-SNAPSHOT.jar with /home/runner/work/sonar-analysis/sonar-analysis/project/flink-test-utils-parent/flink-test-utils-junit/target/flink-test-utils-junit-1.14-SNAPSHOT-shaded.jar
[INFO] Replacing original test artifact with shaded test artifact.
[INFO] Replacing /home/runner/work/sonar-analysis/sonar-analysis/project/flink-test-utils-parent/flink-test-utils-junit/target/flink-test-utils-junit-1.14-SNAPSHOT-tests.jar with /home/runner/work/sonar-analysis/sonar-analysis/project/flink-test-utils-parent/flink-test-utils-junit/target/flink-test-utils-junit-1.14-SNAPSHOT-shaded-tests.jar
[INFO] Dependency-reduced POM written at: /home/runner/work/sonar-analysis/sonar-analysis/project/flink-test-utils-parent/flink-test-utils-junit/target/dependency-reduced-pom.xml
[INFO] 
[INFO] --- surefire:2.22.1:test (integration-tests) @ flink-test-utils-junit ---
[INFO] Tests are skipped.
[INFO] 
[INFO] --- install:2.5.2:install (default-install) @ flink-test-utils-junit ---
[INFO] Installing /home/runner/work/sonar-analysis/sonar-analysis/project/flink-test-utils-parent/flink-test-utils-junit/target/flink-test-utils-junit-1.14-SNAPSHOT.jar to /home/runner/.m2/repository/org/apache/flink/flink-test-utils-junit/1.14-SNAPSHOT/flink-test-utils-junit-1.14-SNAPSHOT.jar
[INFO] Installing /home/runner/work/sonar-analysis/sonar-analysis/project/flink-test-utils-parent/flink-test-utils-junit/target/dependency-reduced-pom.xml to /home/runner/.m2/repository/org/apache/flink/flink-test-utils-junit/1.14-SNAPSHOT/flink-test-utils-junit-1.14-SNAPSHOT.pom
[INFO] Installing /home/runner/work/sonar-analysis/sonar-analysis/project/flink-test-utils-parent/flink-test-utils-junit/target/flink-test-utils-junit-1.14-SNAPSHOT-tests.jar to /home/runner/.m2/repository/org/apache/flink/flink-test-utils-junit/1.14-SNAPSHOT/flink-test-utils-junit-1.14-SNAPSHOT-tests.jar
[INFO] 
[INFO] -------------------< org.apache.flink:flink-metrics >-------------------
[INFO] Building Flink : Metrics : 1.14-SNAPSHOT                         [5/185]
[INFO]   from flink-metrics/pom.xml
[INFO] --------------------------------[ pom ]---------------------------------
[INFO] 
[INFO] --- clean:3.1.0:clean (default-clean) @ flink-metrics ---
[INFO] Deleting /home/runner/work/sonar-analysis/sonar-analysis/project/flink-metrics/target
[INFO] 
[INFO] --- checkstyle:2.17:check (validate) @ flink-metrics ---
[INFO] 
[INFO] --- spotless:2.4.2:check (spotless-check) @ flink-metrics ---
[INFO] 
[INFO] --- enforcer:3.0.0-M1:enforce (enforce-maven-version) @ flink-metrics ---
[INFO] Skipping Rule Enforcement.
[INFO] 
[INFO] --- enforcer:3.0.0-M1:enforce (enforce-maven) @ flink-metrics ---
[INFO] Skipping Rule Enforcement.
[INFO] 
[INFO] --- enforcer:3.0.0-M1:enforce (ban-unsafe-snakeyaml) @ flink-metrics ---
[INFO] Skipping Rule Enforcement.
[INFO] 
[INFO] --- enforcer:3.0.0-M1:enforce (ban-unsafe-jackson) @ flink-metrics ---
[INFO] Skipping Rule Enforcement.
[INFO] 
[INFO] --- enforcer:3.0.0-M1:enforce (forbid-log4j-1) @ flink-metrics ---
[INFO] Skipping Rule Enforcement.
[INFO] 
[INFO] --- enforcer:3.0.0-M1:enforce (enforce-versions) @ flink-metrics ---
[INFO] Skipping Rule Enforcement.
[INFO] 
[INFO] --- directory:0.1:highest-basedir (directories) @ flink-metrics ---
[INFO] Highest basedir set to: /home/runner/work/sonar-analysis/sonar-analysis/project
[INFO] 
[INFO] --- remote-resources:1.5:process (process-resource-bundles) @ flink-metrics ---
[INFO] 
[INFO] --- surefire:2.22.1:test (default-test) @ flink-metrics ---
[INFO] Tests are skipped.
[INFO] 
[INFO] --- shade:3.2.1:shade (shade-flink) @ flink-metrics ---
[INFO] Including org.apache.flink:flink-shaded-force-shading:jar:13.0 in the shaded jar.
[INFO] No artifact matching filter io.netty:netty
[INFO] Replacing original artifact with shaded artifact.
[INFO] 
[INFO] --- surefire:2.22.1:test (integration-tests) @ flink-metrics ---
[INFO] Tests are skipped.
[INFO] 
[INFO] --- install:2.5.2:install (default-install) @ flink-metrics ---
[INFO] Installing /home/runner/work/sonar-analysis/sonar-analysis/project/flink-metrics/pom.xml to /home/runner/.m2/repository/org/apache/flink/flink-metrics/1.14-SNAPSHOT/flink-metrics-1.14-SNAPSHOT.pom
[INFO] 
[INFO] ----------------< org.apache.flink:flink-metrics-core >-----------------
[INFO] Building Flink : Metrics : Core 1.14-SNAPSHOT                    [6/185]
[INFO]   from flink-metrics/flink-metrics-core/pom.xml
[INFO] --------------------------------[ jar ]---------------------------------
[INFO] 
[INFO] --- clean:3.1.0:clean (default-clean) @ flink-metrics-core ---
[INFO] Deleting /home/runner/work/sonar-analysis/sonar-analysis/project/flink-metrics/flink-metrics-core/target
[INFO] 
[INFO] --- checkstyle:2.17:check (validate) @ flink-metrics-core ---
[INFO] 
[INFO] --- spotless:2.4.2:check (spotless-check) @ flink-metrics-core ---
[INFO] 
[INFO] --- enforcer:3.0.0-M1:enforce (enforce-maven-version) @ flink-metrics-core ---
[INFO] Skipping Rule Enforcement.
[INFO] 
[INFO] --- enforcer:3.0.0-M1:enforce (enforce-maven) @ flink-metrics-core ---
[INFO] Skipping Rule Enforcement.
[INFO] 
[INFO] --- enforcer:3.0.0-M1:enforce (ban-unsafe-snakeyaml) @ flink-metrics-core ---
[INFO] Skipping Rule Enforcement.
[INFO] 
[INFO] --- enforcer:3.0.0-M1:enforce (ban-unsafe-jackson) @ flink-metrics-core ---
[INFO] Skipping Rule Enforcement.
[INFO] 
[INFO] --- enforcer:3.0.0-M1:enforce (forbid-log4j-1) @ flink-metrics-core ---
[INFO] Skipping Rule Enforcement.
[INFO] 
[INFO] --- enforcer:3.0.0-M1:enforce (enforce-versions) @ flink-metrics-core ---
[INFO] Skipping Rule Enforcement.
[INFO] 
[INFO] --- directory:0.1:highest-basedir (directories) @ flink-metrics-core ---
[INFO] Highest basedir set to: /home/runner/work/sonar-analysis/sonar-analysis/project
[INFO] 
[INFO] --- remote-resources:1.5:process (process-resource-bundles) @ flink-metrics-core ---
[INFO] 
[INFO] --- resources:3.1.0:resources (default-resources) @ flink-metrics-core ---
[INFO] Using 'UTF-8' encoding to copy filtered resources.
[INFO] skip non existing resourceDirectory /home/runner/work/sonar-analysis/sonar-analysis/project/flink-metrics/flink-metrics-core/src/main/resources
[INFO] Copying 3 resources
[INFO] 
[INFO] --- compiler:3.8.0:compile (default-compile) @ flink-metrics-core ---
[INFO] Compiling 19 source files to /home/runner/work/sonar-analysis/sonar-analysis/project/flink-metrics/flink-metrics-core/target/classes
[INFO] 
[INFO] --- resources:3.1.0:testResources (default-testResources) @ flink-metrics-core ---
[INFO] Using 'UTF-8' encoding to copy filtered resources.
[INFO] skip non existing resourceDirectory /home/runner/work/sonar-analysis/sonar-analysis/project/flink-metrics/flink-metrics-core/src/test/resources
[INFO] Copying 3 resources
[INFO] 
[INFO] --- compiler:3.8.0:testCompile (default-testCompile) @ flink-metrics-core ---
[INFO] Compiling 6 source files to /home/runner/work/sonar-analysis/sonar-analysis/project/flink-metrics/flink-metrics-core/target/test-classes
[INFO] /home/runner/work/sonar-analysis/sonar-analysis/project/flink-metrics/flink-metrics-core/src/test/java/org/apache/flink/metrics/util/MetricReporterTestUtils.java: /home/runner/work/sonar-analysis/sonar-analysis/project/flink-metrics/flink-metrics-core/src/test/java/org/apache/flink/metrics/util/MetricReporterTestUtils.java uses or overrides a deprecated API.
[INFO] /home/runner/work/sonar-analysis/sonar-analysis/project/flink-metrics/flink-metrics-core/src/test/java/org/apache/flink/metrics/util/MetricReporterTestUtils.java: Recompile with -Xlint:deprecation for details.
[INFO] 
[INFO] --- surefire:2.22.1:test (default-test) @ flink-metrics-core ---
[INFO] Tests are skipped.
[INFO] 
[INFO] --- jar:2.4:jar (default-jar) @ flink-metrics-core ---
[INFO] Building jar: /home/runner/work/sonar-analysis/sonar-analysis/project/flink-metrics/flink-metrics-core/target/flink-metrics-core-1.14-SNAPSHOT.jar
[INFO] 
[INFO] --- jar:2.4:test-jar (default) @ flink-metrics-core ---
[INFO] Building jar: /home/runner/work/sonar-analysis/sonar-analysis/project/flink-metrics/flink-metrics-core/target/flink-metrics-core-1.14-SNAPSHOT-tests.jar
[INFO] 
[INFO] --- shade:3.2.1:shade (shade-flink) @ flink-metrics-core ---
[INFO] Including org.apache.flink:flink-shaded-force-shading:jar:13.0 in the shaded jar.
[INFO] No artifact matching filter io.netty:netty
[INFO] Replacing original artifact with shaded artifact.
[INFO] Replacing /home/runner/work/sonar-analysis/sonar-analysis/project/flink-metrics/flink-metrics-core/target/flink-metrics-core-1.14-SNAPSHOT.jar with /home/runner/work/sonar-analysis/sonar-analysis/project/flink-metrics/flink-metrics-core/target/flink-metrics-core-1.14-SNAPSHOT-shaded.jar
[INFO] Replacing original test artifact with shaded test artifact.
[INFO] Replacing /home/runner/work/sonar-analysis/sonar-analysis/project/flink-metrics/flink-metrics-core/target/flink-metrics-core-1.14-SNAPSHOT-tests.jar with /home/runner/work/sonar-analysis/sonar-analysis/project/flink-metrics/flink-metrics-core/target/flink-metrics-core-1.14-SNAPSHOT-shaded-tests.jar
[INFO] Dependency-reduced POM written at: /home/runner/work/sonar-analysis/sonar-analysis/project/flink-metrics/flink-metrics-core/target/dependency-reduced-pom.xml
[INFO] 
[INFO] --- surefire:2.22.1:test (integration-tests) @ flink-metrics-core ---
[INFO] Tests are skipped.
[INFO] 
[INFO] --- japicmp:0.11.0:cmp (default) @ flink-metrics-core ---
[INFO] Written file '/home/runner/work/sonar-analysis/sonar-analysis/project/tools/japicmp-output/flink-metrics-core/japicmp/japicmp.diff'.
WARNING: An illegal reflective access operation has occurred
WARNING: Illegal reflective access by com.sun.xml.bind.v2.runtime.reflect.opt.Injector (file:/home/runner/.m2/repository/com/sun/xml/bind/jaxb-impl/2.3.0/jaxb-impl-2.3.0.jar) to method java.lang.ClassLoader.defineClass(java.lang.String,byte[],int,int)
WARNING: Please consider reporting this to the maintainers of com.sun.xml.bind.v2.runtime.reflect.opt.Injector
WARNING: Use --illegal-access=warn to enable warnings of further illegal reflective access operations
WARNING: All illegal access operations will be denied in a future release
[INFO] Written file '/home/runner/work/sonar-analysis/sonar-analysis/project/tools/japicmp-output/flink-metrics-core/japicmp/japicmp.xml'.
[INFO] Written file '/home/runner/work/sonar-analysis/sonar-analysis/project/tools/japicmp-output/flink-metrics-core/japicmp/japicmp.html'.
[INFO] 
[INFO] --- install:2.5.2:install (default-install) @ flink-metrics-core ---
[INFO] Installing /home/runner/work/sonar-analysis/sonar-analysis/project/flink-metrics/flink-metrics-core/target/flink-metrics-core-1.14-SNAPSHOT.jar to /home/runner/.m2/repository/org/apache/flink/flink-metrics-core/1.14-SNAPSHOT/flink-metrics-core-1.14-SNAPSHOT.jar
[INFO] Installing /home/runner/work/sonar-analysis/sonar-analysis/project/flink-metrics/flink-metrics-core/target/dependency-reduced-pom.xml to /home/runner/.m2/repository/org/apache/flink/flink-metrics-core/1.14-SNAPSHOT/flink-metrics-core-1.14-SNAPSHOT.pom
[INFO] Installing /home/runner/work/sonar-analysis/sonar-analysis/project/flink-metrics/flink-metrics-core/target/flink-metrics-core-1.14-SNAPSHOT-tests.jar to /home/runner/.m2/repository/org/apache/flink/flink-metrics-core/1.14-SNAPSHOT/flink-metrics-core-1.14-SNAPSHOT-tests.jar
[INFO] Installing /home/runner/work/sonar-analysis/sonar-analysis/project/flink-metrics/flink-metrics-core/target/flink-metrics-core-1.14-SNAPSHOT-tests.jar to /home/runner/.m2/repository/org/apache/flink/flink-metrics-core/1.14-SNAPSHOT/flink-metrics-core-1.14-SNAPSHOT-tests.jar
[INFO] 
[INFO] --------------------< org.apache.flink:flink-core >---------------------
[INFO] Building Flink : Core 1.14-SNAPSHOT                              [7/185]
[INFO]   from flink-core/pom.xml
[INFO] --------------------------------[ jar ]---------------------------------
[INFO] 
[INFO] --- clean:3.1.0:clean (default-clean) @ flink-core ---
[INFO] Deleting /home/runner/work/sonar-analysis/sonar-analysis/project/flink-core/target
[INFO] 
[INFO] --- checkstyle:2.17:check (validate) @ flink-core ---
[INFO] 
[INFO] --- spotless:2.4.2:check (spotless-check) @ flink-core ---
[INFO] 
[INFO] --- enforcer:3.0.0-M1:enforce (enforce-maven-version) @ flink-core ---
[INFO] Skipping Rule Enforcement.
[INFO] 
[INFO] --- enforcer:3.0.0-M1:enforce (enforce-maven) @ flink-core ---
[INFO] Skipping Rule Enforcement.
[INFO] 
[INFO] --- enforcer:3.0.0-M1:enforce (ban-unsafe-snakeyaml) @ flink-core ---
[INFO] Skipping Rule Enforcement.
[INFO] 
[INFO] --- enforcer:3.0.0-M1:enforce (ban-unsafe-jackson) @ flink-core ---
[INFO] Skipping Rule Enforcement.
[INFO] 
[INFO] --- enforcer:3.0.0-M1:enforce (forbid-log4j-1) @ flink-core ---
[INFO] Skipping Rule Enforcement.
[INFO] 
[INFO] --- enforcer:3.0.0-M1:enforce (enforce-versions) @ flink-core ---
[INFO] Skipping Rule Enforcement.
[INFO] 
[INFO] --- directory:0.1:highest-basedir (directories) @ flink-core ---
[INFO] Highest basedir set to: /home/runner/work/sonar-analysis/sonar-analysis/project
[INFO] 
[INFO] --- remote-resources:1.5:process (process-resource-bundles) @ flink-core ---
[INFO] 
[INFO] --- resources:3.1.0:resources (default-resources) @ flink-core ---
[INFO] Using 'UTF-8' encoding to copy filtered resources.
[INFO] skip non existing resourceDirectory /home/runner/work/sonar-analysis/sonar-analysis/project/flink-core/src/main/resources
[INFO] Copying 3 resources
[INFO] 
[INFO] --- compiler:3.8.0:compile (default-compile) @ flink-core ---
[INFO] Compiling 795 source files to /home/runner/work/sonar-analysis/sonar-analysis/project/flink-core/target/classes
[WARNING] /home/runner/work/sonar-analysis/sonar-analysis/project/flink-core/src/main/java/org/apache/flink/util/NetUtils.java:[26,20] sun.net.util.IPAddressUtil is internal proprietary API and may be removed in a future release
[WARNING] /home/runner/work/sonar-analysis/sonar-analysis/project/flink-core/src/main/java/org/apache/flink/core/memory/MemoryUtils.java:[35,33] sun.misc.Unsafe is internal proprietary API and may be removed in a future release
[WARNING] /home/runner/work/sonar-analysis/sonar-analysis/project/flink-core/src/main/java/org/apache/flink/core/memory/MemoryUtils.java:[48,28] sun.misc.Unsafe is internal proprietary API and may be removed in a future release
[WARNING] /home/runner/work/sonar-analysis/sonar-analysis/project/flink-core/src/main/java/org/apache/flink/core/memory/MemoryUtils.java:[50,41] sun.misc.Unsafe is internal proprietary API and may be removed in a future release
[WARNING] /home/runner/work/sonar-analysis/sonar-analysis/project/flink-core/src/main/java/org/apache/flink/core/memory/MemoryUtils.java:[52,29] sun.misc.Unsafe is internal proprietary API and may be removed in a future release
[WARNING] /home/runner/work/sonar-analysis/sonar-analysis/project/flink-core/src/main/java/org/apache/flink/core/memory/MemorySegment.java:[81,34] sun.misc.Unsafe is internal proprietary API and may be removed in a future release
[WARNING] /home/runner/work/sonar-analysis/sonar-analysis/project/flink-core/src/main/java/org/apache/flink/core/memory/DataInputDeserializer.java:[405,34] sun.misc.Unsafe is internal proprietary API and may be removed in a future release
[WARNING] /home/runner/work/sonar-analysis/sonar-analysis/project/flink-core/src/main/java/org/apache/flink/core/memory/DataOutputSerializer.java:[366,34] sun.misc.Unsafe is internal proprietary API and may be removed in a future release
[WARNING] /home/runner/work/sonar-analysis/sonar-analysis/project/flink-core/src/main/java/org/apache/flink/types/Record.java:[1818,38] sun.misc.Unsafe is internal proprietary API and may be removed in a future release
[WARNING] /home/runner/work/sonar-analysis/sonar-analysis/project/flink-core/src/main/java/org/apache/flink/util/NetUtils.java:[162,21] sun.net.util.IPAddressUtil is internal proprietary API and may be removed in a future release
[WARNING] /home/runner/work/sonar-analysis/sonar-analysis/project/flink-core/src/main/java/org/apache/flink/util/NetUtils.java:[169,13] sun.net.util.IPAddressUtil is internal proprietary API and may be removed in a future release
[WARNING] /home/runner/work/sonar-analysis/sonar-analysis/project/flink-core/src/main/java/org/apache/flink/util/NetUtils.java:[170,34] sun.net.util.IPAddressUtil is internal proprietary API and may be removed in a future release
[WARNING] /home/runner/work/sonar-analysis/sonar-analysis/project/flink-core/src/main/java/org/apache/flink/util/NetUtils.java:[172,21] sun.net.util.IPAddressUtil is internal proprietary API and may be removed in a future release
[INFO] /home/runner/work/sonar-analysis/sonar-analysis/project/flink-core/src/main/java/org/apache/flink/api/java/typeutils/runtime/Tuple0Serializer.java: Some input files use or override a deprecated API.
[INFO] /home/runner/work/sonar-analysis/sonar-analysis/project/flink-core/src/main/java/org/apache/flink/api/java/typeutils/runtime/Tuple0Serializer.java: Recompile with -Xlint:deprecation for details.
[INFO] /home/runner/work/sonar-analysis/sonar-analysis/project/flink-core/src/main/java/org/apache/flink/api/common/typeutils/base/array/PrimitiveArrayComparator.java: Some input files use unchecked or unsafe operations.
[INFO] /home/runner/work/sonar-analysis/sonar-analysis/project/flink-core/src/main/java/org/apache/flink/api/common/typeutils/base/array/PrimitiveArrayComparator.java: Recompile with -Xlint:unchecked for details.
[INFO] 
[INFO] --- resources:3.1.0:testResources (default-testResources) @ flink-core ---
[INFO] Using 'UTF-8' encoding to copy filtered resources.
[INFO] Copying 316 resources
[INFO] Copying 3 resources
[INFO] 
[INFO] --- compiler:3.8.0:testCompile (default-testCompile) @ flink-core ---
[INFO] Compiling 424 source files to /home/runner/work/sonar-analysis/sonar-analysis/project/flink-core/target/test-classes
[WARNING] /home/runner/work/sonar-analysis/sonar-analysis/project/flink-core/src/test/java/org/apache/flink/api/java/typeutils/runtime/TestDataOutputSerializer.java:[279,34] sun.misc.Unsafe is internal proprietary API and may be removed in a future release
[WARNING] /home/runner/work/sonar-analysis/sonar-analysis/project/flink-core/src/test/java/org/apache/flink/api/java/typeutils/runtime/TestDataOutputSerializer.java:[279,34] sun.misc.Unsafe is internal proprietary API and may be removed in a future release
[WARNING] /home/runner/work/sonar-analysis/sonar-analysis/project/flink-core/src/test/java/org/apache/flink/api/java/typeutils/runtime/TestDataOutputSerializer.java:[279,34] sun.misc.Unsafe is internal proprietary API and may be removed in a future release
[WARNING] /home/runner/work/sonar-analysis/sonar-analysis/project/flink-core/src/test/java/org/apache/flink/api/java/typeutils/runtime/TestDataOutputSerializer.java:[279,34] sun.misc.Unsafe is internal proprietary API and may be removed in a future release
[INFO] /home/runner/work/sonar-analysis/sonar-analysis/project/flink-core/src/test/java/org/apache/flink/core/fs/LimitedConnectionsFileSystemDelegationTest.java: Some input files use or override a deprecated API.
[INFO] /home/runner/work/sonar-analysis/sonar-analysis/project/flink-core/src/test/java/org/apache/flink/core/fs/LimitedConnectionsFileSystemDelegationTest.java: Recompile with -Xlint:deprecation for details.
[INFO] /home/runner/work/sonar-analysis/sonar-analysis/project/flink-core/src/test/java/org/apache/flink/core/fs/FileSystemTest.java: Some input files use unchecked or unsafe operations.
[INFO] /home/runner/work/sonar-analysis/sonar-analysis/project/flink-core/src/test/java/org/apache/flink/core/fs/FileSystemTest.java: Recompile with -Xlint:unchecked for details.
[INFO] 
[INFO] --- surefire:2.22.1:test (default-test) @ flink-core ---
[INFO] Tests are skipped.
[INFO] 
[INFO] --- jar:2.4:jar (default-jar) @ flink-core ---
[INFO] Building jar: /home/runner/work/sonar-analysis/sonar-analysis/project/flink-core/target/flink-core-1.14-SNAPSHOT.jar
[INFO] 
[INFO] --- jar:2.4:test-jar (default) @ flink-core ---
[INFO] Building jar: /home/runner/work/sonar-analysis/sonar-analysis/project/flink-core/target/flink-core-1.14-SNAPSHOT-tests.jar
[INFO] 
[INFO] --- shade:3.2.1:shade (shade-flink) @ flink-core ---
[INFO] Excluding org.apache.flink:flink-annotations:jar:1.14-SNAPSHOT from the shaded jar.
[INFO] Excluding org.apache.flink:flink-metrics-core:jar:1.14-SNAPSHOT from the shaded jar.
[INFO] Excluding org.apache.flink:flink-shaded-asm-7:jar:7.1-13.0 from the shaded jar.
[INFO] Excluding org.apache.commons:commons-lang3:jar:3.3.2 from the shaded jar.
[INFO] Excluding com.esotericsoftware.kryo:kryo:jar:2.24.0 from the shaded jar.
[INFO] Excluding com.esotericsoftware.minlog:minlog:jar:1.2 from the shaded jar.
[INFO] Excluding org.objenesis:objenesis:jar:2.1 from the shaded jar.
[INFO] Excluding commons-collections:commons-collections:jar:3.2.2 from the shaded jar.
[INFO] Excluding org.apache.commons:commons-compress:jar:1.20 from the shaded jar.
[INFO] Excluding org.apache.flink:flink-shaded-guava:jar:18.0-13.0 from the shaded jar.
[INFO] Including org.apache.flink:flink-shaded-force-shading:jar:13.0 in the shaded jar.
[INFO] Excluding org.slf4j:slf4j-api:jar:1.7.15 from the shaded jar.
[INFO] Excluding com.google.code.findbugs:jsr305:jar:1.3.9 from the shaded jar.
[INFO] No artifact matching filter io.netty:netty
[INFO] Replacing original artifact with shaded artifact.
[INFO] Replacing /home/runner/work/sonar-analysis/sonar-analysis/project/flink-core/target/flink-core-1.14-SNAPSHOT.jar with /home/runner/work/sonar-analysis/sonar-analysis/project/flink-core/target/flink-core-1.14-SNAPSHOT-shaded.jar
[INFO] Replacing original test artifact with shaded test artifact.
[INFO] Replacing /home/runner/work/sonar-analysis/sonar-analysis/project/flink-core/target/flink-core-1.14-SNAPSHOT-tests.jar with /home/runner/work/sonar-analysis/sonar-analysis/project/flink-core/target/flink-core-1.14-SNAPSHOT-shaded-tests.jar
[INFO] Dependency-reduced POM written at: /home/runner/work/sonar-analysis/sonar-analysis/project/flink-core/target/dependency-reduced-pom.xml
[INFO] 
[INFO] --- surefire:2.22.1:test (integration-tests) @ flink-core ---
[INFO] Tests are skipped.
[INFO] 
[INFO] --- japicmp:0.11.0:cmp (default) @ flink-core ---
[INFO] Written file '/home/runner/work/sonar-analysis/sonar-analysis/project/tools/japicmp-output/flink-core/japicmp/japicmp.diff'.
[INFO] Written file '/home/runner/work/sonar-analysis/sonar-analysis/project/tools/japicmp-output/flink-core/japicmp/japicmp.xml'.
[INFO] Written file '/home/runner/work/sonar-analysis/sonar-analysis/project/tools/japicmp-output/flink-core/japicmp/japicmp.html'.
[INFO] 
[INFO] --- install:2.5.2:install (default-install) @ flink-core ---
[INFO] Installing /home/runner/work/sonar-analysis/sonar-analysis/project/flink-core/target/flink-core-1.14-SNAPSHOT.jar to /home/runner/.m2/repository/org/apache/flink/flink-core/1.14-SNAPSHOT/flink-core-1.14-SNAPSHOT.jar
[INFO] Installing /home/runner/work/sonar-analysis/sonar-analysis/project/flink-core/target/dependency-reduced-pom.xml to /home/runner/.m2/repository/org/apache/flink/flink-core/1.14-SNAPSHOT/flink-core-1.14-SNAPSHOT.pom
[INFO] Installing /home/runner/work/sonar-analysis/sonar-analysis/project/flink-core/target/flink-core-1.14-SNAPSHOT-tests.jar to /home/runner/.m2/repository/org/apache/flink/flink-core/1.14-SNAPSHOT/flink-core-1.14-SNAPSHOT-tests.jar
[INFO] Installing /home/runner/work/sonar-analysis/sonar-analysis/project/flink-core/target/flink-core-1.14-SNAPSHOT-tests.jar to /home/runner/.m2/repository/org/apache/flink/flink-core/1.14-SNAPSHOT/flink-core-1.14-SNAPSHOT-tests.jar
[INFO] 
[INFO] --------------------< org.apache.flink:flink-java >---------------------
[INFO] Building Flink : Java 1.14-SNAPSHOT                              [8/185]
[INFO]   from flink-java/pom.xml
[INFO] --------------------------------[ jar ]---------------------------------
[INFO] 
[INFO] --- clean:3.1.0:clean (default-clean) @ flink-java ---
[INFO] Deleting /home/runner/work/sonar-analysis/sonar-analysis/project/flink-java/target
[INFO] 
[INFO] --- checkstyle:2.17:check (validate) @ flink-java ---
[INFO] 
[INFO] --- spotless:2.4.2:check (spotless-check) @ flink-java ---
[INFO] 
[INFO] --- enforcer:3.0.0-M1:enforce (enforce-maven-version) @ flink-java ---
[INFO] Skipping Rule Enforcement.
[INFO] 
[INFO] --- enforcer:3.0.0-M1:enforce (enforce-maven) @ flink-java ---
[INFO] Skipping Rule Enforcement.
[INFO] 
[INFO] --- enforcer:3.0.0-M1:enforce (ban-unsafe-snakeyaml) @ flink-java ---
[INFO] Skipping Rule Enforcement.
[INFO] 
[INFO] --- enforcer:3.0.0-M1:enforce (ban-unsafe-jackson) @ flink-java ---
[INFO] Skipping Rule Enforcement.
[INFO] 
[INFO] --- enforcer:3.0.0-M1:enforce (forbid-log4j-1) @ flink-java ---
[INFO] Skipping Rule Enforcement.
[INFO] 
[INFO] --- enforcer:3.0.0-M1:enforce (enforce-versions) @ flink-java ---
[INFO] Skipping Rule Enforcement.
[INFO] 
[INFO] --- directory:0.1:highest-basedir (directories) @ flink-java ---
[INFO] Highest basedir set to: /home/runner/work/sonar-analysis/sonar-analysis/project
[INFO] 
[INFO] --- remote-resources:1.5:process (process-resource-bundles) @ flink-java ---
[INFO] 
[INFO] --- resources:3.1.0:resources (default-resources) @ flink-java ---
[INFO] Using 'UTF-8' encoding to copy filtered resources.
[INFO] skip non existing resourceDirectory /home/runner/work/sonar-analysis/sonar-analysis/project/flink-java/src/main/resources
[INFO] Copying 3 resources
[INFO] 
[INFO] --- compiler:3.8.0:compile (default-compile) @ flink-java ---
[INFO] Compiling 145 source files to /home/runner/work/sonar-analysis/sonar-analysis/project/flink-java/target/classes
[INFO] /home/runner/work/sonar-analysis/sonar-analysis/project/flink-java/src/main/java/org/apache/flink/api/java/operators/translation/PlanProjectOperator.java: Some input files use or override a deprecated API.
[INFO] /home/runner/work/sonar-analysis/sonar-analysis/project/flink-java/src/main/java/org/apache/flink/api/java/operators/translation/PlanProjectOperator.java: Recompile with -Xlint:deprecation for details.
[INFO] /home/runner/work/sonar-analysis/sonar-analysis/project/flink-java/src/main/java/org/apache/flink/api/java/utils/ParameterTool.java: Some input files use unchecked or unsafe operations.
[INFO] /home/runner/work/sonar-analysis/sonar-analysis/project/flink-java/src/main/java/org/apache/flink/api/java/utils/ParameterTool.java: Recompile with -Xlint:unchecked for details.
[INFO] 
[INFO] --- resources:3.1.0:testResources (default-testResources) @ flink-java ---
[INFO] Using 'UTF-8' encoding to copy filtered resources.
[INFO] Copying 2 resources
[INFO] Copying 3 resources
[INFO] 
[INFO] --- compiler:3.8.0:testCompile (default-testCompile) @ flink-java ---
[INFO] Compiling 81 source files to /home/runner/work/sonar-analysis/sonar-analysis/project/flink-java/target/test-classes
[INFO] /home/runner/work/sonar-analysis/sonar-analysis/project/flink-java/src/test/java/org/apache/flink/api/java/summarize/aggregation/AggregateCombineHarness.java: Some input files use or override a deprecated API.
[INFO] /home/runner/work/sonar-analysis/sonar-analysis/project/flink-java/src/test/java/org/apache/flink/api/java/summarize/aggregation/AggregateCombineHarness.java: Recompile with -Xlint:deprecation for details.
[INFO] /home/runner/work/sonar-analysis/sonar-analysis/project/flink-java/src/test/java/org/apache/flink/api/java/utils/AbstractParameterToolTest.java: Some input files use unchecked or unsafe operations.
[INFO] /home/runner/work/sonar-analysis/sonar-analysis/project/flink-java/src/test/java/org/apache/flink/api/java/utils/AbstractParameterToolTest.java: Recompile with -Xlint:unchecked for details.
[INFO] 
[INFO] --- surefire:2.22.1:test (default-test) @ flink-java ---
[INFO] Tests are skipped.
[INFO] 
[INFO] --- jar:2.4:jar (default-jar) @ flink-java ---
[INFO] Building jar: /home/runner/work/sonar-analysis/sonar-analysis/project/flink-java/target/flink-java-1.14-SNAPSHOT.jar
[INFO] 
[INFO] --- jar:2.4:test-jar (default) @ flink-java ---
[INFO] Building jar: /home/runner/work/sonar-analysis/sonar-analysis/project/flink-java/target/flink-java-1.14-SNAPSHOT-tests.jar
[INFO] 
[INFO] --- shade:3.2.1:shade (shade-flink) @ flink-java ---
[INFO] Excluding org.apache.flink:flink-core:jar:1.14-SNAPSHOT from the shaded jar.
[INFO] Excluding org.apache.flink:flink-annotations:jar:1.14-SNAPSHOT from the shaded jar.
[INFO] Excluding org.apache.flink:flink-metrics-core:jar:1.14-SNAPSHOT from the shaded jar.
[INFO] Excluding org.apache.flink:flink-shaded-asm-7:jar:7.1-13.0 from the shaded jar.
[INFO] Excluding com.esotericsoftware.kryo:kryo:jar:2.24.0 from the shaded jar.
[INFO] Excluding com.esotericsoftware.minlog:minlog:jar:1.2 from the shaded jar.
[INFO] Excluding commons-collections:commons-collections:jar:3.2.2 from the shaded jar.
[INFO] Excluding org.apache.commons:commons-compress:jar:1.20 from the shaded jar.
[INFO] Excluding org.apache.flink:flink-shaded-guava:jar:18.0-13.0 from the shaded jar.
[INFO] Excluding org.apache.commons:commons-lang3:jar:3.3.2 from the shaded jar.
[INFO] Excluding org.apache.commons:commons-math3:jar:3.5 from the shaded jar.
[INFO] Including org.apache.flink:flink-shaded-force-shading:jar:13.0 in the shaded jar.
[INFO] Excluding org.slf4j:slf4j-api:jar:1.7.15 from the shaded jar.
[INFO] Excluding com.google.code.findbugs:jsr305:jar:1.3.9 from the shaded jar.
[INFO] Excluding org.objenesis:objenesis:jar:2.1 from the shaded jar.
[INFO] No artifact matching filter io.netty:netty
[INFO] Replacing original artifact with shaded artifact.
[INFO] Replacing /home/runner/work/sonar-analysis/sonar-analysis/project/flink-java/target/flink-java-1.14-SNAPSHOT.jar with /home/runner/work/sonar-analysis/sonar-analysis/project/flink-java/target/flink-java-1.14-SNAPSHOT-shaded.jar
[INFO] Replacing original test artifact with shaded test artifact.
[INFO] Replacing /home/runner/work/sonar-analysis/sonar-analysis/project/flink-java/target/flink-java-1.14-SNAPSHOT-tests.jar with /home/runner/work/sonar-analysis/sonar-analysis/project/flink-java/target/flink-java-1.14-SNAPSHOT-shaded-tests.jar
[INFO] Dependency-reduced POM written at: /home/runner/work/sonar-analysis/sonar-analysis/project/flink-java/target/dependency-reduced-pom.xml
[INFO] 
[INFO] --- surefire:2.22.1:test (integration-tests) @ flink-java ---
[INFO] Tests are skipped.
[INFO] 
[INFO] --- japicmp:0.11.0:cmp (default) @ flink-java ---
[INFO] Written file '/home/runner/work/sonar-analysis/sonar-analysis/project/tools/japicmp-output/flink-java/japicmp/japicmp.diff'.
[INFO] Written file '/home/runner/work/sonar-analysis/sonar-analysis/project/tools/japicmp-output/flink-java/japicmp/japicmp.xml'.
[INFO] Written file '/home/runner/work/sonar-analysis/sonar-analysis/project/tools/japicmp-output/flink-java/japicmp/japicmp.html'.
[INFO] 
[INFO] --- install:2.5.2:install (default-install) @ flink-java ---
[INFO] Installing /home/runner/work/sonar-analysis/sonar-analysis/project/flink-java/target/flink-java-1.14-SNAPSHOT.jar to /home/runner/.m2/repository/org/apache/flink/flink-java/1.14-SNAPSHOT/flink-java-1.14-SNAPSHOT.jar
[INFO] Installing /home/runner/work/sonar-analysis/sonar-analysis/project/flink-java/target/dependency-reduced-pom.xml to /home/runner/.m2/repository/org/apache/flink/flink-java/1.14-SNAPSHOT/flink-java-1.14-SNAPSHOT.pom
[INFO] Installing /home/runner/work/sonar-analysis/sonar-analysis/project/flink-java/target/flink-java-1.14-SNAPSHOT-tests.jar to /home/runner/.m2/repository/org/apache/flink/flink-java/1.14-SNAPSHOT/flink-java-1.14-SNAPSHOT-tests.jar
[INFO] Installing /home/runner/work/sonar-analysis/sonar-analysis/project/flink-java/target/flink-java-1.14-SNAPSHOT-tests.jar to /home/runner/.m2/repository/org/apache/flink/flink-java/1.14-SNAPSHOT/flink-java-1.14-SNAPSHOT-tests.jar
[INFO] 
[INFO] -----------------< org.apache.flink:flink-scala_2.11 >------------------
[INFO] Building Flink : Scala 1.14-SNAPSHOT                             [9/185]
[INFO]   from flink-scala/pom.xml
[INFO] --------------------------------[ jar ]---------------------------------
[INFO] 
[INFO] --- clean:3.1.0:clean (default-clean) @ flink-scala_2.11 ---
[INFO] Deleting /home/runner/work/sonar-analysis/sonar-analysis/project/flink-scala/target
[INFO] 
[INFO] --- checkstyle:2.17:check (validate) @ flink-scala_2.11 ---
[INFO] 
[INFO] --- spotless:2.4.2:check (spotless-check) @ flink-scala_2.11 ---
[INFO] 
[INFO] --- enforcer:3.0.0-M1:enforce (enforce-maven-version) @ flink-scala_2.11 ---
[INFO] Skipping Rule Enforcement.
[INFO] 
[INFO] --- enforcer:3.0.0-M1:enforce (enforce-maven) @ flink-scala_2.11 ---
[INFO] Skipping Rule Enforcement.
[INFO] 
[INFO] --- enforcer:3.0.0-M1:enforce (ban-unsafe-snakeyaml) @ flink-scala_2.11 ---
[INFO] Skipping Rule Enforcement.
[INFO] 
[INFO] --- enforcer:3.0.0-M1:enforce (ban-unsafe-jackson) @ flink-scala_2.11 ---
[INFO] Skipping Rule Enforcement.
[INFO] 
[INFO] --- enforcer:3.0.0-M1:enforce (forbid-log4j-1) @ flink-scala_2.11 ---
[INFO] Skipping Rule Enforcement.
[INFO] 
[INFO] --- enforcer:3.0.0-M1:enforce (enforce-versions) @ flink-scala_2.11 ---
[INFO] Skipping Rule Enforcement.
[INFO] 
[INFO] --- directory:0.1:highest-basedir (directories) @ flink-scala_2.11 ---
[INFO] Highest basedir set to: /home/runner/work/sonar-analysis/sonar-analysis/project
[INFO] 
[INFO] --- build-helper:1.7:add-source (add-source) @ flink-scala_2.11 ---
[INFO] Source directory: /home/runner/work/sonar-analysis/sonar-analysis/project/flink-scala/src/main/scala added.
[INFO] 
[INFO] --- remote-resources:1.5:process (process-resource-bundles) @ flink-scala_2.11 ---
[INFO] 
[INFO] --- resources:3.1.0:resources (default-resources) @ flink-scala_2.11 ---
[INFO] Using 'UTF-8' encoding to copy filtered resources.
[INFO] skip non existing resourceDirectory /home/runner/work/sonar-analysis/sonar-analysis/project/flink-scala/src/main/resources
[INFO] Copying 3 resources
[INFO] 
[INFO] --- scala:3.2.2:compile (scala-compile-first) @ flink-scala_2.11 ---
[INFO] /home/runner/work/sonar-analysis/sonar-analysis/project/flink-scala/src/main/java:-1: info: compiling
[INFO] /home/runner/work/sonar-analysis/sonar-analysis/project/flink-scala/src/main/scala:-1: info: compiling
[INFO] Compiling 68 source files to /home/runner/work/sonar-analysis/sonar-analysis/project/flink-scala/target/classes at 1783294011844
[WARNING] /home/runner/work/sonar-analysis/sonar-analysis/project/flink-scala/src/main/scala/org/apache/flink/api/scala/typeutils/ScalaCaseClassSerializer.scala:104: warning: abstract type pattern reflect.runtime.universe.MethodSymbol is unchecked since it is eliminated by erasure
[WARNING]         case constructorSymbol: universe.MethodSymbol if constructorSymbol.isPrimaryConstructor =>
[WARNING]                                          ^
[WARNING] warning: there were 52 deprecation warnings; re-run with -deprecation for details
[WARNING] warning: there were 9 feature warnings; re-run with -feature for details
[WARNING] three warnings found
[INFO] prepare-compile in 0 s
[INFO] compile in 15 s
[INFO] 
[INFO] --- compiler:3.8.0:compile (default-compile) @ flink-scala_2.11 ---
[INFO] Compiling 13 source files to /home/runner/work/sonar-analysis/sonar-analysis/project/flink-scala/target/classes
[INFO] /home/runner/work/sonar-analysis/sonar-analysis/project/flink-scala/src/main/scala/org/apache/flink/runtime/types/PriorityQueueSerializer.java: Some input files use unchecked or unsafe operations.
[INFO] /home/runner/work/sonar-analysis/sonar-analysis/project/flink-scala/src/main/scala/org/apache/flink/runtime/types/PriorityQueueSerializer.java: Recompile with -Xlint:unchecked for details.
[INFO] 
[INFO] --- build-helper:1.7:add-test-source (add-test-source) @ flink-scala_2.11 ---
[INFO] Test Source directory: /home/runner/work/sonar-analysis/sonar-analysis/project/flink-scala/src/test/java added.
[INFO] Test Source directory: /home/runner/work/sonar-analysis/sonar-analysis/project/flink-scala/src/test/scala added.
[INFO] 
[INFO] --- resources:3.1.0:testResources (default-testResources) @ flink-scala_2.11 ---
[INFO] Using 'UTF-8' encoding to copy filtered resources.
[INFO] Copying 60 resources
[INFO] Copying 3 resources
[INFO] 
[INFO] --- scala:3.2.2:testCompile (scala-test-compile) @ flink-scala_2.11 ---
[WARNING] Plugin is modifying testCompileSourceRoots through add(), which will not work in Maven 4.0.0. Use MavenProject.addTestCompileSourceRoot()/removeTestCompileSourceRoot() methods instead. If using a plugin, please upgrade to the latest version or report the issue to the plugin maintainer. To disable these warnings, set -Dmaven.project.sourceRoots.warningsDisabled=true on the command line, in the .mvn/maven.config file, or in project POM properties.
[INFO] /home/runner/work/sonar-analysis/sonar-analysis/project/flink-scala/src/test/java:-1: info: compiling
[INFO] /home/runner/work/sonar-analysis/sonar-analysis/project/flink-scala/src/test/scala:-1: info: compiling
[INFO] Compiling 62 source files to /home/runner/work/sonar-analysis/sonar-analysis/project/flink-scala/target/test-classes at 1783294027109
[WARNING] /home/runner/work/sonar-analysis/sonar-analysis/project/flink-scala/src/test/scala/org/apache/flink/api/scala/typeutils/ScalaCaseClassSerializerTest.scala:32: warning: Type Any has no fields that are visible from Scala Type analysis. Falling back to Java Type Analysis (TypeExtractor).
[WARNING]   val serializer = createTypeInformation[SimpleCaseClass]
[WARNING]                                         ^
[WARNING] warning: there were 9 deprecation warnings; re-run with -deprecation for details
[WARNING] two warnings found
[INFO] prepare-compile in 0 s
[INFO] compile in 16 s
[INFO] 
[INFO] --- compiler:3.8.0:testCompile (default-testCompile) @ flink-scala_2.11 ---
[INFO] Compiling 5 source files to /home/runner/work/sonar-analysis/sonar-analysis/project/flink-scala/target/test-classes
[INFO] /home/runner/work/sonar-analysis/sonar-analysis/project/flink-scala/src/test/java/org/apache/flink/runtime/misc/KryoSerializerRegistrationsTest.java: /home/runner/work/sonar-analysis/sonar-analysis/project/flink-scala/src/test/java/org/apache/flink/runtime/misc/KryoSerializerRegistrationsTest.java uses or overrides a deprecated API.
[INFO] /home/runner/work/sonar-analysis/sonar-analysis/project/flink-scala/src/test/java/org/apache/flink/runtime/misc/KryoSerializerRegistrationsTest.java: Recompile with -Xlint:deprecation for details.
[INFO] 
[INFO] --- surefire:2.22.1:test (default-test) @ flink-scala_2.11 ---
[INFO] Tests are skipped.
[INFO] 
[INFO] --- jar:2.4:jar (default-jar) @ flink-scala_2.11 ---
[INFO] Building jar: /home/runner/work/sonar-analysis/sonar-analysis/project/flink-scala/target/flink-scala_2.11-1.14-SNAPSHOT.jar
[INFO] 
[INFO] --- jar:2.4:test-jar (default) @ flink-scala_2.11 ---
[INFO] Building jar: /home/runner/work/sonar-analysis/sonar-analysis/project/flink-scala/target/flink-scala_2.11-1.14-SNAPSHOT-tests.jar
[INFO] 
[INFO] --- shade:3.2.1:shade (shade-flink) @ flink-scala_2.11 ---
[INFO] Excluding org.apache.flink:flink-core:jar:1.14-SNAPSHOT from the shaded jar.
[INFO] Excluding org.apache.flink:flink-annotations:jar:1.14-SNAPSHOT from the shaded jar.
[INFO] Excluding org.apache.flink:flink-metrics-core:jar:1.14-SNAPSHOT from the shaded jar.
[INFO] Excluding org.apache.commons:commons-lang3:jar:3.3.2 from the shaded jar.
[INFO] Excluding com.esotericsoftware.kryo:kryo:jar:2.24.0 from the shaded jar.
[INFO] Excluding com.esotericsoftware.minlog:minlog:jar:1.2 from the shaded jar.
[INFO] Excluding commons-collections:commons-collections:jar:3.2.2 from the shaded jar.
[INFO] Excluding org.apache.commons:commons-compress:jar:1.20 from the shaded jar.
[INFO] Excluding org.apache.flink:flink-shaded-guava:jar:18.0-13.0 from the shaded jar.
[INFO] Excluding org.apache.flink:flink-java:jar:1.14-SNAPSHOT from the shaded jar.
[INFO] Excluding org.apache.commons:commons-math3:jar:3.5 from the shaded jar.
[INFO] Excluding org.apache.flink:flink-shaded-asm-7:jar:7.1-13.0 from the shaded jar.
[INFO] Excluding org.scala-lang:scala-reflect:jar:2.11.12 from the shaded jar.
[INFO] Excluding org.scala-lang:scala-library:jar:2.11.12 from the shaded jar.
[INFO] Excluding org.scala-lang:scala-compiler:jar:2.11.12 from the shaded jar.
[INFO] Excluding org.scala-lang.modules:scala-xml_2.11:jar:1.0.5 from the shaded jar.
[INFO] Excluding org.scala-lang.modules:scala-parser-combinators_2.11:jar:1.1.1 from the shaded jar.
[INFO] Excluding com.twitter:chill_2.11:jar:0.7.6 from the shaded jar.
[INFO] Excluding com.twitter:chill-java:jar:0.7.6 from the shaded jar.
[INFO] Including org.apache.flink:flink-shaded-force-shading:jar:13.0 in the shaded jar.
[INFO] Excluding org.slf4j:slf4j-api:jar:1.7.15 from the shaded jar.
[INFO] Excluding com.google.code.findbugs:jsr305:jar:1.3.9 from the shaded jar.
[INFO] Excluding org.objenesis:objenesis:jar:2.1 from the shaded jar.
[INFO] No artifact matching filter io.netty:netty
[INFO] Replacing original artifact with shaded artifact.
[INFO] Replacing /home/runner/work/sonar-analysis/sonar-analysis/project/flink-scala/target/flink-scala_2.11-1.14-SNAPSHOT.jar with /home/runner/work/sonar-analysis/sonar-analysis/project/flink-scala/target/flink-scala_2.11-1.14-SNAPSHOT-shaded.jar
[INFO] Replacing original test artifact with shaded test artifact.
[INFO] Replacing /home/runner/work/sonar-analysis/sonar-analysis/project/flink-scala/target/flink-scala_2.11-1.14-SNAPSHOT-tests.jar with /home/runner/work/sonar-analysis/sonar-analysis/project/flink-scala/target/flink-scala_2.11-1.14-SNAPSHOT-shaded-tests.jar
[INFO] Dependency-reduced POM written at: /home/runner/work/sonar-analysis/sonar-analysis/project/flink-scala/target/dependency-reduced-pom.xml
[INFO] 
[INFO] --- surefire:2.22.1:test (integration-tests) @ flink-scala_2.11 ---
[INFO] Tests are skipped.
[INFO] 
[INFO] --- scalastyle:1.0.0:check (default) @ flink-scala_2.11 ---
Saving to outputFile=/home/runner/work/sonar-analysis/sonar-analysis/project/flink-scala/target/scalastyle-output.xml
Processed 112 file(s)
Found 0 errors
Found 0 warnings
Found 0 infos
Finished in 1708 ms
[INFO] 
[INFO] --- japicmp:0.11.0:cmp (default) @ flink-scala_2.11 ---
[INFO] Written file '/home/runner/work/sonar-analysis/sonar-analysis/project/tools/japicmp-output/flink-scala_2.11/japicmp/japicmp.diff'.
[INFO] Written file '/home/runner/work/sonar-analysis/sonar-analysis/project/tools/japicmp-output/flink-scala_2.11/japicmp/japicmp.xml'.
[INFO] Written file '/home/runner/work/sonar-analysis/sonar-analysis/project/tools/japicmp-output/flink-scala_2.11/japicmp/japicmp.html'.
[INFO] 
[INFO] --- install:2.5.2:install (default-install) @ flink-scala_2.11 ---
[INFO] Installing /home/runner/work/sonar-analysis/sonar-analysis/project/flink-scala/target/flink-scala_2.11-1.14-SNAPSHOT.jar to /home/runner/.m2/repository/org/apache/flink/flink-scala_2.11/1.14-SNAPSHOT/flink-scala_2.11-1.14-SNAPSHOT.jar
[INFO] Installing /home/runner/work/sonar-analysis/sonar-analysis/project/flink-scala/target/dependency-reduced-pom.xml to /home/runner/.m2/repository/org/apache/flink/flink-scala_2.11/1.14-SNAPSHOT/flink-scala_2.11-1.14-SNAPSHOT.pom
[INFO] Installing /home/runner/work/sonar-analysis/sonar-analysis/project/flink-scala/target/flink-scala_2.11-1.14-SNAPSHOT-tests.jar to /home/runner/.m2/repository/org/apache/flink/flink-scala_2.11/1.14-SNAPSHOT/flink-scala_2.11-1.14-SNAPSHOT-tests.jar
[INFO] Installing /home/runner/work/sonar-analysis/sonar-analysis/project/flink-scala/target/flink-scala_2.11-1.14-SNAPSHOT-tests.jar to /home/runner/.m2/repository/org/apache/flink/flink-scala_2.11/1.14-SNAPSHOT/flink-scala_2.11-1.14-SNAPSHOT-tests.jar
[INFO] 
[INFO] -----------------< org.apache.flink:flink-filesystems >-----------------
[INFO] Building Flink : FileSystems : 1.14-SNAPSHOT                    [10/185]
[INFO]   from flink-filesystems/pom.xml
[INFO] --------------------------------[ pom ]---------------------------------
[INFO] 
[INFO] --- clean:3.1.0:clean (default-clean) @ flink-filesystems ---
[INFO] Deleting /home/runner/work/sonar-analysis/sonar-analysis/project/flink-filesystems/target
[INFO] 
[INFO] --- checkstyle:2.17:check (validate) @ flink-filesystems ---
[INFO] 
[INFO] --- spotless:2.4.2:check (spotless-check) @ flink-filesystems ---
[INFO] 
[INFO] --- enforcer:3.0.0-M1:enforce (enforce-maven-version) @ flink-filesystems ---
[INFO] Skipping Rule Enforcement.
[INFO] 
[INFO] --- enforcer:3.0.0-M1:enforce (enforce-maven) @ flink-filesystems ---
[INFO] Skipping Rule Enforcement.
[INFO] 
[INFO] --- enforcer:3.0.0-M1:enforce (ban-unsafe-snakeyaml) @ flink-filesystems ---
[INFO] Skipping Rule Enforcement.
[INFO] 
[INFO] --- enforcer:3.0.0-M1:enforce (ban-unsafe-jackson) @ flink-filesystems ---
[INFO] Skipping Rule Enforcement.
[INFO] 
[INFO] --- enforcer:3.0.0-M1:enforce (forbid-log4j-1) @ flink-filesystems ---
[INFO] Skipping Rule Enforcement.
[INFO] 
[INFO] --- enforcer:3.0.0-M1:enforce (enforce-versions) @ flink-filesystems ---
[INFO] Skipping Rule Enforcement.
[INFO] 
[INFO] --- directory:0.1:highest-basedir (directories) @ flink-filesystems ---
[INFO] Highest basedir set to: /home/runner/work/sonar-analysis/sonar-analysis/project
[INFO] 
[INFO] --- remote-resources:1.5:process (process-resource-bundles) @ flink-filesystems ---
[INFO] 
[INFO] --- surefire:2.22.1:test (default-test) @ flink-filesystems ---
[INFO] Tests are skipped.
[INFO] 
[INFO] --- shade:3.2.1:shade (shade-flink) @ flink-filesystems ---
[INFO] Including org.apache.flink:flink-shaded-force-shading:jar:13.0 in the shaded jar.
[INFO] No artifact matching filter io.netty:netty
[INFO] Replacing original artifact with shaded artifact.
[INFO] 
[INFO] --- surefire:2.22.1:test (integration-tests) @ flink-filesystems ---
[INFO] Tests are skipped.
[INFO] 
[INFO] --- install:2.5.2:install (default-install) @ flink-filesystems ---
[INFO] Installing /home/runner/work/sonar-analysis/sonar-analysis/project/flink-filesystems/pom.xml to /home/runner/.m2/repository/org/apache/flink/flink-filesystems/1.14-SNAPSHOT/flink-filesystems-1.14-SNAPSHOT.pom
[INFO] 
[INFO] ------------------< org.apache.flink:flink-hadoop-fs >------------------
[INFO] Building Flink : FileSystems : Hadoop FS 1.14-SNAPSHOT          [11/185]
[INFO]   from flink-filesystems/flink-hadoop-fs/pom.xml
[INFO] --------------------------------[ jar ]---------------------------------
[WARNING] 1 problem was encountered while building the effective model for org.apache.hadoop:hadoop-annotations:jar:2.4.1 during dependency collection step for project (use -X to see details)
[WARNING] 2 problems were encountered while building the effective model for org.apache.yetus:audience-annotations:jar:0.5.0 during dependency collection step for project (use -X to see details)
[INFO] 
[INFO] --- clean:3.1.0:clean (default-clean) @ flink-hadoop-fs ---
[INFO] Deleting /home/runner/work/sonar-analysis/sonar-analysis/project/flink-filesystems/flink-hadoop-fs/target
[INFO] 
[INFO] --- checkstyle:2.17:check (validate) @ flink-hadoop-fs ---
[INFO] 
[INFO] --- spotless:2.4.2:check (spotless-check) @ flink-hadoop-fs ---
[INFO] 
[INFO] --- enforcer:3.0.0-M1:enforce (enforce-maven-version) @ flink-hadoop-fs ---
[INFO] Skipping Rule Enforcement.
[INFO] 
[INFO] --- enforcer:3.0.0-M1:enforce (enforce-maven) @ flink-hadoop-fs ---
[INFO] Skipping Rule Enforcement.
[INFO] 
[INFO] --- enforcer:3.0.0-M1:enforce (ban-unsafe-snakeyaml) @ flink-hadoop-fs ---
[INFO] Skipping Rule Enforcement.
[INFO] 
[INFO] --- enforcer:3.0.0-M1:enforce (ban-unsafe-jackson) @ flink-hadoop-fs ---
[INFO] Skipping Rule Enforcement.
[INFO] 
[INFO] --- enforcer:3.0.0-M1:enforce (forbid-log4j-1) @ flink-hadoop-fs ---
[INFO] Skipping Rule Enforcement.
[INFO] 
[INFO] --- enforcer:3.0.0-M1:enforce (enforce-versions) @ flink-hadoop-fs ---
[INFO] Skipping Rule Enforcement.
[INFO] 
[INFO] --- directory:0.1:highest-basedir (directories) @ flink-hadoop-fs ---
[INFO] Highest basedir set to: /home/runner/work/sonar-analysis/sonar-analysis/project
[INFO] 
[INFO] --- remote-resources:1.5:process (process-resource-bundles) @ flink-hadoop-fs ---
[INFO] 
[INFO] --- resources:3.1.0:resources (default-resources) @ flink-hadoop-fs ---
[INFO] Using 'UTF-8' encoding to copy filtered resources.
[INFO] skip non existing resourceDirectory /home/runner/work/sonar-analysis/sonar-analysis/project/flink-filesystems/flink-hadoop-fs/src/main/resources
[INFO] Copying 3 resources
[INFO] 
[INFO] --- compiler:3.8.0:compile (default-compile) @ flink-hadoop-fs ---
[INFO] Compiling 13 source files to /home/runner/work/sonar-analysis/sonar-analysis/project/flink-filesystems/flink-hadoop-fs/target/classes
[INFO] /home/runner/work/sonar-analysis/sonar-analysis/project/flink-filesystems/flink-hadoop-fs/src/main/java/org/apache/flink/runtime/util/HadoopConfigLoader.java: Some input files use or override a deprecated API.
[INFO] /home/runner/work/sonar-analysis/sonar-analysis/project/flink-filesystems/flink-hadoop-fs/src/main/java/org/apache/flink/runtime/util/HadoopConfigLoader.java: Recompile with -Xlint:deprecation for details.
[INFO] 
[INFO] --- resources:3.1.0:testResources (default-testResources) @ flink-hadoop-fs ---
[INFO] Using 'UTF-8' encoding to copy filtered resources.
[INFO] Copying 2 resources
[INFO] Copying 3 resources
[INFO] 
[INFO] --- compiler:3.8.0:testCompile (default-testCompile) @ flink-hadoop-fs ---
[INFO] Compiling 14 source files to /home/runner/work/sonar-analysis/sonar-analysis/project/flink-filesystems/flink-hadoop-fs/target/test-classes
[WARNING] /home/runner/work/sonar-analysis/sonar-analysis/project/flink-filesystems/flink-hadoop-fs/src/test/java/org/apache/flink/runtime/util/HadoopUtilsTest.java:[32,25] sun.security.krb5.KrbException is internal proprietary API and may be removed in a future release
[WARNING] /home/runner/work/sonar-analysis/sonar-analysis/project/flink-filesystems/flink-hadoop-fs/src/test/java/org/apache/flink/runtime/util/HadoopUtilsTest.java:[32,25] sun.security.krb5.KrbException is internal proprietary API and may be removed in a future release
[WARNING] /home/runner/work/sonar-analysis/sonar-analysis/project/flink-filesystems/flink-hadoop-fs/src/test/java/org/apache/flink/runtime/util/HadoopUtilsTest.java:[32,25] sun.security.krb5.KrbException is internal proprietary API and may be removed in a future release
[WARNING] /home/runner/work/sonar-analysis/sonar-analysis/project/flink-filesystems/flink-hadoop-fs/src/test/java/org/apache/flink/runtime/util/HadoopUtilsTest.java:[44,73] sun.security.krb5.KrbException is internal proprietary API and may be removed in a future release
[WARNING] /home/runner/work/sonar-analysis/sonar-analysis/project/flink-filesystems/flink-hadoop-fs/src/test/java/org/apache/flink/runtime/util/HadoopUtilsTest.java:[44,73] sun.security.krb5.KrbException is internal proprietary API and may be removed in a future release
[WARNING] /home/runner/work/sonar-analysis/sonar-analysis/project/flink-filesystems/flink-hadoop-fs/src/test/java/org/apache/flink/runtime/util/HadoopUtilsTest.java:[44,73] sun.security.krb5.KrbException is internal proprietary API and may be removed in a future release
[WARNING] /home/runner/work/sonar-analysis/sonar-analysis/project/flink-filesystems/flink-hadoop-fs/src/test/java/org/apache/flink/runtime/util/HadoopUtilsTest.java:[48,26] sun.security.krb5.Config is internal proprietary API and may be removed in a future release
[WARNING] /home/runner/work/sonar-analysis/sonar-analysis/project/flink-filesystems/flink-hadoop-fs/src/test/java/org/apache/flink/runtime/util/HadoopUtilsTest.java:[52,54] sun.security.krb5.KrbException is internal proprietary API and may be removed in a future release
[WARNING] /home/runner/work/sonar-analysis/sonar-analysis/project/flink-filesystems/flink-hadoop-fs/src/test/java/org/apache/flink/runtime/util/HadoopUtilsTest.java:[52,54] sun.security.krb5.KrbException is internal proprietary API and may be removed in a future release
[WARNING] /home/runner/work/sonar-analysis/sonar-analysis/project/flink-filesystems/flink-hadoop-fs/src/test/java/org/apache/flink/runtime/util/HadoopUtilsTest.java:[52,54] sun.security.krb5.KrbException is internal proprietary API and may be removed in a future release
[INFO] /home/runner/work/sonar-analysis/sonar-analysis/project/flink-filesystems/flink-hadoop-fs/src/test/java/org/apache/flink/runtime/fs/hdfs/HadoopDataInputStreamTest.java: Some input files use or override a deprecated API.
[INFO] /home/runner/work/sonar-analysis/sonar-analysis/project/flink-filesystems/flink-hadoop-fs/src/test/java/org/apache/flink/runtime/fs/hdfs/HadoopDataInputStreamTest.java: Recompile with -Xlint:deprecation for details.
[INFO] 
[INFO] --- surefire:2.22.1:test (default-test) @ flink-hadoop-fs ---
[INFO] Tests are skipped.
[INFO] 
[INFO] --- jar:2.4:jar (default-jar) @ flink-hadoop-fs ---
[INFO] Building jar: /home/runner/work/sonar-analysis/sonar-analysis/project/flink-filesystems/flink-hadoop-fs/target/flink-hadoop-fs-1.14-SNAPSHOT.jar
[INFO] 
[INFO] --- jar:2.4:test-jar (default) @ flink-hadoop-fs ---
[INFO] Building jar: /home/runner/work/sonar-analysis/sonar-analysis/project/flink-filesystems/flink-hadoop-fs/target/flink-hadoop-fs-1.14-SNAPSHOT-tests.jar
[INFO] 
[INFO] --- shade:3.2.1:shade (shade-flink) @ flink-hadoop-fs ---
[INFO] Excluding org.apache.flink:flink-core:jar:1.14-SNAPSHOT from the shaded jar.
[INFO] Excluding org.apache.flink:flink-annotations:jar:1.14-SNAPSHOT from the shaded jar.
[INFO] Excluding org.apache.flink:flink-metrics-core:jar:1.14-SNAPSHOT from the shaded jar.
[INFO] Excluding org.apache.flink:flink-shaded-asm-7:jar:7.1-13.0 from the shaded jar.
[INFO] Excluding org.apache.commons:commons-lang3:jar:3.3.2 from the shaded jar.
[INFO] Excluding com.esotericsoftware.kryo:kryo:jar:2.24.0 from the shaded jar.
[INFO] Excluding com.esotericsoftware.minlog:minlog:jar:1.2 from the shaded jar.
[INFO] Excluding commons-collections:commons-collections:jar:3.2.2 from the shaded jar.
[INFO] Excluding org.apache.commons:commons-compress:jar:1.20 from the shaded jar.
[INFO] Excluding org.apache.flink:flink-shaded-guava:jar:18.0-13.0 from the shaded jar.
[INFO] Excluding org.apache.hadoop:hadoop-common:jar:2.4.1 from the shaded jar.
[INFO] Excluding org.apache.hadoop:hadoop-annotations:jar:2.4.1 from the shaded jar.
[INFO] Excluding com.google.guava:guava:jar:11.0.2 from the shaded jar.
[INFO] Excluding commons-cli:commons-cli:jar:1.3.1 from the shaded jar.
[INFO] Excluding org.apache.commons:commons-math3:jar:3.5 from the shaded jar.
[INFO] Excluding xmlenc:xmlenc:jar:0.52 from the shaded jar.
[INFO] Excluding commons-httpclient:commons-httpclient:jar:3.1 from the shaded jar.
[INFO] Excluding commons-codec:commons-codec:jar:1.13 from the shaded jar.
[INFO] Excluding commons-io:commons-io:jar:2.8.0 from the shaded jar.
[INFO] Excluding commons-net:commons-net:jar:3.1 from the shaded jar.
[INFO] Excluding javax.servlet:servlet-api:jar:2.5 from the shaded jar.
[INFO] Excluding org.mortbay.jetty:jetty:jar:6.1.26 from the shaded jar.
[INFO] Excluding org.mortbay.jetty:jetty-util:jar:6.1.26 from the shaded jar.
[INFO] Excluding com.sun.jersey:jersey-core:jar:1.9 from the shaded jar.
[INFO] Excluding com.sun.jersey:jersey-json:jar:1.9 from the shaded jar.
[INFO] Excluding org.codehaus.jettison:jettison:jar:1.1 from the shaded jar.
[INFO] Excluding com.sun.xml.bind:jaxb-impl:jar:2.2.3-1 from the shaded jar.
[INFO] Excluding org.codehaus.jackson:jackson-jaxrs:jar:1.8.3 from the shaded jar.
[INFO] Excluding org.codehaus.jackson:jackson-xc:jar:1.8.3 from the shaded jar.
[INFO] Excluding com.sun.jersey:jersey-server:jar:1.9 from the shaded jar.
[INFO] Excluding asm:asm:jar:3.1 from the shaded jar.
[INFO] Excluding tomcat:jasper-compiler:jar:5.5.23 from the shaded jar.
[INFO] Excluding tomcat:jasper-runtime:jar:5.5.23 from the shaded jar.
[INFO] Excluding javax.servlet.jsp:jsp-api:jar:2.1 from the shaded jar.
[INFO] Excluding commons-el:commons-el:jar:1.0 from the shaded jar.
[INFO] Excluding commons-logging:commons-logging:jar:1.1.3 from the shaded jar.
[INFO] Excluding net.java.dev.jets3t:jets3t:jar:0.9.0 from the shaded jar.
[INFO] Excluding org.apache.httpcomponents:httpclient:jar:4.5.3 from the shaded jar.
[INFO] Excluding org.apache.httpcomponents:httpcore:jar:4.4.6 from the shaded jar.
[INFO] Excluding com.jamesmurty.utils:java-xmlbuilder:jar:0.4 from the shaded jar.
[INFO] Excluding commons-lang:commons-lang:jar:2.6 from the shaded jar.
[INFO] Excluding commons-configuration:commons-configuration:jar:1.7 from the shaded jar.
[INFO] Excluding commons-digester:commons-digester:jar:1.8.1 from the shaded jar.
[INFO] Excluding commons-beanutils:commons-beanutils:jar:1.8.3 from the shaded jar.
[INFO] Excluding org.codehaus.jackson:jackson-core-asl:jar:1.8.8 from the shaded jar.
[INFO] Excluding org.codehaus.jackson:jackson-mapper-asl:jar:1.8.8 from the shaded jar.
[INFO] Excluding org.apache.avro:avro:jar:1.10.0 from the shaded jar.
[INFO] Excluding com.fasterxml.jackson.core:jackson-core:jar:2.12.1 from the shaded jar.
[INFO] Excluding com.fasterxml.jackson.core:jackson-databind:jar:2.12.1 from the shaded jar.
[INFO] Excluding com.fasterxml.jackson.core:jackson-annotations:jar:2.12.1 from the shaded jar.
[INFO] Excluding com.google.protobuf:protobuf-java:jar:2.5.0 from the shaded jar.
[INFO] Excluding org.apache.hadoop:hadoop-auth:jar:2.4.1 from the shaded jar.
[INFO] Excluding com.jcraft:jsch:jar:0.1.42 from the shaded jar.
[INFO] Excluding org.apache.zookeeper:zookeeper:jar:3.4.14 from the shaded jar.
[INFO] Excluding com.github.spotbugs:spotbugs-annotations:jar:3.1.9 from the shaded jar.
[INFO] Excluding org.apache.yetus:audience-annotations:jar:0.5.0 from the shaded jar.
[INFO] Excluding org.apache.hadoop:hadoop-hdfs:jar:2.4.1 from the shaded jar.
[INFO] Excluding commons-daemon:commons-daemon:jar:1.0.13 from the shaded jar.
[INFO] Excluding org.apache.hadoop:hadoop-mapreduce-client-core:jar:2.4.1 from the shaded jar.
[INFO] Excluding org.apache.hadoop:hadoop-yarn-common:jar:2.4.1 from the shaded jar.
[INFO] Excluding org.apache.hadoop:hadoop-yarn-api:jar:2.4.1 from the shaded jar.
[INFO] Excluding javax.xml.bind:jaxb-api:jar:2.3.1 from the shaded jar.
[INFO] Excluding javax.activation:javax.activation-api:jar:1.2.0 from the shaded jar.
[INFO] Excluding com.google.inject:guice:jar:3.0 from the shaded jar.
[INFO] Excluding javax.inject:javax.inject:jar:1 from the shaded jar.
[INFO] Excluding aopalliance:aopalliance:jar:1.0 from the shaded jar.
[INFO] Excluding com.sun.jersey.contribs:jersey-guice:jar:1.9 from the shaded jar.
[INFO] Excluding com.google.inject.extensions:guice-servlet:jar:3.0 from the shaded jar.
[INFO] Excluding io.netty:netty:jar:3.6.2.Final from the shaded jar.
[INFO] Including org.apache.flink:flink-shaded-force-shading:jar:13.0 in the shaded jar.
[INFO] Excluding org.objenesis:objenesis:jar:2.1 from the shaded jar.
[INFO] Replacing original artifact with shaded artifact.
[INFO] Replacing /home/runner/work/sonar-analysis/sonar-analysis/project/flink-filesystems/flink-hadoop-fs/target/flink-hadoop-fs-1.14-SNAPSHOT.jar with /home/runner/work/sonar-analysis/sonar-analysis/project/flink-filesystems/flink-hadoop-fs/target/flink-hadoop-fs-1.14-SNAPSHOT-shaded.jar
[INFO] Replacing original test artifact with shaded test artifact.
[INFO] Replacing /home/runner/work/sonar-analysis/sonar-analysis/project/flink-filesystems/flink-hadoop-fs/target/flink-hadoop-fs-1.14-SNAPSHOT-tests.jar with /home/runner/work/sonar-analysis/sonar-analysis/project/flink-filesystems/flink-hadoop-fs/target/flink-hadoop-fs-1.14-SNAPSHOT-shaded-tests.jar
[INFO] Dependency-reduced POM written at: /home/runner/work/sonar-analysis/sonar-analysis/project/flink-filesystems/flink-hadoop-fs/target/dependency-reduced-pom.xml
[INFO] 
[INFO] --- surefire:2.22.1:test (integration-tests) @ flink-hadoop-fs ---
[INFO] Tests are skipped.
[INFO] 
[INFO] --- install:2.5.2:install (default-install) @ flink-hadoop-fs ---
[INFO] Installing /home/runner/work/sonar-analysis/sonar-analysis/project/flink-filesystems/flink-hadoop-fs/target/flink-hadoop-fs-1.14-SNAPSHOT.jar to /home/runner/.m2/repository/org/apache/flink/flink-hadoop-fs/1.14-SNAPSHOT/flink-hadoop-fs-1.14-SNAPSHOT.jar
[INFO] Installing /home/runner/work/sonar-analysis/sonar-analysis/project/flink-filesystems/flink-hadoop-fs/target/dependency-reduced-pom.xml to /home/runner/.m2/repository/org/apache/flink/flink-hadoop-fs/1.14-SNAPSHOT/flink-hadoop-fs-1.14-SNAPSHOT.pom
[INFO] Installing /home/runner/work/sonar-analysis/sonar-analysis/project/flink-filesystems/flink-hadoop-fs/target/flink-hadoop-fs-1.14-SNAPSHOT-tests.jar to /home/runner/.m2/repository/org/apache/flink/flink-hadoop-fs/1.14-SNAPSHOT/flink-hadoop-fs-1.14-SNAPSHOT-tests.jar
[INFO] Installing /home/runner/work/sonar-analysis/sonar-analysis/project/flink-filesystems/flink-hadoop-fs/target/flink-hadoop-fs-1.14-SNAPSHOT-tests.jar to /home/runner/.m2/repository/org/apache/flink/flink-hadoop-fs/1.14-SNAPSHOT/flink-hadoop-fs-1.14-SNAPSHOT-tests.jar
[INFO] 
[INFO] -------------------< org.apache.flink:flink-mapr-fs >-------------------
[INFO] Building Flink : FileSystems : Mapr FS 1.14-SNAPSHOT            [12/185]
[INFO]   from flink-filesystems/flink-mapr-fs/pom.xml
[INFO] --------------------------------[ jar ]---------------------------------
[INFO] 
[INFO] --- clean:3.1.0:clean (default-clean) @ flink-mapr-fs ---
[INFO] Deleting /home/runner/work/sonar-analysis/sonar-analysis/project/flink-filesystems/flink-mapr-fs/target
[INFO] 
[INFO] --- checkstyle:2.17:check (validate) @ flink-mapr-fs ---
[INFO] 
[INFO] --- spotless:2.4.2:check (spotless-check) @ flink-mapr-fs ---
[INFO] 
[INFO] --- enforcer:3.0.0-M1:enforce (enforce-maven-version) @ flink-mapr-fs ---
[INFO] Skipping Rule Enforcement.
[INFO] 
[INFO] --- enforcer:3.0.0-M1:enforce (enforce-maven) @ flink-mapr-fs ---
[INFO] Skipping Rule Enforcement.
[INFO] 
[INFO] --- enforcer:3.0.0-M1:enforce (ban-unsafe-snakeyaml) @ flink-mapr-fs ---
[INFO] Skipping Rule Enforcement.
[INFO] 
[INFO] --- enforcer:3.0.0-M1:enforce (ban-unsafe-jackson) @ flink-mapr-fs ---
[INFO] Skipping Rule Enforcement.
[INFO] 
[INFO] --- enforcer:3.0.0-M1:enforce (forbid-log4j-1) @ flink-mapr-fs ---
[INFO] Skipping Rule Enforcement.
[INFO] 
[INFO] --- enforcer:3.0.0-M1:enforce (enforce-versions) @ flink-mapr-fs ---
[INFO] Skipping Rule Enforcement.
[INFO] 
[INFO] --- directory:0.1:highest-basedir (directories) @ flink-mapr-fs ---
[INFO] Highest basedir set to: /home/runner/work/sonar-analysis/sonar-analysis/project
[INFO] 
[INFO] --- remote-resources:1.5:process (process-resource-bundles) @ flink-mapr-fs ---
[INFO] 
[INFO] --- resources:3.1.0:resources (default-resources) @ flink-mapr-fs ---
[INFO] Using 'UTF-8' encoding to copy filtered resources.
[INFO] Copying 1 resource
[INFO] Copying 3 resources
[INFO] 
[INFO] --- compiler:3.8.0:compile (default-compile) @ flink-mapr-fs ---
[INFO] Compiling 1 source file to /home/runner/work/sonar-analysis/sonar-analysis/project/flink-filesystems/flink-mapr-fs/target/classes
[INFO] 
[INFO] --- resources:3.1.0:testResources (default-testResources) @ flink-mapr-fs ---
[INFO] Using 'UTF-8' encoding to copy filtered resources.
[INFO] Copying 1 resource
[INFO] Copying 3 resources
[INFO] 
[INFO] --- compiler:3.8.0:testCompile (default-testCompile) @ flink-mapr-fs ---
[INFO] Compiling 3 source files to /home/runner/work/sonar-analysis/sonar-analysis/project/flink-filesystems/flink-mapr-fs/target/test-classes
[INFO] /home/runner/work/sonar-analysis/sonar-analysis/project/flink-filesystems/flink-mapr-fs/src/test/java/org/apache/flink/runtime/fs/maprfs/MapRNotInClassPathTest.java: Some input files use or override a deprecated API.
[INFO] /home/runner/work/sonar-analysis/sonar-analysis/project/flink-filesystems/flink-mapr-fs/src/test/java/org/apache/flink/runtime/fs/maprfs/MapRNotInClassPathTest.java: Recompile with -Xlint:deprecation for details.
[INFO] 
[INFO] --- surefire:2.22.1:test (default-test) @ flink-mapr-fs ---
[INFO] Tests are skipped.
[INFO] 
[INFO] --- jar:2.4:jar (default-jar) @ flink-mapr-fs ---
[INFO] Building jar: /home/runner/work/sonar-analysis/sonar-analysis/project/flink-filesystems/flink-mapr-fs/target/flink-mapr-fs-1.14-SNAPSHOT.jar
[INFO] 
[INFO] --- shade:3.2.1:shade (shade-flink) @ flink-mapr-fs ---
[INFO] Excluding org.apache.flink:flink-core:jar:1.14-SNAPSHOT from the shaded jar.
[INFO] Excluding org.apache.flink:flink-annotations:jar:1.14-SNAPSHOT from the shaded jar.
[INFO] Excluding org.apache.flink:flink-metrics-core:jar:1.14-SNAPSHOT from the shaded jar.
[INFO] Excluding org.apache.flink:flink-shaded-asm-7:jar:7.1-13.0 from the shaded jar.
[INFO] Excluding org.apache.commons:commons-lang3:jar:3.3.2 from the shaded jar.
[INFO] Excluding com.esotericsoftware.kryo:kryo:jar:2.24.0 from the shaded jar.
[INFO] Excluding com.esotericsoftware.minlog:minlog:jar:1.2 from the shaded jar.
[INFO] Excluding commons-collections:commons-collections:jar:3.2.2 from the shaded jar.
[INFO] Excluding org.apache.commons:commons-compress:jar:1.20 from the shaded jar.
[INFO] Excluding org.apache.flink:flink-shaded-guava:jar:18.0-13.0 from the shaded jar.
[INFO] Excluding org.apache.flink:flink-hadoop-fs:jar:1.14-SNAPSHOT from the shaded jar.
[INFO] Excluding org.apache.hadoop:hadoop-common:jar:2.4.1 from the shaded jar.
[INFO] Excluding org.apache.hadoop:hadoop-annotations:jar:2.4.1 from the shaded jar.
[INFO] Excluding com.google.guava:guava:jar:11.0.2 from the shaded jar.
[INFO] Excluding commons-cli:commons-cli:jar:1.3.1 from the shaded jar.
[INFO] Excluding org.apache.commons:commons-math3:jar:3.5 from the shaded jar.
[INFO] Excluding xmlenc:xmlenc:jar:0.52 from the shaded jar.
[INFO] Excluding commons-httpclient:commons-httpclient:jar:3.1 from the shaded jar.
[INFO] Excluding commons-codec:commons-codec:jar:1.13 from the shaded jar.
[INFO] Excluding commons-io:commons-io:jar:2.8.0 from the shaded jar.
[INFO] Excluding commons-net:commons-net:jar:3.1 from the shaded jar.
[INFO] Excluding javax.servlet:servlet-api:jar:2.5 from the shaded jar.
[INFO] Excluding org.mortbay.jetty:jetty:jar:6.1.26 from the shaded jar.
[INFO] Excluding org.mortbay.jetty:jetty-util:jar:6.1.26 from the shaded jar.
[INFO] Excluding com.sun.jersey:jersey-core:jar:1.9 from the shaded jar.
[INFO] Excluding com.sun.jersey:jersey-json:jar:1.9 from the shaded jar.
[INFO] Excluding org.codehaus.jettison:jettison:jar:1.1 from the shaded jar.
[INFO] Excluding com.sun.xml.bind:jaxb-impl:jar:2.2.3-1 from the shaded jar.
[INFO] Excluding javax.xml.bind:jaxb-api:jar:2.3.1 from the shaded jar.
[INFO] Excluding javax.activation:javax.activation-api:jar:1.2.0 from the shaded jar.
[INFO] Excluding org.codehaus.jackson:jackson-jaxrs:jar:1.8.3 from the shaded jar.
[INFO] Excluding org.codehaus.jackson:jackson-xc:jar:1.8.3 from the shaded jar.
[INFO] Excluding com.sun.jersey:jersey-server:jar:1.9 from the shaded jar.
[INFO] Excluding asm:asm:jar:3.1 from the shaded jar.
[INFO] Excluding tomcat:jasper-compiler:jar:5.5.23 from the shaded jar.
[INFO] Excluding tomcat:jasper-runtime:jar:5.5.23 from the shaded jar.
[INFO] Excluding javax.servlet.jsp:jsp-api:jar:2.1 from the shaded jar.
[INFO] Excluding commons-el:commons-el:jar:1.0 from the shaded jar.
[INFO] Excluding commons-logging:commons-logging:jar:1.1.3 from the shaded jar.
[INFO] Excluding net.java.dev.jets3t:jets3t:jar:0.9.0 from the shaded jar.
[INFO] Excluding org.apache.httpcomponents:httpclient:jar:4.5.3 from the shaded jar.
[INFO] Excluding org.apache.httpcomponents:httpcore:jar:4.4.6 from the shaded jar.
[INFO] Excluding com.jamesmurty.utils:java-xmlbuilder:jar:0.4 from the shaded jar.
[INFO] Excluding commons-lang:commons-lang:jar:2.6 from the shaded jar.
[INFO] Excluding commons-configuration:commons-configuration:jar:1.7 from the shaded jar.
[INFO] Excluding commons-digester:commons-digester:jar:1.8.1 from the shaded jar.
[INFO] Excluding commons-beanutils:commons-beanutils:jar:1.8.3 from the shaded jar.
[INFO] Excluding org.codehaus.jackson:jackson-core-asl:jar:1.8.8 from the shaded jar.
[INFO] Excluding org.codehaus.jackson:jackson-mapper-asl:jar:1.8.8 from the shaded jar.
[INFO] Excluding org.apache.avro:avro:jar:1.10.0 from the shaded jar.
[INFO] Excluding com.fasterxml.jackson.core:jackson-core:jar:2.12.1 from the shaded jar.
[INFO] Excluding com.fasterxml.jackson.core:jackson-databind:jar:2.12.1 from the shaded jar.
[INFO] Excluding com.fasterxml.jackson.core:jackson-annotations:jar:2.12.1 from the shaded jar.
[INFO] Excluding com.google.protobuf:protobuf-java:jar:2.5.0 from the shaded jar.
[INFO] Excluding org.apache.hadoop:hadoop-auth:jar:2.4.1 from the shaded jar.
[INFO] Excluding com.jcraft:jsch:jar:0.1.42 from the shaded jar.
[INFO] Excluding org.apache.zookeeper:zookeeper:jar:3.4.14 from the shaded jar.
[INFO] Excluding com.github.spotbugs:spotbugs-annotations:jar:3.1.9 from the shaded jar.
[INFO] Excluding org.apache.yetus:audience-annotations:jar:0.5.0 from the shaded jar.
[INFO] Excluding org.apache.hadoop:hadoop-hdfs:jar:2.4.1 from the shaded jar.
[INFO] Excluding commons-daemon:commons-daemon:jar:1.0.13 from the shaded jar.
[INFO] Including org.apache.flink:flink-shaded-force-shading:jar:13.0 in the shaded jar.
[INFO] Excluding org.objenesis:objenesis:jar:2.1 from the shaded jar.
[INFO] No artifact matching filter io.netty:netty
[INFO] Replacing original artifact with shaded artifact.
[INFO] Replacing /home/runner/work/sonar-analysis/sonar-analysis/project/flink-filesystems/flink-mapr-fs/target/flink-mapr-fs-1.14-SNAPSHOT.jar with /home/runner/work/sonar-analysis/sonar-analysis/project/flink-filesystems/flink-mapr-fs/target/flink-mapr-fs-1.14-SNAPSHOT-shaded.jar
[INFO] Replacing original test artifact with shaded test artifact.
[INFO] Replacing /home/runner/work/sonar-analysis/sonar-analysis/project/flink-filesystems/flink-mapr-fs/target/flink-mapr-fs-1.14-SNAPSHOT-tests.jar with /home/runner/work/sonar-analysis/sonar-analysis/project/flink-filesystems/flink-mapr-fs/target/flink-mapr-fs-1.14-SNAPSHOT-shaded-tests.jar
[INFO] Dependency-reduced POM written at: /home/runner/work/sonar-analysis/sonar-analysis/project/flink-filesystems/flink-mapr-fs/target/dependency-reduced-pom.xml
[INFO] 
[INFO] --- surefire:2.22.1:test (integration-tests) @ flink-mapr-fs ---
[INFO] Tests are skipped.
[INFO] 
[INFO] --- install:2.5.2:install (default-install) @ flink-mapr-fs ---
[INFO] Installing /home/runner/work/sonar-analysis/sonar-analysis/project/flink-filesystems/flink-mapr-fs/target/flink-mapr-fs-1.14-SNAPSHOT.jar to /home/runner/.m2/repository/org/apache/flink/flink-mapr-fs/1.14-SNAPSHOT/flink-mapr-fs-1.14-SNAPSHOT.jar
[INFO] Installing /home/runner/work/sonar-analysis/sonar-analysis/project/flink-filesystems/flink-mapr-fs/target/dependency-reduced-pom.xml to /home/runner/.m2/repository/org/apache/flink/flink-mapr-fs/1.14-SNAPSHOT/flink-mapr-fs-1.14-SNAPSHOT.pom
[INFO] Installing /home/runner/work/sonar-analysis/sonar-analysis/project/flink-filesystems/flink-mapr-fs/target/flink-mapr-fs-1.14-SNAPSHOT-tests.jar to /home/runner/.m2/repository/org/apache/flink/flink-mapr-fs/1.14-SNAPSHOT/flink-mapr-fs-1.14-SNAPSHOT-tests.jar
[INFO] 
[INFO] --------------< org.apache.flink:flink-fs-hadoop-shaded >---------------
[INFO] Building Flink : FileSystems : Hadoop FS shaded 1.14-SNAPSHOT   [13/185]
[INFO]   from flink-filesystems/flink-fs-hadoop-shaded/pom.xml
[INFO] --------------------------------[ jar ]---------------------------------
[INFO] 
[INFO] --- clean:3.1.0:clean (default-clean) @ flink-fs-hadoop-shaded ---
[INFO] Deleting /home/runner/work/sonar-analysis/sonar-analysis/project/flink-filesystems/flink-fs-hadoop-shaded/target
[INFO] 
[INFO] --- checkstyle:2.17:check (validate) @ flink-fs-hadoop-shaded ---
[INFO] 
[INFO] --- spotless:2.4.2:check (spotless-check) @ flink-fs-hadoop-shaded ---
[INFO] 
[INFO] --- enforcer:3.0.0-M1:enforce (enforce-maven-version) @ flink-fs-hadoop-shaded ---
[INFO] Skipping Rule Enforcement.
[INFO] 
[INFO] --- enforcer:3.0.0-M1:enforce (enforce-maven) @ flink-fs-hadoop-shaded ---
[INFO] Skipping Rule Enforcement.
[INFO] 
[INFO] --- enforcer:3.0.0-M1:enforce (ban-unsafe-snakeyaml) @ flink-fs-hadoop-shaded ---
[INFO] Skipping Rule Enforcement.
[INFO] 
[INFO] --- enforcer:3.0.0-M1:enforce (ban-unsafe-jackson) @ flink-fs-hadoop-shaded ---
[INFO] Skipping Rule Enforcement.
[INFO] 
[INFO] --- enforcer:3.0.0-M1:enforce (forbid-log4j-1) @ flink-fs-hadoop-shaded ---
[INFO] Skipping Rule Enforcement.
[INFO] 
[INFO] --- enforcer:3.0.0-M1:enforce (enforce-versions) @ flink-fs-hadoop-shaded ---
[INFO] Skipping Rule Enforcement.
[INFO] 
[INFO] --- directory:0.1:highest-basedir (directories) @ flink-fs-hadoop-shaded ---
[INFO] Highest basedir set to: /home/runner/work/sonar-analysis/sonar-analysis/project
[INFO] 
[INFO] --- remote-resources:1.5:process (process-resource-bundles) @ flink-fs-hadoop-shaded ---
[INFO] 
[INFO] --- resources:3.1.0:resources (default-resources) @ flink-fs-hadoop-shaded ---
[INFO] Using 'UTF-8' encoding to copy filtered resources.
[INFO] Copying 3 resources
[INFO] Copying 3 resources
[INFO] 
[INFO] --- compiler:3.8.0:compile (default-compile) @ flink-fs-hadoop-shaded ---
[INFO] Compiling 3 source files to /home/runner/work/sonar-analysis/sonar-analysis/project/flink-filesystems/flink-fs-hadoop-shaded/target/classes
[INFO] 
[INFO] --- resources:3.1.0:testResources (default-testResources) @ flink-fs-hadoop-shaded ---
[INFO] Using 'UTF-8' encoding to copy filtered resources.
[INFO] Copying 2 resources
[INFO] Copying 3 resources
[INFO] 
[INFO] --- compiler:3.8.0:testCompile (default-testCompile) @ flink-fs-hadoop-shaded ---
[INFO] No sources to compile
[INFO] 
[INFO] --- surefire:2.22.1:test (default-test) @ flink-fs-hadoop-shaded ---
[INFO] Tests are skipped.
[INFO] 
[INFO] --- jar:2.4:jar (default-jar) @ flink-fs-hadoop-shaded ---
[INFO] Building jar: /home/runner/work/sonar-analysis/sonar-analysis/project/flink-filesystems/flink-fs-hadoop-shaded/target/flink-fs-hadoop-shaded-1.14-SNAPSHOT.jar
[INFO] 
[INFO] --- jar:2.4:test-jar (default) @ flink-fs-hadoop-shaded ---
[INFO] Building jar: /home/runner/work/sonar-analysis/sonar-analysis/project/flink-filesystems/flink-fs-hadoop-shaded/target/flink-fs-hadoop-shaded-1.14-SNAPSHOT-tests.jar
[INFO] 
[INFO] --- shade:3.2.1:shade (shade-flink) @ flink-fs-hadoop-shaded ---
[INFO] Including org.apache.hadoop:hadoop-common:jar:3.1.0 in the shaded jar.
[INFO] Including org.apache.hadoop:hadoop-annotations:jar:3.1.0 in the shaded jar.
[INFO] Including com.google.guava:guava:jar:11.0.2 in the shaded jar.
[INFO] Including commons-io:commons-io:jar:2.8.0 in the shaded jar.
[INFO] Including commons-collections:commons-collections:jar:3.2.2 in the shaded jar.
[INFO] Including commons-logging:commons-logging:jar:1.1.3 in the shaded jar.
[INFO] Including commons-lang:commons-lang:jar:2.6 in the shaded jar.
[INFO] Including commons-beanutils:commons-beanutils:jar:1.9.4 in the shaded jar.
[INFO] Including org.apache.commons:commons-configuration2:jar:2.1.1 in the shaded jar.
[INFO] Including org.apache.commons:commons-lang3:jar:3.3.2 in the shaded jar.
[INFO] Including com.google.re2j:re2j:jar:1.1 in the shaded jar.
[INFO] Including org.apache.hadoop:hadoop-auth:jar:3.1.0 in the shaded jar.
[INFO] Including org.apache.htrace:htrace-core4:jar:4.1.0-incubating in the shaded jar.
[INFO] Including com.fasterxml.jackson.core:jackson-databind:jar:2.12.1 in the shaded jar.
[INFO] Including com.fasterxml.jackson.core:jackson-annotations:jar:2.12.1 in the shaded jar.
[INFO] Including com.fasterxml.jackson.core:jackson-core:jar:2.12.1 in the shaded jar.
[INFO] Including org.codehaus.woodstox:stax2-api:jar:3.1.4 in the shaded jar.
[INFO] Including com.fasterxml.woodstox:woodstox-core:jar:5.0.3 in the shaded jar.
[INFO] Including org.apache.flink:flink-shaded-force-shading:jar:13.0 in the shaded jar.
[INFO] No artifact matching filter io.netty:netty
[WARNING] Discovered module-info.class. Shading will break its strong encapsulation.
[WARNING] Discovered module-info.class. Shading will break its strong encapsulation.
[WARNING] Discovered module-info.class. Shading will break its strong encapsulation.
[INFO] Replacing original artifact with shaded artifact.
[INFO] Replacing /home/runner/work/sonar-analysis/sonar-analysis/project/flink-filesystems/flink-fs-hadoop-shaded/target/flink-fs-hadoop-shaded-1.14-SNAPSHOT.jar with /home/runner/work/sonar-analysis/sonar-analysis/project/flink-filesystems/flink-fs-hadoop-shaded/target/flink-fs-hadoop-shaded-1.14-SNAPSHOT-shaded.jar
[INFO] Dependency-reduced POM written at: /home/runner/work/sonar-analysis/sonar-analysis/project/flink-filesystems/flink-fs-hadoop-shaded/target/dependency-reduced-pom.xml
[INFO] 
[INFO] --- surefire:2.22.1:test (integration-tests) @ flink-fs-hadoop-shaded ---
[INFO] Tests are skipped.
[INFO] 
[INFO] --- install:2.5.2:install (default-install) @ flink-fs-hadoop-shaded ---
[INFO] Installing /home/runner/work/sonar-analysis/sonar-analysis/project/flink-filesystems/flink-fs-hadoop-shaded/target/flink-fs-hadoop-shaded-1.14-SNAPSHOT.jar to /home/runner/.m2/repository/org/apache/flink/flink-fs-hadoop-shaded/1.14-SNAPSHOT/flink-fs-hadoop-shaded-1.14-SNAPSHOT.jar
[INFO] Installing /home/runner/work/sonar-analysis/sonar-analysis/project/flink-filesystems/flink-fs-hadoop-shaded/target/dependency-reduced-pom.xml to /home/runner/.m2/repository/org/apache/flink/flink-fs-hadoop-shaded/1.14-SNAPSHOT/flink-fs-hadoop-shaded-1.14-SNAPSHOT.pom
[INFO] Installing /home/runner/work/sonar-analysis/sonar-analysis/project/flink-filesystems/flink-fs-hadoop-shaded/target/flink-fs-hadoop-shaded-1.14-SNAPSHOT-tests.jar to /home/runner/.m2/repository/org/apache/flink/flink-fs-hadoop-shaded/1.14-SNAPSHOT/flink-fs-hadoop-shaded-1.14-SNAPSHOT-tests.jar
[INFO] 
[INFO] -----------------< org.apache.flink:flink-s3-fs-base >------------------
[INFO] Building Flink : FileSystems : S3 FS Base 1.14-SNAPSHOT         [14/185]
[INFO]   from flink-filesystems/flink-s3-fs-base/pom.xml
[INFO] --------------------------------[ jar ]---------------------------------
[INFO] 
[INFO] --- clean:3.1.0:clean (default-clean) @ flink-s3-fs-base ---
[INFO] Deleting /home/runner/work/sonar-analysis/sonar-analysis/project/flink-filesystems/flink-s3-fs-base/target
[INFO] 
[INFO] --- checkstyle:2.17:check (validate) @ flink-s3-fs-base ---
[INFO] 
[INFO] --- spotless:2.4.2:check (spotless-check) @ flink-s3-fs-base ---
[INFO] 
[INFO] --- enforcer:3.0.0-M1:enforce (enforce-maven-version) @ flink-s3-fs-base ---
[INFO] Skipping Rule Enforcement.
[INFO] 
[INFO] --- enforcer:3.0.0-M1:enforce (enforce-maven) @ flink-s3-fs-base ---
[INFO] Skipping Rule Enforcement.
[INFO] 
[INFO] --- enforcer:3.0.0-M1:enforce (ban-unsafe-snakeyaml) @ flink-s3-fs-base ---
[INFO] Skipping Rule Enforcement.
[INFO] 
[INFO] --- enforcer:3.0.0-M1:enforce (ban-unsafe-jackson) @ flink-s3-fs-base ---
[INFO] Skipping Rule Enforcement.
[INFO] 
[INFO] --- enforcer:3.0.0-M1:enforce (forbid-log4j-1) @ flink-s3-fs-base ---
[INFO] Skipping Rule Enforcement.
[INFO] 
[INFO] --- enforcer:3.0.0-M1:enforce (enforce-versions) @ flink-s3-fs-base ---
[INFO] Skipping Rule Enforcement.
[INFO] 
[INFO] --- directory:0.1:highest-basedir (directories) @ flink-s3-fs-base ---
[INFO] Highest basedir set to: /home/runner/work/sonar-analysis/sonar-analysis/project
[INFO] 
[INFO] --- remote-resources:1.5:process (process-resource-bundles) @ flink-s3-fs-base ---
[INFO] 
[INFO] --- resources:3.1.0:resources (default-resources) @ flink-s3-fs-base ---
[INFO] Using 'UTF-8' encoding to copy filtered resources.
[INFO] skip non existing resourceDirectory /home/runner/work/sonar-analysis/sonar-analysis/project/flink-filesystems/flink-s3-fs-base/src/main/resources
[INFO] Copying 3 resources
[INFO] 
[INFO] --- compiler:3.8.0:compile (default-compile) @ flink-s3-fs-base ---
[INFO] Compiling 19 source files to /home/runner/work/sonar-analysis/sonar-analysis/project/flink-filesystems/flink-s3-fs-base/target/classes
[INFO] /home/runner/work/sonar-analysis/sonar-analysis/project/flink-filesystems/flink-s3-fs-base/src/main/java/org/apache/flink/fs/s3/common/writer/S3RecoverableFsDataOutputStream.java: Some input files use or override a deprecated API.
[INFO] /home/runner/work/sonar-analysis/sonar-analysis/project/flink-filesystems/flink-s3-fs-base/src/main/java/org/apache/flink/fs/s3/common/writer/S3RecoverableFsDataOutputStream.java: Recompile with -Xlint:deprecation for details.
[INFO] 
[INFO] --- resources:3.1.0:testResources (default-testResources) @ flink-s3-fs-base ---
[INFO] Using 'UTF-8' encoding to copy filtered resources.
[INFO] Copying 1 resource
[INFO] Copying 3 resources
[INFO] 
[INFO] --- compiler:3.8.0:testCompile (default-testCompile) @ flink-s3-fs-base ---
[INFO] Compiling 7 source files to /home/runner/work/sonar-analysis/sonar-analysis/project/flink-filesystems/flink-s3-fs-base/target/test-classes
[INFO] 
[INFO] --- surefire:2.22.1:test (default-test) @ flink-s3-fs-base ---
[INFO] Tests are skipped.
[INFO] 
[INFO] --- jar:2.4:jar (default-jar) @ flink-s3-fs-base ---
[INFO] Building jar: /home/runner/work/sonar-analysis/sonar-analysis/project/flink-filesystems/flink-s3-fs-base/target/flink-s3-fs-base-1.14-SNAPSHOT.jar
[INFO] 
[INFO] --- shade:3.2.1:shade (shade-flink) @ flink-s3-fs-base ---
[INFO] Excluding org.apache.commons:commons-lang3:jar:3.3.2 from the shaded jar.
[INFO] Excluding commons-collections:commons-collections:jar:3.2.2 from the shaded jar.
[INFO] Excluding org.apache.hadoop:hadoop-common:jar:3.1.0 from the shaded jar.
[INFO] Excluding org.apache.hadoop:hadoop-annotations:jar:3.1.0 from the shaded jar.
[INFO] Excluding com.google.guava:guava:jar:11.0.2 from the shaded jar.
[INFO] Excluding commons-io:commons-io:jar:2.8.0 from the shaded jar.
[INFO] Excluding commons-logging:commons-logging:jar:1.1.3 from the shaded jar.
[INFO] Excluding commons-lang:commons-lang:jar:2.6 from the shaded jar.
[INFO] Excluding commons-beanutils:commons-beanutils:jar:1.9.3 from the shaded jar.
[INFO] Excluding org.apache.commons:commons-configuration2:jar:2.1.1 from the shaded jar.
[INFO] Excluding com.google.re2j:re2j:jar:1.1 from the shaded jar.
[INFO] Excluding org.apache.hadoop:hadoop-auth:jar:3.1.0 from the shaded jar.
[INFO] Excluding org.apache.htrace:htrace-core4:jar:4.1.0-incubating from the shaded jar.
[INFO] Excluding com.fasterxml.jackson.core:jackson-databind:jar:2.12.1 from the shaded jar.
[INFO] Excluding com.fasterxml.jackson.core:jackson-annotations:jar:2.12.1 from the shaded jar.
[INFO] Excluding com.fasterxml.jackson.core:jackson-core:jar:2.12.1 from the shaded jar.
[INFO] Excluding org.codehaus.woodstox:stax2-api:jar:3.1.4 from the shaded jar.
[INFO] Excluding com.fasterxml.woodstox:woodstox-core:jar:5.0.3 from the shaded jar.
[INFO] Excluding org.apache.flink:flink-hadoop-fs:jar:1.14-SNAPSHOT from the shaded jar.
[INFO] Excluding com.amazonaws:aws-java-sdk-core:jar:1.11.788 from the shaded jar.
[INFO] Excluding org.apache.httpcomponents:httpclient:jar:4.5.3 from the shaded jar.
[INFO] Excluding org.apache.httpcomponents:httpcore:jar:4.4.6 from the shaded jar.
[INFO] Excluding commons-codec:commons-codec:jar:1.13 from the shaded jar.
[INFO] Excluding software.amazon.ion:ion-java:jar:1.0.2 from the shaded jar.
[INFO] Excluding com.fasterxml.jackson.dataformat:jackson-dataformat-cbor:jar:2.12.1 from the shaded jar.
[INFO] Excluding joda-time:joda-time:jar:2.5 from the shaded jar.
[INFO] Excluding com.amazonaws:aws-java-sdk-s3:jar:1.11.788 from the shaded jar.
[INFO] Excluding com.amazonaws:jmespath-java:jar:1.11.788 from the shaded jar.
[INFO] Excluding com.amazonaws:aws-java-sdk-kms:jar:1.11.788 from the shaded jar.
[INFO] Excluding com.amazonaws:aws-java-sdk-dynamodb:jar:1.11.788 from the shaded jar.
[INFO] Excluding com.amazonaws:aws-java-sdk-sts:jar:1.11.788 from the shaded jar.
[INFO] Excluding org.apache.hadoop:hadoop-aws:jar:3.1.0 from the shaded jar.
[INFO] Including org.apache.flink:flink-shaded-force-shading:jar:13.0 in the shaded jar.
[INFO] No artifact matching filter io.netty:netty
[INFO] Replacing original artifact with shaded artifact.
[INFO] Replacing /home/runner/work/sonar-analysis/sonar-analysis/project/flink-filesystems/flink-s3-fs-base/target/flink-s3-fs-base-1.14-SNAPSHOT.jar with /home/runner/work/sonar-analysis/sonar-analysis/project/flink-filesystems/flink-s3-fs-base/target/flink-s3-fs-base-1.14-SNAPSHOT-shaded.jar
[INFO] Replacing original test artifact with shaded test artifact.
[INFO] Replacing /home/runner/work/sonar-analysis/sonar-analysis/project/flink-filesystems/flink-s3-fs-base/target/flink-s3-fs-base-1.14-SNAPSHOT-tests.jar with /home/runner/work/sonar-analysis/sonar-analysis/project/flink-filesystems/flink-s3-fs-base/target/flink-s3-fs-base-1.14-SNAPSHOT-shaded-tests.jar
[INFO] Dependency-reduced POM written at: /home/runner/work/sonar-analysis/sonar-analysis/project/flink-filesystems/flink-s3-fs-base/target/dependency-reduced-pom.xml
[INFO] 
[INFO] --- surefire:2.22.1:test (integration-tests) @ flink-s3-fs-base ---
[INFO] Tests are skipped.
[INFO] 
[INFO] --- install:2.5.2:install (default-install) @ flink-s3-fs-base ---
[INFO] Installing /home/runner/work/sonar-analysis/sonar-analysis/project/flink-filesystems/flink-s3-fs-base/target/flink-s3-fs-base-1.14-SNAPSHOT.jar to /home/runner/.m2/repository/org/apache/flink/flink-s3-fs-base/1.14-SNAPSHOT/flink-s3-fs-base-1.14-SNAPSHOT.jar
[INFO] Installing /home/runner/work/sonar-analysis/sonar-analysis/project/flink-filesystems/flink-s3-fs-base/target/dependency-reduced-pom.xml to /home/runner/.m2/repository/org/apache/flink/flink-s3-fs-base/1.14-SNAPSHOT/flink-s3-fs-base-1.14-SNAPSHOT.pom
[INFO] Installing /home/runner/work/sonar-analysis/sonar-analysis/project/flink-filesystems/flink-s3-fs-base/target/flink-s3-fs-base-1.14-SNAPSHOT-tests.jar to /home/runner/.m2/repository/org/apache/flink/flink-s3-fs-base/1.14-SNAPSHOT/flink-s3-fs-base-1.14-SNAPSHOT-tests.jar
[INFO] 
[INFO] ----------------< org.apache.flink:flink-s3-fs-hadoop >-----------------
[INFO] Building Flink : FileSystems : S3 FS Hadoop 1.14-SNAPSHOT       [15/185]
[INFO]   from flink-filesystems/flink-s3-fs-hadoop/pom.xml
[INFO] --------------------------------[ jar ]---------------------------------
[INFO] 
[INFO] --- clean:3.1.0:clean (default-clean) @ flink-s3-fs-hadoop ---
[INFO] Deleting /home/runner/work/sonar-analysis/sonar-analysis/project/flink-filesystems/flink-s3-fs-hadoop/target
[INFO] 
[INFO] --- checkstyle:2.17:check (validate) @ flink-s3-fs-hadoop ---
[INFO] 
[INFO] --- spotless:2.4.2:check (spotless-check) @ flink-s3-fs-hadoop ---
[INFO] 
[INFO] --- enforcer:3.0.0-M1:enforce (enforce-maven-version) @ flink-s3-fs-hadoop ---
[INFO] Skipping Rule Enforcement.
[INFO] 
[INFO] --- enforcer:3.0.0-M1:enforce (enforce-maven) @ flink-s3-fs-hadoop ---
[INFO] Skipping Rule Enforcement.
[INFO] 
[INFO] --- enforcer:3.0.0-M1:enforce (ban-unsafe-snakeyaml) @ flink-s3-fs-hadoop ---
[INFO] Skipping Rule Enforcement.
[INFO] 
[INFO] --- enforcer:3.0.0-M1:enforce (ban-unsafe-jackson) @ flink-s3-fs-hadoop ---
[INFO] Skipping Rule Enforcement.
[INFO] 
[INFO] --- enforcer:3.0.0-M1:enforce (forbid-log4j-1) @ flink-s3-fs-hadoop ---
[INFO] Skipping Rule Enforcement.
[INFO] 
[INFO] --- enforcer:3.0.0-M1:enforce (enforce-versions) @ flink-s3-fs-hadoop ---
[INFO] Skipping Rule Enforcement.
[INFO] 
[INFO] --- directory:0.1:highest-basedir (directories) @ flink-s3-fs-hadoop ---
[INFO] Highest basedir set to: /home/runner/work/sonar-analysis/sonar-analysis/project
[INFO] 
[INFO] --- remote-resources:1.5:process (process-resource-bundles) @ flink-s3-fs-hadoop ---
[INFO] 
[INFO] --- resources:3.1.0:resources (default-resources) @ flink-s3-fs-hadoop ---
[INFO] Using 'UTF-8' encoding to copy filtered resources.
[INFO] Copying 4 resources
[INFO] Copying 3 resources
[INFO] 
[INFO] --- dependency:3.1.1:copy (copy-javax-jars) @ flink-s3-fs-hadoop ---
[INFO] Configured Artifact: javax.xml.bind:jaxb-api:2.3.1:jar
[INFO] Copying jaxb-api-2.3.1.jar to /home/runner/work/sonar-analysis/sonar-analysis/project/flink-filesystems/flink-s3-fs-hadoop/target/temporary/jaxb-api-2.3.1.jar
[INFO] 
[INFO] --- antrun:1.8:run (unpack-javax-libraries) @ flink-s3-fs-hadoop ---
[INFO] Executing tasks

main:
     [echo] unpacking javax jars
    [unzip] Expanding: /home/runner/work/sonar-analysis/sonar-analysis/project/flink-filesystems/flink-s3-fs-hadoop/target/temporary/jaxb-api-2.3.1.jar into /home/runner/work/sonar-analysis/sonar-analysis/project/flink-filesystems/flink-s3-fs-hadoop/target/classes/META-INF/versions/11
[INFO] Executed tasks
[INFO] 
[INFO] --- compiler:3.8.0:compile (default-compile) @ flink-s3-fs-hadoop ---
[INFO] Compiling 3 source files to /home/runner/work/sonar-analysis/sonar-analysis/project/flink-filesystems/flink-s3-fs-hadoop/target/classes
[INFO] 
[INFO] --- resources:3.1.0:testResources (default-testResources) @ flink-s3-fs-hadoop ---
[INFO] Using 'UTF-8' encoding to copy filtered resources.
[INFO] Copying 1 resource
[INFO] Copying 3 resources
[INFO] 
[INFO] --- compiler:3.8.0:testCompile (default-testCompile) @ flink-s3-fs-hadoop ---
[INFO] Compiling 6 source files to /home/runner/work/sonar-analysis/sonar-analysis/project/flink-filesystems/flink-s3-fs-hadoop/target/test-classes
[INFO] /home/runner/work/sonar-analysis/sonar-analysis/project/flink-filesystems/flink-s3-fs-hadoop/src/test/java/org/apache/flink/fs/s3hadoop/HadoopS3FileSystemBehaviorITCase.java: Some input files use or override a deprecated API.
[INFO] /home/runner/work/sonar-analysis/sonar-analysis/project/flink-filesystems/flink-s3-fs-hadoop/src/test/java/org/apache/flink/fs/s3hadoop/HadoopS3FileSystemBehaviorITCase.java: Recompile with -Xlint:deprecation for details.
[INFO] 
[INFO] --- surefire:2.22.1:test (default-test) @ flink-s3-fs-hadoop ---
[INFO] Tests are skipped.
[INFO] 
[INFO] --- jar:2.4:jar (default-jar) @ flink-s3-fs-hadoop ---
[INFO] Building jar: /home/runner/work/sonar-analysis/sonar-analysis/project/flink-filesystems/flink-s3-fs-hadoop/target/flink-s3-fs-hadoop-1.14-SNAPSHOT.jar
[INFO] 
[INFO] --- jar:2.4:jar (default) @ flink-s3-fs-hadoop ---
[INFO] 
[INFO] --- shade:3.2.1:shade (shade-flink) @ flink-s3-fs-hadoop ---
[INFO] Including org.apache.commons:commons-lang3:jar:3.3.2 in the shaded jar.
[INFO] Including commons-collections:commons-collections:jar:3.2.2 in the shaded jar.
[INFO] Including org.apache.flink:flink-s3-fs-base:jar:1.14-SNAPSHOT in the shaded jar.
[INFO] Including org.apache.hadoop:hadoop-common:jar:3.1.0 in the shaded jar.
[INFO] Including org.apache.hadoop:hadoop-annotations:jar:3.1.0 in the shaded jar.
[INFO] Including com.google.guava:guava:jar:11.0.2 in the shaded jar.
[INFO] Including commons-io:commons-io:jar:2.8.0 in the shaded jar.
[INFO] Including commons-logging:commons-logging:jar:1.1.3 in the shaded jar.
[INFO] Including commons-lang:commons-lang:jar:2.6 in the shaded jar.
[INFO] Including commons-beanutils:commons-beanutils:jar:1.9.4 in the shaded jar.
[INFO] Including org.apache.commons:commons-configuration2:jar:2.1.1 in the shaded jar.
[INFO] Including com.google.re2j:re2j:jar:1.1 in the shaded jar.
[INFO] Including org.apache.hadoop:hadoop-auth:jar:3.1.0 in the shaded jar.
[INFO] Including org.apache.htrace:htrace-core4:jar:4.1.0-incubating in the shaded jar.
[INFO] Including com.fasterxml.jackson.core:jackson-databind:jar:2.12.1 in the shaded jar.
[INFO] Including com.fasterxml.jackson.core:jackson-annotations:jar:2.12.1 in the shaded jar.
[INFO] Including com.fasterxml.jackson.core:jackson-core:jar:2.12.1 in the shaded jar.
[INFO] Including org.codehaus.woodstox:stax2-api:jar:3.1.4 in the shaded jar.
[INFO] Including com.fasterxml.woodstox:woodstox-core:jar:5.0.3 in the shaded jar.
[INFO] Including org.apache.flink:flink-hadoop-fs:jar:1.14-SNAPSHOT in the shaded jar.
[INFO] Including com.amazonaws:aws-java-sdk-core:jar:1.11.788 in the shaded jar.
[INFO] Including org.apache.httpcomponents:httpclient:jar:4.5.9 in the shaded jar.
[INFO] Including org.apache.httpcomponents:httpcore:jar:4.4.6 in the shaded jar.
[INFO] Including commons-codec:commons-codec:jar:1.13 in the shaded jar.
[INFO] Including software.amazon.ion:ion-java:jar:1.0.2 in the shaded jar.
[INFO] Including com.fasterxml.jackson.dataformat:jackson-dataformat-cbor:jar:2.12.1 in the shaded jar.
[INFO] Including joda-time:joda-time:jar:2.5 in the shaded jar.
[INFO] Including com.amazonaws:aws-java-sdk-s3:jar:1.11.788 in the shaded jar.
[INFO] Including com.amazonaws:jmespath-java:jar:1.11.788 in the shaded jar.
[INFO] Including com.amazonaws:aws-java-sdk-kms:jar:1.11.788 in the shaded jar.
[INFO] Including com.amazonaws:aws-java-sdk-dynamodb:jar:1.11.788 in the shaded jar.
[INFO] Including com.amazonaws:aws-java-sdk-sts:jar:1.11.788 in the shaded jar.
[INFO] Including org.apache.hadoop:hadoop-aws:jar:3.1.0 in the shaded jar.
[INFO] Including org.apache.flink:flink-shaded-force-shading:jar:13.0 in the shaded jar.
[INFO] No artifact matching filter io.netty:netty
[WARNING] Discovered module-info.class. Shading will break its strong encapsulation.
[WARNING] Discovered module-info.class. Shading will break its strong encapsulation.
[WARNING] Discovered module-info.class. Shading will break its strong encapsulation.
[WARNING] Discovered module-info.class. Shading will break its strong encapsulation.
[INFO] Replacing original artifact with shaded artifact.
[INFO] Replacing /home/runner/work/sonar-analysis/sonar-analysis/project/flink-filesystems/flink-s3-fs-hadoop/target/flink-s3-fs-hadoop-1.14-SNAPSHOT.jar with /home/runner/work/sonar-analysis/sonar-analysis/project/flink-filesystems/flink-s3-fs-hadoop/target/flink-s3-fs-hadoop-1.14-SNAPSHOT-shaded.jar
[INFO] Dependency-reduced POM written at: /home/runner/work/sonar-analysis/sonar-analysis/project/flink-filesystems/flink-s3-fs-hadoop/target/dependency-reduced-pom.xml
[INFO] 
[INFO] --- surefire:2.22.1:test (integration-tests) @ flink-s3-fs-hadoop ---
[INFO] Tests are skipped.
[INFO] 
[INFO] --- install:2.5.2:install (default-install) @ flink-s3-fs-hadoop ---
[INFO] Installing /home/runner/work/sonar-analysis/sonar-analysis/project/flink-filesystems/flink-s3-fs-hadoop/target/flink-s3-fs-hadoop-1.14-SNAPSHOT.jar to /home/runner/.m2/repository/org/apache/flink/flink-s3-fs-hadoop/1.14-SNAPSHOT/flink-s3-fs-hadoop-1.14-SNAPSHOT.jar
[INFO] Installing /home/runner/work/sonar-analysis/sonar-analysis/project/flink-filesystems/flink-s3-fs-hadoop/target/dependency-reduced-pom.xml to /home/runner/.m2/repository/org/apache/flink/flink-s3-fs-hadoop/1.14-SNAPSHOT/flink-s3-fs-hadoop-1.14-SNAPSHOT.pom
[INFO] 
[INFO] ----------------< org.apache.flink:flink-s3-fs-presto >-----------------
[INFO] Building Flink : FileSystems : S3 FS Presto 1.14-SNAPSHOT       [16/185]
[INFO]   from flink-filesystems/flink-s3-fs-presto/pom.xml
[INFO] --------------------------------[ jar ]---------------------------------
[INFO] 
[INFO] --- clean:3.1.0:clean (default-clean) @ flink-s3-fs-presto ---
[INFO] Deleting /home/runner/work/sonar-analysis/sonar-analysis/project/flink-filesystems/flink-s3-fs-presto/target
[INFO] 
[INFO] --- checkstyle:2.17:check (validate) @ flink-s3-fs-presto ---
[INFO] 
[INFO] --- spotless:2.4.2:check (spotless-check) @ flink-s3-fs-presto ---
[INFO] 
[INFO] --- enforcer:3.0.0-M1:enforce (enforce-maven-version) @ flink-s3-fs-presto ---
[INFO] Skipping Rule Enforcement.
[INFO] 
[INFO] --- enforcer:3.0.0-M1:enforce (enforce-maven) @ flink-s3-fs-presto ---
[INFO] Skipping Rule Enforcement.
[INFO] 
[INFO] --- enforcer:3.0.0-M1:enforce (ban-unsafe-snakeyaml) @ flink-s3-fs-presto ---
[INFO] Skipping Rule Enforcement.
[INFO] 
[INFO] --- enforcer:3.0.0-M1:enforce (ban-unsafe-jackson) @ flink-s3-fs-presto ---
[INFO] Skipping Rule Enforcement.
[INFO] 
[INFO] --- enforcer:3.0.0-M1:enforce (forbid-log4j-1) @ flink-s3-fs-presto ---
[INFO] Skipping Rule Enforcement.
[INFO] 
[INFO] --- enforcer:3.0.0-M1:enforce (enforce-versions) @ flink-s3-fs-presto ---
[INFO] Skipping Rule Enforcement.
[INFO] 
[INFO] --- enforcer:3.0.0-M1:enforce (ban-openjdk.jol) @ flink-s3-fs-presto ---
[INFO] Skipping Rule Enforcement.
[INFO] 
[INFO] --- directory:0.1:highest-basedir (directories) @ flink-s3-fs-presto ---
[INFO] Highest basedir set to: /home/runner/work/sonar-analysis/sonar-analysis/project
[INFO] 
[INFO] --- remote-resources:1.5:process (process-resource-bundles) @ flink-s3-fs-presto ---
[INFO] 
[INFO] --- resources:3.1.0:resources (default-resources) @ flink-s3-fs-presto ---
[INFO] Using 'UTF-8' encoding to copy filtered resources.
[INFO] Copying 5 resources
[INFO] Copying 3 resources
[INFO] 
[INFO] --- dependency:3.1.1:copy (copy-javax-jars) @ flink-s3-fs-presto ---
[INFO] Configured Artifact: javax.xml.bind:jaxb-api:2.3.1:jar
[INFO] Copying jaxb-api-2.3.1.jar to /home/runner/work/sonar-analysis/sonar-analysis/project/flink-filesystems/flink-s3-fs-presto/target/temporary/jaxb-api-2.3.1.jar
[INFO] 
[INFO] --- antrun:1.8:run (unpack-javax-libraries) @ flink-s3-fs-presto ---
[INFO] Executing tasks

main:
     [echo] unpacking javax jars
    [unzip] Expanding: /home/runner/work/sonar-analysis/sonar-analysis/project/flink-filesystems/flink-s3-fs-presto/target/temporary/jaxb-api-2.3.1.jar into /home/runner/work/sonar-analysis/sonar-analysis/project/flink-filesystems/flink-s3-fs-presto/target/classes/META-INF/versions/11
[INFO] Executed tasks
[INFO] 
[INFO] --- compiler:3.8.0:compile (default-compile) @ flink-s3-fs-presto ---
[INFO] Compiling 4 source files to /home/runner/work/sonar-analysis/sonar-analysis/project/flink-filesystems/flink-s3-fs-presto/target/classes
[INFO] 
[INFO] --- resources:3.1.0:testResources (default-testResources) @ flink-s3-fs-presto ---
[INFO] Using 'UTF-8' encoding to copy filtered resources.
[INFO] Copying 1 resource
[INFO] Copying 3 resources
[INFO] 
[INFO] --- compiler:3.8.0:testCompile (default-testCompile) @ flink-s3-fs-presto ---
[INFO] Compiling 4 source files to /home/runner/work/sonar-analysis/sonar-analysis/project/flink-filesystems/flink-s3-fs-presto/target/test-classes
[INFO] /home/runner/work/sonar-analysis/sonar-analysis/project/flink-filesystems/flink-s3-fs-presto/src/test/java/org/apache/flink/fs/s3presto/PrestoS3FileSystemBehaviorITCase.java: Some input files use or override a deprecated API.
[INFO] /home/runner/work/sonar-analysis/sonar-analysis/project/flink-filesystems/flink-s3-fs-presto/src/test/java/org/apache/flink/fs/s3presto/PrestoS3FileSystemBehaviorITCase.java: Recompile with -Xlint:deprecation for details.
[INFO] 
[INFO] --- surefire:2.22.1:test (default-test) @ flink-s3-fs-presto ---
[INFO] Tests are skipped.
[INFO] 
[INFO] --- jar:2.4:jar (default-jar) @ flink-s3-fs-presto ---
[INFO] Building jar: /home/runner/work/sonar-analysis/sonar-analysis/project/flink-filesystems/flink-s3-fs-presto/target/flink-s3-fs-presto-1.14-SNAPSHOT.jar
[INFO] 
[INFO] --- jar:2.4:jar (default) @ flink-s3-fs-presto ---
[INFO] 
[INFO] --- shade:3.2.1:shade (shade-flink) @ flink-s3-fs-presto ---
[INFO] Including org.apache.commons:commons-lang3:jar:3.3.2 in the shaded jar.
[INFO] Including commons-collections:commons-collections:jar:3.2.2 in the shaded jar.
[INFO] Including org.apache.flink:flink-s3-fs-base:jar:1.14-SNAPSHOT in the shaded jar.
[INFO] Including org.apache.hadoop:hadoop-common:jar:3.1.0 in the shaded jar.
[INFO] Including org.apache.hadoop:hadoop-annotations:jar:3.1.0 in the shaded jar.
[INFO] Including commons-io:commons-io:jar:2.8.0 in the shaded jar.
[INFO] Including commons-logging:commons-logging:jar:1.1.3 in the shaded jar.
[INFO] Including commons-lang:commons-lang:jar:2.6 in the shaded jar.
[INFO] Including commons-beanutils:commons-beanutils:jar:1.9.4 in the shaded jar.
[INFO] Including org.apache.commons:commons-configuration2:jar:2.1.1 in the shaded jar.
[INFO] Including com.google.re2j:re2j:jar:1.1 in the shaded jar.
[INFO] Including org.apache.hadoop:hadoop-auth:jar:3.1.0 in the shaded jar.
[INFO] Including org.apache.htrace:htrace-core4:jar:4.1.0-incubating in the shaded jar.
[INFO] Including org.codehaus.woodstox:stax2-api:jar:3.1.4 in the shaded jar.
[INFO] Including com.fasterxml.woodstox:woodstox-core:jar:5.0.3 in the shaded jar.
[INFO] Including org.apache.flink:flink-hadoop-fs:jar:1.14-SNAPSHOT in the shaded jar.
[INFO] Including com.amazonaws:aws-java-sdk-core:jar:1.11.788 in the shaded jar.
[INFO] Including org.apache.httpcomponents:httpclient:jar:4.5.9 in the shaded jar.
[INFO] Including org.apache.httpcomponents:httpcore:jar:4.4.6 in the shaded jar.
[INFO] Including commons-codec:commons-codec:jar:1.13 in the shaded jar.
[INFO] Including software.amazon.ion:ion-java:jar:1.0.2 in the shaded jar.
[INFO] Including com.fasterxml.jackson.dataformat:jackson-dataformat-cbor:jar:2.12.1 in the shaded jar.
[INFO] Including com.amazonaws:aws-java-sdk-s3:jar:1.11.788 in the shaded jar.
[INFO] Including com.amazonaws:jmespath-java:jar:1.11.788 in the shaded jar.
[INFO] Including com.amazonaws:aws-java-sdk-kms:jar:1.11.788 in the shaded jar.
[INFO] Including com.amazonaws:aws-java-sdk-dynamodb:jar:1.11.788 in the shaded jar.
[INFO] Including com.amazonaws:aws-java-sdk-sts:jar:1.11.788 in the shaded jar.
[INFO] Including org.apache.hadoop:hadoop-aws:jar:3.1.0 in the shaded jar.
[INFO] Including com.facebook.presto:presto-hive:jar:0.187 in the shaded jar.
[INFO] Including io.airlift:stats:jar:0.153 in the shaded jar.
[INFO] Including org.hdrhistogram:HdrHistogram:jar:2.1.9 in the shaded jar.
[INFO] Including io.airlift:log:jar:0.153 in the shaded jar.
[INFO] Including io.airlift:configuration:jar:0.153 in the shaded jar.
[INFO] Including com.google.guava:guava:jar:21.0 in the shaded jar.
[INFO] Including org.weakref:jmxutils:jar:1.19 in the shaded jar.
[INFO] Including joda-time:joda-time:jar:2.5 in the shaded jar.
[INFO] Including com.fasterxml.jackson.core:jackson-core:jar:2.12.1 in the shaded jar.
[INFO] Including com.fasterxml.jackson.core:jackson-databind:jar:2.12.1 in the shaded jar.
[INFO] Including io.airlift:slice:jar:0.31 in the shaded jar.
[INFO] Including io.airlift:units:jar:1.0 in the shaded jar.
[INFO] Including com.fasterxml.jackson.core:jackson-annotations:jar:2.12.1 in the shaded jar.
[INFO] Including com.facebook.presto.hadoop:hadoop-apache2:jar:2.7.3-1 in the shaded jar.
[INFO] Including org.apache.flink:flink-shaded-force-shading:jar:13.0 in the shaded jar.
[INFO] No artifact matching filter io.netty:netty
[WARNING] Discovered module-info.class. Shading will break its strong encapsulation.
[WARNING] Discovered module-info.class. Shading will break its strong encapsulation.
[WARNING] Discovered module-info.class. Shading will break its strong encapsulation.
[WARNING] Discovered module-info.class. Shading will break its strong encapsulation.
[INFO] Replacing original artifact with shaded artifact.
[INFO] Replacing /home/runner/work/sonar-analysis/sonar-analysis/project/flink-filesystems/flink-s3-fs-presto/target/flink-s3-fs-presto-1.14-SNAPSHOT.jar with /home/runner/work/sonar-analysis/sonar-analysis/project/flink-filesystems/flink-s3-fs-presto/target/flink-s3-fs-presto-1.14-SNAPSHOT-shaded.jar
[INFO] Dependency-reduced POM written at: /home/runner/work/sonar-analysis/sonar-analysis/project/flink-filesystems/flink-s3-fs-presto/target/dependency-reduced-pom.xml
[INFO] 
[INFO] --- surefire:2.22.1:test (integration-tests) @ flink-s3-fs-presto ---
[INFO] Tests are skipped.
[INFO] 
[INFO] --- install:2.5.2:install (default-install) @ flink-s3-fs-presto ---
[INFO] Installing /home/runner/work/sonar-analysis/sonar-analysis/project/flink-filesystems/flink-s3-fs-presto/target/flink-s3-fs-presto-1.14-SNAPSHOT.jar to /home/runner/.m2/repository/org/apache/flink/flink-s3-fs-presto/1.14-SNAPSHOT/flink-s3-fs-presto-1.14-SNAPSHOT.jar
[INFO] Installing /home/runner/work/sonar-analysis/sonar-analysis/project/flink-filesystems/flink-s3-fs-presto/target/dependency-reduced-pom.xml to /home/runner/.m2/repository/org/apache/flink/flink-s3-fs-presto/1.14-SNAPSHOT/flink-s3-fs-presto-1.14-SNAPSHOT.pom
[INFO] 
[INFO] ----------------< org.apache.flink:flink-oss-fs-hadoop >----------------
[INFO] Building Flink : FileSystems : OSS FS 1.14-SNAPSHOT             [17/185]
[INFO]   from flink-filesystems/flink-oss-fs-hadoop/pom.xml
[INFO] --------------------------------[ jar ]---------------------------------
[INFO] 
[INFO] --- clean:3.1.0:clean (default-clean) @ flink-oss-fs-hadoop ---
[INFO] Deleting /home/runner/work/sonar-analysis/sonar-analysis/project/flink-filesystems/flink-oss-fs-hadoop/target
[INFO] 
[INFO] --- checkstyle:2.17:check (validate) @ flink-oss-fs-hadoop ---
[INFO] 
[INFO] --- spotless:2.4.2:check (spotless-check) @ flink-oss-fs-hadoop ---
[INFO] 
[INFO] --- enforcer:3.0.0-M1:enforce (enforce-maven-version) @ flink-oss-fs-hadoop ---
[INFO] Skipping Rule Enforcement.
[INFO] 
[INFO] --- enforcer:3.0.0-M1:enforce (enforce-maven) @ flink-oss-fs-hadoop ---
[INFO] Skipping Rule Enforcement.
[INFO] 
[INFO] --- enforcer:3.0.0-M1:enforce (ban-unsafe-snakeyaml) @ flink-oss-fs-hadoop ---
[INFO] Skipping Rule Enforcement.
[INFO] 
[INFO] --- enforcer:3.0.0-M1:enforce (ban-unsafe-jackson) @ flink-oss-fs-hadoop ---
[INFO] Skipping Rule Enforcement.
[INFO] 
[INFO] --- enforcer:3.0.0-M1:enforce (forbid-log4j-1) @ flink-oss-fs-hadoop ---
[INFO] Skipping Rule Enforcement.
[INFO] 
[INFO] --- enforcer:3.0.0-M1:enforce (enforce-versions) @ flink-oss-fs-hadoop ---
[INFO] Skipping Rule Enforcement.
[INFO] 
[INFO] --- directory:0.1:highest-basedir (directories) @ flink-oss-fs-hadoop ---
[INFO] Highest basedir set to: /home/runner/work/sonar-analysis/sonar-analysis/project
[INFO] 
[INFO] --- remote-resources:1.5:process (process-resource-bundles) @ flink-oss-fs-hadoop ---
[INFO] 
[INFO] --- resources:3.1.0:resources (default-resources) @ flink-oss-fs-hadoop ---
[INFO] Using 'UTF-8' encoding to copy filtered resources.
[INFO] Copying 2 resources
[INFO] Copying 3 resources
[INFO] 
[INFO] --- compiler:3.8.0:compile (default-compile) @ flink-oss-fs-hadoop ---
[INFO] Compiling 1 source file to /home/runner/work/sonar-analysis/sonar-analysis/project/flink-filesystems/flink-oss-fs-hadoop/target/classes
[INFO] /home/runner/work/sonar-analysis/sonar-analysis/project/flink-filesystems/flink-oss-fs-hadoop/src/main/java/org/apache/flink/fs/osshadoop/OSSFileSystemFactory.java: /home/runner/work/sonar-analysis/sonar-analysis/project/flink-filesystems/flink-oss-fs-hadoop/src/main/java/org/apache/flink/fs/osshadoop/OSSFileSystemFactory.java uses or overrides a deprecated API.
[INFO] /home/runner/work/sonar-analysis/sonar-analysis/project/flink-filesystems/flink-oss-fs-hadoop/src/main/java/org/apache/flink/fs/osshadoop/OSSFileSystemFactory.java: Recompile with -Xlint:deprecation for details.
[INFO] 
[INFO] --- resources:3.1.0:testResources (default-testResources) @ flink-oss-fs-hadoop ---
[INFO] Using 'UTF-8' encoding to copy filtered resources.
[INFO] skip non existing resourceDirectory /home/runner/work/sonar-analysis/sonar-analysis/project/flink-filesystems/flink-oss-fs-hadoop/src/test/resources
[INFO] Copying 3 resources
[INFO] 
[INFO] --- compiler:3.8.0:testCompile (default-testCompile) @ flink-oss-fs-hadoop ---
[INFO] Compiling 2 source files to /home/runner/work/sonar-analysis/sonar-analysis/project/flink-filesystems/flink-oss-fs-hadoop/target/test-classes
[INFO] /home/runner/work/sonar-analysis/sonar-analysis/project/flink-filesystems/flink-oss-fs-hadoop/src/test/java/org/apache/flink/fs/osshadoop/HadoopOSSFileSystemITCase.java: Some input files use or override a deprecated API.
[INFO] /home/runner/work/sonar-analysis/sonar-analysis/project/flink-filesystems/flink-oss-fs-hadoop/src/test/java/org/apache/flink/fs/osshadoop/HadoopOSSFileSystemITCase.java: Recompile with -Xlint:deprecation for details.
[INFO] 
[INFO] --- surefire:2.22.1:test (default-test) @ flink-oss-fs-hadoop ---
[INFO] Tests are skipped.
[INFO] 
[INFO] --- jar:2.4:jar (default-jar) @ flink-oss-fs-hadoop ---
[INFO] Building jar: /home/runner/work/sonar-analysis/sonar-analysis/project/flink-filesystems/flink-oss-fs-hadoop/target/flink-oss-fs-hadoop-1.14-SNAPSHOT.jar
[INFO] 
[INFO] --- shade:3.2.1:shade (shade-flink) @ flink-oss-fs-hadoop ---
[INFO] Including commons-collections:commons-collections:jar:3.2.2 in the shaded jar.
[INFO] Including org.apache.flink:flink-hadoop-fs:jar:1.14-SNAPSHOT in the shaded jar.
[INFO] Including org.apache.flink:flink-fs-hadoop-shaded:jar:1.14-SNAPSHOT in the shaded jar.
[INFO] Including org.apache.hadoop:hadoop-common:jar:2.4.1 in the shaded jar.
[INFO] Including org.apache.hadoop:hadoop-annotations:jar:2.4.1 in the shaded jar.
[INFO] Including com.google.guava:guava:jar:11.0.2 in the shaded jar.
[INFO] Including xmlenc:xmlenc:jar:0.52 in the shaded jar.
[INFO] Including commons-httpclient:commons-httpclient:jar:3.1 in the shaded jar.
[INFO] Including commons-io:commons-io:jar:2.8.0 in the shaded jar.
[INFO] Including javax.servlet:servlet-api:jar:2.5 in the shaded jar.
[INFO] Including org.mortbay.jetty:jetty:jar:6.1.26 in the shaded jar.
[INFO] Including org.mortbay.jetty:jetty-util:jar:6.1.26 in the shaded jar.
[INFO] Including tomcat:jasper-compiler:jar:5.5.23 in the shaded jar.
[INFO] Including tomcat:jasper-runtime:jar:5.5.23 in the shaded jar.
[INFO] Including commons-el:commons-el:jar:1.0 in the shaded jar.
[INFO] Including commons-logging:commons-logging:jar:1.1.3 in the shaded jar.
[INFO] Including net.java.dev.jets3t:jets3t:jar:0.9.0 in the shaded jar.
[INFO] Including com.jamesmurty.utils:java-xmlbuilder:jar:0.4 in the shaded jar.
[INFO] Including commons-lang:commons-lang:jar:2.6 in the shaded jar.
[INFO] Including commons-configuration:commons-configuration:jar:1.7 in the shaded jar.
[INFO] Including commons-digester:commons-digester:jar:1.8.1 in the shaded jar.
[INFO] Including commons-beanutils:commons-beanutils:jar:1.8.3 in the shaded jar.
[INFO] Including org.codehaus.jackson:jackson-core-asl:jar:1.8.8 in the shaded jar.
[INFO] Including org.codehaus.jackson:jackson-mapper-asl:jar:1.8.8 in the shaded jar.
[INFO] Including org.apache.hadoop:hadoop-auth:jar:2.4.1 in the shaded jar.
[INFO] Including org.apache.hadoop:hadoop-aliyun:jar:3.1.0 in the shaded jar.
[INFO] Including com.aliyun.oss:aliyun-sdk-oss:jar:3.4.1 in the shaded jar.
[INFO] Including org.apache.httpcomponents:httpclient:jar:4.5.3 in the shaded jar.
[INFO] Including org.apache.httpcomponents:httpcore:jar:4.4.6 in the shaded jar.
[INFO] Including commons-codec:commons-codec:jar:1.13 in the shaded jar.
[INFO] Including org.jdom:jdom:jar:1.1 in the shaded jar.
[INFO] Including org.codehaus.jettison:jettison:jar:1.1 in the shaded jar.
[INFO] Including stax:stax-api:jar:1.0.1 in the shaded jar.
[INFO] Including com.aliyun:aliyun-java-sdk-core:jar:3.4.0 in the shaded jar.
[INFO] Including com.aliyun:aliyun-java-sdk-ram:jar:3.0.0 in the shaded jar.
[INFO] Including com.aliyun:aliyun-java-sdk-sts:jar:3.0.0 in the shaded jar.
[INFO] Including com.aliyun:aliyun-java-sdk-ecs:jar:4.2.0 in the shaded jar.
[INFO] Including org.apache.flink:flink-shaded-force-shading:jar:13.0 in the shaded jar.
[INFO] No artifact matching filter io.netty:netty
[WARNING] hadoop-common-2.4.1.jar, flink-fs-hadoop-shaded-1.14-SNAPSHOT.jar define 1508 overlapping classes: 
[WARNING]   - org.apache.hadoop.io.ArrayFile
[WARNING]   - org.apache.hadoop.ha.ZKFailoverController$2
[WARNING]   - org.apache.hadoop.fs.FileSystem$Cache
[WARNING]   - org.apache.hadoop.io.compress.DecompressorStream
[WARNING]   - org.apache.hadoop.util.HeapSort
[WARNING]   - org.apache.hadoop.security.SaslRpcServer$AuthMethod
[WARNING]   - org.apache.hadoop.fs.FileContext$27
[WARNING]   - org.apache.hadoop.ha.protocolPB.HAServiceProtocolClientSideTranslatorPB$1
[WARNING]   - org.apache.hadoop.io.nativeio.NativeIO$POSIX
[WARNING]   - org.apache.hadoop.util.ShutdownHookManager$2
[WARNING]   - 1498 more...
[WARNING] commons-logging-1.1.3.jar, flink-fs-hadoop-shaded-1.14-SNAPSHOT.jar define 28 overlapping classes: 
[WARNING]   - org.apache.commons.logging.LogSource
[WARNING]   - org.apache.commons.logging.impl.ServletContextCleaner
[WARNING]   - org.apache.commons.logging.Log
[WARNING]   - org.apache.commons.logging.LogFactory$3
[WARNING]   - org.apache.commons.logging.impl.LogFactoryImpl$2
[WARNING]   - org.apache.commons.logging.impl.LogKitLogger
[WARNING]   - org.apache.commons.logging.LogConfigurationException
[WARNING]   - org.apache.commons.logging.impl.Jdk14Logger
[WARNING]   - org.apache.commons.logging.impl.WeakHashtable$Referenced
[WARNING]   - org.apache.commons.logging.impl.WeakHashtable$WeakKey
[WARNING]   - 18 more...
[WARNING] commons-beanutils-1.8.3.jar, flink-fs-hadoop-shaded-1.14-SNAPSHOT.jar, commons-collections-3.2.2.jar define 10 overlapping classes: 
[WARNING]   - org.apache.commons.collections.FastHashMap$EntrySet
[WARNING]   - org.apache.commons.collections.FastHashMap$KeySet
[WARNING]   - org.apache.commons.collections.FastHashMap$CollectionView$CollectionViewIterator
[WARNING]   - org.apache.commons.collections.ArrayStack
[WARNING]   - org.apache.commons.collections.FastHashMap$Values
[WARNING]   - org.apache.commons.collections.FastHashMap$CollectionView
[WARNING]   - org.apache.commons.collections.FastHashMap$1
[WARNING]   - org.apache.commons.collections.Buffer
[WARNING]   - org.apache.commons.collections.FastHashMap
[WARNING]   - org.apache.commons.collections.BufferUnderflowException
[WARNING] commons-io-2.8.0.jar, flink-fs-hadoop-shaded-1.14-SNAPSHOT.jar define 182 overlapping classes: 
[WARNING]   - org.apache.commons.io.FileCleaningTracker
[WARNING]   - org.apache.commons.io.comparator.SizeFileComparator
[WARNING]   - org.apache.commons.io.output.BrokenWriter
[WARNING]   - org.apache.commons.io.input.CloseShieldInputStream
[WARNING]   - org.apache.commons.io.ByteOrderParser
[WARNING]   - org.apache.commons.io.filefilter.EmptyFileFilter
[WARNING]   - org.apache.commons.io.monitor.FileEntry
[WARNING]   - org.apache.commons.io.output.ThresholdingOutputStream
[WARNING]   - org.apache.commons.io.input.TailerListener
[WARNING]   - org.apache.commons.io.IOExceptionWithCause
[WARNING]   - 172 more...
[WARNING] flink-fs-hadoop-shaded-1.14-SNAPSHOT.jar, commons-collections-3.2.2.jar define 450 overlapping classes: 
[WARNING]   - org.apache.commons.collections.map.AbstractLinkedMap$LinkMapIterator
[WARNING]   - org.apache.commons.collections.bidimap.TreeBidiMap$Node
[WARNING]   - org.apache.commons.collections.comparators.TransformingComparator
[WARNING]   - org.apache.commons.collections.iterators.AbstractListIteratorDecorator
[WARNING]   - org.apache.commons.collections.bag.AbstractMapBag$BagIterator
[WARNING]   - org.apache.commons.collections.map.AbstractReferenceMap$ReferenceKeySetIterator
[WARNING]   - org.apache.commons.collections.DoubleOrderedMap$3$1
[WARNING]   - org.apache.commons.collections.StaticBucketMap
[WARNING]   - org.apache.commons.collections.ReferenceMap$1
[WARNING]   - org.apache.commons.collections.comparators.ComparatorChain
[WARNING]   - 440 more...
[WARNING] commons-beanutils-1.8.3.jar, flink-fs-hadoop-shaded-1.14-SNAPSHOT.jar define 126 overlapping classes: 
[WARNING]   - org.apache.commons.beanutils.ConvertUtilsBean
[WARNING]   - org.apache.commons.beanutils.converters.SqlTimeConverter
[WARNING]   - org.apache.commons.beanutils.converters.FloatArrayConverter
[WARNING]   - org.apache.commons.beanutils.BeanMap$1
[WARNING]   - org.apache.commons.beanutils.BeanMap$4
[WARNING]   - org.apache.commons.beanutils.converters.LongArrayConverter
[WARNING]   - org.apache.commons.beanutils.converters.BooleanArrayConverter
[WARNING]   - org.apache.commons.beanutils.converters.StringConverter
[WARNING]   - org.apache.commons.beanutils.BeanMap$12
[WARNING]   - org.apache.commons.beanutils.BeanPredicate
[WARNING]   - 116 more...
[WARNING] jasper-compiler-5.5.23.jar, jasper-runtime-5.5.23.jar define 1 overlapping classes: 
[WARNING]   - org.apache.jasper.compiler.Localizer
[WARNING] commons-lang-2.6.jar, flink-fs-hadoop-shaded-1.14-SNAPSHOT.jar define 133 overlapping classes: 
[WARNING]   - org.apache.commons.lang.NotImplementedException
[WARNING]   - org.apache.commons.lang.math.JVMRandom
[WARNING]   - org.apache.commons.lang.builder.ToStringBuilder
[WARNING]   - org.apache.commons.lang.time.FastDateFormat$TimeZoneDisplayKey
[WARNING]   - org.apache.commons.lang.exception.NestableRuntimeException
[WARNING]   - org.apache.commons.lang.text.StrMatcher$TrimMatcher
[WARNING]   - org.apache.commons.lang.time.FastDateFormat$CharacterLiteral
[WARNING]   - org.apache.commons.lang.time.FastDateFormat$TimeZoneNameRule
[WARNING]   - org.apache.commons.lang.mutable.MutableDouble
[WARNING]   - org.apache.commons.lang.LocaleUtils
[WARNING]   - 123 more...
[WARNING] hadoop-auth-2.4.1.jar, flink-fs-hadoop-shaded-1.14-SNAPSHOT.jar define 26 overlapping classes: 
[WARNING]   - org.apache.hadoop.security.authentication.server.PseudoAuthenticationHandler
[WARNING]   - org.apache.hadoop.security.authentication.client.AuthenticatedURL
[WARNING]   - org.apache.hadoop.security.authentication.client.AuthenticatedURL$Token
[WARNING]   - org.apache.hadoop.security.authentication.client.Authenticator
[WARNING]   - org.apache.hadoop.security.authentication.util.KerberosName$NoMatchingRule
[WARNING]   - org.apache.hadoop.security.authentication.util.KerberosName$Rule
[WARNING]   - org.apache.hadoop.security.authentication.server.AuthenticationHandler
[WARNING]   - org.apache.hadoop.security.authentication.util.KerberosName$BadFormatString
[WARNING]   - org.apache.hadoop.util.PlatformName
[WARNING]   - org.apache.hadoop.security.authentication.server.KerberosAuthenticationHandler$1
[WARNING]   - 16 more...
[WARNING] hadoop-annotations-2.4.1.jar, flink-fs-hadoop-shaded-1.14-SNAPSHOT.jar define 15 overlapping classes: 
[WARNING]   - org.apache.hadoop.classification.InterfaceStability
[WARNING]   - org.apache.hadoop.classification.tools.RootDocProcessor$ExcludeHandler
[WARNING]   - org.apache.hadoop.classification.InterfaceAudience$Private
[WARNING]   - org.apache.hadoop.classification.InterfaceAudience$LimitedPrivate
[WARNING]   - org.apache.hadoop.classification.tools.package-info
[WARNING]   - org.apache.hadoop.classification.tools.ExcludePrivateAnnotationsStandardDoclet
[WARNING]   - org.apache.hadoop.classification.InterfaceStability$Evolving
[WARNING]   - org.apache.hadoop.classification.tools.IncludePublicAnnotationsStandardDoclet
[WARNING]   - org.apache.hadoop.classification.InterfaceStability$Stable
[WARNING]   - org.apache.hadoop.classification.InterfaceAudience
[WARNING]   - 5 more...
[WARNING] guava-11.0.2.jar, flink-fs-hadoop-shaded-1.14-SNAPSHOT.jar define 1266 overlapping classes: 
[WARNING]   - com.google.common.collect.Multimaps$FilteredMultimap$AsMap$Values$1
[WARNING]   - com.google.common.cache.LocalCache$KeyIterator
[WARNING]   - com.google.common.io.LineProcessor
[WARNING]   - com.google.common.collect.ComputingConcurrentHashMap$ComputingSerializationProxy
[WARNING]   - com.google.common.io.ByteProcessor
[WARNING]   - com.google.common.io.InputSupplier
[WARNING]   - com.google.common.math.package-info
[WARNING]   - com.google.common.util.concurrent.SimpleTimeLimiter
[WARNING]   - com.google.common.collect.ImmutableCollection$1
[WARNING]   - com.google.common.cache.AbstractCache$StatsCounter
[WARNING]   - 1256 more...
[WARNING] maven-shade-plugin has detected that some class files are
[WARNING] present in two or more JARs. When this happens, only one
[WARNING] single version of the class is copied to the uber jar.
[WARNING] Usually this is not harmful and you can skip these warnings,
[WARNING] otherwise try to manually exclude artifacts based on
[WARNING] mvn dependency:tree -Ddetail=true and the above output.
[WARNING] See http://maven.apache.org/plugins/maven-shade-plugin/
[INFO] Replacing original artifact with shaded artifact.
[INFO] Replacing /home/runner/work/sonar-analysis/sonar-analysis/project/flink-filesystems/flink-oss-fs-hadoop/target/flink-oss-fs-hadoop-1.14-SNAPSHOT.jar with /home/runner/work/sonar-analysis/sonar-analysis/project/flink-filesystems/flink-oss-fs-hadoop/target/flink-oss-fs-hadoop-1.14-SNAPSHOT-shaded.jar
[INFO] Dependency-reduced POM written at: /home/runner/work/sonar-analysis/sonar-analysis/project/flink-filesystems/flink-oss-fs-hadoop/target/dependency-reduced-pom.xml
[INFO] 
[INFO] --- surefire:2.22.1:test (integration-tests) @ flink-oss-fs-hadoop ---
[INFO] Tests are skipped.
[INFO] 
[INFO] --- install:2.5.2:install (default-install) @ flink-oss-fs-hadoop ---
[INFO] Installing /home/runner/work/sonar-analysis/sonar-analysis/project/flink-filesystems/flink-oss-fs-hadoop/target/flink-oss-fs-hadoop-1.14-SNAPSHOT.jar to /home/runner/.m2/repository/org/apache/flink/flink-oss-fs-hadoop/1.14-SNAPSHOT/flink-oss-fs-hadoop-1.14-SNAPSHOT.jar
[INFO] Installing /home/runner/work/sonar-analysis/sonar-analysis/project/flink-filesystems/flink-oss-fs-hadoop/target/dependency-reduced-pom.xml to /home/runner/.m2/repository/org/apache/flink/flink-oss-fs-hadoop/1.14-SNAPSHOT/flink-oss-fs-hadoop-1.14-SNAPSHOT.pom
[INFO] 
[INFO] ---------------< org.apache.flink:flink-azure-fs-hadoop >---------------
[INFO] Building Flink : FileSystems : Azure FS Hadoop 1.14-SNAPSHOT    [18/185]
[INFO]   from flink-filesystems/flink-azure-fs-hadoop/pom.xml
[INFO] --------------------------------[ jar ]---------------------------------
[INFO] 
[INFO] --- clean:3.1.0:clean (default-clean) @ flink-azure-fs-hadoop ---
[INFO] Deleting /home/runner/work/sonar-analysis/sonar-analysis/project/flink-filesystems/flink-azure-fs-hadoop/target
[INFO] 
[INFO] --- checkstyle:2.17:check (validate) @ flink-azure-fs-hadoop ---
[INFO] 
[INFO] --- spotless:2.4.2:check (spotless-check) @ flink-azure-fs-hadoop ---
[INFO] 
[INFO] --- enforcer:3.0.0-M1:enforce (enforce-maven-version) @ flink-azure-fs-hadoop ---
[INFO] Skipping Rule Enforcement.
[INFO] 
[INFO] --- enforcer:3.0.0-M1:enforce (enforce-maven) @ flink-azure-fs-hadoop ---
[INFO] Skipping Rule Enforcement.
[INFO] 
[INFO] --- enforcer:3.0.0-M1:enforce (ban-unsafe-snakeyaml) @ flink-azure-fs-hadoop ---
[INFO] Skipping Rule Enforcement.
[INFO] 
[INFO] --- enforcer:3.0.0-M1:enforce (ban-unsafe-jackson) @ flink-azure-fs-hadoop ---
[INFO] Skipping Rule Enforcement.
[INFO] 
[INFO] --- enforcer:3.0.0-M1:enforce (forbid-log4j-1) @ flink-azure-fs-hadoop ---
[INFO] Skipping Rule Enforcement.
[INFO] 
[INFO] --- enforcer:3.0.0-M1:enforce (enforce-versions) @ flink-azure-fs-hadoop ---
[INFO] Skipping Rule Enforcement.
[INFO] 
[INFO] --- directory:0.1:highest-basedir (directories) @ flink-azure-fs-hadoop ---
[INFO] Highest basedir set to: /home/runner/work/sonar-analysis/sonar-analysis/project
[INFO] 
[INFO] --- remote-resources:1.5:process (process-resource-bundles) @ flink-azure-fs-hadoop ---
[INFO] 
[INFO] --- resources:3.1.0:resources (default-resources) @ flink-azure-fs-hadoop ---
[INFO] Using 'UTF-8' encoding to copy filtered resources.
[INFO] Copying 1 resource
[INFO] Copying 3 resources
[INFO] 
[INFO] --- compiler:3.8.0:compile (default-compile) @ flink-azure-fs-hadoop ---
[INFO] Compiling 4 source files to /home/runner/work/sonar-analysis/sonar-analysis/project/flink-filesystems/flink-azure-fs-hadoop/target/classes
[INFO] 
[INFO] --- resources:3.1.0:testResources (default-testResources) @ flink-azure-fs-hadoop ---
[INFO] Using 'UTF-8' encoding to copy filtered resources.
[INFO] Copying 1 resource
[INFO] Copying 3 resources
[INFO] 
[INFO] --- compiler:3.8.0:testCompile (default-testCompile) @ flink-azure-fs-hadoop ---
[INFO] Compiling 2 source files to /home/runner/work/sonar-analysis/sonar-analysis/project/flink-filesystems/flink-azure-fs-hadoop/target/test-classes
[INFO] /home/runner/work/sonar-analysis/sonar-analysis/project/flink-filesystems/flink-azure-fs-hadoop/src/test/java/org/apache/flink/fs/azurefs/AzureFileSystemBehaviorITCase.java: Some input files use or override a deprecated API.
[INFO] /home/runner/work/sonar-analysis/sonar-analysis/project/flink-filesystems/flink-azure-fs-hadoop/src/test/java/org/apache/flink/fs/azurefs/AzureFileSystemBehaviorITCase.java: Recompile with -Xlint:deprecation for details.
[INFO] 
[INFO] --- surefire:2.22.1:test (default-test) @ flink-azure-fs-hadoop ---
[INFO] Tests are skipped.
[INFO] 
[INFO] --- jar:2.4:jar (default-jar) @ flink-azure-fs-hadoop ---
[INFO] Building jar: /home/runner/work/sonar-analysis/sonar-analysis/project/flink-filesystems/flink-azure-fs-hadoop/target/flink-azure-fs-hadoop-1.14-SNAPSHOT.jar
[INFO] 
[INFO] --- shade:3.2.1:shade (shade-flink) @ flink-azure-fs-hadoop ---
[INFO] Including commons-collections:commons-collections:jar:3.2.2 in the shaded jar.
[INFO] Including org.apache.flink:flink-hadoop-fs:jar:1.14-SNAPSHOT in the shaded jar.
[INFO] Including org.apache.flink:flink-fs-hadoop-shaded:jar:1.14-SNAPSHOT in the shaded jar.
[INFO] Including org.apache.hadoop:hadoop-common:jar:2.4.1 in the shaded jar.
[INFO] Including org.apache.hadoop:hadoop-annotations:jar:2.4.1 in the shaded jar.
[INFO] Including xmlenc:xmlenc:jar:0.52 in the shaded jar.
[INFO] Including commons-httpclient:commons-httpclient:jar:3.1 in the shaded jar.
[INFO] Including commons-io:commons-io:jar:2.8.0 in the shaded jar.
[INFO] Including javax.servlet:servlet-api:jar:2.5 in the shaded jar.
[INFO] Including org.mortbay.jetty:jetty:jar:6.1.26 in the shaded jar.
[INFO] Including org.mortbay.jetty:jetty-util:jar:6.1.26 in the shaded jar.
[INFO] Including tomcat:jasper-compiler:jar:5.5.23 in the shaded jar.
[INFO] Including tomcat:jasper-runtime:jar:5.5.23 in the shaded jar.
[INFO] Including commons-el:commons-el:jar:1.0 in the shaded jar.
[INFO] Including commons-logging:commons-logging:jar:1.1.3 in the shaded jar.
[INFO] Including net.java.dev.jets3t:jets3t:jar:0.9.0 in the shaded jar.
[INFO] Including com.jamesmurty.utils:java-xmlbuilder:jar:0.4 in the shaded jar.
[INFO] Including commons-lang:commons-lang:jar:2.6 in the shaded jar.
[INFO] Including commons-configuration:commons-configuration:jar:1.7 in the shaded jar.
[INFO] Including commons-digester:commons-digester:jar:1.8.1 in the shaded jar.
[INFO] Including commons-beanutils:commons-beanutils:jar:1.8.3 in the shaded jar.
[INFO] Including org.codehaus.jackson:jackson-core-asl:jar:1.8.8 in the shaded jar.
[INFO] Including org.codehaus.jackson:jackson-mapper-asl:jar:1.8.8 in the shaded jar.
[INFO] Including org.apache.hadoop:hadoop-auth:jar:2.4.1 in the shaded jar.
[INFO] Including org.apache.hadoop:hadoop-azure:jar:3.1.0 in the shaded jar.
[INFO] Including com.fasterxml.jackson.core:jackson-core:jar:2.12.1 in the shaded jar.
[INFO] Including org.apache.httpcomponents:httpclient:jar:4.5.3 in the shaded jar.
[INFO] Including org.apache.httpcomponents:httpcore:jar:4.4.6 in the shaded jar.
[INFO] Including commons-codec:commons-codec:jar:1.13 in the shaded jar.
[INFO] Including com.microsoft.azure:azure-storage:jar:5.4.0 in the shaded jar.
[INFO] Including com.microsoft.azure:azure-keyvault-core:jar:0.8.0 in the shaded jar.
[INFO] Including com.google.guava:guava:jar:11.0.2 in the shaded jar.
[INFO] Including org.eclipse.jetty:jetty-util-ajax:jar:9.3.24.v20180605 in the shaded jar.
[INFO] Including org.eclipse.jetty:jetty-util:jar:9.3.24.v20180605 in the shaded jar.
[INFO] Including com.fasterxml.jackson.core:jackson-databind:jar:2.12.1 in the shaded jar.
[INFO] Including com.fasterxml.jackson.core:jackson-annotations:jar:2.12.1 in the shaded jar.
[INFO] Including org.apache.flink:flink-shaded-force-shading:jar:13.0 in the shaded jar.
[INFO] No artifact matching filter io.netty:netty
[WARNING] Discovered module-info.class. Shading will break its strong encapsulation.
[WARNING] Discovered module-info.class. Shading will break its strong encapsulation.
[WARNING] Discovered module-info.class. Shading will break its strong encapsulation.
[WARNING] hadoop-common-2.4.1.jar, flink-fs-hadoop-shaded-1.14-SNAPSHOT.jar define 1508 overlapping classes: 
[WARNING]   - org.apache.hadoop.io.ArrayFile
[WARNING]   - org.apache.hadoop.ha.ZKFailoverController$2
[WARNING]   - org.apache.hadoop.fs.FileSystem$Cache
[WARNING]   - org.apache.hadoop.io.compress.DecompressorStream
[WARNING]   - org.apache.hadoop.util.HeapSort
[WARNING]   - org.apache.hadoop.security.SaslRpcServer$AuthMethod
[WARNING]   - org.apache.hadoop.fs.FileContext$27
[WARNING]   - org.apache.hadoop.ha.protocolPB.HAServiceProtocolClientSideTranslatorPB$1
[WARNING]   - org.apache.hadoop.io.nativeio.NativeIO$POSIX
[WARNING]   - org.apache.hadoop.util.ShutdownHookManager$2
[WARNING]   - 1498 more...
[WARNING] commons-logging-1.1.3.jar, flink-fs-hadoop-shaded-1.14-SNAPSHOT.jar define 28 overlapping classes: 
[WARNING]   - org.apache.commons.logging.LogSource
[WARNING]   - org.apache.commons.logging.impl.ServletContextCleaner
[WARNING]   - org.apache.commons.logging.Log
[WARNING]   - org.apache.commons.logging.LogFactory$3
[WARNING]   - org.apache.commons.logging.impl.LogFactoryImpl$2
[WARNING]   - org.apache.commons.logging.impl.LogKitLogger
[WARNING]   - org.apache.commons.logging.LogConfigurationException
[WARNING]   - org.apache.commons.logging.impl.Jdk14Logger
[WARNING]   - org.apache.commons.logging.impl.WeakHashtable$Referenced
[WARNING]   - org.apache.commons.logging.impl.WeakHashtable$WeakKey
[WARNING]   - 18 more...
[WARNING] commons-beanutils-1.8.3.jar, flink-fs-hadoop-shaded-1.14-SNAPSHOT.jar, commons-collections-3.2.2.jar define 10 overlapping classes: 
[WARNING]   - org.apache.commons.collections.FastHashMap$EntrySet
[WARNING]   - org.apache.commons.collections.FastHashMap$KeySet
[WARNING]   - org.apache.commons.collections.FastHashMap$CollectionView$CollectionViewIterator
[WARNING]   - org.apache.commons.collections.ArrayStack
[WARNING]   - org.apache.commons.collections.FastHashMap$Values
[WARNING]   - org.apache.commons.collections.FastHashMap$CollectionView
[WARNING]   - org.apache.commons.collections.FastHashMap$1
[WARNING]   - org.apache.commons.collections.Buffer
[WARNING]   - org.apache.commons.collections.FastHashMap
[WARNING]   - org.apache.commons.collections.BufferUnderflowException
[WARNING] commons-io-2.8.0.jar, flink-fs-hadoop-shaded-1.14-SNAPSHOT.jar define 182 overlapping classes: 
[WARNING]   - org.apache.commons.io.FileCleaningTracker
[WARNING]   - org.apache.commons.io.comparator.SizeFileComparator
[WARNING]   - org.apache.commons.io.output.BrokenWriter
[WARNING]   - org.apache.commons.io.input.CloseShieldInputStream
[WARNING]   - org.apache.commons.io.ByteOrderParser
[WARNING]   - org.apache.commons.io.filefilter.EmptyFileFilter
[WARNING]   - org.apache.commons.io.monitor.FileEntry
[WARNING]   - org.apache.commons.io.output.ThresholdingOutputStream
[WARNING]   - org.apache.commons.io.input.TailerListener
[WARNING]   - org.apache.commons.io.IOExceptionWithCause
[WARNING]   - 172 more...
[WARNING] flink-fs-hadoop-shaded-1.14-SNAPSHOT.jar, commons-collections-3.2.2.jar define 450 overlapping classes: 
[WARNING]   - org.apache.commons.collections.map.AbstractLinkedMap$LinkMapIterator
[WARNING]   - org.apache.commons.collections.bidimap.TreeBidiMap$Node
[WARNING]   - org.apache.commons.collections.comparators.TransformingComparator
[WARNING]   - org.apache.commons.collections.iterators.AbstractListIteratorDecorator
[WARNING]   - org.apache.commons.collections.bag.AbstractMapBag$BagIterator
[WARNING]   - org.apache.commons.collections.map.AbstractReferenceMap$ReferenceKeySetIterator
[WARNING]   - org.apache.commons.collections.DoubleOrderedMap$3$1
[WARNING]   - org.apache.commons.collections.StaticBucketMap
[WARNING]   - org.apache.commons.collections.ReferenceMap$1
[WARNING]   - org.apache.commons.collections.comparators.ComparatorChain
[WARNING]   - 440 more...
[WARNING] commons-beanutils-1.8.3.jar, flink-fs-hadoop-shaded-1.14-SNAPSHOT.jar define 126 overlapping classes: 
[WARNING]   - org.apache.commons.beanutils.ConvertUtilsBean
[WARNING]   - org.apache.commons.beanutils.converters.SqlTimeConverter
[WARNING]   - org.apache.commons.beanutils.converters.FloatArrayConverter
[WARNING]   - org.apache.commons.beanutils.BeanMap$1
[WARNING]   - org.apache.commons.beanutils.BeanMap$4
[WARNING]   - org.apache.commons.beanutils.converters.LongArrayConverter
[WARNING]   - org.apache.commons.beanutils.converters.BooleanArrayConverter
[WARNING]   - org.apache.commons.beanutils.converters.StringConverter
[WARNING]   - org.apache.commons.beanutils.BeanMap$12
[WARNING]   - org.apache.commons.beanutils.BeanPredicate
[WARNING]   - 116 more...
[WARNING] jasper-compiler-5.5.23.jar, jasper-runtime-5.5.23.jar define 1 overlapping classes: 
[WARNING]   - org.apache.jasper.compiler.Localizer
[WARNING] commons-lang-2.6.jar, flink-fs-hadoop-shaded-1.14-SNAPSHOT.jar define 133 overlapping classes: 
[WARNING]   - org.apache.commons.lang.NotImplementedException
[WARNING]   - org.apache.commons.lang.math.JVMRandom
[WARNING]   - org.apache.commons.lang.builder.ToStringBuilder
[WARNING]   - org.apache.commons.lang.time.FastDateFormat$TimeZoneDisplayKey
[WARNING]   - org.apache.commons.lang.exception.NestableRuntimeException
[WARNING]   - org.apache.commons.lang.text.StrMatcher$TrimMatcher
[WARNING]   - org.apache.commons.lang.time.FastDateFormat$CharacterLiteral
[WARNING]   - org.apache.commons.lang.time.FastDateFormat$TimeZoneNameRule
[WARNING]   - org.apache.commons.lang.mutable.MutableDouble
[WARNING]   - org.apache.commons.lang.LocaleUtils
[WARNING]   - 123 more...
[WARNING] hadoop-auth-2.4.1.jar, flink-fs-hadoop-shaded-1.14-SNAPSHOT.jar define 26 overlapping classes: 
[WARNING]   - org.apache.hadoop.security.authentication.server.PseudoAuthenticationHandler
[WARNING]   - org.apache.hadoop.security.authentication.client.AuthenticatedURL
[WARNING]   - org.apache.hadoop.security.authentication.client.AuthenticatedURL$Token
[WARNING]   - org.apache.hadoop.security.authentication.client.Authenticator
[WARNING]   - org.apache.hadoop.security.authentication.util.KerberosName$NoMatchingRule
[WARNING]   - org.apache.hadoop.security.authentication.util.KerberosName$Rule
[WARNING]   - org.apache.hadoop.security.authentication.server.AuthenticationHandler
[WARNING]   - org.apache.hadoop.security.authentication.util.KerberosName$BadFormatString
[WARNING]   - org.apache.hadoop.util.PlatformName
[WARNING]   - org.apache.hadoop.security.authentication.server.KerberosAuthenticationHandler$1
[WARNING]   - 16 more...
[WARNING] hadoop-annotations-2.4.1.jar, flink-fs-hadoop-shaded-1.14-SNAPSHOT.jar define 15 overlapping classes: 
[WARNING]   - org.apache.hadoop.classification.InterfaceStability
[WARNING]   - org.apache.hadoop.classification.tools.RootDocProcessor$ExcludeHandler
[WARNING]   - org.apache.hadoop.classification.InterfaceAudience$Private
[WARNING]   - org.apache.hadoop.classification.InterfaceAudience$LimitedPrivate
[WARNING]   - org.apache.hadoop.classification.tools.package-info
[WARNING]   - org.apache.hadoop.classification.tools.ExcludePrivateAnnotationsStandardDoclet
[WARNING]   - org.apache.hadoop.classification.InterfaceStability$Evolving
[WARNING]   - org.apache.hadoop.classification.tools.IncludePublicAnnotationsStandardDoclet
[WARNING]   - org.apache.hadoop.classification.InterfaceStability$Stable
[WARNING]   - org.apache.hadoop.classification.InterfaceAudience
[WARNING]   - 5 more...
[WARNING] guava-11.0.2.jar, flink-fs-hadoop-shaded-1.14-SNAPSHOT.jar define 1266 overlapping classes: 
[WARNING]   - com.google.common.collect.Multimaps$FilteredMultimap$AsMap$Values$1
[WARNING]   - com.google.common.cache.LocalCache$KeyIterator
[WARNING]   - com.google.common.io.LineProcessor
[WARNING]   - com.google.common.collect.ComputingConcurrentHashMap$ComputingSerializationProxy
[WARNING]   - com.google.common.io.ByteProcessor
[WARNING]   - com.google.common.io.InputSupplier
[WARNING]   - com.google.common.math.package-info
[WARNING]   - com.google.common.util.concurrent.SimpleTimeLimiter
[WARNING]   - com.google.common.collect.ImmutableCollection$1
[WARNING]   - com.google.common.cache.AbstractCache$StatsCounter
[WARNING]   - 1256 more...
[WARNING] maven-shade-plugin has detected that some class files are
[WARNING] present in two or more JARs. When this happens, only one
[WARNING] single version of the class is copied to the uber jar.
[WARNING] Usually this is not harmful and you can skip these warnings,
[WARNING] otherwise try to manually exclude artifacts based on
[WARNING] mvn dependency:tree -Ddetail=true and the above output.
[WARNING] See http://maven.apache.org/plugins/maven-shade-plugin/
[INFO] Replacing original artifact with shaded artifact.
[INFO] Replacing /home/runner/work/sonar-analysis/sonar-analysis/project/flink-filesystems/flink-azure-fs-hadoop/target/flink-azure-fs-hadoop-1.14-SNAPSHOT.jar with /home/runner/work/sonar-analysis/sonar-analysis/project/flink-filesystems/flink-azure-fs-hadoop/target/flink-azure-fs-hadoop-1.14-SNAPSHOT-shaded.jar
[INFO] Dependency-reduced POM written at: /home/runner/work/sonar-analysis/sonar-analysis/project/flink-filesystems/flink-azure-fs-hadoop/target/dependency-reduced-pom.xml
[INFO] 
[INFO] --- surefire:2.22.1:test (integration-tests) @ flink-azure-fs-hadoop ---
[INFO] Tests are skipped.
[INFO] 
[INFO] --- install:2.5.2:install (default-install) @ flink-azure-fs-hadoop ---
[INFO] Installing /home/runner/work/sonar-analysis/sonar-analysis/project/flink-filesystems/flink-azure-fs-hadoop/target/flink-azure-fs-hadoop-1.14-SNAPSHOT.jar to /home/runner/.m2/repository/org/apache/flink/flink-azure-fs-hadoop/1.14-SNAPSHOT/flink-azure-fs-hadoop-1.14-SNAPSHOT.jar
[INFO] Installing /home/runner/work/sonar-analysis/sonar-analysis/project/flink-filesystems/flink-azure-fs-hadoop/target/dependency-reduced-pom.xml to /home/runner/.m2/repository/org/apache/flink/flink-azure-fs-hadoop/1.14-SNAPSHOT/flink-azure-fs-hadoop-1.14-SNAPSHOT.pom
[INFO] 
[INFO] ---------------------< org.apache.flink:flink-rpc >---------------------
[INFO] Building Flink : RPC : 1.14-SNAPSHOT                            [19/185]
[INFO]   from flink-rpc/pom.xml
[INFO] --------------------------------[ pom ]---------------------------------
[INFO] 
[INFO] --- clean:3.1.0:clean (default-clean) @ flink-rpc ---
[INFO] Deleting /home/runner/work/sonar-analysis/sonar-analysis/project/flink-rpc/target
[INFO] 
[INFO] --- checkstyle:2.17:check (validate) @ flink-rpc ---
[INFO] 
[INFO] --- spotless:2.4.2:check (spotless-check) @ flink-rpc ---
[INFO] 
[INFO] --- enforcer:3.0.0-M1:enforce (enforce-maven-version) @ flink-rpc ---
[INFO] Skipping Rule Enforcement.
[INFO] 
[INFO] --- enforcer:3.0.0-M1:enforce (enforce-maven) @ flink-rpc ---
[INFO] Skipping Rule Enforcement.
[INFO] 
[INFO] --- enforcer:3.0.0-M1:enforce (ban-unsafe-snakeyaml) @ flink-rpc ---
[INFO] Skipping Rule Enforcement.
[INFO] 
[INFO] --- enforcer:3.0.0-M1:enforce (ban-unsafe-jackson) @ flink-rpc ---
[INFO] Skipping Rule Enforcement.
[INFO] 
[INFO] --- enforcer:3.0.0-M1:enforce (forbid-log4j-1) @ flink-rpc ---
[INFO] Skipping Rule Enforcement.
[INFO] 
[INFO] --- enforcer:3.0.0-M1:enforce (enforce-versions) @ flink-rpc ---
[INFO] Skipping Rule Enforcement.
[INFO] 
[INFO] --- directory:0.1:highest-basedir (directories) @ flink-rpc ---
[INFO] Highest basedir set to: /home/runner/work/sonar-analysis/sonar-analysis/project
[INFO] 
[INFO] --- remote-resources:1.5:process (process-resource-bundles) @ flink-rpc ---
[INFO] 
[INFO] --- surefire:2.22.1:test (default-test) @ flink-rpc ---
[INFO] Tests are skipped.
[INFO] 
[INFO] --- shade:3.2.1:shade (shade-flink) @ flink-rpc ---
[INFO] Including org.apache.flink:flink-shaded-force-shading:jar:13.0 in the shaded jar.
[INFO] Excluding org.slf4j:slf4j-api:jar:1.7.15 from the shaded jar.
[INFO] Excluding com.google.code.findbugs:jsr305:jar:1.3.9 from the shaded jar.
[INFO] No artifact matching filter io.netty:netty
[INFO] Replacing original artifact with shaded artifact.
[INFO] 
[INFO] --- surefire:2.22.1:test (integration-tests) @ flink-rpc ---
[INFO] Tests are skipped.
[INFO] 
[INFO] --- install:2.5.2:install (default-install) @ flink-rpc ---
[INFO] Installing /home/runner/work/sonar-analysis/sonar-analysis/project/flink-rpc/pom.xml to /home/runner/.m2/repository/org/apache/flink/flink-rpc/1.14-SNAPSHOT/flink-rpc-1.14-SNAPSHOT.pom
[INFO] 
[INFO] ------------------< org.apache.flink:flink-rpc-core >-------------------
[INFO] Building Flink : RPC : Core 1.14-SNAPSHOT                       [20/185]
[INFO]   from flink-rpc/flink-rpc-core/pom.xml
[INFO] --------------------------------[ jar ]---------------------------------
[INFO] 
[INFO] --- clean:3.1.0:clean (default-clean) @ flink-rpc-core ---
[INFO] Deleting /home/runner/work/sonar-analysis/sonar-analysis/project/flink-rpc/flink-rpc-core/target
[INFO] 
[INFO] --- checkstyle:2.17:check (validate) @ flink-rpc-core ---
[INFO] 
[INFO] --- spotless:2.4.2:check (spotless-check) @ flink-rpc-core ---
[INFO] 
[INFO] --- enforcer:3.0.0-M1:enforce (enforce-maven-version) @ flink-rpc-core ---
[INFO] Skipping Rule Enforcement.
[INFO] 
[INFO] --- enforcer:3.0.0-M1:enforce (enforce-maven) @ flink-rpc-core ---
[INFO] Skipping Rule Enforcement.
[INFO] 
[INFO] --- enforcer:3.0.0-M1:enforce (ban-unsafe-snakeyaml) @ flink-rpc-core ---
[INFO] Skipping Rule Enforcement.
[INFO] 
[INFO] --- enforcer:3.0.0-M1:enforce (ban-unsafe-jackson) @ flink-rpc-core ---
[INFO] Skipping Rule Enforcement.
[INFO] 
[INFO] --- enforcer:3.0.0-M1:enforce (forbid-log4j-1) @ flink-rpc-core ---
[INFO] Skipping Rule Enforcement.
[INFO] 
[INFO] --- enforcer:3.0.0-M1:enforce (enforce-versions) @ flink-rpc-core ---
[INFO] Skipping Rule Enforcement.
[INFO] 
[INFO] --- directory:0.1:highest-basedir (directories) @ flink-rpc-core ---
[INFO] Highest basedir set to: /home/runner/work/sonar-analysis/sonar-analysis/project
[INFO] 
[INFO] --- remote-resources:1.5:process (process-resource-bundles) @ flink-rpc-core ---
[INFO] 
[INFO] --- resources:3.1.0:resources (default-resources) @ flink-rpc-core ---
[INFO] Using 'UTF-8' encoding to copy filtered resources.
[INFO] skip non existing resourceDirectory /home/runner/work/sonar-analysis/sonar-analysis/project/flink-rpc/flink-rpc-core/src/main/resources
[INFO] Copying 3 resources
[INFO] 
[INFO] --- compiler:3.8.0:compile (default-compile) @ flink-rpc-core ---
[INFO] Compiling 36 source files to /home/runner/work/sonar-analysis/sonar-analysis/project/flink-rpc/flink-rpc-core/target/classes
[INFO] /home/runner/work/sonar-analysis/sonar-analysis/project/flink-rpc/flink-rpc-core/src/main/java/org/apache/flink/runtime/rpc/RpcUtils.java: /home/runner/work/sonar-analysis/sonar-analysis/project/flink-rpc/flink-rpc-core/src/main/java/org/apache/flink/runtime/rpc/RpcUtils.java uses unchecked or unsafe operations.
[INFO] /home/runner/work/sonar-analysis/sonar-analysis/project/flink-rpc/flink-rpc-core/src/main/java/org/apache/flink/runtime/rpc/RpcUtils.java: Recompile with -Xlint:unchecked for details.
[INFO] 
[INFO] --- resources:3.1.0:testResources (default-testResources) @ flink-rpc-core ---
[INFO] Using 'UTF-8' encoding to copy filtered resources.
[INFO] skip non existing resourceDirectory /home/runner/work/sonar-analysis/sonar-analysis/project/flink-rpc/flink-rpc-core/src/test/resources
[INFO] Copying 3 resources
[INFO] 
[INFO] --- compiler:3.8.0:testCompile (default-testCompile) @ flink-rpc-core ---
[INFO] Compiling 1 source file to /home/runner/work/sonar-analysis/sonar-analysis/project/flink-rpc/flink-rpc-core/target/test-classes
[INFO] 
[INFO] --- surefire:2.22.1:test (default-test) @ flink-rpc-core ---
[INFO] Tests are skipped.
[INFO] 
[INFO] --- jar:2.4:jar (default-jar) @ flink-rpc-core ---
[INFO] Building jar: /home/runner/work/sonar-analysis/sonar-analysis/project/flink-rpc/flink-rpc-core/target/flink-rpc-core-1.14-SNAPSHOT.jar
[INFO] 
[INFO] --- shade:3.2.1:shade (shade-flink) @ flink-rpc-core ---
[INFO] Including org.apache.flink:flink-shaded-force-shading:jar:13.0 in the shaded jar.
[INFO] Excluding org.slf4j:slf4j-api:jar:1.7.15 from the shaded jar.
[INFO] Excluding com.google.code.findbugs:jsr305:jar:1.3.9 from the shaded jar.
[INFO] No artifact matching filter io.netty:netty
[INFO] Replacing original artifact with shaded artifact.
[INFO] Replacing /home/runner/work/sonar-analysis/sonar-analysis/project/flink-rpc/flink-rpc-core/target/flink-rpc-core-1.14-SNAPSHOT.jar with /home/runner/work/sonar-analysis/sonar-analysis/project/flink-rpc/flink-rpc-core/target/flink-rpc-core-1.14-SNAPSHOT-shaded.jar
[INFO] Replacing original test artifact with shaded test artifact.
[INFO] Replacing /home/runner/work/sonar-analysis/sonar-analysis/project/flink-rpc/flink-rpc-core/target/flink-rpc-core-1.14-SNAPSHOT-tests.jar with /home/runner/work/sonar-analysis/sonar-analysis/project/flink-rpc/flink-rpc-core/target/flink-rpc-core-1.14-SNAPSHOT-shaded-tests.jar
[INFO] Dependency-reduced POM written at: /home/runner/work/sonar-analysis/sonar-analysis/project/flink-rpc/flink-rpc-core/target/dependency-reduced-pom.xml
[INFO] 
[INFO] --- surefire:2.22.1:test (integration-tests) @ flink-rpc-core ---
[INFO] Tests are skipped.
[INFO] 
[INFO] --- install:2.5.2:install (default-install) @ flink-rpc-core ---
[INFO] Installing /home/runner/work/sonar-analysis/sonar-analysis/project/flink-rpc/flink-rpc-core/target/flink-rpc-core-1.14-SNAPSHOT.jar to /home/runner/.m2/repository/org/apache/flink/flink-rpc-core/1.14-SNAPSHOT/flink-rpc-core-1.14-SNAPSHOT.jar
[INFO] Installing /home/runner/work/sonar-analysis/sonar-analysis/project/flink-rpc/flink-rpc-core/target/dependency-reduced-pom.xml to /home/runner/.m2/repository/org/apache/flink/flink-rpc-core/1.14-SNAPSHOT/flink-rpc-core-1.14-SNAPSHOT.pom
[INFO] Installing /home/runner/work/sonar-analysis/sonar-analysis/project/flink-rpc/flink-rpc-core/target/flink-rpc-core-1.14-SNAPSHOT-tests.jar to /home/runner/.m2/repository/org/apache/flink/flink-rpc-core/1.14-SNAPSHOT/flink-rpc-core-1.14-SNAPSHOT-tests.jar
[INFO] 
[INFO] ----------------< org.apache.flink:flink-rpc-akka_2.11 >----------------
[INFO] Building Flink : RPC : Akka 1.14-SNAPSHOT                       [21/185]
[INFO]   from flink-rpc/flink-rpc-akka/pom.xml
[INFO] --------------------------------[ jar ]---------------------------------
[INFO] 
[INFO] --- clean:3.1.0:clean (default-clean) @ flink-rpc-akka_2.11 ---
[INFO] Deleting /home/runner/work/sonar-analysis/sonar-analysis/project/flink-rpc/flink-rpc-akka/target
[INFO] 
[INFO] --- checkstyle:2.17:check (validate) @ flink-rpc-akka_2.11 ---
[INFO] 
[INFO] --- spotless:2.4.2:check (spotless-check) @ flink-rpc-akka_2.11 ---
[INFO] 
[INFO] --- enforcer:3.0.0-M1:enforce (enforce-maven-version) @ flink-rpc-akka_2.11 ---
[INFO] Skipping Rule Enforcement.
[INFO] 
[INFO] --- enforcer:3.0.0-M1:enforce (enforce-maven) @ flink-rpc-akka_2.11 ---
[INFO] Skipping Rule Enforcement.
[INFO] 
[INFO] --- enforcer:3.0.0-M1:enforce (ban-unsafe-snakeyaml) @ flink-rpc-akka_2.11 ---
[INFO] Skipping Rule Enforcement.
[INFO] 
[INFO] --- enforcer:3.0.0-M1:enforce (ban-unsafe-jackson) @ flink-rpc-akka_2.11 ---
[INFO] Skipping Rule Enforcement.
[INFO] 
[INFO] --- enforcer:3.0.0-M1:enforce (forbid-log4j-1) @ flink-rpc-akka_2.11 ---
[INFO] Skipping Rule Enforcement.
[INFO] 
[INFO] --- enforcer:3.0.0-M1:enforce (enforce-versions) @ flink-rpc-akka_2.11 ---
[INFO] Skipping Rule Enforcement.
[INFO] 
[INFO] --- directory:0.1:highest-basedir (directories) @ flink-rpc-akka_2.11 ---
[INFO] Highest basedir set to: /home/runner/work/sonar-analysis/sonar-analysis/project
[INFO] 
[INFO] --- build-helper:1.7:add-source (add-source) @ flink-rpc-akka_2.11 ---
[INFO] Source directory: /home/runner/work/sonar-analysis/sonar-analysis/project/flink-rpc/flink-rpc-akka/src/main/scala added.
[INFO] 
[INFO] --- remote-resources:1.5:process (process-resource-bundles) @ flink-rpc-akka_2.11 ---
[INFO] 
[INFO] --- resources:3.1.0:resources (default-resources) @ flink-rpc-akka_2.11 ---
[INFO] Using 'UTF-8' encoding to copy filtered resources.
[INFO] Copying 5 resources
[INFO] Copying 3 resources
[INFO] 
[INFO] --- scala:3.2.2:compile (scala-compile-first) @ flink-rpc-akka_2.11 ---
[INFO] /home/runner/work/sonar-analysis/sonar-analysis/project/flink-rpc/flink-rpc-akka/src/main/java:-1: info: compiling
[INFO] /home/runner/work/sonar-analysis/sonar-analysis/project/flink-rpc/flink-rpc-akka/src/main/scala:-1: info: compiling
[INFO] Compiling 28 source files to /home/runner/work/sonar-analysis/sonar-analysis/project/flink-rpc/flink-rpc-akka/target/classes at 1783294074185
[INFO] prepare-compile in 0 s
[INFO] compile in 4 s
[INFO] 
[INFO] --- compiler:3.8.0:compile (default-compile) @ flink-rpc-akka_2.11 ---
[INFO] Compiling 21 source files to /home/runner/work/sonar-analysis/sonar-analysis/project/flink-rpc/flink-rpc-akka/target/classes
[INFO] 
[INFO] --- build-helper:1.7:add-test-source (add-test-source) @ flink-rpc-akka_2.11 ---
[INFO] Test Source directory: /home/runner/work/sonar-analysis/sonar-analysis/project/flink-rpc/flink-rpc-akka/src/test/scala added.
[INFO] 
[INFO] --- resources:3.1.0:testResources (default-testResources) @ flink-rpc-akka_2.11 ---
[INFO] Using 'UTF-8' encoding to copy filtered resources.
[INFO] skip non existing resourceDirectory /home/runner/work/sonar-analysis/sonar-analysis/project/flink-rpc/flink-rpc-akka/src/test/resources
[INFO] Copying 3 resources
[INFO] 
[INFO] --- scala:3.2.2:testCompile (scala-test-compile) @ flink-rpc-akka_2.11 ---
[WARNING] Plugin is modifying testCompileSourceRoots through add(), which will not work in Maven 4.0.0. Use MavenProject.addTestCompileSourceRoot()/removeTestCompileSourceRoot() methods instead. If using a plugin, please upgrade to the latest version or report the issue to the plugin maintainer. To disable these warnings, set -Dmaven.project.sourceRoots.warningsDisabled=true on the command line, in the .mvn/maven.config file, or in project POM properties.
[INFO] /home/runner/work/sonar-analysis/sonar-analysis/project/flink-rpc/flink-rpc-akka/src/test/java:-1: info: compiling
[INFO] /home/runner/work/sonar-analysis/sonar-analysis/project/flink-rpc/flink-rpc-akka/src/test/scala:-1: info: compiling
[INFO] Compiling 18 source files to /home/runner/work/sonar-analysis/sonar-analysis/project/flink-rpc/flink-rpc-akka/target/test-classes at 1783294078821
[INFO] prepare-compile in 0 s
[INFO] compile in 4 s
[INFO] 
[INFO] --- compiler:3.8.0:testCompile (default-testCompile) @ flink-rpc-akka_2.11 ---
[INFO] Compiling 16 source files to /home/runner/work/sonar-analysis/sonar-analysis/project/flink-rpc/flink-rpc-akka/target/test-classes
[INFO] /home/runner/work/sonar-analysis/sonar-analysis/project/flink-rpc/flink-rpc-akka/src/test/java/org/apache/flink/runtime/rpc/akka/AkkaRpcServiceTest.java: Some input files use or override a deprecated API.
[INFO] /home/runner/work/sonar-analysis/sonar-analysis/project/flink-rpc/flink-rpc-akka/src/test/java/org/apache/flink/runtime/rpc/akka/AkkaRpcServiceTest.java: Recompile with -Xlint:deprecation for details.
[INFO] 
[INFO] --- surefire:2.22.1:test (default-test) @ flink-rpc-akka_2.11 ---
[INFO] Tests are skipped.
[INFO] 
[INFO] --- jar:2.4:jar (default-jar) @ flink-rpc-akka_2.11 ---
[INFO] Building jar: /home/runner/work/sonar-analysis/sonar-analysis/project/flink-rpc/flink-rpc-akka/target/flink-rpc-akka_2.11-1.14-SNAPSHOT.jar
[INFO] 
[INFO] --- jar:2.4:test-jar (default) @ flink-rpc-akka_2.11 ---
[INFO] Building jar: /home/runner/work/sonar-analysis/sonar-analysis/project/flink-rpc/flink-rpc-akka/target/flink-rpc-akka_2.11-1.14-SNAPSHOT-tests.jar
[INFO] 
[INFO] --- shade:3.2.1:shade (shade-flink) @ flink-rpc-akka_2.11 ---
[INFO] Excluding org.scala-lang:scala-library:jar:2.11.12 from the shaded jar.
[INFO] Excluding com.typesafe.akka:akka-actor_2.11:jar:2.5.21 from the shaded jar.
[INFO] Excluding com.typesafe:config:jar:1.3.0 from the shaded jar.
[INFO] Excluding org.scala-lang.modules:scala-java8-compat_2.11:jar:0.7.0 from the shaded jar.
[INFO] Including com.typesafe.akka:akka-remote_2.11:jar:2.5.21 in the shaded jar.
[INFO] Including io.netty:netty:jar:3.10.6.Final in the shaded jar.
[INFO] Excluding com.typesafe.akka:akka-stream_2.11:jar:2.5.21 from the shaded jar.
[INFO] Excluding org.reactivestreams:reactive-streams:jar:1.0.2 from the shaded jar.
[INFO] Excluding com.typesafe:ssl-config-core_2.11:jar:0.3.7 from the shaded jar.
[INFO] Excluding com.typesafe.akka:akka-protobuf_2.11:jar:2.5.21 from the shaded jar.
[INFO] Excluding com.typesafe.akka:akka-slf4j_2.11:jar:2.5.21 from the shaded jar.
[INFO] Excluding org.clapper:grizzled-slf4j_2.11:jar:1.3.2 from the shaded jar.
[INFO] Excluding org.scala-lang.modules:scala-parser-combinators_2.11:jar:1.1.1 from the shaded jar.
[INFO] Including org.apache.flink:flink-shaded-force-shading:jar:13.0 in the shaded jar.
[INFO] Excluding org.slf4j:slf4j-api:jar:1.7.15 from the shaded jar.
[INFO] Excluding com.google.code.findbugs:jsr305:jar:1.3.9 from the shaded jar.
[INFO] Replacing original artifact with shaded artifact.
[INFO] Replacing /home/runner/work/sonar-analysis/sonar-analysis/project/flink-rpc/flink-rpc-akka/target/flink-rpc-akka_2.11-1.14-SNAPSHOT.jar with /home/runner/work/sonar-analysis/sonar-analysis/project/flink-rpc/flink-rpc-akka/target/flink-rpc-akka_2.11-1.14-SNAPSHOT-shaded.jar
[INFO] Replacing original test artifact with shaded test artifact.
[INFO] Replacing /home/runner/work/sonar-analysis/sonar-analysis/project/flink-rpc/flink-rpc-akka/target/flink-rpc-akka_2.11-1.14-SNAPSHOT-tests.jar with /home/runner/work/sonar-analysis/sonar-analysis/project/flink-rpc/flink-rpc-akka/target/flink-rpc-akka_2.11-1.14-SNAPSHOT-shaded-tests.jar
[INFO] Dependency-reduced POM written at: /home/runner/work/sonar-analysis/sonar-analysis/project/flink-rpc/flink-rpc-akka/target/dependency-reduced-pom.xml
[INFO] 
[INFO] --- surefire:2.22.1:test (integration-tests) @ flink-rpc-akka_2.11 ---
[INFO] Tests are skipped.
[INFO] 
[INFO] --- scalastyle:1.0.0:check (default) @ flink-rpc-akka_2.11 ---
Saving to outputFile=/home/runner/work/sonar-analysis/sonar-analysis/project/flink-rpc/flink-rpc-akka/target/scalastyle-output.xml
Processed 9 file(s)
Found 0 errors
Found 0 warnings
Found 0 infos
Finished in 64 ms
[INFO] 
[INFO] --- install:2.5.2:install (default-install) @ flink-rpc-akka_2.11 ---
[INFO] Installing /home/runner/work/sonar-analysis/sonar-analysis/project/flink-rpc/flink-rpc-akka/target/flink-rpc-akka_2.11-1.14-SNAPSHOT.jar to /home/runner/.m2/repository/org/apache/flink/flink-rpc-akka_2.11/1.14-SNAPSHOT/flink-rpc-akka_2.11-1.14-SNAPSHOT.jar
[INFO] Installing /home/runner/work/sonar-analysis/sonar-analysis/project/flink-rpc/flink-rpc-akka/target/dependency-reduced-pom.xml to /home/runner/.m2/repository/org/apache/flink/flink-rpc-akka_2.11/1.14-SNAPSHOT/flink-rpc-akka_2.11-1.14-SNAPSHOT.pom
[INFO] Installing /home/runner/work/sonar-analysis/sonar-analysis/project/flink-rpc/flink-rpc-akka/target/flink-rpc-akka_2.11-1.14-SNAPSHOT-tests.jar to /home/runner/.m2/repository/org/apache/flink/flink-rpc-akka_2.11/1.14-SNAPSHOT/flink-rpc-akka_2.11-1.14-SNAPSHOT-tests.jar
[INFO] Installing /home/runner/work/sonar-analysis/sonar-analysis/project/flink-rpc/flink-rpc-akka/target/flink-rpc-akka_2.11-1.14-SNAPSHOT-tests.jar to /home/runner/.m2/repository/org/apache/flink/flink-rpc-akka_2.11/1.14-SNAPSHOT/flink-rpc-akka_2.11-1.14-SNAPSHOT-tests.jar
[INFO] 
[INFO] ---------------< org.apache.flink:flink-queryable-state >---------------
[INFO] Building Flink : Queryable state : 1.14-SNAPSHOT                [22/185]
[INFO]   from flink-queryable-state/pom.xml
[INFO] --------------------------------[ pom ]---------------------------------
[INFO] 
[INFO] --- clean:3.1.0:clean (default-clean) @ flink-queryable-state ---
[INFO] Deleting /home/runner/work/sonar-analysis/sonar-analysis/project/flink-queryable-state/target
[INFO] 
[INFO] --- checkstyle:2.17:check (validate) @ flink-queryable-state ---
[INFO] 
[INFO] --- spotless:2.4.2:check (spotless-check) @ flink-queryable-state ---
[INFO] 
[INFO] --- enforcer:3.0.0-M1:enforce (enforce-maven-version) @ flink-queryable-state ---
[INFO] Skipping Rule Enforcement.
[INFO] 
[INFO] --- enforcer:3.0.0-M1:enforce (enforce-maven) @ flink-queryable-state ---
[INFO] Skipping Rule Enforcement.
[INFO] 
[INFO] --- enforcer:3.0.0-M1:enforce (ban-unsafe-snakeyaml) @ flink-queryable-state ---
[INFO] Skipping Rule Enforcement.
[INFO] 
[INFO] --- enforcer:3.0.0-M1:enforce (ban-unsafe-jackson) @ flink-queryable-state ---
[INFO] Skipping Rule Enforcement.
[INFO] 
[INFO] --- enforcer:3.0.0-M1:enforce (forbid-log4j-1) @ flink-queryable-state ---
[INFO] Skipping Rule Enforcement.
[INFO] 
[INFO] --- enforcer:3.0.0-M1:enforce (enforce-versions) @ flink-queryable-state ---
[INFO] Skipping Rule Enforcement.
[INFO] 
[INFO] --- directory:0.1:highest-basedir (directories) @ flink-queryable-state ---
[INFO] Highest basedir set to: /home/runner/work/sonar-analysis/sonar-analysis/project
[INFO] 
[INFO] --- remote-resources:1.5:process (process-resource-bundles) @ flink-queryable-state ---
[INFO] 
[INFO] --- surefire:2.22.1:test (default-test) @ flink-queryable-state ---
[INFO] Tests are skipped.
[INFO] 
[INFO] --- shade:3.2.1:shade (shade-flink) @ flink-queryable-state ---
[INFO] Including org.apache.flink:flink-shaded-force-shading:jar:13.0 in the shaded jar.
[INFO] No artifact matching filter io.netty:netty
[INFO] Replacing original artifact with shaded artifact.
[INFO] 
[INFO] --- surefire:2.22.1:test (integration-tests) @ flink-queryable-state ---
[INFO] Tests are skipped.
[INFO] 
[INFO] --- install:2.5.2:install (default-install) @ flink-queryable-state ---
[INFO] Installing /home/runner/work/sonar-analysis/sonar-analysis/project/flink-queryable-state/pom.xml to /home/runner/.m2/repository/org/apache/flink/flink-queryable-state/1.14-SNAPSHOT/flink-queryable-state-1.14-SNAPSHOT.pom
[INFO] 
[INFO] ---------< org.apache.flink:flink-queryable-state-client-java >---------
[INFO] Building Flink : Queryable state : Client Java 1.14-SNAPSHOT    [23/185]
[INFO]   from flink-queryable-state/flink-queryable-state-client-java/pom.xml
[INFO] --------------------------------[ jar ]---------------------------------
[INFO] 
[INFO] --- clean:3.1.0:clean (default-clean) @ flink-queryable-state-client-java ---
[INFO] Deleting /home/runner/work/sonar-analysis/sonar-analysis/project/flink-queryable-state/flink-queryable-state-client-java/target
[INFO] 
[INFO] --- checkstyle:2.17:check (validate) @ flink-queryable-state-client-java ---
[INFO] 
[INFO] --- spotless:2.4.2:check (spotless-check) @ flink-queryable-state-client-java ---
[INFO] 
[INFO] --- enforcer:3.0.0-M1:enforce (enforce-maven-version) @ flink-queryable-state-client-java ---
[INFO] Skipping Rule Enforcement.
[INFO] 
[INFO] --- enforcer:3.0.0-M1:enforce (enforce-maven) @ flink-queryable-state-client-java ---
[INFO] Skipping Rule Enforcement.
[INFO] 
[INFO] --- enforcer:3.0.0-M1:enforce (ban-unsafe-snakeyaml) @ flink-queryable-state-client-java ---
[INFO] Skipping Rule Enforcement.
[INFO] 
[INFO] --- enforcer:3.0.0-M1:enforce (ban-unsafe-jackson) @ flink-queryable-state-client-java ---
[INFO] Skipping Rule Enforcement.
[INFO] 
[INFO] --- enforcer:3.0.0-M1:enforce (forbid-log4j-1) @ flink-queryable-state-client-java ---
[INFO] Skipping Rule Enforcement.
[INFO] 
[INFO] --- enforcer:3.0.0-M1:enforce (enforce-versions) @ flink-queryable-state-client-java ---
[INFO] Skipping Rule Enforcement.
[INFO] 
[INFO] --- directory:0.1:highest-basedir (directories) @ flink-queryable-state-client-java ---
[INFO] Highest basedir set to: /home/runner/work/sonar-analysis/sonar-analysis/project
[INFO] 
[INFO] --- remote-resources:1.5:process (process-resource-bundles) @ flink-queryable-state-client-java ---
[INFO] 
[INFO] --- resources:3.1.0:resources (default-resources) @ flink-queryable-state-client-java ---
[INFO] Using 'UTF-8' encoding to copy filtered resources.
[INFO] skip non existing resourceDirectory /home/runner/work/sonar-analysis/sonar-analysis/project/flink-queryable-state/flink-queryable-state-client-java/src/main/resources
[INFO] Copying 3 resources
[INFO] 
[INFO] --- compiler:3.8.0:compile (default-compile) @ flink-queryable-state-client-java ---
[INFO] Compiling 34 source files to /home/runner/work/sonar-analysis/sonar-analysis/project/flink-queryable-state/flink-queryable-state-client-java/target/classes
[INFO] /home/runner/work/sonar-analysis/sonar-analysis/project/flink-queryable-state/flink-queryable-state-client-java/src/main/java/org/apache/flink/queryablestate/network/NettyBufferPool.java: Some input files use or override a deprecated API.
[INFO] /home/runner/work/sonar-analysis/sonar-analysis/project/flink-queryable-state/flink-queryable-state-client-java/src/main/java/org/apache/flink/queryablestate/network/NettyBufferPool.java: Recompile with -Xlint:deprecation for details.
[INFO] 
[INFO] --- resources:3.1.0:testResources (default-testResources) @ flink-queryable-state-client-java ---
[INFO] Using 'UTF-8' encoding to copy filtered resources.
[INFO] Copying 1 resource
[INFO] Copying 3 resources
[INFO] 
[INFO] --- compiler:3.8.0:testCompile (default-testCompile) @ flink-queryable-state-client-java ---
[INFO] Compiling 6 source files to /home/runner/work/sonar-analysis/sonar-analysis/project/flink-queryable-state/flink-queryable-state-client-java/target/test-classes
[INFO] 
[INFO] --- surefire:2.22.1:test (default-test) @ flink-queryable-state-client-java ---
[INFO] Tests are skipped.
[INFO] 
[INFO] --- jar:2.4:jar (default-jar) @ flink-queryable-state-client-java ---
[INFO] Building jar: /home/runner/work/sonar-analysis/sonar-analysis/project/flink-queryable-state/flink-queryable-state-client-java/target/flink-queryable-state-client-java-1.14-SNAPSHOT.jar
[INFO] 
[INFO] --- jar:2.4:test-jar (default) @ flink-queryable-state-client-java ---
[INFO] Building jar: /home/runner/work/sonar-analysis/sonar-analysis/project/flink-queryable-state/flink-queryable-state-client-java/target/flink-queryable-state-client-java-1.14-SNAPSHOT-tests.jar
[INFO] 
[INFO] --- shade:3.2.1:shade (shade-flink) @ flink-queryable-state-client-java ---
[INFO] Excluding org.apache.flink:flink-shaded-netty:jar:4.1.49.Final-13.0 from the shaded jar.
[INFO] Excluding org.apache.flink:flink-shaded-guava:jar:18.0-13.0 from the shaded jar.
[INFO] Including org.apache.flink:flink-shaded-force-shading:jar:13.0 in the shaded jar.
[INFO] No artifact matching filter io.netty:netty
[INFO] Replacing original artifact with shaded artifact.
[INFO] Replacing /home/runner/work/sonar-analysis/sonar-analysis/project/flink-queryable-state/flink-queryable-state-client-java/target/flink-queryable-state-client-java-1.14-SNAPSHOT.jar with /home/runner/work/sonar-analysis/sonar-analysis/project/flink-queryable-state/flink-queryable-state-client-java/target/flink-queryable-state-client-java-1.14-SNAPSHOT-shaded.jar
[INFO] Replacing original test artifact with shaded test artifact.
[INFO] Replacing /home/runner/work/sonar-analysis/sonar-analysis/project/flink-queryable-state/flink-queryable-state-client-java/target/flink-queryable-state-client-java-1.14-SNAPSHOT-tests.jar with /home/runner/work/sonar-analysis/sonar-analysis/project/flink-queryable-state/flink-queryable-state-client-java/target/flink-queryable-state-client-java-1.14-SNAPSHOT-shaded-tests.jar
[INFO] Dependency-reduced POM written at: /home/runner/work/sonar-analysis/sonar-analysis/project/flink-queryable-state/flink-queryable-state-client-java/target/dependency-reduced-pom.xml
[INFO] 
[INFO] --- surefire:2.22.1:test (integration-tests) @ flink-queryable-state-client-java ---
[INFO] Tests are skipped.
[INFO] 
[INFO] --- install:2.5.2:install (default-install) @ flink-queryable-state-client-java ---
[INFO] Installing /home/runner/work/sonar-analysis/sonar-analysis/project/flink-queryable-state/flink-queryable-state-client-java/target/flink-queryable-state-client-java-1.14-SNAPSHOT.jar to /home/runner/.m2/repository/org/apache/flink/flink-queryable-state-client-java/1.14-SNAPSHOT/flink-queryable-state-client-java-1.14-SNAPSHOT.jar
[INFO] Installing /home/runner/work/sonar-analysis/sonar-analysis/project/flink-queryable-state/flink-queryable-state-client-java/target/dependency-reduced-pom.xml to /home/runner/.m2/repository/org/apache/flink/flink-queryable-state-client-java/1.14-SNAPSHOT/flink-queryable-state-client-java-1.14-SNAPSHOT.pom
[INFO] Installing /home/runner/work/sonar-analysis/sonar-analysis/project/flink-queryable-state/flink-queryable-state-client-java/target/flink-queryable-state-client-java-1.14-SNAPSHOT-tests.jar to /home/runner/.m2/repository/org/apache/flink/flink-queryable-state-client-java/1.14-SNAPSHOT/flink-queryable-state-client-java-1.14-SNAPSHOT-tests.jar
[INFO] Installing /home/runner/work/sonar-analysis/sonar-analysis/project/flink-queryable-state/flink-queryable-state-client-java/target/flink-queryable-state-client-java-1.14-SNAPSHOT-tests.jar to /home/runner/.m2/repository/org/apache/flink/flink-queryable-state-client-java/1.14-SNAPSHOT/flink-queryable-state-client-java-1.14-SNAPSHOT-tests.jar
[INFO] 
[INFO] ----------------< org.apache.flink:flink-runtime_2.11 >-----------------
[INFO] Building Flink : Runtime 1.14-SNAPSHOT                          [24/185]
[INFO]   from flink-runtime/pom.xml
[INFO] --------------------------------[ jar ]---------------------------------
[INFO] 
[INFO] --- clean:3.1.0:clean (default-clean) @ flink-runtime_2.11 ---
[INFO] Deleting /home/runner/work/sonar-analysis/sonar-analysis/project/flink-runtime/target
[INFO] 
[INFO] --- checkstyle:2.17:check (validate) @ flink-runtime_2.11 ---
[INFO] 
[INFO] --- spotless:2.4.2:check (spotless-check) @ flink-runtime_2.11 ---
[INFO] 
[INFO] --- git-commit-id:4.0.2:revision (get-the-git-infos) @ flink-runtime_2.11 ---
[INFO] 
[INFO] --- enforcer:3.0.0-M1:enforce (enforce-maven-version) @ flink-runtime_2.11 ---
[INFO] Skipping Rule Enforcement.
[INFO] 
[INFO] --- enforcer:3.0.0-M1:enforce (enforce-maven) @ flink-runtime_2.11 ---
[INFO] Skipping Rule Enforcement.
[INFO] 
[INFO] --- enforcer:3.0.0-M1:enforce (ban-unsafe-snakeyaml) @ flink-runtime_2.11 ---
[INFO] Skipping Rule Enforcement.
[INFO] 
[INFO] --- enforcer:3.0.0-M1:enforce (ban-unsafe-jackson) @ flink-runtime_2.11 ---
[INFO] Skipping Rule Enforcement.
[INFO] 
[INFO] --- enforcer:3.0.0-M1:enforce (forbid-log4j-1) @ flink-runtime_2.11 ---
[INFO] Skipping Rule Enforcement.
[INFO] 
[INFO] --- enforcer:3.0.0-M1:enforce (enforce-versions) @ flink-runtime_2.11 ---
[INFO] Skipping Rule Enforcement.
[INFO] 
[INFO] --- directory:0.1:highest-basedir (directories) @ flink-runtime_2.11 ---
[INFO] Highest basedir set to: /home/runner/work/sonar-analysis/sonar-analysis/project
[INFO] 
[INFO] --- remote-resources:1.5:process (process-resource-bundles) @ flink-runtime_2.11 ---
[INFO] 
[INFO] --- resources:3.1.0:resources (default-resources) @ flink-runtime_2.11 ---
[INFO] Using 'UTF-8' encoding to copy filtered resources.
[INFO] Copying 4 resources
[INFO] Copying 1 resource
[INFO] Copying 3 resources
[INFO] 
[INFO] --- compiler:3.8.0:compile (default-compile) @ flink-runtime_2.11 ---
[INFO] Compiling 2048 source files to /home/runner/work/sonar-analysis/sonar-analysis/project/flink-runtime/target/classes
[WARNING] /home/runner/work/sonar-analysis/sonar-analysis/project/flink-runtime/src/main/java/org/apache/flink/runtime/util/SignalHandler.java:[24,16] sun.misc.Signal is internal proprietary API and may be removed in a future release
[WARNING] /home/runner/work/sonar-analysis/sonar-analysis/project/flink-runtime/src/main/java/org/apache/flink/runtime/io/network/partition/PageSizeUtil.java:[26,16] sun.misc.Unsafe is internal proprietary API and may be removed in a future release
[WARNING] /home/runner/work/sonar-analysis/sonar-analysis/project/flink-runtime/src/main/java/org/apache/flink/runtime/util/SignalHandler.java:[35,53] sun.misc.SignalHandler is internal proprietary API and may be removed in a future release
[WARNING] /home/runner/work/sonar-analysis/sonar-analysis/project/flink-runtime/src/main/java/org/apache/flink/runtime/util/SignalHandler.java:[38,31] sun.misc.SignalHandler is internal proprietary API and may be removed in a future release
[WARNING] /home/runner/work/sonar-analysis/sonar-analysis/project/flink-runtime/src/main/java/org/apache/flink/runtime/util/SignalHandler.java:[42,45] sun.misc.Signal is internal proprietary API and may be removed in a future release
[WARNING] /home/runner/work/sonar-analysis/sonar-analysis/project/flink-runtime/src/main/java/org/apache/flink/runtime/util/SignalHandler.java:[42,27] sun.misc.Signal is internal proprietary API and may be removed in a future release
[WARNING] /home/runner/work/sonar-analysis/sonar-analysis/project/flink-runtime/src/main/java/org/apache/flink/runtime/util/SignalHandler.java:[51,28] sun.misc.Signal is internal proprietary API and may be removed in a future release
[WARNING] /home/runner/work/sonar-analysis/sonar-analysis/project/flink-runtime/src/main/java/org/apache/flink/runtime/management/JMXServer.java:[123,62] sun.rmi.registry.RegistryImpl is internal proprietary API and may be removed in a future release
[WARNING] /home/runner/work/sonar-analysis/sonar-analysis/project/flink-runtime/src/main/java/org/apache/flink/runtime/io/network/partition/PageSizeUtil.java:[96,13] sun.misc.Unsafe is internal proprietary API and may be removed in a future release
[WARNING] /home/runner/work/sonar-analysis/sonar-analysis/project/flink-runtime/src/main/java/org/apache/flink/runtime/io/network/partition/PageSizeUtil.java:[101,24] sun.misc.Unsafe is internal proprietary API and may be removed in a future release
[WARNING] /home/runner/work/sonar-analysis/sonar-analysis/project/flink-runtime/src/main/java/org/apache/flink/runtime/io/network/partition/PageSizeUtil.java:[103,25] sun.misc.Unsafe is internal proprietary API and may be removed in a future release
[INFO] /home/runner/work/sonar-analysis/sonar-analysis/project/flink-runtime/src/main/java/org/apache/flink/runtime/rest/handler/legacy/files/StaticFileServerHandler.java: Some input files use or override a deprecated API.
[INFO] /home/runner/work/sonar-analysis/sonar-analysis/project/flink-runtime/src/main/java/org/apache/flink/runtime/rest/handler/legacy/files/StaticFileServerHandler.java: Recompile with -Xlint:deprecation for details.
[INFO] /home/runner/work/sonar-analysis/sonar-analysis/project/flink-runtime/src/main/java/org/apache/flink/runtime/rest/handler/AbstractHandler.java: Some input files use unchecked or unsafe operations.
[INFO] /home/runner/work/sonar-analysis/sonar-analysis/project/flink-runtime/src/main/java/org/apache/flink/runtime/rest/handler/AbstractHandler.java: Recompile with -Xlint:unchecked for details.
[INFO] 
[INFO] --- resources:3.1.0:testResources (default-testResources) @ flink-runtime_2.11 ---
[INFO] Using 'UTF-8' encoding to copy filtered resources.
[INFO] Copying 24 resources
[INFO] Copying 3 resources
[INFO] 
[INFO] --- compiler:3.8.0:testCompile (default-testCompile) @ flink-runtime_2.11 ---
[INFO] Compiling 1275 source files to /home/runner/work/sonar-analysis/sonar-analysis/project/flink-runtime/target/test-classes
[WARNING] /home/runner/work/sonar-analysis/sonar-analysis/project/flink-runtime/src/test/java/org/apache/flink/runtime/taskexecutor/TaskManagerRunnerConfigurationTest.java:[44,20] sun.net.util.IPAddressUtil is internal proprietary API and may be removed in a future release
[WARNING] /home/runner/work/sonar-analysis/sonar-analysis/project/flink-runtime/src/test/java/org/apache/flink/runtime/taskexecutor/TaskManagerRunnerConfigurationTest.java:[44,20] sun.net.util.IPAddressUtil is internal proprietary API and may be removed in a future release
[WARNING] /home/runner/work/sonar-analysis/sonar-analysis/project/flink-runtime/src/test/java/org/apache/flink/runtime/taskexecutor/TaskManagerRunnerConfigurationTest.java:[44,20] sun.net.util.IPAddressUtil is internal proprietary API and may be removed in a future release
[WARNING] /home/runner/work/sonar-analysis/sonar-analysis/project/flink-runtime/src/test/java/org/apache/flink/runtime/taskexecutor/TaskManagerRunnerConfigurationTest.java:[272,24] sun.net.util.IPAddressUtil is internal proprietary API and may be removed in a future release
[WARNING] /home/runner/work/sonar-analysis/sonar-analysis/project/flink-runtime/src/test/java/org/apache/flink/runtime/taskexecutor/TaskManagerRunnerConfigurationTest.java:[273,28] sun.net.util.IPAddressUtil is internal proprietary API and may be removed in a future release
[INFO] /home/runner/work/sonar-analysis/sonar-analysis/project/flink-runtime/src/test/java/org/apache/flink/runtime/checkpoint/hooks/MasterHooksTest.java: Some input files use or override a deprecated API.
[INFO] /home/runner/work/sonar-analysis/sonar-analysis/project/flink-runtime/src/test/java/org/apache/flink/runtime/checkpoint/hooks/MasterHooksTest.java: Recompile with -Xlint:deprecation for details.
[INFO] /home/runner/work/sonar-analysis/sonar-analysis/project/flink-runtime/src/test/java/org/apache/flink/runtime/operators/testutils/TestData.java: Some input files use unchecked or unsafe operations.
[INFO] /home/runner/work/sonar-analysis/sonar-analysis/project/flink-runtime/src/test/java/org/apache/flink/runtime/operators/testutils/TestData.java: Recompile with -Xlint:unchecked for details.
[INFO] 
[INFO] --- surefire:2.22.1:test (default-test) @ flink-runtime_2.11 ---
[INFO] Tests are skipped.
[INFO] 
[INFO] --- jar:2.4:jar (default-jar) @ flink-runtime_2.11 ---
[INFO] Building jar: /home/runner/work/sonar-analysis/sonar-analysis/project/flink-runtime/target/flink-runtime_2.11-1.14-SNAPSHOT.jar
[INFO] 
[INFO] --- jar:2.4:test-jar (default) @ flink-runtime_2.11 ---
[INFO] Building jar: /home/runner/work/sonar-analysis/sonar-analysis/project/flink-runtime/target/flink-runtime_2.11-1.14-SNAPSHOT-tests.jar
[INFO] 
[INFO] --- shade:3.2.1:shade (shade-flink) @ flink-runtime_2.11 ---
[INFO] Excluding org.apache.flink:flink-core:jar:1.14-SNAPSHOT from the shaded jar.
[INFO] Excluding org.apache.flink:flink-annotations:jar:1.14-SNAPSHOT from the shaded jar.
[INFO] Excluding org.apache.flink:flink-metrics-core:jar:1.14-SNAPSHOT from the shaded jar.
[INFO] Excluding org.apache.flink:flink-shaded-asm-7:jar:7.1-13.0 from the shaded jar.
[INFO] Excluding com.esotericsoftware.kryo:kryo:jar:2.24.0 from the shaded jar.
[INFO] Excluding com.esotericsoftware.minlog:minlog:jar:1.2 from the shaded jar.
[INFO] Excluding commons-collections:commons-collections:jar:3.2.2 from the shaded jar.
[INFO] Excluding org.apache.commons:commons-compress:jar:1.20 from the shaded jar.
[INFO] Excluding org.apache.flink:flink-rpc-core:jar:1.14-SNAPSHOT from the shaded jar.
[INFO] Excluding org.apache.flink:flink-rpc-akka_2.11:jar:1.14-SNAPSHOT from the shaded jar.
[INFO] Excluding org.scala-lang:scala-library:jar:2.11.12 from the shaded jar.
[INFO] Excluding com.typesafe.akka:akka-actor_2.11:jar:2.5.21 from the shaded jar.
[INFO] Excluding com.typesafe:config:jar:1.3.0 from the shaded jar.
[INFO] Excluding org.scala-lang.modules:scala-java8-compat_2.11:jar:0.7.0 from the shaded jar.
[INFO] Excluding com.typesafe.akka:akka-remote_2.11:jar:2.5.21 from the shaded jar.
[INFO] Excluding io.netty:netty:jar:3.10.6.Final from the shaded jar.
[INFO] Excluding com.typesafe.akka:akka-stream_2.11:jar:2.5.21 from the shaded jar.
[INFO] Excluding org.reactivestreams:reactive-streams:jar:1.0.2 from the shaded jar.
[INFO] Excluding com.typesafe:ssl-config-core_2.11:jar:0.3.7 from the shaded jar.
[INFO] Excluding org.scala-lang.modules:scala-parser-combinators_2.11:jar:1.1.1 from the shaded jar.
[INFO] Excluding com.typesafe.akka:akka-protobuf_2.11:jar:2.5.21 from the shaded jar.
[INFO] Excluding com.typesafe.akka:akka-slf4j_2.11:jar:2.5.21 from the shaded jar.
[INFO] Excluding org.clapper:grizzled-slf4j_2.11:jar:1.3.2 from the shaded jar.
[INFO] Excluding org.apache.flink:flink-java:jar:1.14-SNAPSHOT from the shaded jar.
[INFO] Excluding org.apache.commons:commons-math3:jar:3.5 from the shaded jar.
[INFO] Excluding org.apache.flink:flink-queryable-state-client-java:jar:1.14-SNAPSHOT from the shaded jar.
[INFO] Excluding org.apache.flink:flink-hadoop-fs:jar:1.14-SNAPSHOT from the shaded jar.
[INFO] Excluding org.apache.hadoop:hadoop-common:jar:2.4.1 from the shaded jar.
[INFO] Excluding org.apache.hadoop:hadoop-annotations:jar:2.4.1 from the shaded jar.
[INFO] Excluding com.google.guava:guava:jar:11.0.2 from the shaded jar.
[INFO] Excluding xmlenc:xmlenc:jar:0.52 from the shaded jar.
[INFO] Excluding commons-httpclient:commons-httpclient:jar:3.1 from the shaded jar.
[INFO] Excluding commons-codec:commons-codec:jar:1.13 from the shaded jar.
[INFO] Excluding commons-net:commons-net:jar:3.1 from the shaded jar.
[INFO] Excluding javax.servlet:servlet-api:jar:2.5 from the shaded jar.
[INFO] Excluding org.mortbay.jetty:jetty:jar:6.1.26 from the shaded jar.
[INFO] Excluding org.mortbay.jetty:jetty-util:jar:6.1.26 from the shaded jar.
[INFO] Excluding com.sun.jersey:jersey-core:jar:1.9 from the shaded jar.
[INFO] Excluding com.sun.jersey:jersey-json:jar:1.9 from the shaded jar.
[INFO] Excluding org.codehaus.jettison:jettison:jar:1.1 from the shaded jar.
[INFO] Excluding com.sun.xml.bind:jaxb-impl:jar:2.2.3-1 from the shaded jar.
[INFO] Excluding org.codehaus.jackson:jackson-jaxrs:jar:1.8.3 from the shaded jar.
[INFO] Excluding org.codehaus.jackson:jackson-xc:jar:1.8.3 from the shaded jar.
[INFO] Excluding com.sun.jersey:jersey-server:jar:1.9 from the shaded jar.
[INFO] Excluding asm:asm:jar:3.1 from the shaded jar.
[INFO] Excluding tomcat:jasper-compiler:jar:5.5.23 from the shaded jar.
[INFO] Excluding tomcat:jasper-runtime:jar:5.5.23 from the shaded jar.
[INFO] Excluding javax.servlet.jsp:jsp-api:jar:2.1 from the shaded jar.
[INFO] Excluding commons-el:commons-el:jar:1.0 from the shaded jar.
[INFO] Excluding commons-logging:commons-logging:jar:1.1.3 from the shaded jar.
[INFO] Excluding net.java.dev.jets3t:jets3t:jar:0.9.0 from the shaded jar.
[INFO] Excluding org.apache.httpcomponents:httpclient:jar:4.5.3 from the shaded jar.
[INFO] Excluding org.apache.httpcomponents:httpcore:jar:4.4.6 from the shaded jar.
[INFO] Excluding com.jamesmurty.utils:java-xmlbuilder:jar:0.4 from the shaded jar.
[INFO] Excluding commons-lang:commons-lang:jar:2.6 from the shaded jar.
[INFO] Excluding commons-configuration:commons-configuration:jar:1.7 from the shaded jar.
[INFO] Excluding commons-digester:commons-digester:jar:1.8.1 from the shaded jar.
[INFO] Excluding commons-beanutils:commons-beanutils:jar:1.8.3 from the shaded jar.
[INFO] Excluding org.codehaus.jackson:jackson-core-asl:jar:1.8.8 from the shaded jar.
[INFO] Excluding org.codehaus.jackson:jackson-mapper-asl:jar:1.8.8 from the shaded jar.
[INFO] Excluding org.apache.avro:avro:jar:1.10.0 from the shaded jar.
[INFO] Excluding com.fasterxml.jackson.core:jackson-core:jar:2.12.1 from the shaded jar.
[INFO] Excluding com.fasterxml.jackson.core:jackson-databind:jar:2.12.1 from the shaded jar.
[INFO] Excluding com.fasterxml.jackson.core:jackson-annotations:jar:2.12.1 from the shaded jar.
[INFO] Excluding com.google.protobuf:protobuf-java:jar:2.5.0 from the shaded jar.
[INFO] Excluding org.apache.hadoop:hadoop-auth:jar:2.4.1 from the shaded jar.
[INFO] Excluding com.jcraft:jsch:jar:0.1.42 from the shaded jar.
[INFO] Excluding org.apache.zookeeper:zookeeper:jar:3.4.14 from the shaded jar.
[INFO] Excluding com.github.spotbugs:spotbugs-annotations:jar:3.1.9 from the shaded jar.
[INFO] Excluding org.apache.yetus:audience-annotations:jar:0.5.0 from the shaded jar.
[INFO] Excluding org.apache.hadoop:hadoop-hdfs:jar:2.4.1 from the shaded jar.
[INFO] Excluding commons-daemon:commons-daemon:jar:1.0.13 from the shaded jar.
[INFO] Excluding org.apache.hadoop:hadoop-mapreduce-client-core:jar:2.4.1 from the shaded jar.
[INFO] Excluding org.apache.hadoop:hadoop-yarn-common:jar:2.4.1 from the shaded jar.
[INFO] Excluding org.apache.hadoop:hadoop-yarn-api:jar:2.4.1 from the shaded jar.
[INFO] Excluding javax.xml.bind:jaxb-api:jar:2.3.1 from the shaded jar.
[INFO] Excluding javax.activation:javax.activation-api:jar:1.2.0 from the shaded jar.
[INFO] Excluding com.google.inject:guice:jar:3.0 from the shaded jar.
[INFO] Excluding javax.inject:javax.inject:jar:1 from the shaded jar.
[INFO] Excluding aopalliance:aopalliance:jar:1.0 from the shaded jar.
[INFO] Excluding com.sun.jersey.contribs:jersey-guice:jar:1.9 from the shaded jar.
[INFO] Excluding com.google.inject.extensions:guice-servlet:jar:3.0 from the shaded jar.
[INFO] Excluding commons-io:commons-io:jar:2.8.0 from the shaded jar.
[INFO] Excluding org.apache.flink:flink-shaded-netty:jar:4.1.49.Final-13.0 from the shaded jar.
[INFO] Excluding org.apache.flink:flink-shaded-guava:jar:18.0-13.0 from the shaded jar.
[INFO] Excluding org.apache.flink:flink-shaded-jackson:jar:2.12.1-13.0 from the shaded jar.
[INFO] Excluding org.apache.flink:flink-shaded-zookeeper-3:jar:3.4.14-13.0 from the shaded jar.
[INFO] Excluding org.apache.commons:commons-lang3:jar:3.3.2 from the shaded jar.
[INFO] Excluding commons-cli:commons-cli:jar:1.3.1 from the shaded jar.
[INFO] Excluding org.javassist:javassist:jar:3.24.0-GA from the shaded jar.
[INFO] Excluding org.xerial.snappy:snappy-java:jar:1.1.8.3 from the shaded jar.
[INFO] Excluding org.lz4:lz4-java:jar:1.6.0 from the shaded jar.
[INFO] Excluding com.github.oshi:oshi-core:jar:3.4.0 from the shaded jar.
[INFO] Excluding net.java.dev.jna:jna-platform:jar:4.2.2 from the shaded jar.
[INFO] Excluding net.java.dev.jna:jna:jar:4.2.2 from the shaded jar.
[INFO] Including org.apache.flink:flink-shaded-force-shading:jar:13.0 in the shaded jar.
[INFO] Excluding org.slf4j:slf4j-api:jar:1.7.15 from the shaded jar.
[INFO] Excluding com.google.code.findbugs:jsr305:jar:1.3.9 from the shaded jar.
[INFO] Excluding org.objenesis:objenesis:jar:2.1 from the shaded jar.
[INFO] Replacing original artifact with shaded artifact.
[INFO] Replacing /home/runner/work/sonar-analysis/sonar-analysis/project/flink-runtime/target/flink-runtime_2.11-1.14-SNAPSHOT.jar with /home/runner/work/sonar-analysis/sonar-analysis/project/flink-runtime/target/flink-runtime_2.11-1.14-SNAPSHOT-shaded.jar
[INFO] Replacing original test artifact with shaded test artifact.
[INFO] Replacing /home/runner/work/sonar-analysis/sonar-analysis/project/flink-runtime/target/flink-runtime_2.11-1.14-SNAPSHOT-tests.jar with /home/runner/work/sonar-analysis/sonar-analysis/project/flink-runtime/target/flink-runtime_2.11-1.14-SNAPSHOT-shaded-tests.jar
[INFO] Dependency-reduced POM written at: /home/runner/work/sonar-analysis/sonar-analysis/project/flink-runtime/target/dependency-reduced-pom.xml
[INFO] 
[INFO] --- surefire:2.22.1:test (integration-tests) @ flink-runtime_2.11 ---
[INFO] Tests are skipped.
[INFO] 
[INFO] --- install:2.5.2:install (default-install) @ flink-runtime_2.11 ---
[INFO] Installing /home/runner/work/sonar-analysis/sonar-analysis/project/flink-runtime/target/flink-runtime_2.11-1.14-SNAPSHOT.jar to /home/runner/.m2/repository/org/apache/flink/flink-runtime_2.11/1.14-SNAPSHOT/flink-runtime_2.11-1.14-SNAPSHOT.jar
[INFO] Installing /home/runner/work/sonar-analysis/sonar-analysis/project/flink-runtime/target/dependency-reduced-pom.xml to /home/runner/.m2/repository/org/apache/flink/flink-runtime_2.11/1.14-SNAPSHOT/flink-runtime_2.11-1.14-SNAPSHOT.pom
[INFO] Installing /home/runner/work/sonar-analysis/sonar-analysis/project/flink-runtime/target/flink-runtime_2.11-1.14-SNAPSHOT-tests.jar to /home/runner/.m2/repository/org/apache/flink/flink-runtime_2.11/1.14-SNAPSHOT/flink-runtime_2.11-1.14-SNAPSHOT-tests.jar
[INFO] Installing /home/runner/work/sonar-analysis/sonar-analysis/project/flink-runtime/target/flink-runtime_2.11-1.14-SNAPSHOT-tests.jar to /home/runner/.m2/repository/org/apache/flink/flink-runtime_2.11/1.14-SNAPSHOT/flink-runtime_2.11-1.14-SNAPSHOT-tests.jar
[INFO] 
[INFO] ---------------< org.apache.flink:flink-optimizer_2.11 >----------------
[INFO] Building Flink : Optimizer 1.14-SNAPSHOT                        [25/185]
[INFO]   from flink-optimizer/pom.xml
[INFO] --------------------------------[ jar ]---------------------------------
[INFO] 
[INFO] --- clean:3.1.0:clean (default-clean) @ flink-optimizer_2.11 ---
[INFO] Deleting /home/runner/work/sonar-analysis/sonar-analysis/project/flink-optimizer/target
[INFO] 
[INFO] --- checkstyle:2.17:check (validate) @ flink-optimizer_2.11 ---
[INFO] 
[INFO] --- spotless:2.4.2:check (spotless-check) @ flink-optimizer_2.11 ---
[INFO] 
[INFO] --- enforcer:3.0.0-M1:enforce (enforce-maven-version) @ flink-optimizer_2.11 ---
[INFO] Skipping Rule Enforcement.
[INFO] 
[INFO] --- enforcer:3.0.0-M1:enforce (enforce-maven) @ flink-optimizer_2.11 ---
[INFO] Skipping Rule Enforcement.
[INFO] 
[INFO] --- enforcer:3.0.0-M1:enforce (ban-unsafe-snakeyaml) @ flink-optimizer_2.11 ---
[INFO] Skipping Rule Enforcement.
[INFO] 
[INFO] --- enforcer:3.0.0-M1:enforce (ban-unsafe-jackson) @ flink-optimizer_2.11 ---
[INFO] Skipping Rule Enforcement.
[INFO] 
[INFO] --- enforcer:3.0.0-M1:enforce (forbid-log4j-1) @ flink-optimizer_2.11 ---
[INFO] Skipping Rule Enforcement.
[INFO] 
[INFO] --- enforcer:3.0.0-M1:enforce (enforce-versions) @ flink-optimizer_2.11 ---
[INFO] Skipping Rule Enforcement.
[INFO] 
[INFO] --- directory:0.1:highest-basedir (directories) @ flink-optimizer_2.11 ---
[INFO] Highest basedir set to: /home/runner/work/sonar-analysis/sonar-analysis/project
[INFO] 
[INFO] --- remote-resources:1.5:process (process-resource-bundles) @ flink-optimizer_2.11 ---
[INFO] 
[INFO] --- resources:3.1.0:resources (default-resources) @ flink-optimizer_2.11 ---
[INFO] Using 'UTF-8' encoding to copy filtered resources.
[INFO] skip non existing resourceDirectory /home/runner/work/sonar-analysis/sonar-analysis/project/flink-optimizer/src/main/resources
[INFO] Copying 3 resources
[INFO] 
[INFO] --- compiler:3.8.0:compile (default-compile) @ flink-optimizer_2.11 ---
[INFO] Compiling 132 source files to /home/runner/work/sonar-analysis/sonar-analysis/project/flink-optimizer/target/classes
[INFO] /home/runner/work/sonar-analysis/sonar-analysis/project/flink-optimizer/src/main/java/org/apache/flink/optimizer/dag/SingleInputNode.java: Some input files use or override a deprecated API.
[INFO] /home/runner/work/sonar-analysis/sonar-analysis/project/flink-optimizer/src/main/java/org/apache/flink/optimizer/dag/SingleInputNode.java: Recompile with -Xlint:deprecation for details.
[INFO] /home/runner/work/sonar-analysis/sonar-analysis/project/flink-optimizer/src/main/java/org/apache/flink/optimizer/plantranslate/JobGraphGenerator.java: Some input files use unchecked or unsafe operations.
[INFO] /home/runner/work/sonar-analysis/sonar-analysis/project/flink-optimizer/src/main/java/org/apache/flink/optimizer/plantranslate/JobGraphGenerator.java: Recompile with -Xlint:unchecked for details.
[INFO] 
[INFO] --- resources:3.1.0:testResources (default-testResources) @ flink-optimizer_2.11 ---
[INFO] Using 'UTF-8' encoding to copy filtered resources.
[INFO] Copying 1 resource
[INFO] Copying 3 resources
[INFO] 
[INFO] --- compiler:3.8.0:testCompile (default-testCompile) @ flink-optimizer_2.11 ---
[INFO] Compiling 89 source files to /home/runner/work/sonar-analysis/sonar-analysis/project/flink-optimizer/target/test-classes
[INFO] /home/runner/work/sonar-analysis/sonar-analysis/project/flink-optimizer/src/test/java/org/apache/flink/optimizer/plantranslate/JobGraphGeneratorTest.java: /home/runner/work/sonar-analysis/sonar-analysis/project/flink-optimizer/src/test/java/org/apache/flink/optimizer/plantranslate/JobGraphGeneratorTest.java uses or overrides a deprecated API.
[INFO] /home/runner/work/sonar-analysis/sonar-analysis/project/flink-optimizer/src/test/java/org/apache/flink/optimizer/plantranslate/JobGraphGeneratorTest.java: Recompile with -Xlint:deprecation for details.
[INFO] /home/runner/work/sonar-analysis/sonar-analysis/project/flink-optimizer/src/test/java/org/apache/flink/optimizer/util/OperatorResolver.java: Some input files use unchecked or unsafe operations.
[INFO] /home/runner/work/sonar-analysis/sonar-analysis/project/flink-optimizer/src/test/java/org/apache/flink/optimizer/util/OperatorResolver.java: Recompile with -Xlint:unchecked for details.
[INFO] 
[INFO] --- surefire:2.22.1:test (default-test) @ flink-optimizer_2.11 ---
[INFO] Tests are skipped.
[INFO] 
[INFO] --- jar:2.4:jar (default-jar) @ flink-optimizer_2.11 ---
[INFO] Building jar: /home/runner/work/sonar-analysis/sonar-analysis/project/flink-optimizer/target/flink-optimizer_2.11-1.14-SNAPSHOT.jar
[INFO] 
[INFO] --- jar:2.4:test-jar (default) @ flink-optimizer_2.11 ---
[INFO] Building jar: /home/runner/work/sonar-analysis/sonar-analysis/project/flink-optimizer/target/flink-optimizer_2.11-1.14-SNAPSHOT-tests.jar
[INFO] 
[INFO] --- shade:3.2.1:shade (shade-flink) @ flink-optimizer_2.11 ---
[INFO] Excluding org.apache.flink:flink-core:jar:1.14-SNAPSHOT from the shaded jar.
[INFO] Excluding org.apache.flink:flink-annotations:jar:1.14-SNAPSHOT from the shaded jar.
[INFO] Excluding org.apache.flink:flink-metrics-core:jar:1.14-SNAPSHOT from the shaded jar.
[INFO] Excluding org.apache.flink:flink-shaded-asm-7:jar:7.1-13.0 from the shaded jar.
[INFO] Excluding org.apache.commons:commons-lang3:jar:3.3.2 from the shaded jar.
[INFO] Excluding com.esotericsoftware.kryo:kryo:jar:2.24.0 from the shaded jar.
[INFO] Excluding com.esotericsoftware.minlog:minlog:jar:1.2 from the shaded jar.
[INFO] Excluding commons-collections:commons-collections:jar:3.2.2 from the shaded jar.
[INFO] Excluding org.apache.commons:commons-compress:jar:1.20 from the shaded jar.
[INFO] Excluding org.apache.flink:flink-runtime_2.11:jar:1.14-SNAPSHOT from the shaded jar.
[INFO] Excluding org.apache.flink:flink-rpc-core:jar:1.14-SNAPSHOT from the shaded jar.
[INFO] Excluding org.apache.flink:flink-rpc-akka_2.11:jar:1.14-SNAPSHOT from the shaded jar.
[INFO] Excluding org.scala-lang:scala-library:jar:2.11.12 from the shaded jar.
[INFO] Excluding com.typesafe.akka:akka-actor_2.11:jar:2.5.21 from the shaded jar.
[INFO] Excluding com.typesafe:config:jar:1.3.0 from the shaded jar.
[INFO] Excluding org.scala-lang.modules:scala-java8-compat_2.11:jar:0.7.0 from the shaded jar.
[INFO] Excluding com.typesafe.akka:akka-remote_2.11:jar:2.5.21 from the shaded jar.
[INFO] Excluding io.netty:netty:jar:3.10.6.Final from the shaded jar.
[INFO] Excluding com.typesafe.akka:akka-stream_2.11:jar:2.5.21 from the shaded jar.
[INFO] Excluding org.reactivestreams:reactive-streams:jar:1.0.2 from the shaded jar.
[INFO] Excluding com.typesafe:ssl-config-core_2.11:jar:0.3.7 from the shaded jar.
[INFO] Excluding org.scala-lang.modules:scala-parser-combinators_2.11:jar:1.1.1 from the shaded jar.
[INFO] Excluding com.typesafe.akka:akka-protobuf_2.11:jar:2.5.21 from the shaded jar.
[INFO] Excluding com.typesafe.akka:akka-slf4j_2.11:jar:2.5.21 from the shaded jar.
[INFO] Excluding org.clapper:grizzled-slf4j_2.11:jar:1.3.2 from the shaded jar.
[INFO] Excluding org.apache.flink:flink-queryable-state-client-java:jar:1.14-SNAPSHOT from the shaded jar.
[INFO] Excluding org.apache.flink:flink-hadoop-fs:jar:1.14-SNAPSHOT from the shaded jar.
[INFO] Excluding commons-io:commons-io:jar:2.8.0 from the shaded jar.
[INFO] Excluding org.apache.flink:flink-shaded-netty:jar:4.1.49.Final-13.0 from the shaded jar.
[INFO] Excluding org.apache.flink:flink-shaded-zookeeper-3:jar:3.4.14-13.0 from the shaded jar.
[INFO] Excluding commons-cli:commons-cli:jar:1.3.1 from the shaded jar.
[INFO] Excluding org.javassist:javassist:jar:3.24.0-GA from the shaded jar.
[INFO] Excluding org.xerial.snappy:snappy-java:jar:1.1.8.3 from the shaded jar.
[INFO] Excluding org.lz4:lz4-java:jar:1.6.0 from the shaded jar.
[INFO] Excluding org.apache.flink:flink-java:jar:1.14-SNAPSHOT from the shaded jar.
[INFO] Excluding org.apache.commons:commons-math3:jar:3.5 from the shaded jar.
[INFO] Excluding org.apache.flink:flink-shaded-guava:jar:18.0-13.0 from the shaded jar.
[INFO] Excluding org.apache.flink:flink-shaded-jackson:jar:2.12.1-13.0 from the shaded jar.
[INFO] Including org.apache.flink:flink-shaded-force-shading:jar:13.0 in the shaded jar.
[INFO] Excluding org.slf4j:slf4j-api:jar:1.7.15 from the shaded jar.
[INFO] Excluding com.google.code.findbugs:jsr305:jar:1.3.9 from the shaded jar.
[INFO] Excluding org.objenesis:objenesis:jar:2.1 from the shaded jar.
[INFO] Replacing original artifact with shaded artifact.
[INFO] Replacing /home/runner/work/sonar-analysis/sonar-analysis/project/flink-optimizer/target/flink-optimizer_2.11-1.14-SNAPSHOT.jar with /home/runner/work/sonar-analysis/sonar-analysis/project/flink-optimizer/target/flink-optimizer_2.11-1.14-SNAPSHOT-shaded.jar
[INFO] Replacing original test artifact with shaded test artifact.
[INFO] Replacing /home/runner/work/sonar-analysis/sonar-analysis/project/flink-optimizer/target/flink-optimizer_2.11-1.14-SNAPSHOT-tests.jar with /home/runner/work/sonar-analysis/sonar-analysis/project/flink-optimizer/target/flink-optimizer_2.11-1.14-SNAPSHOT-shaded-tests.jar
[INFO] Dependency-reduced POM written at: /home/runner/work/sonar-analysis/sonar-analysis/project/flink-optimizer/target/dependency-reduced-pom.xml
[INFO] 
[INFO] --- surefire:2.22.1:test (integration-tests) @ flink-optimizer_2.11 ---
[INFO] Tests are skipped.
[INFO] 
[INFO] --- install:2.5.2:install (default-install) @ flink-optimizer_2.11 ---
[INFO] Installing /home/runner/work/sonar-analysis/sonar-analysis/project/flink-optimizer/target/flink-optimizer_2.11-1.14-SNAPSHOT.jar to /home/runner/.m2/repository/org/apache/flink/flink-optimizer_2.11/1.14-SNAPSHOT/flink-optimizer_2.11-1.14-SNAPSHOT.jar
[INFO] Installing /home/runner/work/sonar-analysis/sonar-analysis/project/flink-optimizer/target/dependency-reduced-pom.xml to /home/runner/.m2/repository/org/apache/flink/flink-optimizer_2.11/1.14-SNAPSHOT/flink-optimizer_2.11-1.14-SNAPSHOT.pom
[INFO] Installing /home/runner/work/sonar-analysis/sonar-analysis/project/flink-optimizer/target/flink-optimizer_2.11-1.14-SNAPSHOT-tests.jar to /home/runner/.m2/repository/org/apache/flink/flink-optimizer_2.11/1.14-SNAPSHOT/flink-optimizer_2.11-1.14-SNAPSHOT-tests.jar
[INFO] Installing /home/runner/work/sonar-analysis/sonar-analysis/project/flink-optimizer/target/flink-optimizer_2.11-1.14-SNAPSHOT-tests.jar to /home/runner/.m2/repository/org/apache/flink/flink-optimizer_2.11/1.14-SNAPSHOT/flink-optimizer_2.11-1.14-SNAPSHOT-tests.jar
[INFO] 
[INFO] -----------------< org.apache.flink:flink-connectors >------------------
[INFO] Building Flink : Connectors : 1.14-SNAPSHOT                     [26/185]
[INFO]   from flink-connectors/pom.xml
[INFO] --------------------------------[ pom ]---------------------------------
[INFO] 
[INFO] --- clean:3.1.0:clean (default-clean) @ flink-connectors ---
[INFO] Deleting /home/runner/work/sonar-analysis/sonar-analysis/project/flink-connectors/target
[INFO] 
[INFO] --- checkstyle:2.17:check (validate) @ flink-connectors ---
[INFO] 
[INFO] --- spotless:2.4.2:check (spotless-check) @ flink-connectors ---
[INFO] 
[INFO] --- enforcer:3.0.0-M1:enforce (enforce-maven-version) @ flink-connectors ---
[INFO] Skipping Rule Enforcement.
[INFO] 
[INFO] --- enforcer:3.0.0-M1:enforce (enforce-maven) @ flink-connectors ---
[INFO] Skipping Rule Enforcement.
[INFO] 
[INFO] --- enforcer:3.0.0-M1:enforce (ban-unsafe-snakeyaml) @ flink-connectors ---
[INFO] Skipping Rule Enforcement.
[INFO] 
[INFO] --- enforcer:3.0.0-M1:enforce (ban-unsafe-jackson) @ flink-connectors ---
[INFO] Skipping Rule Enforcement.
[INFO] 
[INFO] --- enforcer:3.0.0-M1:enforce (forbid-log4j-1) @ flink-connectors ---
[INFO] Skipping Rule Enforcement.
[INFO] 
[INFO] --- enforcer:3.0.0-M1:enforce (enforce-versions) @ flink-connectors ---
[INFO] Skipping Rule Enforcement.
[INFO] 
[INFO] --- directory:0.1:highest-basedir (directories) @ flink-connectors ---
[INFO] Highest basedir set to: /home/runner/work/sonar-analysis/sonar-analysis/project
[INFO] 
[INFO] --- remote-resources:1.5:process (process-resource-bundles) @ flink-connectors ---
[INFO] 
[INFO] --- surefire:2.22.1:test (default-test) @ flink-connectors ---
[INFO] Tests are skipped.
[INFO] 
[INFO] --- shade:3.2.1:shade (shade-flink) @ flink-connectors ---
[INFO] Including org.apache.flink:flink-shaded-force-shading:jar:13.0 in the shaded jar.
[INFO] No artifact matching filter io.netty:netty
[INFO] Replacing original artifact with shaded artifact.
[INFO] 
[INFO] --- surefire:2.22.1:test (integration-tests) @ flink-connectors ---
[INFO] Tests are skipped.
[INFO] 
[INFO] --- install:2.5.2:install (default-install) @ flink-connectors ---
[INFO] Installing /home/runner/work/sonar-analysis/sonar-analysis/project/flink-connectors/pom.xml to /home/runner/.m2/repository/org/apache/flink/flink-connectors/1.14-SNAPSHOT/flink-connectors-1.14-SNAPSHOT.pom
[INFO] 
[INFO] --------------< org.apache.flink:flink-file-sink-common >---------------
[INFO] Building Flink : Connectors : File Sink Common 1.14-SNAPSHOT    [27/185]
[INFO]   from flink-connectors/flink-file-sink-common/pom.xml
[INFO] --------------------------------[ jar ]---------------------------------
[INFO] 
[INFO] --- clean:3.1.0:clean (default-clean) @ flink-file-sink-common ---
[INFO] Deleting /home/runner/work/sonar-analysis/sonar-analysis/project/flink-connectors/flink-file-sink-common/target
[INFO] 
[INFO] --- checkstyle:2.17:check (validate) @ flink-file-sink-common ---
[INFO] 
[INFO] --- spotless:2.4.2:check (spotless-check) @ flink-file-sink-common ---
[INFO] 
[INFO] --- enforcer:3.0.0-M1:enforce (enforce-maven-version) @ flink-file-sink-common ---
[INFO] Skipping Rule Enforcement.
[INFO] 
[INFO] --- enforcer:3.0.0-M1:enforce (enforce-maven) @ flink-file-sink-common ---
[INFO] Skipping Rule Enforcement.
[INFO] 
[INFO] --- enforcer:3.0.0-M1:enforce (ban-unsafe-snakeyaml) @ flink-file-sink-common ---
[INFO] Skipping Rule Enforcement.
[INFO] 
[INFO] --- enforcer:3.0.0-M1:enforce (ban-unsafe-jackson) @ flink-file-sink-common ---
[INFO] Skipping Rule Enforcement.
[INFO] 
[INFO] --- enforcer:3.0.0-M1:enforce (forbid-log4j-1) @ flink-file-sink-common ---
[INFO] Skipping Rule Enforcement.
[INFO] 
[INFO] --- enforcer:3.0.0-M1:enforce (enforce-versions) @ flink-file-sink-common ---
[INFO] Skipping Rule Enforcement.
[INFO] 
[INFO] --- directory:0.1:highest-basedir (directories) @ flink-file-sink-common ---
[INFO] Highest basedir set to: /home/runner/work/sonar-analysis/sonar-analysis/project
[INFO] 
[INFO] --- remote-resources:1.5:process (process-resource-bundles) @ flink-file-sink-common ---
[INFO] 
[INFO] --- resources:3.1.0:resources (default-resources) @ flink-file-sink-common ---
[INFO] Using 'UTF-8' encoding to copy filtered resources.
[INFO] skip non existing resourceDirectory /home/runner/work/sonar-analysis/sonar-analysis/project/flink-connectors/flink-file-sink-common/src/main/resources
[INFO] Copying 3 resources
[INFO] 
[INFO] --- compiler:3.8.0:compile (default-compile) @ flink-file-sink-common ---
[INFO] Compiling 19 source files to /home/runner/work/sonar-analysis/sonar-analysis/project/flink-connectors/flink-file-sink-common/target/classes
[INFO] 
[INFO] --- resources:3.1.0:testResources (default-testResources) @ flink-file-sink-common ---
[INFO] Using 'UTF-8' encoding to copy filtered resources.
[INFO] Copying 1 resource
[INFO] Copying 3 resources
[INFO] 
[INFO] --- compiler:3.8.0:testCompile (default-testCompile) @ flink-file-sink-common ---
[INFO] Compiling 1 source file to /home/runner/work/sonar-analysis/sonar-analysis/project/flink-connectors/flink-file-sink-common/target/test-classes
[INFO] /home/runner/work/sonar-analysis/sonar-analysis/project/flink-connectors/flink-file-sink-common/src/test/java/org/apache/flink/streaming/api/functions/sink/filesystem/bucketassigners/DateTimeBucketAssignerTest.java: /home/runner/work/sonar-analysis/sonar-analysis/project/flink-connectors/flink-file-sink-common/src/test/java/org/apache/flink/streaming/api/functions/sink/filesystem/bucketassigners/DateTimeBucketAssignerTest.java uses unchecked or unsafe operations.
[INFO] /home/runner/work/sonar-analysis/sonar-analysis/project/flink-connectors/flink-file-sink-common/src/test/java/org/apache/flink/streaming/api/functions/sink/filesystem/bucketassigners/DateTimeBucketAssignerTest.java: Recompile with -Xlint:unchecked for details.
[INFO] 
[INFO] --- surefire:2.22.1:test (default-test) @ flink-file-sink-common ---
[INFO] Tests are skipped.
[INFO] 
[INFO] --- jar:2.4:jar (default-jar) @ flink-file-sink-common ---
[INFO] Building jar: /home/runner/work/sonar-analysis/sonar-analysis/project/flink-connectors/flink-file-sink-common/target/flink-file-sink-common-1.14-SNAPSHOT.jar
[INFO] 
[INFO] --- shade:3.2.1:shade (shade-flink) @ flink-file-sink-common ---
[INFO] Excluding org.apache.flink:flink-core:jar:1.14-SNAPSHOT from the shaded jar.
[INFO] Excluding org.apache.flink:flink-annotations:jar:1.14-SNAPSHOT from the shaded jar.
[INFO] Excluding org.apache.flink:flink-metrics-core:jar:1.14-SNAPSHOT from the shaded jar.
[INFO] Excluding org.apache.flink:flink-shaded-asm-7:jar:7.1-13.0 from the shaded jar.
[INFO] Excluding org.apache.commons:commons-lang3:jar:3.3.2 from the shaded jar.
[INFO] Excluding com.esotericsoftware.kryo:kryo:jar:2.24.0 from the shaded jar.
[INFO] Excluding com.esotericsoftware.minlog:minlog:jar:1.2 from the shaded jar.
[INFO] Excluding commons-collections:commons-collections:jar:3.2.2 from the shaded jar.
[INFO] Excluding org.apache.commons:commons-compress:jar:1.20 from the shaded jar.
[INFO] Excluding org.apache.flink:flink-shaded-guava:jar:18.0-13.0 from the shaded jar.
[INFO] Including org.apache.flink:flink-shaded-force-shading:jar:13.0 in the shaded jar.
[INFO] Excluding org.objenesis:objenesis:jar:2.1 from the shaded jar.
[INFO] No artifact matching filter io.netty:netty
[INFO] Replacing original artifact with shaded artifact.
[INFO] Replacing /home/runner/work/sonar-analysis/sonar-analysis/project/flink-connectors/flink-file-sink-common/target/flink-file-sink-common-1.14-SNAPSHOT.jar with /home/runner/work/sonar-analysis/sonar-analysis/project/flink-connectors/flink-file-sink-common/target/flink-file-sink-common-1.14-SNAPSHOT-shaded.jar
[INFO] Replacing original test artifact with shaded test artifact.
[INFO] Replacing /home/runner/work/sonar-analysis/sonar-analysis/project/flink-connectors/flink-file-sink-common/target/flink-file-sink-common-1.14-SNAPSHOT-tests.jar with /home/runner/work/sonar-analysis/sonar-analysis/project/flink-connectors/flink-file-sink-common/target/flink-file-sink-common-1.14-SNAPSHOT-shaded-tests.jar
[INFO] Dependency-reduced POM written at: /home/runner/work/sonar-analysis/sonar-analysis/project/flink-connectors/flink-file-sink-common/target/dependency-reduced-pom.xml
[INFO] 
[INFO] --- surefire:2.22.1:test (integration-tests) @ flink-file-sink-common ---
[INFO] Tests are skipped.
[INFO] 
[INFO] --- install:2.5.2:install (default-install) @ flink-file-sink-common ---
[INFO] Installing /home/runner/work/sonar-analysis/sonar-analysis/project/flink-connectors/flink-file-sink-common/target/flink-file-sink-common-1.14-SNAPSHOT.jar to /home/runner/.m2/repository/org/apache/flink/flink-file-sink-common/1.14-SNAPSHOT/flink-file-sink-common-1.14-SNAPSHOT.jar
[INFO] Installing /home/runner/work/sonar-analysis/sonar-analysis/project/flink-connectors/flink-file-sink-common/target/dependency-reduced-pom.xml to /home/runner/.m2/repository/org/apache/flink/flink-file-sink-common/1.14-SNAPSHOT/flink-file-sink-common-1.14-SNAPSHOT.pom
[INFO] Installing /home/runner/work/sonar-analysis/sonar-analysis/project/flink-connectors/flink-file-sink-common/target/flink-file-sink-common-1.14-SNAPSHOT-tests.jar to /home/runner/.m2/repository/org/apache/flink/flink-file-sink-common/1.14-SNAPSHOT/flink-file-sink-common-1.14-SNAPSHOT-tests.jar
[INFO] 
[INFO] -------------< org.apache.flink:flink-streaming-java_2.11 >-------------
[INFO] Building Flink : Streaming Java 1.14-SNAPSHOT                   [28/185]
[INFO]   from flink-streaming-java/pom.xml
[INFO] --------------------------------[ jar ]---------------------------------
[INFO] 
[INFO] --- clean:3.1.0:clean (default-clean) @ flink-streaming-java_2.11 ---
[INFO] Deleting /home/runner/work/sonar-analysis/sonar-analysis/project/flink-streaming-java/target
[INFO] 
[INFO] --- checkstyle:2.17:check (validate) @ flink-streaming-java_2.11 ---
[INFO] 
[INFO] --- spotless:2.4.2:check (spotless-check) @ flink-streaming-java_2.11 ---
[INFO] 
[INFO] --- enforcer:3.0.0-M1:enforce (enforce-maven-version) @ flink-streaming-java_2.11 ---
[INFO] Skipping Rule Enforcement.
[INFO] 
[INFO] --- enforcer:3.0.0-M1:enforce (enforce-maven) @ flink-streaming-java_2.11 ---
[INFO] Skipping Rule Enforcement.
[INFO] 
[INFO] --- enforcer:3.0.0-M1:enforce (ban-unsafe-snakeyaml) @ flink-streaming-java_2.11 ---
[INFO] Skipping Rule Enforcement.
[INFO] 
[INFO] --- enforcer:3.0.0-M1:enforce (ban-unsafe-jackson) @ flink-streaming-java_2.11 ---
[INFO] Skipping Rule Enforcement.
[INFO] 
[INFO] --- enforcer:3.0.0-M1:enforce (forbid-log4j-1) @ flink-streaming-java_2.11 ---
[INFO] Skipping Rule Enforcement.
[INFO] 
[INFO] --- enforcer:3.0.0-M1:enforce (enforce-versions) @ flink-streaming-java_2.11 ---
[INFO] Skipping Rule Enforcement.
[INFO] 
[INFO] --- directory:0.1:highest-basedir (directories) @ flink-streaming-java_2.11 ---
[INFO] Highest basedir set to: /home/runner/work/sonar-analysis/sonar-analysis/project
[INFO] 
[INFO] --- remote-resources:1.5:process (process-resource-bundles) @ flink-streaming-java_2.11 ---
[INFO] 
[INFO] --- resources:3.1.0:resources (default-resources) @ flink-streaming-java_2.11 ---
[INFO] Using 'UTF-8' encoding to copy filtered resources.
[INFO] skip non existing resourceDirectory /home/runner/work/sonar-analysis/sonar-analysis/project/flink-streaming-java/src/main/resources
[INFO] Copying 3 resources
[INFO] 
[INFO] --- compiler:3.8.0:compile (default-compile) @ flink-streaming-java_2.11 ---
[INFO] Compiling 518 source files to /home/runner/work/sonar-analysis/sonar-analysis/project/flink-streaming-java/target/classes
[INFO] /home/runner/work/sonar-analysis/sonar-analysis/project/flink-streaming-java/src/main/java/org/apache/flink/streaming/api/environment/StreamExecutionEnvironment.java: Some input files use or override a deprecated API.
[INFO] /home/runner/work/sonar-analysis/sonar-analysis/project/flink-streaming-java/src/main/java/org/apache/flink/streaming/api/environment/StreamExecutionEnvironment.java: Recompile with -Xlint:deprecation for details.
[INFO] /home/runner/work/sonar-analysis/sonar-analysis/project/flink-streaming-java/src/main/java/org/apache/flink/streaming/api/datastream/DataStream.java: Some input files use unchecked or unsafe operations.
[INFO] /home/runner/work/sonar-analysis/sonar-analysis/project/flink-streaming-java/src/main/java/org/apache/flink/streaming/api/datastream/DataStream.java: Recompile with -Xlint:unchecked for details.
[INFO] -------------------------------------------------------------
[ERROR] COMPILATION ERROR : 
[INFO] -------------------------------------------------------------
[ERROR] /home/runner/work/sonar-analysis/sonar-analysis/project/flink-streaming-java/src/main/java/org/apache/flink/streaming/runtime/tasks/mailbox/MailboxProcessor.java:[217,13] cannot find symbol
  symbol:   method ensureControlFlowSignalCheck()
  location: class org.apache.flink.streaming.runtime.tasks.mailbox.MailboxProcessor
[INFO] 1 error
[INFO] -------------------------------------------------------------
[INFO] ------------------------------------------------------------------------
[INFO] Reactor Summary for Flink : 1.14-SNAPSHOT:
[INFO] 
[INFO] Flink : ............................................ SUCCESS [  2.190 s]
[INFO] Flink : Annotations ................................ SUCCESS [  1.647 s]
[INFO] Flink : Test utils : ............................... SUCCESS [  0.069 s]
[INFO] Flink : Test utils : Junit ......................... SUCCESS [  1.657 s]
[INFO] Flink : Metrics : .................................. SUCCESS [  0.058 s]
[INFO] Flink : Metrics : Core ............................. SUCCESS [  1.209 s]
[INFO] Flink : Core ....................................... SUCCESS [ 20.097 s]
[INFO] Flink : Java ....................................... SUCCESS [  4.703 s]
[INFO] Flink : Scala ...................................... SUCCESS [ 35.124 s]
[INFO] Flink : FileSystems : .............................. SUCCESS [  0.047 s]
[INFO] Flink : FileSystems : Hadoop FS .................... SUCCESS [  1.480 s]
[INFO] Flink : FileSystems : Mapr FS ...................... SUCCESS [  0.619 s]
[INFO] Flink : FileSystems : Hadoop FS shaded ............. SUCCESS [  4.324 s]
[INFO] Flink : FileSystems : S3 FS Base ................... SUCCESS [  0.804 s]
[INFO] Flink : FileSystems : S3 FS Hadoop ................. SUCCESS [  3.785 s]
[INFO] Flink : FileSystems : S3 FS Presto ................. SUCCESS [  5.690 s]
[INFO] Flink : FileSystems : OSS FS ....................... SUCCESS [  4.346 s]
[INFO] Flink : FileSystems : Azure FS Hadoop .............. SUCCESS [  5.824 s]
[INFO] Flink : RPC : ...................................... SUCCESS [  0.044 s]
[INFO] Flink : RPC : Core ................................. SUCCESS [  0.424 s]
[INFO] Flink : RPC : Akka ................................. SUCCESS [ 10.948 s]
[INFO] Flink : Queryable state : .......................... SUCCESS [  0.029 s]
[INFO] Flink : Queryable state : Client Java .............. SUCCESS [  0.421 s]
[INFO] Flink : Runtime .................................... SUCCESS [ 34.697 s]
[INFO] Flink : Optimizer .................................. SUCCESS [  2.980 s]
[INFO] Flink : Connectors : ............................... SUCCESS [  0.127 s]
[INFO] Flink : Connectors : File Sink Common .............. SUCCESS [  0.377 s]
[INFO] Flink : Streaming Java ............................. FAILURE [  5.488 s]
[INFO] Flink : Clients .................................... SKIPPED
[INFO] Flink : Test utils : Utils ......................... SKIPPED
[INFO] Flink : State backends : ........................... SKIPPED
[INFO] Flink : State backends : RocksDB ................... SKIPPED
[INFO] Flink : State backends : Changelog ................. SKIPPED
[INFO] Flink : Runtime web ................................ SKIPPED
[INFO] Flink : Test utils : Connectors .................... SKIPPED
[INFO] Flink : Connectors : Base .......................... SKIPPED
[INFO] Flink : Connectors : Files ......................... SKIPPED
[INFO] Flink : Examples : ................................. SKIPPED
[INFO] Flink : Examples : Batch ........................... SKIPPED
[INFO] Flink : Connectors : Hadoop compatibility .......... SKIPPED
[INFO] Flink : Tests ...................................... SKIPPED
[INFO] Flink : Streaming Scala ............................ SKIPPED
[INFO] Flink : Connectors : HCatalog ...................... SKIPPED
[INFO] Flink : Table : .................................... SKIPPED
[INFO] Flink : Table : Common ............................. SKIPPED
[INFO] Flink : Table : API Java ........................... SKIPPED
[INFO] Flink : Table : API Java bridge .................... SKIPPED
[INFO] Flink : Formats : .................................. SKIPPED
[INFO] Flink : Format : Common ............................ SKIPPED
[INFO] Flink : Table : API Scala .......................... SKIPPED
[INFO] Flink : Table : API Scala bridge ................... SKIPPED
[INFO] Flink : Table : SQL Parser ......................... SKIPPED
[INFO] Flink : Table : SQL Parser Hive .................... SKIPPED
[INFO] Flink : Libraries : ................................ SKIPPED
[INFO] Flink : Libraries : CEP ............................ SKIPPED
[INFO] Flink : Table : Runtime ............................ SKIPPED
[INFO] Flink : Table : Planner ............................ SKIPPED
[INFO] Flink : Formats : Json ............................. SKIPPED
[INFO] Flink : Connectors : Elasticsearch base ............ SKIPPED
[INFO] Flink : Connectors : Elasticsearch 5 ............... SKIPPED
[INFO] Flink : Connectors : Elasticsearch 6 ............... SKIPPED
[INFO] Flink : Connectors : Elasticsearch 7 ............... SKIPPED
[INFO] Flink : Connectors : HBase base .................... SKIPPED
[INFO] Flink : Connectors : HBase 1.4 ..................... SKIPPED
[INFO] Flink : Connectors : HBase 2.2 ..................... SKIPPED
[INFO] Flink : Formats : Hadoop bulk ...................... SKIPPED
[INFO] Flink : Formats : Orc .............................. SKIPPED
[INFO] Flink : Formats : Orc nohive ....................... SKIPPED
[INFO] Flink : Formats : Avro ............................. SKIPPED
[INFO] Flink : Formats : Parquet .......................... SKIPPED
[INFO] Flink : Formats : Csv .............................. SKIPPED
[INFO] Flink : Connectors : Hive .......................... SKIPPED
[INFO] Flink : Connectors : JDBC .......................... SKIPPED
[INFO] Flink : Connectors : RabbitMQ ...................... SKIPPED
[INFO] Flink : Connectors : Twitter ....................... SKIPPED
[INFO] Flink : Connectors : Nifi .......................... SKIPPED
[INFO] Flink : Connectors : Cassandra ..................... SKIPPED
[INFO] Flink : Metrics : JMX .............................. SKIPPED
[INFO] Flink : Formats : Avro confluent registry .......... SKIPPED
[INFO] Flink : Connectors : Kafka ......................... SKIPPED
[INFO] Flink : Connectors : Google PubSub ................. SKIPPED
[INFO] Flink : Connectors : Kinesis ....................... SKIPPED
[INFO] Flink : Connectors : SQL : Elasticsearch 6 ......... SKIPPED
[INFO] Flink : Connectors : SQL : Elasticsearch 7 ......... SKIPPED
[INFO] Flink : Connectors : SQL : HBase 1.4 ............... SKIPPED
[INFO] Flink : Connectors : SQL : HBase 2.2 ............... SKIPPED
[INFO] Flink : Connectors : SQL : Hive 1.2.2 .............. SKIPPED
[INFO] Flink : Connectors : SQL : Hive 2.2.0 .............. SKIPPED
[INFO] Flink : Connectors : SQL : Hive 2.3.6 .............. SKIPPED
[INFO] Flink : Connectors : SQL : Hive 3.1.2 .............. SKIPPED
[INFO] Flink : Connectors : SQL : Kafka ................... SKIPPED
[INFO] Flink : Connectors : SQL : Kinesis ................. SKIPPED
[INFO] Flink : Formats : Sequence file .................... SKIPPED
[INFO] Flink : Formats : Compress ......................... SKIPPED
[INFO] Flink : Formats : Avro AWS Glue Schema Registry .... SKIPPED
[INFO] Flink : Formats : SQL Orc .......................... SKIPPED
[INFO] Flink : Formats : SQL Parquet ...................... SKIPPED
[INFO] Flink : Formats : SQL Avro ......................... SKIPPED
[INFO] Flink : Formats : SQL Avro Confluent Registry ...... SKIPPED
[INFO] Flink : Examples : Streaming ....................... SKIPPED
[INFO] Flink : Examples : Table ........................... SKIPPED
[INFO] Flink : Examples : Build Helper : .................. SKIPPED
[INFO] Flink : Examples : Build Helper : Streaming Twitter  SKIPPED
[INFO] Flink : Examples : Build Helper : Streaming State machine SKIPPED
[INFO] Flink : Examples : Build Helper : Streaming Google PubSub SKIPPED
[INFO] Flink : Container .................................. SKIPPED
[INFO] Flink : Queryable state : Runtime .................. SKIPPED
[INFO] Flink : Kubernetes ................................. SKIPPED
[INFO] Flink : Yarn ....................................... SKIPPED
[INFO] Flink : Libraries : Gelly .......................... SKIPPED
[INFO] Flink : Libraries : Gelly scala .................... SKIPPED
[INFO] Flink : Libraries : Gelly Examples ................. SKIPPED
[INFO] Flink : External resources : ....................... SKIPPED
[INFO] Flink : External resources : GPU ................... SKIPPED
[INFO] Flink : Metrics : Dropwizard ....................... SKIPPED
[INFO] Flink : Metrics : Graphite ......................... SKIPPED
[INFO] Flink : Metrics : InfluxDB ......................... SKIPPED
[INFO] Flink : Metrics : Prometheus ....................... SKIPPED
[INFO] Flink : Metrics : StatsD ........................... SKIPPED
[INFO] Flink : Metrics : Datadog .......................... SKIPPED
[INFO] Flink : Metrics : Slf4j ............................ SKIPPED
[INFO] Flink : Libraries : CEP Scala ...................... SKIPPED
[INFO] Flink : Table : Uber ............................... SKIPPED
[INFO] Flink : Python ..................................... SKIPPED
[INFO] Flink : Table : SQL Client ......................... SKIPPED
[INFO] Flink : Libraries : State processor API ............ SKIPPED
[INFO] Flink : Scala shell ................................ SKIPPED
[INFO] Flink : Dist ....................................... SKIPPED
[INFO] Flink : Yarn Tests ................................. SKIPPED
[INFO] Flink : E2E Tests : ................................ SKIPPED
[INFO] Flink : E2E Tests : CLI ............................ SKIPPED
[INFO] Flink : E2E Tests : Parent Child classloading program SKIPPED
[INFO] Flink : E2E Tests : Parent Child classloading lib-package SKIPPED
[INFO] Flink : E2E Tests : Dataset allround ............... SKIPPED
[INFO] Flink : E2E Tests : Dataset Fine-grained recovery .. SKIPPED
[INFO] Flink : E2E Tests : Datastream allround ............ SKIPPED
[INFO] Flink : E2E Tests : Batch SQL ...................... SKIPPED
[INFO] Flink : E2E Tests : Stream SQL ..................... SKIPPED
[INFO] Flink : E2E Tests : Distributed cache via blob ..... SKIPPED
[INFO] Flink : E2E Tests : High parallelism iterations .... SKIPPED
[INFO] Flink : E2E Tests : Stream stateful job upgrade .... SKIPPED
[INFO] Flink : E2E Tests : Queryable state ................ SKIPPED
[INFO] Flink : E2E Tests : Local recovery and allocation .. SKIPPED
[INFO] Flink : E2E Tests : Elasticsearch 5 ................ SKIPPED
[INFO] Flink : E2E Tests : Elasticsearch 6 ................ SKIPPED
[INFO] Flink : Quickstart : ............................... SKIPPED
[INFO] Flink : Quickstart : Java .......................... SKIPPED
[INFO] Flink : Quickstart : Scala ......................... SKIPPED
[INFO] Flink : E2E Tests : Quickstart ..................... SKIPPED
[INFO] Flink : E2E Tests : Confluent schema registry ...... SKIPPED
[INFO] Flink : E2E Tests : Stream state TTL ............... SKIPPED
[INFO] Flink : E2E Tests : SQL client ..................... SKIPPED
[INFO] Flink : E2E Tests : File sink ...................... SKIPPED
[INFO] Flink : E2E Tests : State evolution ................ SKIPPED
[INFO] Flink : E2E Tests : RocksDB state memory control ... SKIPPED
[INFO] Flink : E2E Tests : Common ......................... SKIPPED
[INFO] Flink : E2E Tests : Metrics availability ........... SKIPPED
[INFO] Flink : E2E Tests : Metrics reporter prometheus .... SKIPPED
[INFO] Flink : E2E Tests : Heavy deployment ............... SKIPPED
[INFO] Flink : E2E Tests : Connectors : Google PubSub ..... SKIPPED
[INFO] Flink : E2E Tests : Streaming Kafka base ........... SKIPPED
[INFO] Flink : E2E Tests : Streaming Kafka ................ SKIPPED
[INFO] Flink : E2E Tests : Plugins : ...................... SKIPPED
[INFO] Flink : E2E Tests : Plugins : Dummy fs ............. SKIPPED
[INFO] Flink : E2E Tests : Plugins : Another dummy fs ..... SKIPPED
[INFO] Flink : E2E Tests : TPCH ........................... SKIPPED
[INFO] Flink : E2E Tests : Streaming Kinesis .............. SKIPPED
[INFO] Flink : E2E Tests : Elasticsearch 7 ................ SKIPPED
[INFO] Flink : E2E Tests : Common Kafka ................... SKIPPED
[INFO] Flink : E2E Tests : TPCDS .......................... SKIPPED
[INFO] Flink : E2E Tests : Netty shuffle memory control ... SKIPPED
[INFO] Flink : E2E Tests : Python ......................... SKIPPED
[INFO] Flink : E2E Tests : HBase .......................... SKIPPED
[INFO] Flink : E2E Tests : AWS Glue Schema Registry ....... SKIPPED
[INFO] Flink : State backends : Heap spillable ............ SKIPPED
[INFO] Flink : Table : Code Splitter ...................... SKIPPED
[INFO] Flink : Contrib : .................................. SKIPPED
[INFO] Flink : Contrib : Connectors : Wikiedits ........... SKIPPED
[INFO] Flink : FileSystems : Tests ........................ SKIPPED
[INFO] Flink : Docs ....................................... SKIPPED
[INFO] Flink : Walkthrough : .............................. SKIPPED
[INFO] Flink : Walkthrough : Common ....................... SKIPPED
[INFO] Flink : Walkthrough : Datastream Java .............. SKIPPED
[INFO] Flink : Walkthrough : Datastream Scala ............. SKIPPED
[INFO] Flink : Tools : CI : Java .......................... SKIPPED
[INFO] ------------------------------------------------------------------------
[INFO] BUILD FAILURE
[INFO] ------------------------------------------------------------------------
[INFO] Total time:  02:31 min
[INFO] Finished at: 2026-07-05T23:28:48Z
[INFO] ------------------------------------------------------------------------
[ERROR] Failed to execute goal org.apache.maven.plugins:maven-compiler-plugin:3.8.0:compile (default-compile) on project flink-streaming-java_2.11: Compilation failure
[ERROR] /home/runner/work/sonar-analysis/sonar-analysis/project/flink-streaming-java/src/main/java/org/apache/flink/streaming/runtime/tasks/mailbox/MailboxProcessor.java:[217,13] cannot find symbol
[ERROR]   symbol:   method ensureControlFlowSignalCheck()
[ERROR]   location: class org.apache.flink.streaming.runtime.tasks.mailbox.MailboxProcessor
[ERROR] -> [Help 1]
[ERROR] 
[ERROR] To see the full stack trace of the errors, re-run Maven with the -e switch.
[ERROR] Re-run Maven using the -X switch to enable full debug logging.
[ERROR] 
[ERROR] For more information about the errors and possible solutions, please read the following articles:
[ERROR] [Help 1] http://cwiki.apache.org/confluence/display/MAVEN/MojoFailureException
[ERROR] 
[ERROR] After correcting the problems, you can resume the build with the command
[ERROR]   mvn <args> -rf :flink-streaming-java_2.11
