[WARNING] 
[WARNING] Some problems were encountered while building the effective settings
[WARNING] 'profiles.profile[repos].repositories.repository.id' must be unique but found duplicate repository with id mapr-public @ /home/runner/.m2/settings.xml
[WARNING] 
[INFO] Scanning for projects...
[WARNING] 
[WARNING] Some problems were encountered while building the effective model for org.apache.flink:flink-scala_2.12:jar:1.16-SNAPSHOT
[WARNING] 'artifactId' contains an expression but should be a constant. @ org.apache.flink:flink-scala_${scala.binary.version}:1.16-SNAPSHOT, /home/runner/work/sonar-analysis/sonar-analysis/project/flink-scala/pom.xml, line 30, column 14
[WARNING] 
[WARNING] Some problems were encountered while building the effective model for org.apache.flink:flink-streaming-scala_2.12:jar:1.16-SNAPSHOT
[WARNING] 'artifactId' contains an expression but should be a constant. @ org.apache.flink:flink-streaming-scala_${scala.binary.version}:1.16-SNAPSHOT, /home/runner/work/sonar-analysis/sonar-analysis/project/flink-streaming-scala/pom.xml, line 30, column 14
[WARNING] 
[WARNING] Some problems were encountered while building the effective model for org.apache.flink:flink-hadoop-compatibility_2.12:jar:1.16-SNAPSHOT
[WARNING] 'artifactId' contains an expression but should be a constant. @ org.apache.flink:flink-hadoop-compatibility_${scala.binary.version}:1.16-SNAPSHOT, /home/runner/work/sonar-analysis/sonar-analysis/project/flink-connectors/flink-hadoop-compatibility/pom.xml, line 31, column 14
[WARNING] 
[WARNING] Some problems were encountered while building the effective model for org.apache.flink:flink-hcatalog_2.12:jar:1.16-SNAPSHOT
[WARNING] 'artifactId' contains an expression but should be a constant. @ org.apache.flink:flink-hcatalog_${scala.binary.version}:1.16-SNAPSHOT, /home/runner/work/sonar-analysis/sonar-analysis/project/flink-connectors/flink-hcatalog/pom.xml, line 31, column 14
[WARNING] 
[WARNING] Some problems were encountered while building the effective model for org.apache.flink:flink-connector-hive_2.12:jar:1.16-SNAPSHOT
[WARNING] 'artifactId' contains an expression but should be a constant. @ org.apache.flink:flink-connector-hive_${scala.binary.version}:1.16-SNAPSHOT, /home/runner/work/sonar-analysis/sonar-analysis/project/flink-connectors/flink-connector-hive/pom.xml, line 32, column 14
[WARNING] 
[WARNING] Some problems were encountered while building the effective model for org.apache.flink:flink-connector-cassandra_2.12:jar:1.16-SNAPSHOT
[WARNING] 'artifactId' contains an expression but should be a constant. @ org.apache.flink:flink-connector-cassandra_${scala.binary.version}:1.16-SNAPSHOT, /home/runner/work/sonar-analysis/sonar-analysis/project/flink-connectors/flink-connector-cassandra/pom.xml, line 32, column 14
[WARNING] 
[WARNING] Some problems were encountered while building the effective model for org.apache.flink:flink-sql-connector-hive-2.3.9_2.12:jar:1.16-SNAPSHOT
[WARNING] 'artifactId' contains an expression but should be a constant. @ org.apache.flink:flink-sql-connector-hive-2.3.9_${scala.binary.version}:1.16-SNAPSHOT, /home/runner/work/sonar-analysis/sonar-analysis/project/flink-connectors/flink-sql-connector-hive-2.3.9/pom.xml, line 32, column 14
[WARNING] 
[WARNING] Some problems were encountered while building the effective model for org.apache.flink:flink-sql-connector-hive-3.1.2_2.12:jar:1.16-SNAPSHOT
[WARNING] 'artifactId' contains an expression but should be a constant. @ org.apache.flink:flink-sql-connector-hive-3.1.2_${scala.binary.version}:1.16-SNAPSHOT, /home/runner/work/sonar-analysis/sonar-analysis/project/flink-connectors/flink-sql-connector-hive-3.1.2/pom.xml, line 32, column 14
[WARNING] 
[WARNING] Some problems were encountered while building the effective model for org.apache.flink:flink-avro-glue-schema-registry_2.12:jar:1.16-SNAPSHOT
[WARNING] 'artifactId' contains an expression but should be a constant. @ org.apache.flink:flink-avro-glue-schema-registry_${scala.binary.version}:1.16-SNAPSHOT, /home/runner/work/sonar-analysis/sonar-analysis/project/flink-formats/flink-avro-glue-schema-registry/pom.xml, line 31, column 14
[WARNING] 
[WARNING] Some problems were encountered while building the effective model for org.apache.flink:flink-json-glue-schema-registry_2.12:jar:1.16-SNAPSHOT
[WARNING] 'artifactId' contains an expression but should be a constant. @ org.apache.flink:flink-json-glue-schema-registry_${scala.binary.version}:1.16-SNAPSHOT, /home/runner/work/sonar-analysis/sonar-analysis/project/flink-formats/flink-json-glue-schema-registry/pom.xml, line 30, column 14
[WARNING] 
[WARNING] Some problems were encountered while building the effective model for org.apache.flink:flink-examples-batch_2.12:jar:1.16-SNAPSHOT
[WARNING] 'artifactId' contains an expression but should be a constant. @ org.apache.flink:flink-examples-batch_${scala.binary.version}:1.16-SNAPSHOT, /home/runner/work/sonar-analysis/sonar-analysis/project/flink-examples/flink-examples-batch/pom.xml, line 30, column 14
[WARNING] 
[WARNING] Some problems were encountered while building the effective model for org.apache.flink:flink-examples-streaming_2.12:jar:1.16-SNAPSHOT
[WARNING] 'artifactId' contains an expression but should be a constant. @ org.apache.flink:flink-examples-streaming_${scala.binary.version}:1.16-SNAPSHOT, /home/runner/work/sonar-analysis/sonar-analysis/project/flink-examples/flink-examples-streaming/pom.xml, line 31, column 14
[WARNING] 
[WARNING] Some problems were encountered while building the effective model for org.apache.flink:flink-examples-table_2.12:jar:1.16-SNAPSHOT
[WARNING] 'artifactId' contains an expression but should be a constant. @ org.apache.flink:flink-examples-table_${scala.binary.version}:1.16-SNAPSHOT, /home/runner/work/sonar-analysis/sonar-analysis/project/flink-examples/flink-examples-table/pom.xml, line 32, column 14
[WARNING] 
[WARNING] Some problems were encountered while building the effective model for org.apache.flink:flink-examples-streaming-state-machine_2.12:jar:1.16-SNAPSHOT
[WARNING] 'artifactId' contains an expression but should be a constant. @ org.apache.flink:flink-examples-streaming-state-machine_${scala.binary.version}:1.16-SNAPSHOT, /home/runner/work/sonar-analysis/sonar-analysis/project/flink-examples/flink-examples-build-helper/flink-examples-streaming-state-machine/pom.xml, line 30, column 14
[WARNING] 
[WARNING] Some problems were encountered while building the effective model for org.apache.flink:flink-examples-streaming-gcp-pubsub_2.12:jar:1.16-SNAPSHOT
[WARNING] 'artifactId' contains an expression but should be a constant. @ org.apache.flink:flink-examples-streaming-gcp-pubsub_${scala.binary.version}:1.16-SNAPSHOT, /home/runner/work/sonar-analysis/sonar-analysis/project/flink-examples/flink-examples-build-helper/flink-examples-streaming-gcp-pubsub/pom.xml, line 30, column 14
[WARNING] 
[WARNING] Some problems were encountered while building the effective model for org.apache.flink:flink-tests:jar:1.16-SNAPSHOT
[WARNING] 'dependencies.dependency.(groupId:artifactId:type:classifier)' must be unique: org.apache.flink:flink-shaded-guava:jar -> duplicate declaration of version (?) @ line 210, column 15
[WARNING] 
[WARNING] Some problems were encountered while building the effective model for org.apache.flink:flink-glue-schema-registry-avro-test_2.12:jar:1.16-SNAPSHOT
[WARNING] 'artifactId' contains an expression but should be a constant. @ org.apache.flink:flink-glue-schema-registry-avro-test_${scala.binary.version}:1.16-SNAPSHOT, /home/runner/work/sonar-analysis/sonar-analysis/project/flink-end-to-end-tests/flink-glue-schema-registry-avro-test/pom.xml, line 30, column 14
[WARNING] 
[WARNING] Some problems were encountered while building the effective model for org.apache.flink:flink-gelly-scala_2.12:jar:1.16-SNAPSHOT
[WARNING] 'artifactId' contains an expression but should be a constant. @ org.apache.flink:flink-gelly-scala_${scala.binary.version}:1.16-SNAPSHOT, /home/runner/work/sonar-analysis/sonar-analysis/project/flink-libraries/flink-gelly-scala/pom.xml, line 30, column 17
[WARNING] 
[WARNING] Some problems were encountered while building the effective model for org.apache.flink:flink-gelly-examples_2.12:jar:1.16-SNAPSHOT
[WARNING] 'artifactId' contains an expression but should be a constant. @ org.apache.flink:flink-gelly-examples_${scala.binary.version}:1.16-SNAPSHOT, /home/runner/work/sonar-analysis/sonar-analysis/project/flink-libraries/flink-gelly-examples/pom.xml, line 29, column 14
[WARNING] 
[WARNING] Some problems were encountered while building the effective model for org.apache.flink:flink-cep-scala_2.12:jar:1.16-SNAPSHOT
[WARNING] 'artifactId' contains an expression but should be a constant. @ org.apache.flink:flink-cep-scala_${scala.binary.version}:1.16-SNAPSHOT, /home/runner/work/sonar-analysis/sonar-analysis/project/flink-libraries/flink-cep-scala/pom.xml, line 32, column 17
[WARNING] 
[WARNING] Some problems were encountered while building the effective model for org.apache.flink:flink-table-api-scala_2.12:jar:1.16-SNAPSHOT
[WARNING] 'artifactId' contains an expression but should be a constant. @ org.apache.flink:flink-table-api-scala_${scala.binary.version}:1.16-SNAPSHOT, /home/runner/work/sonar-analysis/sonar-analysis/project/flink-table/flink-table-api-scala/pom.xml, line 29, column 14
[WARNING] 
[WARNING] Some problems were encountered while building the effective model for org.apache.flink:flink-table-api-scala-bridge_2.12:jar:1.16-SNAPSHOT
[WARNING] 'artifactId' contains an expression but should be a constant. @ org.apache.flink:flink-table-api-scala-bridge_${scala.binary.version}:1.16-SNAPSHOT, /home/runner/work/sonar-analysis/sonar-analysis/project/flink-table/flink-table-api-scala-bridge/pom.xml, line 29, column 14
[WARNING] 
[WARNING] Some problems were encountered while building the effective model for org.apache.flink:flink-table-planner_2.12:jar:1.16-SNAPSHOT
[WARNING] 'artifactId' contains an expression but should be a constant. @ org.apache.flink:flink-table-planner_${scala.binary.version}:1.16-SNAPSHOT, /home/runner/work/sonar-analysis/sonar-analysis/project/flink-table/flink-table-planner/pom.xml, line 29, column 14
[WARNING] 
[WARNING] Some problems were encountered while building the effective model for org.apache.flink:flink-dist_2.12:jar:1.16-SNAPSHOT
[WARNING] 'artifactId' contains an expression but should be a constant. @ org.apache.flink:flink-dist_${scala.binary.version}:1.16-SNAPSHOT, /home/runner/work/sonar-analysis/sonar-analysis/project/flink-dist/pom.xml, line 31, column 14
[WARNING] 
[WARNING] Some problems were encountered while building the effective model for org.apache.flink:flink-dist-scala_2.12:jar:1.16-SNAPSHOT
[WARNING] 'artifactId' contains an expression but should be a constant. @ org.apache.flink:flink-dist-scala_${scala.binary.version}:1.16-SNAPSHOT, /home/runner/work/sonar-analysis/sonar-analysis/project/flink-dist-scala/pom.xml, line 31, column 14
[WARNING] 
[WARNING] It is highly recommended to fix these problems because they threaten the stability of your build.
[WARNING] 
[WARNING] For this reason, future Maven versions might no longer support building such malformed projects.
[WARNING] 
[INFO] ------------------------------------------------------------------------
[INFO] Detecting the operating system and CPU architecture
[INFO] ------------------------------------------------------------------------
[INFO] os.detected.name: linux
[INFO] os.detected.arch: x86_64
[INFO] os.detected.bitness: 64
[INFO] os.detected.version: 6.17
[INFO] os.detected.version.major: 6
[INFO] os.detected.version.minor: 17
[INFO] os.detected.release: ubuntu
[INFO] os.detected.release.version: 24.04
[INFO] os.detected.release.like.ubuntu: true
[INFO] os.detected.release.like.debian: true
[INFO] os.detected.classifier: linux-x86_64
[INFO] ------------------------------------------------------------------------
[INFO] Reactor Build Order:
[INFO] 
[INFO] Flink :                                                            [pom]
[INFO] Flink : Annotations                                                [jar]
[INFO] Flink : Architecture Tests                                         [pom]
[INFO] Flink : Architecture Tests : Base                                  [jar]
[INFO] Flink : Test utils :                                               [pom]
[INFO] Flink : Test utils : Junit                                         [jar]
[INFO] Flink : Metrics :                                                  [pom]
[INFO] Flink : Metrics : Core                                             [jar]
[INFO] Flink : Core                                                       [jar]
[INFO] Flink : Table :                                                    [pom]
[INFO] Flink : Table : Common                                             [jar]
[INFO] Flink : Table : API Java                                           [jar]
[INFO] Flink : Java                                                       [jar]
[INFO] Flink : Connectors :                                               [pom]
[INFO] Flink : Connectors : File Sink Common                              [jar]
[INFO] Flink : RPC :                                                      [pom]
[INFO] Flink : RPC : Core                                                 [jar]
[INFO] Flink : RPC : Akka                                                 [jar]
[INFO] Flink : RPC : Akka-Loader                                          [jar]
[INFO] Flink : Queryable state :                                          [pom]
[INFO] Flink : Queryable state : Client Java                              [jar]
[INFO] Flink : FileSystems :                                              [pom]
[INFO] Flink : FileSystems : Hadoop FS                                    [jar]
[INFO] Flink : Runtime                                                    [jar]
[INFO] Flink : Streaming Java                                             [jar]
[INFO] Flink : Table : API bridge base                                    [jar]
[INFO] Flink : Table : API Java bridge                                    [jar]
[INFO] Flink : Table : Code Splitter                                      [jar]
[INFO] Flink : Optimizer                                                  [jar]
[INFO] Flink : Clients                                                    [jar]
[INFO] Flink : DSTL                                                       [pom]
[INFO] Flink : DSTL : DFS                                                 [jar]
[INFO] Flink : State backends :                                           [pom]
[INFO] Flink : State backends : RocksDB                                   [jar]
[INFO] Flink : State backends : Changelog                                 [jar]
[INFO] Flink : Test utils : Utils                                         [jar]
[INFO] Flink : Libraries :                                                [pom]
[INFO] Flink : Libraries : CEP                                            [jar]
[INFO] Flink : Table : Runtime                                            [jar]
[INFO] Flink : Scala                                                      [jar]
[INFO] Flink : Table : SQL Parser                                         [jar]
[INFO] Flink : Table : SQL Parser Hive                                    [jar]
[INFO] Flink : Table : API Scala                                          [jar]
[INFO] Flink : Streaming Scala                                            [jar]
[INFO] Flink : Table : API Scala bridge                                   [jar]
[INFO] Flink : Test utils : Connectors                                    [jar]
[INFO] Flink : Architecture Tests : Test                                  [jar]
[INFO] Flink : Connectors : Base                                          [jar]
[INFO] Flink : Connectors : Files                                         [jar]
[INFO] Flink : Table : Planner                                            [jar]
[INFO] Flink : Formats :                                                  [pom]
[INFO] Flink : Format : Common                                            [jar]
[INFO] Flink : Formats : Json                                             [jar]
[INFO] Flink : Table : SQL Gateway : API                                  [jar]
[INFO] Flink : Formats : Csv                                              [jar]
[INFO] Flink : Connectors : Hadoop compatibility                          [jar]
[INFO] Flink : Formats : Hadoop bulk                                      [jar]
[INFO] Flink : Formats : Orc                                              [jar]
[INFO] Flink : Formats : Orc nohive                                       [jar]
[INFO] Flink : Formats : Avro                                             [jar]
[INFO] Flink : Formats : Parquet                                          [jar]
[INFO] Flink : Table : SQL Gateway                                        [jar]
[INFO] Flink : Connectors : Hive                                          [jar]
[INFO] Flink : Formats : SQL Avro                                         [jar]
[INFO] Flink : Formats : SQL Parquet                                      [jar]
[INFO] Flink : Metrics : JMX                                              [jar]
[INFO] Flink : Table : Planner Loader Bundle                              [jar]
[INFO] Flink : Table : Planner Loader                                     [jar]
[INFO] Flink : Table : Test Utils                                         [jar]
[INFO] Flink : Formats : Avro confluent registry                          [jar]
[INFO] Flink : Connectors : Kafka                                         [jar]
[INFO] Flink : Connectors : SQL : Kafka                                   [jar]
[INFO] Flink : Connectors : Elasticsearch base                            [jar]
[INFO] Flink : Connectors : Elasticsearch 7                               [jar]
[INFO] Flink : Connectors : SQL : Elasticsearch 7                         [jar]
[INFO] Flink : Connectors : Pulsar                                        [jar]
[INFO] Flink : Connectors : SQL : Pulsar                                  [jar]
[INFO] Flink : Connectors : RabbitMQ                                      [jar]
[INFO] Flink : Connectors : SQL : RabbitMQ                                [jar]
[INFO] Flink : Connectors : AWS Base                                      [jar]
[INFO] Flink : Connectors : Amazon Kinesis Data Streams                   [jar]
[INFO] Flink : Connectors : Kinesis                                       [jar]
[INFO] Flink : Connectors : SQL : Kinesis                                 [jar]
[INFO] Flink : Connectors : Amazon Kinesis Data Firehose                  [jar]
[INFO] Flink : Connectors : SQL : Amazon Kinesis Data Firehose            [jar]
[INFO] Flink : Connectors : JDBC                                          [jar]
[INFO] Flink : Connectors : Cassandra                                     [jar]
[INFO] Flink : Python                                                     [jar]
[INFO] Flink : Table : SQL Client                                         [jar]
[INFO] Flink : Connectors : Elasticsearch 6                               [jar]
[INFO] Flink : Connectors : Google PubSub                                 [jar]
[INFO] Flink : Connectors : HBase base                                    [jar]
[INFO] Flink : Connectors : HBase 1.4                                     [jar]
[INFO] Flink : Connectors : HBase 2.2                                     [jar]
[INFO] Flink : Architecture Tests : Production                            [jar]
[INFO] Flink : FileSystems : Hadoop FS shaded                             [jar]
[INFO] Flink : FileSystems : S3 FS Base                                   [jar]
[INFO] Flink : FileSystems : S3 FS Hadoop                                 [jar]
[INFO] Flink : FileSystems : S3 FS Presto                                 [jar]
[INFO] Flink : FileSystems : OSS FS                                       [jar]
[INFO] Flink : FileSystems : Azure FS Hadoop                              [jar]
[INFO] Flink : FileSystems : Google Storage FS Hadoop                     [jar]
[INFO] Flink : Runtime web                                                [jar]
[INFO] Flink : Connectors : HCatalog                                      [jar]
[INFO] Flink : Connectors : SQL : Elasticsearch 6                         [jar]
[INFO] Flink : Connectors : SQL : HBase 1.4                               [jar]
[INFO] Flink : Connectors : SQL : HBase 2.2                               [jar]
[INFO] Flink : Connectors : SQL : Hive 2.3.9                              [jar]
[INFO] Flink : Connectors : SQL : Hive 3.1.2                              [jar]
[INFO] Flink : Connectors : SQL : Amazon Kinesis Data Streams             [jar]
[INFO] Flink : Formats : Sequence file                                    [jar]
[INFO] Flink : Formats : Compress                                         [jar]
[INFO] Flink : Formats : Protobuf                                         [jar]
[INFO] Flink : Formats : Avro AWS Glue Schema Registry                    [jar]
[INFO] Flink : Formats : JSON AWS Glue Schema Registry                    [jar]
[INFO] Flink : Formats : SQL Csv                                          [jar]
[INFO] Flink : Formats : SQL Json                                         [jar]
[INFO] Flink : Formats : SQL Orc                                          [jar]
[INFO] Flink : Formats : SQL Avro Confluent Registry                      [jar]
[INFO] Flink : Formats : SQL Protobuf                                     [jar]
[INFO] Flink : Examples :                                                 [pom]
[INFO] Flink : Examples : Batch                                           [jar]
[INFO] Flink : Examples : Streaming                                       [jar]
[INFO] Flink : Examples : Table                                           [jar]
[INFO] Flink : Examples : Build Helper :                                  [pom]
[INFO] Flink : Examples : Build Helper : Streaming State machine          [jar]
[INFO] Flink : Examples : Build Helper : Streaming Google PubSub          [jar]
[INFO] Flink : Container                                                  [jar]
[INFO] Flink : Queryable state : Runtime                                  [jar]
[INFO] Flink : Tests                                                      [jar]
[INFO] Flink : Dist-Scala                                                 [jar]
[INFO] Flink : Kubernetes                                                 [jar]
[INFO] Flink : Yarn                                                       [jar]
[INFO] Flink : Table : API Java Uber                                      [jar]
[INFO] Flink : Libraries : Gelly                                          [jar]
[INFO] Flink : Libraries : Gelly scala                                    [jar]
[INFO] Flink : Libraries : Gelly Examples                                 [jar]
[INFO] Flink : External resources :                                       [pom]
[INFO] Flink : External resources : GPU                                   [jar]
[INFO] Flink : Metrics : Dropwizard                                       [jar]
[INFO] Flink : Metrics : Graphite                                         [jar]
[INFO] Flink : Metrics : InfluxDB                                         [jar]
[INFO] Flink : Metrics : Prometheus                                       [jar]
[INFO] Flink : Metrics : StatsD                                           [jar]
[INFO] Flink : Metrics : Datadog                                          [jar]
[INFO] Flink : Metrics : Slf4j                                            [jar]
[INFO] Flink : Libraries : CEP Scala                                      [jar]
[INFO] Flink : Libraries : State processor API                            [jar]
[INFO] Flink : Dist                                                       [jar]
[INFO] Flink : Yarn Tests                                                 [jar]
[INFO] Flink : E2E Tests :                                                [pom]
[INFO] Flink : E2E Tests : CLI                                            [jar]
[INFO] Flink : E2E Tests : Parent Child classloading program              [jar]
[INFO] Flink : E2E Tests : Parent Child classloading lib-package          [jar]
[INFO] Flink : E2E Tests : Dataset allround                               [jar]
[INFO] Flink : E2E Tests : Dataset Fine-grained recovery                  [jar]
[INFO] Flink : E2E Tests : Datastream allround                            [jar]
[INFO] Flink : E2E Tests : Batch SQL                                      [jar]
[INFO] Flink : E2E Tests : Stream SQL                                     [jar]
[INFO] Flink : E2E Tests : Distributed cache via blob                     [jar]
[INFO] Flink : E2E Tests : High parallelism iterations                    [jar]
[INFO] Flink : E2E Tests : Stream stateful job upgrade                    [jar]
[INFO] Flink : E2E Tests : Queryable state                                [jar]
[INFO] Flink : E2E Tests : Local recovery and allocation                  [jar]
[INFO] Flink : Quickstart :                                               [pom]
[INFO] Flink : Quickstart : Java                              [maven-archetype]
[INFO] Flink : Quickstart : Scala                             [maven-archetype]
[INFO] Flink : E2E Tests : Quickstart                                     [jar]
[INFO] Flink : E2E Tests : Confluent schema registry                      [jar]
[INFO] Flink : E2E Tests : Stream state TTL                               [jar]
[INFO] Flink : E2E Tests : SQL client                                     [jar]
[INFO] Flink : E2E Tests : Common                                         [jar]
[INFO] Flink : E2E Tests : SQL Gateway                                    [jar]
[INFO] Flink : E2E Tests : File sink                                      [jar]
[INFO] Flink : E2E Tests : State evolution                                [jar]
[INFO] Flink : E2E Tests : RocksDB state memory control                   [jar]
[INFO] Flink : E2E Tests : Metrics availability                           [jar]
[INFO] Flink : E2E Tests : Metrics reporter prometheus                    [jar]
[INFO] Flink : E2E Tests : Heavy deployment                               [jar]
[INFO] Flink : E2E Tests : Connectors : Google PubSub                     [jar]
[INFO] Flink : E2E Tests : Streaming Kafka base                           [jar]
[INFO] Flink : E2E Tests : Streaming Kafka                                [jar]
[INFO] Flink : E2E Tests : Plugins :                                      [pom]
[INFO] Flink : E2E Tests : Plugins : Dummy fs                             [jar]
[INFO] Flink : E2E Tests : Plugins : Another dummy fs                     [jar]
[INFO] Flink : E2E Tests : TPCH                                           [jar]
[INFO] Flink : E2E Tests : Streaming Kinesis                              [jar]
[INFO] Flink : E2E Tests : Common Kafka                                   [jar]
[INFO] Flink : E2E Tests : TPCDS                                          [jar]
[INFO] Flink : E2E Tests : Netty shuffle memory control                   [jar]
[INFO] Flink : E2E Tests : Python                                         [jar]
[INFO] Flink : E2E Tests : HBase                                          [jar]
[INFO] Flink : E2E Tests : Pulsar                                         [jar]
[INFO] Flink : E2E Tests : Avro AWS Glue Schema Registry                  [jar]
[INFO] Flink : E2E Tests : JSON AWS Glue Schema Registry                  [jar]
[INFO] Flink : E2E Tests : Scala                                          [jar]
[INFO] Flink : E2E Tests : Kinesis SQL tests                              [jar]
[INFO] Flink : E2E Tests : Kinesis Firehose SQL tests                     [jar]
[INFO] Flink : E2E Tests : Elasticsearch Common                           [jar]
[INFO] Flink : E2E Tests : Elasticsearch 6                                [jar]
[INFO] Flink : E2E Tests : Elasticsearch 7                                [jar]
[INFO] Flink : E2E Tests : SQL                                            [jar]
[INFO] Flink : State backends : Heap spillable                            [jar]
[INFO] Flink : Contrib :                                                  [pom]
[INFO] Flink : Contrib : Connectors : Wikiedits                           [jar]
[INFO] Flink : FileSystems : Tests                                        [jar]
[INFO] Flink : Docs                                                       [jar]
[INFO] Flink : Walkthrough :                                              [pom]
[INFO] Flink : Walkthrough : Common                                       [jar]
[INFO] Flink : Walkthrough : Datastream Java                  [maven-archetype]
[INFO] Flink : Walkthrough : Datastream Scala                 [maven-archetype]
[INFO] Flink : Tools : CI : Java                                          [jar]
[INFO] 
[INFO] -------------------< org.apache.flink:flink-parent >--------------------
[INFO] Building Flink : 1.16-SNAPSHOT                                   [1/212]
[INFO]   from pom.xml
[INFO] --------------------------------[ pom ]---------------------------------
[INFO] 
[INFO] --- clean:3.1.0:clean (default-clean) @ flink-parent ---
[INFO] Deleting /home/runner/work/sonar-analysis/sonar-analysis/project/target
[INFO] 
[INFO] --- checkstyle:3.1.2:check (validate) @ flink-parent ---
[INFO] 
[INFO] --- spotless:2.13.0:check (spotless-check) @ flink-parent ---
[INFO] 
[INFO] --- enforcer:3.0.0-M1:enforce (enforce-maven-version) @ flink-parent ---
[INFO] Skipping Rule Enforcement.
[INFO] 
[INFO] --- enforcer:3.0.0-M1:enforce (enforce-maven) @ flink-parent ---
[INFO] Skipping Rule Enforcement.
[INFO] 
[INFO] --- enforcer:3.0.0-M1:enforce (ban-unsafe-snakeyaml) @ flink-parent ---
[INFO] Skipping Rule Enforcement.
[INFO] 
[INFO] --- enforcer:3.0.0-M1:enforce (ban-unsafe-jackson) @ flink-parent ---
[INFO] Skipping Rule Enforcement.
[INFO] 
[INFO] --- enforcer:3.0.0-M1:enforce (forbid-log4j-1) @ flink-parent ---
[INFO] Skipping Rule Enforcement.
[INFO] 
[INFO] --- enforcer:3.0.0-M1:enforce (forbid-direct-akka-rpc-dependencies) @ flink-parent ---
[INFO] Skipping Rule Enforcement.
[INFO] 
[INFO] --- enforcer:3.0.0-M1:enforce (forbid-direct-table-planner-dependencies) @ flink-parent ---
[INFO] Skipping Rule Enforcement.
[INFO] 
[INFO] --- enforcer:3.0.0-M1:enforce (enforce-versions) @ flink-parent ---
[INFO] Skipping Rule Enforcement.
[INFO] 
[INFO] --- directory:0.1:directory-of (directories) @ flink-parent ---
[INFO] Directory of org.apache.flink:flink-parent set to: /home/runner/work/sonar-analysis/sonar-analysis/project
[INFO] 
[INFO] --- remote-resources:1.5:process (process-resource-bundles) @ flink-parent ---
[INFO] 
[INFO] --- surefire:3.0.0-M5:test (default-test) @ flink-parent ---
[INFO] Tests are skipped.
[INFO] 
[INFO] --- shade:3.2.4:shade (shade-flink) @ flink-parent ---
[INFO] Including org.apache.flink:flink-shaded-force-shading:jar:15.0 in the shaded jar.
[INFO] Excluding org.slf4j:slf4j-api:jar:1.7.32 from the shaded jar.
[INFO] Excluding com.google.code.findbugs:jsr305:jar:1.3.9 from the shaded jar.
[INFO] No artifact matching filter io.netty:netty
[INFO] Replacing original artifact with shaded artifact.
[INFO] 
[INFO] --- surefire:3.0.0-M5:test (integration-tests) @ flink-parent ---
[INFO] Tests are skipped.
[INFO] 
[INFO] --- apache-rat:0.13:check (default) @ flink-parent ---
[INFO] RAT will not execute since it is configured to be skipped via system property 'rat.skip'.
[INFO] 
[INFO] --- install:2.5.2:install (default-install) @ flink-parent ---
[INFO] Installing /home/runner/work/sonar-analysis/sonar-analysis/project/pom.xml to /home/runner/.m2/repository/org/apache/flink/flink-parent/1.16-SNAPSHOT/flink-parent-1.16-SNAPSHOT.pom
[INFO] 
[INFO] -----------------< org.apache.flink:flink-annotations >-----------------
[INFO] Building Flink : Annotations 1.16-SNAPSHOT                       [2/212]
[INFO]   from flink-annotations/pom.xml
[INFO] --------------------------------[ jar ]---------------------------------
[INFO] 
[INFO] --- clean:3.1.0:clean (default-clean) @ flink-annotations ---
[INFO] Deleting /home/runner/work/sonar-analysis/sonar-analysis/project/flink-annotations/target
[INFO] 
[INFO] --- checkstyle:3.1.2:check (validate) @ flink-annotations ---
[INFO] 
[INFO] --- spotless:2.13.0:check (spotless-check) @ flink-annotations ---
[INFO] 
[INFO] --- enforcer:3.0.0-M1:enforce (enforce-maven-version) @ flink-annotations ---
[INFO] Skipping Rule Enforcement.
[INFO] 
[INFO] --- enforcer:3.0.0-M1:enforce (enforce-maven) @ flink-annotations ---
[INFO] Skipping Rule Enforcement.
[INFO] 
[INFO] --- enforcer:3.0.0-M1:enforce (ban-unsafe-snakeyaml) @ flink-annotations ---
[INFO] Skipping Rule Enforcement.
[INFO] 
[INFO] --- enforcer:3.0.0-M1:enforce (ban-unsafe-jackson) @ flink-annotations ---
[INFO] Skipping Rule Enforcement.
[INFO] 
[INFO] --- enforcer:3.0.0-M1:enforce (forbid-log4j-1) @ flink-annotations ---
[INFO] Skipping Rule Enforcement.
[INFO] 
[INFO] --- enforcer:3.0.0-M1:enforce (forbid-direct-akka-rpc-dependencies) @ flink-annotations ---
[INFO] Skipping Rule Enforcement.
[INFO] 
[INFO] --- enforcer:3.0.0-M1:enforce (forbid-direct-table-planner-dependencies) @ flink-annotations ---
[INFO] Skipping Rule Enforcement.
[INFO] 
[INFO] --- enforcer:3.0.0-M1:enforce (enforce-versions) @ flink-annotations ---
[INFO] Skipping Rule Enforcement.
[INFO] 
[INFO] --- directory:0.1:directory-of (directories) @ flink-annotations ---
[INFO] Directory of org.apache.flink:flink-parent set to: /home/runner/work/sonar-analysis/sonar-analysis/project
[INFO] 
[INFO] --- remote-resources:1.5:process (process-resource-bundles) @ flink-annotations ---
[INFO] 
[INFO] --- resources:3.1.0:resources (default-resources) @ flink-annotations ---
[INFO] Using 'UTF-8' encoding to copy filtered resources.
[INFO] skip non existing resourceDirectory /home/runner/work/sonar-analysis/sonar-analysis/project/flink-annotations/src/main/resources
[INFO] Copying 3 resources
[INFO] 
[INFO] --- compiler:3.8.0:compile (default-compile) @ flink-annotations ---
[INFO] Compiling 9 source files to /home/runner/work/sonar-analysis/sonar-analysis/project/flink-annotations/target/classes
[INFO] 
[INFO] --- resources:3.1.0:testResources (default-testResources) @ flink-annotations ---
[INFO] Using 'UTF-8' encoding to copy filtered resources.
[INFO] skip non existing resourceDirectory /home/runner/work/sonar-analysis/sonar-analysis/project/flink-annotations/src/test/resources
[INFO] Copying 3 resources
[INFO] 
[INFO] --- compiler:3.8.0:testCompile (default-testCompile) @ flink-annotations ---
[INFO] No sources to compile
[INFO] 
[INFO] --- surefire:3.0.0-M5:test (default-test) @ flink-annotations ---
[INFO] Tests are skipped.
[INFO] 
[INFO] --- jar:2.4:jar (default-jar) @ flink-annotations ---
[INFO] Building jar: /home/runner/work/sonar-analysis/sonar-analysis/project/flink-annotations/target/flink-annotations-1.16-SNAPSHOT.jar
[INFO] 
[INFO] --- shade:3.2.4:shade (shade-flink) @ flink-annotations ---
[INFO] Including org.apache.flink:flink-shaded-force-shading:jar:15.0 in the shaded jar.
[INFO] Excluding org.slf4j:slf4j-api:jar:1.7.32 from the shaded jar.
[INFO] Excluding com.google.code.findbugs:jsr305:jar:1.3.9 from the shaded jar.
[INFO] No artifact matching filter io.netty:netty
[INFO] Replacing original artifact with shaded artifact.
[INFO] Replacing /home/runner/work/sonar-analysis/sonar-analysis/project/flink-annotations/target/flink-annotations-1.16-SNAPSHOT.jar with /home/runner/work/sonar-analysis/sonar-analysis/project/flink-annotations/target/flink-annotations-1.16-SNAPSHOT-shaded.jar
[INFO] Dependency-reduced POM written at: /home/runner/work/sonar-analysis/sonar-analysis/project/flink-annotations/target/dependency-reduced-pom.xml
[INFO] 
[INFO] --- surefire:3.0.0-M5:test (integration-tests) @ flink-annotations ---
[INFO] Tests are skipped.
[INFO] 
[INFO] --- install:2.5.2:install (default-install) @ flink-annotations ---
[INFO] Installing /home/runner/work/sonar-analysis/sonar-analysis/project/flink-annotations/target/flink-annotations-1.16-SNAPSHOT.jar to /home/runner/.m2/repository/org/apache/flink/flink-annotations/1.16-SNAPSHOT/flink-annotations-1.16-SNAPSHOT.jar
[INFO] Installing /home/runner/work/sonar-analysis/sonar-analysis/project/flink-annotations/target/dependency-reduced-pom.xml to /home/runner/.m2/repository/org/apache/flink/flink-annotations/1.16-SNAPSHOT/flink-annotations-1.16-SNAPSHOT.pom
[INFO] 
[INFO] -------------< org.apache.flink:flink-architecture-tests >--------------
[INFO] Building Flink : Architecture Tests 1.16-SNAPSHOT                [3/212]
[INFO]   from flink-architecture-tests/pom.xml
[INFO] --------------------------------[ pom ]---------------------------------
[INFO] 
[INFO] --- clean:3.1.0:clean (default-clean) @ flink-architecture-tests ---
[INFO] Deleting /home/runner/work/sonar-analysis/sonar-analysis/project/flink-architecture-tests/target
[INFO] 
[INFO] --- checkstyle:3.1.2:check (validate) @ flink-architecture-tests ---
[INFO] 
[INFO] --- spotless:2.13.0:check (spotless-check) @ flink-architecture-tests ---
[INFO] 
[INFO] --- enforcer:3.0.0-M1:enforce (enforce-maven-version) @ flink-architecture-tests ---
[INFO] Skipping Rule Enforcement.
[INFO] 
[INFO] --- enforcer:3.0.0-M1:enforce (enforce-maven) @ flink-architecture-tests ---
[INFO] Skipping Rule Enforcement.
[INFO] 
[INFO] --- enforcer:3.0.0-M1:enforce (ban-unsafe-snakeyaml) @ flink-architecture-tests ---
[INFO] Skipping Rule Enforcement.
[INFO] 
[INFO] --- enforcer:3.0.0-M1:enforce (ban-unsafe-jackson) @ flink-architecture-tests ---
[INFO] Skipping Rule Enforcement.
[INFO] 
[INFO] --- enforcer:3.0.0-M1:enforce (forbid-log4j-1) @ flink-architecture-tests ---
[INFO] Skipping Rule Enforcement.
[INFO] 
[INFO] --- enforcer:3.0.0-M1:enforce (forbid-direct-akka-rpc-dependencies) @ flink-architecture-tests ---
[INFO] Skipping Rule Enforcement.
[INFO] 
[INFO] --- enforcer:3.0.0-M1:enforce (forbid-direct-table-planner-dependencies) @ flink-architecture-tests ---
[INFO] Skipping Rule Enforcement.
[INFO] 
[INFO] --- enforcer:3.0.0-M1:enforce (enforce-versions) @ flink-architecture-tests ---
[INFO] Skipping Rule Enforcement.
[INFO] 
[INFO] --- directory:0.1:directory-of (directories) @ flink-architecture-tests ---
[INFO] Directory of org.apache.flink:flink-parent set to: /home/runner/work/sonar-analysis/sonar-analysis/project
[INFO] 
[INFO] --- remote-resources:1.5:process (process-resource-bundles) @ flink-architecture-tests ---
[INFO] 
[INFO] --- surefire:3.0.0-M5:test (default-test) @ flink-architecture-tests ---
[INFO] Tests are skipped.
[INFO] 
[INFO] --- shade:3.2.4:shade (shade-flink) @ flink-architecture-tests ---
[INFO] Including org.apache.flink:flink-shaded-force-shading:jar:15.0 in the shaded jar.
[INFO] Excluding org.slf4j:slf4j-api:jar:1.7.32 from the shaded jar.
[INFO] Excluding com.google.code.findbugs:jsr305:jar:1.3.9 from the shaded jar.
[INFO] No artifact matching filter io.netty:netty
[INFO] Replacing original artifact with shaded artifact.
[INFO] 
[INFO] --- surefire:3.0.0-M5:test (integration-tests) @ flink-architecture-tests ---
[INFO] Tests are skipped.
[INFO] 
[INFO] --- install:2.5.2:install (default-install) @ flink-architecture-tests ---
[INFO] Installing /home/runner/work/sonar-analysis/sonar-analysis/project/flink-architecture-tests/pom.xml to /home/runner/.m2/repository/org/apache/flink/flink-architecture-tests/1.16-SNAPSHOT/flink-architecture-tests-1.16-SNAPSHOT.pom
[INFO] 
[INFO] -----------< org.apache.flink:flink-architecture-tests-base >-----------
[INFO] Building Flink : Architecture Tests : Base 1.16-SNAPSHOT         [4/212]
[INFO]   from flink-architecture-tests/flink-architecture-tests-base/pom.xml
[INFO] --------------------------------[ jar ]---------------------------------
[INFO] 
[INFO] --- clean:3.1.0:clean (default-clean) @ flink-architecture-tests-base ---
[INFO] Deleting /home/runner/work/sonar-analysis/sonar-analysis/project/flink-architecture-tests/flink-architecture-tests-base/target
[INFO] 
[INFO] --- checkstyle:3.1.2:check (validate) @ flink-architecture-tests-base ---
[INFO] 
[INFO] --- spotless:2.13.0:check (spotless-check) @ flink-architecture-tests-base ---
[INFO] 
[INFO] --- enforcer:3.0.0-M1:enforce (enforce-maven-version) @ flink-architecture-tests-base ---
[INFO] Skipping Rule Enforcement.
[INFO] 
[INFO] --- enforcer:3.0.0-M1:enforce (enforce-maven) @ flink-architecture-tests-base ---
[INFO] Skipping Rule Enforcement.
[INFO] 
[INFO] --- enforcer:3.0.0-M1:enforce (ban-unsafe-snakeyaml) @ flink-architecture-tests-base ---
[INFO] Skipping Rule Enforcement.
[INFO] 
[INFO] --- enforcer:3.0.0-M1:enforce (ban-unsafe-jackson) @ flink-architecture-tests-base ---
[INFO] Skipping Rule Enforcement.
[INFO] 
[INFO] --- enforcer:3.0.0-M1:enforce (forbid-log4j-1) @ flink-architecture-tests-base ---
[INFO] Skipping Rule Enforcement.
[INFO] 
[INFO] --- enforcer:3.0.0-M1:enforce (forbid-direct-akka-rpc-dependencies) @ flink-architecture-tests-base ---
[INFO] Skipping Rule Enforcement.
[INFO] 
[INFO] --- enforcer:3.0.0-M1:enforce (forbid-direct-table-planner-dependencies) @ flink-architecture-tests-base ---
[INFO] Skipping Rule Enforcement.
[INFO] 
[INFO] --- enforcer:3.0.0-M1:enforce (enforce-versions) @ flink-architecture-tests-base ---
[INFO] Skipping Rule Enforcement.
[INFO] 
[INFO] --- directory:0.1:directory-of (directories) @ flink-architecture-tests-base ---
[INFO] Directory of org.apache.flink:flink-parent set to: /home/runner/work/sonar-analysis/sonar-analysis/project
[INFO] 
[INFO] --- remote-resources:1.5:process (process-resource-bundles) @ flink-architecture-tests-base ---
[INFO] 
[INFO] --- resources:3.1.0:resources (default-resources) @ flink-architecture-tests-base ---
[INFO] Using 'UTF-8' encoding to copy filtered resources.
[INFO] skip non existing resourceDirectory /home/runner/work/sonar-analysis/sonar-analysis/project/flink-architecture-tests/flink-architecture-tests-base/src/main/resources
[INFO] Copying 3 resources
[INFO] 
[INFO] --- compiler:3.8.0:compile (default-compile) @ flink-architecture-tests-base ---
[INFO] Compiling 6 source files to /home/runner/work/sonar-analysis/sonar-analysis/project/flink-architecture-tests/flink-architecture-tests-base/target/classes
[INFO] 
[INFO] --- resources:3.1.0:testResources (default-testResources) @ flink-architecture-tests-base ---
[INFO] Using 'UTF-8' encoding to copy filtered resources.
[INFO] skip non existing resourceDirectory /home/runner/work/sonar-analysis/sonar-analysis/project/flink-architecture-tests/flink-architecture-tests-base/src/test/resources
[INFO] Copying 3 resources
[INFO] 
[INFO] --- compiler:3.8.0:testCompile (default-testCompile) @ flink-architecture-tests-base ---
[INFO] No sources to compile
[INFO] 
[INFO] --- surefire:3.0.0-M5:test (default-test) @ flink-architecture-tests-base ---
[INFO] Tests are skipped.
[INFO] 
[INFO] --- jar:2.4:jar (default-jar) @ flink-architecture-tests-base ---
[INFO] Building jar: /home/runner/work/sonar-analysis/sonar-analysis/project/flink-architecture-tests/flink-architecture-tests-base/target/flink-architecture-tests-base-1.16-SNAPSHOT.jar
[INFO] 
[INFO] --- shade:3.2.4:shade (shade-flink) @ flink-architecture-tests-base ---
[INFO] Including org.apache.flink:flink-shaded-force-shading:jar:15.0 in the shaded jar.
[INFO] Excluding com.tngtech.archunit:archunit:jar:0.22.0 from the shaded jar.
[INFO] Excluding org.slf4j:slf4j-api:jar:1.7.32 from the shaded jar.
[INFO] Excluding com.google.code.findbugs:jsr305:jar:1.3.9 from the shaded jar.
[INFO] No artifact matching filter io.netty:netty
[INFO] Replacing original artifact with shaded artifact.
[INFO] Replacing /home/runner/work/sonar-analysis/sonar-analysis/project/flink-architecture-tests/flink-architecture-tests-base/target/flink-architecture-tests-base-1.16-SNAPSHOT.jar with /home/runner/work/sonar-analysis/sonar-analysis/project/flink-architecture-tests/flink-architecture-tests-base/target/flink-architecture-tests-base-1.16-SNAPSHOT-shaded.jar
[INFO] Dependency-reduced POM written at: /home/runner/work/sonar-analysis/sonar-analysis/project/flink-architecture-tests/flink-architecture-tests-base/target/dependency-reduced-pom.xml
[INFO] 
[INFO] --- surefire:3.0.0-M5:test (integration-tests) @ flink-architecture-tests-base ---
[INFO] Tests are skipped.
[INFO] 
[INFO] --- install:2.5.2:install (default-install) @ flink-architecture-tests-base ---
[INFO] Installing /home/runner/work/sonar-analysis/sonar-analysis/project/flink-architecture-tests/flink-architecture-tests-base/target/flink-architecture-tests-base-1.16-SNAPSHOT.jar to /home/runner/.m2/repository/org/apache/flink/flink-architecture-tests-base/1.16-SNAPSHOT/flink-architecture-tests-base-1.16-SNAPSHOT.jar
[INFO] Installing /home/runner/work/sonar-analysis/sonar-analysis/project/flink-architecture-tests/flink-architecture-tests-base/target/dependency-reduced-pom.xml to /home/runner/.m2/repository/org/apache/flink/flink-architecture-tests-base/1.16-SNAPSHOT/flink-architecture-tests-base-1.16-SNAPSHOT.pom
[INFO] 
[INFO] --------------< org.apache.flink:flink-test-utils-parent >--------------
[INFO] Building Flink : Test utils : 1.16-SNAPSHOT                      [5/212]
[INFO]   from flink-test-utils-parent/pom.xml
[INFO] --------------------------------[ pom ]---------------------------------
[INFO] 
[INFO] --- clean:3.1.0:clean (default-clean) @ flink-test-utils-parent ---
[INFO] Deleting /home/runner/work/sonar-analysis/sonar-analysis/project/flink-test-utils-parent/target
[INFO] 
[INFO] --- checkstyle:3.1.2:check (validate) @ flink-test-utils-parent ---
[INFO] 
[INFO] --- spotless:2.13.0:check (spotless-check) @ flink-test-utils-parent ---
[INFO] 
[INFO] --- enforcer:3.0.0-M1:enforce (enforce-maven-version) @ flink-test-utils-parent ---
[INFO] Skipping Rule Enforcement.
[INFO] 
[INFO] --- enforcer:3.0.0-M1:enforce (enforce-maven) @ flink-test-utils-parent ---
[INFO] Skipping Rule Enforcement.
[INFO] 
[INFO] --- enforcer:3.0.0-M1:enforce (ban-unsafe-snakeyaml) @ flink-test-utils-parent ---
[INFO] Skipping Rule Enforcement.
[INFO] 
[INFO] --- enforcer:3.0.0-M1:enforce (ban-unsafe-jackson) @ flink-test-utils-parent ---
[INFO] Skipping Rule Enforcement.
[INFO] 
[INFO] --- enforcer:3.0.0-M1:enforce (forbid-log4j-1) @ flink-test-utils-parent ---
[INFO] Skipping Rule Enforcement.
[INFO] 
[INFO] --- enforcer:3.0.0-M1:enforce (forbid-direct-akka-rpc-dependencies) @ flink-test-utils-parent ---
[INFO] Skipping Rule Enforcement.
[INFO] 
[INFO] --- enforcer:3.0.0-M1:enforce (forbid-direct-table-planner-dependencies) @ flink-test-utils-parent ---
[INFO] Skipping Rule Enforcement.
[INFO] 
[INFO] --- enforcer:3.0.0-M1:enforce (enforce-versions) @ flink-test-utils-parent ---
[INFO] Skipping Rule Enforcement.
[INFO] 
[INFO] --- directory:0.1:directory-of (directories) @ flink-test-utils-parent ---
[INFO] Directory of org.apache.flink:flink-parent set to: /home/runner/work/sonar-analysis/sonar-analysis/project
[INFO] 
[INFO] --- remote-resources:1.5:process (process-resource-bundles) @ flink-test-utils-parent ---
[INFO] 
[INFO] --- surefire:3.0.0-M5:test (default-test) @ flink-test-utils-parent ---
[INFO] Tests are skipped.
[INFO] 
[INFO] --- shade:3.2.4:shade (shade-flink) @ flink-test-utils-parent ---
[INFO] Including org.apache.flink:flink-shaded-force-shading:jar:15.0 in the shaded jar.
[INFO] Excluding org.slf4j:slf4j-api:jar:1.7.32 from the shaded jar.
[INFO] Excluding com.google.code.findbugs:jsr305:jar:1.3.9 from the shaded jar.
[INFO] No artifact matching filter io.netty:netty
[INFO] Replacing original artifact with shaded artifact.
[INFO] 
[INFO] --- surefire:3.0.0-M5:test (integration-tests) @ flink-test-utils-parent ---
[INFO] Tests are skipped.
[INFO] 
[INFO] --- install:2.5.2:install (default-install) @ flink-test-utils-parent ---
[INFO] Installing /home/runner/work/sonar-analysis/sonar-analysis/project/flink-test-utils-parent/pom.xml to /home/runner/.m2/repository/org/apache/flink/flink-test-utils-parent/1.16-SNAPSHOT/flink-test-utils-parent-1.16-SNAPSHOT.pom
[INFO] 
[INFO] --------------< org.apache.flink:flink-test-utils-junit >---------------
[INFO] Building Flink : Test utils : Junit 1.16-SNAPSHOT                [6/212]
[INFO]   from flink-test-utils-parent/flink-test-utils-junit/pom.xml
[INFO] --------------------------------[ jar ]---------------------------------
[INFO] 
[INFO] --- clean:3.1.0:clean (default-clean) @ flink-test-utils-junit ---
[INFO] Deleting /home/runner/work/sonar-analysis/sonar-analysis/project/flink-test-utils-parent/flink-test-utils-junit/target
[INFO] 
[INFO] --- checkstyle:3.1.2:check (validate) @ flink-test-utils-junit ---
[INFO] 
[INFO] --- spotless:2.13.0:check (spotless-check) @ flink-test-utils-junit ---
[INFO] 
[INFO] --- enforcer:3.0.0-M1:enforce (enforce-maven-version) @ flink-test-utils-junit ---
[INFO] Skipping Rule Enforcement.
[INFO] 
[INFO] --- enforcer:3.0.0-M1:enforce (enforce-maven) @ flink-test-utils-junit ---
[INFO] Skipping Rule Enforcement.
[INFO] 
[INFO] --- enforcer:3.0.0-M1:enforce (ban-unsafe-snakeyaml) @ flink-test-utils-junit ---
[INFO] Skipping Rule Enforcement.
[INFO] 
[INFO] --- enforcer:3.0.0-M1:enforce (ban-unsafe-jackson) @ flink-test-utils-junit ---
[INFO] Skipping Rule Enforcement.
[INFO] 
[INFO] --- enforcer:3.0.0-M1:enforce (forbid-log4j-1) @ flink-test-utils-junit ---
[INFO] Skipping Rule Enforcement.
[INFO] 
[INFO] --- enforcer:3.0.0-M1:enforce (forbid-direct-akka-rpc-dependencies) @ flink-test-utils-junit ---
[INFO] Skipping Rule Enforcement.
[INFO] 
[INFO] --- enforcer:3.0.0-M1:enforce (forbid-direct-table-planner-dependencies) @ flink-test-utils-junit ---
[INFO] Skipping Rule Enforcement.
[INFO] 
[INFO] --- enforcer:3.0.0-M1:enforce (enforce-versions) @ flink-test-utils-junit ---
[INFO] Skipping Rule Enforcement.
[INFO] 
[INFO] --- directory:0.1:directory-of (directories) @ flink-test-utils-junit ---
[INFO] Directory of org.apache.flink:flink-parent set to: /home/runner/work/sonar-analysis/sonar-analysis/project
[INFO] 
[INFO] --- remote-resources:1.5:process (process-resource-bundles) @ flink-test-utils-junit ---
[INFO] 
[INFO] --- resources:3.1.0:resources (default-resources) @ flink-test-utils-junit ---
[INFO] Using 'UTF-8' encoding to copy filtered resources.
[INFO] Copying 1 resource
[INFO] Copying 3 resources
[INFO] 
[INFO] --- compiler:3.8.0:compile (default-compile) @ flink-test-utils-junit ---
[INFO] Compiling 49 source files to /home/runner/work/sonar-analysis/sonar-analysis/project/flink-test-utils-parent/flink-test-utils-junit/target/classes
[WARNING] /home/runner/work/sonar-analysis/sonar-analysis/project/flink-test-utils-parent/flink-test-utils-junit/src/main/java/org/apache/flink/util/TestSignalHandler.java:[23,16] sun.misc.Signal is internal proprietary API and may be removed in a future release
[WARNING] /home/runner/work/sonar-analysis/sonar-analysis/project/flink-test-utils-parent/flink-test-utils-junit/src/main/java/org/apache/flink/util/TestSignalHandler.java:[23,16] sun.misc.Signal is internal proprietary API and may be removed in a future release
[WARNING] /home/runner/work/sonar-analysis/sonar-analysis/project/flink-test-utils-parent/flink-test-utils-junit/src/main/java/org/apache/flink/util/TestSignalHandler.java:[23,16] sun.misc.Signal is internal proprietary API and may be removed in a future release
[WARNING] /home/runner/work/sonar-analysis/sonar-analysis/project/flink-test-utils-parent/flink-test-utils-junit/src/main/java/org/apache/flink/util/TestSignalHandler.java:[38,53] sun.misc.SignalHandler is internal proprietary API and may be removed in a future release
[WARNING] /home/runner/work/sonar-analysis/sonar-analysis/project/flink-test-utils-parent/flink-test-utils-junit/src/main/java/org/apache/flink/util/TestSignalHandler.java:[38,53] sun.misc.SignalHandler is internal proprietary API and may be removed in a future release
[WARNING] /home/runner/work/sonar-analysis/sonar-analysis/project/flink-test-utils-parent/flink-test-utils-junit/src/main/java/org/apache/flink/util/TestSignalHandler.java:[38,53] sun.misc.SignalHandler is internal proprietary API and may be removed in a future release
[WARNING] /home/runner/work/sonar-analysis/sonar-analysis/project/flink-test-utils-parent/flink-test-utils-junit/src/main/java/org/apache/flink/util/TestSignalHandler.java:[40,31] sun.misc.SignalHandler is internal proprietary API and may be removed in a future release
[WARNING] /home/runner/work/sonar-analysis/sonar-analysis/project/flink-test-utils-parent/flink-test-utils-junit/src/main/java/org/apache/flink/util/TestSignalHandler.java:[40,31] sun.misc.SignalHandler is internal proprietary API and may be removed in a future release
[WARNING] /home/runner/work/sonar-analysis/sonar-analysis/project/flink-test-utils-parent/flink-test-utils-junit/src/main/java/org/apache/flink/util/TestSignalHandler.java:[40,31] sun.misc.SignalHandler is internal proprietary API and may be removed in a future release
[WARNING] /home/runner/work/sonar-analysis/sonar-analysis/project/flink-test-utils-parent/flink-test-utils-junit/src/main/java/org/apache/flink/util/TestSignalHandler.java:[43,45] sun.misc.Signal is internal proprietary API and may be removed in a future release
[WARNING] /home/runner/work/sonar-analysis/sonar-analysis/project/flink-test-utils-parent/flink-test-utils-junit/src/main/java/org/apache/flink/util/TestSignalHandler.java:[43,27] sun.misc.Signal is internal proprietary API and may be removed in a future release
[WARNING] /home/runner/work/sonar-analysis/sonar-analysis/project/flink-test-utils-parent/flink-test-utils-junit/src/main/java/org/apache/flink/util/TestSignalHandler.java:[52,28] sun.misc.Signal is internal proprietary API and may be removed in a future release
[WARNING] /home/runner/work/sonar-analysis/sonar-analysis/project/flink-test-utils-parent/flink-test-utils-junit/src/main/java/org/apache/flink/util/TestSignalHandler.java:[52,28] sun.misc.Signal is internal proprietary API and may be removed in a future release
[WARNING] /home/runner/work/sonar-analysis/sonar-analysis/project/flink-test-utils-parent/flink-test-utils-junit/src/main/java/org/apache/flink/util/TestSignalHandler.java:[52,28] sun.misc.Signal is internal proprietary API and may be removed in a future release
[INFO] /home/runner/work/sonar-analysis/sonar-analysis/project/flink-test-utils-parent/flink-test-utils-junit/src/main/java/org/apache/flink/testutils/logging/LoggerAuditingExtension.java: Some input files use or override a deprecated API.
[INFO] /home/runner/work/sonar-analysis/sonar-analysis/project/flink-test-utils-parent/flink-test-utils-junit/src/main/java/org/apache/flink/testutils/logging/LoggerAuditingExtension.java: Recompile with -Xlint:deprecation for details.
[INFO] /home/runner/work/sonar-analysis/sonar-analysis/project/flink-test-utils-parent/flink-test-utils-junit/src/main/java/org/apache/flink/testutils/junit/extensions/retry/RetryExtension.java: Some input files use unchecked or unsafe operations.
[INFO] /home/runner/work/sonar-analysis/sonar-analysis/project/flink-test-utils-parent/flink-test-utils-junit/src/main/java/org/apache/flink/testutils/junit/extensions/retry/RetryExtension.java: Recompile with -Xlint:unchecked for details.
[INFO] 
[INFO] --- resources:3.1.0:testResources (default-testResources) @ flink-test-utils-junit ---
[INFO] Using 'UTF-8' encoding to copy filtered resources.
[INFO] Copying 2 resources
[INFO] Copying 3 resources
[INFO] 
[INFO] --- compiler:3.8.0:testCompile (default-testCompile) @ flink-test-utils-junit ---
[INFO] Compiling 7 source files to /home/runner/work/sonar-analysis/sonar-analysis/project/flink-test-utils-parent/flink-test-utils-junit/target/test-classes
[INFO] 
[INFO] --- surefire:3.0.0-M5:test (default-test) @ flink-test-utils-junit ---
[INFO] Tests are skipped.
[INFO] 
[INFO] --- jar:2.4:jar (default-jar) @ flink-test-utils-junit ---
[INFO] Building jar: /home/runner/work/sonar-analysis/sonar-analysis/project/flink-test-utils-parent/flink-test-utils-junit/target/flink-test-utils-junit-1.16-SNAPSHOT.jar
[INFO] 
[INFO] --- shade:3.2.4:shade (shade-flink) @ flink-test-utils-junit ---
[INFO] Including org.apache.flink:flink-shaded-force-shading:jar:15.0 in the shaded jar.
[INFO] Excluding org.junit.jupiter:junit-jupiter:jar:5.8.1 from the shaded jar.
[INFO] Excluding org.junit.jupiter:junit-jupiter-api:jar:5.8.1 from the shaded jar.
[INFO] Excluding org.opentest4j:opentest4j:jar:1.2.0 from the shaded jar.
[INFO] Excluding org.junit.platform:junit-platform-commons:jar:1.8.1 from the shaded jar.
[INFO] Excluding org.junit.jupiter:junit-jupiter-params:jar:5.8.1 from the shaded jar.
[INFO] Excluding org.junit.jupiter:junit-jupiter-engine:jar:5.8.1 from the shaded jar.
[INFO] Excluding org.junit.vintage:junit-vintage-engine:jar:5.8.1 from the shaded jar.
[INFO] Excluding org.junit.platform:junit-platform-engine:jar:1.8.1 from the shaded jar.
[INFO] Excluding junit:junit:jar:4.13.2 from the shaded jar.
[INFO] Excluding org.apiguardian:apiguardian-api:jar:1.1.2 from the shaded jar.
[INFO] Excluding org.assertj:assertj-core:jar:3.23.1 from the shaded jar.
[INFO] Excluding net.bytebuddy:byte-buddy:jar:1.10.14 from the shaded jar.
[INFO] Excluding org.apache.logging.log4j:log4j-slf4j-impl:jar:2.17.1 from the shaded jar.
[INFO] Excluding org.apache.logging.log4j:log4j-api:jar:2.17.1 from the shaded jar.
[INFO] Excluding org.apache.logging.log4j:log4j-core:jar:2.17.1 from the shaded jar.
[INFO] Excluding org.testcontainers:testcontainers:jar:1.17.2 from the shaded jar.
[INFO] Excluding org.apache.commons:commons-compress:jar:1.21 from the shaded jar.
[INFO] Excluding org.rnorth.duct-tape:duct-tape:jar:1.0.8 from the shaded jar.
[INFO] Excluding org.jetbrains:annotations:jar:17.0.0 from the shaded jar.
[INFO] Excluding com.github.docker-java:docker-java-api:jar:3.2.13 from the shaded jar.
[INFO] Excluding com.fasterxml.jackson.core:jackson-annotations:jar:2.13.2 from the shaded jar.
[INFO] Excluding com.github.docker-java:docker-java-transport-zerodep:jar:3.2.13 from the shaded jar.
[INFO] Excluding com.github.docker-java:docker-java-transport:jar:3.2.13 from the shaded jar.
[INFO] Excluding net.java.dev.jna:jna:jar:5.8.0 from the shaded jar.
[INFO] Excluding org.slf4j:slf4j-api:jar:1.7.32 from the shaded jar.
[INFO] Excluding com.google.code.findbugs:jsr305:jar:1.3.9 from the shaded jar.
[INFO] Excluding org.hamcrest:hamcrest-core:jar:1.3 from the shaded jar.
[INFO] No artifact matching filter io.netty:netty
[INFO] Replacing original artifact with shaded artifact.
[INFO] Replacing /home/runner/work/sonar-analysis/sonar-analysis/project/flink-test-utils-parent/flink-test-utils-junit/target/flink-test-utils-junit-1.16-SNAPSHOT.jar with /home/runner/work/sonar-analysis/sonar-analysis/project/flink-test-utils-parent/flink-test-utils-junit/target/flink-test-utils-junit-1.16-SNAPSHOT-shaded.jar
[INFO] Dependency-reduced POM written at: /home/runner/work/sonar-analysis/sonar-analysis/project/flink-test-utils-parent/flink-test-utils-junit/target/dependency-reduced-pom.xml
[INFO] 
[INFO] --- surefire:3.0.0-M5:test (integration-tests) @ flink-test-utils-junit ---
[INFO] Tests are skipped.
[INFO] 
[INFO] --- install:2.5.2:install (default-install) @ flink-test-utils-junit ---
[INFO] Installing /home/runner/work/sonar-analysis/sonar-analysis/project/flink-test-utils-parent/flink-test-utils-junit/target/flink-test-utils-junit-1.16-SNAPSHOT.jar to /home/runner/.m2/repository/org/apache/flink/flink-test-utils-junit/1.16-SNAPSHOT/flink-test-utils-junit-1.16-SNAPSHOT.jar
[INFO] Installing /home/runner/work/sonar-analysis/sonar-analysis/project/flink-test-utils-parent/flink-test-utils-junit/target/dependency-reduced-pom.xml to /home/runner/.m2/repository/org/apache/flink/flink-test-utils-junit/1.16-SNAPSHOT/flink-test-utils-junit-1.16-SNAPSHOT.pom
[INFO] 
[INFO] -------------------< org.apache.flink:flink-metrics >-------------------
[INFO] Building Flink : Metrics : 1.16-SNAPSHOT                         [7/212]
[INFO]   from flink-metrics/pom.xml
[INFO] --------------------------------[ pom ]---------------------------------
[INFO] 
[INFO] --- clean:3.1.0:clean (default-clean) @ flink-metrics ---
[INFO] Deleting /home/runner/work/sonar-analysis/sonar-analysis/project/flink-metrics/target
[INFO] 
[INFO] --- checkstyle:3.1.2:check (validate) @ flink-metrics ---
[INFO] 
[INFO] --- spotless:2.13.0:check (spotless-check) @ flink-metrics ---
[INFO] 
[INFO] --- enforcer:3.0.0-M1:enforce (enforce-maven-version) @ flink-metrics ---
[INFO] Skipping Rule Enforcement.
[INFO] 
[INFO] --- enforcer:3.0.0-M1:enforce (enforce-maven) @ flink-metrics ---
[INFO] Skipping Rule Enforcement.
[INFO] 
[INFO] --- enforcer:3.0.0-M1:enforce (ban-unsafe-snakeyaml) @ flink-metrics ---
[INFO] Skipping Rule Enforcement.
[INFO] 
[INFO] --- enforcer:3.0.0-M1:enforce (ban-unsafe-jackson) @ flink-metrics ---
[INFO] Skipping Rule Enforcement.
[INFO] 
[INFO] --- enforcer:3.0.0-M1:enforce (forbid-log4j-1) @ flink-metrics ---
[INFO] Skipping Rule Enforcement.
[INFO] 
[INFO] --- enforcer:3.0.0-M1:enforce (forbid-direct-akka-rpc-dependencies) @ flink-metrics ---
[INFO] Skipping Rule Enforcement.
[INFO] 
[INFO] --- enforcer:3.0.0-M1:enforce (forbid-direct-table-planner-dependencies) @ flink-metrics ---
[INFO] Skipping Rule Enforcement.
[INFO] 
[INFO] --- enforcer:3.0.0-M1:enforce (enforce-versions) @ flink-metrics ---
[INFO] Skipping Rule Enforcement.
[INFO] 
[INFO] --- directory:0.1:directory-of (directories) @ flink-metrics ---
[INFO] Directory of org.apache.flink:flink-parent set to: /home/runner/work/sonar-analysis/sonar-analysis/project
[INFO] 
[INFO] --- remote-resources:1.5:process (process-resource-bundles) @ flink-metrics ---
[INFO] 
[INFO] --- surefire:3.0.0-M5:test (default-test) @ flink-metrics ---
[INFO] Tests are skipped.
[INFO] 
[INFO] --- shade:3.2.4:shade (shade-flink) @ flink-metrics ---
[INFO] Including org.apache.flink:flink-shaded-force-shading:jar:15.0 in the shaded jar.
[INFO] No artifact matching filter io.netty:netty
[INFO] Replacing original artifact with shaded artifact.
[INFO] 
[INFO] --- surefire:3.0.0-M5:test (integration-tests) @ flink-metrics ---
[INFO] Tests are skipped.
[INFO] 
[INFO] --- install:2.5.2:install (default-install) @ flink-metrics ---
[INFO] Installing /home/runner/work/sonar-analysis/sonar-analysis/project/flink-metrics/pom.xml to /home/runner/.m2/repository/org/apache/flink/flink-metrics/1.16-SNAPSHOT/flink-metrics-1.16-SNAPSHOT.pom
[INFO] 
[INFO] ----------------< org.apache.flink:flink-metrics-core >-----------------
[INFO] Building Flink : Metrics : Core 1.16-SNAPSHOT                    [8/212]
[INFO]   from flink-metrics/flink-metrics-core/pom.xml
[INFO] --------------------------------[ jar ]---------------------------------
[INFO] 
[INFO] --- clean:3.1.0:clean (default-clean) @ flink-metrics-core ---
[INFO] Deleting /home/runner/work/sonar-analysis/sonar-analysis/project/flink-metrics/flink-metrics-core/target
[INFO] 
[INFO] --- checkstyle:3.1.2:check (validate) @ flink-metrics-core ---
[INFO] 
[INFO] --- spotless:2.13.0:check (spotless-check) @ flink-metrics-core ---
[INFO] 
[INFO] --- enforcer:3.0.0-M1:enforce (enforce-maven-version) @ flink-metrics-core ---
[INFO] Skipping Rule Enforcement.
[INFO] 
[INFO] --- enforcer:3.0.0-M1:enforce (enforce-maven) @ flink-metrics-core ---
[INFO] Skipping Rule Enforcement.
[INFO] 
[INFO] --- enforcer:3.0.0-M1:enforce (ban-unsafe-snakeyaml) @ flink-metrics-core ---
[INFO] Skipping Rule Enforcement.
[INFO] 
[INFO] --- enforcer:3.0.0-M1:enforce (ban-unsafe-jackson) @ flink-metrics-core ---
[INFO] Skipping Rule Enforcement.
[INFO] 
[INFO] --- enforcer:3.0.0-M1:enforce (forbid-log4j-1) @ flink-metrics-core ---
[INFO] Skipping Rule Enforcement.
[INFO] 
[INFO] --- enforcer:3.0.0-M1:enforce (forbid-direct-akka-rpc-dependencies) @ flink-metrics-core ---
[INFO] Skipping Rule Enforcement.
[INFO] 
[INFO] --- enforcer:3.0.0-M1:enforce (forbid-direct-table-planner-dependencies) @ flink-metrics-core ---
[INFO] Skipping Rule Enforcement.
[INFO] 
[INFO] --- enforcer:3.0.0-M1:enforce (enforce-versions) @ flink-metrics-core ---
[INFO] Skipping Rule Enforcement.
[INFO] 
[INFO] --- directory:0.1:directory-of (directories) @ flink-metrics-core ---
[INFO] Directory of org.apache.flink:flink-parent set to: /home/runner/work/sonar-analysis/sonar-analysis/project
[INFO] 
[INFO] --- remote-resources:1.5:process (process-resource-bundles) @ flink-metrics-core ---
[INFO] 
[INFO] --- resources:3.1.0:resources (default-resources) @ flink-metrics-core ---
[INFO] Using 'UTF-8' encoding to copy filtered resources.
[INFO] skip non existing resourceDirectory /home/runner/work/sonar-analysis/sonar-analysis/project/flink-metrics/flink-metrics-core/src/main/resources
[INFO] Copying 3 resources
[INFO] 
[INFO] --- compiler:3.8.0:compile (default-compile) @ flink-metrics-core ---
[INFO] Compiling 29 source files to /home/runner/work/sonar-analysis/sonar-analysis/project/flink-metrics/flink-metrics-core/target/classes
[INFO] 
[INFO] --- resources:3.1.0:testResources (default-testResources) @ flink-metrics-core ---
[INFO] Using 'UTF-8' encoding to copy filtered resources.
[INFO] Copying 1 resource
[INFO] Copying 3 resources
[INFO] 
[INFO] --- compiler:3.8.0:testCompile (default-testCompile) @ flink-metrics-core ---
[INFO] Compiling 7 source files to /home/runner/work/sonar-analysis/sonar-analysis/project/flink-metrics/flink-metrics-core/target/test-classes
[INFO] /home/runner/work/sonar-analysis/sonar-analysis/project/flink-metrics/flink-metrics-core/src/test/java/org/apache/flink/metrics/util/MetricReporterTestUtils.java: /home/runner/work/sonar-analysis/sonar-analysis/project/flink-metrics/flink-metrics-core/src/test/java/org/apache/flink/metrics/util/MetricReporterTestUtils.java uses or overrides a deprecated API.
[INFO] /home/runner/work/sonar-analysis/sonar-analysis/project/flink-metrics/flink-metrics-core/src/test/java/org/apache/flink/metrics/util/MetricReporterTestUtils.java: Recompile with -Xlint:deprecation for details.
[INFO] 
[INFO] --- surefire:3.0.0-M5:test (default-test) @ flink-metrics-core ---
[INFO] Tests are skipped.
[INFO] 
[INFO] --- jar:2.4:jar (default-jar) @ flink-metrics-core ---
[INFO] Building jar: /home/runner/work/sonar-analysis/sonar-analysis/project/flink-metrics/flink-metrics-core/target/flink-metrics-core-1.16-SNAPSHOT.jar
[INFO] 
[INFO] --- jar:2.4:test-jar (default) @ flink-metrics-core ---
[INFO] Building jar: /home/runner/work/sonar-analysis/sonar-analysis/project/flink-metrics/flink-metrics-core/target/flink-metrics-core-1.16-SNAPSHOT-tests.jar
[INFO] 
[INFO] --- shade:3.2.4:shade (shade-flink) @ flink-metrics-core ---
[INFO] Including org.apache.flink:flink-shaded-force-shading:jar:15.0 in the shaded jar.
[INFO] Excluding org.apache.flink:flink-annotations:jar:1.16-SNAPSHOT from the shaded jar.
[INFO] No artifact matching filter io.netty:netty
[INFO] Replacing original artifact with shaded artifact.
[INFO] Replacing /home/runner/work/sonar-analysis/sonar-analysis/project/flink-metrics/flink-metrics-core/target/flink-metrics-core-1.16-SNAPSHOT.jar with /home/runner/work/sonar-analysis/sonar-analysis/project/flink-metrics/flink-metrics-core/target/flink-metrics-core-1.16-SNAPSHOT-shaded.jar
[INFO] Dependency-reduced POM written at: /home/runner/work/sonar-analysis/sonar-analysis/project/flink-metrics/flink-metrics-core/target/dependency-reduced-pom.xml
[INFO] 
[INFO] --- surefire:3.0.0-M5:test (integration-tests) @ flink-metrics-core ---
[INFO] Tests are skipped.
[INFO] 
[INFO] --- japicmp:0.11.0:cmp (default) @ flink-metrics-core ---
[INFO] Written file '/home/runner/work/sonar-analysis/sonar-analysis/project/tools/japicmp-output/flink-metrics-core/japicmp/japicmp.diff'.
[INFO] Written file '/home/runner/work/sonar-analysis/sonar-analysis/project/tools/japicmp-output/flink-metrics-core/japicmp/japicmp.xml'.
[INFO] Written file '/home/runner/work/sonar-analysis/sonar-analysis/project/tools/japicmp-output/flink-metrics-core/japicmp/japicmp.html'.
[INFO] 
[INFO] --- install:2.5.2:install (default-install) @ flink-metrics-core ---
[INFO] Installing /home/runner/work/sonar-analysis/sonar-analysis/project/flink-metrics/flink-metrics-core/target/flink-metrics-core-1.16-SNAPSHOT.jar to /home/runner/.m2/repository/org/apache/flink/flink-metrics-core/1.16-SNAPSHOT/flink-metrics-core-1.16-SNAPSHOT.jar
[INFO] Installing /home/runner/work/sonar-analysis/sonar-analysis/project/flink-metrics/flink-metrics-core/target/dependency-reduced-pom.xml to /home/runner/.m2/repository/org/apache/flink/flink-metrics-core/1.16-SNAPSHOT/flink-metrics-core-1.16-SNAPSHOT.pom
[INFO] Installing /home/runner/work/sonar-analysis/sonar-analysis/project/flink-metrics/flink-metrics-core/target/flink-metrics-core-1.16-SNAPSHOT-tests.jar to /home/runner/.m2/repository/org/apache/flink/flink-metrics-core/1.16-SNAPSHOT/flink-metrics-core-1.16-SNAPSHOT-tests.jar
[INFO] 
[INFO] --------------------< org.apache.flink:flink-core >---------------------
[INFO] Building Flink : Core 1.16-SNAPSHOT                              [9/212]
[INFO]   from flink-core/pom.xml
[INFO] --------------------------------[ jar ]---------------------------------
[INFO] 
[INFO] --- clean:3.1.0:clean (default-clean) @ flink-core ---
[INFO] Deleting /home/runner/work/sonar-analysis/sonar-analysis/project/flink-core/target
[INFO] 
[INFO] --- checkstyle:3.1.2:check (validate) @ flink-core ---
[INFO] 
[INFO] --- spotless:2.13.0:check (spotless-check) @ flink-core ---
[INFO] 
[INFO] --- enforcer:3.0.0-M1:enforce (enforce-maven-version) @ flink-core ---
[INFO] Skipping Rule Enforcement.
[INFO] 
[INFO] --- enforcer:3.0.0-M1:enforce (enforce-maven) @ flink-core ---
[INFO] Skipping Rule Enforcement.
[INFO] 
[INFO] --- enforcer:3.0.0-M1:enforce (ban-unsafe-snakeyaml) @ flink-core ---
[INFO] Skipping Rule Enforcement.
[INFO] 
[INFO] --- enforcer:3.0.0-M1:enforce (ban-unsafe-jackson) @ flink-core ---
[INFO] Skipping Rule Enforcement.
[INFO] 
[INFO] --- enforcer:3.0.0-M1:enforce (forbid-log4j-1) @ flink-core ---
[INFO] Skipping Rule Enforcement.
[INFO] 
[INFO] --- enforcer:3.0.0-M1:enforce (forbid-direct-akka-rpc-dependencies) @ flink-core ---
[INFO] Skipping Rule Enforcement.
[INFO] 
[INFO] --- enforcer:3.0.0-M1:enforce (forbid-direct-table-planner-dependencies) @ flink-core ---
[INFO] Skipping Rule Enforcement.
[INFO] 
[INFO] --- enforcer:3.0.0-M1:enforce (enforce-versions) @ flink-core ---
[INFO] Skipping Rule Enforcement.
[INFO] 
[INFO] --- directory:0.1:directory-of (directories) @ flink-core ---
[INFO] Directory of org.apache.flink:flink-parent set to: /home/runner/work/sonar-analysis/sonar-analysis/project
[INFO] 
[INFO] --- remote-resources:1.5:process (process-resource-bundles) @ flink-core ---
[INFO] 
[INFO] --- resources:3.1.0:resources (default-resources) @ flink-core ---
[INFO] Using 'UTF-8' encoding to copy filtered resources.
[INFO] skip non existing resourceDirectory /home/runner/work/sonar-analysis/sonar-analysis/project/flink-core/src/main/resources
[INFO] Copying 3 resources
[INFO] 
[INFO] --- compiler:3.8.0:compile (default-compile) @ flink-core ---
[INFO] Compiling 845 source files to /home/runner/work/sonar-analysis/sonar-analysis/project/flink-core/target/classes
[WARNING] /home/runner/work/sonar-analysis/sonar-analysis/project/flink-core/src/main/java/org/apache/flink/util/NetUtils.java:[26,20] sun.net.util.IPAddressUtil is internal proprietary API and may be removed in a future release
[WARNING] /home/runner/work/sonar-analysis/sonar-analysis/project/flink-core/src/main/java/org/apache/flink/core/memory/MemoryUtils.java:[35,33] sun.misc.Unsafe is internal proprietary API and may be removed in a future release
[WARNING] /home/runner/work/sonar-analysis/sonar-analysis/project/flink-core/src/main/java/org/apache/flink/core/memory/MemoryUtils.java:[48,28] sun.misc.Unsafe is internal proprietary API and may be removed in a future release
[WARNING] /home/runner/work/sonar-analysis/sonar-analysis/project/flink-core/src/main/java/org/apache/flink/core/memory/MemoryUtils.java:[50,41] sun.misc.Unsafe is internal proprietary API and may be removed in a future release
[WARNING] /home/runner/work/sonar-analysis/sonar-analysis/project/flink-core/src/main/java/org/apache/flink/core/memory/MemoryUtils.java:[52,29] sun.misc.Unsafe is internal proprietary API and may be removed in a future release
[WARNING] /home/runner/work/sonar-analysis/sonar-analysis/project/flink-core/src/main/java/org/apache/flink/core/memory/MemorySegment.java:[81,34] sun.misc.Unsafe is internal proprietary API and may be removed in a future release
[WARNING] /home/runner/work/sonar-analysis/sonar-analysis/project/flink-core/src/main/java/org/apache/flink/core/memory/DataInputDeserializer.java:[405,34] sun.misc.Unsafe is internal proprietary API and may be removed in a future release
[WARNING] /home/runner/work/sonar-analysis/sonar-analysis/project/flink-core/src/main/java/org/apache/flink/core/memory/DataOutputSerializer.java:[366,34] sun.misc.Unsafe is internal proprietary API and may be removed in a future release
[WARNING] /home/runner/work/sonar-analysis/sonar-analysis/project/flink-core/src/main/java/org/apache/flink/management/jmx/JMXServer.java:[123,62] sun.rmi.registry.RegistryImpl is internal proprietary API and may be removed in a future release
[WARNING] /home/runner/work/sonar-analysis/sonar-analysis/project/flink-core/src/main/java/org/apache/flink/types/Record.java:[1818,38] sun.misc.Unsafe is internal proprietary API and may be removed in a future release
[WARNING] /home/runner/work/sonar-analysis/sonar-analysis/project/flink-core/src/main/java/org/apache/flink/util/NetUtils.java:[200,21] sun.net.util.IPAddressUtil is internal proprietary API and may be removed in a future release
[WARNING] /home/runner/work/sonar-analysis/sonar-analysis/project/flink-core/src/main/java/org/apache/flink/util/NetUtils.java:[207,13] sun.net.util.IPAddressUtil is internal proprietary API and may be removed in a future release
[WARNING] /home/runner/work/sonar-analysis/sonar-analysis/project/flink-core/src/main/java/org/apache/flink/util/NetUtils.java:[208,34] sun.net.util.IPAddressUtil is internal proprietary API and may be removed in a future release
[WARNING] /home/runner/work/sonar-analysis/sonar-analysis/project/flink-core/src/main/java/org/apache/flink/util/NetUtils.java:[210,21] sun.net.util.IPAddressUtil is internal proprietary API and may be removed in a future release
[INFO] /home/runner/work/sonar-analysis/sonar-analysis/project/flink-core/src/main/java/org/apache/flink/api/java/typeutils/runtime/PojoSerializer.java: Some input files use or override a deprecated API.
[INFO] /home/runner/work/sonar-analysis/sonar-analysis/project/flink-core/src/main/java/org/apache/flink/api/java/typeutils/runtime/PojoSerializer.java: Recompile with -Xlint:deprecation for details.
[INFO] /home/runner/work/sonar-analysis/sonar-analysis/project/flink-core/src/main/java/org/apache/flink/api/common/typeutils/base/array/PrimitiveArrayComparator.java: Some input files use unchecked or unsafe operations.
[INFO] /home/runner/work/sonar-analysis/sonar-analysis/project/flink-core/src/main/java/org/apache/flink/api/common/typeutils/base/array/PrimitiveArrayComparator.java: Recompile with -Xlint:unchecked for details.
[INFO] 
[INFO] --- resources:3.1.0:testResources (default-testResources) @ flink-core ---
[INFO] Using 'UTF-8' encoding to copy filtered resources.
[INFO] Copying 676 resources
[INFO] Copying 3 resources
[INFO] 
[INFO] --- compiler:3.8.0:testCompile (default-testCompile) @ flink-core ---
[INFO] Compiling 444 source files to /home/runner/work/sonar-analysis/sonar-analysis/project/flink-core/target/test-classes
[WARNING] /home/runner/work/sonar-analysis/sonar-analysis/project/flink-core/src/test/java/org/apache/flink/api/java/typeutils/runtime/TestDataOutputSerializer.java:[279,34] sun.misc.Unsafe is internal proprietary API and may be removed in a future release
[WARNING] /home/runner/work/sonar-analysis/sonar-analysis/project/flink-core/src/test/java/org/apache/flink/api/java/typeutils/runtime/TestDataOutputSerializer.java:[279,34] sun.misc.Unsafe is internal proprietary API and may be removed in a future release
[WARNING] /home/runner/work/sonar-analysis/sonar-analysis/project/flink-core/src/test/java/org/apache/flink/api/java/typeutils/runtime/TestDataOutputSerializer.java:[279,34] sun.misc.Unsafe is internal proprietary API and may be removed in a future release
[WARNING] /home/runner/work/sonar-analysis/sonar-analysis/project/flink-core/src/test/java/org/apache/flink/api/java/typeutils/runtime/TestDataOutputSerializer.java:[279,34] sun.misc.Unsafe is internal proprietary API and may be removed in a future release
[WARNING] /home/runner/work/sonar-analysis/sonar-analysis/project/flink-core/src/test/java/org/apache/flink/api/java/typeutils/runtime/TestDataOutputSerializer.java:[279,34] sun.misc.Unsafe is internal proprietary API and may be removed in a future release
[INFO] /home/runner/work/sonar-analysis/sonar-analysis/project/flink-core/src/test/java/org/apache/flink/api/java/typeutils/runtime/kryo/KryoSerializerCompatibilityTest.java: Some input files use or override a deprecated API.
[INFO] /home/runner/work/sonar-analysis/sonar-analysis/project/flink-core/src/test/java/org/apache/flink/api/java/typeutils/runtime/kryo/KryoSerializerCompatibilityTest.java: Recompile with -Xlint:deprecation for details.
[INFO] /home/runner/work/sonar-analysis/sonar-analysis/project/flink-core/src/test/java/org/apache/flink/core/fs/FileSystemTest.java: Some input files use unchecked or unsafe operations.
[INFO] /home/runner/work/sonar-analysis/sonar-analysis/project/flink-core/src/test/java/org/apache/flink/core/fs/FileSystemTest.java: Recompile with -Xlint:unchecked for details.
[INFO] 
[INFO] --- surefire:3.0.0-M5:test (default-test) @ flink-core ---
[INFO] Tests are skipped.
[INFO] 
[INFO] --- jar:2.4:jar (default-jar) @ flink-core ---
[INFO] Building jar: /home/runner/work/sonar-analysis/sonar-analysis/project/flink-core/target/flink-core-1.16-SNAPSHOT.jar
[INFO] 
[INFO] --- jar:2.4:test-jar (default) @ flink-core ---
[INFO] Building jar: /home/runner/work/sonar-analysis/sonar-analysis/project/flink-core/target/flink-core-1.16-SNAPSHOT-tests.jar
[INFO] 
[INFO] --- shade:3.2.4:shade (shade-flink) @ flink-core ---
[INFO] Including org.apache.flink:flink-shaded-force-shading:jar:15.0 in the shaded jar.
[INFO] Excluding org.apache.flink:flink-annotations:jar:1.16-SNAPSHOT from the shaded jar.
[INFO] Excluding org.apache.flink:flink-metrics-core:jar:1.16-SNAPSHOT from the shaded jar.
[INFO] Excluding org.apache.flink:flink-shaded-asm-9:jar:9.2-15.0 from the shaded jar.
[INFO] Excluding org.apache.flink:flink-shaded-jackson:jar:2.12.4-15.0 from the shaded jar.
[INFO] Excluding org.apache.commons:commons-lang3:jar:3.3.2 from the shaded jar.
[INFO] Excluding com.esotericsoftware.kryo:kryo:jar:2.24.0 from the shaded jar.
[INFO] Excluding com.esotericsoftware.minlog:minlog:jar:1.2 from the shaded jar.
[INFO] Excluding org.objenesis:objenesis:jar:2.1 from the shaded jar.
[INFO] Excluding commons-collections:commons-collections:jar:3.2.2 from the shaded jar.
[INFO] Excluding org.apache.commons:commons-compress:jar:1.21 from the shaded jar.
[INFO] Excluding org.apache.flink:flink-shaded-guava:jar:30.1.1-jre-15.0 from the shaded jar.
[INFO] Excluding org.slf4j:slf4j-api:jar:1.7.32 from the shaded jar.
[INFO] Excluding com.google.code.findbugs:jsr305:jar:1.3.9 from the shaded jar.
[INFO] No artifact matching filter io.netty:netty
[INFO] Replacing original artifact with shaded artifact.
[INFO] Replacing /home/runner/work/sonar-analysis/sonar-analysis/project/flink-core/target/flink-core-1.16-SNAPSHOT.jar with /home/runner/work/sonar-analysis/sonar-analysis/project/flink-core/target/flink-core-1.16-SNAPSHOT-shaded.jar
[INFO] Dependency-reduced POM written at: /home/runner/work/sonar-analysis/sonar-analysis/project/flink-core/target/dependency-reduced-pom.xml
[INFO] 
[INFO] --- surefire:3.0.0-M5:test (integration-tests) @ flink-core ---
[INFO] Tests are skipped.
[INFO] 
[INFO] --- japicmp:0.11.0:cmp (default) @ flink-core ---
[INFO] Written file '/home/runner/work/sonar-analysis/sonar-analysis/project/tools/japicmp-output/flink-core/japicmp/japicmp.diff'.
[INFO] Written file '/home/runner/work/sonar-analysis/sonar-analysis/project/tools/japicmp-output/flink-core/japicmp/japicmp.xml'.
[INFO] Written file '/home/runner/work/sonar-analysis/sonar-analysis/project/tools/japicmp-output/flink-core/japicmp/japicmp.html'.
[INFO] 
[INFO] --- install:2.5.2:install (default-install) @ flink-core ---
[INFO] Installing /home/runner/work/sonar-analysis/sonar-analysis/project/flink-core/target/flink-core-1.16-SNAPSHOT.jar to /home/runner/.m2/repository/org/apache/flink/flink-core/1.16-SNAPSHOT/flink-core-1.16-SNAPSHOT.jar
[INFO] Installing /home/runner/work/sonar-analysis/sonar-analysis/project/flink-core/target/dependency-reduced-pom.xml to /home/runner/.m2/repository/org/apache/flink/flink-core/1.16-SNAPSHOT/flink-core-1.16-SNAPSHOT.pom
[INFO] Installing /home/runner/work/sonar-analysis/sonar-analysis/project/flink-core/target/flink-core-1.16-SNAPSHOT-tests.jar to /home/runner/.m2/repository/org/apache/flink/flink-core/1.16-SNAPSHOT/flink-core-1.16-SNAPSHOT-tests.jar
[INFO] 
[INFO] --------------------< org.apache.flink:flink-table >--------------------
[INFO] Building Flink : Table : 1.16-SNAPSHOT                          [10/212]
[INFO]   from flink-table/pom.xml
[INFO] --------------------------------[ pom ]---------------------------------
[INFO] 
[INFO] --- clean:3.1.0:clean (default-clean) @ flink-table ---
[INFO] Deleting /home/runner/work/sonar-analysis/sonar-analysis/project/flink-table/target
[INFO] 
[INFO] --- checkstyle:3.1.2:check (validate) @ flink-table ---
[INFO] 
[INFO] --- spotless:2.13.0:check (spotless-check) @ flink-table ---
[INFO] 
[INFO] --- enforcer:3.0.0-M1:enforce (enforce-maven-version) @ flink-table ---
[INFO] Skipping Rule Enforcement.
[INFO] 
[INFO] --- enforcer:3.0.0-M1:enforce (enforce-maven) @ flink-table ---
[INFO] Skipping Rule Enforcement.
[INFO] 
[INFO] --- enforcer:3.0.0-M1:enforce (ban-unsafe-snakeyaml) @ flink-table ---
[INFO] Skipping Rule Enforcement.
[INFO] 
[INFO] --- enforcer:3.0.0-M1:enforce (ban-unsafe-jackson) @ flink-table ---
[INFO] Skipping Rule Enforcement.
[INFO] 
[INFO] --- enforcer:3.0.0-M1:enforce (forbid-log4j-1) @ flink-table ---
[INFO] Skipping Rule Enforcement.
[INFO] 
[INFO] --- enforcer:3.0.0-M1:enforce (forbid-direct-akka-rpc-dependencies) @ flink-table ---
[INFO] Skipping Rule Enforcement.
[INFO] 
[INFO] --- enforcer:3.0.0-M1:enforce (forbid-direct-table-planner-dependencies) @ flink-table ---
[INFO] Skipping Rule Enforcement.
[INFO] 
[INFO] --- enforcer:3.0.0-M1:enforce (enforce-versions) @ flink-table ---
[INFO] Skipping Rule Enforcement.
[INFO] 
[INFO] --- directory:0.1:directory-of (directories) @ flink-table ---
[INFO] Directory of org.apache.flink:flink-parent set to: /home/runner/work/sonar-analysis/sonar-analysis/project
[INFO] 
[INFO] --- remote-resources:1.5:process (process-resource-bundles) @ flink-table ---
[INFO] 
[INFO] --- surefire:3.0.0-M5:test (default-test) @ flink-table ---
[INFO] Tests are skipped.
[INFO] 
[INFO] --- shade:3.2.4:shade (shade-flink) @ flink-table ---
[INFO] Including org.apache.flink:flink-shaded-force-shading:jar:15.0 in the shaded jar.
[INFO] Excluding org.slf4j:slf4j-api:jar:1.7.32 from the shaded jar.
[INFO] Excluding com.google.code.findbugs:jsr305:jar:1.3.9 from the shaded jar.
[INFO] No artifact matching filter io.netty:netty
[INFO] Replacing original artifact with shaded artifact.
[INFO] 
[INFO] --- surefire:3.0.0-M5:test (integration-tests) @ flink-table ---
[INFO] Tests are skipped.
[INFO] 
[INFO] --- install:2.5.2:install (default-install) @ flink-table ---
[INFO] Installing /home/runner/work/sonar-analysis/sonar-analysis/project/flink-table/pom.xml to /home/runner/.m2/repository/org/apache/flink/flink-table/1.16-SNAPSHOT/flink-table-1.16-SNAPSHOT.pom
[INFO] 
[INFO] ----------------< org.apache.flink:flink-table-common >-----------------
[INFO] Building Flink : Table : Common 1.16-SNAPSHOT                   [11/212]
[INFO]   from flink-table/flink-table-common/pom.xml
[INFO] --------------------------------[ jar ]---------------------------------
[INFO] 
[INFO] --- clean:3.1.0:clean (default-clean) @ flink-table-common ---
[INFO] Deleting /home/runner/work/sonar-analysis/sonar-analysis/project/flink-table/flink-table-common/target
[INFO] 
[INFO] --- checkstyle:3.1.2:check (validate) @ flink-table-common ---
[INFO] 
[INFO] --- spotless:2.13.0:check (spotless-check) @ flink-table-common ---
[INFO] 
[INFO] --- enforcer:3.0.0-M1:enforce (enforce-maven-version) @ flink-table-common ---
[INFO] Skipping Rule Enforcement.
[INFO] 
[INFO] --- enforcer:3.0.0-M1:enforce (enforce-maven) @ flink-table-common ---
[INFO] Skipping Rule Enforcement.
[INFO] 
[INFO] --- enforcer:3.0.0-M1:enforce (ban-unsafe-snakeyaml) @ flink-table-common ---
[INFO] Skipping Rule Enforcement.
[INFO] 
[INFO] --- enforcer:3.0.0-M1:enforce (ban-unsafe-jackson) @ flink-table-common ---
[INFO] Skipping Rule Enforcement.
[INFO] 
[INFO] --- enforcer:3.0.0-M1:enforce (forbid-log4j-1) @ flink-table-common ---
[INFO] Skipping Rule Enforcement.
[INFO] 
[INFO] --- enforcer:3.0.0-M1:enforce (forbid-direct-akka-rpc-dependencies) @ flink-table-common ---
[INFO] Skipping Rule Enforcement.
[INFO] 
[INFO] --- enforcer:3.0.0-M1:enforce (forbid-direct-table-planner-dependencies) @ flink-table-common ---
[INFO] Skipping Rule Enforcement.
[INFO] 
[INFO] --- enforcer:3.0.0-M1:enforce (enforce-versions) @ flink-table-common ---
[INFO] Skipping Rule Enforcement.
[INFO] 
[INFO] --- directory:0.1:directory-of (directories) @ flink-table-common ---
[INFO] Directory of org.apache.flink:flink-parent set to: /home/runner/work/sonar-analysis/sonar-analysis/project
[INFO] 
[INFO] --- remote-resources:1.5:process (process-resource-bundles) @ flink-table-common ---
[INFO] 
[INFO] --- resources:3.1.0:resources (default-resources) @ flink-table-common ---
[INFO] Using 'UTF-8' encoding to copy filtered resources.
[INFO] Copying 1 resource
[INFO] Copying 3 resources
[INFO] 
[INFO] --- compiler:3.8.0:compile (default-compile) @ flink-table-common ---
[INFO] Compiling 483 source files to /home/runner/work/sonar-analysis/sonar-analysis/project/flink-table/flink-table-common/target/classes
[WARNING] /home/runner/work/sonar-analysis/sonar-analysis/project/flink-table/flink-table-common/src/main/java/org/apache/flink/table/data/columnar/vector/heap/AbstractHeapVector.java:[34,33] sun.misc.Unsafe is internal proprietary API and may be removed in a future release
[INFO] /home/runner/work/sonar-analysis/sonar-analysis/project/flink-table/flink-table-common/src/main/java/org/apache/flink/table/types/logical/utils/LogicalTypeChecks.java: Some input files use or override a deprecated API.
[INFO] /home/runner/work/sonar-analysis/sonar-analysis/project/flink-table/flink-table-common/src/main/java/org/apache/flink/table/types/logical/utils/LogicalTypeChecks.java: Recompile with -Xlint:deprecation for details.
[INFO] /home/runner/work/sonar-analysis/sonar-analysis/project/flink-table/flink-table-common/src/main/java/org/apache/flink/table/dataview/MapViewTypeInfoFactory.java: Some input files use unchecked or unsafe operations.
[INFO] /home/runner/work/sonar-analysis/sonar-analysis/project/flink-table/flink-table-common/src/main/java/org/apache/flink/table/dataview/MapViewTypeInfoFactory.java: Recompile with -Xlint:unchecked for details.
[INFO] 
[INFO] --- resources:3.1.0:testResources (default-testResources) @ flink-table-common ---
[INFO] Using 'UTF-8' encoding to copy filtered resources.
[INFO] Copying 3 resources
[INFO] Copying 3 resources
[INFO] 
[INFO] --- compiler:3.8.0:testCompile (default-testCompile) @ flink-table-common ---
[INFO] Compiling 115 source files to /home/runner/work/sonar-analysis/sonar-analysis/project/flink-table/flink-table-common/target/test-classes
[INFO] /home/runner/work/sonar-analysis/sonar-analysis/project/flink-table/flink-table-common/src/test/java/org/apache/flink/table/connector/sink/TestManagedSinkWriter.java: Some input files use or override a deprecated API.
[INFO] /home/runner/work/sonar-analysis/sonar-analysis/project/flink-table/flink-table-common/src/test/java/org/apache/flink/table/connector/sink/TestManagedSinkWriter.java: Recompile with -Xlint:deprecation for details.
[INFO] 
[INFO] --- surefire:3.0.0-M5:test (default-test) @ flink-table-common ---
[INFO] Tests are skipped.
[INFO] 
[INFO] --- jar:2.4:jar (default-jar) @ flink-table-common ---
[INFO] Building jar: /home/runner/work/sonar-analysis/sonar-analysis/project/flink-table/flink-table-common/target/flink-table-common-1.16-SNAPSHOT.jar
[INFO] 
[INFO] --- jar:2.4:test-jar (default) @ flink-table-common ---
[INFO] Building jar: /home/runner/work/sonar-analysis/sonar-analysis/project/flink-table/flink-table-common/target/flink-table-common-1.16-SNAPSHOT-tests.jar
[INFO] 
[INFO] --- shade:3.2.4:shade (shade-flink) @ flink-table-common ---
[INFO] Including org.apache.flink:flink-shaded-force-shading:jar:15.0 in the shaded jar.
[INFO] Excluding org.apache.flink:flink-core:jar:1.16-SNAPSHOT from the shaded jar.
[INFO] Excluding org.apache.flink:flink-annotations:jar:1.16-SNAPSHOT from the shaded jar.
[INFO] Excluding org.apache.flink:flink-metrics-core:jar:1.16-SNAPSHOT from the shaded jar.
[INFO] Excluding org.apache.commons:commons-lang3:jar:3.3.2 from the shaded jar.
[INFO] Excluding com.esotericsoftware.kryo:kryo:jar:2.24.0 from the shaded jar.
[INFO] Excluding com.esotericsoftware.minlog:minlog:jar:1.2 from the shaded jar.
[INFO] Excluding commons-collections:commons-collections:jar:3.2.2 from the shaded jar.
[INFO] Excluding org.apache.commons:commons-compress:jar:1.21 from the shaded jar.
[INFO] Excluding org.apache.flink:flink-shaded-guava:jar:30.1.1-jre-15.0 from the shaded jar.
[INFO] Excluding org.apache.flink:flink-shaded-asm-9:jar:9.2-15.0 from the shaded jar.
[INFO] Excluding com.ibm.icu:icu4j:jar:67.1 from the shaded jar.
[INFO] Excluding org.slf4j:slf4j-api:jar:1.7.32 from the shaded jar.
[INFO] Excluding com.google.code.findbugs:jsr305:jar:1.3.9 from the shaded jar.
[INFO] Excluding org.objenesis:objenesis:jar:2.1 from the shaded jar.
[INFO] No artifact matching filter io.netty:netty
[INFO] Replacing original artifact with shaded artifact.
[INFO] Replacing /home/runner/work/sonar-analysis/sonar-analysis/project/flink-table/flink-table-common/target/flink-table-common-1.16-SNAPSHOT.jar with /home/runner/work/sonar-analysis/sonar-analysis/project/flink-table/flink-table-common/target/flink-table-common-1.16-SNAPSHOT-shaded.jar
[INFO] Dependency-reduced POM written at: /home/runner/work/sonar-analysis/sonar-analysis/project/flink-table/flink-table-common/target/dependency-reduced-pom.xml
[INFO] 
[INFO] --- surefire:3.0.0-M5:test (integration-tests) @ flink-table-common ---
[INFO] Tests are skipped.
[INFO] 
[INFO] --- install:2.5.2:install (default-install) @ flink-table-common ---
[INFO] Installing /home/runner/work/sonar-analysis/sonar-analysis/project/flink-table/flink-table-common/target/flink-table-common-1.16-SNAPSHOT.jar to /home/runner/.m2/repository/org/apache/flink/flink-table-common/1.16-SNAPSHOT/flink-table-common-1.16-SNAPSHOT.jar
[INFO] Installing /home/runner/work/sonar-analysis/sonar-analysis/project/flink-table/flink-table-common/target/dependency-reduced-pom.xml to /home/runner/.m2/repository/org/apache/flink/flink-table-common/1.16-SNAPSHOT/flink-table-common-1.16-SNAPSHOT.pom
[INFO] Installing /home/runner/work/sonar-analysis/sonar-analysis/project/flink-table/flink-table-common/target/flink-table-common-1.16-SNAPSHOT-tests.jar to /home/runner/.m2/repository/org/apache/flink/flink-table-common/1.16-SNAPSHOT/flink-table-common-1.16-SNAPSHOT-tests.jar
[INFO] 
[INFO] ---------------< org.apache.flink:flink-table-api-java >----------------
[INFO] Building Flink : Table : API Java 1.16-SNAPSHOT                 [12/212]
[INFO]   from flink-table/flink-table-api-java/pom.xml
[INFO] --------------------------------[ jar ]---------------------------------
[INFO] 
[INFO] --- clean:3.1.0:clean (default-clean) @ flink-table-api-java ---
[INFO] Deleting /home/runner/work/sonar-analysis/sonar-analysis/project/flink-table/flink-table-api-java/target
[INFO] 
[INFO] --- checkstyle:3.1.2:check (validate) @ flink-table-api-java ---
[INFO] 
[INFO] --- spotless:2.13.0:check (spotless-check) @ flink-table-api-java ---
[INFO] 
[INFO] --- enforcer:3.0.0-M1:enforce (enforce-maven-version) @ flink-table-api-java ---
[INFO] Skipping Rule Enforcement.
[INFO] 
[INFO] --- enforcer:3.0.0-M1:enforce (enforce-maven) @ flink-table-api-java ---
[INFO] Skipping Rule Enforcement.
[INFO] 
[INFO] --- enforcer:3.0.0-M1:enforce (ban-unsafe-snakeyaml) @ flink-table-api-java ---
[INFO] Skipping Rule Enforcement.
[INFO] 
[INFO] --- enforcer:3.0.0-M1:enforce (ban-unsafe-jackson) @ flink-table-api-java ---
[INFO] Skipping Rule Enforcement.
[INFO] 
[INFO] --- enforcer:3.0.0-M1:enforce (forbid-log4j-1) @ flink-table-api-java ---
[INFO] Skipping Rule Enforcement.
[INFO] 
[INFO] --- enforcer:3.0.0-M1:enforce (forbid-direct-akka-rpc-dependencies) @ flink-table-api-java ---
[INFO] Skipping Rule Enforcement.
[INFO] 
[INFO] --- enforcer:3.0.0-M1:enforce (forbid-direct-table-planner-dependencies) @ flink-table-api-java ---
[INFO] Skipping Rule Enforcement.
[INFO] 
[INFO] --- enforcer:3.0.0-M1:enforce (enforce-versions) @ flink-table-api-java ---
[INFO] Skipping Rule Enforcement.
[INFO] 
[INFO] --- directory:0.1:directory-of (directories) @ flink-table-api-java ---
[INFO] Directory of org.apache.flink:flink-parent set to: /home/runner/work/sonar-analysis/sonar-analysis/project
[INFO] 
[INFO] --- remote-resources:1.5:process (process-resource-bundles) @ flink-table-api-java ---
[INFO] 
[INFO] --- resources:3.1.0:resources (default-resources) @ flink-table-api-java ---
[INFO] Using 'UTF-8' encoding to copy filtered resources.
[INFO] Copying 1 resource
[INFO] Copying 3 resources
[INFO] 
[INFO] --- compiler:3.8.0:compile (default-compile) @ flink-table-api-java ---
[INFO] Compiling 237 source files to /home/runner/work/sonar-analysis/sonar-analysis/project/flink-table/flink-table-api-java/target/classes
[INFO] /home/runner/work/sonar-analysis/sonar-analysis/project/flink-table/flink-table-api-java/src/main/java/org/apache/flink/table/api/internal/TableEnvironmentImpl.java: Some input files use or override a deprecated API.
[INFO] /home/runner/work/sonar-analysis/sonar-analysis/project/flink-table/flink-table-api-java/src/main/java/org/apache/flink/table/api/internal/TableEnvironmentImpl.java: Recompile with -Xlint:deprecation for details.
[INFO] /home/runner/work/sonar-analysis/sonar-analysis/project/flink-table/flink-table-api-java/src/main/java/org/apache/flink/table/api/internal/TableEnvironmentImpl.java: /home/runner/work/sonar-analysis/sonar-analysis/project/flink-table/flink-table-api-java/src/main/java/org/apache/flink/table/api/internal/TableEnvironmentImpl.java uses unchecked or unsafe operations.
[INFO] /home/runner/work/sonar-analysis/sonar-analysis/project/flink-table/flink-table-api-java/src/main/java/org/apache/flink/table/api/internal/TableEnvironmentImpl.java: Recompile with -Xlint:unchecked for details.
[INFO] 
[INFO] --- resources:3.1.0:testResources (default-testResources) @ flink-table-api-java ---
[INFO] Using 'UTF-8' encoding to copy filtered resources.
[INFO] Copying 2 resources
[INFO] Copying 3 resources
[INFO] 
[INFO] --- compiler:3.8.0:testCompile (default-testCompile) @ flink-table-api-java ---
[INFO] Compiling 31 source files to /home/runner/work/sonar-analysis/sonar-analysis/project/flink-table/flink-table-api-java/target/test-classes
[INFO] /home/runner/work/sonar-analysis/sonar-analysis/project/flink-table/flink-table-api-java/src/test/java/org/apache/flink/table/utils/UserDefinedFunctions.java: Some input files use or override a deprecated API.
[INFO] /home/runner/work/sonar-analysis/sonar-analysis/project/flink-table/flink-table-api-java/src/test/java/org/apache/flink/table/utils/UserDefinedFunctions.java: Recompile with -Xlint:deprecation for details.
[INFO] /home/runner/work/sonar-analysis/sonar-analysis/project/flink-table/flink-table-api-java/src/test/java/org/apache/flink/table/typeutils/FieldInfoUtilsTest.java: /home/runner/work/sonar-analysis/sonar-analysis/project/flink-table/flink-table-api-java/src/test/java/org/apache/flink/table/typeutils/FieldInfoUtilsTest.java uses unchecked or unsafe operations.
[INFO] /home/runner/work/sonar-analysis/sonar-analysis/project/flink-table/flink-table-api-java/src/test/java/org/apache/flink/table/typeutils/FieldInfoUtilsTest.java: Recompile with -Xlint:unchecked for details.
[INFO] 
[INFO] --- surefire:3.0.0-M5:test (default-test) @ flink-table-api-java ---
[INFO] Tests are skipped.
[INFO] 
[INFO] --- jar:2.4:jar (default-jar) @ flink-table-api-java ---
[INFO] Building jar: /home/runner/work/sonar-analysis/sonar-analysis/project/flink-table/flink-table-api-java/target/flink-table-api-java-1.16-SNAPSHOT.jar
[INFO] 
[INFO] --- jar:2.4:test-jar (default) @ flink-table-api-java ---
[INFO] Building jar: /home/runner/work/sonar-analysis/sonar-analysis/project/flink-table/flink-table-api-java/target/flink-table-api-java-1.16-SNAPSHOT-tests.jar
[INFO] 
[INFO] --- shade:3.2.4:shade (shade-flink) @ flink-table-api-java ---
[INFO] Including org.apache.flink:flink-shaded-force-shading:jar:15.0 in the shaded jar.
[INFO] Excluding org.apache.flink:flink-table-common:jar:1.16-SNAPSHOT from the shaded jar.
[INFO] Excluding org.apache.flink:flink-core:jar:1.16-SNAPSHOT from the shaded jar.
[INFO] Excluding org.apache.flink:flink-shaded-asm-9:jar:9.2-15.0 from the shaded jar.
[INFO] Excluding com.ibm.icu:icu4j:jar:67.1 from the shaded jar.
[INFO] Excluding org.apache.flink:flink-annotations:jar:1.16-SNAPSHOT from the shaded jar.
[INFO] Excluding org.apache.flink:flink-metrics-core:jar:1.16-SNAPSHOT from the shaded jar.
[INFO] Excluding org.apache.flink:flink-shaded-jackson:jar:2.12.4-15.0 from the shaded jar.
[INFO] Excluding org.apache.commons:commons-lang3:jar:3.3.2 from the shaded jar.
[INFO] Excluding com.esotericsoftware.kryo:kryo:jar:2.24.0 from the shaded jar.
[INFO] Excluding com.esotericsoftware.minlog:minlog:jar:1.2 from the shaded jar.
[INFO] Excluding commons-collections:commons-collections:jar:3.2.2 from the shaded jar.
[INFO] Excluding org.apache.commons:commons-compress:jar:1.21 from the shaded jar.
[INFO] Excluding org.apache.flink:flink-shaded-guava:jar:30.1.1-jre-15.0 from the shaded jar.
[INFO] Excluding org.slf4j:slf4j-api:jar:1.7.32 from the shaded jar.
[INFO] Excluding com.google.code.findbugs:jsr305:jar:1.3.9 from the shaded jar.
[INFO] Excluding org.objenesis:objenesis:jar:2.1 from the shaded jar.
[INFO] No artifact matching filter io.netty:netty
[INFO] Replacing original artifact with shaded artifact.
[INFO] Replacing /home/runner/work/sonar-analysis/sonar-analysis/project/flink-table/flink-table-api-java/target/flink-table-api-java-1.16-SNAPSHOT.jar with /home/runner/work/sonar-analysis/sonar-analysis/project/flink-table/flink-table-api-java/target/flink-table-api-java-1.16-SNAPSHOT-shaded.jar
[INFO] Dependency-reduced POM written at: /home/runner/work/sonar-analysis/sonar-analysis/project/flink-table/flink-table-api-java/target/dependency-reduced-pom.xml
[INFO] 
[INFO] --- surefire:3.0.0-M5:test (integration-tests) @ flink-table-api-java ---
[INFO] Tests are skipped.
[INFO] 
[INFO] --- install:2.5.2:install (default-install) @ flink-table-api-java ---
[INFO] Installing /home/runner/work/sonar-analysis/sonar-analysis/project/flink-table/flink-table-api-java/target/flink-table-api-java-1.16-SNAPSHOT.jar to /home/runner/.m2/repository/org/apache/flink/flink-table-api-java/1.16-SNAPSHOT/flink-table-api-java-1.16-SNAPSHOT.jar
[INFO] Installing /home/runner/work/sonar-analysis/sonar-analysis/project/flink-table/flink-table-api-java/target/dependency-reduced-pom.xml to /home/runner/.m2/repository/org/apache/flink/flink-table-api-java/1.16-SNAPSHOT/flink-table-api-java-1.16-SNAPSHOT.pom
[INFO] Installing /home/runner/work/sonar-analysis/sonar-analysis/project/flink-table/flink-table-api-java/target/flink-table-api-java-1.16-SNAPSHOT-tests.jar to /home/runner/.m2/repository/org/apache/flink/flink-table-api-java/1.16-SNAPSHOT/flink-table-api-java-1.16-SNAPSHOT-tests.jar
[INFO] 
[INFO] --------------------< org.apache.flink:flink-java >---------------------
[INFO] Building Flink : Java 1.16-SNAPSHOT                             [13/212]
[INFO]   from flink-java/pom.xml
[INFO] --------------------------------[ jar ]---------------------------------
[INFO] 
[INFO] --- clean:3.1.0:clean (default-clean) @ flink-java ---
[INFO] Deleting /home/runner/work/sonar-analysis/sonar-analysis/project/flink-java/target
[INFO] 
[INFO] --- checkstyle:3.1.2:check (validate) @ flink-java ---
[INFO] 
[INFO] --- spotless:2.13.0:check (spotless-check) @ flink-java ---
[INFO] 
[INFO] --- enforcer:3.0.0-M1:enforce (enforce-maven-version) @ flink-java ---
[INFO] Skipping Rule Enforcement.
[INFO] 
[INFO] --- enforcer:3.0.0-M1:enforce (enforce-maven) @ flink-java ---
[INFO] Skipping Rule Enforcement.
[INFO] 
[INFO] --- enforcer:3.0.0-M1:enforce (ban-unsafe-snakeyaml) @ flink-java ---
[INFO] Skipping Rule Enforcement.
[INFO] 
[INFO] --- enforcer:3.0.0-M1:enforce (ban-unsafe-jackson) @ flink-java ---
[INFO] Skipping Rule Enforcement.
[INFO] 
[INFO] --- enforcer:3.0.0-M1:enforce (forbid-log4j-1) @ flink-java ---
[INFO] Skipping Rule Enforcement.
[INFO] 
[INFO] --- enforcer:3.0.0-M1:enforce (forbid-direct-akka-rpc-dependencies) @ flink-java ---
[INFO] Skipping Rule Enforcement.
[INFO] 
[INFO] --- enforcer:3.0.0-M1:enforce (forbid-direct-table-planner-dependencies) @ flink-java ---
[INFO] Skipping Rule Enforcement.
[INFO] 
[INFO] --- enforcer:3.0.0-M1:enforce (enforce-versions) @ flink-java ---
[INFO] Skipping Rule Enforcement.
[INFO] 
[INFO] --- directory:0.1:directory-of (directories) @ flink-java ---
[INFO] Directory of org.apache.flink:flink-parent set to: /home/runner/work/sonar-analysis/sonar-analysis/project
[INFO] 
[INFO] --- remote-resources:1.5:process (process-resource-bundles) @ flink-java ---
[INFO] 
[INFO] --- resources:3.1.0:resources (default-resources) @ flink-java ---
[INFO] Using 'UTF-8' encoding to copy filtered resources.
[INFO] skip non existing resourceDirectory /home/runner/work/sonar-analysis/sonar-analysis/project/flink-java/src/main/resources
[INFO] Copying 3 resources
[INFO] 
[INFO] --- compiler:3.8.0:compile (default-compile) @ flink-java ---
[INFO] Compiling 147 source files to /home/runner/work/sonar-analysis/sonar-analysis/project/flink-java/target/classes
[INFO] /home/runner/work/sonar-analysis/sonar-analysis/project/flink-java/src/main/java/org/apache/flink/api/java/operators/translation/PlanProjectOperator.java: Some input files use or override a deprecated API.
[INFO] /home/runner/work/sonar-analysis/sonar-analysis/project/flink-java/src/main/java/org/apache/flink/api/java/operators/translation/PlanProjectOperator.java: Recompile with -Xlint:deprecation for details.
[INFO] /home/runner/work/sonar-analysis/sonar-analysis/project/flink-java/src/main/java/org/apache/flink/api/java/utils/ParameterTool.java: Some input files use unchecked or unsafe operations.
[INFO] /home/runner/work/sonar-analysis/sonar-analysis/project/flink-java/src/main/java/org/apache/flink/api/java/utils/ParameterTool.java: Recompile with -Xlint:unchecked for details.
[INFO] 
[INFO] --- resources:3.1.0:testResources (default-testResources) @ flink-java ---
[INFO] Using 'UTF-8' encoding to copy filtered resources.
[INFO] Copying 2 resources
[INFO] Copying 3 resources
[INFO] 
[INFO] --- compiler:3.8.0:testCompile (default-testCompile) @ flink-java ---
[INFO] Compiling 81 source files to /home/runner/work/sonar-analysis/sonar-analysis/project/flink-java/target/test-classes
[INFO] /home/runner/work/sonar-analysis/sonar-analysis/project/flink-java/src/test/java/org/apache/flink/api/java/io/CollectionInputFormatTest.java: Some input files use or override a deprecated API.
[INFO] /home/runner/work/sonar-analysis/sonar-analysis/project/flink-java/src/test/java/org/apache/flink/api/java/io/CollectionInputFormatTest.java: Recompile with -Xlint:deprecation for details.
[INFO] /home/runner/work/sonar-analysis/sonar-analysis/project/flink-java/src/test/java/org/apache/flink/api/java/utils/AbstractParameterToolTest.java: Some input files use unchecked or unsafe operations.
[INFO] /home/runner/work/sonar-analysis/sonar-analysis/project/flink-java/src/test/java/org/apache/flink/api/java/utils/AbstractParameterToolTest.java: Recompile with -Xlint:unchecked for details.
[INFO] 
[INFO] --- surefire:3.0.0-M5:test (default-test) @ flink-java ---
[INFO] Tests are skipped.
[INFO] 
[INFO] --- jar:2.4:jar (default-jar) @ flink-java ---
[INFO] Building jar: /home/runner/work/sonar-analysis/sonar-analysis/project/flink-java/target/flink-java-1.16-SNAPSHOT.jar
[INFO] 
[INFO] --- jar:2.4:test-jar (default) @ flink-java ---
[INFO] Building jar: /home/runner/work/sonar-analysis/sonar-analysis/project/flink-java/target/flink-java-1.16-SNAPSHOT-tests.jar
[INFO] 
[INFO] --- shade:3.2.4:shade (shade-flink) @ flink-java ---
[INFO] Including org.apache.flink:flink-shaded-force-shading:jar:15.0 in the shaded jar.
[INFO] Excluding org.apache.flink:flink-core:jar:1.16-SNAPSHOT from the shaded jar.
[INFO] Excluding org.apache.flink:flink-annotations:jar:1.16-SNAPSHOT from the shaded jar.
[INFO] Excluding org.apache.flink:flink-metrics-core:jar:1.16-SNAPSHOT from the shaded jar.
[INFO] Excluding org.apache.flink:flink-shaded-asm-9:jar:9.2-15.0 from the shaded jar.
[INFO] Excluding org.apache.flink:flink-shaded-jackson:jar:2.12.4-15.0 from the shaded jar.
[INFO] Excluding com.esotericsoftware.kryo:kryo:jar:2.24.0 from the shaded jar.
[INFO] Excluding com.esotericsoftware.minlog:minlog:jar:1.2 from the shaded jar.
[INFO] Excluding commons-collections:commons-collections:jar:3.2.2 from the shaded jar.
[INFO] Excluding org.apache.commons:commons-compress:jar:1.21 from the shaded jar.
[INFO] Excluding org.apache.flink:flink-shaded-guava:jar:30.1.1-jre-15.0 from the shaded jar.
[INFO] Excluding org.apache.commons:commons-lang3:jar:3.3.2 from the shaded jar.
[INFO] Excluding org.apache.commons:commons-math3:jar:3.6.1 from the shaded jar.
[INFO] Excluding com.twitter:chill-java:jar:0.7.6 from the shaded jar.
[INFO] Excluding org.slf4j:slf4j-api:jar:1.7.32 from the shaded jar.
[INFO] Excluding com.google.code.findbugs:jsr305:jar:1.3.9 from the shaded jar.
[INFO] Excluding org.objenesis:objenesis:jar:2.1 from the shaded jar.
[INFO] No artifact matching filter io.netty:netty
[INFO] Replacing original artifact with shaded artifact.
[INFO] Replacing /home/runner/work/sonar-analysis/sonar-analysis/project/flink-java/target/flink-java-1.16-SNAPSHOT.jar with /home/runner/work/sonar-analysis/sonar-analysis/project/flink-java/target/flink-java-1.16-SNAPSHOT-shaded.jar
[INFO] Dependency-reduced POM written at: /home/runner/work/sonar-analysis/sonar-analysis/project/flink-java/target/dependency-reduced-pom.xml
[INFO] 
[INFO] --- surefire:3.0.0-M5:test (integration-tests) @ flink-java ---
[INFO] Tests are skipped.
[INFO] 
[INFO] --- japicmp:0.11.0:cmp (default) @ flink-java ---
[INFO] Written file '/home/runner/work/sonar-analysis/sonar-analysis/project/tools/japicmp-output/flink-java/japicmp/japicmp.diff'.
[INFO] Written file '/home/runner/work/sonar-analysis/sonar-analysis/project/tools/japicmp-output/flink-java/japicmp/japicmp.xml'.
[INFO] Written file '/home/runner/work/sonar-analysis/sonar-analysis/project/tools/japicmp-output/flink-java/japicmp/japicmp.html'.
[INFO] 
[INFO] --- install:2.5.2:install (default-install) @ flink-java ---
[INFO] Installing /home/runner/work/sonar-analysis/sonar-analysis/project/flink-java/target/flink-java-1.16-SNAPSHOT.jar to /home/runner/.m2/repository/org/apache/flink/flink-java/1.16-SNAPSHOT/flink-java-1.16-SNAPSHOT.jar
[INFO] Installing /home/runner/work/sonar-analysis/sonar-analysis/project/flink-java/target/dependency-reduced-pom.xml to /home/runner/.m2/repository/org/apache/flink/flink-java/1.16-SNAPSHOT/flink-java-1.16-SNAPSHOT.pom
[INFO] Installing /home/runner/work/sonar-analysis/sonar-analysis/project/flink-java/target/flink-java-1.16-SNAPSHOT-tests.jar to /home/runner/.m2/repository/org/apache/flink/flink-java/1.16-SNAPSHOT/flink-java-1.16-SNAPSHOT-tests.jar
[INFO] 
[INFO] -----------------< org.apache.flink:flink-connectors >------------------
[INFO] Building Flink : Connectors : 1.16-SNAPSHOT                     [14/212]
[INFO]   from flink-connectors/pom.xml
[INFO] --------------------------------[ pom ]---------------------------------
[INFO] 
[INFO] --- clean:3.1.0:clean (default-clean) @ flink-connectors ---
[INFO] Deleting /home/runner/work/sonar-analysis/sonar-analysis/project/flink-connectors/target
[INFO] 
[INFO] --- checkstyle:3.1.2:check (validate) @ flink-connectors ---
[INFO] 
[INFO] --- spotless:2.13.0:check (spotless-check) @ flink-connectors ---
[INFO] 
[INFO] --- enforcer:3.0.0-M1:enforce (enforce-maven-version) @ flink-connectors ---
[INFO] Skipping Rule Enforcement.
[INFO] 
[INFO] --- enforcer:3.0.0-M1:enforce (enforce-maven) @ flink-connectors ---
[INFO] Skipping Rule Enforcement.
[INFO] 
[INFO] --- enforcer:3.0.0-M1:enforce (ban-unsafe-snakeyaml) @ flink-connectors ---
[INFO] Skipping Rule Enforcement.
[INFO] 
[INFO] --- enforcer:3.0.0-M1:enforce (ban-unsafe-jackson) @ flink-connectors ---
[INFO] Skipping Rule Enforcement.
[INFO] 
[INFO] --- enforcer:3.0.0-M1:enforce (forbid-log4j-1) @ flink-connectors ---
[INFO] Skipping Rule Enforcement.
[INFO] 
[INFO] --- enforcer:3.0.0-M1:enforce (forbid-direct-akka-rpc-dependencies) @ flink-connectors ---
[INFO] Skipping Rule Enforcement.
[INFO] 
[INFO] --- enforcer:3.0.0-M1:enforce (forbid-direct-table-planner-dependencies) @ flink-connectors ---
[INFO] Skipping Rule Enforcement.
[INFO] 
[INFO] --- enforcer:3.0.0-M1:enforce (enforce-versions) @ flink-connectors ---
[INFO] Skipping Rule Enforcement.
[INFO] 
[INFO] --- directory:0.1:directory-of (directories) @ flink-connectors ---
[INFO] Directory of org.apache.flink:flink-parent set to: /home/runner/work/sonar-analysis/sonar-analysis/project
[INFO] 
[INFO] --- remote-resources:1.5:process (process-resource-bundles) @ flink-connectors ---
[INFO] 
[INFO] --- surefire:3.0.0-M5:test (default-test) @ flink-connectors ---
[INFO] Tests are skipped.
[INFO] 
[INFO] --- shade:3.2.4:shade (shade-flink) @ flink-connectors ---
[INFO] Including org.apache.flink:flink-shaded-force-shading:jar:15.0 in the shaded jar.
[INFO] No artifact matching filter io.netty:netty
[INFO] Replacing original artifact with shaded artifact.
[INFO] 
[INFO] --- surefire:3.0.0-M5:test (integration-tests) @ flink-connectors ---
[INFO] Tests are skipped.
[INFO] 
[INFO] --- install:2.5.2:install (default-install) @ flink-connectors ---
[INFO] Installing /home/runner/work/sonar-analysis/sonar-analysis/project/flink-connectors/pom.xml to /home/runner/.m2/repository/org/apache/flink/flink-connectors/1.16-SNAPSHOT/flink-connectors-1.16-SNAPSHOT.pom
[INFO] 
[INFO] --------------< org.apache.flink:flink-file-sink-common >---------------
[INFO] Building Flink : Connectors : File Sink Common 1.16-SNAPSHOT    [15/212]
[INFO]   from flink-connectors/flink-file-sink-common/pom.xml
[INFO] --------------------------------[ jar ]---------------------------------
[INFO] 
[INFO] --- clean:3.1.0:clean (default-clean) @ flink-file-sink-common ---
[INFO] Deleting /home/runner/work/sonar-analysis/sonar-analysis/project/flink-connectors/flink-file-sink-common/target
[INFO] 
[INFO] --- checkstyle:3.1.2:check (validate) @ flink-file-sink-common ---
[INFO] 
[INFO] --- spotless:2.13.0:check (spotless-check) @ flink-file-sink-common ---
[INFO] 
[INFO] --- enforcer:3.0.0-M1:enforce (enforce-maven-version) @ flink-file-sink-common ---
[INFO] Skipping Rule Enforcement.
[INFO] 
[INFO] --- enforcer:3.0.0-M1:enforce (enforce-maven) @ flink-file-sink-common ---
[INFO] Skipping Rule Enforcement.
[INFO] 
[INFO] --- enforcer:3.0.0-M1:enforce (ban-unsafe-snakeyaml) @ flink-file-sink-common ---
[INFO] Skipping Rule Enforcement.
[INFO] 
[INFO] --- enforcer:3.0.0-M1:enforce (ban-unsafe-jackson) @ flink-file-sink-common ---
[INFO] Skipping Rule Enforcement.
[INFO] 
[INFO] --- enforcer:3.0.0-M1:enforce (forbid-log4j-1) @ flink-file-sink-common ---
[INFO] Skipping Rule Enforcement.
[INFO] 
[INFO] --- enforcer:3.0.0-M1:enforce (forbid-direct-akka-rpc-dependencies) @ flink-file-sink-common ---
[INFO] Skipping Rule Enforcement.
[INFO] 
[INFO] --- enforcer:3.0.0-M1:enforce (forbid-direct-table-planner-dependencies) @ flink-file-sink-common ---
[INFO] Skipping Rule Enforcement.
[INFO] 
[INFO] --- enforcer:3.0.0-M1:enforce (enforce-versions) @ flink-file-sink-common ---
[INFO] Skipping Rule Enforcement.
[INFO] 
[INFO] --- directory:0.1:directory-of (directories) @ flink-file-sink-common ---
[INFO] Directory of org.apache.flink:flink-parent set to: /home/runner/work/sonar-analysis/sonar-analysis/project
[INFO] 
[INFO] --- remote-resources:1.5:process (process-resource-bundles) @ flink-file-sink-common ---
[INFO] 
[INFO] --- resources:3.1.0:resources (default-resources) @ flink-file-sink-common ---
[INFO] Using 'UTF-8' encoding to copy filtered resources.
[INFO] skip non existing resourceDirectory /home/runner/work/sonar-analysis/sonar-analysis/project/flink-connectors/flink-file-sink-common/src/main/resources
[INFO] Copying 3 resources
[INFO] 
[INFO] --- compiler:3.8.0:compile (default-compile) @ flink-file-sink-common ---
[INFO] Compiling 22 source files to /home/runner/work/sonar-analysis/sonar-analysis/project/flink-connectors/flink-file-sink-common/target/classes
[INFO] 
[INFO] --- resources:3.1.0:testResources (default-testResources) @ flink-file-sink-common ---
[INFO] Using 'UTF-8' encoding to copy filtered resources.
[INFO] Copying 6 resources
[INFO] Copying 3 resources
[INFO] 
[INFO] --- compiler:3.8.0:testCompile (default-testCompile) @ flink-file-sink-common ---
[INFO] Compiling 3 source files to /home/runner/work/sonar-analysis/sonar-analysis/project/flink-connectors/flink-file-sink-common/target/test-classes
[INFO] /home/runner/work/sonar-analysis/sonar-analysis/project/flink-connectors/flink-file-sink-common/src/test/java/org/apache/flink/streaming/api/functions/sink/filesystem/OutputStreamBasedPartFileRecoverableMigrationTest.java: /home/runner/work/sonar-analysis/sonar-analysis/project/flink-connectors/flink-file-sink-common/src/test/java/org/apache/flink/streaming/api/functions/sink/filesystem/OutputStreamBasedPartFileRecoverableMigrationTest.java uses or overrides a deprecated API.
[INFO] /home/runner/work/sonar-analysis/sonar-analysis/project/flink-connectors/flink-file-sink-common/src/test/java/org/apache/flink/streaming/api/functions/sink/filesystem/OutputStreamBasedPartFileRecoverableMigrationTest.java: Recompile with -Xlint:deprecation for details.
[INFO] /home/runner/work/sonar-analysis/sonar-analysis/project/flink-connectors/flink-file-sink-common/src/test/java/org/apache/flink/streaming/api/functions/sink/filesystem/bucketassigners/DateTimeBucketAssignerTest.java: /home/runner/work/sonar-analysis/sonar-analysis/project/flink-connectors/flink-file-sink-common/src/test/java/org/apache/flink/streaming/api/functions/sink/filesystem/bucketassigners/DateTimeBucketAssignerTest.java uses unchecked or unsafe operations.
[INFO] /home/runner/work/sonar-analysis/sonar-analysis/project/flink-connectors/flink-file-sink-common/src/test/java/org/apache/flink/streaming/api/functions/sink/filesystem/bucketassigners/DateTimeBucketAssignerTest.java: Recompile with -Xlint:unchecked for details.
[INFO] 
[INFO] --- surefire:3.0.0-M5:test (default-test) @ flink-file-sink-common ---
[INFO] Tests are skipped.
[INFO] 
[INFO] --- jar:2.4:jar (default-jar) @ flink-file-sink-common ---
[INFO] Building jar: /home/runner/work/sonar-analysis/sonar-analysis/project/flink-connectors/flink-file-sink-common/target/flink-file-sink-common-1.16-SNAPSHOT.jar
[INFO] 
[INFO] --- jar:2.4:test-jar (default) @ flink-file-sink-common ---
[INFO] Building jar: /home/runner/work/sonar-analysis/sonar-analysis/project/flink-connectors/flink-file-sink-common/target/flink-file-sink-common-1.16-SNAPSHOT-tests.jar
[INFO] 
[INFO] --- shade:3.2.4:shade (shade-flink) @ flink-file-sink-common ---
[INFO] Including org.apache.flink:flink-shaded-force-shading:jar:15.0 in the shaded jar.
[INFO] No artifact matching filter io.netty:netty
[INFO] Replacing original artifact with shaded artifact.
[INFO] Replacing /home/runner/work/sonar-analysis/sonar-analysis/project/flink-connectors/flink-file-sink-common/target/flink-file-sink-common-1.16-SNAPSHOT.jar with /home/runner/work/sonar-analysis/sonar-analysis/project/flink-connectors/flink-file-sink-common/target/flink-file-sink-common-1.16-SNAPSHOT-shaded.jar
[INFO] Dependency-reduced POM written at: /home/runner/work/sonar-analysis/sonar-analysis/project/flink-connectors/flink-file-sink-common/target/dependency-reduced-pom.xml
[INFO] 
[INFO] --- surefire:3.0.0-M5:test (integration-tests) @ flink-file-sink-common ---
[INFO] Tests are skipped.
[INFO] 
[INFO] --- install:2.5.2:install (default-install) @ flink-file-sink-common ---
[INFO] Installing /home/runner/work/sonar-analysis/sonar-analysis/project/flink-connectors/flink-file-sink-common/target/flink-file-sink-common-1.16-SNAPSHOT.jar to /home/runner/.m2/repository/org/apache/flink/flink-file-sink-common/1.16-SNAPSHOT/flink-file-sink-common-1.16-SNAPSHOT.jar
[INFO] Installing /home/runner/work/sonar-analysis/sonar-analysis/project/flink-connectors/flink-file-sink-common/target/dependency-reduced-pom.xml to /home/runner/.m2/repository/org/apache/flink/flink-file-sink-common/1.16-SNAPSHOT/flink-file-sink-common-1.16-SNAPSHOT.pom
[INFO] Installing /home/runner/work/sonar-analysis/sonar-analysis/project/flink-connectors/flink-file-sink-common/target/flink-file-sink-common-1.16-SNAPSHOT-tests.jar to /home/runner/.m2/repository/org/apache/flink/flink-file-sink-common/1.16-SNAPSHOT/flink-file-sink-common-1.16-SNAPSHOT-tests.jar
[INFO] 
[INFO] ---------------------< org.apache.flink:flink-rpc >---------------------
[INFO] Building Flink : RPC : 1.16-SNAPSHOT                            [16/212]
[INFO]   from flink-rpc/pom.xml
[INFO] --------------------------------[ pom ]---------------------------------
[INFO] 
[INFO] --- clean:3.1.0:clean (default-clean) @ flink-rpc ---
[INFO] Deleting /home/runner/work/sonar-analysis/sonar-analysis/project/flink-rpc/target
[INFO] 
[INFO] --- checkstyle:3.1.2:check (validate) @ flink-rpc ---
[INFO] 
[INFO] --- spotless:2.13.0:check (spotless-check) @ flink-rpc ---
[INFO] 
[INFO] --- enforcer:3.0.0-M1:enforce (enforce-maven-version) @ flink-rpc ---
[INFO] Skipping Rule Enforcement.
[INFO] 
[INFO] --- enforcer:3.0.0-M1:enforce (enforce-maven) @ flink-rpc ---
[INFO] Skipping Rule Enforcement.
[INFO] 
[INFO] --- enforcer:3.0.0-M1:enforce (ban-unsafe-snakeyaml) @ flink-rpc ---
[INFO] Skipping Rule Enforcement.
[INFO] 
[INFO] --- enforcer:3.0.0-M1:enforce (ban-unsafe-jackson) @ flink-rpc ---
[INFO] Skipping Rule Enforcement.
[INFO] 
[INFO] --- enforcer:3.0.0-M1:enforce (forbid-log4j-1) @ flink-rpc ---
[INFO] Skipping Rule Enforcement.
[INFO] 
[INFO] --- enforcer:3.0.0-M1:enforce (forbid-direct-akka-rpc-dependencies) @ flink-rpc ---
[INFO] Skipping Rule Enforcement.
[INFO] 
[INFO] --- enforcer:3.0.0-M1:enforce (forbid-direct-table-planner-dependencies) @ flink-rpc ---
[INFO] Skipping Rule Enforcement.
[INFO] 
[INFO] --- enforcer:3.0.0-M1:enforce (enforce-versions) @ flink-rpc ---
[INFO] Skipping Rule Enforcement.
[INFO] 
[INFO] --- directory:0.1:directory-of (directories) @ flink-rpc ---
[INFO] Directory of org.apache.flink:flink-parent set to: /home/runner/work/sonar-analysis/sonar-analysis/project
[INFO] 
[INFO] --- remote-resources:1.5:process (process-resource-bundles) @ flink-rpc ---
[INFO] 
[INFO] --- surefire:3.0.0-M5:test (default-test) @ flink-rpc ---
[INFO] Tests are skipped.
[INFO] 
[INFO] --- shade:3.2.4:shade (shade-flink) @ flink-rpc ---
[INFO] Including org.apache.flink:flink-shaded-force-shading:jar:15.0 in the shaded jar.
[INFO] Excluding org.slf4j:slf4j-api:jar:1.7.32 from the shaded jar.
[INFO] Excluding com.google.code.findbugs:jsr305:jar:1.3.9 from the shaded jar.
[INFO] No artifact matching filter io.netty:netty
[INFO] Replacing original artifact with shaded artifact.
[INFO] 
[INFO] --- surefire:3.0.0-M5:test (integration-tests) @ flink-rpc ---
[INFO] Tests are skipped.
[INFO] 
[INFO] --- install:2.5.2:install (default-install) @ flink-rpc ---
[INFO] Installing /home/runner/work/sonar-analysis/sonar-analysis/project/flink-rpc/pom.xml to /home/runner/.m2/repository/org/apache/flink/flink-rpc/1.16-SNAPSHOT/flink-rpc-1.16-SNAPSHOT.pom
[INFO] 
[INFO] ------------------< org.apache.flink:flink-rpc-core >-------------------
[INFO] Building Flink : RPC : Core 1.16-SNAPSHOT                       [17/212]
[INFO]   from flink-rpc/flink-rpc-core/pom.xml
[INFO] --------------------------------[ jar ]---------------------------------
[INFO] 
[INFO] --- clean:3.1.0:clean (default-clean) @ flink-rpc-core ---
[INFO] Deleting /home/runner/work/sonar-analysis/sonar-analysis/project/flink-rpc/flink-rpc-core/target
[INFO] 
[INFO] --- checkstyle:3.1.2:check (validate) @ flink-rpc-core ---
[INFO] 
[INFO] --- spotless:2.13.0:check (spotless-check) @ flink-rpc-core ---
[INFO] 
[INFO] --- enforcer:3.0.0-M1:enforce (enforce-maven-version) @ flink-rpc-core ---
[INFO] Skipping Rule Enforcement.
[INFO] 
[INFO] --- enforcer:3.0.0-M1:enforce (enforce-maven) @ flink-rpc-core ---
[INFO] Skipping Rule Enforcement.
[INFO] 
[INFO] --- enforcer:3.0.0-M1:enforce (ban-unsafe-snakeyaml) @ flink-rpc-core ---
[INFO] Skipping Rule Enforcement.
[INFO] 
[INFO] --- enforcer:3.0.0-M1:enforce (ban-unsafe-jackson) @ flink-rpc-core ---
[INFO] Skipping Rule Enforcement.
[INFO] 
[INFO] --- enforcer:3.0.0-M1:enforce (forbid-log4j-1) @ flink-rpc-core ---
[INFO] Skipping Rule Enforcement.
[INFO] 
[INFO] --- enforcer:3.0.0-M1:enforce (forbid-direct-akka-rpc-dependencies) @ flink-rpc-core ---
[INFO] Skipping Rule Enforcement.
[INFO] 
[INFO] --- enforcer:3.0.0-M1:enforce (forbid-direct-table-planner-dependencies) @ flink-rpc-core ---
[INFO] Skipping Rule Enforcement.
[INFO] 
[INFO] --- enforcer:3.0.0-M1:enforce (enforce-versions) @ flink-rpc-core ---
[INFO] Skipping Rule Enforcement.
[INFO] 
[INFO] --- directory:0.1:directory-of (directories) @ flink-rpc-core ---
[INFO] Directory of org.apache.flink:flink-parent set to: /home/runner/work/sonar-analysis/sonar-analysis/project
[INFO] 
[INFO] --- remote-resources:1.5:process (process-resource-bundles) @ flink-rpc-core ---
[INFO] 
[INFO] --- resources:3.1.0:resources (default-resources) @ flink-rpc-core ---
[INFO] Using 'UTF-8' encoding to copy filtered resources.
[INFO] skip non existing resourceDirectory /home/runner/work/sonar-analysis/sonar-analysis/project/flink-rpc/flink-rpc-core/src/main/resources
[INFO] Copying 3 resources
[INFO] 
[INFO] --- compiler:3.8.0:compile (default-compile) @ flink-rpc-core ---
[INFO] Compiling 39 source files to /home/runner/work/sonar-analysis/sonar-analysis/project/flink-rpc/flink-rpc-core/target/classes
[INFO] /home/runner/work/sonar-analysis/sonar-analysis/project/flink-rpc/flink-rpc-core/src/main/java/org/apache/flink/runtime/rpc/RpcUtils.java: /home/runner/work/sonar-analysis/sonar-analysis/project/flink-rpc/flink-rpc-core/src/main/java/org/apache/flink/runtime/rpc/RpcUtils.java uses unchecked or unsafe operations.
[INFO] /home/runner/work/sonar-analysis/sonar-analysis/project/flink-rpc/flink-rpc-core/src/main/java/org/apache/flink/runtime/rpc/RpcUtils.java: Recompile with -Xlint:unchecked for details.
[INFO] 
[INFO] --- resources:3.1.0:testResources (default-testResources) @ flink-rpc-core ---
[INFO] Using 'UTF-8' encoding to copy filtered resources.
[INFO] Copying 1 resource
[INFO] Copying 3 resources
[INFO] 
[INFO] --- compiler:3.8.0:testCompile (default-testCompile) @ flink-rpc-core ---
[INFO] Compiling 1 source file to /home/runner/work/sonar-analysis/sonar-analysis/project/flink-rpc/flink-rpc-core/target/test-classes
[INFO] 
[INFO] --- surefire:3.0.0-M5:test (default-test) @ flink-rpc-core ---
[INFO] Tests are skipped.
[INFO] 
[INFO] --- jar:2.4:jar (default-jar) @ flink-rpc-core ---
[INFO] Building jar: /home/runner/work/sonar-analysis/sonar-analysis/project/flink-rpc/flink-rpc-core/target/flink-rpc-core-1.16-SNAPSHOT.jar
[INFO] 
[INFO] --- shade:3.2.4:shade (shade-flink) @ flink-rpc-core ---
[INFO] Including org.apache.flink:flink-shaded-force-shading:jar:15.0 in the shaded jar.
[INFO] Excluding org.slf4j:slf4j-api:jar:1.7.32 from the shaded jar.
[INFO] Excluding com.google.code.findbugs:jsr305:jar:1.3.9 from the shaded jar.
[INFO] No artifact matching filter io.netty:netty
[INFO] Replacing original artifact with shaded artifact.
[INFO] Replacing /home/runner/work/sonar-analysis/sonar-analysis/project/flink-rpc/flink-rpc-core/target/flink-rpc-core-1.16-SNAPSHOT.jar with /home/runner/work/sonar-analysis/sonar-analysis/project/flink-rpc/flink-rpc-core/target/flink-rpc-core-1.16-SNAPSHOT-shaded.jar
[INFO] Dependency-reduced POM written at: /home/runner/work/sonar-analysis/sonar-analysis/project/flink-rpc/flink-rpc-core/target/dependency-reduced-pom.xml
[INFO] 
[INFO] --- surefire:3.0.0-M5:test (integration-tests) @ flink-rpc-core ---
[INFO] Tests are skipped.
[INFO] 
[INFO] --- install:2.5.2:install (default-install) @ flink-rpc-core ---
[INFO] Installing /home/runner/work/sonar-analysis/sonar-analysis/project/flink-rpc/flink-rpc-core/target/flink-rpc-core-1.16-SNAPSHOT.jar to /home/runner/.m2/repository/org/apache/flink/flink-rpc-core/1.16-SNAPSHOT/flink-rpc-core-1.16-SNAPSHOT.jar
[INFO] Installing /home/runner/work/sonar-analysis/sonar-analysis/project/flink-rpc/flink-rpc-core/target/dependency-reduced-pom.xml to /home/runner/.m2/repository/org/apache/flink/flink-rpc-core/1.16-SNAPSHOT/flink-rpc-core-1.16-SNAPSHOT.pom
[INFO] 
[INFO] ------------------< org.apache.flink:flink-rpc-akka >-------------------
[INFO] Building Flink : RPC : Akka 1.16-SNAPSHOT                       [18/212]
[INFO]   from flink-rpc/flink-rpc-akka/pom.xml
[INFO] --------------------------------[ jar ]---------------------------------
[INFO] 
[INFO] --- clean:3.1.0:clean (default-clean) @ flink-rpc-akka ---
[INFO] Deleting /home/runner/work/sonar-analysis/sonar-analysis/project/flink-rpc/flink-rpc-akka/target
[INFO] 
[INFO] --- checkstyle:3.1.2:check (validate) @ flink-rpc-akka ---
[INFO] 
[INFO] --- spotless:2.13.0:check (spotless-check) @ flink-rpc-akka ---
[INFO] 
[INFO] --- enforcer:3.0.0-M1:enforce (enforce-maven-version) @ flink-rpc-akka ---
[INFO] Skipping Rule Enforcement.
[INFO] 
[INFO] --- enforcer:3.0.0-M1:enforce (enforce-maven) @ flink-rpc-akka ---
[INFO] Skipping Rule Enforcement.
[INFO] 
[INFO] --- enforcer:3.0.0-M1:enforce (ban-unsafe-snakeyaml) @ flink-rpc-akka ---
[INFO] Skipping Rule Enforcement.
[INFO] 
[INFO] --- enforcer:3.0.0-M1:enforce (ban-unsafe-jackson) @ flink-rpc-akka ---
[INFO] Skipping Rule Enforcement.
[INFO] 
[INFO] --- enforcer:3.0.0-M1:enforce (forbid-log4j-1) @ flink-rpc-akka ---
[INFO] Skipping Rule Enforcement.
[INFO] 
[INFO] --- enforcer:3.0.0-M1:enforce (forbid-direct-akka-rpc-dependencies) @ flink-rpc-akka ---
[INFO] Skipping Rule Enforcement.
[INFO] 
[INFO] --- enforcer:3.0.0-M1:enforce (forbid-direct-table-planner-dependencies) @ flink-rpc-akka ---
[INFO] Skipping Rule Enforcement.
[INFO] 
[INFO] --- directory:0.1:directory-of (directories) @ flink-rpc-akka ---
[INFO] Directory of org.apache.flink:flink-parent set to: /home/runner/work/sonar-analysis/sonar-analysis/project
[INFO] 
[INFO] --- remote-resources:1.5:process (process-resource-bundles) @ flink-rpc-akka ---
[INFO] 
[INFO] --- resources:3.1.0:resources (default-resources) @ flink-rpc-akka ---
[INFO] Using 'UTF-8' encoding to copy filtered resources.
[INFO] Copying 6 resources
[INFO] Copying 3 resources
[INFO] 
[INFO] --- compiler:3.8.0:compile (default-compile) @ flink-rpc-akka ---
[INFO] Compiling 30 source files to /home/runner/work/sonar-analysis/sonar-analysis/project/flink-rpc/flink-rpc-akka/target/classes
[INFO] /home/runner/work/sonar-analysis/sonar-analysis/project/flink-rpc/flink-rpc-akka/src/main/java/org/apache/flink/runtime/rpc/akka/CustomSSLEngineProvider.java: Some input files use or override a deprecated API.
[INFO] /home/runner/work/sonar-analysis/sonar-analysis/project/flink-rpc/flink-rpc-akka/src/main/java/org/apache/flink/runtime/rpc/akka/CustomSSLEngineProvider.java: Recompile with -Xlint:deprecation for details.
[INFO] 
[INFO] --- resources:3.1.0:testResources (default-testResources) @ flink-rpc-akka ---
[INFO] Using 'UTF-8' encoding to copy filtered resources.
[INFO] Copying 2 resources
[INFO] Copying 3 resources
[INFO] 
[INFO] --- compiler:3.8.0:testCompile (default-testCompile) @ flink-rpc-akka ---
[INFO] Compiling 18 source files to /home/runner/work/sonar-analysis/sonar-analysis/project/flink-rpc/flink-rpc-akka/target/test-classes
[INFO] /home/runner/work/sonar-analysis/sonar-analysis/project/flink-rpc/flink-rpc-akka/src/test/java/org/apache/flink/runtime/rpc/akka/AkkaRpcServiceTest.java: /home/runner/work/sonar-analysis/sonar-analysis/project/flink-rpc/flink-rpc-akka/src/test/java/org/apache/flink/runtime/rpc/akka/AkkaRpcServiceTest.java uses unchecked or unsafe operations.
[INFO] /home/runner/work/sonar-analysis/sonar-analysis/project/flink-rpc/flink-rpc-akka/src/test/java/org/apache/flink/runtime/rpc/akka/AkkaRpcServiceTest.java: Recompile with -Xlint:unchecked for details.
[INFO] 
[INFO] --- surefire:3.0.0-M5:test (default-test) @ flink-rpc-akka ---
[INFO] Tests are skipped.
[INFO] 
[INFO] --- jar:2.4:jar (default-jar) @ flink-rpc-akka ---
[INFO] Building jar: /home/runner/work/sonar-analysis/sonar-analysis/project/flink-rpc/flink-rpc-akka/target/flink-rpc-akka-1.16-SNAPSHOT.jar
[INFO] 
[INFO] --- jar:2.4:test-jar (default) @ flink-rpc-akka ---
[INFO] Building jar: /home/runner/work/sonar-analysis/sonar-analysis/project/flink-rpc/flink-rpc-akka/target/flink-rpc-akka-1.16-SNAPSHOT-tests.jar
[INFO] 
[INFO] --- shade:3.2.4:shade (shade-flink) @ flink-rpc-akka ---
[INFO] Including org.scala-lang:scala-library:jar:2.12.7 in the shaded jar.
[INFO] Including org.scala-lang:scala-compiler:jar:2.12.7 in the shaded jar.
[INFO] Including org.scala-lang:scala-reflect:jar:2.12.7 in the shaded jar.
[INFO] Including org.scala-lang.modules:scala-xml_2.12:jar:1.0.6 in the shaded jar.
[INFO] Including com.typesafe.akka:akka-actor_2.12:jar:2.6.15 in the shaded jar.
[INFO] Including com.typesafe:config:jar:1.4.0 in the shaded jar.
[INFO] Including org.scala-lang.modules:scala-java8-compat_2.12:jar:0.8.0 in the shaded jar.
[INFO] Including com.typesafe.akka:akka-remote_2.12:jar:2.6.15 in the shaded jar.
[INFO] Including com.typesafe.akka:akka-stream_2.12:jar:2.6.15 in the shaded jar.
[INFO] Including com.typesafe.akka:akka-protobuf-v3_2.12:jar:2.6.15 in the shaded jar.
[INFO] Including org.reactivestreams:reactive-streams:jar:1.0.3 in the shaded jar.
[INFO] Including com.typesafe:ssl-config-core_2.12:jar:0.4.2 in the shaded jar.
[INFO] Including org.scala-lang.modules:scala-parser-combinators_2.12:jar:1.1.2 in the shaded jar.
[INFO] Including com.typesafe.akka:akka-pki_2.12:jar:2.6.15 in the shaded jar.
[INFO] Including com.hierynomus:asn-one:jar:0.5.0 in the shaded jar.
[INFO] Including org.agrona:agrona:jar:1.9.0 in the shaded jar.
[INFO] Including com.typesafe.akka:akka-slf4j_2.12:jar:2.6.15 in the shaded jar.
[INFO] Including io.netty:netty:jar:3.10.6.Final in the shaded jar.
[INFO] Including org.apache.flink:flink-shaded-force-shading:jar:15.0 in the shaded jar.
[WARNING] agrona-1.9.0.jar, akka-actor_2.12-2.6.15.jar, akka-pki_2.12-2.6.15.jar, akka-protobuf-v3_2.12-2.6.15.jar, akka-remote_2.12-2.6.15.jar, akka-slf4j_2.12-2.6.15.jar, akka-stream_2.12-2.6.15.jar, asn-one-0.5.0.jar, config-1.4.0.jar, flink-rpc-akka-1.16-SNAPSHOT.jar, netty-3.10.6.Final.jar, reactive-streams-1.0.3.jar, scala-compiler-2.12.7.jar, scala-java8-compat_2.12-0.8.0.jar, scala-library-2.12.7.jar, scala-parser-combinators_2.12-1.1.2.jar, scala-reflect-2.12.7.jar, scala-xml_2.12-1.0.6.jar, ssl-config-core_2.12-0.4.2.jar define 1 overlapping resource: 
[WARNING]   - META-INF/MANIFEST.MF
[WARNING] scala-compiler-2.12.7.jar, scala-library-2.12.7.jar define 1 overlapping resource: 
[WARNING]   - rootdoc.txt
[WARNING] maven-shade-plugin has detected that some class files are
[WARNING] present in two or more JARs. When this happens, only one
[WARNING] single version of the class is copied to the uber jar.
[WARNING] Usually this is not harmful and you can skip these warnings,
[WARNING] otherwise try to manually exclude artifacts based on
[WARNING] mvn dependency:tree -Ddetail=true and the above output.
[WARNING] See http://maven.apache.org/plugins/maven-shade-plugin/
[INFO] Replacing original artifact with shaded artifact.
[INFO] Replacing /home/runner/work/sonar-analysis/sonar-analysis/project/flink-rpc/flink-rpc-akka/target/flink-rpc-akka-1.16-SNAPSHOT.jar with /home/runner/work/sonar-analysis/sonar-analysis/project/flink-rpc/flink-rpc-akka/target/flink-rpc-akka-1.16-SNAPSHOT-shaded.jar
[INFO] Dependency-reduced POM written at: /home/runner/work/sonar-analysis/sonar-analysis/project/flink-rpc/flink-rpc-akka/target/dependency-reduced-pom.xml
[INFO] 
[INFO] --- surefire:3.0.0-M5:test (integration-tests) @ flink-rpc-akka ---
[INFO] Tests are skipped.
[INFO] 
[INFO] --- install:2.5.2:install (default-install) @ flink-rpc-akka ---
[INFO] Installing /home/runner/work/sonar-analysis/sonar-analysis/project/flink-rpc/flink-rpc-akka/target/flink-rpc-akka-1.16-SNAPSHOT.jar to /home/runner/.m2/repository/org/apache/flink/flink-rpc-akka/1.16-SNAPSHOT/flink-rpc-akka-1.16-SNAPSHOT.jar
[INFO] Installing /home/runner/work/sonar-analysis/sonar-analysis/project/flink-rpc/flink-rpc-akka/target/dependency-reduced-pom.xml to /home/runner/.m2/repository/org/apache/flink/flink-rpc-akka/1.16-SNAPSHOT/flink-rpc-akka-1.16-SNAPSHOT.pom
[INFO] Installing /home/runner/work/sonar-analysis/sonar-analysis/project/flink-rpc/flink-rpc-akka/target/flink-rpc-akka-1.16-SNAPSHOT-tests.jar to /home/runner/.m2/repository/org/apache/flink/flink-rpc-akka/1.16-SNAPSHOT/flink-rpc-akka-1.16-SNAPSHOT-tests.jar
[INFO] 
[INFO] ---------------< org.apache.flink:flink-rpc-akka-loader >---------------
[INFO] Building Flink : RPC : Akka-Loader 1.16-SNAPSHOT                [19/212]
[INFO]   from flink-rpc/flink-rpc-akka-loader/pom.xml
[INFO] --------------------------------[ jar ]---------------------------------
[INFO] 
[INFO] --- clean:3.1.0:clean (default-clean) @ flink-rpc-akka-loader ---
[INFO] Deleting /home/runner/work/sonar-analysis/sonar-analysis/project/flink-rpc/flink-rpc-akka-loader/target
[INFO] 
[INFO] --- checkstyle:3.1.2:check (validate) @ flink-rpc-akka-loader ---
[INFO] 
[INFO] --- spotless:2.13.0:check (spotless-check) @ flink-rpc-akka-loader ---
[INFO] 
[INFO] --- enforcer:3.0.0-M1:enforce (enforce-maven-version) @ flink-rpc-akka-loader ---
[INFO] Skipping Rule Enforcement.
[INFO] 
[INFO] --- enforcer:3.0.0-M1:enforce (enforce-maven) @ flink-rpc-akka-loader ---
[INFO] Skipping Rule Enforcement.
[INFO] 
[INFO] --- enforcer:3.0.0-M1:enforce (ban-unsafe-snakeyaml) @ flink-rpc-akka-loader ---
[INFO] Skipping Rule Enforcement.
[INFO] 
[INFO] --- enforcer:3.0.0-M1:enforce (ban-unsafe-jackson) @ flink-rpc-akka-loader ---
[INFO] Skipping Rule Enforcement.
[INFO] 
[INFO] --- enforcer:3.0.0-M1:enforce (forbid-log4j-1) @ flink-rpc-akka-loader ---
[INFO] Skipping Rule Enforcement.
[INFO] 
[INFO] --- enforcer:3.0.0-M1:enforce (forbid-direct-table-planner-dependencies) @ flink-rpc-akka-loader ---
[INFO] Skipping Rule Enforcement.
[INFO] 
[INFO] --- enforcer:3.0.0-M1:enforce (enforce-versions) @ flink-rpc-akka-loader ---
[INFO] Skipping Rule Enforcement.
[INFO] 
[INFO] --- directory:0.1:directory-of (directories) @ flink-rpc-akka-loader ---
[INFO] Directory of org.apache.flink:flink-parent set to: /home/runner/work/sonar-analysis/sonar-analysis/project
[INFO] 
[INFO] --- remote-resources:1.5:process (process-resource-bundles) @ flink-rpc-akka-loader ---
[INFO] 
[INFO] --- resources:3.1.0:resources (default-resources) @ flink-rpc-akka-loader ---
[INFO] Using 'UTF-8' encoding to copy filtered resources.
[INFO] Copying 1 resource
[INFO] Copying 3 resources
[INFO] 
[INFO] --- compiler:3.8.0:compile (default-compile) @ flink-rpc-akka-loader ---
[INFO] Compiling 2 source files to /home/runner/work/sonar-analysis/sonar-analysis/project/flink-rpc/flink-rpc-akka-loader/target/classes
[INFO] 
[INFO] --- resources:3.1.0:testResources (default-testResources) @ flink-rpc-akka-loader ---
[INFO] Using 'UTF-8' encoding to copy filtered resources.
[INFO] Copying 2 resources
[INFO] Copying 3 resources
[INFO] 
[INFO] --- compiler:3.8.0:testCompile (default-testCompile) @ flink-rpc-akka-loader ---
[INFO] Compiling 2 source files to /home/runner/work/sonar-analysis/sonar-analysis/project/flink-rpc/flink-rpc-akka-loader/target/test-classes
[INFO] 
[INFO] --- surefire:3.0.0-M5:test (default-test) @ flink-rpc-akka-loader ---
[INFO] Tests are skipped.
[INFO] 
[INFO] --- dependency:3.2.0:copy (copy-rpc-akka-jars) @ flink-rpc-akka-loader ---
[INFO] Configured Artifact: org.apache.flink:flink-rpc-akka:1.16-SNAPSHOT:jar
[INFO] Copying flink-rpc-akka-1.16-SNAPSHOT.jar to /home/runner/work/sonar-analysis/sonar-analysis/project/flink-rpc/flink-rpc-akka-loader/target/classes/flink-rpc-akka.jar
[INFO] 
[INFO] --- jar:2.4:jar (default-jar) @ flink-rpc-akka-loader ---
[INFO] Building jar: /home/runner/work/sonar-analysis/sonar-analysis/project/flink-rpc/flink-rpc-akka-loader/target/flink-rpc-akka-loader-1.16-SNAPSHOT.jar
[INFO] 
[INFO] --- jar:2.4:test-jar (default) @ flink-rpc-akka-loader ---
[INFO] Building jar: /home/runner/work/sonar-analysis/sonar-analysis/project/flink-rpc/flink-rpc-akka-loader/target/flink-rpc-akka-loader-1.16-SNAPSHOT-tests.jar
[INFO] 
[INFO] --- shade:3.2.4:shade (shade-flink) @ flink-rpc-akka-loader ---
[INFO] Including org.apache.flink:flink-rpc-akka:jar:1.16-SNAPSHOT in the shaded jar.
[INFO] Excluding org.apache.flink:flink-core:jar:1.16-SNAPSHOT from the shaded jar.
[INFO] Excluding org.apache.flink:flink-annotations:jar:1.16-SNAPSHOT from the shaded jar.
[INFO] Excluding org.apache.flink:flink-metrics-core:jar:1.16-SNAPSHOT from the shaded jar.
[INFO] Excluding org.apache.flink:flink-shaded-asm-9:jar:9.2-15.0 from the shaded jar.
[INFO] Excluding org.apache.flink:flink-shaded-jackson:jar:2.12.4-15.0 from the shaded jar.
[INFO] Excluding org.apache.commons:commons-lang3:jar:3.3.2 from the shaded jar.
[INFO] Excluding com.esotericsoftware.kryo:kryo:jar:2.24.0 from the shaded jar.
[INFO] Excluding com.esotericsoftware.minlog:minlog:jar:1.2 from the shaded jar.
[INFO] Excluding commons-collections:commons-collections:jar:3.2.2 from the shaded jar.
[INFO] Excluding org.apache.commons:commons-compress:jar:1.21 from the shaded jar.
[INFO] Excluding org.apache.flink:flink-shaded-guava:jar:30.1.1-jre-15.0 from the shaded jar.
[INFO] Excluding org.apache.flink:flink-rpc-core:jar:1.16-SNAPSHOT from the shaded jar.
[INFO] Excluding org.apache.flink:flink-shaded-force-shading:jar:15.0 from the shaded jar.
[INFO] Excluding org.slf4j:slf4j-api:jar:1.7.32 from the shaded jar.
[INFO] Excluding com.google.code.findbugs:jsr305:jar:1.3.9 from the shaded jar.
[INFO] Excluding org.objenesis:objenesis:jar:2.1 from the shaded jar.
[INFO] No artifact matching filter io.netty:netty
[INFO] Replacing original artifact with shaded artifact.
[INFO] Replacing /home/runner/work/sonar-analysis/sonar-analysis/project/flink-rpc/flink-rpc-akka-loader/target/flink-rpc-akka-loader-1.16-SNAPSHOT.jar with /home/runner/work/sonar-analysis/sonar-analysis/project/flink-rpc/flink-rpc-akka-loader/target/flink-rpc-akka-loader-1.16-SNAPSHOT-shaded.jar
[INFO] Dependency-reduced POM written at: /home/runner/work/sonar-analysis/sonar-analysis/project/flink-rpc/flink-rpc-akka-loader/target/dependency-reduced-pom.xml
[INFO] 
[INFO] --- surefire:3.0.0-M5:test (integration-tests) @ flink-rpc-akka-loader ---
[INFO] Tests are skipped.
[INFO] 
[INFO] --- install:2.5.2:install (default-install) @ flink-rpc-akka-loader ---
[INFO] Installing /home/runner/work/sonar-analysis/sonar-analysis/project/flink-rpc/flink-rpc-akka-loader/target/flink-rpc-akka-loader-1.16-SNAPSHOT.jar to /home/runner/.m2/repository/org/apache/flink/flink-rpc-akka-loader/1.16-SNAPSHOT/flink-rpc-akka-loader-1.16-SNAPSHOT.jar
[INFO] Installing /home/runner/work/sonar-analysis/sonar-analysis/project/flink-rpc/flink-rpc-akka-loader/target/dependency-reduced-pom.xml to /home/runner/.m2/repository/org/apache/flink/flink-rpc-akka-loader/1.16-SNAPSHOT/flink-rpc-akka-loader-1.16-SNAPSHOT.pom
[INFO] Installing /home/runner/work/sonar-analysis/sonar-analysis/project/flink-rpc/flink-rpc-akka-loader/target/flink-rpc-akka-loader-1.16-SNAPSHOT-tests.jar to /home/runner/.m2/repository/org/apache/flink/flink-rpc-akka-loader/1.16-SNAPSHOT/flink-rpc-akka-loader-1.16-SNAPSHOT-tests.jar
[INFO] 
[INFO] ---------------< org.apache.flink:flink-queryable-state >---------------
[INFO] Building Flink : Queryable state : 1.16-SNAPSHOT                [20/212]
[INFO]   from flink-queryable-state/pom.xml
[INFO] --------------------------------[ pom ]---------------------------------
[INFO] 
[INFO] --- clean:3.1.0:clean (default-clean) @ flink-queryable-state ---
[INFO] Deleting /home/runner/work/sonar-analysis/sonar-analysis/project/flink-queryable-state/target
[INFO] 
[INFO] --- checkstyle:3.1.2:check (validate) @ flink-queryable-state ---
[INFO] 
[INFO] --- spotless:2.13.0:check (spotless-check) @ flink-queryable-state ---
[INFO] 
[INFO] --- enforcer:3.0.0-M1:enforce (enforce-maven-version) @ flink-queryable-state ---
[INFO] Skipping Rule Enforcement.
[INFO] 
[INFO] --- enforcer:3.0.0-M1:enforce (enforce-maven) @ flink-queryable-state ---
[INFO] Skipping Rule Enforcement.
[INFO] 
[INFO] --- enforcer:3.0.0-M1:enforce (ban-unsafe-snakeyaml) @ flink-queryable-state ---
[INFO] Skipping Rule Enforcement.
[INFO] 
[INFO] --- enforcer:3.0.0-M1:enforce (ban-unsafe-jackson) @ flink-queryable-state ---
[INFO] Skipping Rule Enforcement.
[INFO] 
[INFO] --- enforcer:3.0.0-M1:enforce (forbid-log4j-1) @ flink-queryable-state ---
[INFO] Skipping Rule Enforcement.
[INFO] 
[INFO] --- enforcer:3.0.0-M1:enforce (forbid-direct-akka-rpc-dependencies) @ flink-queryable-state ---
[INFO] Skipping Rule Enforcement.
[INFO] 
[INFO] --- enforcer:3.0.0-M1:enforce (forbid-direct-table-planner-dependencies) @ flink-queryable-state ---
[INFO] Skipping Rule Enforcement.
[INFO] 
[INFO] --- enforcer:3.0.0-M1:enforce (enforce-versions) @ flink-queryable-state ---
[INFO] Skipping Rule Enforcement.
[INFO] 
[INFO] --- directory:0.1:directory-of (directories) @ flink-queryable-state ---
[INFO] Directory of org.apache.flink:flink-parent set to: /home/runner/work/sonar-analysis/sonar-analysis/project
[INFO] 
[INFO] --- remote-resources:1.5:process (process-resource-bundles) @ flink-queryable-state ---
[INFO] 
[INFO] --- surefire:3.0.0-M5:test (default-test) @ flink-queryable-state ---
[INFO] Tests are skipped.
[INFO] 
[INFO] --- shade:3.2.4:shade (shade-flink) @ flink-queryable-state ---
[INFO] Including org.apache.flink:flink-shaded-force-shading:jar:15.0 in the shaded jar.
[INFO] No artifact matching filter io.netty:netty
[INFO] Replacing original artifact with shaded artifact.
[INFO] 
[INFO] --- surefire:3.0.0-M5:test (integration-tests) @ flink-queryable-state ---
[INFO] Tests are skipped.
[INFO] 
[INFO] --- install:2.5.2:install (default-install) @ flink-queryable-state ---
[INFO] Installing /home/runner/work/sonar-analysis/sonar-analysis/project/flink-queryable-state/pom.xml to /home/runner/.m2/repository/org/apache/flink/flink-queryable-state/1.16-SNAPSHOT/flink-queryable-state-1.16-SNAPSHOT.pom
[INFO] 
[INFO] ---------< org.apache.flink:flink-queryable-state-client-java >---------
[INFO] Building Flink : Queryable state : Client Java 1.16-SNAPSHOT    [21/212]
[INFO]   from flink-queryable-state/flink-queryable-state-client-java/pom.xml
[INFO] --------------------------------[ jar ]---------------------------------
[INFO] 
[INFO] --- clean:3.1.0:clean (default-clean) @ flink-queryable-state-client-java ---
[INFO] Deleting /home/runner/work/sonar-analysis/sonar-analysis/project/flink-queryable-state/flink-queryable-state-client-java/target
[INFO] 
[INFO] --- checkstyle:3.1.2:check (validate) @ flink-queryable-state-client-java ---
[INFO] 
[INFO] --- spotless:2.13.0:check (spotless-check) @ flink-queryable-state-client-java ---
[INFO] 
[INFO] --- enforcer:3.0.0-M1:enforce (enforce-maven-version) @ flink-queryable-state-client-java ---
[INFO] Skipping Rule Enforcement.
[INFO] 
[INFO] --- enforcer:3.0.0-M1:enforce (enforce-maven) @ flink-queryable-state-client-java ---
[INFO] Skipping Rule Enforcement.
[INFO] 
[INFO] --- enforcer:3.0.0-M1:enforce (ban-unsafe-snakeyaml) @ flink-queryable-state-client-java ---
[INFO] Skipping Rule Enforcement.
[INFO] 
[INFO] --- enforcer:3.0.0-M1:enforce (ban-unsafe-jackson) @ flink-queryable-state-client-java ---
[INFO] Skipping Rule Enforcement.
[INFO] 
[INFO] --- enforcer:3.0.0-M1:enforce (forbid-log4j-1) @ flink-queryable-state-client-java ---
[INFO] Skipping Rule Enforcement.
[INFO] 
[INFO] --- enforcer:3.0.0-M1:enforce (forbid-direct-akka-rpc-dependencies) @ flink-queryable-state-client-java ---
[INFO] Skipping Rule Enforcement.
[INFO] 
[INFO] --- enforcer:3.0.0-M1:enforce (forbid-direct-table-planner-dependencies) @ flink-queryable-state-client-java ---
[INFO] Skipping Rule Enforcement.
[INFO] 
[INFO] --- enforcer:3.0.0-M1:enforce (enforce-versions) @ flink-queryable-state-client-java ---
[INFO] Skipping Rule Enforcement.
[INFO] 
[INFO] --- directory:0.1:directory-of (directories) @ flink-queryable-state-client-java ---
[INFO] Directory of org.apache.flink:flink-parent set to: /home/runner/work/sonar-analysis/sonar-analysis/project
[INFO] 
[INFO] --- remote-resources:1.5:process (process-resource-bundles) @ flink-queryable-state-client-java ---
[INFO] 
[INFO] --- resources:3.1.0:resources (default-resources) @ flink-queryable-state-client-java ---
[INFO] Using 'UTF-8' encoding to copy filtered resources.
[INFO] skip non existing resourceDirectory /home/runner/work/sonar-analysis/sonar-analysis/project/flink-queryable-state/flink-queryable-state-client-java/src/main/resources
[INFO] Copying 3 resources
[INFO] 
[INFO] --- compiler:3.8.0:compile (default-compile) @ flink-queryable-state-client-java ---
[INFO] Compiling 35 source files to /home/runner/work/sonar-analysis/sonar-analysis/project/flink-queryable-state/flink-queryable-state-client-java/target/classes
[INFO] /home/runner/work/sonar-analysis/sonar-analysis/project/flink-queryable-state/flink-queryable-state-client-java/src/main/java/org/apache/flink/queryablestate/network/NettyBufferPool.java: Some input files use or override a deprecated API.
[INFO] /home/runner/work/sonar-analysis/sonar-analysis/project/flink-queryable-state/flink-queryable-state-client-java/src/main/java/org/apache/flink/queryablestate/network/NettyBufferPool.java: Recompile with -Xlint:deprecation for details.
[INFO] 
[INFO] --- resources:3.1.0:testResources (default-testResources) @ flink-queryable-state-client-java ---
[INFO] Using 'UTF-8' encoding to copy filtered resources.
[INFO] Copying 1 resource
[INFO] Copying 3 resources
[INFO] 
[INFO] --- compiler:3.8.0:testCompile (default-testCompile) @ flink-queryable-state-client-java ---
[INFO] Compiling 6 source files to /home/runner/work/sonar-analysis/sonar-analysis/project/flink-queryable-state/flink-queryable-state-client-java/target/test-classes
[INFO] 
[INFO] --- surefire:3.0.0-M5:test (default-test) @ flink-queryable-state-client-java ---
[INFO] Tests are skipped.
[INFO] 
[INFO] --- jar:2.4:jar (default-jar) @ flink-queryable-state-client-java ---
[INFO] Building jar: /home/runner/work/sonar-analysis/sonar-analysis/project/flink-queryable-state/flink-queryable-state-client-java/target/flink-queryable-state-client-java-1.16-SNAPSHOT.jar
[INFO] 
[INFO] --- jar:2.4:test-jar (default) @ flink-queryable-state-client-java ---
[INFO] Building jar: /home/runner/work/sonar-analysis/sonar-analysis/project/flink-queryable-state/flink-queryable-state-client-java/target/flink-queryable-state-client-java-1.16-SNAPSHOT-tests.jar
[INFO] 
[INFO] --- shade:3.2.4:shade (shade-flink) @ flink-queryable-state-client-java ---
[INFO] Including org.apache.flink:flink-shaded-force-shading:jar:15.0 in the shaded jar.
[INFO] Excluding org.apache.flink:flink-shaded-netty:jar:4.1.70.Final-15.0 from the shaded jar.
[INFO] Excluding org.apache.flink:flink-shaded-guava:jar:30.1.1-jre-15.0 from the shaded jar.
[INFO] No artifact matching filter io.netty:netty
[INFO] Replacing original artifact with shaded artifact.
[INFO] Replacing /home/runner/work/sonar-analysis/sonar-analysis/project/flink-queryable-state/flink-queryable-state-client-java/target/flink-queryable-state-client-java-1.16-SNAPSHOT.jar with /home/runner/work/sonar-analysis/sonar-analysis/project/flink-queryable-state/flink-queryable-state-client-java/target/flink-queryable-state-client-java-1.16-SNAPSHOT-shaded.jar
[INFO] Dependency-reduced POM written at: /home/runner/work/sonar-analysis/sonar-analysis/project/flink-queryable-state/flink-queryable-state-client-java/target/dependency-reduced-pom.xml
[INFO] 
[INFO] --- surefire:3.0.0-M5:test (integration-tests) @ flink-queryable-state-client-java ---
[INFO] Tests are skipped.
[INFO] 
[INFO] --- install:2.5.2:install (default-install) @ flink-queryable-state-client-java ---
[INFO] Installing /home/runner/work/sonar-analysis/sonar-analysis/project/flink-queryable-state/flink-queryable-state-client-java/target/flink-queryable-state-client-java-1.16-SNAPSHOT.jar to /home/runner/.m2/repository/org/apache/flink/flink-queryable-state-client-java/1.16-SNAPSHOT/flink-queryable-state-client-java-1.16-SNAPSHOT.jar
[INFO] Installing /home/runner/work/sonar-analysis/sonar-analysis/project/flink-queryable-state/flink-queryable-state-client-java/target/dependency-reduced-pom.xml to /home/runner/.m2/repository/org/apache/flink/flink-queryable-state-client-java/1.16-SNAPSHOT/flink-queryable-state-client-java-1.16-SNAPSHOT.pom
[INFO] Installing /home/runner/work/sonar-analysis/sonar-analysis/project/flink-queryable-state/flink-queryable-state-client-java/target/flink-queryable-state-client-java-1.16-SNAPSHOT-tests.jar to /home/runner/.m2/repository/org/apache/flink/flink-queryable-state-client-java/1.16-SNAPSHOT/flink-queryable-state-client-java-1.16-SNAPSHOT-tests.jar
[INFO] 
[INFO] -----------------< org.apache.flink:flink-filesystems >-----------------
[INFO] Building Flink : FileSystems : 1.16-SNAPSHOT                    [22/212]
[INFO]   from flink-filesystems/pom.xml
[INFO] --------------------------------[ pom ]---------------------------------
[INFO] 
[INFO] --- clean:3.1.0:clean (default-clean) @ flink-filesystems ---
[INFO] Deleting /home/runner/work/sonar-analysis/sonar-analysis/project/flink-filesystems/target
[INFO] 
[INFO] --- checkstyle:3.1.2:check (validate) @ flink-filesystems ---
[INFO] 
[INFO] --- spotless:2.13.0:check (spotless-check) @ flink-filesystems ---
[INFO] 
[INFO] --- enforcer:3.0.0-M1:enforce (enforce-maven-version) @ flink-filesystems ---
[INFO] Skipping Rule Enforcement.
[INFO] 
[INFO] --- enforcer:3.0.0-M1:enforce (enforce-maven) @ flink-filesystems ---
[INFO] Skipping Rule Enforcement.
[INFO] 
[INFO] --- enforcer:3.0.0-M1:enforce (ban-unsafe-snakeyaml) @ flink-filesystems ---
[INFO] Skipping Rule Enforcement.
[INFO] 
[INFO] --- enforcer:3.0.0-M1:enforce (ban-unsafe-jackson) @ flink-filesystems ---
[INFO] Skipping Rule Enforcement.
[INFO] 
[INFO] --- enforcer:3.0.0-M1:enforce (forbid-log4j-1) @ flink-filesystems ---
[INFO] Skipping Rule Enforcement.
[INFO] 
[INFO] --- enforcer:3.0.0-M1:enforce (forbid-direct-akka-rpc-dependencies) @ flink-filesystems ---
[INFO] Skipping Rule Enforcement.
[INFO] 
[INFO] --- enforcer:3.0.0-M1:enforce (forbid-direct-table-planner-dependencies) @ flink-filesystems ---
[INFO] Skipping Rule Enforcement.
[INFO] 
[INFO] --- enforcer:3.0.0-M1:enforce (enforce-versions) @ flink-filesystems ---
[INFO] Skipping Rule Enforcement.
[INFO] 
[INFO] --- directory:0.1:directory-of (directories) @ flink-filesystems ---
[INFO] Directory of org.apache.flink:flink-parent set to: /home/runner/work/sonar-analysis/sonar-analysis/project
[INFO] 
[INFO] --- remote-resources:1.5:process (process-resource-bundles) @ flink-filesystems ---
[INFO] 
[INFO] --- surefire:3.0.0-M5:test (default-test) @ flink-filesystems ---
[INFO] Tests are skipped.
[INFO] 
[INFO] --- shade:3.2.4:shade (shade-flink) @ flink-filesystems ---
[INFO] Including org.apache.flink:flink-shaded-force-shading:jar:15.0 in the shaded jar.
[INFO] No artifact matching filter io.netty:netty
[INFO] Replacing original artifact with shaded artifact.
[INFO] 
[INFO] --- surefire:3.0.0-M5:test (integration-tests) @ flink-filesystems ---
[INFO] Tests are skipped.
[INFO] 
[INFO] --- install:2.5.2:install (default-install) @ flink-filesystems ---
[INFO] Installing /home/runner/work/sonar-analysis/sonar-analysis/project/flink-filesystems/pom.xml to /home/runner/.m2/repository/org/apache/flink/flink-filesystems/1.16-SNAPSHOT/flink-filesystems-1.16-SNAPSHOT.pom
[INFO] 
[INFO] ------------------< org.apache.flink:flink-hadoop-fs >------------------
[INFO] Building Flink : FileSystems : Hadoop FS 1.16-SNAPSHOT          [23/212]
[INFO]   from flink-filesystems/flink-hadoop-fs/pom.xml
[INFO] --------------------------------[ jar ]---------------------------------
[WARNING] 2 problems were encountered while building the effective model for org.apache.yetus:audience-annotations:jar:0.5.0 during dependency collection step for project (use -X to see details)
[INFO] 
[INFO] --- clean:3.1.0:clean (default-clean) @ flink-hadoop-fs ---
[INFO] Deleting /home/runner/work/sonar-analysis/sonar-analysis/project/flink-filesystems/flink-hadoop-fs/target
[INFO] 
[INFO] --- checkstyle:3.1.2:check (validate) @ flink-hadoop-fs ---
[INFO] 
[INFO] --- spotless:2.13.0:check (spotless-check) @ flink-hadoop-fs ---
[INFO] 
[INFO] --- enforcer:3.0.0-M1:enforce (enforce-maven-version) @ flink-hadoop-fs ---
[INFO] Skipping Rule Enforcement.
[INFO] 
[INFO] --- enforcer:3.0.0-M1:enforce (enforce-maven) @ flink-hadoop-fs ---
[INFO] Skipping Rule Enforcement.
[INFO] 
[INFO] --- enforcer:3.0.0-M1:enforce (ban-unsafe-snakeyaml) @ flink-hadoop-fs ---
[INFO] Skipping Rule Enforcement.
[INFO] 
[INFO] --- enforcer:3.0.0-M1:enforce (ban-unsafe-jackson) @ flink-hadoop-fs ---
[INFO] Skipping Rule Enforcement.
[INFO] 
[INFO] --- enforcer:3.0.0-M1:enforce (forbid-log4j-1) @ flink-hadoop-fs ---
[INFO] Skipping Rule Enforcement.
[INFO] 
[INFO] --- enforcer:3.0.0-M1:enforce (forbid-direct-akka-rpc-dependencies) @ flink-hadoop-fs ---
[INFO] Skipping Rule Enforcement.
[INFO] 
[INFO] --- enforcer:3.0.0-M1:enforce (forbid-direct-table-planner-dependencies) @ flink-hadoop-fs ---
[INFO] Skipping Rule Enforcement.
[INFO] 
[INFO] --- enforcer:3.0.0-M1:enforce (enforce-versions) @ flink-hadoop-fs ---
[INFO] Skipping Rule Enforcement.
[INFO] 
[INFO] --- directory:0.1:directory-of (directories) @ flink-hadoop-fs ---
[INFO] Directory of org.apache.flink:flink-parent set to: /home/runner/work/sonar-analysis/sonar-analysis/project
[INFO] 
[INFO] --- remote-resources:1.5:process (process-resource-bundles) @ flink-hadoop-fs ---
[INFO] 
[INFO] --- resources:3.1.0:resources (default-resources) @ flink-hadoop-fs ---
[INFO] Using 'UTF-8' encoding to copy filtered resources.
[INFO] skip non existing resourceDirectory /home/runner/work/sonar-analysis/sonar-analysis/project/flink-filesystems/flink-hadoop-fs/src/main/resources
[INFO] Copying 3 resources
[INFO] 
[INFO] --- compiler:3.8.0:compile (default-compile) @ flink-hadoop-fs ---
[INFO] Compiling 13 source files to /home/runner/work/sonar-analysis/sonar-analysis/project/flink-filesystems/flink-hadoop-fs/target/classes
[INFO] /home/runner/work/sonar-analysis/sonar-analysis/project/flink-filesystems/flink-hadoop-fs/src/main/java/org/apache/flink/runtime/util/HadoopConfigLoader.java: Some input files use or override a deprecated API.
[INFO] /home/runner/work/sonar-analysis/sonar-analysis/project/flink-filesystems/flink-hadoop-fs/src/main/java/org/apache/flink/runtime/util/HadoopConfigLoader.java: Recompile with -Xlint:deprecation for details.
[INFO] 
[INFO] --- resources:3.1.0:testResources (default-testResources) @ flink-hadoop-fs ---
[INFO] Using 'UTF-8' encoding to copy filtered resources.
[INFO] Copying 2 resources
[INFO] Copying 3 resources
[INFO] 
[INFO] --- compiler:3.8.0:testCompile (default-testCompile) @ flink-hadoop-fs ---
[INFO] Compiling 16 source files to /home/runner/work/sonar-analysis/sonar-analysis/project/flink-filesystems/flink-hadoop-fs/target/test-classes
[WARNING] /home/runner/work/sonar-analysis/sonar-analysis/project/flink-filesystems/flink-hadoop-fs/src/test/java/org/apache/flink/runtime/util/HadoopUtilsTest.java:[32,25] sun.security.krb5.KrbException is internal proprietary API and may be removed in a future release
[WARNING] /home/runner/work/sonar-analysis/sonar-analysis/project/flink-filesystems/flink-hadoop-fs/src/test/java/org/apache/flink/runtime/util/HadoopUtilsTest.java:[32,25] sun.security.krb5.KrbException is internal proprietary API and may be removed in a future release
[WARNING] /home/runner/work/sonar-analysis/sonar-analysis/project/flink-filesystems/flink-hadoop-fs/src/test/java/org/apache/flink/runtime/util/HadoopUtilsTest.java:[32,25] sun.security.krb5.KrbException is internal proprietary API and may be removed in a future release
[WARNING] /home/runner/work/sonar-analysis/sonar-analysis/project/flink-filesystems/flink-hadoop-fs/src/test/java/org/apache/flink/runtime/util/HadoopUtilsTest.java:[44,73] sun.security.krb5.KrbException is internal proprietary API and may be removed in a future release
[WARNING] /home/runner/work/sonar-analysis/sonar-analysis/project/flink-filesystems/flink-hadoop-fs/src/test/java/org/apache/flink/runtime/util/HadoopUtilsTest.java:[44,73] sun.security.krb5.KrbException is internal proprietary API and may be removed in a future release
[WARNING] /home/runner/work/sonar-analysis/sonar-analysis/project/flink-filesystems/flink-hadoop-fs/src/test/java/org/apache/flink/runtime/util/HadoopUtilsTest.java:[44,73] sun.security.krb5.KrbException is internal proprietary API and may be removed in a future release
[WARNING] /home/runner/work/sonar-analysis/sonar-analysis/project/flink-filesystems/flink-hadoop-fs/src/test/java/org/apache/flink/runtime/util/HadoopUtilsTest.java:[48,26] sun.security.krb5.Config is internal proprietary API and may be removed in a future release
[INFO] /home/runner/work/sonar-analysis/sonar-analysis/project/flink-filesystems/flink-hadoop-fs/src/test/java/org/apache/flink/runtime/fs/hdfs/HadoopDataInputStreamTest.java: Some input files use or override a deprecated API.
[INFO] /home/runner/work/sonar-analysis/sonar-analysis/project/flink-filesystems/flink-hadoop-fs/src/test/java/org/apache/flink/runtime/fs/hdfs/HadoopDataInputStreamTest.java: Recompile with -Xlint:deprecation for details.
[INFO] 
[INFO] --- surefire:3.0.0-M5:test (default-test) @ flink-hadoop-fs ---
[INFO] Tests are skipped.
[INFO] 
[INFO] --- jar:2.4:jar (default-jar) @ flink-hadoop-fs ---
[INFO] Building jar: /home/runner/work/sonar-analysis/sonar-analysis/project/flink-filesystems/flink-hadoop-fs/target/flink-hadoop-fs-1.16-SNAPSHOT.jar
[INFO] 
[INFO] --- jar:2.4:test-jar (default) @ flink-hadoop-fs ---
[INFO] Building jar: /home/runner/work/sonar-analysis/sonar-analysis/project/flink-filesystems/flink-hadoop-fs/target/flink-hadoop-fs-1.16-SNAPSHOT-tests.jar
[INFO] 
[INFO] --- shade:3.2.4:shade (shade-flink) @ flink-hadoop-fs ---
[INFO] Including org.apache.flink:flink-shaded-force-shading:jar:15.0 in the shaded jar.
[INFO] Excluding org.apache.flink:flink-core:jar:1.16-SNAPSHOT from the shaded jar.
[INFO] Excluding org.apache.flink:flink-annotations:jar:1.16-SNAPSHOT from the shaded jar.
[INFO] Excluding org.apache.flink:flink-metrics-core:jar:1.16-SNAPSHOT from the shaded jar.
[INFO] Excluding org.apache.flink:flink-shaded-asm-9:jar:9.2-15.0 from the shaded jar.
[INFO] Excluding org.apache.flink:flink-shaded-jackson:jar:2.12.4-15.0 from the shaded jar.
[INFO] Excluding org.apache.commons:commons-lang3:jar:3.3.2 from the shaded jar.
[INFO] Excluding com.esotericsoftware.kryo:kryo:jar:2.24.0 from the shaded jar.
[INFO] Excluding com.esotericsoftware.minlog:minlog:jar:1.2 from the shaded jar.
[INFO] Excluding commons-collections:commons-collections:jar:3.2.2 from the shaded jar.
[INFO] Excluding org.apache.commons:commons-compress:jar:1.21 from the shaded jar.
[INFO] Excluding org.apache.flink:flink-shaded-guava:jar:30.1.1-jre-15.0 from the shaded jar.
[INFO] Excluding org.apache.hadoop:hadoop-common:jar:2.8.5 from the shaded jar.
[INFO] Excluding org.apache.hadoop:hadoop-annotations:jar:2.8.5 from the shaded jar.
[INFO] Excluding com.google.guava:guava:jar:11.0.2 from the shaded jar.
[INFO] Excluding commons-cli:commons-cli:jar:1.5.0 from the shaded jar.
[INFO] Excluding org.apache.commons:commons-math3:jar:3.6.1 from the shaded jar.
[INFO] Excluding xmlenc:xmlenc:jar:0.52 from the shaded jar.
[INFO] Excluding org.apache.httpcomponents:httpclient:jar:4.5.13 from the shaded jar.
[INFO] Excluding org.apache.httpcomponents:httpcore:jar:4.4.14 from the shaded jar.
[INFO] Excluding commons-codec:commons-codec:jar:1.15 from the shaded jar.
[INFO] Excluding commons-io:commons-io:jar:2.11.0 from the shaded jar.
[INFO] Excluding commons-net:commons-net:jar:3.1 from the shaded jar.
[INFO] Excluding javax.servlet:servlet-api:jar:2.5 from the shaded jar.
[INFO] Excluding org.mortbay.jetty:jetty:jar:6.1.26 from the shaded jar.
[INFO] Excluding org.mortbay.jetty:jetty-util:jar:6.1.26 from the shaded jar.
[INFO] Excluding org.mortbay.jetty:jetty-sslengine:jar:6.1.26 from the shaded jar.
[INFO] Excluding javax.servlet.jsp:jsp-api:jar:2.1 from the shaded jar.
[INFO] Excluding com.sun.jersey:jersey-core:jar:1.9 from the shaded jar.
[INFO] Excluding com.sun.jersey:jersey-json:jar:1.9 from the shaded jar.
[INFO] Excluding org.codehaus.jettison:jettison:jar:1.1 from the shaded jar.
[INFO] Excluding com.sun.xml.bind:jaxb-impl:jar:2.2.3-1 from the shaded jar.
[INFO] Excluding org.codehaus.jackson:jackson-jaxrs:jar:1.8.3 from the shaded jar.
[INFO] Excluding org.codehaus.jackson:jackson-xc:jar:1.8.3 from the shaded jar.
[INFO] Excluding com.sun.jersey:jersey-server:jar:1.9 from the shaded jar.
[INFO] Excluding asm:asm:jar:3.1 from the shaded jar.
[INFO] Excluding commons-logging:commons-logging:jar:1.1.3 from the shaded jar.
[INFO] Excluding net.java.dev.jets3t:jets3t:jar:0.9.0 from the shaded jar.
[INFO] Excluding com.jamesmurty.utils:java-xmlbuilder:jar:0.4 from the shaded jar.
[INFO] Excluding commons-lang:commons-lang:jar:2.6 from the shaded jar.
[INFO] Excluding commons-configuration:commons-configuration:jar:1.7 from the shaded jar.
[INFO] Excluding commons-digester:commons-digester:jar:1.8.1 from the shaded jar.
[INFO] Excluding commons-beanutils:commons-beanutils:jar:1.8.3 from the shaded jar.
[INFO] Excluding org.codehaus.jackson:jackson-core-asl:jar:1.9.13 from the shaded jar.
[INFO] Excluding org.codehaus.jackson:jackson-mapper-asl:jar:1.9.13 from the shaded jar.
[INFO] Excluding org.apache.avro:avro:jar:1.10.0 from the shaded jar.
[INFO] Excluding com.fasterxml.jackson.core:jackson-core:jar:2.13.2 from the shaded jar.
[INFO] Excluding com.fasterxml.jackson.core:jackson-databind:jar:2.13.2.2 from the shaded jar.
[INFO] Excluding com.fasterxml.jackson.core:jackson-annotations:jar:2.13.2 from the shaded jar.
[INFO] Excluding com.google.protobuf:protobuf-java:jar:2.5.0 from the shaded jar.
[INFO] Excluding com.google.code.gson:gson:jar:2.2.4 from the shaded jar.
[INFO] Excluding org.apache.hadoop:hadoop-auth:jar:2.8.5 from the shaded jar.
[INFO] Excluding com.nimbusds:nimbus-jose-jwt:jar:4.41.1 from the shaded jar.
[INFO] Excluding com.github.stephenc.jcip:jcip-annotations:jar:1.0-1 from the shaded jar.
[INFO] Excluding net.minidev:json-smart:jar:2.3 from the shaded jar.
[INFO] Excluding net.minidev:accessors-smart:jar:1.2 from the shaded jar.
[INFO] Excluding org.ow2.asm:asm:jar:5.0.4 from the shaded jar.
[INFO] Excluding org.apache.directory.server:apacheds-kerberos-codec:jar:2.0.0-M15 from the shaded jar.
[INFO] Excluding org.apache.directory.server:apacheds-i18n:jar:2.0.0-M15 from the shaded jar.
[INFO] Excluding org.apache.directory.api:api-asn1-api:jar:1.0.0-M20 from the shaded jar.
[INFO] Excluding org.apache.directory.api:api-util:jar:1.0.0-M20 from the shaded jar.
[INFO] Excluding org.apache.curator:curator-framework:jar:2.7.1 from the shaded jar.
[INFO] Excluding com.jcraft:jsch:jar:0.1.54 from the shaded jar.
[INFO] Excluding org.apache.curator:curator-client:jar:2.7.1 from the shaded jar.
[INFO] Excluding org.apache.curator:curator-recipes:jar:2.7.1 from the shaded jar.
[INFO] Excluding org.apache.htrace:htrace-core4:jar:4.0.1-incubating from the shaded jar.
[INFO] Excluding org.apache.zookeeper:zookeeper:jar:3.5.9 from the shaded jar.
[INFO] Excluding org.apache.zookeeper:zookeeper-jute:jar:3.5.9 from the shaded jar.
[INFO] Excluding org.apache.yetus:audience-annotations:jar:0.5.0 from the shaded jar.
[INFO] Excluding org.apache.hadoop:hadoop-hdfs:jar:2.8.5 from the shaded jar.
[INFO] Excluding org.apache.hadoop:hadoop-hdfs-client:jar:2.8.5 from the shaded jar.
[INFO] Excluding com.squareup.okhttp:okhttp:jar:2.4.0 from the shaded jar.
[INFO] Excluding com.squareup.okio:okio:jar:1.4.0 from the shaded jar.
[INFO] Excluding commons-daemon:commons-daemon:jar:1.0.13 from the shaded jar.
[INFO] Excluding io.netty:netty:jar:3.6.2.Final from the shaded jar.
[INFO] Excluding io.netty:netty-all:jar:4.1.70.Final from the shaded jar.
[INFO] Excluding io.netty:netty-buffer:jar:4.1.70.Final from the shaded jar.
[INFO] Excluding io.netty:netty-codec:jar:4.1.70.Final from the shaded jar.
[INFO] Excluding io.netty:netty-codec-dns:jar:4.1.70.Final from the shaded jar.
[INFO] Excluding io.netty:netty-codec-haproxy:jar:4.1.70.Final from the shaded jar.
[INFO] Excluding io.netty:netty-codec-http:jar:4.1.70.Final from the shaded jar.
[INFO] Excluding io.netty:netty-codec-http2:jar:4.1.70.Final from the shaded jar.
[INFO] Excluding io.netty:netty-codec-memcache:jar:4.1.70.Final from the shaded jar.
[INFO] Excluding io.netty:netty-codec-mqtt:jar:4.1.70.Final from the shaded jar.
[INFO] Excluding io.netty:netty-codec-redis:jar:4.1.70.Final from the shaded jar.
[INFO] Excluding io.netty:netty-codec-smtp:jar:4.1.70.Final from the shaded jar.
[INFO] Excluding io.netty:netty-codec-socks:jar:4.1.70.Final from the shaded jar.
[INFO] Excluding io.netty:netty-codec-stomp:jar:4.1.70.Final from the shaded jar.
[INFO] Excluding io.netty:netty-codec-xml:jar:4.1.70.Final from the shaded jar.
[INFO] Excluding io.netty:netty-common:jar:4.1.70.Final from the shaded jar.
[INFO] Excluding io.netty:netty-handler:jar:4.1.70.Final from the shaded jar.
[INFO] Excluding io.netty:netty-handler-proxy:jar:4.1.70.Final from the shaded jar.
[INFO] Excluding io.netty:netty-resolver:jar:4.1.70.Final from the shaded jar.
[INFO] Excluding io.netty:netty-resolver-dns:jar:4.1.70.Final from the shaded jar.
[INFO] Excluding io.netty:netty-transport:jar:4.1.70.Final from the shaded jar.
[INFO] Excluding io.netty:netty-transport-rxtx:jar:4.1.70.Final from the shaded jar.
[INFO] Excluding io.netty:netty-transport-sctp:jar:4.1.70.Final from the shaded jar.
[INFO] Excluding io.netty:netty-transport-udt:jar:4.1.70.Final from the shaded jar.
[INFO] Excluding io.netty:netty-transport-classes-epoll:jar:4.1.70.Final from the shaded jar.
[INFO] Excluding io.netty:netty-transport-native-unix-common:jar:4.1.70.Final from the shaded jar.
[INFO] Excluding io.netty:netty-transport-classes-kqueue:jar:4.1.70.Final from the shaded jar.
[INFO] Excluding io.netty:netty-resolver-dns-classes-macos:jar:4.1.70.Final from the shaded jar.
[INFO] Excluding io.netty:netty-transport-native-epoll:jar:linux-x86_64:4.1.70.Final from the shaded jar.
[INFO] Excluding io.netty:netty-transport-native-epoll:jar:linux-aarch_64:4.1.70.Final from the shaded jar.
[INFO] Excluding io.netty:netty-transport-native-kqueue:jar:osx-x86_64:4.1.70.Final from the shaded jar.
[INFO] Excluding io.netty:netty-transport-native-kqueue:jar:osx-aarch_64:4.1.70.Final from the shaded jar.
[INFO] Excluding io.netty:netty-resolver-dns-native-macos:jar:osx-x86_64:4.1.70.Final from the shaded jar.
[INFO] Excluding io.netty:netty-resolver-dns-native-macos:jar:osx-aarch_64:4.1.70.Final from the shaded jar.
[INFO] Excluding xerces:xercesImpl:jar:2.9.1 from the shaded jar.
[INFO] Excluding xml-apis:xml-apis:jar:1.3.04 from the shaded jar.
[INFO] Excluding org.fusesource.leveldbjni:leveldbjni-all:jar:1.8 from the shaded jar.
[INFO] Excluding org.apache.hadoop:hadoop-mapreduce-client-core:jar:2.8.5 from the shaded jar.
[INFO] Excluding org.apache.hadoop:hadoop-yarn-common:jar:2.8.5 from the shaded jar.
[INFO] Excluding org.apache.hadoop:hadoop-yarn-api:jar:2.8.5 from the shaded jar.
[INFO] Excluding javax.xml.bind:jaxb-api:jar:2.3.1 from the shaded jar.
[INFO] Excluding javax.activation:javax.activation-api:jar:1.2.0 from the shaded jar.
[INFO] Excluding com.sun.jersey:jersey-client:jar:1.9 from the shaded jar.
[INFO] Excluding com.google.inject:guice:jar:3.0 from the shaded jar.
[INFO] Excluding javax.inject:javax.inject:jar:1 from the shaded jar.
[INFO] Excluding aopalliance:aopalliance:jar:1.0 from the shaded jar.
[INFO] Excluding com.sun.jersey.contribs:jersey-guice:jar:1.9 from the shaded jar.
[INFO] Excluding com.google.inject.extensions:guice-servlet:jar:3.0 from the shaded jar.
[INFO] Excluding org.objenesis:objenesis:jar:2.1 from the shaded jar.
[INFO] Replacing original artifact with shaded artifact.
[INFO] Replacing /home/runner/work/sonar-analysis/sonar-analysis/project/flink-filesystems/flink-hadoop-fs/target/flink-hadoop-fs-1.16-SNAPSHOT.jar with /home/runner/work/sonar-analysis/sonar-analysis/project/flink-filesystems/flink-hadoop-fs/target/flink-hadoop-fs-1.16-SNAPSHOT-shaded.jar
[INFO] Dependency-reduced POM written at: /home/runner/work/sonar-analysis/sonar-analysis/project/flink-filesystems/flink-hadoop-fs/target/dependency-reduced-pom.xml
[INFO] 
[INFO] --- surefire:3.0.0-M5:test (integration-tests) @ flink-hadoop-fs ---
[INFO] Tests are skipped.
[INFO] 
[INFO] --- install:2.5.2:install (default-install) @ flink-hadoop-fs ---
[INFO] Installing /home/runner/work/sonar-analysis/sonar-analysis/project/flink-filesystems/flink-hadoop-fs/target/flink-hadoop-fs-1.16-SNAPSHOT.jar to /home/runner/.m2/repository/org/apache/flink/flink-hadoop-fs/1.16-SNAPSHOT/flink-hadoop-fs-1.16-SNAPSHOT.jar
[INFO] Installing /home/runner/work/sonar-analysis/sonar-analysis/project/flink-filesystems/flink-hadoop-fs/target/dependency-reduced-pom.xml to /home/runner/.m2/repository/org/apache/flink/flink-hadoop-fs/1.16-SNAPSHOT/flink-hadoop-fs-1.16-SNAPSHOT.pom
[INFO] Installing /home/runner/work/sonar-analysis/sonar-analysis/project/flink-filesystems/flink-hadoop-fs/target/flink-hadoop-fs-1.16-SNAPSHOT-tests.jar to /home/runner/.m2/repository/org/apache/flink/flink-hadoop-fs/1.16-SNAPSHOT/flink-hadoop-fs-1.16-SNAPSHOT-tests.jar
[INFO] 
[INFO] -------------------< org.apache.flink:flink-runtime >-------------------
[INFO] Building Flink : Runtime 1.16-SNAPSHOT                          [24/212]
[INFO]   from flink-runtime/pom.xml
[INFO] --------------------------------[ jar ]---------------------------------
[INFO] 
[INFO] --- clean:3.1.0:clean (default-clean) @ flink-runtime ---
[INFO] Deleting /home/runner/work/sonar-analysis/sonar-analysis/project/flink-runtime/target
[INFO] 
[INFO] --- checkstyle:3.1.2:check (validate) @ flink-runtime ---
[INFO] 
[INFO] --- spotless:2.13.0:check (spotless-check) @ flink-runtime ---
[INFO] 
[INFO] --- git-commit-id:4.0.2:revision (get-the-git-infos) @ flink-runtime ---
[INFO] 
[INFO] --- enforcer:3.0.0-M1:enforce (enforce-maven-version) @ flink-runtime ---
[INFO] Skipping Rule Enforcement.
[INFO] 
[INFO] --- enforcer:3.0.0-M1:enforce (enforce-maven) @ flink-runtime ---
[INFO] Skipping Rule Enforcement.
[INFO] 
[INFO] --- enforcer:3.0.0-M1:enforce (ban-unsafe-snakeyaml) @ flink-runtime ---
[INFO] Skipping Rule Enforcement.
[INFO] 
[INFO] --- enforcer:3.0.0-M1:enforce (ban-unsafe-jackson) @ flink-runtime ---
[INFO] Skipping Rule Enforcement.
[INFO] 
[INFO] --- enforcer:3.0.0-M1:enforce (forbid-log4j-1) @ flink-runtime ---
[INFO] Skipping Rule Enforcement.
[INFO] 
[INFO] --- enforcer:3.0.0-M1:enforce (forbid-direct-akka-rpc-dependencies) @ flink-runtime ---
[INFO] Skipping Rule Enforcement.
[INFO] 
[INFO] --- enforcer:3.0.0-M1:enforce (forbid-direct-table-planner-dependencies) @ flink-runtime ---
[INFO] Skipping Rule Enforcement.
[INFO] 
[INFO] --- enforcer:3.0.0-M1:enforce (enforce-versions) @ flink-runtime ---
[INFO] Skipping Rule Enforcement.
[INFO] 
[INFO] --- directory:0.1:directory-of (directories) @ flink-runtime ---
[INFO] Directory of org.apache.flink:flink-parent set to: /home/runner/work/sonar-analysis/sonar-analysis/project
[INFO] 
[INFO] --- remote-resources:1.5:process (process-resource-bundles) @ flink-runtime ---
[INFO] 
[INFO] --- resources:3.1.0:resources (default-resources) @ flink-runtime ---
[INFO] Using 'UTF-8' encoding to copy filtered resources.
[INFO] Copying 5 resources
[INFO] Copying 1 resource
[INFO] Copying 3 resources
[INFO] 
[INFO] --- compiler:3.8.0:compile (default-compile) @ flink-runtime ---
[INFO] Compiling 2247 source files to /home/runner/work/sonar-analysis/sonar-analysis/project/flink-runtime/target/classes
[WARNING] /home/runner/work/sonar-analysis/sonar-analysis/project/flink-runtime/src/main/java/org/apache/flink/runtime/util/SignalHandler.java:[24,16] sun.misc.Signal is internal proprietary API and may be removed in a future release
[WARNING] /home/runner/work/sonar-analysis/sonar-analysis/project/flink-runtime/src/main/java/org/apache/flink/runtime/io/network/partition/PageSizeUtil.java:[26,16] sun.misc.Unsafe is internal proprietary API and may be removed in a future release
[WARNING] /home/runner/work/sonar-analysis/sonar-analysis/project/flink-runtime/src/main/java/org/apache/flink/runtime/util/SignalHandler.java:[35,53] sun.misc.SignalHandler is internal proprietary API and may be removed in a future release
[WARNING] /home/runner/work/sonar-analysis/sonar-analysis/project/flink-runtime/src/main/java/org/apache/flink/runtime/util/SignalHandler.java:[38,31] sun.misc.SignalHandler is internal proprietary API and may be removed in a future release
[WARNING] /home/runner/work/sonar-analysis/sonar-analysis/project/flink-runtime/src/main/java/org/apache/flink/runtime/util/SignalHandler.java:[42,45] sun.misc.Signal is internal proprietary API and may be removed in a future release
[WARNING] /home/runner/work/sonar-analysis/sonar-analysis/project/flink-runtime/src/main/java/org/apache/flink/runtime/util/SignalHandler.java:[42,27] sun.misc.Signal is internal proprietary API and may be removed in a future release
[WARNING] /home/runner/work/sonar-analysis/sonar-analysis/project/flink-runtime/src/main/java/org/apache/flink/runtime/util/SignalHandler.java:[51,28] sun.misc.Signal is internal proprietary API and may be removed in a future release
[WARNING] /home/runner/work/sonar-analysis/sonar-analysis/project/flink-runtime/src/main/java/org/apache/flink/runtime/io/network/partition/PageSizeUtil.java:[96,13] sun.misc.Unsafe is internal proprietary API and may be removed in a future release
[WARNING] /home/runner/work/sonar-analysis/sonar-analysis/project/flink-runtime/src/main/java/org/apache/flink/runtime/io/network/partition/PageSizeUtil.java:[101,24] sun.misc.Unsafe is internal proprietary API and may be removed in a future release
[WARNING] /home/runner/work/sonar-analysis/sonar-analysis/project/flink-runtime/src/main/java/org/apache/flink/runtime/io/network/partition/PageSizeUtil.java:[103,25] sun.misc.Unsafe is internal proprietary API and may be removed in a future release
[INFO] /home/runner/work/sonar-analysis/sonar-analysis/project/flink-runtime/src/main/java/org/apache/flink/runtime/io/network/buffer/ReadOnlySlicedNetworkBuffer.java: Some input files use or override a deprecated API.
[INFO] /home/runner/work/sonar-analysis/sonar-analysis/project/flink-runtime/src/main/java/org/apache/flink/runtime/io/network/buffer/ReadOnlySlicedNetworkBuffer.java: Recompile with -Xlint:deprecation for details.
[INFO] /home/runner/work/sonar-analysis/sonar-analysis/project/flink-runtime/src/main/java/org/apache/flink/runtime/rest/handler/AbstractHandler.java: Some input files use unchecked or unsafe operations.
[INFO] /home/runner/work/sonar-analysis/sonar-analysis/project/flink-runtime/src/main/java/org/apache/flink/runtime/rest/handler/AbstractHandler.java: Recompile with -Xlint:unchecked for details.
[INFO] 
[INFO] --- resources:3.1.0:testResources (default-testResources) @ flink-runtime ---
[INFO] Using 'UTF-8' encoding to copy filtered resources.
[INFO] Copying 51 resources
[INFO] Copying 3 resources
[INFO] 
[INFO] --- compiler:3.8.0:testCompile (default-testCompile) @ flink-runtime ---
[INFO] Compiling 1420 source files to /home/runner/work/sonar-analysis/sonar-analysis/project/flink-runtime/target/test-classes
[INFO] /home/runner/work/sonar-analysis/sonar-analysis/project/flink-runtime/src/test/java/org/apache/flink/runtime/checkpoint/hooks/MasterHooksTest.java: Some input files use or override a deprecated API.
[INFO] /home/runner/work/sonar-analysis/sonar-analysis/project/flink-runtime/src/test/java/org/apache/flink/runtime/checkpoint/hooks/MasterHooksTest.java: Recompile with -Xlint:deprecation for details.
[INFO] /home/runner/work/sonar-analysis/sonar-analysis/project/flink-runtime/src/test/java/org/apache/flink/runtime/scheduler/metrics/StateTimeMetricTest.java: Some input files use unchecked or unsafe operations.
[INFO] /home/runner/work/sonar-analysis/sonar-analysis/project/flink-runtime/src/test/java/org/apache/flink/runtime/scheduler/metrics/StateTimeMetricTest.java: Recompile with -Xlint:unchecked for details.
[INFO] -------------------------------------------------------------
[WARNING] COMPILATION WARNING : 
[INFO] -------------------------------------------------------------
[WARNING] /home/runner/work/sonar-analysis/sonar-analysis/project/flink-runtime/src/test/java/org/apache/flink/runtime/taskexecutor/TaskManagerRunnerConfigurationTest.java:[45,20] sun.net.util.IPAddressUtil is internal proprietary API and may be removed in a future release
[WARNING] /home/runner/work/sonar-analysis/sonar-analysis/project/flink-runtime/src/test/java/org/apache/flink/runtime/hadoop/HadoopUserUtilsTest.java:[27,25] sun.security.krb5.KrbException is internal proprietary API and may be removed in a future release
[WARNING] /home/runner/work/sonar-analysis/sonar-analysis/project/flink-runtime/src/test/java/org/apache/flink/runtime/taskexecutor/TaskManagerRunnerConfigurationTest.java:[45,20] sun.net.util.IPAddressUtil is internal proprietary API and may be removed in a future release
[WARNING] /home/runner/work/sonar-analysis/sonar-analysis/project/flink-runtime/src/test/java/org/apache/flink/runtime/hadoop/HadoopUserUtilsTest.java:[27,25] sun.security.krb5.KrbException is internal proprietary API and may be removed in a future release
[WARNING] /home/runner/work/sonar-analysis/sonar-analysis/project/flink-runtime/src/test/java/org/apache/flink/runtime/taskexecutor/TaskManagerRunnerConfigurationTest.java:[45,20] sun.net.util.IPAddressUtil is internal proprietary API and may be removed in a future release
[WARNING] /home/runner/work/sonar-analysis/sonar-analysis/project/flink-runtime/src/test/java/org/apache/flink/runtime/hadoop/HadoopUserUtilsTest.java:[27,25] sun.security.krb5.KrbException is internal proprietary API and may be removed in a future release
[WARNING] /home/runner/work/sonar-analysis/sonar-analysis/project/flink-runtime/src/test/java/org/apache/flink/runtime/taskexecutor/TaskManagerRunnerConfigurationTest.java:[138,38] sun.net.util.IPAddressUtil is internal proprietary API and may be removed in a future release
[WARNING] /home/runner/work/sonar-analysis/sonar-analysis/project/flink-runtime/src/test/java/org/apache/flink/runtime/taskexecutor/TaskManagerRunnerConfigurationTest.java:[139,48] sun.net.util.IPAddressUtil is internal proprietary API and may be removed in a future release
[WARNING] /home/runner/work/sonar-analysis/sonar-analysis/project/flink-runtime/src/test/java/org/apache/flink/runtime/hadoop/HadoopUserUtilsTest.java:[36,73] sun.security.krb5.KrbException is internal proprietary API and may be removed in a future release
[WARNING] /home/runner/work/sonar-analysis/sonar-analysis/project/flink-runtime/src/test/java/org/apache/flink/runtime/hadoop/HadoopUserUtilsTest.java:[36,73] sun.security.krb5.KrbException is internal proprietary API and may be removed in a future release
[WARNING] /home/runner/work/sonar-analysis/sonar-analysis/project/flink-runtime/src/test/java/org/apache/flink/runtime/hadoop/HadoopUserUtilsTest.java:[36,73] sun.security.krb5.KrbException is internal proprietary API and may be removed in a future release
[WARNING] /home/runner/work/sonar-analysis/sonar-analysis/project/flink-runtime/src/test/java/org/apache/flink/runtime/hadoop/HadoopUserUtilsTest.java:[40,26] sun.security.krb5.Config is internal proprietary API and may be removed in a future release
[INFO] 12 warnings 
[INFO] -------------------------------------------------------------
[INFO] -------------------------------------------------------------
[ERROR] COMPILATION ERROR : 
[INFO] -------------------------------------------------------------
[ERROR] /home/runner/work/sonar-analysis/sonar-analysis/project/flink-runtime/src/test/java/org/apache/flink/runtime/operators/coordination/RecreateOnResetOperatorCoordinatorTest.java:[241,58] method containsExactly in class org.assertj.core.api.AbstractIterableAssert<SELF,ACTUAL,ELEMENT,ELEMENT_ASSERT> cannot be applied to given types;
  required: capture#1 of ? extends java.lang.Integer[]
  found: int
  reason: varargs mismatch; int cannot be converted to capture#1 of ? extends java.lang.Integer
[INFO] 1 error
[INFO] -------------------------------------------------------------
[INFO] ------------------------------------------------------------------------
[INFO] Reactor Summary for Flink : 1.16-SNAPSHOT:
[INFO] 
[INFO] Flink : ............................................ SUCCESS [  1.537 s]
[INFO] Flink : Annotations ................................ SUCCESS [  1.934 s]
[INFO] Flink : Architecture Tests ......................... SUCCESS [  0.066 s]
[INFO] Flink : Architecture Tests : Base .................. SUCCESS [  0.663 s]
[INFO] Flink : Test utils : ............................... SUCCESS [  0.064 s]
[INFO] Flink : Test utils : Junit ......................... SUCCESS [  2.420 s]
[INFO] Flink : Metrics : .................................. SUCCESS [  0.051 s]
[INFO] Flink : Metrics : Core ............................. SUCCESS [  1.796 s]
[INFO] Flink : Core ....................................... SUCCESS [ 22.977 s]
[INFO] Flink : Table : .................................... SUCCESS [  0.052 s]
[INFO] Flink : Table : Common ............................. SUCCESS [  7.489 s]
[INFO] Flink : Table : API Java ........................... SUCCESS [  3.071 s]
[INFO] Flink : Java ....................................... SUCCESS [  3.449 s]
[INFO] Flink : Connectors : ............................... SUCCESS [  0.044 s]
[INFO] Flink : Connectors : File Sink Common .............. SUCCESS [  0.353 s]
[INFO] Flink : RPC : ...................................... SUCCESS [  0.036 s]
[INFO] Flink : RPC : Core ................................. SUCCESS [  0.400 s]
[INFO] Flink : RPC : Akka ................................. SUCCESS [  3.787 s]
[INFO] Flink : RPC : Akka-Loader .......................... SUCCESS [  2.893 s]
[INFO] Flink : Queryable state : .......................... SUCCESS [  0.034 s]
[INFO] Flink : Queryable state : Client Java .............. SUCCESS [  0.473 s]
[INFO] Flink : FileSystems : .............................. SUCCESS [  0.034 s]
[INFO] Flink : FileSystems : Hadoop FS .................... SUCCESS [  2.057 s]
[INFO] Flink : Runtime .................................... FAILURE [ 38.350 s]
[INFO] Flink : Streaming Java ............................. SKIPPED
[INFO] Flink : Table : API bridge base .................... SKIPPED
[INFO] Flink : Table : API Java bridge .................... SKIPPED
[INFO] Flink : Table : Code Splitter ...................... SKIPPED
[INFO] Flink : Optimizer .................................. SKIPPED
[INFO] Flink : Clients .................................... SKIPPED
[INFO] Flink : DSTL ....................................... SKIPPED
[INFO] Flink : DSTL : DFS ................................. SKIPPED
[INFO] Flink : State backends : ........................... SKIPPED
[INFO] Flink : State backends : RocksDB ................... SKIPPED
[INFO] Flink : State backends : Changelog ................. SKIPPED
[INFO] Flink : Test utils : Utils ......................... SKIPPED
[INFO] Flink : Libraries : ................................ SKIPPED
[INFO] Flink : Libraries : CEP ............................ SKIPPED
[INFO] Flink : Table : Runtime ............................ SKIPPED
[INFO] Flink : Scala ...................................... SKIPPED
[INFO] Flink : Table : SQL Parser ......................... SKIPPED
[INFO] Flink : Table : SQL Parser Hive .................... SKIPPED
[INFO] Flink : Table : API Scala .......................... SKIPPED
[INFO] Flink : Streaming Scala ............................ SKIPPED
[INFO] Flink : Table : API Scala bridge ................... SKIPPED
[INFO] Flink : Test utils : Connectors .................... SKIPPED
[INFO] Flink : Architecture Tests : Test .................. SKIPPED
[INFO] Flink : Connectors : Base .......................... SKIPPED
[INFO] Flink : Connectors : Files ......................... SKIPPED
[INFO] Flink : Table : Planner ............................ SKIPPED
[INFO] Flink : Formats : .................................. SKIPPED
[INFO] Flink : Format : Common ............................ SKIPPED
[INFO] Flink : Formats : Json ............................. SKIPPED
[INFO] Flink : Table : SQL Gateway : API .................. SKIPPED
[INFO] Flink : Formats : Csv .............................. SKIPPED
[INFO] Flink : Connectors : Hadoop compatibility .......... SKIPPED
[INFO] Flink : Formats : Hadoop bulk ...................... SKIPPED
[INFO] Flink : Formats : Orc .............................. SKIPPED
[INFO] Flink : Formats : Orc nohive ....................... SKIPPED
[INFO] Flink : Formats : Avro ............................. SKIPPED
[INFO] Flink : Formats : Parquet .......................... SKIPPED
[INFO] Flink : Table : SQL Gateway ........................ SKIPPED
[INFO] Flink : Connectors : Hive .......................... SKIPPED
[INFO] Flink : Formats : SQL Avro ......................... SKIPPED
[INFO] Flink : Formats : SQL Parquet ...................... SKIPPED
[INFO] Flink : Metrics : JMX .............................. SKIPPED
[INFO] Flink : Table : Planner Loader Bundle .............. SKIPPED
[INFO] Flink : Table : Planner Loader ..................... SKIPPED
[INFO] Flink : Table : Test Utils ......................... SKIPPED
[INFO] Flink : Formats : Avro confluent registry .......... SKIPPED
[INFO] Flink : Connectors : Kafka ......................... SKIPPED
[INFO] Flink : Connectors : SQL : Kafka ................... SKIPPED
[INFO] Flink : Connectors : Elasticsearch base ............ SKIPPED
[INFO] Flink : Connectors : Elasticsearch 7 ............... SKIPPED
[INFO] Flink : Connectors : SQL : Elasticsearch 7 ......... SKIPPED
[INFO] Flink : Connectors : Pulsar ........................ SKIPPED
[INFO] Flink : Connectors : SQL : Pulsar .................. SKIPPED
[INFO] Flink : Connectors : RabbitMQ ...................... SKIPPED
[INFO] Flink : Connectors : SQL : RabbitMQ ................ SKIPPED
[INFO] Flink : Connectors : AWS Base ...................... SKIPPED
[INFO] Flink : Connectors : Amazon Kinesis Data Streams ... SKIPPED
[INFO] Flink : Connectors : Kinesis ....................... SKIPPED
[INFO] Flink : Connectors : SQL : Kinesis ................. SKIPPED
[INFO] Flink : Connectors : Amazon Kinesis Data Firehose .. SKIPPED
[INFO] Flink : Connectors : SQL : Amazon Kinesis Data Firehose SKIPPED
[INFO] Flink : Connectors : JDBC .......................... SKIPPED
[INFO] Flink : Connectors : Cassandra ..................... SKIPPED
[INFO] Flink : Python ..................................... SKIPPED
[INFO] Flink : Table : SQL Client ......................... SKIPPED
[INFO] Flink : Connectors : Elasticsearch 6 ............... SKIPPED
[INFO] Flink : Connectors : Google PubSub ................. SKIPPED
[INFO] Flink : Connectors : HBase base .................... SKIPPED
[INFO] Flink : Connectors : HBase 1.4 ..................... SKIPPED
[INFO] Flink : Connectors : HBase 2.2 ..................... SKIPPED
[INFO] Flink : Architecture Tests : Production ............ SKIPPED
[INFO] Flink : FileSystems : Hadoop FS shaded ............. SKIPPED
[INFO] Flink : FileSystems : S3 FS Base ................... SKIPPED
[INFO] Flink : FileSystems : S3 FS Hadoop ................. SKIPPED
[INFO] Flink : FileSystems : S3 FS Presto ................. SKIPPED
[INFO] Flink : FileSystems : OSS FS ....................... SKIPPED
[INFO] Flink : FileSystems : Azure FS Hadoop .............. SKIPPED
[INFO] Flink : FileSystems : Google Storage FS Hadoop ..... SKIPPED
[INFO] Flink : Runtime web ................................ SKIPPED
[INFO] Flink : Connectors : HCatalog ...................... SKIPPED
[INFO] Flink : Connectors : SQL : Elasticsearch 6 ......... SKIPPED
[INFO] Flink : Connectors : SQL : HBase 1.4 ............... SKIPPED
[INFO] Flink : Connectors : SQL : HBase 2.2 ............... SKIPPED
[INFO] Flink : Connectors : SQL : Hive 2.3.9 .............. SKIPPED
[INFO] Flink : Connectors : SQL : Hive 3.1.2 .............. SKIPPED
[INFO] Flink : Connectors : SQL : Amazon Kinesis Data Streams SKIPPED
[INFO] Flink : Formats : Sequence file .................... SKIPPED
[INFO] Flink : Formats : Compress ......................... SKIPPED
[INFO] Flink : Formats : Protobuf ......................... SKIPPED
[INFO] Flink : Formats : Avro AWS Glue Schema Registry .... SKIPPED
[INFO] Flink : Formats : JSON AWS Glue Schema Registry .... SKIPPED
[INFO] Flink : Formats : SQL Csv .......................... SKIPPED
[INFO] Flink : Formats : SQL Json ......................... SKIPPED
[INFO] Flink : Formats : SQL Orc .......................... SKIPPED
[INFO] Flink : Formats : SQL Avro Confluent Registry ...... SKIPPED
[INFO] Flink : Formats : SQL Protobuf ..................... SKIPPED
[INFO] Flink : Examples : ................................. SKIPPED
[INFO] Flink : Examples : Batch ........................... SKIPPED
[INFO] Flink : Examples : Streaming ....................... SKIPPED
[INFO] Flink : Examples : Table ........................... SKIPPED
[INFO] Flink : Examples : Build Helper : .................. SKIPPED
[INFO] Flink : Examples : Build Helper : Streaming State machine SKIPPED
[INFO] Flink : Examples : Build Helper : Streaming Google PubSub SKIPPED
[INFO] Flink : Container .................................. SKIPPED
[INFO] Flink : Queryable state : Runtime .................. SKIPPED
[INFO] Flink : Tests ...................................... SKIPPED
[INFO] Flink : Dist-Scala ................................. SKIPPED
[INFO] Flink : Kubernetes ................................. SKIPPED
[INFO] Flink : Yarn ....................................... SKIPPED
[INFO] Flink : Table : API Java Uber ...................... SKIPPED
[INFO] Flink : Libraries : Gelly .......................... SKIPPED
[INFO] Flink : Libraries : Gelly scala .................... SKIPPED
[INFO] Flink : Libraries : Gelly Examples ................. SKIPPED
[INFO] Flink : External resources : ....................... SKIPPED
[INFO] Flink : External resources : GPU ................... SKIPPED
[INFO] Flink : Metrics : Dropwizard ....................... SKIPPED
[INFO] Flink : Metrics : Graphite ......................... SKIPPED
[INFO] Flink : Metrics : InfluxDB ......................... SKIPPED
[INFO] Flink : Metrics : Prometheus ....................... SKIPPED
[INFO] Flink : Metrics : StatsD ........................... SKIPPED
[INFO] Flink : Metrics : Datadog .......................... SKIPPED
[INFO] Flink : Metrics : Slf4j ............................ SKIPPED
[INFO] Flink : Libraries : CEP Scala ...................... SKIPPED
[INFO] Flink : Libraries : State processor API ............ SKIPPED
[INFO] Flink : Dist ....................................... SKIPPED
[INFO] Flink : Yarn Tests ................................. SKIPPED
[INFO] Flink : E2E Tests : ................................ SKIPPED
[INFO] Flink : E2E Tests : CLI ............................ SKIPPED
[INFO] Flink : E2E Tests : Parent Child classloading program SKIPPED
[INFO] Flink : E2E Tests : Parent Child classloading lib-package SKIPPED
[INFO] Flink : E2E Tests : Dataset allround ............... SKIPPED
[INFO] Flink : E2E Tests : Dataset Fine-grained recovery .. SKIPPED
[INFO] Flink : E2E Tests : Datastream allround ............ SKIPPED
[INFO] Flink : E2E Tests : Batch SQL ...................... SKIPPED
[INFO] Flink : E2E Tests : Stream SQL ..................... SKIPPED
[INFO] Flink : E2E Tests : Distributed cache via blob ..... SKIPPED
[INFO] Flink : E2E Tests : High parallelism iterations .... SKIPPED
[INFO] Flink : E2E Tests : Stream stateful job upgrade .... SKIPPED
[INFO] Flink : E2E Tests : Queryable state ................ SKIPPED
[INFO] Flink : E2E Tests : Local recovery and allocation .. SKIPPED
[INFO] Flink : Quickstart : ............................... SKIPPED
[INFO] Flink : Quickstart : Java .......................... SKIPPED
[INFO] Flink : Quickstart : Scala ......................... SKIPPED
[INFO] Flink : E2E Tests : Quickstart ..................... SKIPPED
[INFO] Flink : E2E Tests : Confluent schema registry ...... SKIPPED
[INFO] Flink : E2E Tests : Stream state TTL ............... SKIPPED
[INFO] Flink : E2E Tests : SQL client ..................... SKIPPED
[INFO] Flink : E2E Tests : Common ......................... SKIPPED
[INFO] Flink : E2E Tests : SQL Gateway .................... SKIPPED
[INFO] Flink : E2E Tests : File sink ...................... SKIPPED
[INFO] Flink : E2E Tests : State evolution ................ SKIPPED
[INFO] Flink : E2E Tests : RocksDB state memory control ... SKIPPED
[INFO] Flink : E2E Tests : Metrics availability ........... SKIPPED
[INFO] Flink : E2E Tests : Metrics reporter prometheus .... SKIPPED
[INFO] Flink : E2E Tests : Heavy deployment ............... SKIPPED
[INFO] Flink : E2E Tests : Connectors : Google PubSub ..... SKIPPED
[INFO] Flink : E2E Tests : Streaming Kafka base ........... SKIPPED
[INFO] Flink : E2E Tests : Streaming Kafka ................ SKIPPED
[INFO] Flink : E2E Tests : Plugins : ...................... SKIPPED
[INFO] Flink : E2E Tests : Plugins : Dummy fs ............. SKIPPED
[INFO] Flink : E2E Tests : Plugins : Another dummy fs ..... SKIPPED
[INFO] Flink : E2E Tests : TPCH ........................... SKIPPED
[INFO] Flink : E2E Tests : Streaming Kinesis .............. SKIPPED
[INFO] Flink : E2E Tests : Common Kafka ................... SKIPPED
[INFO] Flink : E2E Tests : TPCDS .......................... SKIPPED
[INFO] Flink : E2E Tests : Netty shuffle memory control ... SKIPPED
[INFO] Flink : E2E Tests : Python ......................... SKIPPED
[INFO] Flink : E2E Tests : HBase .......................... SKIPPED
[INFO] Flink : E2E Tests : Pulsar ......................... SKIPPED
[INFO] Flink : E2E Tests : Avro AWS Glue Schema Registry .. SKIPPED
[INFO] Flink : E2E Tests : JSON AWS Glue Schema Registry .. SKIPPED
[INFO] Flink : E2E Tests : Scala .......................... SKIPPED
[INFO] Flink : E2E Tests : Kinesis SQL tests .............. SKIPPED
[INFO] Flink : E2E Tests : Kinesis Firehose SQL tests ..... SKIPPED
[INFO] Flink : E2E Tests : Elasticsearch Common ........... SKIPPED
[INFO] Flink : E2E Tests : Elasticsearch 6 ................ SKIPPED
[INFO] Flink : E2E Tests : Elasticsearch 7 ................ SKIPPED
[INFO] Flink : E2E Tests : SQL ............................ SKIPPED
[INFO] Flink : State backends : Heap spillable ............ SKIPPED
[INFO] Flink : Contrib : .................................. SKIPPED
[INFO] Flink : Contrib : Connectors : Wikiedits ........... SKIPPED
[INFO] Flink : FileSystems : Tests ........................ SKIPPED
[INFO] Flink : Docs ....................................... SKIPPED
[INFO] Flink : Walkthrough : .............................. SKIPPED
[INFO] Flink : Walkthrough : Common ....................... SKIPPED
[INFO] Flink : Walkthrough : Datastream Java .............. SKIPPED
[INFO] Flink : Walkthrough : Datastream Scala ............. SKIPPED
[INFO] Flink : Tools : CI : Java .......................... SKIPPED
[INFO] ------------------------------------------------------------------------
[INFO] BUILD FAILURE
[INFO] ------------------------------------------------------------------------
[INFO] Total time:  01:37 min
[INFO] Finished at: 2026-07-06T10:16:16Z
[INFO] ------------------------------------------------------------------------
[ERROR] Failed to execute goal org.apache.maven.plugins:maven-compiler-plugin:3.8.0:testCompile (default-testCompile) on project flink-runtime: Compilation failure
[ERROR] /home/runner/work/sonar-analysis/sonar-analysis/project/flink-runtime/src/test/java/org/apache/flink/runtime/operators/coordination/RecreateOnResetOperatorCoordinatorTest.java:[241,58] method containsExactly in class org.assertj.core.api.AbstractIterableAssert<SELF,ACTUAL,ELEMENT,ELEMENT_ASSERT> cannot be applied to given types;
[ERROR]   required: capture#1 of ? extends java.lang.Integer[]
[ERROR]   found: int
[ERROR]   reason: varargs mismatch; int cannot be converted to capture#1 of ? extends java.lang.Integer
[ERROR] -> [Help 1]
[ERROR] 
[ERROR] To see the full stack trace of the errors, re-run Maven with the -e switch.
[ERROR] Re-run Maven using the -X switch to enable full debug logging.
[ERROR] 
[ERROR] For more information about the errors and possible solutions, please read the following articles:
[ERROR] [Help 1] http://cwiki.apache.org/confluence/display/MAVEN/MojoFailureException
[ERROR] 
[ERROR] After correcting the problems, you can resume the build with the command
[ERROR]   mvn <args> -rf :flink-runtime
