[WARNING] 
[WARNING] Some problems were encountered while building the effective settings
[WARNING] 'profiles.profile[repos].repositories.repository.id' must be unique but found duplicate repository with id mapr-public @ /home/runner/.m2/settings.xml
[WARNING] 'profiles.profile[repos].repositories.repository.id' must be unique but found duplicate repository with id apache-snapshots @ /home/runner/.m2/settings.xml
[WARNING] 
[INFO] Scanning for projects...
[INFO] ------------------------------------------------------------------------
[INFO] Detecting the operating system and CPU architecture
[INFO] ------------------------------------------------------------------------
[INFO] os.detected.name: linux
[INFO] os.detected.arch: x86_64
[INFO] os.detected.version: 6.17
[INFO] os.detected.version.major: 6
[INFO] os.detected.version.minor: 17
[INFO] os.detected.release: ubuntu
[INFO] os.detected.release.version: 24.04
[INFO] os.detected.release.like.ubuntu: true
[INFO] os.detected.release.like.debian: true
[INFO] os.detected.classifier: linux-x86_64
[INFO] ------------------------------------------------------------------------
[INFO] Reactor Build Order:
[INFO] 
[INFO] Apache Hadoop Main                                                 [pom]
[INFO] Apache Hadoop Build Tools                                          [jar]
[INFO] Apache Hadoop Project POM                                          [pom]
[INFO] Apache Hadoop Annotations                                          [jar]
[INFO] Apache Hadoop Project Dist POM                                     [pom]
[INFO] Apache Hadoop Assemblies                                           [jar]
[INFO] Apache Hadoop Maven Plugins                               [maven-plugin]
[INFO] Apache Hadoop MiniKDC                                              [jar]
[INFO] Apache Hadoop Auth                                                 [jar]
[INFO] Apache Hadoop Auth Examples                                        [war]
[INFO] Apache Hadoop Common                                               [jar]
[INFO] Apache Hadoop NFS                                                  [jar]
[INFO] Apache Hadoop KMS                                                  [jar]
[INFO] Apache Hadoop Common Project                                       [pom]
[INFO] Apache Hadoop HDFS Client                                          [jar]
[INFO] Apache Hadoop HDFS                                                 [jar]
[INFO] Apache Hadoop HDFS Native Client                                   [jar]
[INFO] Apache Hadoop HttpFS                                               [jar]
[INFO] Apache Hadoop HDFS-NFS                                             [jar]
[INFO] Apache Hadoop HDFS-RBF                                             [jar]
[INFO] Apache Hadoop HDFS Project                                         [pom]
[INFO] Apache Hadoop YARN                                                 [pom]
[INFO] Apache Hadoop YARN API                                             [jar]
[INFO] Apache Hadoop YARN Common                                          [jar]
[INFO] Apache Hadoop YARN Registry                                        [jar]
[INFO] Apache Hadoop YARN Server                                          [pom]
[INFO] Apache Hadoop YARN Server Common                                   [jar]
[INFO] Apache Hadoop YARN NodeManager                                     [jar]
[INFO] Apache Hadoop YARN Web Proxy                                       [jar]
[INFO] Apache Hadoop YARN ApplicationHistoryService                       [jar]
[INFO] Apache Hadoop YARN Timeline Service                                [jar]
[INFO] Apache Hadoop YARN ResourceManager                                 [jar]
[INFO] Apache Hadoop YARN Server Tests                                    [jar]
[INFO] Apache Hadoop YARN Client                                          [jar]
[INFO] Apache Hadoop YARN SharedCacheManager                              [jar]
[INFO] Apache Hadoop YARN Timeline Plugin Storage                         [jar]
[INFO] Apache Hadoop YARN TimelineService HBase Backend                   [pom]
[INFO] Apache Hadoop YARN TimelineService HBase Common                    [jar]
[INFO] Apache Hadoop YARN TimelineService HBase Client                    [jar]
[INFO] Apache Hadoop YARN TimelineService HBase Servers                   [pom]
[INFO] Apache Hadoop YARN TimelineService HBase Server 1.2                [jar]
[INFO] Apache Hadoop YARN TimelineService HBase tests                     [jar]
[INFO] Apache Hadoop YARN Router                                          [jar]
[INFO] Apache Hadoop YARN Applications                                    [pom]
[INFO] Apache Hadoop YARN DistributedShell                                [jar]
[INFO] Apache Hadoop YARN Unmanaged Am Launcher                           [jar]
[INFO] Apache Hadoop MapReduce Client                                     [pom]
[INFO] Apache Hadoop MapReduce Core                                       [jar]
[INFO] Apache Hadoop MapReduce Common                                     [jar]
[INFO] Apache Hadoop MapReduce Shuffle                                    [jar]
[INFO] Apache Hadoop MapReduce App                                        [jar]
[INFO] Apache Hadoop MapReduce HistoryServer                              [jar]
[INFO] Apache Hadoop MapReduce JobClient                                  [jar]
[INFO] Apache Hadoop Mini-Cluster                                         [jar]
[INFO] Apache Hadoop YARN Services                                        [pom]
[INFO] Apache Hadoop YARN Services Core                                   [jar]
[INFO] Apache Hadoop YARN Services API                                    [jar]
[INFO] Apache Hadoop Image Generation Tool                                [jar]
[INFO] Yet Another Learning Platform                                      [jar]
[INFO] Apache Hadoop YARN Site                                            [pom]
[INFO] Apache Hadoop YARN UI                                              [pom]
[INFO] Apache Hadoop YARN Project                                         [pom]
[INFO] Apache Hadoop MapReduce HistoryServer Plugins                      [jar]
[INFO] Apache Hadoop MapReduce NativeTask                                 [jar]
[INFO] Apache Hadoop MapReduce Uploader                                   [jar]
[INFO] Apache Hadoop MapReduce Examples                                   [jar]
[INFO] Apache Hadoop MapReduce                                            [pom]
[INFO] Apache Hadoop MapReduce Streaming                                  [jar]
[INFO] Apache Hadoop Distributed Copy                                     [jar]
[INFO] Apache Hadoop Archives                                             [jar]
[INFO] Apache Hadoop Archive Logs                                         [jar]
[INFO] Apache Hadoop Rumen                                                [jar]
[INFO] Apache Hadoop Gridmix                                              [jar]
[INFO] Apache Hadoop Data Join                                            [jar]
[INFO] Apache Hadoop Extras                                               [jar]
[INFO] Apache Hadoop Pipes                                                [pom]
[INFO] Apache Hadoop OpenStack support                                    [jar]
[INFO] Apache Hadoop Amazon Web Services support                          [jar]
[INFO] Apache Hadoop Kafka Library support                                [jar]
[INFO] Apache Hadoop Azure support                                        [jar]
[INFO] Apache Hadoop Aliyun OSS support                                   [jar]
[INFO] Apache Hadoop Client Aggregator                                    [jar]
[INFO] Apache Hadoop Scheduler Load Simulator                             [jar]
[INFO] Apache Hadoop Resource Estimator Service                           [jar]
[INFO] Apache Hadoop Azure Data Lake support                              [jar]
[INFO] Apache Hadoop Tools Dist                                           [jar]
[INFO] Apache Hadoop Tools                                                [pom]
[INFO] Apache Hadoop Client API                                           [jar]
[INFO] Apache Hadoop Client Runtime                                       [jar]
[INFO] Apache Hadoop Client Packaging Invariants                          [pom]
[INFO] Apache Hadoop Client Test Minicluster                              [jar]
[INFO] Apache Hadoop Client Packaging Invariants for Test                 [pom]
[INFO] Apache Hadoop Client Packaging Integration Tests                   [jar]
[INFO] Apache Hadoop Distribution                                         [jar]
[INFO] Apache Hadoop Client Modules                                       [pom]
[INFO] Apache Hadoop Cloud Storage                                        [jar]
[INFO] Apache Hadoop Cloud Storage Project                                [pom]
[INFO] 
[INFO] -------------------< org.apache.hadoop:hadoop-main >--------------------
[INFO] Building Apache Hadoop Main 3.2.2-SNAPSHOT                        [1/97]
[INFO]   from pom.xml
[INFO] --------------------------------[ pom ]---------------------------------
[INFO] 
[INFO] --- enforcer:3.0.0-M1:enforce (clean) @ hadoop-main ---
[INFO] Skipping Rule Enforcement.
[INFO] 
[INFO] --- clean:3.2.0:clean (default-clean) @ hadoop-main ---
[INFO] 
[INFO] --- enforcer:3.0.0-M1:enforce (default) @ hadoop-main ---
[INFO] Skipping Rule Enforcement.
[INFO] 
[INFO] --- enforcer:3.0.0-M1:enforce (enforce-property) @ hadoop-main ---
[INFO] Skipping Rule Enforcement.
[INFO] 
[INFO] --- site:3.6:attach-descriptor (attach-descriptor) @ hadoop-main ---
[INFO] No site descriptor found: nothing to attach.
[INFO] 
[INFO] --- install:3.1.4:install (default-install) @ hadoop-main ---
[INFO] Installing /home/runner/work/sonar-analysis/sonar-analysis/project/pom.xml to /home/runner/.m2/repository/org/apache/hadoop/hadoop-main/3.2.2-SNAPSHOT/hadoop-main-3.2.2-SNAPSHOT.pom
[INFO] 
[INFO] ----------------< org.apache.hadoop:hadoop-build-tools >----------------
[INFO] Building Apache Hadoop Build Tools 3.2.2-SNAPSHOT                 [2/97]
[INFO]   from hadoop-build-tools/pom.xml
[INFO] --------------------------------[ jar ]---------------------------------
[INFO] 
[INFO] --- clean:3.2.0:clean (default-clean) @ hadoop-build-tools ---
[INFO] 
[INFO] --- resources:3.0.1:copy-resources (copy-resources) @ hadoop-build-tools ---
[INFO] Using 'UTF-8' encoding to copy filtered resources.
[INFO] Copying 2 resources
[INFO] 
[INFO] --- antrun:1.7:run (dummy) @ hadoop-build-tools ---
[INFO] No ant target defined - SKIPPED
[INFO] 
[INFO] --- resources:3.0.1:resources (default-resources) @ hadoop-build-tools ---
[INFO] Using 'UTF-8' encoding to copy filtered resources.
[INFO] Copying 2 resources to META-INF
[INFO] Copying 3 resources
[INFO] 
[INFO] --- remote-resources:1.5:bundle (default) @ hadoop-build-tools ---
[INFO] 
[INFO] --- compiler:3.15.0:compile (default-compile) @ hadoop-build-tools ---
[INFO] No sources to compile
[INFO] 
[INFO] --- resources:3.0.1:testResources (default-testResources) @ hadoop-build-tools ---
[INFO] Using 'UTF-8' encoding to copy filtered resources.
[INFO] skip non existing resourceDirectory /home/runner/work/sonar-analysis/sonar-analysis/project/hadoop-build-tools/src/test/resources
[INFO] 
[INFO] --- compiler:3.15.0:testCompile (default-testCompile) @ hadoop-build-tools ---
[INFO] No sources to compile
[INFO] 
[INFO] --- surefire:3.5.4:test (default-test) @ hadoop-build-tools ---
[INFO] Tests are skipped.
[INFO] 
[INFO] --- jar:3.5.0:jar (default-jar) @ hadoop-build-tools ---
[INFO] Building jar: /home/runner/work/sonar-analysis/sonar-analysis/project/hadoop-build-tools/target/hadoop-build-tools-3.2.2-SNAPSHOT.jar
[INFO] 
[INFO] --- site:3.6:attach-descriptor (attach-descriptor) @ hadoop-build-tools ---
[INFO] Skipping because packaging 'jar' is not pom.
[INFO] 
[INFO] --- install:3.1.4:install (default-install) @ hadoop-build-tools ---
[INFO] Installing /home/runner/work/sonar-analysis/sonar-analysis/project/hadoop-build-tools/pom.xml to /home/runner/.m2/repository/org/apache/hadoop/hadoop-build-tools/3.2.2-SNAPSHOT/hadoop-build-tools-3.2.2-SNAPSHOT.pom
[INFO] Installing /home/runner/work/sonar-analysis/sonar-analysis/project/hadoop-build-tools/target/hadoop-build-tools-3.2.2-SNAPSHOT.jar to /home/runner/.m2/repository/org/apache/hadoop/hadoop-build-tools/3.2.2-SNAPSHOT/hadoop-build-tools-3.2.2-SNAPSHOT.jar
[INFO] 
[INFO] ------------------< org.apache.hadoop:hadoop-project >------------------
[INFO] Building Apache Hadoop Project POM 3.2.2-SNAPSHOT                 [3/97]
[INFO]   from hadoop-project/pom.xml
[INFO] --------------------------------[ pom ]---------------------------------
[INFO] 
[INFO] --- clean:3.1.0:clean (default-clean) @ hadoop-project ---
[INFO] Deleting /home/runner/work/sonar-analysis/sonar-analysis/project/hadoop-project (includes = [dependency-reduced-pom.xml], excludes = [])
[INFO] 
[INFO] --- antrun:1.7:run (create-testdirs) @ hadoop-project ---
[INFO] Executing tasks

main:
    [mkdir] Created dir: /home/runner/work/sonar-analysis/sonar-analysis/project/hadoop-project/target/test-dir
[INFO] Executed tasks
[INFO] 
[INFO] --- remote-resources:1.5:process (default) @ hadoop-project ---
[INFO] 
[INFO] --- site:3.6:attach-descriptor (attach-descriptor) @ hadoop-project ---
[INFO] Attaching 'src/site/site.xml' site descriptor with classifier 'site'.
[INFO] 
[INFO] --- animal-sniffer:1.16:check (signature-check) @ hadoop-project ---
[INFO] Checking unresolved references to org.codehaus.mojo.signature:java18:1.0
[INFO] 
[INFO] --- enforcer:3.0.0-M1:enforce (depcheck) @ hadoop-project ---
[INFO] Skipping Rule Enforcement.
[INFO] 
[INFO] --- install:2.5.1:install (default-install) @ hadoop-project ---
[INFO] Installing /home/runner/work/sonar-analysis/sonar-analysis/project/hadoop-project/pom.xml to /home/runner/.m2/repository/org/apache/hadoop/hadoop-project/3.2.2-SNAPSHOT/hadoop-project-3.2.2-SNAPSHOT.pom
[INFO] Installing /home/runner/work/sonar-analysis/sonar-analysis/project/hadoop-project/target/hadoop-project-3.2.2-SNAPSHOT-site.xml to /home/runner/.m2/repository/org/apache/hadoop/hadoop-project/3.2.2-SNAPSHOT/hadoop-project-3.2.2-SNAPSHOT-site.xml
[INFO] 
[INFO] ----------------< org.apache.hadoop:hadoop-annotations >----------------
[INFO] Building Apache Hadoop Annotations 3.2.2-SNAPSHOT                 [4/97]
[INFO]   from hadoop-common-project/hadoop-annotations/pom.xml
[INFO] --------------------------------[ jar ]---------------------------------
[INFO] 
[INFO] --- clean:3.1.0:clean (default-clean) @ hadoop-annotations ---
[INFO] Deleting /home/runner/work/sonar-analysis/sonar-analysis/project/hadoop-common-project/hadoop-annotations (includes = [dependency-reduced-pom.xml], excludes = [])
[INFO] 
[INFO] --- antrun:1.7:run (create-testdirs) @ hadoop-annotations ---
[INFO] Executing tasks

main:
    [mkdir] Created dir: /home/runner/work/sonar-analysis/sonar-analysis/project/hadoop-common-project/hadoop-annotations/target/test-dir
[INFO] Executed tasks
[INFO] 
[INFO] --- remote-resources:1.5:process (default) @ hadoop-annotations ---
[INFO] 
[INFO] --- resources:2.6:resources (default-resources) @ hadoop-annotations ---
[INFO] Using 'UTF-8' encoding to copy filtered resources.
[INFO] skip non existing resourceDirectory /home/runner/work/sonar-analysis/sonar-analysis/project/hadoop-common-project/hadoop-annotations/src/main/resources
[INFO] Copying 2 resources
[INFO] 
[INFO] --- compiler:3.1:compile (default-compile) @ hadoop-annotations ---
[INFO] Compiling 9 source files to /home/runner/work/sonar-analysis/sonar-analysis/project/hadoop-common-project/hadoop-annotations/target/classes
[INFO] 
[INFO] --- resources:2.6:testResources (default-testResources) @ hadoop-annotations ---
[INFO] Using 'UTF-8' encoding to copy filtered resources.
[INFO] skip non existing resourceDirectory /home/runner/work/sonar-analysis/sonar-analysis/project/hadoop-common-project/hadoop-annotations/src/test/resources
[INFO] Copying 2 resources
[INFO] 
[INFO] --- compiler:3.1:testCompile (default-testCompile) @ hadoop-annotations ---
[INFO] No sources to compile
[INFO] 
[INFO] --- surefire:3.0.0-M1:test (default-test) @ hadoop-annotations ---
[INFO] Tests are skipped.
[INFO] 
[INFO] --- jar:2.5:jar (default-jar) @ hadoop-annotations ---
[INFO] Building jar: /home/runner/work/sonar-analysis/sonar-analysis/project/hadoop-common-project/hadoop-annotations/target/hadoop-annotations-3.2.2-SNAPSHOT.jar
[INFO] 
[INFO] --- site:3.6:attach-descriptor (attach-descriptor) @ hadoop-annotations ---
[INFO] Skipping because packaging 'jar' is not pom.
[INFO] 
[INFO] --- animal-sniffer:1.16:check (signature-check) @ hadoop-annotations ---
[INFO] Checking unresolved references to org.codehaus.mojo.signature:java18:1.0
[INFO] 
[INFO] --- enforcer:3.0.0-M1:enforce (depcheck) @ hadoop-annotations ---
[INFO] Skipping Rule Enforcement.
[INFO] 
[INFO] --- install:2.5.1:install (default-install) @ hadoop-annotations ---
[INFO] Installing /home/runner/work/sonar-analysis/sonar-analysis/project/hadoop-common-project/hadoop-annotations/target/hadoop-annotations-3.2.2-SNAPSHOT.jar to /home/runner/.m2/repository/org/apache/hadoop/hadoop-annotations/3.2.2-SNAPSHOT/hadoop-annotations-3.2.2-SNAPSHOT.jar
[INFO] Installing /home/runner/work/sonar-analysis/sonar-analysis/project/hadoop-common-project/hadoop-annotations/pom.xml to /home/runner/.m2/repository/org/apache/hadoop/hadoop-annotations/3.2.2-SNAPSHOT/hadoop-annotations-3.2.2-SNAPSHOT.pom
[INFO] 
[INFO] ---------------< org.apache.hadoop:hadoop-project-dist >----------------
[INFO] Building Apache Hadoop Project Dist POM 3.2.2-SNAPSHOT            [5/97]
[INFO]   from hadoop-project-dist/pom.xml
[INFO] --------------------------------[ pom ]---------------------------------
[INFO] 
[INFO] --- clean:3.1.0:clean (default-clean) @ hadoop-project-dist ---
[INFO] Deleting /home/runner/work/sonar-analysis/sonar-analysis/project/hadoop-project-dist (includes = [dependency-reduced-pom.xml], excludes = [])
[INFO] 
[INFO] --- antrun:1.7:run (create-testdirs) @ hadoop-project-dist ---
[INFO] Executing tasks

main:
    [mkdir] Created dir: /home/runner/work/sonar-analysis/sonar-analysis/project/hadoop-project-dist/target/test-dir
    [mkdir] Created dir: /home/runner/work/sonar-analysis/sonar-analysis/project/hadoop-project-dist/target/test/data
[INFO] Executed tasks
[INFO] 
[INFO] --- remote-resources:1.5:process (default) @ hadoop-project-dist ---
[INFO] 
[INFO] --- jar:2.5:jar (prepare-jar) @ hadoop-project-dist ---
[WARNING] JAR will be empty - no content was marked for inclusion!
[INFO] Building jar: /home/runner/work/sonar-analysis/sonar-analysis/project/hadoop-project-dist/target/hadoop-project-dist-3.2.2-SNAPSHOT.jar
[INFO] 
[INFO] --- jar:2.5:test-jar (prepare-test-jar) @ hadoop-project-dist ---
[WARNING] JAR will be empty - no content was marked for inclusion!
[INFO] Building jar: /home/runner/work/sonar-analysis/sonar-analysis/project/hadoop-project-dist/target/hadoop-project-dist-3.2.2-SNAPSHOT-tests.jar
[INFO] 
[INFO] --- site:3.6:attach-descriptor (attach-descriptor) @ hadoop-project-dist ---
[INFO] No site descriptor found: nothing to attach.
[INFO] 
[INFO] --- animal-sniffer:1.16:check (signature-check) @ hadoop-project-dist ---
[INFO] Checking unresolved references to org.codehaus.mojo.signature:java18:1.0
[INFO] 
[INFO] --- enforcer:3.0.0-M1:enforce (depcheck) @ hadoop-project-dist ---
[INFO] Skipping Rule Enforcement.
[INFO] 
[INFO] --- install:2.5.1:install (default-install) @ hadoop-project-dist ---
[INFO] Installing /home/runner/work/sonar-analysis/sonar-analysis/project/hadoop-project-dist/pom.xml to /home/runner/.m2/repository/org/apache/hadoop/hadoop-project-dist/3.2.2-SNAPSHOT/hadoop-project-dist-3.2.2-SNAPSHOT.pom
[INFO] Installing /home/runner/work/sonar-analysis/sonar-analysis/project/hadoop-project-dist/target/hadoop-project-dist-3.2.2-SNAPSHOT-tests.jar to /home/runner/.m2/repository/org/apache/hadoop/hadoop-project-dist/3.2.2-SNAPSHOT/hadoop-project-dist-3.2.2-SNAPSHOT-tests.jar
[INFO] 
[INFO] ----------------< org.apache.hadoop:hadoop-assemblies >-----------------
[INFO] Building Apache Hadoop Assemblies 3.2.2-SNAPSHOT                  [6/97]
[INFO]   from hadoop-assemblies/pom.xml
[INFO] --------------------------------[ jar ]---------------------------------
[INFO] 
[INFO] --- enforcer:3.0.0-M1:enforce (clean) @ hadoop-assemblies ---
[INFO] Skipping Rule Enforcement.
[INFO] 
[INFO] --- clean:3.1.0:clean (default-clean) @ hadoop-assemblies ---
[INFO] Deleting /home/runner/work/sonar-analysis/sonar-analysis/project/hadoop-assemblies (includes = [dependency-reduced-pom.xml], excludes = [])
[INFO] 
[INFO] --- antrun:1.7:run (create-testdirs) @ hadoop-assemblies ---
[INFO] Executing tasks

main:
    [mkdir] Created dir: /home/runner/work/sonar-analysis/sonar-analysis/project/hadoop-assemblies/target/test-dir
[INFO] Executed tasks
[INFO] 
[INFO] --- enforcer:3.0.0-M1:enforce (default) @ hadoop-assemblies ---
[INFO] Skipping Rule Enforcement.
[INFO] 
[INFO] --- remote-resources:1.5:process (default) @ hadoop-assemblies ---
[INFO] 
[INFO] --- resources:2.6:resources (default-resources) @ hadoop-assemblies ---
[INFO] Using 'UTF-8' encoding to copy filtered resources.
[INFO] Copying 11 resources
[INFO] Copying 2 resources
[INFO] 
[INFO] --- compiler:3.1:compile (default-compile) @ hadoop-assemblies ---
[INFO] No sources to compile
[INFO] 
[INFO] --- resources:2.6:testResources (default-testResources) @ hadoop-assemblies ---
[INFO] Using 'UTF-8' encoding to copy filtered resources.
[INFO] skip non existing resourceDirectory /home/runner/work/sonar-analysis/sonar-analysis/project/hadoop-assemblies/src/test/resources
[INFO] Copying 2 resources
[INFO] 
[INFO] --- compiler:3.1:testCompile (default-testCompile) @ hadoop-assemblies ---
[INFO] No sources to compile
[INFO] 
[INFO] --- surefire:3.0.0-M1:test (default-test) @ hadoop-assemblies ---
[INFO] Tests are skipped.
[INFO] 
[INFO] --- jar:2.5:jar (default-jar) @ hadoop-assemblies ---
[INFO] Building jar: /home/runner/work/sonar-analysis/sonar-analysis/project/hadoop-assemblies/target/hadoop-assemblies-3.2.2-SNAPSHOT.jar
[INFO] 
[INFO] --- site:3.6:attach-descriptor (attach-descriptor) @ hadoop-assemblies ---
[INFO] Skipping because packaging 'jar' is not pom.
[INFO] 
[INFO] --- animal-sniffer:1.16:check (signature-check) @ hadoop-assemblies ---
[INFO] Checking unresolved references to org.codehaus.mojo.signature:java18:1.0
[INFO] 
[INFO] --- enforcer:3.0.0-M1:enforce (depcheck) @ hadoop-assemblies ---
[INFO] Skipping Rule Enforcement.
[INFO] 
[INFO] --- install:2.5.1:install (default-install) @ hadoop-assemblies ---
[INFO] Installing /home/runner/work/sonar-analysis/sonar-analysis/project/hadoop-assemblies/target/hadoop-assemblies-3.2.2-SNAPSHOT.jar to /home/runner/.m2/repository/org/apache/hadoop/hadoop-assemblies/3.2.2-SNAPSHOT/hadoop-assemblies-3.2.2-SNAPSHOT.jar
[INFO] Installing /home/runner/work/sonar-analysis/sonar-analysis/project/hadoop-assemblies/pom.xml to /home/runner/.m2/repository/org/apache/hadoop/hadoop-assemblies/3.2.2-SNAPSHOT/hadoop-assemblies-3.2.2-SNAPSHOT.pom
[INFO] 
[INFO] ---------------< org.apache.hadoop:hadoop-maven-plugins >---------------
[INFO] Building Apache Hadoop Maven Plugins 3.2.2-SNAPSHOT               [7/97]
[INFO]   from hadoop-maven-plugins/pom.xml
[INFO] ----------------------------[ maven-plugin ]----------------------------
[INFO] 
[INFO] --- clean:3.1.0:clean (default-clean) @ hadoop-maven-plugins ---
[INFO] Deleting /home/runner/work/sonar-analysis/sonar-analysis/project/hadoop-maven-plugins (includes = [dependency-reduced-pom.xml], excludes = [])
[INFO] 
[INFO] --- antrun:1.7:run (create-testdirs) @ hadoop-maven-plugins ---
[INFO] Executing tasks

main:
    [mkdir] Created dir: /home/runner/work/sonar-analysis/sonar-analysis/project/hadoop-maven-plugins/target/test-dir
[INFO] Executed tasks
[INFO] 
[INFO] --- remote-resources:1.5:process (default) @ hadoop-maven-plugins ---
[INFO] 
[INFO] --- resources:2.6:resources (default-resources) @ hadoop-maven-plugins ---
[INFO] Using 'UTF-8' encoding to copy filtered resources.
[INFO] skip non existing resourceDirectory /home/runner/work/sonar-analysis/sonar-analysis/project/hadoop-maven-plugins/src/main/resources
[INFO] Copying 2 resources
[INFO] 
[INFO] --- compiler:3.1:compile (default-compile) @ hadoop-maven-plugins ---
[INFO] Compiling 13 source files to /home/runner/work/sonar-analysis/sonar-analysis/project/hadoop-maven-plugins/target/classes
[WARNING] /home/runner/work/sonar-analysis/sonar-analysis/project/hadoop-maven-plugins/src/main/java/org/apache/hadoop/maven/plugin/resourcegz/ResourceGzMojo.java: /home/runner/work/sonar-analysis/sonar-analysis/project/hadoop-maven-plugins/src/main/java/org/apache/hadoop/maven/plugin/resourcegz/ResourceGzMojo.java uses or overrides a deprecated API.
[WARNING] /home/runner/work/sonar-analysis/sonar-analysis/project/hadoop-maven-plugins/src/main/java/org/apache/hadoop/maven/plugin/resourcegz/ResourceGzMojo.java: Recompile with -Xlint:deprecation for details.
[INFO] 
[INFO] --- plugin:3.5.1:descriptor (default-descriptor) @ hadoop-maven-plugins ---
[INFO] Using 'UTF-8' encoding to read mojo source files.
[INFO] java-javadoc mojo extractor found 0 mojo descriptor.
[INFO] java-annotations mojo extractor found 7 mojo descriptors.
[INFO] 
[INFO] --- resources:2.6:testResources (default-testResources) @ hadoop-maven-plugins ---
[INFO] Using 'UTF-8' encoding to copy filtered resources.
[INFO] skip non existing resourceDirectory /home/runner/work/sonar-analysis/sonar-analysis/project/hadoop-maven-plugins/src/test/resources
[INFO] Copying 2 resources
[INFO] 
[INFO] --- compiler:3.1:testCompile (default-testCompile) @ hadoop-maven-plugins ---
[INFO] No sources to compile
[INFO] 
[INFO] --- surefire:3.0.0-M1:test (default-test) @ hadoop-maven-plugins ---
[INFO] Tests are skipped.
[INFO] 
[INFO] --- jar:2.5:jar (default-jar) @ hadoop-maven-plugins ---
[INFO] Building jar: /home/runner/work/sonar-analysis/sonar-analysis/project/hadoop-maven-plugins/target/hadoop-maven-plugins-3.2.2-SNAPSHOT.jar
[INFO] 
[INFO] --- site:3.6:attach-descriptor (attach-descriptor) @ hadoop-maven-plugins ---
[INFO] Skipping because packaging 'maven-plugin' is not pom.
[INFO] 
[INFO] --- animal-sniffer:1.16:check (signature-check) @ hadoop-maven-plugins ---
[INFO] Checking unresolved references to org.codehaus.mojo.signature:java18:1.0
[INFO] 
[INFO] --- enforcer:3.0.0-M1:enforce (depcheck) @ hadoop-maven-plugins ---
[INFO] Skipping Rule Enforcement.
[INFO] 
[INFO] --- install:2.5.1:install (default-install) @ hadoop-maven-plugins ---
[INFO] Installing /home/runner/work/sonar-analysis/sonar-analysis/project/hadoop-maven-plugins/target/hadoop-maven-plugins-3.2.2-SNAPSHOT.jar to /home/runner/.m2/repository/org/apache/hadoop/hadoop-maven-plugins/3.2.2-SNAPSHOT/hadoop-maven-plugins-3.2.2-SNAPSHOT.jar
[INFO] Installing /home/runner/work/sonar-analysis/sonar-analysis/project/hadoop-maven-plugins/pom.xml to /home/runner/.m2/repository/org/apache/hadoop/hadoop-maven-plugins/3.2.2-SNAPSHOT/hadoop-maven-plugins-3.2.2-SNAPSHOT.pom
[INFO] 
[INFO] ------------------< org.apache.hadoop:hadoop-minikdc >------------------
[INFO] Building Apache Hadoop MiniKDC 3.2.2-SNAPSHOT                     [8/97]
[INFO]   from hadoop-common-project/hadoop-minikdc/pom.xml
[INFO] --------------------------------[ jar ]---------------------------------
[INFO] 
[INFO] --- clean:3.1.0:clean (default-clean) @ hadoop-minikdc ---
[INFO] Deleting /home/runner/work/sonar-analysis/sonar-analysis/project/hadoop-common-project/hadoop-minikdc (includes = [dependency-reduced-pom.xml], excludes = [])
[INFO] 
[INFO] --- antrun:1.7:run (create-testdirs) @ hadoop-minikdc ---
[INFO] Executing tasks

main:
    [mkdir] Created dir: /home/runner/work/sonar-analysis/sonar-analysis/project/hadoop-common-project/hadoop-minikdc/target/test-dir
[INFO] Executed tasks
[INFO] 
[INFO] --- remote-resources:1.5:process (default) @ hadoop-minikdc ---
[INFO] 
[INFO] --- resources:2.6:resources (default-resources) @ hadoop-minikdc ---
[INFO] Using 'UTF-8' encoding to copy filtered resources.
[INFO] Copying 1 resource
[INFO] Copying 2 resources
[INFO] 
[INFO] --- compiler:3.1:compile (default-compile) @ hadoop-minikdc ---
[INFO] Compiling 2 source files to /home/runner/work/sonar-analysis/sonar-analysis/project/hadoop-common-project/hadoop-minikdc/target/classes
[INFO] 
[INFO] --- resources:2.6:testResources (default-testResources) @ hadoop-minikdc ---
[INFO] Using 'UTF-8' encoding to copy filtered resources.
[INFO] skip non existing resourceDirectory /home/runner/work/sonar-analysis/sonar-analysis/project/hadoop-common-project/hadoop-minikdc/src/test/resources
[INFO] Copying 2 resources
[INFO] 
[INFO] --- compiler:3.1:testCompile (default-testCompile) @ hadoop-minikdc ---
[INFO] Compiling 2 source files to /home/runner/work/sonar-analysis/sonar-analysis/project/hadoop-common-project/hadoop-minikdc/target/test-classes
[INFO] 
[INFO] --- surefire:3.0.0-M1:test (default-test) @ hadoop-minikdc ---
[INFO] Tests are skipped.
[INFO] 
[INFO] --- jar:2.5:jar (default-jar) @ hadoop-minikdc ---
[INFO] Building jar: /home/runner/work/sonar-analysis/sonar-analysis/project/hadoop-common-project/hadoop-minikdc/target/hadoop-minikdc-3.2.2-SNAPSHOT.jar
[INFO] 
[INFO] --- site:3.6:attach-descriptor (attach-descriptor) @ hadoop-minikdc ---
[INFO] Skipping because packaging 'jar' is not pom.
[INFO] 
[INFO] --- animal-sniffer:1.16:check (signature-check) @ hadoop-minikdc ---
[INFO] Checking unresolved references to org.codehaus.mojo.signature:java18:1.0
[INFO] 
[INFO] --- enforcer:3.0.0-M1:enforce (depcheck) @ hadoop-minikdc ---
[INFO] Skipping Rule Enforcement.
[INFO] 
[INFO] --- install:2.5.1:install (default-install) @ hadoop-minikdc ---
[INFO] Installing /home/runner/work/sonar-analysis/sonar-analysis/project/hadoop-common-project/hadoop-minikdc/target/hadoop-minikdc-3.2.2-SNAPSHOT.jar to /home/runner/.m2/repository/org/apache/hadoop/hadoop-minikdc/3.2.2-SNAPSHOT/hadoop-minikdc-3.2.2-SNAPSHOT.jar
[INFO] Installing /home/runner/work/sonar-analysis/sonar-analysis/project/hadoop-common-project/hadoop-minikdc/pom.xml to /home/runner/.m2/repository/org/apache/hadoop/hadoop-minikdc/3.2.2-SNAPSHOT/hadoop-minikdc-3.2.2-SNAPSHOT.pom
[INFO] 
[INFO] -------------------< org.apache.hadoop:hadoop-auth >--------------------
[INFO] Building Apache Hadoop Auth 3.2.2-SNAPSHOT                        [9/97]
[INFO]   from hadoop-common-project/hadoop-auth/pom.xml
[INFO] --------------------------------[ jar ]---------------------------------
[INFO] 
[INFO] --- clean:3.1.0:clean (default-clean) @ hadoop-auth ---
[INFO] Deleting /home/runner/work/sonar-analysis/sonar-analysis/project/hadoop-common-project/hadoop-auth (includes = [dependency-reduced-pom.xml], excludes = [])
[INFO] 
[INFO] --- antrun:1.7:run (create-testdirs) @ hadoop-auth ---
[INFO] Executing tasks

main:
    [mkdir] Created dir: /home/runner/work/sonar-analysis/sonar-analysis/project/hadoop-common-project/hadoop-auth/target/test-dir
[INFO] Executed tasks
[INFO] 
[INFO] --- remote-resources:1.5:process (default) @ hadoop-auth ---
[INFO] 
[INFO] --- resources:2.6:resources (default-resources) @ hadoop-auth ---
[INFO] Using 'UTF-8' encoding to copy filtered resources.
[INFO] skip non existing resourceDirectory /home/runner/work/sonar-analysis/sonar-analysis/project/hadoop-common-project/hadoop-auth/src/main/resources
[INFO] Copying 2 resources
[INFO] 
[INFO] --- compiler:3.1:compile (default-compile) @ hadoop-auth ---
[INFO] Compiling 31 source files to /home/runner/work/sonar-analysis/sonar-analysis/project/hadoop-common-project/hadoop-auth/target/classes
[WARNING] /home/runner/work/sonar-analysis/sonar-analysis/project/hadoop-common-project/hadoop-auth/src/main/java/org/apache/hadoop/security/authentication/client/KerberosAuthenticator.java: /home/runner/work/sonar-analysis/sonar-analysis/project/hadoop-common-project/hadoop-auth/src/main/java/org/apache/hadoop/security/authentication/client/KerberosAuthenticator.java uses unchecked or unsafe operations.
[WARNING] /home/runner/work/sonar-analysis/sonar-analysis/project/hadoop-common-project/hadoop-auth/src/main/java/org/apache/hadoop/security/authentication/client/KerberosAuthenticator.java: Recompile with -Xlint:unchecked for details.
[INFO] 
[INFO] --- resources:2.6:testResources (default-testResources) @ hadoop-auth ---
[INFO] Using 'UTF-8' encoding to copy filtered resources.
[INFO] skip non existing resourceDirectory /home/runner/work/sonar-analysis/sonar-analysis/project/hadoop-common-project/hadoop-auth/src/test/resources
[INFO] Copying 2 resources
[INFO] 
[INFO] --- compiler:3.1:testCompile (default-testCompile) @ hadoop-auth ---
[INFO] Compiling 27 source files to /home/runner/work/sonar-analysis/sonar-analysis/project/hadoop-common-project/hadoop-auth/target/test-classes
[INFO] 
[INFO] --- surefire:3.0.0-M1:test (default-test) @ hadoop-auth ---
[INFO] Tests are skipped.
[INFO] 
[INFO] >>> source:2.3:jar (default) > generate-sources @ hadoop-auth >>>
[INFO] 
[INFO] --- antrun:1.7:run (create-testdirs) @ hadoop-auth ---
[INFO] Executing tasks

main:
[INFO] Executed tasks
[INFO] 
[INFO] <<< source:2.3:jar (default) < generate-sources @ hadoop-auth <<<
[INFO] 
[INFO] 
[INFO] --- source:2.3:jar (default) @ hadoop-auth ---
[INFO] Building jar: /home/runner/work/sonar-analysis/sonar-analysis/project/hadoop-common-project/hadoop-auth/target/hadoop-auth-3.2.2-SNAPSHOT-sources.jar
[INFO] 
[INFO] --- jar:2.5:jar (prepare-jar) @ hadoop-auth ---
[INFO] Building jar: /home/runner/work/sonar-analysis/sonar-analysis/project/hadoop-common-project/hadoop-auth/target/hadoop-auth-3.2.2-SNAPSHOT.jar
[INFO] 
[INFO] --- jar:2.5:test-jar (prepare-test-jar) @ hadoop-auth ---
[INFO] Building jar: /home/runner/work/sonar-analysis/sonar-analysis/project/hadoop-common-project/hadoop-auth/target/hadoop-auth-3.2.2-SNAPSHOT-tests.jar
[INFO] 
[INFO] --- jar:2.5:jar (default-jar) @ hadoop-auth ---
[INFO] 
[INFO] --- site:3.6:attach-descriptor (attach-descriptor) @ hadoop-auth ---
[INFO] Skipping because packaging 'jar' is not pom.
[INFO] 
[INFO] --- animal-sniffer:1.16:check (signature-check) @ hadoop-auth ---
[INFO] Checking unresolved references to org.codehaus.mojo.signature:java18:1.0
[INFO] 
[INFO] --- enforcer:3.0.0-M1:enforce (depcheck) @ hadoop-auth ---
[INFO] Skipping Rule Enforcement.
[INFO] 
[INFO] --- install:2.5.1:install (default-install) @ hadoop-auth ---
[INFO] Installing /home/runner/work/sonar-analysis/sonar-analysis/project/hadoop-common-project/hadoop-auth/target/hadoop-auth-3.2.2-SNAPSHOT.jar to /home/runner/.m2/repository/org/apache/hadoop/hadoop-auth/3.2.2-SNAPSHOT/hadoop-auth-3.2.2-SNAPSHOT.jar
[INFO] Installing /home/runner/work/sonar-analysis/sonar-analysis/project/hadoop-common-project/hadoop-auth/pom.xml to /home/runner/.m2/repository/org/apache/hadoop/hadoop-auth/3.2.2-SNAPSHOT/hadoop-auth-3.2.2-SNAPSHOT.pom
[INFO] Installing /home/runner/work/sonar-analysis/sonar-analysis/project/hadoop-common-project/hadoop-auth/target/hadoop-auth-3.2.2-SNAPSHOT-sources.jar to /home/runner/.m2/repository/org/apache/hadoop/hadoop-auth/3.2.2-SNAPSHOT/hadoop-auth-3.2.2-SNAPSHOT-sources.jar
[INFO] Installing /home/runner/work/sonar-analysis/sonar-analysis/project/hadoop-common-project/hadoop-auth/target/hadoop-auth-3.2.2-SNAPSHOT-tests.jar to /home/runner/.m2/repository/org/apache/hadoop/hadoop-auth/3.2.2-SNAPSHOT/hadoop-auth-3.2.2-SNAPSHOT-tests.jar
[INFO] 
[INFO] ---------------< org.apache.hadoop:hadoop-auth-examples >---------------
[INFO] Building Apache Hadoop Auth Examples 3.2.2-SNAPSHOT              [10/97]
[INFO]   from hadoop-common-project/hadoop-auth-examples/pom.xml
[INFO] --------------------------------[ war ]---------------------------------
[INFO] 
[INFO] --- clean:3.1.0:clean (default-clean) @ hadoop-auth-examples ---
[INFO] Deleting /home/runner/work/sonar-analysis/sonar-analysis/project/hadoop-common-project/hadoop-auth-examples (includes = [dependency-reduced-pom.xml], excludes = [])
[INFO] 
[INFO] --- antrun:1.7:run (create-testdirs) @ hadoop-auth-examples ---
[INFO] Executing tasks

main:
    [mkdir] Created dir: /home/runner/work/sonar-analysis/sonar-analysis/project/hadoop-common-project/hadoop-auth-examples/target/test-dir
[INFO] Executed tasks
[INFO] 
[INFO] --- remote-resources:1.5:process (default) @ hadoop-auth-examples ---
[INFO] 
[INFO] --- resources:2.6:resources (default-resources) @ hadoop-auth-examples ---
[INFO] Using 'UTF-8' encoding to copy filtered resources.
[INFO] Copying 1 resource
[INFO] Copying 2 resources
[INFO] 
[INFO] --- compiler:3.1:compile (default-compile) @ hadoop-auth-examples ---
[INFO] Compiling 3 source files to /home/runner/work/sonar-analysis/sonar-analysis/project/hadoop-common-project/hadoop-auth-examples/target/classes
[INFO] 
[INFO] --- resources:2.6:testResources (default-testResources) @ hadoop-auth-examples ---
[INFO] Using 'UTF-8' encoding to copy filtered resources.
[INFO] skip non existing resourceDirectory /home/runner/work/sonar-analysis/sonar-analysis/project/hadoop-common-project/hadoop-auth-examples/src/test/resources
[INFO] Copying 2 resources
[INFO] 
[INFO] --- compiler:3.1:testCompile (default-testCompile) @ hadoop-auth-examples ---
[INFO] No sources to compile
[INFO] 
[INFO] --- surefire:3.0.0-M1:test (default-test) @ hadoop-auth-examples ---
[INFO] Tests are skipped.
[INFO] 
[INFO] --- war:3.1.0:war (default-war) @ hadoop-auth-examples ---
[WARNING]  Parameter 'warName' is read-only, must not be used in configuration
[INFO] Packaging webapp
[INFO] Assembling webapp [hadoop-auth-examples] in [/home/runner/work/sonar-analysis/sonar-analysis/project/hadoop-common-project/hadoop-auth-examples/target/hadoop-auth-examples-3.2.2-SNAPSHOT]
[INFO] Processing war project
[INFO] Copying webapp resources [/home/runner/work/sonar-analysis/sonar-analysis/project/hadoop-common-project/hadoop-auth-examples/src/main/webapp]
[INFO] Webapp assembled in [42 msecs]
[INFO] Building war: /home/runner/work/sonar-analysis/sonar-analysis/project/hadoop-common-project/hadoop-auth-examples/target/hadoop-auth-examples.war
[INFO] 
[INFO] --- site:3.6:attach-descriptor (attach-descriptor) @ hadoop-auth-examples ---
[INFO] Skipping because packaging 'war' is not pom.
[INFO] 
[INFO] --- animal-sniffer:1.16:check (signature-check) @ hadoop-auth-examples ---
[INFO] Checking unresolved references to org.codehaus.mojo.signature:java18:1.0
[INFO] 
[INFO] --- enforcer:3.0.0-M1:enforce (depcheck) @ hadoop-auth-examples ---
[INFO] Skipping Rule Enforcement.
[INFO] 
[INFO] --- install:2.5.1:install (default-install) @ hadoop-auth-examples ---
[INFO] Installing /home/runner/work/sonar-analysis/sonar-analysis/project/hadoop-common-project/hadoop-auth-examples/target/hadoop-auth-examples.war to /home/runner/.m2/repository/org/apache/hadoop/hadoop-auth-examples/3.2.2-SNAPSHOT/hadoop-auth-examples-3.2.2-SNAPSHOT.war
[INFO] Installing /home/runner/work/sonar-analysis/sonar-analysis/project/hadoop-common-project/hadoop-auth-examples/pom.xml to /home/runner/.m2/repository/org/apache/hadoop/hadoop-auth-examples/3.2.2-SNAPSHOT/hadoop-auth-examples-3.2.2-SNAPSHOT.pom
[INFO] 
[INFO] ------------------< org.apache.hadoop:hadoop-common >-------------------
[INFO] Building Apache Hadoop Common 3.2.2-SNAPSHOT                     [11/97]
[INFO]   from hadoop-common-project/hadoop-common/pom.xml
[INFO] --------------------------------[ jar ]---------------------------------
[INFO] 
[INFO] --- clean:3.1.0:clean (default-clean) @ hadoop-common ---
[INFO] Deleting /home/runner/work/sonar-analysis/sonar-analysis/project/hadoop-common-project/hadoop-common/src/site/markdown (includes = [UnixShellAPI.md], excludes = [])
[INFO] Deleting /home/runner/work/sonar-analysis/sonar-analysis/project/hadoop-common-project/hadoop-common/src/site/resources (includes = [configuration.xsl, core-default.xml], excludes = [])
[INFO] 
[INFO] --- antrun:1.7:run (create-testdirs) @ hadoop-common ---
[INFO] Executing tasks

main:
    [mkdir] Created dir: /home/runner/work/sonar-analysis/sonar-analysis/project/hadoop-common-project/hadoop-common/target/test-dir
    [mkdir] Created dir: /home/runner/work/sonar-analysis/sonar-analysis/project/hadoop-common-project/hadoop-common/target/test/data
[INFO] Executed tasks
[INFO] 
[INFO] --- protobuf:0.5.1:compile (src-compile-protoc) @ hadoop-common ---
[INFO] Compiling 14 proto file(s) to /home/runner/work/sonar-analysis/sonar-analysis/project/hadoop-common-project/hadoop-common/target/generated-sources/java
[INFO] 
[INFO] --- hadoops:3.2.2-SNAPSHOT:version-info (version-info) @ hadoop-common ---
[INFO] SCM: GIT
[INFO] Computed MD5: 1f272f9cd259d87a7ea9d834951ba71
[INFO] 
[INFO] --- hadoops:3.2.2-SNAPSHOT:resource-gz (resource-gz) @ hadoop-common ---
[INFO] Compressing /home/runner/work/sonar-analysis/sonar-analysis/project/hadoop-common-project/hadoop-common/src/main/webapps/static/hadoop.css to /home/runner/work/sonar-analysis/sonar-analysis/project/hadoop-common-project/hadoop-common/target/webapps/static/hadoop.css.gz
[INFO] 
[INFO] --- remote-resources:1.5:process (default) @ hadoop-common ---
[INFO] 
[INFO] --- resources:2.6:resources (default-resources) @ hadoop-common ---
[INFO] Using 'UTF-8' encoding to copy filtered resources.
[INFO] Copying 11 resources
[INFO] Copying 1 resource
[INFO] Copying 2 resources
[INFO] 
[INFO] --- compiler:3.1:compile (default-compile) @ hadoop-common ---
[INFO] Compiling 1002 source files to /home/runner/work/sonar-analysis/sonar-analysis/project/hadoop-common-project/hadoop-common/target/classes
[WARNING] /home/runner/work/sonar-analysis/sonar-analysis/project/hadoop-common-project/hadoop-common/src/main/java/org/apache/hadoop/io/nativeio/NativeIO.java:[48,16] sun.misc.Unsafe is internal proprietary API and may be removed in a future release
[WARNING] /home/runner/work/sonar-analysis/sonar-analysis/project/hadoop-common-project/hadoop-common/src/main/java/org/apache/hadoop/security/LdapGroupsMapping.java:[59,25] com.sun.jndi.ldap.LdapCtxFactory is internal proprietary API and may be removed in a future release
[WARNING] /home/runner/work/sonar-analysis/sonar-analysis/project/hadoop-common-project/hadoop-common/src/main/java/org/apache/hadoop/service/launcher/IrqHandler.java:[26,16] sun.misc.Signal is internal proprietary API and may be removed in a future release
[WARNING] /home/runner/work/sonar-analysis/sonar-analysis/project/hadoop-common-project/hadoop-common/src/main/java/org/apache/hadoop/service/launcher/IrqHandler.java:[27,16] sun.misc.SignalHandler is internal proprietary API and may be removed in a future release
[WARNING] /home/runner/work/sonar-analysis/sonar-analysis/project/hadoop-common-project/hadoop-common/src/main/java/org/apache/hadoop/io/FastByteComparisons.java:[27,16] sun.misc.Unsafe is internal proprietary API and may be removed in a future release
[WARNING] /home/runner/work/sonar-analysis/sonar-analysis/project/hadoop-common-project/hadoop-common/src/main/java/org/apache/hadoop/util/SignalLogger.java:[21,16] sun.misc.Signal is internal proprietary API and may be removed in a future release
[WARNING] /home/runner/work/sonar-analysis/sonar-analysis/project/hadoop-common-project/hadoop-common/src/main/java/org/apache/hadoop/util/SignalLogger.java:[22,16] sun.misc.SignalHandler is internal proprietary API and may be removed in a future release
[WARNING] /home/runner/work/sonar-analysis/sonar-analysis/project/hadoop-common-project/hadoop-common/src/main/java/org/apache/hadoop/io/nativeio/NativeIO.java:[871,17] sun.misc.Unsafe is internal proprietary API and may be removed in a future release
[WARNING] /home/runner/work/sonar-analysis/sonar-analysis/project/hadoop-common-project/hadoop-common/src/main/java/org/apache/hadoop/io/nativeio/NativeIO.java:[873,7] sun.misc.Unsafe is internal proprietary API and may be removed in a future release
[WARNING] /home/runner/work/sonar-analysis/sonar-analysis/project/hadoop-common-project/hadoop-common/src/main/java/org/apache/hadoop/io/nativeio/NativeIO.java:[873,24] sun.misc.Unsafe is internal proprietary API and may be removed in a future release
[WARNING] /home/runner/work/sonar-analysis/sonar-analysis/project/hadoop-common-project/hadoop-common/src/main/java/org/apache/hadoop/security/LdapGroupsMapping.java:[262,39] com.sun.jndi.ldap.LdapCtxFactory is internal proprietary API and may be removed in a future release
[WARNING] /home/runner/work/sonar-analysis/sonar-analysis/project/hadoop-common-project/hadoop-common/src/main/java/org/apache/hadoop/security/LdapGroupsMapping.java:[263,40] com.sun.jndi.ldap.LdapCtxFactory is internal proprietary API and may be removed in a future release
[WARNING] /home/runner/work/sonar-analysis/sonar-analysis/project/hadoop-common-project/hadoop-common/src/main/java/org/apache/hadoop/service/launcher/IrqHandler.java:[42,42] sun.misc.SignalHandler is internal proprietary API and may be removed in a future release
[WARNING] /home/runner/work/sonar-analysis/sonar-analysis/project/hadoop-common-project/hadoop-common/src/main/java/org/apache/hadoop/service/launcher/IrqHandler.java:[71,11] sun.misc.Signal is internal proprietary API and may be removed in a future release
[WARNING] /home/runner/work/sonar-analysis/sonar-analysis/project/hadoop-common-project/hadoop-common/src/main/java/org/apache/hadoop/service/launcher/IrqHandler.java:[92,20] sun.misc.Signal is internal proprietary API and may be removed in a future release
[WARNING] /home/runner/work/sonar-analysis/sonar-analysis/project/hadoop-common-project/hadoop-common/src/main/java/org/apache/hadoop/service/launcher/IrqHandler.java:[93,7] sun.misc.Signal is internal proprietary API and may be removed in a future release
[WARNING] /home/runner/work/sonar-analysis/sonar-analysis/project/hadoop-common-project/hadoop-common/src/main/java/org/apache/hadoop/service/launcher/IrqHandler.java:[113,5] sun.misc.Signal is internal proprietary API and may be removed in a future release
[WARNING] /home/runner/work/sonar-analysis/sonar-analysis/project/hadoop-common-project/hadoop-common/src/main/java/org/apache/hadoop/service/launcher/IrqHandler.java:[126,22] sun.misc.Signal is internal proprietary API and may be removed in a future release
[WARNING] /home/runner/work/sonar-analysis/sonar-analysis/project/hadoop-common-project/hadoop-common/src/main/java/org/apache/hadoop/io/FastByteComparisons.java:[134,20] sun.misc.Unsafe is internal proprietary API and may be removed in a future release
[WARNING] /home/runner/work/sonar-analysis/sonar-analysis/project/hadoop-common-project/hadoop-common/src/main/java/org/apache/hadoop/io/FastByteComparisons.java:[140,22] sun.misc.Unsafe is internal proprietary API and may be removed in a future release
[WARNING] /home/runner/work/sonar-analysis/sonar-analysis/project/hadoop-common-project/hadoop-common/src/main/java/org/apache/hadoop/io/FastByteComparisons.java:[145,29] sun.misc.Unsafe is internal proprietary API and may be removed in a future release
[WARNING] /home/runner/work/sonar-analysis/sonar-analysis/project/hadoop-common-project/hadoop-common/src/main/java/org/apache/hadoop/util/SignalLogger.java:[44,43] sun.misc.SignalHandler is internal proprietary API and may be removed in a future release
[WARNING] /home/runner/work/sonar-analysis/sonar-analysis/project/hadoop-common-project/hadoop-common/src/main/java/org/apache/hadoop/util/SignalLogger.java:[46,19] sun.misc.SignalHandler is internal proprietary API and may be removed in a future release
[WARNING] /home/runner/work/sonar-analysis/sonar-analysis/project/hadoop-common-project/hadoop-common/src/main/java/org/apache/hadoop/util/SignalLogger.java:[50,39] sun.misc.Signal is internal proprietary API and may be removed in a future release
[WARNING] /home/runner/work/sonar-analysis/sonar-analysis/project/hadoop-common-project/hadoop-common/src/main/java/org/apache/hadoop/util/SignalLogger.java:[50,21] sun.misc.Signal is internal proprietary API and may be removed in a future release
[WARNING] /home/runner/work/sonar-analysis/sonar-analysis/project/hadoop-common-project/hadoop-common/src/main/java/org/apache/hadoop/util/SignalLogger.java:[59,24] sun.misc.Signal is internal proprietary API and may be removed in a future release
[WARNING] /home/runner/work/sonar-analysis/sonar-analysis/project/hadoop-common-project/hadoop-common/src/main/java/org/apache/hadoop/security/token/delegation/ZKDelegationTokenSecretManager.java: Some input files use or override a deprecated API.
[WARNING] /home/runner/work/sonar-analysis/sonar-analysis/project/hadoop-common-project/hadoop-common/src/main/java/org/apache/hadoop/security/token/delegation/ZKDelegationTokenSecretManager.java: Recompile with -Xlint:deprecation for details.
[WARNING] /home/runner/work/sonar-analysis/sonar-analysis/project/hadoop-common-project/hadoop-common/src/main/java/org/apache/hadoop/fs/FileSystem.java: Some input files use unchecked or unsafe operations.
[WARNING] /home/runner/work/sonar-analysis/sonar-analysis/project/hadoop-common-project/hadoop-common/src/main/java/org/apache/hadoop/fs/FileSystem.java: Recompile with -Xlint:unchecked for details.
[INFO] 
[INFO] --- avro:1.7.7:schema (generate-avro-test-sources) @ hadoop-common ---
[INFO] 
[INFO] --- protobuf:0.5.1:test-compile (src-test-compile-protoc) @ hadoop-common ---
[INFO] Compiling 2 proto file(s) to /home/runner/work/sonar-analysis/sonar-analysis/project/hadoop-common-project/hadoop-common/target/generated-test-sources/java
[INFO] 
[INFO] --- resources:2.6:testResources (default-testResources) @ hadoop-common ---
[INFO] Using 'UTF-8' encoding to copy filtered resources.
[INFO] Copying 33 resources
[INFO] Copying 2 resources
[INFO] 
[INFO] --- antrun:1.7:run (create-log-dir) @ hadoop-common ---
[INFO] Executing tasks

main:
   [delete] Deleting directory /home/runner/work/sonar-analysis/sonar-analysis/project/hadoop-common-project/hadoop-common/target/test/data
    [mkdir] Created dir: /home/runner/work/sonar-analysis/sonar-analysis/project/hadoop-common-project/hadoop-common/target/test/data
    [mkdir] Created dir: /home/runner/work/sonar-analysis/sonar-analysis/project/hadoop-common-project/hadoop-common/target/log
     [copy] Copying 8 files to /home/runner/work/sonar-analysis/sonar-analysis/project/hadoop-common-project/hadoop-common/target/test-classes
[INFO] Executed tasks
[INFO] 
[INFO] --- compiler:3.1:testCompile (default-testCompile) @ hadoop-common ---
[INFO] Compiling 645 source files to /home/runner/work/sonar-analysis/sonar-analysis/project/hadoop-common-project/hadoop-common/target/test-classes
[WARNING] /home/runner/work/sonar-analysis/sonar-analysis/project/hadoop-common-project/hadoop-common/src/test/java/org/apache/hadoop/util/curator/TestChildReaper.java: Some input files use or override a deprecated API.
[WARNING] /home/runner/work/sonar-analysis/sonar-analysis/project/hadoop-common-project/hadoop-common/src/test/java/org/apache/hadoop/util/curator/TestChildReaper.java: Recompile with -Xlint:deprecation for details.
[WARNING] /home/runner/work/sonar-analysis/sonar-analysis/project/hadoop-common-project/hadoop-common/src/test/java/org/apache/hadoop/test/LambdaTestUtils.java: Some input files use unchecked or unsafe operations.
[WARNING] /home/runner/work/sonar-analysis/sonar-analysis/project/hadoop-common-project/hadoop-common/src/test/java/org/apache/hadoop/test/LambdaTestUtils.java: Recompile with -Xlint:unchecked for details.
[INFO] 
[INFO] --- surefire:3.0.0-M1:test (default-test) @ hadoop-common ---
[INFO] Tests are skipped.
[INFO] 
[INFO] --- jar:2.5:jar (prepare-jar) @ hadoop-common ---
[INFO] Building jar: /home/runner/work/sonar-analysis/sonar-analysis/project/hadoop-common-project/hadoop-common/target/hadoop-common-3.2.2-SNAPSHOT.jar
[INFO] 
[INFO] --- jar:2.5:test-jar (prepare-test-jar) @ hadoop-common ---
[INFO] Building jar: /home/runner/work/sonar-analysis/sonar-analysis/project/hadoop-common-project/hadoop-common/target/hadoop-common-3.2.2-SNAPSHOT-tests.jar
[INFO] 
[INFO] --- jar:2.5:jar (default-jar) @ hadoop-common ---
[INFO] 
[INFO] --- site:3.6:attach-descriptor (attach-descriptor) @ hadoop-common ---
[INFO] Skipping because packaging 'jar' is not pom.
[INFO] 
[INFO] --- animal-sniffer:1.16:check (signature-check) @ hadoop-common ---
[INFO] Checking unresolved references to org.codehaus.mojo.signature:java18:1.0
[INFO] 
[INFO] --- enforcer:3.0.0-M1:enforce (depcheck) @ hadoop-common ---
[INFO] Skipping Rule Enforcement.
[INFO] 
[INFO] --- install:2.5.1:install (default-install) @ hadoop-common ---
[INFO] Installing /home/runner/work/sonar-analysis/sonar-analysis/project/hadoop-common-project/hadoop-common/target/hadoop-common-3.2.2-SNAPSHOT.jar to /home/runner/.m2/repository/org/apache/hadoop/hadoop-common/3.2.2-SNAPSHOT/hadoop-common-3.2.2-SNAPSHOT.jar
[INFO] Installing /home/runner/work/sonar-analysis/sonar-analysis/project/hadoop-common-project/hadoop-common/pom.xml to /home/runner/.m2/repository/org/apache/hadoop/hadoop-common/3.2.2-SNAPSHOT/hadoop-common-3.2.2-SNAPSHOT.pom
[INFO] Installing /home/runner/work/sonar-analysis/sonar-analysis/project/hadoop-common-project/hadoop-common/target/hadoop-common-3.2.2-SNAPSHOT-tests.jar to /home/runner/.m2/repository/org/apache/hadoop/hadoop-common/3.2.2-SNAPSHOT/hadoop-common-3.2.2-SNAPSHOT-tests.jar
[INFO] 
[INFO] --------------------< org.apache.hadoop:hadoop-nfs >--------------------
[INFO] Building Apache Hadoop NFS 3.2.2-SNAPSHOT                        [12/97]
[INFO]   from hadoop-common-project/hadoop-nfs/pom.xml
[INFO] --------------------------------[ jar ]---------------------------------
[INFO] 
[INFO] --- clean:3.1.0:clean (default-clean) @ hadoop-nfs ---
[INFO] Deleting /home/runner/work/sonar-analysis/sonar-analysis/project/hadoop-common-project/hadoop-nfs (includes = [dependency-reduced-pom.xml], excludes = [])
[INFO] 
[INFO] --- antrun:1.7:run (create-testdirs) @ hadoop-nfs ---
[INFO] Executing tasks

main:
    [mkdir] Created dir: /home/runner/work/sonar-analysis/sonar-analysis/project/hadoop-common-project/hadoop-nfs/target/test-dir
[INFO] Executed tasks
[INFO] 
[INFO] --- remote-resources:1.5:process (default) @ hadoop-nfs ---
[INFO] 
[INFO] --- resources:2.6:resources (default-resources) @ hadoop-nfs ---
[INFO] Using 'UTF-8' encoding to copy filtered resources.
[INFO] skip non existing resourceDirectory /home/runner/work/sonar-analysis/sonar-analysis/project/hadoop-common-project/hadoop-nfs/src/main/resources
[INFO] Copying 2 resources
[INFO] 
[INFO] --- compiler:3.1:compile (default-compile) @ hadoop-nfs ---
[INFO] Compiling 94 source files to /home/runner/work/sonar-analysis/sonar-analysis/project/hadoop-common-project/hadoop-nfs/target/classes
[INFO] 
[INFO] --- resources:2.6:testResources (default-testResources) @ hadoop-nfs ---
[INFO] Using 'UTF-8' encoding to copy filtered resources.
[INFO] Copying 1 resource
[INFO] Copying 2 resources
[INFO] 
[INFO] --- compiler:3.1:testCompile (default-testCompile) @ hadoop-nfs ---
[INFO] Compiling 14 source files to /home/runner/work/sonar-analysis/sonar-analysis/project/hadoop-common-project/hadoop-nfs/target/test-classes
[WARNING] /home/runner/work/sonar-analysis/sonar-analysis/project/hadoop-common-project/hadoop-nfs/src/test/java/org/apache/hadoop/portmap/TestPortmap.java: /home/runner/work/sonar-analysis/sonar-analysis/project/hadoop-common-project/hadoop-nfs/src/test/java/org/apache/hadoop/portmap/TestPortmap.java uses or overrides a deprecated API.
[WARNING] /home/runner/work/sonar-analysis/sonar-analysis/project/hadoop-common-project/hadoop-nfs/src/test/java/org/apache/hadoop/portmap/TestPortmap.java: Recompile with -Xlint:deprecation for details.
[INFO] 
[INFO] --- surefire:3.0.0-M1:test (default-test) @ hadoop-nfs ---
[INFO] Tests are skipped.
[INFO] 
[INFO] --- jar:2.5:jar (default-jar) @ hadoop-nfs ---
[INFO] Building jar: /home/runner/work/sonar-analysis/sonar-analysis/project/hadoop-common-project/hadoop-nfs/target/hadoop-nfs-3.2.2-SNAPSHOT.jar
[INFO] 
[INFO] --- site:3.6:attach-descriptor (attach-descriptor) @ hadoop-nfs ---
[INFO] Skipping because packaging 'jar' is not pom.
[INFO] 
[INFO] --- animal-sniffer:1.16:check (signature-check) @ hadoop-nfs ---
[INFO] Checking unresolved references to org.codehaus.mojo.signature:java18:1.0
[INFO] 
[INFO] --- enforcer:3.0.0-M1:enforce (depcheck) @ hadoop-nfs ---
[INFO] Skipping Rule Enforcement.
[INFO] 
[INFO] --- install:2.5.1:install (default-install) @ hadoop-nfs ---
[INFO] Installing /home/runner/work/sonar-analysis/sonar-analysis/project/hadoop-common-project/hadoop-nfs/target/hadoop-nfs-3.2.2-SNAPSHOT.jar to /home/runner/.m2/repository/org/apache/hadoop/hadoop-nfs/3.2.2-SNAPSHOT/hadoop-nfs-3.2.2-SNAPSHOT.jar
[INFO] Installing /home/runner/work/sonar-analysis/sonar-analysis/project/hadoop-common-project/hadoop-nfs/pom.xml to /home/runner/.m2/repository/org/apache/hadoop/hadoop-nfs/3.2.2-SNAPSHOT/hadoop-nfs-3.2.2-SNAPSHOT.pom
[INFO] 
[INFO] --------------------< org.apache.hadoop:hadoop-kms >--------------------
[INFO] Building Apache Hadoop KMS 3.2.2-SNAPSHOT                        [13/97]
[INFO]   from hadoop-common-project/hadoop-kms/pom.xml
[INFO] --------------------------------[ jar ]---------------------------------
[INFO] 
[INFO] --- clean:3.1.0:clean (default-clean) @ hadoop-kms ---
[INFO] Deleting /home/runner/work/sonar-analysis/sonar-analysis/project/hadoop-common-project/hadoop-kms (includes = [dependency-reduced-pom.xml], excludes = [])
[INFO] 
[INFO] --- antrun:1.7:run (create-testdirs) @ hadoop-kms ---
[INFO] Executing tasks

main:
    [mkdir] Created dir: /home/runner/work/sonar-analysis/sonar-analysis/project/hadoop-common-project/hadoop-kms/target/test-dir
[INFO] Executed tasks
[INFO] 
[INFO] --- remote-resources:1.5:process (default) @ hadoop-kms ---
[INFO] 
[INFO] --- resources:2.6:resources (default-resources) @ hadoop-kms ---
[INFO] Using 'UTF-8' encoding to copy filtered resources.
[INFO] Copying 3 resources
[INFO] Copying 2 resources
[INFO] 
[INFO] --- compiler:3.1:compile (default-compile) @ hadoop-kms ---
[INFO] Compiling 16 source files to /home/runner/work/sonar-analysis/sonar-analysis/project/hadoop-common-project/hadoop-kms/target/classes
[WARNING] /home/runner/work/sonar-analysis/sonar-analysis/project/hadoop-common-project/hadoop-kms/src/main/java/org/apache/hadoop/crypto/key/kms/server/KMS.java: /home/runner/work/sonar-analysis/sonar-analysis/project/hadoop-common-project/hadoop-kms/src/main/java/org/apache/hadoop/crypto/key/kms/server/KMS.java uses unchecked or unsafe operations.
[WARNING] /home/runner/work/sonar-analysis/sonar-analysis/project/hadoop-common-project/hadoop-kms/src/main/java/org/apache/hadoop/crypto/key/kms/server/KMS.java: Recompile with -Xlint:unchecked for details.
[INFO] 
[INFO] --- resources:2.6:testResources (default-testResources) @ hadoop-kms ---
[INFO] Using 'UTF-8' encoding to copy filtered resources.
[INFO] Copying 3 resources
[INFO] Copying 2 resources
[INFO] 
[INFO] --- compiler:3.1:testCompile (default-testCompile) @ hadoop-kms ---
[INFO] Compiling 8 source files to /home/runner/work/sonar-analysis/sonar-analysis/project/hadoop-common-project/hadoop-kms/target/test-classes
[WARNING] /home/runner/work/sonar-analysis/sonar-analysis/project/hadoop-common-project/hadoop-kms/src/test/java/org/apache/hadoop/crypto/key/kms/server/TestKMS.java: Some input files use or override a deprecated API.
[WARNING] /home/runner/work/sonar-analysis/sonar-analysis/project/hadoop-common-project/hadoop-kms/src/test/java/org/apache/hadoop/crypto/key/kms/server/TestKMS.java: Recompile with -Xlint:deprecation for details.
[WARNING] /home/runner/work/sonar-analysis/sonar-analysis/project/hadoop-common-project/hadoop-kms/src/test/java/org/apache/hadoop/crypto/key/kms/server/TestKMS.java: /home/runner/work/sonar-analysis/sonar-analysis/project/hadoop-common-project/hadoop-kms/src/test/java/org/apache/hadoop/crypto/key/kms/server/TestKMS.java uses unchecked or unsafe operations.
[WARNING] /home/runner/work/sonar-analysis/sonar-analysis/project/hadoop-common-project/hadoop-kms/src/test/java/org/apache/hadoop/crypto/key/kms/server/TestKMS.java: Recompile with -Xlint:unchecked for details.
[INFO] 
[INFO] --- surefire:3.0.0-M1:test (default-test) @ hadoop-kms ---
[INFO] Tests are skipped.
[INFO] 
[INFO] --- jar:2.5:test-jar (prepare-test-jar) @ hadoop-kms ---
[INFO] Building jar: /home/runner/work/sonar-analysis/sonar-analysis/project/hadoop-common-project/hadoop-kms/target/hadoop-kms-3.2.2-SNAPSHOT-tests.jar
[INFO] 
[INFO] --- jar:2.5:jar (default-jar) @ hadoop-kms ---
[INFO] Building jar: /home/runner/work/sonar-analysis/sonar-analysis/project/hadoop-common-project/hadoop-kms/target/hadoop-kms-3.2.2-SNAPSHOT.jar
[INFO] 
[INFO] --- site:3.6:attach-descriptor (attach-descriptor) @ hadoop-kms ---
[INFO] Skipping because packaging 'jar' is not pom.
[INFO] 
[INFO] --- animal-sniffer:1.16:check (signature-check) @ hadoop-kms ---
[INFO] Checking unresolved references to org.codehaus.mojo.signature:java18:1.0
[INFO] 
[INFO] --- enforcer:3.0.0-M1:enforce (depcheck) @ hadoop-kms ---
[INFO] Skipping Rule Enforcement.
[INFO] 
[INFO] --- install:2.5.1:install (default-install) @ hadoop-kms ---
[INFO] Installing /home/runner/work/sonar-analysis/sonar-analysis/project/hadoop-common-project/hadoop-kms/target/hadoop-kms-3.2.2-SNAPSHOT.jar to /home/runner/.m2/repository/org/apache/hadoop/hadoop-kms/3.2.2-SNAPSHOT/hadoop-kms-3.2.2-SNAPSHOT.jar
[INFO] Installing /home/runner/work/sonar-analysis/sonar-analysis/project/hadoop-common-project/hadoop-kms/pom.xml to /home/runner/.m2/repository/org/apache/hadoop/hadoop-kms/3.2.2-SNAPSHOT/hadoop-kms-3.2.2-SNAPSHOT.pom
[INFO] Installing /home/runner/work/sonar-analysis/sonar-analysis/project/hadoop-common-project/hadoop-kms/target/hadoop-kms-3.2.2-SNAPSHOT-tests.jar to /home/runner/.m2/repository/org/apache/hadoop/hadoop-kms/3.2.2-SNAPSHOT/hadoop-kms-3.2.2-SNAPSHOT-tests.jar
[INFO] 
[INFO] --------------< org.apache.hadoop:hadoop-common-project >---------------
[INFO] Building Apache Hadoop Common Project 3.2.2-SNAPSHOT             [14/97]
[INFO]   from hadoop-common-project/pom.xml
[INFO] --------------------------------[ pom ]---------------------------------
[INFO] 
[INFO] --- clean:3.1.0:clean (default-clean) @ hadoop-common-project ---
[INFO] Deleting /home/runner/work/sonar-analysis/sonar-analysis/project/hadoop-common-project (includes = [dependency-reduced-pom.xml], excludes = [])
[INFO] 
[INFO] --- antrun:1.7:run (create-testdirs) @ hadoop-common-project ---
[INFO] Executing tasks

main:
    [mkdir] Created dir: /home/runner/work/sonar-analysis/sonar-analysis/project/hadoop-common-project/target/test-dir
[INFO] Executed tasks
[INFO] 
[INFO] --- remote-resources:1.5:process (default) @ hadoop-common-project ---
[INFO] 
[INFO] --- site:3.6:attach-descriptor (attach-descriptor) @ hadoop-common-project ---
[INFO] No site descriptor found: nothing to attach.
[INFO] 
[INFO] --- animal-sniffer:1.16:check (signature-check) @ hadoop-common-project ---
[INFO] Checking unresolved references to org.codehaus.mojo.signature:java18:1.0
[INFO] 
[INFO] --- enforcer:3.0.0-M1:enforce (depcheck) @ hadoop-common-project ---
[INFO] Skipping Rule Enforcement.
[INFO] 
[INFO] --- install:2.5.1:install (default-install) @ hadoop-common-project ---
[INFO] Installing /home/runner/work/sonar-analysis/sonar-analysis/project/hadoop-common-project/pom.xml to /home/runner/.m2/repository/org/apache/hadoop/hadoop-common-project/3.2.2-SNAPSHOT/hadoop-common-project-3.2.2-SNAPSHOT.pom
[INFO] 
[INFO] ----------------< org.apache.hadoop:hadoop-hdfs-client >----------------
[INFO] Building Apache Hadoop HDFS Client 3.2.2-SNAPSHOT                [15/97]
[INFO]   from hadoop-hdfs-project/hadoop-hdfs-client/pom.xml
[INFO] --------------------------------[ jar ]---------------------------------
[INFO] 
[INFO] --- clean:3.1.0:clean (default-clean) @ hadoop-hdfs-client ---
[INFO] Deleting /home/runner/work/sonar-analysis/sonar-analysis/project/hadoop-hdfs-project/hadoop-hdfs-client (includes = [dependency-reduced-pom.xml], excludes = [])
[INFO] 
[INFO] --- antrun:1.7:run (create-testdirs) @ hadoop-hdfs-client ---
[INFO] Executing tasks

main:
    [mkdir] Created dir: /home/runner/work/sonar-analysis/sonar-analysis/project/hadoop-hdfs-project/hadoop-hdfs-client/target/test-dir
    [mkdir] Created dir: /home/runner/work/sonar-analysis/sonar-analysis/project/hadoop-hdfs-project/hadoop-hdfs-client/target/test/data
[INFO] Executed tasks
[INFO] 
[INFO] --- protobuf:0.5.1:compile (src-compile-protoc) @ hadoop-hdfs-client ---
[INFO] Compiling 10 proto file(s) to /home/runner/work/sonar-analysis/sonar-analysis/project/hadoop-hdfs-project/hadoop-hdfs-client/target/generated-sources/java
[INFO] 
[INFO] --- remote-resources:1.5:process (default) @ hadoop-hdfs-client ---
[INFO] 
[INFO] --- resources:2.6:resources (default-resources) @ hadoop-hdfs-client ---
[INFO] Using 'UTF-8' encoding to copy filtered resources.
[INFO] Copying 4 resources
[INFO] Copying 2 resources
[INFO] 
[INFO] --- compiler:3.1:compile (default-compile) @ hadoop-hdfs-client ---
[INFO] Compiling 301 source files to /home/runner/work/sonar-analysis/sonar-analysis/project/hadoop-hdfs-project/hadoop-hdfs-client/target/classes
[WARNING] /home/runner/work/sonar-analysis/sonar-analysis/project/hadoop-hdfs-project/hadoop-hdfs-client/src/main/java/org/apache/hadoop/hdfs/shortcircuit/ShortCircuitShm.java:[40,16] sun.misc.Unsafe is internal proprietary API and may be removed in a future release
[WARNING] /home/runner/work/sonar-analysis/sonar-analysis/project/hadoop-hdfs-project/hadoop-hdfs-client/src/main/java/org/apache/hadoop/hdfs/shortcircuit/ShortCircuitShm.java:[57,24] sun.misc.Unsafe is internal proprietary API and may be removed in a future release
[WARNING] /home/runner/work/sonar-analysis/sonar-analysis/project/hadoop-hdfs-project/hadoop-hdfs-client/src/main/java/org/apache/hadoop/hdfs/shortcircuit/ShortCircuitShm.java:[59,18] sun.misc.Unsafe is internal proprietary API and may be removed in a future release
[WARNING] /home/runner/work/sonar-analysis/sonar-analysis/project/hadoop-hdfs-project/hadoop-hdfs-client/src/main/java/org/apache/hadoop/hdfs/shortcircuit/ShortCircuitShm.java:[61,17] sun.misc.Unsafe is internal proprietary API and may be removed in a future release
[WARNING] /home/runner/work/sonar-analysis/sonar-analysis/project/hadoop-hdfs-project/hadoop-hdfs-client/src/main/java/org/apache/hadoop/hdfs/shortcircuit/ShortCircuitShm.java:[63,15] sun.misc.Unsafe is internal proprietary API and may be removed in a future release
[WARNING] /home/runner/work/sonar-analysis/sonar-analysis/project/hadoop-hdfs-project/hadoop-hdfs-client/src/main/java/org/apache/hadoop/hdfs/protocolPB/PBHelperClient.java: Some input files use or override a deprecated API.
[WARNING] /home/runner/work/sonar-analysis/sonar-analysis/project/hadoop-hdfs-project/hadoop-hdfs-client/src/main/java/org/apache/hadoop/hdfs/protocolPB/PBHelperClient.java: Recompile with -Xlint:deprecation for details.
[WARNING] /home/runner/work/sonar-analysis/sonar-analysis/project/hadoop-hdfs-project/hadoop-hdfs-client/src/main/java/org/apache/hadoop/hdfs/DistributedFileSystem.java: Some input files use unchecked or unsafe operations.
[WARNING] /home/runner/work/sonar-analysis/sonar-analysis/project/hadoop-hdfs-project/hadoop-hdfs-client/src/main/java/org/apache/hadoop/hdfs/DistributedFileSystem.java: Recompile with -Xlint:unchecked for details.
[INFO] 
[INFO] --- protobuf:0.5.1:test-compile (src-test-compile-protoc) @ hadoop-hdfs-client ---
[INFO] Skipping mojo execution
[INFO] 
[INFO] --- resources:2.6:testResources (default-testResources) @ hadoop-hdfs-client ---
[INFO] Using 'UTF-8' encoding to copy filtered resources.
[INFO] Copying 1 resource
[INFO] Copying 2 resources
[INFO] 
[INFO] --- compiler:3.1:testCompile (default-testCompile) @ hadoop-hdfs-client ---
[INFO] Compiling 27 source files to /home/runner/work/sonar-analysis/sonar-analysis/project/hadoop-hdfs-project/hadoop-hdfs-client/target/test-classes
[WARNING] /home/runner/work/sonar-analysis/sonar-analysis/project/hadoop-hdfs-project/hadoop-hdfs-client/src/test/java/org/apache/hadoop/hdfs/web/TestByteRangeInputStream.java: Some input files use or override a deprecated API.
[WARNING] /home/runner/work/sonar-analysis/sonar-analysis/project/hadoop-hdfs-project/hadoop-hdfs-client/src/test/java/org/apache/hadoop/hdfs/web/TestByteRangeInputStream.java: Recompile with -Xlint:deprecation for details.
[INFO] 
[INFO] --- surefire:3.0.0-M1:test (default-test) @ hadoop-hdfs-client ---
[INFO] Tests are skipped.
[INFO] 
[INFO] --- jar:2.5:jar (prepare-jar) @ hadoop-hdfs-client ---
[INFO] Building jar: /home/runner/work/sonar-analysis/sonar-analysis/project/hadoop-hdfs-project/hadoop-hdfs-client/target/hadoop-hdfs-client-3.2.2-SNAPSHOT.jar
[INFO] 
[INFO] --- jar:2.5:test-jar (prepare-test-jar) @ hadoop-hdfs-client ---
[INFO] Building jar: /home/runner/work/sonar-analysis/sonar-analysis/project/hadoop-hdfs-project/hadoop-hdfs-client/target/hadoop-hdfs-client-3.2.2-SNAPSHOT-tests.jar
[INFO] 
[INFO] --- jar:2.5:jar (default-jar) @ hadoop-hdfs-client ---
[INFO] 
[INFO] --- site:3.6:attach-descriptor (attach-descriptor) @ hadoop-hdfs-client ---
[INFO] Skipping because packaging 'jar' is not pom.
[INFO] 
[INFO] --- animal-sniffer:1.16:check (signature-check) @ hadoop-hdfs-client ---
[INFO] Checking unresolved references to org.codehaus.mojo.signature:java18:1.0
[INFO] 
[INFO] --- enforcer:3.0.0-M1:enforce (depcheck) @ hadoop-hdfs-client ---
[INFO] Skipping Rule Enforcement.
[INFO] 
[INFO] --- install:2.5.1:install (default-install) @ hadoop-hdfs-client ---
[INFO] Installing /home/runner/work/sonar-analysis/sonar-analysis/project/hadoop-hdfs-project/hadoop-hdfs-client/target/hadoop-hdfs-client-3.2.2-SNAPSHOT.jar to /home/runner/.m2/repository/org/apache/hadoop/hadoop-hdfs-client/3.2.2-SNAPSHOT/hadoop-hdfs-client-3.2.2-SNAPSHOT.jar
[INFO] Installing /home/runner/work/sonar-analysis/sonar-analysis/project/hadoop-hdfs-project/hadoop-hdfs-client/pom.xml to /home/runner/.m2/repository/org/apache/hadoop/hadoop-hdfs-client/3.2.2-SNAPSHOT/hadoop-hdfs-client-3.2.2-SNAPSHOT.pom
[INFO] Installing /home/runner/work/sonar-analysis/sonar-analysis/project/hadoop-hdfs-project/hadoop-hdfs-client/target/hadoop-hdfs-client-3.2.2-SNAPSHOT-tests.jar to /home/runner/.m2/repository/org/apache/hadoop/hadoop-hdfs-client/3.2.2-SNAPSHOT/hadoop-hdfs-client-3.2.2-SNAPSHOT-tests.jar
[INFO] 
[INFO] -------------------< org.apache.hadoop:hadoop-hdfs >--------------------
[INFO] Building Apache Hadoop HDFS 3.2.2-SNAPSHOT                       [16/97]
[INFO]   from hadoop-hdfs-project/hadoop-hdfs/pom.xml
[INFO] --------------------------------[ jar ]---------------------------------
[WARNING] Parameter 'skipTests' is unknown for plugin 'maven-antrun-plugin:1.7:run (create-testdirs)'
[WARNING] Parameter 'skipTests' is unknown for plugin 'maven-antrun-plugin:1.7:run (create-web-xmls)'
[WARNING] Parameter 'skipTests' is unknown for plugin 'maven-antrun-plugin:1.7:run (create-log-dir)'
[INFO] 
[INFO] --- clean:3.1.0:clean (default-clean) @ hadoop-hdfs ---
[INFO] Deleting /home/runner/work/sonar-analysis/sonar-analysis/project/hadoop-hdfs-project/hadoop-hdfs/src/site/resources (includes = [configuration.xsl, hdfs-default.xml], excludes = [])
[INFO] 
[INFO] --- antrun:1.7:run (create-testdirs) @ hadoop-hdfs ---
[INFO] Executing tasks

main:
    [mkdir] Created dir: /home/runner/work/sonar-analysis/sonar-analysis/project/hadoop-hdfs-project/hadoop-hdfs/target/test-dir
    [mkdir] Created dir: /home/runner/work/sonar-analysis/sonar-analysis/project/hadoop-hdfs-project/hadoop-hdfs/target/test/data
[INFO] Executed tasks
[INFO] 
[INFO] --- protobuf:0.5.1:compile (src-compile-protoc) @ hadoop-hdfs ---
[INFO] Compiling 12 proto file(s) to /home/runner/work/sonar-analysis/sonar-analysis/project/hadoop-hdfs-project/hadoop-hdfs/target/generated-sources/java
[INFO] 
[INFO] --- remote-resources:1.5:process (default) @ hadoop-hdfs ---
[INFO] 
[INFO] --- hadoops:3.2.2-SNAPSHOT:resource-gz (resource-gz) @ hadoop-hdfs ---
[INFO] Compressing /home/runner/work/sonar-analysis/sonar-analysis/project/hadoop-hdfs-project/hadoop-hdfs/src/main/webapps/static/rest-csrf.js to /home/runner/work/sonar-analysis/sonar-analysis/project/hadoop-hdfs-project/hadoop-hdfs/target/webapps/static/rest-csrf.js.gz
[INFO] Compressing /home/runner/work/sonar-analysis/sonar-analysis/project/hadoop-hdfs-project/hadoop-hdfs/src/main/webapps/static/moment.min.js to /home/runner/work/sonar-analysis/sonar-analysis/project/hadoop-hdfs-project/hadoop-hdfs/target/webapps/static/moment.min.js.gz
[INFO] Compressing /home/runner/work/sonar-analysis/sonar-analysis/project/hadoop-hdfs-project/hadoop-hdfs/src/main/webapps/static/dust-full-2.0.0.min.js to /home/runner/work/sonar-analysis/sonar-analysis/project/hadoop-hdfs-project/hadoop-hdfs/target/webapps/static/dust-full-2.0.0.min.js.gz
[INFO] Compressing /home/runner/work/sonar-analysis/sonar-analysis/project/hadoop-hdfs-project/hadoop-hdfs/src/main/webapps/static/jquery.dataTables.min.js to /home/runner/work/sonar-analysis/sonar-analysis/project/hadoop-hdfs-project/hadoop-hdfs/target/webapps/static/jquery.dataTables.min.js.gz
[INFO] Compressing /home/runner/work/sonar-analysis/sonar-analysis/project/hadoop-hdfs-project/hadoop-hdfs/src/main/webapps/static/d3-v4.1.1.min.js to /home/runner/work/sonar-analysis/sonar-analysis/project/hadoop-hdfs-project/hadoop-hdfs/target/webapps/static/d3-v4.1.1.min.js.gz
[INFO] Compressing /home/runner/work/sonar-analysis/sonar-analysis/project/hadoop-hdfs-project/hadoop-hdfs/src/main/webapps/static/dfs-dust.js to /home/runner/work/sonar-analysis/sonar-analysis/project/hadoop-hdfs-project/hadoop-hdfs/target/webapps/static/dfs-dust.js.gz
[INFO] Compressing /home/runner/work/sonar-analysis/sonar-analysis/project/hadoop-hdfs-project/hadoop-hdfs/src/main/webapps/static/dataTables.bootstrap.css to /home/runner/work/sonar-analysis/sonar-analysis/project/hadoop-hdfs-project/hadoop-hdfs/target/webapps/static/dataTables.bootstrap.css.gz
[INFO] Compressing /home/runner/work/sonar-analysis/sonar-analysis/project/hadoop-hdfs-project/hadoop-hdfs/src/main/webapps/static/jquery-3.3.1.min.js to /home/runner/work/sonar-analysis/sonar-analysis/project/hadoop-hdfs-project/hadoop-hdfs/target/webapps/static/jquery-3.3.1.min.js.gz
[INFO] Compressing /home/runner/work/sonar-analysis/sonar-analysis/project/hadoop-hdfs-project/hadoop-hdfs/src/main/webapps/static/json-bignum.js to /home/runner/work/sonar-analysis/sonar-analysis/project/hadoop-hdfs-project/hadoop-hdfs/target/webapps/static/json-bignum.js.gz
[INFO] Compressing /home/runner/work/sonar-analysis/sonar-analysis/project/hadoop-hdfs-project/hadoop-hdfs/src/main/webapps/static/hadoop.css to /home/runner/work/sonar-analysis/sonar-analysis/project/hadoop-hdfs-project/hadoop-hdfs/target/webapps/static/hadoop.css.gz
[INFO] Compressing /home/runner/work/sonar-analysis/sonar-analysis/project/hadoop-hdfs-project/hadoop-hdfs/src/main/webapps/static/dust-helpers-1.1.1.min.js to /home/runner/work/sonar-analysis/sonar-analysis/project/hadoop-hdfs-project/hadoop-hdfs/target/webapps/static/dust-helpers-1.1.1.min.js.gz
[INFO] Compressing /home/runner/work/sonar-analysis/sonar-analysis/project/hadoop-hdfs-project/hadoop-hdfs/src/main/webapps/static/dataTables.bootstrap.js to /home/runner/work/sonar-analysis/sonar-analysis/project/hadoop-hdfs-project/hadoop-hdfs/target/webapps/static/dataTables.bootstrap.js.gz
[INFO] Compressing /home/runner/work/sonar-analysis/sonar-analysis/project/hadoop-hdfs-project/hadoop-hdfs/src/main/webapps/static/bootstrap-3.3.7/js/npm.js to /home/runner/work/sonar-analysis/sonar-analysis/project/hadoop-hdfs-project/hadoop-hdfs/target/webapps/static/bootstrap-3.3.7/js/npm.js.gz
[INFO] Compressing /home/runner/work/sonar-analysis/sonar-analysis/project/hadoop-hdfs-project/hadoop-hdfs/src/main/webapps/static/bootstrap-3.3.7/js/bootstrap-editable.min.js to /home/runner/work/sonar-analysis/sonar-analysis/project/hadoop-hdfs-project/hadoop-hdfs/target/webapps/static/bootstrap-3.3.7/js/bootstrap-editable.min.js.gz
[INFO] Compressing /home/runner/work/sonar-analysis/sonar-analysis/project/hadoop-hdfs-project/hadoop-hdfs/src/main/webapps/static/bootstrap-3.3.7/js/bootstrap.min.js to /home/runner/work/sonar-analysis/sonar-analysis/project/hadoop-hdfs-project/hadoop-hdfs/target/webapps/static/bootstrap-3.3.7/js/bootstrap.min.js.gz
[INFO] Compressing /home/runner/work/sonar-analysis/sonar-analysis/project/hadoop-hdfs-project/hadoop-hdfs/src/main/webapps/static/bootstrap-3.3.7/js/bootstrap.js to /home/runner/work/sonar-analysis/sonar-analysis/project/hadoop-hdfs-project/hadoop-hdfs/target/webapps/static/bootstrap-3.3.7/js/bootstrap.js.gz
[INFO] Compressing /home/runner/work/sonar-analysis/sonar-analysis/project/hadoop-hdfs-project/hadoop-hdfs/src/main/webapps/static/bootstrap-3.3.7/css/bootstrap-editable.css to /home/runner/work/sonar-analysis/sonar-analysis/project/hadoop-hdfs-project/hadoop-hdfs/target/webapps/static/bootstrap-3.3.7/css/bootstrap-editable.css.gz
[INFO] Compressing /home/runner/work/sonar-analysis/sonar-analysis/project/hadoop-hdfs-project/hadoop-hdfs/src/main/webapps/static/bootstrap-3.3.7/css/bootstrap-theme.css to /home/runner/work/sonar-analysis/sonar-analysis/project/hadoop-hdfs-project/hadoop-hdfs/target/webapps/static/bootstrap-3.3.7/css/bootstrap-theme.css.gz
[INFO] Compressing /home/runner/work/sonar-analysis/sonar-analysis/project/hadoop-hdfs-project/hadoop-hdfs/src/main/webapps/static/bootstrap-3.3.7/css/bootstrap-theme.min.css to /home/runner/work/sonar-analysis/sonar-analysis/project/hadoop-hdfs-project/hadoop-hdfs/target/webapps/static/bootstrap-3.3.7/css/bootstrap-theme.min.css.gz
[INFO] Compressing /home/runner/work/sonar-analysis/sonar-analysis/project/hadoop-hdfs-project/hadoop-hdfs/src/main/webapps/static/bootstrap-3.3.7/css/bootstrap.min.css to /home/runner/work/sonar-analysis/sonar-analysis/project/hadoop-hdfs-project/hadoop-hdfs/target/webapps/static/bootstrap-3.3.7/css/bootstrap.min.css.gz
[INFO] Compressing /home/runner/work/sonar-analysis/sonar-analysis/project/hadoop-hdfs-project/hadoop-hdfs/src/main/webapps/static/bootstrap-3.3.7/css/bootstrap.css to /home/runner/work/sonar-analysis/sonar-analysis/project/hadoop-hdfs-project/hadoop-hdfs/target/webapps/static/bootstrap-3.3.7/css/bootstrap.css.gz
[INFO] 
[INFO] --- resources:2.6:resources (default-resources) @ hadoop-hdfs ---
[INFO] Using 'UTF-8' encoding to copy filtered resources.
[INFO] Copying 2 resources
[INFO] Copying 2 resources
[INFO] 
[INFO] --- compiler:3.1:compile (default-compile) @ hadoop-hdfs ---
[INFO] Compiling 679 source files to /home/runner/work/sonar-analysis/sonar-analysis/project/hadoop-hdfs-project/hadoop-hdfs/target/classes
[WARNING] /home/runner/work/sonar-analysis/sonar-analysis/project/hadoop-hdfs-project/hadoop-hdfs/src/main/java/org/apache/hadoop/hdfs/server/datanode/checker/AbstractFuture.java:[1044,26] sun.misc.Unsafe is internal proprietary API and may be removed in a future release
[WARNING] /home/runner/work/sonar-analysis/sonar-analysis/project/hadoop-hdfs-project/hadoop-hdfs/src/main/java/org/apache/hadoop/hdfs/server/datanode/checker/AbstractFuture.java:[1052,15] sun.misc.Unsafe is internal proprietary API and may be removed in a future release
[WARNING] /home/runner/work/sonar-analysis/sonar-analysis/project/hadoop-hdfs-project/hadoop-hdfs/src/main/java/org/apache/hadoop/hdfs/server/datanode/checker/AbstractFuture.java:[1054,26] sun.misc.Unsafe is internal proprietary API and may be removed in a future release
[WARNING] /home/runner/work/sonar-analysis/sonar-analysis/project/hadoop-hdfs-project/hadoop-hdfs/src/main/java/org/apache/hadoop/hdfs/server/datanode/checker/AbstractFuture.java:[1059,57] sun.misc.Unsafe is internal proprietary API and may be removed in a future release
[WARNING] /home/runner/work/sonar-analysis/sonar-analysis/project/hadoop-hdfs-project/hadoop-hdfs/src/main/java/org/apache/hadoop/hdfs/server/datanode/checker/AbstractFuture.java:[1061,36] sun.misc.Unsafe is internal proprietary API and may be removed in a future release
[WARNING] /home/runner/work/sonar-analysis/sonar-analysis/project/hadoop-hdfs-project/hadoop-hdfs/src/main/java/org/apache/hadoop/hdfs/server/datanode/checker/AbstractFuture.java:[1062,37] sun.misc.Unsafe is internal proprietary API and may be removed in a future release
[WARNING] /home/runner/work/sonar-analysis/sonar-analysis/project/hadoop-hdfs-project/hadoop-hdfs/src/main/java/org/apache/hadoop/hdfs/server/datanode/checker/AbstractFuture.java:[1062,58] sun.misc.Unsafe is internal proprietary API and may be removed in a future release
[WARNING] /home/runner/work/sonar-analysis/sonar-analysis/project/hadoop-hdfs-project/hadoop-hdfs/src/main/java/org/apache/hadoop/hdfs/server/datanode/web/DatanodeHttpServer.java: Some input files use or override a deprecated API.
[WARNING] /home/runner/work/sonar-analysis/sonar-analysis/project/hadoop-hdfs-project/hadoop-hdfs/src/main/java/org/apache/hadoop/hdfs/server/datanode/web/DatanodeHttpServer.java: Recompile with -Xlint:deprecation for details.
[WARNING] /home/runner/work/sonar-analysis/sonar-analysis/project/hadoop-hdfs-project/hadoop-hdfs/src/main/java/org/apache/hadoop/hdfs/server/namenode/snapshot/DiffList.java: Some input files use unchecked or unsafe operations.
[WARNING] /home/runner/work/sonar-analysis/sonar-analysis/project/hadoop-hdfs-project/hadoop-hdfs/src/main/java/org/apache/hadoop/hdfs/server/namenode/snapshot/DiffList.java: Recompile with -Xlint:unchecked for details.
[INFO] 
[INFO] --- antrun:1.7:run (create-web-xmls) @ hadoop-hdfs ---
[INFO] Executing tasks

main:
     [copy] Copying 1 file to /home/runner/work/sonar-analysis/sonar-analysis/project/hadoop-hdfs-project/hadoop-hdfs/target/webapps/hdfs/WEB-INF
     [copy] Copying 1 file to /home/runner/work/sonar-analysis/sonar-analysis/project/hadoop-hdfs-project/hadoop-hdfs/target/webapps/secondary/WEB-INF
     [copy] Copying 1 file to /home/runner/work/sonar-analysis/sonar-analysis/project/hadoop-hdfs-project/hadoop-hdfs/target/webapps/datanode/WEB-INF
     [copy] Copying 1 file to /home/runner/work/sonar-analysis/sonar-analysis/project/hadoop-hdfs-project/hadoop-hdfs/target/webapps/journal/WEB-INF
     [copy] Copying 1 file to /home/runner/work/sonar-analysis/sonar-analysis/project/hadoop-hdfs-project/hadoop-hdfs/target/webapps/nfs3/WEB-INF
     [copy] Copying 46 files to /home/runner/work/sonar-analysis/sonar-analysis/project/hadoop-hdfs-project/hadoop-hdfs/target/webapps
[INFO] Executed tasks
[INFO] 
[INFO] --- protobuf:0.5.1:test-compile (src-test-compile-protoc) @ hadoop-hdfs ---
[INFO] Skipping mojo execution
[INFO] 
[INFO] --- resources:2.6:testResources (default-testResources) @ hadoop-hdfs ---
[INFO] Using 'UTF-8' encoding to copy filtered resources.
[INFO] Copying 57 resources
[INFO] Copying 2 resources
[INFO] 
[INFO] --- antrun:1.7:run (create-log-dir) @ hadoop-hdfs ---
[INFO] Executing tasks

main:
   [delete] Deleting directory /home/runner/work/sonar-analysis/sonar-analysis/project/hadoop-hdfs-project/hadoop-hdfs/target/test/data
    [mkdir] Created dir: /home/runner/work/sonar-analysis/sonar-analysis/project/hadoop-hdfs-project/hadoop-hdfs/target/test/data
    [mkdir] Created dir: /home/runner/work/sonar-analysis/sonar-analysis/project/hadoop-hdfs-project/hadoop-hdfs/target/log
     [copy] Copying 72 files to /home/runner/work/sonar-analysis/sonar-analysis/project/hadoop-hdfs-project/hadoop-hdfs/target/test-classes/webapps
[INFO] Executed tasks
[INFO] 
[INFO] --- compiler:3.1:testCompile (default-testCompile) @ hadoop-hdfs ---
[INFO] Compiling 797 source files to /home/runner/work/sonar-analysis/sonar-analysis/project/hadoop-hdfs-project/hadoop-hdfs/target/test-classes
[WARNING] /home/runner/work/sonar-analysis/sonar-analysis/project/hadoop-hdfs-project/hadoop-hdfs/src/test/java/org/apache/hadoop/hdfs/TestDFSClientFailover.java:[66,31] sun.net.spi.nameservice.NameService is internal proprietary API and may be removed in a future release
[WARNING] /home/runner/work/sonar-analysis/sonar-analysis/project/hadoop-hdfs-project/hadoop-hdfs/src/test/java/org/apache/hadoop/hdfs/TestDFSClientFailover.java:[233,11] sun.net.spi.nameservice.NameService is internal proprietary API and may be removed in a future release
[WARNING] /home/runner/work/sonar-analysis/sonar-analysis/project/hadoop-hdfs-project/hadoop-hdfs/src/test/java/org/apache/hadoop/hdfs/TestDFSClientFailover.java:[239,12] sun.net.spi.nameservice.NameService is internal proprietary API and may be removed in a future release
[WARNING] /home/runner/work/sonar-analysis/sonar-analysis/project/hadoop-hdfs-project/hadoop-hdfs/src/test/java/org/apache/hadoop/hdfs/TestDFSClientFailover.java:[239,40] sun.net.spi.nameservice.NameService is internal proprietary API and may be removed in a future release
[WARNING] /home/runner/work/sonar-analysis/sonar-analysis/project/hadoop-hdfs-project/hadoop-hdfs/src/test/java/org/apache/hadoop/hdfs/TestDFSClientFailover.java:[241,7] sun.net.spi.nameservice.NameService is internal proprietary API and may be removed in a future release
[WARNING] /home/runner/work/sonar-analysis/sonar-analysis/project/hadoop-hdfs-project/hadoop-hdfs/src/test/java/org/apache/hadoop/hdfs/TestDFSClientFailover.java:[244,25] sun.net.spi.nameservice.NameService is internal proprietary API and may be removed in a future release
[WARNING] /home/runner/work/sonar-analysis/sonar-analysis/project/hadoop-hdfs-project/hadoop-hdfs/src/test/java/org/apache/hadoop/hdfs/TestDFSClientFailover.java:[264,5] sun.net.spi.nameservice.NameService is internal proprietary API and may be removed in a future release
[WARNING] /home/runner/work/sonar-analysis/sonar-analysis/project/hadoop-hdfs-project/hadoop-hdfs/src/test/java/org/apache/hadoop/hdfs/TestDFSClientFailover.java:[282,5] sun.net.spi.nameservice.NameService is internal proprietary API and may be removed in a future release
[WARNING] /home/runner/work/sonar-analysis/sonar-analysis/project/hadoop-hdfs-project/hadoop-hdfs/src/test/java/org/apache/hadoop/hdfs/TestDFSClientFailover.java:[302,11] sun.net.spi.nameservice.NameService is internal proprietary API and may be removed in a future release
[WARNING] /home/runner/work/sonar-analysis/sonar-analysis/project/hadoop-hdfs-project/hadoop-hdfs/src/test/java/org/apache/hadoop/hdfs/server/namenode/ha/TestDelegationTokensWithHA.java: Some input files use or override a deprecated API.
[WARNING] /home/runner/work/sonar-analysis/sonar-analysis/project/hadoop-hdfs-project/hadoop-hdfs/src/test/java/org/apache/hadoop/hdfs/server/namenode/ha/TestDelegationTokensWithHA.java: Recompile with -Xlint:deprecation for details.
[WARNING] /home/runner/work/sonar-analysis/sonar-analysis/project/hadoop-hdfs-project/hadoop-hdfs/src/test/java/org/apache/hadoop/hdfs/server/datanode/extdataset/ExternalDatasetImpl.java: Some input files use unchecked or unsafe operations.
[WARNING] /home/runner/work/sonar-analysis/sonar-analysis/project/hadoop-hdfs-project/hadoop-hdfs/src/test/java/org/apache/hadoop/hdfs/server/datanode/extdataset/ExternalDatasetImpl.java: Recompile with -Xlint:unchecked for details.
[INFO] 
[INFO] --- surefire:3.0.0-M1:test (default-test) @ hadoop-hdfs ---
[INFO] Tests are skipped.
[INFO] 
[INFO] --- jar:2.5:jar (prepare-jar) @ hadoop-hdfs ---
[INFO] Building jar: /home/runner/work/sonar-analysis/sonar-analysis/project/hadoop-hdfs-project/hadoop-hdfs/target/hadoop-hdfs-3.2.2-SNAPSHOT.jar
[INFO] 
[INFO] --- jar:2.5:test-jar (prepare-test-jar) @ hadoop-hdfs ---
[INFO] Building jar: /home/runner/work/sonar-analysis/sonar-analysis/project/hadoop-hdfs-project/hadoop-hdfs/target/hadoop-hdfs-3.2.2-SNAPSHOT-tests.jar
[INFO] 
[INFO] --- jar:2.5:jar (default-jar) @ hadoop-hdfs ---
[INFO] 
[INFO] --- site:3.6:attach-descriptor (attach-descriptor) @ hadoop-hdfs ---
[INFO] Skipping because packaging 'jar' is not pom.
[INFO] 
[INFO] --- animal-sniffer:1.16:check (signature-check) @ hadoop-hdfs ---
[INFO] Checking unresolved references to org.codehaus.mojo.signature:java18:1.0
[INFO] 
[INFO] --- enforcer:3.0.0-M1:enforce (depcheck) @ hadoop-hdfs ---
[INFO] Skipping Rule Enforcement.
[INFO] 
[INFO] --- install:2.5.1:install (default-install) @ hadoop-hdfs ---
[INFO] Installing /home/runner/work/sonar-analysis/sonar-analysis/project/hadoop-hdfs-project/hadoop-hdfs/target/hadoop-hdfs-3.2.2-SNAPSHOT.jar to /home/runner/.m2/repository/org/apache/hadoop/hadoop-hdfs/3.2.2-SNAPSHOT/hadoop-hdfs-3.2.2-SNAPSHOT.jar
[INFO] Installing /home/runner/work/sonar-analysis/sonar-analysis/project/hadoop-hdfs-project/hadoop-hdfs/pom.xml to /home/runner/.m2/repository/org/apache/hadoop/hadoop-hdfs/3.2.2-SNAPSHOT/hadoop-hdfs-3.2.2-SNAPSHOT.pom
[INFO] Installing /home/runner/work/sonar-analysis/sonar-analysis/project/hadoop-hdfs-project/hadoop-hdfs/target/hadoop-hdfs-3.2.2-SNAPSHOT-tests.jar to /home/runner/.m2/repository/org/apache/hadoop/hadoop-hdfs/3.2.2-SNAPSHOT/hadoop-hdfs-3.2.2-SNAPSHOT-tests.jar
[INFO] 
[INFO] ------------< org.apache.hadoop:hadoop-hdfs-native-client >-------------
[INFO] Building Apache Hadoop HDFS Native Client 3.2.2-SNAPSHOT         [17/97]
[INFO]   from hadoop-hdfs-project/hadoop-hdfs-native-client/pom.xml
[INFO] --------------------------------[ jar ]---------------------------------
[INFO] 
[INFO] --- clean:3.1.0:clean (default-clean) @ hadoop-hdfs-native-client ---
[INFO] Deleting /home/runner/work/sonar-analysis/sonar-analysis/project/hadoop-hdfs-project/hadoop-hdfs-native-client (includes = [dependency-reduced-pom.xml], excludes = [])
[INFO] 
[INFO] --- antrun:1.7:run (create-testdirs) @ hadoop-hdfs-native-client ---
[INFO] Executing tasks

main:
    [mkdir] Created dir: /home/runner/work/sonar-analysis/sonar-analysis/project/hadoop-hdfs-project/hadoop-hdfs-native-client/target/test-dir
    [mkdir] Created dir: /home/runner/work/sonar-analysis/sonar-analysis/project/hadoop-hdfs-project/hadoop-hdfs-native-client/target/test/data
[INFO] Executed tasks
[INFO] 
[INFO] --- remote-resources:1.5:process (default) @ hadoop-hdfs-native-client ---
[INFO] 
[INFO] --- resources:2.6:resources (default-resources) @ hadoop-hdfs-native-client ---
[INFO] Using 'UTF-8' encoding to copy filtered resources.
[INFO] skip non existing resourceDirectory /home/runner/work/sonar-analysis/sonar-analysis/project/hadoop-hdfs-project/hadoop-hdfs-native-client/src/main/resources
[INFO] Copying 2 resources
[INFO] 
[INFO] --- compiler:3.1:compile (default-compile) @ hadoop-hdfs-native-client ---
[INFO] No sources to compile
[INFO] 
[INFO] --- resources:2.6:testResources (default-testResources) @ hadoop-hdfs-native-client ---
[INFO] Using 'UTF-8' encoding to copy filtered resources.
[INFO] skip non existing resourceDirectory /home/runner/work/sonar-analysis/sonar-analysis/project/hadoop-hdfs-project/hadoop-hdfs-native-client/src/test/resources
[INFO] Copying 2 resources
[INFO] 
[INFO] --- compiler:3.1:testCompile (default-testCompile) @ hadoop-hdfs-native-client ---
[INFO] No sources to compile
[INFO] 
[INFO] --- surefire:3.0.0-M1:test (default-test) @ hadoop-hdfs-native-client ---
[INFO] Tests are skipped.
[INFO] 
[INFO] --- jar:2.5:jar (prepare-jar) @ hadoop-hdfs-native-client ---
[INFO] Building jar: /home/runner/work/sonar-analysis/sonar-analysis/project/hadoop-hdfs-project/hadoop-hdfs-native-client/target/hadoop-hdfs-native-client-3.2.2-SNAPSHOT.jar
[INFO] 
[INFO] --- jar:2.5:test-jar (prepare-test-jar) @ hadoop-hdfs-native-client ---
[INFO] Building jar: /home/runner/work/sonar-analysis/sonar-analysis/project/hadoop-hdfs-project/hadoop-hdfs-native-client/target/hadoop-hdfs-native-client-3.2.2-SNAPSHOT-tests.jar
[INFO] 
[INFO] --- jar:2.5:jar (default-jar) @ hadoop-hdfs-native-client ---
[INFO] 
[INFO] --- site:3.6:attach-descriptor (attach-descriptor) @ hadoop-hdfs-native-client ---
[INFO] Skipping because packaging 'jar' is not pom.
[INFO] 
[INFO] --- animal-sniffer:1.16:check (signature-check) @ hadoop-hdfs-native-client ---
[INFO] Checking unresolved references to org.codehaus.mojo.signature:java18:1.0
[INFO] 
[INFO] --- enforcer:3.0.0-M1:enforce (depcheck) @ hadoop-hdfs-native-client ---
[INFO] Skipping Rule Enforcement.
[INFO] 
[INFO] --- install:2.5.1:install (default-install) @ hadoop-hdfs-native-client ---
[INFO] Installing /home/runner/work/sonar-analysis/sonar-analysis/project/hadoop-hdfs-project/hadoop-hdfs-native-client/target/hadoop-hdfs-native-client-3.2.2-SNAPSHOT.jar to /home/runner/.m2/repository/org/apache/hadoop/hadoop-hdfs-native-client/3.2.2-SNAPSHOT/hadoop-hdfs-native-client-3.2.2-SNAPSHOT.jar
[INFO] Installing /home/runner/work/sonar-analysis/sonar-analysis/project/hadoop-hdfs-project/hadoop-hdfs-native-client/pom.xml to /home/runner/.m2/repository/org/apache/hadoop/hadoop-hdfs-native-client/3.2.2-SNAPSHOT/hadoop-hdfs-native-client-3.2.2-SNAPSHOT.pom
[INFO] Installing /home/runner/work/sonar-analysis/sonar-analysis/project/hadoop-hdfs-project/hadoop-hdfs-native-client/target/hadoop-hdfs-native-client-3.2.2-SNAPSHOT-tests.jar to /home/runner/.m2/repository/org/apache/hadoop/hadoop-hdfs-native-client/3.2.2-SNAPSHOT/hadoop-hdfs-native-client-3.2.2-SNAPSHOT-tests.jar
[INFO] 
[INFO] ----------------< org.apache.hadoop:hadoop-hdfs-httpfs >----------------
[INFO] Building Apache Hadoop HttpFS 3.2.2-SNAPSHOT                     [18/97]
[INFO]   from hadoop-hdfs-project/hadoop-hdfs-httpfs/pom.xml
[INFO] --------------------------------[ jar ]---------------------------------
[INFO] 
[INFO] --- clean:3.1.0:clean (default-clean) @ hadoop-hdfs-httpfs ---
[INFO] Deleting /home/runner/work/sonar-analysis/sonar-analysis/project/hadoop-hdfs-project/hadoop-hdfs-httpfs (includes = [dependency-reduced-pom.xml], excludes = [])
[INFO] 
[INFO] --- antrun:1.7:run (create-testdirs) @ hadoop-hdfs-httpfs ---
[INFO] Executing tasks

main:
    [mkdir] Created dir: /home/runner/work/sonar-analysis/sonar-analysis/project/hadoop-hdfs-project/hadoop-hdfs-httpfs/target/test-dir
[INFO] Executed tasks
[INFO] 
[INFO] --- remote-resources:1.5:process (default) @ hadoop-hdfs-httpfs ---
[INFO] 
[INFO] --- resources:2.6:resources (default-resources) @ hadoop-hdfs-httpfs ---
[INFO] Using 'UTF-8' encoding to copy filtered resources.
[INFO] Copying 1 resource
[INFO] Copying 4 resources
[INFO] Copying 2 resources
[INFO] 
[INFO] --- compiler:3.1:compile (default-compile) @ hadoop-hdfs-httpfs ---
[INFO] Compiling 49 source files to /home/runner/work/sonar-analysis/sonar-analysis/project/hadoop-hdfs-project/hadoop-hdfs-httpfs/target/classes
[WARNING] /home/runner/work/sonar-analysis/sonar-analysis/project/hadoop-hdfs-project/hadoop-hdfs-httpfs/src/main/java/org/apache/hadoop/fs/http/client/HttpFSFileSystem.java: Some input files use or override a deprecated API.
[WARNING] /home/runner/work/sonar-analysis/sonar-analysis/project/hadoop-hdfs-project/hadoop-hdfs-httpfs/src/main/java/org/apache/hadoop/fs/http/client/HttpFSFileSystem.java: Recompile with -Xlint:deprecation for details.
[WARNING] /home/runner/work/sonar-analysis/sonar-analysis/project/hadoop-hdfs-project/hadoop-hdfs-httpfs/src/main/java/org/apache/hadoop/lib/service/instrumentation/InstrumentationService.java: /home/runner/work/sonar-analysis/sonar-analysis/project/hadoop-hdfs-project/hadoop-hdfs-httpfs/src/main/java/org/apache/hadoop/lib/service/instrumentation/InstrumentationService.java uses unchecked or unsafe operations.
[WARNING] /home/runner/work/sonar-analysis/sonar-analysis/project/hadoop-hdfs-project/hadoop-hdfs-httpfs/src/main/java/org/apache/hadoop/lib/service/instrumentation/InstrumentationService.java: Recompile with -Xlint:unchecked for details.
[INFO] 
[INFO] --- antrun:1.7:run (create-web-xmls) @ hadoop-hdfs-httpfs ---
[INFO] Executing tasks

main:
    [mkdir] Created dir: /home/runner/work/sonar-analysis/sonar-analysis/project/hadoop-hdfs-project/hadoop-hdfs-httpfs/target/test-classes/webapp
     [copy] Copying 1 file to /home/runner/work/sonar-analysis/sonar-analysis/project/hadoop-hdfs-project/hadoop-hdfs-httpfs/target/test-classes/webapp
[INFO] Executed tasks
[INFO] 
[INFO] --- resources:2.6:testResources (default-testResources) @ hadoop-hdfs-httpfs ---
[INFO] Using 'UTF-8' encoding to copy filtered resources.
[INFO] Copying 9 resources
[INFO] Copying 1 resource
[INFO] Copying 2 resources
[INFO] 
[INFO] --- compiler:3.1:testCompile (default-testCompile) @ hadoop-hdfs-httpfs ---
[INFO] Compiling 46 source files to /home/runner/work/sonar-analysis/sonar-analysis/project/hadoop-hdfs-project/hadoop-hdfs-httpfs/target/test-classes
[WARNING] /home/runner/work/sonar-analysis/sonar-analysis/project/hadoop-hdfs-project/hadoop-hdfs-httpfs/src/test/java/org/apache/hadoop/fs/http/client/BaseTestHttpFSWith.java: /home/runner/work/sonar-analysis/sonar-analysis/project/hadoop-hdfs-project/hadoop-hdfs-httpfs/src/test/java/org/apache/hadoop/fs/http/client/BaseTestHttpFSWith.java uses or overrides a deprecated API.
[WARNING] /home/runner/work/sonar-analysis/sonar-analysis/project/hadoop-hdfs-project/hadoop-hdfs-httpfs/src/test/java/org/apache/hadoop/fs/http/client/BaseTestHttpFSWith.java: Recompile with -Xlint:deprecation for details.
[INFO] 
[INFO] --- surefire:3.0.0-M1:test (default-test) @ hadoop-hdfs-httpfs ---
[INFO] Tests are skipped.
[INFO] 
[INFO] --- jar:2.5:jar (default-jar) @ hadoop-hdfs-httpfs ---
[INFO] Building jar: /home/runner/work/sonar-analysis/sonar-analysis/project/hadoop-hdfs-project/hadoop-hdfs-httpfs/target/hadoop-hdfs-httpfs-3.2.2-SNAPSHOT.jar
[INFO] 
[INFO] --- site:3.6:attach-descriptor (attach-descriptor) @ hadoop-hdfs-httpfs ---
[INFO] Skipping because packaging 'jar' is not pom.
[INFO] 
[INFO] --- animal-sniffer:1.16:check (signature-check) @ hadoop-hdfs-httpfs ---
[INFO] Checking unresolved references to org.codehaus.mojo.signature:java18:1.0
[INFO] 
[INFO] --- enforcer:3.0.0-M1:enforce (depcheck) @ hadoop-hdfs-httpfs ---
[INFO] Skipping Rule Enforcement.
[INFO] 
[INFO] --- install:2.5.1:install (default-install) @ hadoop-hdfs-httpfs ---
[INFO] Installing /home/runner/work/sonar-analysis/sonar-analysis/project/hadoop-hdfs-project/hadoop-hdfs-httpfs/target/hadoop-hdfs-httpfs-3.2.2-SNAPSHOT.jar to /home/runner/.m2/repository/org/apache/hadoop/hadoop-hdfs-httpfs/3.2.2-SNAPSHOT/hadoop-hdfs-httpfs-3.2.2-SNAPSHOT.jar
[INFO] Installing /home/runner/work/sonar-analysis/sonar-analysis/project/hadoop-hdfs-project/hadoop-hdfs-httpfs/pom.xml to /home/runner/.m2/repository/org/apache/hadoop/hadoop-hdfs-httpfs/3.2.2-SNAPSHOT/hadoop-hdfs-httpfs-3.2.2-SNAPSHOT.pom
[INFO] 
[INFO] -----------------< org.apache.hadoop:hadoop-hdfs-nfs >------------------
[INFO] Building Apache Hadoop HDFS-NFS 3.2.2-SNAPSHOT                   [19/97]
[INFO]   from hadoop-hdfs-project/hadoop-hdfs-nfs/pom.xml
[INFO] --------------------------------[ jar ]---------------------------------
[INFO] 
[INFO] --- clean:3.1.0:clean (default-clean) @ hadoop-hdfs-nfs ---
[INFO] Deleting /home/runner/work/sonar-analysis/sonar-analysis/project/hadoop-hdfs-project/hadoop-hdfs-nfs (includes = [dependency-reduced-pom.xml], excludes = [])
[INFO] 
[INFO] --- antrun:1.7:run (create-testdirs) @ hadoop-hdfs-nfs ---
[INFO] Executing tasks

main:
    [mkdir] Created dir: /home/runner/work/sonar-analysis/sonar-analysis/project/hadoop-hdfs-project/hadoop-hdfs-nfs/target/test-dir
[INFO] Executed tasks
[INFO] 
[INFO] --- remote-resources:1.5:process (default) @ hadoop-hdfs-nfs ---
[INFO] 
[INFO] --- resources:2.6:resources (default-resources) @ hadoop-hdfs-nfs ---
[INFO] Using 'UTF-8' encoding to copy filtered resources.
[INFO] skip non existing resourceDirectory /home/runner/work/sonar-analysis/sonar-analysis/project/hadoop-hdfs-project/hadoop-hdfs-nfs/src/main/resources
[INFO] Copying 2 resources
[INFO] 
[INFO] --- compiler:3.1:compile (default-compile) @ hadoop-hdfs-nfs ---
[INFO] Compiling 17 source files to /home/runner/work/sonar-analysis/sonar-analysis/project/hadoop-hdfs-project/hadoop-hdfs-nfs/target/classes
[WARNING] /home/runner/work/sonar-analysis/sonar-analysis/project/hadoop-hdfs-project/hadoop-hdfs-nfs/src/main/java/org/apache/hadoop/hdfs/nfs/mount/RpcProgramMountd.java: /home/runner/work/sonar-analysis/sonar-analysis/project/hadoop-hdfs-project/hadoop-hdfs-nfs/src/main/java/org/apache/hadoop/hdfs/nfs/mount/RpcProgramMountd.java uses unchecked or unsafe operations.
[WARNING] /home/runner/work/sonar-analysis/sonar-analysis/project/hadoop-hdfs-project/hadoop-hdfs-nfs/src/main/java/org/apache/hadoop/hdfs/nfs/mount/RpcProgramMountd.java: Recompile with -Xlint:unchecked for details.
[INFO] 
[INFO] --- resources:2.6:testResources (default-testResources) @ hadoop-hdfs-nfs ---
[INFO] Using 'UTF-8' encoding to copy filtered resources.
[INFO] Copying 1 resource
[INFO] Copying 2 resources
[INFO] 
[INFO] --- compiler:3.1:testCompile (default-testCompile) @ hadoop-hdfs-nfs ---
[INFO] Compiling 14 source files to /home/runner/work/sonar-analysis/sonar-analysis/project/hadoop-hdfs-project/hadoop-hdfs-nfs/target/test-classes
[INFO] 
[INFO] --- surefire:3.0.0-M1:test (default-test) @ hadoop-hdfs-nfs ---
[INFO] Tests are skipped.
[INFO] 
[INFO] --- jar:2.5:jar (default-jar) @ hadoop-hdfs-nfs ---
[INFO] Building jar: /home/runner/work/sonar-analysis/sonar-analysis/project/hadoop-hdfs-project/hadoop-hdfs-nfs/target/hadoop-hdfs-nfs-3.2.2-SNAPSHOT.jar
[INFO] 
[INFO] --- site:3.6:attach-descriptor (attach-descriptor) @ hadoop-hdfs-nfs ---
[INFO] Skipping because packaging 'jar' is not pom.
[INFO] 
[INFO] --- animal-sniffer:1.16:check (signature-check) @ hadoop-hdfs-nfs ---
[INFO] Checking unresolved references to org.codehaus.mojo.signature:java18:1.0
[INFO] 
[INFO] --- enforcer:3.0.0-M1:enforce (depcheck) @ hadoop-hdfs-nfs ---
[INFO] Skipping Rule Enforcement.
[INFO] 
[INFO] --- install:2.5.1:install (default-install) @ hadoop-hdfs-nfs ---
[INFO] Installing /home/runner/work/sonar-analysis/sonar-analysis/project/hadoop-hdfs-project/hadoop-hdfs-nfs/target/hadoop-hdfs-nfs-3.2.2-SNAPSHOT.jar to /home/runner/.m2/repository/org/apache/hadoop/hadoop-hdfs-nfs/3.2.2-SNAPSHOT/hadoop-hdfs-nfs-3.2.2-SNAPSHOT.jar
[INFO] Installing /home/runner/work/sonar-analysis/sonar-analysis/project/hadoop-hdfs-project/hadoop-hdfs-nfs/pom.xml to /home/runner/.m2/repository/org/apache/hadoop/hadoop-hdfs-nfs/3.2.2-SNAPSHOT/hadoop-hdfs-nfs-3.2.2-SNAPSHOT.pom
[INFO] 
[INFO] -----------------< org.apache.hadoop:hadoop-hdfs-rbf >------------------
[INFO] Building Apache Hadoop HDFS-RBF 3.2.2-SNAPSHOT                   [20/97]
[INFO]   from hadoop-hdfs-project/hadoop-hdfs-rbf/pom.xml
[INFO] --------------------------------[ jar ]---------------------------------
[WARNING] Parameter 'skipTests' is unknown for plugin 'maven-antrun-plugin:1.7:run (create-testdirs)'
[WARNING] Parameter 'skipTests' is unknown for plugin 'maven-antrun-plugin:1.7:run (create-web-xmls)'
[WARNING] Parameter 'skipTests' is unknown for plugin 'maven-antrun-plugin:1.7:run (create-log-dir)'
[INFO] 
[INFO] --- clean:3.1.0:clean (default-clean) @ hadoop-hdfs-rbf ---
[INFO] Deleting /home/runner/work/sonar-analysis/sonar-analysis/project/hadoop-hdfs-project/hadoop-hdfs-rbf/src/site/resources (includes = [hdfs-rbf-default.xml], excludes = [])
[INFO] 
[INFO] --- antrun:1.7:run (create-testdirs) @ hadoop-hdfs-rbf ---
[INFO] Executing tasks

main:
    [mkdir] Created dir: /home/runner/work/sonar-analysis/sonar-analysis/project/hadoop-hdfs-project/hadoop-hdfs-rbf/target/test-dir
    [mkdir] Created dir: /home/runner/work/sonar-analysis/sonar-analysis/project/hadoop-hdfs-project/hadoop-hdfs-rbf/target/test/data
[INFO] Executed tasks
[INFO] 
[INFO] --- protobuf:0.5.1:compile (src-compile-protoc) @ hadoop-hdfs-rbf ---
[INFO] Compiling 2 proto file(s) to /home/runner/work/sonar-analysis/sonar-analysis/project/hadoop-hdfs-project/hadoop-hdfs-rbf/target/generated-sources/java
[INFO] 
[INFO] --- remote-resources:1.5:process (default) @ hadoop-hdfs-rbf ---
[INFO] 
[INFO] --- resources:2.6:resources (default-resources) @ hadoop-hdfs-rbf ---
[INFO] Using 'UTF-8' encoding to copy filtered resources.
[INFO] Copying 1 resource
[INFO] Copying 2 resources
[INFO] 
[INFO] --- compiler:3.1:compile (default-compile) @ hadoop-hdfs-rbf ---
[INFO] Compiling 199 source files to /home/runner/work/sonar-analysis/sonar-analysis/project/hadoop-hdfs-project/hadoop-hdfs-rbf/target/classes
[INFO] 
[INFO] --- antrun:1.7:run (create-web-xmls) @ hadoop-hdfs-rbf ---
[INFO] Executing tasks

main:
     [copy] Copying 1 file to /home/runner/work/sonar-analysis/sonar-analysis/project/hadoop-hdfs-project/hadoop-hdfs-rbf/target/webapps/router/WEB-INF
     [copy] Copying 5 files to /home/runner/work/sonar-analysis/sonar-analysis/project/hadoop-hdfs-project/hadoop-hdfs-rbf/target/webapps
[INFO] Executed tasks
[INFO] 
[INFO] --- protobuf:0.5.1:test-compile (src-test-compile-protoc) @ hadoop-hdfs-rbf ---
[INFO] Skipping mojo execution
[INFO] 
[INFO] --- resources:2.6:testResources (default-testResources) @ hadoop-hdfs-rbf ---
[INFO] Using 'UTF-8' encoding to copy filtered resources.
[INFO] Copying 4 resources
[INFO] Copying 2 resources
[INFO] 
[INFO] --- antrun:1.7:run (create-log-dir) @ hadoop-hdfs-rbf ---
[INFO] Executing tasks

main:
     [copy] Copying 6 files to /home/runner/work/sonar-analysis/sonar-analysis/project/hadoop-hdfs-project/hadoop-hdfs-rbf/target/test-classes/webapps
[INFO] Executed tasks
[INFO] 
[INFO] --- compiler:3.1:testCompile (default-testCompile) @ hadoop-hdfs-rbf ---
[INFO] Compiling 70 source files to /home/runner/work/sonar-analysis/sonar-analysis/project/hadoop-hdfs-project/hadoop-hdfs-rbf/target/test-classes
[INFO] 
[INFO] --- surefire:3.0.0-M1:test (default-test) @ hadoop-hdfs-rbf ---
[INFO] Tests are skipped.
[INFO] 
[INFO] --- jar:2.5:jar (prepare-jar) @ hadoop-hdfs-rbf ---
[INFO] Building jar: /home/runner/work/sonar-analysis/sonar-analysis/project/hadoop-hdfs-project/hadoop-hdfs-rbf/target/hadoop-hdfs-rbf-3.2.2-SNAPSHOT.jar
[INFO] 
[INFO] --- jar:2.5:test-jar (prepare-test-jar) @ hadoop-hdfs-rbf ---
[INFO] Building jar: /home/runner/work/sonar-analysis/sonar-analysis/project/hadoop-hdfs-project/hadoop-hdfs-rbf/target/hadoop-hdfs-rbf-3.2.2-SNAPSHOT-tests.jar
[INFO] 
[INFO] --- jar:2.5:jar (default-jar) @ hadoop-hdfs-rbf ---
[INFO] 
[INFO] --- site:3.6:attach-descriptor (attach-descriptor) @ hadoop-hdfs-rbf ---
[INFO] Skipping because packaging 'jar' is not pom.
[INFO] 
[INFO] --- animal-sniffer:1.16:check (signature-check) @ hadoop-hdfs-rbf ---
[INFO] Checking unresolved references to org.codehaus.mojo.signature:java18:1.0
[INFO] 
[INFO] --- enforcer:3.0.0-M1:enforce (depcheck) @ hadoop-hdfs-rbf ---
[INFO] Skipping Rule Enforcement.
[INFO] 
[INFO] --- install:2.5.1:install (default-install) @ hadoop-hdfs-rbf ---
[INFO] Installing /home/runner/work/sonar-analysis/sonar-analysis/project/hadoop-hdfs-project/hadoop-hdfs-rbf/target/hadoop-hdfs-rbf-3.2.2-SNAPSHOT.jar to /home/runner/.m2/repository/org/apache/hadoop/hadoop-hdfs-rbf/3.2.2-SNAPSHOT/hadoop-hdfs-rbf-3.2.2-SNAPSHOT.jar
[INFO] Installing /home/runner/work/sonar-analysis/sonar-analysis/project/hadoop-hdfs-project/hadoop-hdfs-rbf/pom.xml to /home/runner/.m2/repository/org/apache/hadoop/hadoop-hdfs-rbf/3.2.2-SNAPSHOT/hadoop-hdfs-rbf-3.2.2-SNAPSHOT.pom
[INFO] Installing /home/runner/work/sonar-analysis/sonar-analysis/project/hadoop-hdfs-project/hadoop-hdfs-rbf/target/hadoop-hdfs-rbf-3.2.2-SNAPSHOT-tests.jar to /home/runner/.m2/repository/org/apache/hadoop/hadoop-hdfs-rbf/3.2.2-SNAPSHOT/hadoop-hdfs-rbf-3.2.2-SNAPSHOT-tests.jar
[INFO] 
[INFO] ---------------< org.apache.hadoop:hadoop-hdfs-project >----------------
[INFO] Building Apache Hadoop HDFS Project 3.2.2-SNAPSHOT               [21/97]
[INFO]   from hadoop-hdfs-project/pom.xml
[INFO] --------------------------------[ pom ]---------------------------------
[INFO] 
[INFO] --- clean:3.1.0:clean (default-clean) @ hadoop-hdfs-project ---
[INFO] Deleting /home/runner/work/sonar-analysis/sonar-analysis/project/hadoop-hdfs-project (includes = [dependency-reduced-pom.xml], excludes = [])
[INFO] 
[INFO] --- antrun:1.7:run (create-testdirs) @ hadoop-hdfs-project ---
[INFO] Executing tasks

main:
    [mkdir] Created dir: /home/runner/work/sonar-analysis/sonar-analysis/project/hadoop-hdfs-project/target/test-dir
[INFO] Executed tasks
[INFO] 
[INFO] --- remote-resources:1.5:process (default) @ hadoop-hdfs-project ---
[INFO] 
[INFO] --- site:3.6:attach-descriptor (attach-descriptor) @ hadoop-hdfs-project ---
[INFO] No site descriptor found: nothing to attach.
[INFO] 
[INFO] --- animal-sniffer:1.16:check (signature-check) @ hadoop-hdfs-project ---
[INFO] Checking unresolved references to org.codehaus.mojo.signature:java18:1.0
[INFO] 
[INFO] --- enforcer:3.0.0-M1:enforce (depcheck) @ hadoop-hdfs-project ---
[INFO] Skipping Rule Enforcement.
[INFO] 
[INFO] --- install:2.5.1:install (default-install) @ hadoop-hdfs-project ---
[INFO] Installing /home/runner/work/sonar-analysis/sonar-analysis/project/hadoop-hdfs-project/pom.xml to /home/runner/.m2/repository/org/apache/hadoop/hadoop-hdfs-project/3.2.2-SNAPSHOT/hadoop-hdfs-project-3.2.2-SNAPSHOT.pom
[INFO] 
[INFO] -------------------< org.apache.hadoop:hadoop-yarn >--------------------
[INFO] Building Apache Hadoop YARN 3.2.2-SNAPSHOT                       [22/97]
[INFO]   from hadoop-yarn-project/hadoop-yarn/pom.xml
[INFO] --------------------------------[ pom ]---------------------------------
[INFO] 
[INFO] --- clean:3.1.0:clean (default-clean) @ hadoop-yarn ---
[INFO] Deleting /home/runner/work/sonar-analysis/sonar-analysis/project/hadoop-yarn-project/hadoop-yarn (includes = [dependency-reduced-pom.xml], excludes = [])
[INFO] 
[INFO] --- antrun:1.7:run (create-testdirs) @ hadoop-yarn ---
[INFO] Executing tasks

main:
    [mkdir] Created dir: /home/runner/work/sonar-analysis/sonar-analysis/project/hadoop-yarn-project/hadoop-yarn/target/test-dir
[INFO] Executed tasks
[INFO] 
[INFO] --- remote-resources:1.5:process (default) @ hadoop-yarn ---
[INFO] 
[INFO] --- site:3.6:attach-descriptor (attach-descriptor) @ hadoop-yarn ---
[INFO] No site descriptor found: nothing to attach.
[INFO] 
[INFO] --- animal-sniffer:1.16:check (signature-check) @ hadoop-yarn ---
[INFO] Checking unresolved references to org.codehaus.mojo.signature:java18:1.0
[INFO] 
[INFO] --- enforcer:3.0.0-M1:enforce (depcheck) @ hadoop-yarn ---
[INFO] Skipping Rule Enforcement.
[INFO] 
[INFO] --- install:2.5.1:install (default-install) @ hadoop-yarn ---
[INFO] Installing /home/runner/work/sonar-analysis/sonar-analysis/project/hadoop-yarn-project/hadoop-yarn/pom.xml to /home/runner/.m2/repository/org/apache/hadoop/hadoop-yarn/3.2.2-SNAPSHOT/hadoop-yarn-3.2.2-SNAPSHOT.pom
[INFO] 
[INFO] -----------------< org.apache.hadoop:hadoop-yarn-api >------------------
[INFO] Building Apache Hadoop YARN API 3.2.2-SNAPSHOT                   [23/97]
[INFO]   from hadoop-yarn-project/hadoop-yarn/hadoop-yarn-api/pom.xml
[INFO] --------------------------------[ jar ]---------------------------------
[INFO] 
[INFO] --- clean:3.1.0:clean (default-clean) @ hadoop-yarn-api ---
[INFO] Deleting /home/runner/work/sonar-analysis/sonar-analysis/project/hadoop-yarn-project/hadoop-yarn/hadoop-yarn-api (includes = [dependency-reduced-pom.xml], excludes = [])
[INFO] 
[INFO] --- antrun:1.7:run (create-testdirs) @ hadoop-yarn-api ---
[INFO] Executing tasks

main:
    [mkdir] Created dir: /home/runner/work/sonar-analysis/sonar-analysis/project/hadoop-yarn-project/hadoop-yarn/hadoop-yarn-api/target/test-dir
[INFO] Executed tasks
[INFO] 
[INFO] --- hadoops:3.2.2-SNAPSHOT:protoc (compile-protoc) @ hadoop-yarn-api ---
[INFO] Wrote protoc checksums to file /home/runner/work/sonar-analysis/sonar-analysis/project/hadoop-yarn-project/hadoop-yarn/hadoop-yarn-api/target/hadoop-maven-plugins-protoc-checksums.json
[INFO] 
[INFO] --- remote-resources:1.5:process (default) @ hadoop-yarn-api ---
[INFO] 
[INFO] --- resources:2.6:resources (default-resources) @ hadoop-yarn-api ---
[INFO] Using 'UTF-8' encoding to copy filtered resources.
[INFO] Copying 1 resource
[INFO] Copying 2 resources
[INFO] 
[INFO] --- compiler:3.1:compile (default-compile) @ hadoop-yarn-api ---
[INFO] Compiling 333 source files to /home/runner/work/sonar-analysis/sonar-analysis/project/hadoop-yarn-project/hadoop-yarn/hadoop-yarn-api/target/classes
[WARNING] /home/runner/work/sonar-analysis/sonar-analysis/project/hadoop-yarn-project/hadoop-yarn/hadoop-yarn-api/src/main/java/org/apache/hadoop/yarn/conf/HAUtil.java: /home/runner/work/sonar-analysis/sonar-analysis/project/hadoop-yarn-project/hadoop-yarn/hadoop-yarn-api/src/main/java/org/apache/hadoop/yarn/conf/HAUtil.java uses or overrides a deprecated API.
[WARNING] /home/runner/work/sonar-analysis/sonar-analysis/project/hadoop-yarn-project/hadoop-yarn/hadoop-yarn-api/src/main/java/org/apache/hadoop/yarn/conf/HAUtil.java: Recompile with -Xlint:deprecation for details.
[INFO] 
[INFO] --- resources:2.6:testResources (default-testResources) @ hadoop-yarn-api ---
[INFO] Using 'UTF-8' encoding to copy filtered resources.
[INFO] skip non existing resourceDirectory /home/runner/work/sonar-analysis/sonar-analysis/project/hadoop-yarn-project/hadoop-yarn/hadoop-yarn-api/src/test/resources
[INFO] Copying 2 resources
[INFO] 
[INFO] --- compiler:3.1:testCompile (default-testCompile) @ hadoop-yarn-api ---
[INFO] Compiling 9 source files to /home/runner/work/sonar-analysis/sonar-analysis/project/hadoop-yarn-project/hadoop-yarn/hadoop-yarn-api/target/test-classes
[INFO] 
[INFO] --- jar:2.5:test-jar (default) @ hadoop-yarn-api ---
[INFO] Building jar: /home/runner/work/sonar-analysis/sonar-analysis/project/hadoop-yarn-project/hadoop-yarn/hadoop-yarn-api/target/hadoop-yarn-api-3.2.2-SNAPSHOT-tests.jar
[INFO] 
[INFO] --- surefire:3.0.0-M1:test (default-test) @ hadoop-yarn-api ---
[INFO] Tests are skipped.
[INFO] 
[INFO] --- jar:2.5:jar (default-jar) @ hadoop-yarn-api ---
[INFO] Building jar: /home/runner/work/sonar-analysis/sonar-analysis/project/hadoop-yarn-project/hadoop-yarn/hadoop-yarn-api/target/hadoop-yarn-api-3.2.2-SNAPSHOT.jar
[INFO] 
[INFO] --- site:3.6:attach-descriptor (attach-descriptor) @ hadoop-yarn-api ---
[INFO] Skipping because packaging 'jar' is not pom.
[INFO] 
[INFO] --- animal-sniffer:1.16:check (signature-check) @ hadoop-yarn-api ---
[INFO] Checking unresolved references to org.codehaus.mojo.signature:java18:1.0
[INFO] 
[INFO] --- enforcer:3.0.0-M1:enforce (depcheck) @ hadoop-yarn-api ---
[INFO] Skipping Rule Enforcement.
[INFO] 
[INFO] --- install:2.5.1:install (default-install) @ hadoop-yarn-api ---
[INFO] Installing /home/runner/work/sonar-analysis/sonar-analysis/project/hadoop-yarn-project/hadoop-yarn/hadoop-yarn-api/target/hadoop-yarn-api-3.2.2-SNAPSHOT.jar to /home/runner/.m2/repository/org/apache/hadoop/hadoop-yarn-api/3.2.2-SNAPSHOT/hadoop-yarn-api-3.2.2-SNAPSHOT.jar
[INFO] Installing /home/runner/work/sonar-analysis/sonar-analysis/project/hadoop-yarn-project/hadoop-yarn/hadoop-yarn-api/pom.xml to /home/runner/.m2/repository/org/apache/hadoop/hadoop-yarn-api/3.2.2-SNAPSHOT/hadoop-yarn-api-3.2.2-SNAPSHOT.pom
[INFO] Installing /home/runner/work/sonar-analysis/sonar-analysis/project/hadoop-yarn-project/hadoop-yarn/hadoop-yarn-api/target/hadoop-yarn-api-3.2.2-SNAPSHOT-tests.jar to /home/runner/.m2/repository/org/apache/hadoop/hadoop-yarn-api/3.2.2-SNAPSHOT/hadoop-yarn-api-3.2.2-SNAPSHOT-tests.jar
[INFO] 
[INFO] ----------------< org.apache.hadoop:hadoop-yarn-common >----------------
[INFO] Building Apache Hadoop YARN Common 3.2.2-SNAPSHOT                [24/97]
[INFO]   from hadoop-yarn-project/hadoop-yarn/hadoop-yarn-common/pom.xml
[INFO] --------------------------------[ jar ]---------------------------------
[INFO] 
[INFO] --- clean:3.1.0:clean (default-clean) @ hadoop-yarn-common ---
[INFO] 
[INFO] --- antrun:1.7:run (create-testdirs) @ hadoop-yarn-common ---
[INFO] Executing tasks

main:
    [mkdir] Created dir: /home/runner/work/sonar-analysis/sonar-analysis/project/hadoop-yarn-project/hadoop-yarn/hadoop-yarn-common/target/test-dir
[INFO] Executed tasks
[INFO] 
[INFO] --- hadoops:3.2.2-SNAPSHOT:protoc (compile-protoc) @ hadoop-yarn-common ---
[INFO] Wrote protoc checksums to file /home/runner/work/sonar-analysis/sonar-analysis/project/hadoop-yarn-project/hadoop-yarn/hadoop-yarn-common/target/hadoop-maven-plugins-protoc-checksums.json
[INFO] 
[INFO] --- hadoops:3.2.2-SNAPSHOT:version-info (version-info) @ hadoop-yarn-common ---
[INFO] SCM: GIT
[INFO] Computed MD5: 411e62e859a0c8a766f3bb333efac2a
[INFO] 
[INFO] --- hadoops:3.2.2-SNAPSHOT:resource-gz (resource-gz) @ hadoop-yarn-common ---
[INFO] Compressing /home/runner/work/sonar-analysis/sonar-analysis/project/hadoop-yarn-project/hadoop-yarn/hadoop-yarn-common/src/main/resources/webapps/static/dt-1.10.7/js/jquery.dataTables.min.js to /home/runner/work/sonar-analysis/sonar-analysis/project/hadoop-yarn-project/hadoop-yarn/hadoop-yarn-common/target/classes/webapps/static/dt-1.10.7/js/jquery.dataTables.min.js.gz
[INFO] Compressing /home/runner/work/sonar-analysis/sonar-analysis/project/hadoop-yarn-project/hadoop-yarn/hadoop-yarn-common/src/main/resources/webapps/static/dt-1.10.7/css/demo_table.css to /home/runner/work/sonar-analysis/sonar-analysis/project/hadoop-yarn-project/hadoop-yarn/hadoop-yarn-common/target/classes/webapps/static/dt-1.10.7/css/demo_table.css.gz
[INFO] Compressing /home/runner/work/sonar-analysis/sonar-analysis/project/hadoop-yarn-project/hadoop-yarn/hadoop-yarn-common/src/main/resources/webapps/static/dt-1.10.7/css/jui-dt.css to /home/runner/work/sonar-analysis/sonar-analysis/project/hadoop-yarn-project/hadoop-yarn/hadoop-yarn-common/target/classes/webapps/static/dt-1.10.7/css/jui-dt.css.gz
[INFO] Compressing /home/runner/work/sonar-analysis/sonar-analysis/project/hadoop-yarn-project/hadoop-yarn/hadoop-yarn-common/src/main/resources/webapps/static/dt-1.10.7/css/demo_page.css to /home/runner/work/sonar-analysis/sonar-analysis/project/hadoop-yarn-project/hadoop-yarn/hadoop-yarn-common/target/classes/webapps/static/dt-1.10.7/css/demo_page.css.gz
[INFO] Compressing /home/runner/work/sonar-analysis/sonar-analysis/project/hadoop-yarn-project/hadoop-yarn/hadoop-yarn-common/src/main/resources/webapps/static/yarn.css to /home/runner/work/sonar-analysis/sonar-analysis/project/hadoop-yarn-project/hadoop-yarn/hadoop-yarn-common/target/classes/webapps/static/yarn.css.gz
[INFO] Compressing /home/runner/work/sonar-analysis/sonar-analysis/project/hadoop-yarn-project/hadoop-yarn/hadoop-yarn-common/src/main/resources/webapps/static/jt/jquery.jstree.js to /home/runner/work/sonar-analysis/sonar-analysis/project/hadoop-yarn-project/hadoop-yarn/hadoop-yarn-common/target/classes/webapps/static/jt/jquery.jstree.js.gz
[INFO] Compressing /home/runner/work/sonar-analysis/sonar-analysis/project/hadoop-yarn-project/hadoop-yarn/hadoop-yarn-common/src/main/resources/webapps/static/yarn.dt.plugins.js to /home/runner/work/sonar-analysis/sonar-analysis/project/hadoop-yarn-project/hadoop-yarn/hadoop-yarn-common/target/classes/webapps/static/yarn.dt.plugins.js.gz
[INFO] Compressing /home/runner/work/sonar-analysis/sonar-analysis/project/hadoop-yarn-project/hadoop-yarn/hadoop-yarn-common/src/main/resources/webapps/static/jquery/jquery-ui-1.12.1.custom.min.js to /home/runner/work/sonar-analysis/sonar-analysis/project/hadoop-yarn-project/hadoop-yarn/hadoop-yarn-common/target/classes/webapps/static/jquery/jquery-ui-1.12.1.custom.min.js.gz
[INFO] Compressing /home/runner/work/sonar-analysis/sonar-analysis/project/hadoop-yarn-project/hadoop-yarn/hadoop-yarn-common/src/main/resources/webapps/static/jquery/jquery-3.3.1.min.js to /home/runner/work/sonar-analysis/sonar-analysis/project/hadoop-yarn-project/hadoop-yarn/hadoop-yarn-common/target/classes/webapps/static/jquery/jquery-3.3.1.min.js.gz
[INFO] Compressing /home/runner/work/sonar-analysis/sonar-analysis/project/hadoop-yarn-project/hadoop-yarn/hadoop-yarn-common/src/main/resources/webapps/static/jquery/themes-1.9.1/base/jquery-ui.css to /home/runner/work/sonar-analysis/sonar-analysis/project/hadoop-yarn-project/hadoop-yarn/hadoop-yarn-common/target/classes/webapps/static/jquery/themes-1.9.1/base/jquery-ui.css.gz
[INFO] Compressing /home/runner/work/sonar-analysis/sonar-analysis/project/hadoop-yarn-project/hadoop-yarn/hadoop-yarn-common/src/main/resources/webapps/static/dt-sorting/natural.js to /home/runner/work/sonar-analysis/sonar-analysis/project/hadoop-yarn-project/hadoop-yarn/hadoop-yarn-common/target/classes/webapps/static/dt-sorting/natural.js.gz
[INFO] 
[INFO] --- remote-resources:1.5:process (default) @ hadoop-yarn-common ---
[INFO] 
[INFO] --- resources:2.6:resources (default-resources) @ hadoop-yarn-common ---
[INFO] Using 'UTF-8' encoding to copy filtered resources.
[INFO] Copying 51 resources
[INFO] Copying 1 resource
[INFO] Copying 2 resources
[INFO] 
[INFO] --- compiler:3.1:compile (default-compile) @ hadoop-yarn-common ---
[INFO] Compiling 471 source files to /home/runner/work/sonar-analysis/sonar-analysis/project/hadoop-yarn-project/hadoop-yarn/hadoop-yarn-common/target/classes
[WARNING] /home/runner/work/sonar-analysis/sonar-analysis/project/hadoop-yarn-project/hadoop-yarn/hadoop-yarn-common/src/main/java/org/apache/hadoop/yarn/webapp/hamlet/HamletImpl.java: Some input files use or override a deprecated API.
[WARNING] /home/runner/work/sonar-analysis/sonar-analysis/project/hadoop-yarn-project/hadoop-yarn/hadoop-yarn-common/src/main/java/org/apache/hadoop/yarn/webapp/hamlet/HamletImpl.java: Recompile with -Xlint:deprecation for details.
[WARNING] /home/runner/work/sonar-analysis/sonar-analysis/project/hadoop-yarn-project/hadoop-yarn/hadoop-yarn-common/src/main/java/org/apache/hadoop/yarn/client/api/AppAdminClient.java: Some input files use unchecked or unsafe operations.
[WARNING] /home/runner/work/sonar-analysis/sonar-analysis/project/hadoop-yarn-project/hadoop-yarn/hadoop-yarn-common/src/main/java/org/apache/hadoop/yarn/client/api/AppAdminClient.java: Recompile with -Xlint:unchecked for details.
[INFO] 
[INFO] --- resources:2.6:testResources (default-testResources) @ hadoop-yarn-common ---
[INFO] Using 'UTF-8' encoding to copy filtered resources.
[INFO] Copying 24 resources
[INFO] Copying 14 resources
[INFO] Copying 2 resources
[INFO] 
[INFO] --- compiler:3.1:testCompile (default-testCompile) @ hadoop-yarn-common ---
[INFO] Compiling 97 source files to /home/runner/work/sonar-analysis/sonar-analysis/project/hadoop-yarn-project/hadoop-yarn/hadoop-yarn-common/target/test-classes
[WARNING] /home/runner/work/sonar-analysis/sonar-analysis/project/hadoop-yarn-project/hadoop-yarn/hadoop-yarn-common/src/test/java/org/apache/hadoop/yarn/webapp/hamlet/TestParseSelector.java: Some input files use or override a deprecated API.
[WARNING] /home/runner/work/sonar-analysis/sonar-analysis/project/hadoop-yarn-project/hadoop-yarn/hadoop-yarn-common/src/test/java/org/apache/hadoop/yarn/webapp/hamlet/TestParseSelector.java: Recompile with -Xlint:deprecation for details.
[INFO] 
[INFO] --- jar:2.5:test-jar (default) @ hadoop-yarn-common ---
[INFO] Building jar: /home/runner/work/sonar-analysis/sonar-analysis/project/hadoop-yarn-project/hadoop-yarn/hadoop-yarn-common/target/hadoop-yarn-common-3.2.2-SNAPSHOT-tests.jar
[INFO] 
[INFO] --- surefire:3.0.0-M1:test (default-test) @ hadoop-yarn-common ---
[INFO] Tests are skipped.
[INFO] 
[INFO] --- jar:2.5:jar (default-jar) @ hadoop-yarn-common ---
[INFO] Building jar: /home/runner/work/sonar-analysis/sonar-analysis/project/hadoop-yarn-project/hadoop-yarn/hadoop-yarn-common/target/hadoop-yarn-common-3.2.2-SNAPSHOT.jar
[INFO] 
[INFO] --- site:3.6:attach-descriptor (attach-descriptor) @ hadoop-yarn-common ---
[INFO] Skipping because packaging 'jar' is not pom.
[INFO] 
[INFO] --- animal-sniffer:1.16:check (signature-check) @ hadoop-yarn-common ---
[INFO] Checking unresolved references to org.codehaus.mojo.signature:java18:1.0
[INFO] 
[INFO] --- enforcer:3.0.0-M1:enforce (depcheck) @ hadoop-yarn-common ---
[INFO] Skipping Rule Enforcement.
[INFO] 
[INFO] --- install:2.5.1:install (default-install) @ hadoop-yarn-common ---
[INFO] Installing /home/runner/work/sonar-analysis/sonar-analysis/project/hadoop-yarn-project/hadoop-yarn/hadoop-yarn-common/target/hadoop-yarn-common-3.2.2-SNAPSHOT.jar to /home/runner/.m2/repository/org/apache/hadoop/hadoop-yarn-common/3.2.2-SNAPSHOT/hadoop-yarn-common-3.2.2-SNAPSHOT.jar
[INFO] Installing /home/runner/work/sonar-analysis/sonar-analysis/project/hadoop-yarn-project/hadoop-yarn/hadoop-yarn-common/pom.xml to /home/runner/.m2/repository/org/apache/hadoop/hadoop-yarn-common/3.2.2-SNAPSHOT/hadoop-yarn-common-3.2.2-SNAPSHOT.pom
[INFO] Installing /home/runner/work/sonar-analysis/sonar-analysis/project/hadoop-yarn-project/hadoop-yarn/hadoop-yarn-common/target/hadoop-yarn-common-3.2.2-SNAPSHOT-tests.jar to /home/runner/.m2/repository/org/apache/hadoop/hadoop-yarn-common/3.2.2-SNAPSHOT/hadoop-yarn-common-3.2.2-SNAPSHOT-tests.jar
[INFO] 
[INFO] ---------------< org.apache.hadoop:hadoop-yarn-registry >---------------
[INFO] Building Apache Hadoop YARN Registry 3.2.2-SNAPSHOT              [25/97]
[INFO]   from hadoop-yarn-project/hadoop-yarn/hadoop-yarn-registry/pom.xml
[INFO] --------------------------------[ jar ]---------------------------------
[INFO] 
[INFO] --- clean:3.1.0:clean (default-clean) @ hadoop-yarn-registry ---
[INFO] Deleting /home/runner/work/sonar-analysis/sonar-analysis/project/hadoop-yarn-project/hadoop-yarn/hadoop-yarn-registry (includes = [dependency-reduced-pom.xml], excludes = [])
[INFO] 
[INFO] --- antrun:1.7:run (create-testdirs) @ hadoop-yarn-registry ---
[INFO] Executing tasks

main:
    [mkdir] Created dir: /home/runner/work/sonar-analysis/sonar-analysis/project/hadoop-yarn-project/hadoop-yarn/hadoop-yarn-registry/target/test-dir
[INFO] Executed tasks
[INFO] 
[INFO] --- hadoops:3.2.2-SNAPSHOT:version-info (version-info) @ hadoop-yarn-registry ---
[INFO] SCM: GIT
[INFO] Computed MD5: faf5bf4b30e5632fb7afdcb58029e764
[INFO] 
[INFO] --- remote-resources:1.5:process (default) @ hadoop-yarn-registry ---
[INFO] 
[INFO] --- resources:2.6:resources (default-resources) @ hadoop-yarn-registry ---
[INFO] Using 'UTF-8' encoding to copy filtered resources.
[INFO] Copying 1 resource
[INFO] Copying 0 resource
[INFO] Copying 2 resources
[INFO] 
[INFO] --- compiler:3.1:compile (default-compile) @ hadoop-yarn-registry ---
[INFO] Compiling 65 source files to /home/runner/work/sonar-analysis/sonar-analysis/project/hadoop-yarn-project/hadoop-yarn/hadoop-yarn-registry/target/classes
[WARNING] /home/runner/work/sonar-analysis/sonar-analysis/project/hadoop-yarn-project/hadoop-yarn/hadoop-yarn-registry/src/main/java/org/apache/hadoop/registry/server/dns/ReverseZoneUtils.java: Some input files use or override a deprecated API.
[WARNING] /home/runner/work/sonar-analysis/sonar-analysis/project/hadoop-yarn-project/hadoop-yarn/hadoop-yarn-registry/src/main/java/org/apache/hadoop/registry/server/dns/ReverseZoneUtils.java: Recompile with -Xlint:deprecation for details.
[WARNING] /home/runner/work/sonar-analysis/sonar-analysis/project/hadoop-yarn-project/hadoop-yarn/hadoop-yarn-registry/src/main/java/org/apache/hadoop/registry/client/types/Endpoint.java: /home/runner/work/sonar-analysis/sonar-analysis/project/hadoop-yarn-project/hadoop-yarn/hadoop-yarn-registry/src/main/java/org/apache/hadoop/registry/client/types/Endpoint.java uses unchecked or unsafe operations.
[WARNING] /home/runner/work/sonar-analysis/sonar-analysis/project/hadoop-yarn-project/hadoop-yarn/hadoop-yarn-registry/src/main/java/org/apache/hadoop/registry/client/types/Endpoint.java: Recompile with -Xlint:unchecked for details.
[INFO] 
[INFO] --- resources:2.6:testResources (default-testResources) @ hadoop-yarn-registry ---
[INFO] Using 'UTF-8' encoding to copy filtered resources.
[INFO] Copying 3 resources
[INFO] Copying 2 resources
[INFO] 
[INFO] --- compiler:3.1:testCompile (default-testCompile) @ hadoop-yarn-registry ---
[INFO] Compiling 21 source files to /home/runner/work/sonar-analysis/sonar-analysis/project/hadoop-yarn-project/hadoop-yarn/hadoop-yarn-registry/target/test-classes
[WARNING] /home/runner/work/sonar-analysis/sonar-analysis/project/hadoop-yarn-project/hadoop-yarn/hadoop-yarn-registry/src/test/java/org/apache/hadoop/registry/secure/AbstractSecureRegistryTest.java: Some input files use or override a deprecated API.
[WARNING] /home/runner/work/sonar-analysis/sonar-analysis/project/hadoop-yarn-project/hadoop-yarn/hadoop-yarn-registry/src/test/java/org/apache/hadoop/registry/secure/AbstractSecureRegistryTest.java: Recompile with -Xlint:deprecation for details.
[INFO] 
[INFO] --- jar:2.5:test-jar (default) @ hadoop-yarn-registry ---
[INFO] Building jar: /home/runner/work/sonar-analysis/sonar-analysis/project/hadoop-yarn-project/hadoop-yarn/hadoop-yarn-registry/target/hadoop-yarn-registry-3.2.2-SNAPSHOT-tests.jar
[INFO] 
[INFO] --- surefire:3.0.0-M1:test (default-test) @ hadoop-yarn-registry ---
[INFO] Tests are skipped.
[INFO] 
[INFO] --- jar:2.5:jar (default-jar) @ hadoop-yarn-registry ---
[INFO] Building jar: /home/runner/work/sonar-analysis/sonar-analysis/project/hadoop-yarn-project/hadoop-yarn/hadoop-yarn-registry/target/hadoop-yarn-registry-3.2.2-SNAPSHOT.jar
[INFO] 
[INFO] --- site:3.6:attach-descriptor (attach-descriptor) @ hadoop-yarn-registry ---
[INFO] Skipping because packaging 'jar' is not pom.
[INFO] 
[INFO] --- animal-sniffer:1.16:check (signature-check) @ hadoop-yarn-registry ---
[INFO] Checking unresolved references to org.codehaus.mojo.signature:java18:1.0
[INFO] 
[INFO] --- enforcer:3.0.0-M1:enforce (depcheck) @ hadoop-yarn-registry ---
[INFO] Skipping Rule Enforcement.
[INFO] 
[INFO] --- install:2.5.1:install (default-install) @ hadoop-yarn-registry ---
[INFO] Installing /home/runner/work/sonar-analysis/sonar-analysis/project/hadoop-yarn-project/hadoop-yarn/hadoop-yarn-registry/target/hadoop-yarn-registry-3.2.2-SNAPSHOT.jar to /home/runner/.m2/repository/org/apache/hadoop/hadoop-yarn-registry/3.2.2-SNAPSHOT/hadoop-yarn-registry-3.2.2-SNAPSHOT.jar
[INFO] Installing /home/runner/work/sonar-analysis/sonar-analysis/project/hadoop-yarn-project/hadoop-yarn/hadoop-yarn-registry/pom.xml to /home/runner/.m2/repository/org/apache/hadoop/hadoop-yarn-registry/3.2.2-SNAPSHOT/hadoop-yarn-registry-3.2.2-SNAPSHOT.pom
[INFO] Installing /home/runner/work/sonar-analysis/sonar-analysis/project/hadoop-yarn-project/hadoop-yarn/hadoop-yarn-registry/target/hadoop-yarn-registry-3.2.2-SNAPSHOT-tests.jar to /home/runner/.m2/repository/org/apache/hadoop/hadoop-yarn-registry/3.2.2-SNAPSHOT/hadoop-yarn-registry-3.2.2-SNAPSHOT-tests.jar
[INFO] 
[INFO] ----------------< org.apache.hadoop:hadoop-yarn-server >----------------
[INFO] Building Apache Hadoop YARN Server 3.2.2-SNAPSHOT                [26/97]
[INFO]   from hadoop-yarn-project/hadoop-yarn/hadoop-yarn-server/pom.xml
[INFO] --------------------------------[ pom ]---------------------------------
[INFO] 
[INFO] --- clean:3.1.0:clean (default-clean) @ hadoop-yarn-server ---
[INFO] Deleting /home/runner/work/sonar-analysis/sonar-analysis/project/hadoop-yarn-project/hadoop-yarn/hadoop-yarn-server (includes = [dependency-reduced-pom.xml], excludes = [])
[INFO] 
[INFO] --- antrun:1.7:run (create-testdirs) @ hadoop-yarn-server ---
[INFO] Executing tasks

main:
    [mkdir] Created dir: /home/runner/work/sonar-analysis/sonar-analysis/project/hadoop-yarn-project/hadoop-yarn/hadoop-yarn-server/target/test-dir
[INFO] Executed tasks
[INFO] 
[INFO] --- remote-resources:1.5:process (default) @ hadoop-yarn-server ---
[INFO] 
[INFO] --- site:3.6:attach-descriptor (attach-descriptor) @ hadoop-yarn-server ---
[INFO] No site descriptor found: nothing to attach.
[INFO] 
[INFO] --- animal-sniffer:1.16:check (signature-check) @ hadoop-yarn-server ---
[INFO] Checking unresolved references to org.codehaus.mojo.signature:java18:1.0
[INFO] 
[INFO] --- enforcer:3.0.0-M1:enforce (depcheck) @ hadoop-yarn-server ---
[INFO] Skipping Rule Enforcement.
[INFO] 
[INFO] --- install:2.5.1:install (default-install) @ hadoop-yarn-server ---
[INFO] Installing /home/runner/work/sonar-analysis/sonar-analysis/project/hadoop-yarn-project/hadoop-yarn/hadoop-yarn-server/pom.xml to /home/runner/.m2/repository/org/apache/hadoop/hadoop-yarn-server/3.2.2-SNAPSHOT/hadoop-yarn-server-3.2.2-SNAPSHOT.pom
[INFO] 
[INFO] ------------< org.apache.hadoop:hadoop-yarn-server-common >-------------
[INFO] Building Apache Hadoop YARN Server Common 3.2.2-SNAPSHOT         [27/97]
[INFO]   from hadoop-yarn-project/hadoop-yarn/hadoop-yarn-server/hadoop-yarn-server-common/pom.xml
[INFO] --------------------------------[ jar ]---------------------------------
[INFO] 
[INFO] --- clean:3.1.0:clean (default-clean) @ hadoop-yarn-server-common ---
[INFO] 
[INFO] --- antrun:1.7:run (create-testdirs) @ hadoop-yarn-server-common ---
[INFO] Executing tasks

main:
    [mkdir] Created dir: /home/runner/work/sonar-analysis/sonar-analysis/project/hadoop-yarn-project/hadoop-yarn/hadoop-yarn-server/hadoop-yarn-server-common/target/test-dir
[INFO] Executed tasks
[INFO] 
[INFO] --- hadoops:3.2.2-SNAPSHOT:protoc (compile-protoc) @ hadoop-yarn-server-common ---
[INFO] Wrote protoc checksums to file /home/runner/work/sonar-analysis/sonar-analysis/project/hadoop-yarn-project/hadoop-yarn/hadoop-yarn-server/hadoop-yarn-server-common/target/hadoop-maven-plugins-protoc-checksums.json
[INFO] 
[INFO] --- remote-resources:1.5:process (default) @ hadoop-yarn-server-common ---
[INFO] 
[INFO] --- resources:2.6:resources (default-resources) @ hadoop-yarn-server-common ---
[INFO] Using 'UTF-8' encoding to copy filtered resources.
[INFO] Copying 1 resource
[INFO] Copying 2 resources
[INFO] 
[INFO] --- compiler:3.1:compile (default-compile) @ hadoop-yarn-server-common ---
[INFO] Compiling 273 source files to /home/runner/work/sonar-analysis/sonar-analysis/project/hadoop-yarn-project/hadoop-yarn/hadoop-yarn-server/hadoop-yarn-server-common/target/classes
[INFO] 
[INFO] --- resources:2.6:testResources (default-testResources) @ hadoop-yarn-server-common ---
[INFO] Using 'UTF-8' encoding to copy filtered resources.
[INFO] Copying 3 resources
[INFO] Copying 2 resources
[INFO] 
[INFO] --- compiler:3.1:testCompile (default-testCompile) @ hadoop-yarn-server-common ---
[INFO] Compiling 55 source files to /home/runner/work/sonar-analysis/sonar-analysis/project/hadoop-yarn-project/hadoop-yarn/hadoop-yarn-server/hadoop-yarn-server-common/target/test-classes
[INFO] 
[INFO] --- jar:2.5:test-jar (default) @ hadoop-yarn-server-common ---
[INFO] Building jar: /home/runner/work/sonar-analysis/sonar-analysis/project/hadoop-yarn-project/hadoop-yarn/hadoop-yarn-server/hadoop-yarn-server-common/target/hadoop-yarn-server-common-3.2.2-SNAPSHOT-tests.jar
[INFO] 
[INFO] --- surefire:3.0.0-M1:test (default-test) @ hadoop-yarn-server-common ---
[INFO] Tests are skipped.
[INFO] 
[INFO] --- jar:2.5:jar (default-jar) @ hadoop-yarn-server-common ---
[INFO] Building jar: /home/runner/work/sonar-analysis/sonar-analysis/project/hadoop-yarn-project/hadoop-yarn/hadoop-yarn-server/hadoop-yarn-server-common/target/hadoop-yarn-server-common-3.2.2-SNAPSHOT.jar
[INFO] 
[INFO] --- site:3.6:attach-descriptor (attach-descriptor) @ hadoop-yarn-server-common ---
[INFO] Skipping because packaging 'jar' is not pom.
[INFO] 
[INFO] --- animal-sniffer:1.16:check (signature-check) @ hadoop-yarn-server-common ---
[INFO] Checking unresolved references to org.codehaus.mojo.signature:java18:1.0
[INFO] 
[INFO] --- enforcer:3.0.0-M1:enforce (depcheck) @ hadoop-yarn-server-common ---
[INFO] Skipping Rule Enforcement.
[INFO] 
[INFO] --- install:2.5.1:install (default-install) @ hadoop-yarn-server-common ---
[INFO] Installing /home/runner/work/sonar-analysis/sonar-analysis/project/hadoop-yarn-project/hadoop-yarn/hadoop-yarn-server/hadoop-yarn-server-common/target/hadoop-yarn-server-common-3.2.2-SNAPSHOT.jar to /home/runner/.m2/repository/org/apache/hadoop/hadoop-yarn-server-common/3.2.2-SNAPSHOT/hadoop-yarn-server-common-3.2.2-SNAPSHOT.jar
[INFO] Installing /home/runner/work/sonar-analysis/sonar-analysis/project/hadoop-yarn-project/hadoop-yarn/hadoop-yarn-server/hadoop-yarn-server-common/pom.xml to /home/runner/.m2/repository/org/apache/hadoop/hadoop-yarn-server-common/3.2.2-SNAPSHOT/hadoop-yarn-server-common-3.2.2-SNAPSHOT.pom
[INFO] Installing /home/runner/work/sonar-analysis/sonar-analysis/project/hadoop-yarn-project/hadoop-yarn/hadoop-yarn-server/hadoop-yarn-server-common/target/hadoop-yarn-server-common-3.2.2-SNAPSHOT-tests.jar to /home/runner/.m2/repository/org/apache/hadoop/hadoop-yarn-server-common/3.2.2-SNAPSHOT/hadoop-yarn-server-common-3.2.2-SNAPSHOT-tests.jar
[INFO] 
[INFO] ----------< org.apache.hadoop:hadoop-yarn-server-nodemanager >----------
[INFO] Building Apache Hadoop YARN NodeManager 3.2.2-SNAPSHOT           [28/97]
[INFO]   from hadoop-yarn-project/hadoop-yarn/hadoop-yarn-server/hadoop-yarn-server-nodemanager/pom.xml
[INFO] --------------------------------[ jar ]---------------------------------
[INFO] 
[INFO] --- clean:3.1.0:clean (default-clean) @ hadoop-yarn-server-nodemanager ---
[INFO] Deleting /home/runner/work/sonar-analysis/sonar-analysis/project/hadoop-yarn-project/hadoop-yarn/hadoop-yarn-server/hadoop-yarn-server-nodemanager (includes = [dependency-reduced-pom.xml], excludes = [])
[INFO] 
[INFO] --- antrun:1.7:run (create-testdirs) @ hadoop-yarn-server-nodemanager ---
[INFO] Executing tasks

main:
    [mkdir] Created dir: /home/runner/work/sonar-analysis/sonar-analysis/project/hadoop-yarn-project/hadoop-yarn/hadoop-yarn-server/hadoop-yarn-server-nodemanager/target/test-dir
[INFO] Executed tasks
[INFO] 
[INFO] --- hadoops:3.2.2-SNAPSHOT:protoc (compile-protoc) @ hadoop-yarn-server-nodemanager ---
[INFO] Wrote protoc checksums to file /home/runner/work/sonar-analysis/sonar-analysis/project/hadoop-yarn-project/hadoop-yarn/hadoop-yarn-server/hadoop-yarn-server-nodemanager/target/hadoop-maven-plugins-protoc-checksums.json
[INFO] 
[INFO] --- remote-resources:1.5:process (default) @ hadoop-yarn-server-nodemanager ---
[INFO] 
[INFO] --- resources:2.6:resources (default-resources) @ hadoop-yarn-server-nodemanager ---
[INFO] Using 'UTF-8' encoding to copy filtered resources.
[INFO] Copying 4 resources
[INFO] Copying 2 resources
[INFO] 
[INFO] --- compiler:3.1:compile (default-compile) @ hadoop-yarn-server-nodemanager ---
[INFO] Compiling 325 source files to /home/runner/work/sonar-analysis/sonar-analysis/project/hadoop-yarn-project/hadoop-yarn/hadoop-yarn-server/hadoop-yarn-server-nodemanager/target/classes
[WARNING] /home/runner/work/sonar-analysis/sonar-analysis/project/hadoop-yarn-project/hadoop-yarn/hadoop-yarn-server/hadoop-yarn-server-nodemanager/src/main/java/org/apache/hadoop/yarn/server/nodemanager/LinuxContainerExecutor.java: Some input files use or override a deprecated API.
[WARNING] /home/runner/work/sonar-analysis/sonar-analysis/project/hadoop-yarn-project/hadoop-yarn/hadoop-yarn-server/hadoop-yarn-server-nodemanager/src/main/java/org/apache/hadoop/yarn/server/nodemanager/LinuxContainerExecutor.java: Recompile with -Xlint:deprecation for details.
[WARNING] /home/runner/work/sonar-analysis/sonar-analysis/project/hadoop-yarn-project/hadoop-yarn/hadoop-yarn-server/hadoop-yarn-server-nodemanager/src/main/java/org/apache/hadoop/yarn/server/nodemanager/containermanager/linux/resources/CGroupElasticMemoryController.java: Some input files use unchecked or unsafe operations.
[WARNING] /home/runner/work/sonar-analysis/sonar-analysis/project/hadoop-yarn-project/hadoop-yarn/hadoop-yarn-server/hadoop-yarn-server-nodemanager/src/main/java/org/apache/hadoop/yarn/server/nodemanager/containermanager/linux/resources/CGroupElasticMemoryController.java: Recompile with -Xlint:unchecked for details.
[INFO] 
[INFO] --- resources:2.6:testResources (default-testResources) @ hadoop-yarn-server-nodemanager ---
[INFO] Using 'UTF-8' encoding to copy filtered resources.
[INFO] Copying 10 resources
[INFO] Copying 2 resources
[INFO] 
[INFO] --- compiler:3.1:testCompile (default-testCompile) @ hadoop-yarn-server-nodemanager ---
[INFO] Compiling 147 source files to /home/runner/work/sonar-analysis/sonar-analysis/project/hadoop-yarn-project/hadoop-yarn/hadoop-yarn-server/hadoop-yarn-server-nodemanager/target/test-classes
[WARNING] /home/runner/work/sonar-analysis/sonar-analysis/project/hadoop-yarn-project/hadoop-yarn/hadoop-yarn-server/hadoop-yarn-server-nodemanager/src/test/java/org/apache/hadoop/yarn/server/nodemanager/containermanager/launcher/TestContainersLauncher.java: Some input files use or override a deprecated API.
[WARNING] /home/runner/work/sonar-analysis/sonar-analysis/project/hadoop-yarn-project/hadoop-yarn/hadoop-yarn-server/hadoop-yarn-server-nodemanager/src/test/java/org/apache/hadoop/yarn/server/nodemanager/containermanager/launcher/TestContainersLauncher.java: Recompile with -Xlint:deprecation for details.
[WARNING] /home/runner/work/sonar-analysis/sonar-analysis/project/hadoop-yarn-project/hadoop-yarn/hadoop-yarn-server/hadoop-yarn-server-nodemanager/src/test/java/org/apache/hadoop/yarn/server/nodemanager/containermanager/linux/resources/fpga/TestFpgaResourceHandler.java: Some input files use unchecked or unsafe operations.
[WARNING] /home/runner/work/sonar-analysis/sonar-analysis/project/hadoop-yarn-project/hadoop-yarn/hadoop-yarn-server/hadoop-yarn-server-nodemanager/src/test/java/org/apache/hadoop/yarn/server/nodemanager/containermanager/linux/resources/fpga/TestFpgaResourceHandler.java: Recompile with -Xlint:unchecked for details.
[INFO] 
[INFO] --- surefire:3.0.0-M1:test (default-test) @ hadoop-yarn-server-nodemanager ---
[INFO] Tests are skipped.
[INFO] 
[INFO] --- jar:2.5:jar (default-jar) @ hadoop-yarn-server-nodemanager ---
[INFO] Building jar: /home/runner/work/sonar-analysis/sonar-analysis/project/hadoop-yarn-project/hadoop-yarn/hadoop-yarn-server/hadoop-yarn-server-nodemanager/target/hadoop-yarn-server-nodemanager-3.2.2-SNAPSHOT.jar
[INFO] 
[INFO] --- site:3.6:attach-descriptor (attach-descriptor) @ hadoop-yarn-server-nodemanager ---
[INFO] Skipping because packaging 'jar' is not pom.
[INFO] 
[INFO] --- animal-sniffer:1.16:check (signature-check) @ hadoop-yarn-server-nodemanager ---
[INFO] Checking unresolved references to org.codehaus.mojo.signature:java18:1.0
[INFO] 
[INFO] --- enforcer:3.0.0-M1:enforce (depcheck) @ hadoop-yarn-server-nodemanager ---
[INFO] Skipping Rule Enforcement.
[INFO] 
[INFO] --- install:2.5.1:install (default-install) @ hadoop-yarn-server-nodemanager ---
[INFO] Installing /home/runner/work/sonar-analysis/sonar-analysis/project/hadoop-yarn-project/hadoop-yarn/hadoop-yarn-server/hadoop-yarn-server-nodemanager/target/hadoop-yarn-server-nodemanager-3.2.2-SNAPSHOT.jar to /home/runner/.m2/repository/org/apache/hadoop/hadoop-yarn-server-nodemanager/3.2.2-SNAPSHOT/hadoop-yarn-server-nodemanager-3.2.2-SNAPSHOT.jar
[INFO] Installing /home/runner/work/sonar-analysis/sonar-analysis/project/hadoop-yarn-project/hadoop-yarn/hadoop-yarn-server/hadoop-yarn-server-nodemanager/pom.xml to /home/runner/.m2/repository/org/apache/hadoop/hadoop-yarn-server-nodemanager/3.2.2-SNAPSHOT/hadoop-yarn-server-nodemanager-3.2.2-SNAPSHOT.pom
[INFO] 
[INFO] -----------< org.apache.hadoop:hadoop-yarn-server-web-proxy >-----------
[INFO] Building Apache Hadoop YARN Web Proxy 3.2.2-SNAPSHOT             [29/97]
[INFO]   from hadoop-yarn-project/hadoop-yarn/hadoop-yarn-server/hadoop-yarn-server-web-proxy/pom.xml
[INFO] --------------------------------[ jar ]---------------------------------
[INFO] 
[INFO] --- clean:3.1.0:clean (default-clean) @ hadoop-yarn-server-web-proxy ---
[INFO] Deleting /home/runner/work/sonar-analysis/sonar-analysis/project/hadoop-yarn-project/hadoop-yarn/hadoop-yarn-server/hadoop-yarn-server-web-proxy (includes = [dependency-reduced-pom.xml], excludes = [])
[INFO] 
[INFO] --- antrun:1.7:run (create-testdirs) @ hadoop-yarn-server-web-proxy ---
[INFO] Executing tasks

main:
    [mkdir] Created dir: /home/runner/work/sonar-analysis/sonar-analysis/project/hadoop-yarn-project/hadoop-yarn/hadoop-yarn-server/hadoop-yarn-server-web-proxy/target/test-dir
[INFO] Executed tasks
[INFO] 
[INFO] --- remote-resources:1.5:process (default) @ hadoop-yarn-server-web-proxy ---
[INFO] 
[INFO] --- resources:2.6:resources (default-resources) @ hadoop-yarn-server-web-proxy ---
[INFO] Using 'UTF-8' encoding to copy filtered resources.
[INFO] skip non existing resourceDirectory /home/runner/work/sonar-analysis/sonar-analysis/project/hadoop-yarn-project/hadoop-yarn/hadoop-yarn-server/hadoop-yarn-server-web-proxy/src/main/resources
[INFO] Copying 2 resources
[INFO] 
[INFO] --- compiler:3.1:compile (default-compile) @ hadoop-yarn-server-web-proxy ---
[INFO] Compiling 10 source files to /home/runner/work/sonar-analysis/sonar-analysis/project/hadoop-yarn-project/hadoop-yarn/hadoop-yarn-server/hadoop-yarn-server-web-proxy/target/classes
[WARNING] /home/runner/work/sonar-analysis/sonar-analysis/project/hadoop-yarn-project/hadoop-yarn/hadoop-yarn-server/hadoop-yarn-server-web-proxy/src/main/java/org/apache/hadoop/yarn/server/webproxy/WebAppProxyServlet.java: /home/runner/work/sonar-analysis/sonar-analysis/project/hadoop-yarn-project/hadoop-yarn/hadoop-yarn-server/hadoop-yarn-server-web-proxy/src/main/java/org/apache/hadoop/yarn/server/webproxy/WebAppProxyServlet.java uses or overrides a deprecated API.
[WARNING] /home/runner/work/sonar-analysis/sonar-analysis/project/hadoop-yarn-project/hadoop-yarn/hadoop-yarn-server/hadoop-yarn-server-web-proxy/src/main/java/org/apache/hadoop/yarn/server/webproxy/WebAppProxyServlet.java: Recompile with -Xlint:deprecation for details.
[INFO] 
[INFO] --- resources:2.6:testResources (default-testResources) @ hadoop-yarn-server-web-proxy ---
[INFO] Using 'UTF-8' encoding to copy filtered resources.
[INFO] Copying 1 resource
[INFO] Copying 2 resources
[INFO] 
[INFO] --- compiler:3.1:testCompile (default-testCompile) @ hadoop-yarn-server-web-proxy ---
[INFO] Compiling 7 source files to /home/runner/work/sonar-analysis/sonar-analysis/project/hadoop-yarn-project/hadoop-yarn/hadoop-yarn-server/hadoop-yarn-server-web-proxy/target/test-classes
[INFO] 
[INFO] --- jar:2.5:test-jar (default) @ hadoop-yarn-server-web-proxy ---
[INFO] Building jar: /home/runner/work/sonar-analysis/sonar-analysis/project/hadoop-yarn-project/hadoop-yarn/hadoop-yarn-server/hadoop-yarn-server-web-proxy/target/hadoop-yarn-server-web-proxy-3.2.2-SNAPSHOT-tests.jar
[INFO] 
[INFO] --- surefire:3.0.0-M1:test (default-test) @ hadoop-yarn-server-web-proxy ---
[INFO] Tests are skipped.
[INFO] 
[INFO] --- jar:2.5:jar (default-jar) @ hadoop-yarn-server-web-proxy ---
[INFO] Building jar: /home/runner/work/sonar-analysis/sonar-analysis/project/hadoop-yarn-project/hadoop-yarn/hadoop-yarn-server/hadoop-yarn-server-web-proxy/target/hadoop-yarn-server-web-proxy-3.2.2-SNAPSHOT.jar
[INFO] 
[INFO] --- site:3.6:attach-descriptor (attach-descriptor) @ hadoop-yarn-server-web-proxy ---
[INFO] Skipping because packaging 'jar' is not pom.
[INFO] 
[INFO] --- animal-sniffer:1.16:check (signature-check) @ hadoop-yarn-server-web-proxy ---
[INFO] Checking unresolved references to org.codehaus.mojo.signature:java18:1.0
[INFO] 
[INFO] --- enforcer:3.0.0-M1:enforce (depcheck) @ hadoop-yarn-server-web-proxy ---
[INFO] Skipping Rule Enforcement.
[INFO] 
[INFO] --- install:2.5.1:install (default-install) @ hadoop-yarn-server-web-proxy ---
[INFO] Installing /home/runner/work/sonar-analysis/sonar-analysis/project/hadoop-yarn-project/hadoop-yarn/hadoop-yarn-server/hadoop-yarn-server-web-proxy/target/hadoop-yarn-server-web-proxy-3.2.2-SNAPSHOT.jar to /home/runner/.m2/repository/org/apache/hadoop/hadoop-yarn-server-web-proxy/3.2.2-SNAPSHOT/hadoop-yarn-server-web-proxy-3.2.2-SNAPSHOT.jar
[INFO] Installing /home/runner/work/sonar-analysis/sonar-analysis/project/hadoop-yarn-project/hadoop-yarn/hadoop-yarn-server/hadoop-yarn-server-web-proxy/pom.xml to /home/runner/.m2/repository/org/apache/hadoop/hadoop-yarn-server-web-proxy/3.2.2-SNAPSHOT/hadoop-yarn-server-web-proxy-3.2.2-SNAPSHOT.pom
[INFO] Installing /home/runner/work/sonar-analysis/sonar-analysis/project/hadoop-yarn-project/hadoop-yarn/hadoop-yarn-server/hadoop-yarn-server-web-proxy/target/hadoop-yarn-server-web-proxy-3.2.2-SNAPSHOT-tests.jar to /home/runner/.m2/repository/org/apache/hadoop/hadoop-yarn-server-web-proxy/3.2.2-SNAPSHOT/hadoop-yarn-server-web-proxy-3.2.2-SNAPSHOT-tests.jar
[INFO] 
[INFO] ---< org.apache.hadoop:hadoop-yarn-server-applicationhistoryservice >---
[INFO] Building Apache Hadoop YARN ApplicationHistoryService 3.2.2-SNAPSHOT [30/97]
[INFO]   from hadoop-yarn-project/hadoop-yarn/hadoop-yarn-server/hadoop-yarn-server-applicationhistoryservice/pom.xml
[INFO] --------------------------------[ jar ]---------------------------------
[INFO] 
[INFO] --- clean:3.1.0:clean (default-clean) @ hadoop-yarn-server-applicationhistoryservice ---
[INFO] Deleting /home/runner/work/sonar-analysis/sonar-analysis/project/hadoop-yarn-project/hadoop-yarn/hadoop-yarn-server/hadoop-yarn-server-applicationhistoryservice (includes = [dependency-reduced-pom.xml], excludes = [])
[INFO] 
[INFO] --- antrun:1.7:run (create-testdirs) @ hadoop-yarn-server-applicationhistoryservice ---
[INFO] Executing tasks

main:
    [mkdir] Created dir: /home/runner/work/sonar-analysis/sonar-analysis/project/hadoop-yarn-project/hadoop-yarn/hadoop-yarn-server/hadoop-yarn-server-applicationhistoryservice/target/test-dir
[INFO] Executed tasks
[INFO] 
[INFO] --- hadoops:3.2.2-SNAPSHOT:protoc (compile-protoc) @ hadoop-yarn-server-applicationhistoryservice ---
[INFO] Wrote protoc checksums to file /home/runner/work/sonar-analysis/sonar-analysis/project/hadoop-yarn-project/hadoop-yarn/hadoop-yarn-server/hadoop-yarn-server-applicationhistoryservice/target/hadoop-maven-plugins-protoc-checksums.json
[INFO] 
[INFO] --- remote-resources:1.5:process (default) @ hadoop-yarn-server-applicationhistoryservice ---
[INFO] 
[INFO] --- resources:2.6:resources (default-resources) @ hadoop-yarn-server-applicationhistoryservice ---
[INFO] Using 'UTF-8' encoding to copy filtered resources.
[INFO] skip non existing resourceDirectory /home/runner/work/sonar-analysis/sonar-analysis/project/hadoop-yarn-project/hadoop-yarn/hadoop-yarn-server/hadoop-yarn-server-applicationhistoryservice/src/main/resources
[INFO] Copying 2 resources
[INFO] 
[INFO] --- compiler:3.1:compile (default-compile) @ hadoop-yarn-server-applicationhistoryservice ---
[INFO] Compiling 65 source files to /home/runner/work/sonar-analysis/sonar-analysis/project/hadoop-yarn-project/hadoop-yarn/hadoop-yarn-server/hadoop-yarn-server-applicationhistoryservice/target/classes
[WARNING] /home/runner/work/sonar-analysis/sonar-analysis/project/hadoop-yarn-project/hadoop-yarn/hadoop-yarn-server/hadoop-yarn-server-applicationhistoryservice/src/main/java/org/apache/hadoop/yarn/server/timeline/GenericObjectMapper.java: /home/runner/work/sonar-analysis/sonar-analysis/project/hadoop-yarn-project/hadoop-yarn/hadoop-yarn-server/hadoop-yarn-server-applicationhistoryservice/src/main/java/org/apache/hadoop/yarn/server/timeline/GenericObjectMapper.java uses or overrides a deprecated API.
[WARNING] /home/runner/work/sonar-analysis/sonar-analysis/project/hadoop-yarn-project/hadoop-yarn/hadoop-yarn-server/hadoop-yarn-server-applicationhistoryservice/src/main/java/org/apache/hadoop/yarn/server/timeline/GenericObjectMapper.java: Recompile with -Xlint:deprecation for details.
[INFO] 
[INFO] --- resources:2.6:testResources (default-testResources) @ hadoop-yarn-server-applicationhistoryservice ---
[INFO] Using 'UTF-8' encoding to copy filtered resources.
[INFO] skip non existing resourceDirectory /home/runner/work/sonar-analysis/sonar-analysis/project/hadoop-yarn-project/hadoop-yarn/hadoop-yarn-server/hadoop-yarn-server-applicationhistoryservice/src/test/resources
[INFO] Copying 2 resources
[INFO] 
[INFO] --- compiler:3.1:testCompile (default-testCompile) @ hadoop-yarn-server-applicationhistoryservice ---
[INFO] Compiling 21 source files to /home/runner/work/sonar-analysis/sonar-analysis/project/hadoop-yarn-project/hadoop-yarn/hadoop-yarn-server/hadoop-yarn-server-applicationhistoryservice/target/test-classes
[INFO] 
[INFO] --- jar:2.5:test-jar (default) @ hadoop-yarn-server-applicationhistoryservice ---
[INFO] Building jar: /home/runner/work/sonar-analysis/sonar-analysis/project/hadoop-yarn-project/hadoop-yarn/hadoop-yarn-server/hadoop-yarn-server-applicationhistoryservice/target/hadoop-yarn-server-applicationhistoryservice-3.2.2-SNAPSHOT-tests.jar
[INFO] 
[INFO] --- surefire:3.0.0-M1:test (default-test) @ hadoop-yarn-server-applicationhistoryservice ---
[INFO] Tests are skipped.
[INFO] 
[INFO] --- jar:2.5:jar (default-jar) @ hadoop-yarn-server-applicationhistoryservice ---
[INFO] Building jar: /home/runner/work/sonar-analysis/sonar-analysis/project/hadoop-yarn-project/hadoop-yarn/hadoop-yarn-server/hadoop-yarn-server-applicationhistoryservice/target/hadoop-yarn-server-applicationhistoryservice-3.2.2-SNAPSHOT.jar
[INFO] 
[INFO] --- site:3.6:attach-descriptor (attach-descriptor) @ hadoop-yarn-server-applicationhistoryservice ---
[INFO] Skipping because packaging 'jar' is not pom.
[INFO] 
[INFO] --- animal-sniffer:1.16:check (signature-check) @ hadoop-yarn-server-applicationhistoryservice ---
[INFO] Checking unresolved references to org.codehaus.mojo.signature:java18:1.0
[INFO] 
[INFO] --- enforcer:3.0.0-M1:enforce (depcheck) @ hadoop-yarn-server-applicationhistoryservice ---
[INFO] Skipping Rule Enforcement.
[INFO] 
[INFO] --- install:2.5.1:install (default-install) @ hadoop-yarn-server-applicationhistoryservice ---
[INFO] Installing /home/runner/work/sonar-analysis/sonar-analysis/project/hadoop-yarn-project/hadoop-yarn/hadoop-yarn-server/hadoop-yarn-server-applicationhistoryservice/target/hadoop-yarn-server-applicationhistoryservice-3.2.2-SNAPSHOT.jar to /home/runner/.m2/repository/org/apache/hadoop/hadoop-yarn-server-applicationhistoryservice/3.2.2-SNAPSHOT/hadoop-yarn-server-applicationhistoryservice-3.2.2-SNAPSHOT.jar
[INFO] Installing /home/runner/work/sonar-analysis/sonar-analysis/project/hadoop-yarn-project/hadoop-yarn/hadoop-yarn-server/hadoop-yarn-server-applicationhistoryservice/pom.xml to /home/runner/.m2/repository/org/apache/hadoop/hadoop-yarn-server-applicationhistoryservice/3.2.2-SNAPSHOT/hadoop-yarn-server-applicationhistoryservice-3.2.2-SNAPSHOT.pom
[INFO] Installing /home/runner/work/sonar-analysis/sonar-analysis/project/hadoop-yarn-project/hadoop-yarn/hadoop-yarn-server/hadoop-yarn-server-applicationhistoryservice/target/hadoop-yarn-server-applicationhistoryservice-3.2.2-SNAPSHOT-tests.jar to /home/runner/.m2/repository/org/apache/hadoop/hadoop-yarn-server-applicationhistoryservice/3.2.2-SNAPSHOT/hadoop-yarn-server-applicationhistoryservice-3.2.2-SNAPSHOT-tests.jar
[INFO] 
[INFO] --------< org.apache.hadoop:hadoop-yarn-server-timelineservice >--------
[INFO] Building Apache Hadoop YARN Timeline Service 3.2.2-SNAPSHOT      [31/97]
[INFO]   from hadoop-yarn-project/hadoop-yarn/hadoop-yarn-server/hadoop-yarn-server-timelineservice/pom.xml
[INFO] --------------------------------[ jar ]---------------------------------
[INFO] 
[INFO] --- clean:3.1.0:clean (default-clean) @ hadoop-yarn-server-timelineservice ---
[INFO] Deleting /home/runner/work/sonar-analysis/sonar-analysis/project/hadoop-yarn-project/hadoop-yarn/hadoop-yarn-server/hadoop-yarn-server-timelineservice (includes = [dependency-reduced-pom.xml], excludes = [])
[INFO] 
[INFO] --- antrun:1.7:run (create-testdirs) @ hadoop-yarn-server-timelineservice ---
[INFO] Executing tasks

main:
    [mkdir] Created dir: /home/runner/work/sonar-analysis/sonar-analysis/project/hadoop-yarn-project/hadoop-yarn/hadoop-yarn-server/hadoop-yarn-server-timelineservice/target/test-dir
[INFO] Executed tasks
[INFO] 
[INFO] --- remote-resources:1.5:process (default) @ hadoop-yarn-server-timelineservice ---
[INFO] 
[INFO] --- resources:2.6:resources (default-resources) @ hadoop-yarn-server-timelineservice ---
[INFO] Using 'UTF-8' encoding to copy filtered resources.
[INFO] Copying 1 resource
[INFO] Copying 2 resources
[INFO] 
[INFO] --- compiler:3.1:compile (default-compile) @ hadoop-yarn-server-timelineservice ---
[INFO] Compiling 62 source files to /home/runner/work/sonar-analysis/sonar-analysis/project/hadoop-yarn-project/hadoop-yarn/hadoop-yarn-server/hadoop-yarn-server-timelineservice/target/classes
[INFO] 
[INFO] --- resources:2.6:testResources (default-testResources) @ hadoop-yarn-server-timelineservice ---
[INFO] Using 'UTF-8' encoding to copy filtered resources.
[INFO] Copying 1 resource
[INFO] Copying 2 resources
[INFO] 
[INFO] --- compiler:3.1:testCompile (default-testCompile) @ hadoop-yarn-server-timelineservice ---
[INFO] Compiling 16 source files to /home/runner/work/sonar-analysis/sonar-analysis/project/hadoop-yarn-project/hadoop-yarn/hadoop-yarn-server/hadoop-yarn-server-timelineservice/target/test-classes
[INFO] 
[INFO] --- jar:2.5:test-jar (default) @ hadoop-yarn-server-timelineservice ---
[INFO] Building jar: /home/runner/work/sonar-analysis/sonar-analysis/project/hadoop-yarn-project/hadoop-yarn/hadoop-yarn-server/hadoop-yarn-server-timelineservice/target/hadoop-yarn-server-timelineservice-3.2.2-SNAPSHOT-tests.jar
[INFO] 
[INFO] --- surefire:3.0.0-M1:test (default-test) @ hadoop-yarn-server-timelineservice ---
[INFO] Tests are skipped.
[INFO] 
[INFO] --- jar:2.5:jar (default-jar) @ hadoop-yarn-server-timelineservice ---
[INFO] Building jar: /home/runner/work/sonar-analysis/sonar-analysis/project/hadoop-yarn-project/hadoop-yarn/hadoop-yarn-server/hadoop-yarn-server-timelineservice/target/hadoop-yarn-server-timelineservice-3.2.2-SNAPSHOT.jar
[INFO] 
[INFO] --- site:3.6:attach-descriptor (attach-descriptor) @ hadoop-yarn-server-timelineservice ---
[INFO] Skipping because packaging 'jar' is not pom.
[INFO] 
[INFO] --- animal-sniffer:1.16:check (signature-check) @ hadoop-yarn-server-timelineservice ---
[INFO] Checking unresolved references to org.codehaus.mojo.signature:java18:1.0
[INFO] 
[INFO] --- enforcer:3.0.0-M1:enforce (depcheck) @ hadoop-yarn-server-timelineservice ---
[INFO] Skipping Rule Enforcement.
[INFO] 
[INFO] --- install:2.5.1:install (default-install) @ hadoop-yarn-server-timelineservice ---
[INFO] Installing /home/runner/work/sonar-analysis/sonar-analysis/project/hadoop-yarn-project/hadoop-yarn/hadoop-yarn-server/hadoop-yarn-server-timelineservice/target/hadoop-yarn-server-timelineservice-3.2.2-SNAPSHOT.jar to /home/runner/.m2/repository/org/apache/hadoop/hadoop-yarn-server-timelineservice/3.2.2-SNAPSHOT/hadoop-yarn-server-timelineservice-3.2.2-SNAPSHOT.jar
[INFO] Installing /home/runner/work/sonar-analysis/sonar-analysis/project/hadoop-yarn-project/hadoop-yarn/hadoop-yarn-server/hadoop-yarn-server-timelineservice/pom.xml to /home/runner/.m2/repository/org/apache/hadoop/hadoop-yarn-server-timelineservice/3.2.2-SNAPSHOT/hadoop-yarn-server-timelineservice-3.2.2-SNAPSHOT.pom
[INFO] Installing /home/runner/work/sonar-analysis/sonar-analysis/project/hadoop-yarn-project/hadoop-yarn/hadoop-yarn-server/hadoop-yarn-server-timelineservice/target/hadoop-yarn-server-timelineservice-3.2.2-SNAPSHOT-tests.jar to /home/runner/.m2/repository/org/apache/hadoop/hadoop-yarn-server-timelineservice/3.2.2-SNAPSHOT/hadoop-yarn-server-timelineservice-3.2.2-SNAPSHOT-tests.jar
[INFO] 
[INFO] --------< org.apache.hadoop:hadoop-yarn-server-resourcemanager >--------
[INFO] Building Apache Hadoop YARN ResourceManager 3.2.2-SNAPSHOT       [32/97]
[INFO]   from hadoop-yarn-project/hadoop-yarn/hadoop-yarn-server/hadoop-yarn-server-resourcemanager/pom.xml
[INFO] --------------------------------[ jar ]---------------------------------
[INFO] 
[INFO] --- clean:3.1.0:clean (default-clean) @ hadoop-yarn-server-resourcemanager ---
[INFO] Deleting /home/runner/work/sonar-analysis/sonar-analysis/project/hadoop-yarn-project/hadoop-yarn/hadoop-yarn-server/hadoop-yarn-server-resourcemanager (includes = [dependency-reduced-pom.xml], excludes = [])
[INFO] 
[INFO] --- antrun:1.7:run (create-testdirs) @ hadoop-yarn-server-resourcemanager ---
[INFO] Executing tasks

main:
    [mkdir] Created dir: /home/runner/work/sonar-analysis/sonar-analysis/project/hadoop-yarn-project/hadoop-yarn/hadoop-yarn-server/hadoop-yarn-server-resourcemanager/target/test-dir
[INFO] Executed tasks
[INFO] 
[INFO] --- hadoops:3.2.2-SNAPSHOT:protoc (compile-protoc) @ hadoop-yarn-server-resourcemanager ---
[INFO] Wrote protoc checksums to file /home/runner/work/sonar-analysis/sonar-analysis/project/hadoop-yarn-project/hadoop-yarn/hadoop-yarn-server/hadoop-yarn-server-resourcemanager/target/hadoop-maven-plugins-protoc-checksums.json
[INFO] 
[INFO] --- remote-resources:1.5:process (default) @ hadoop-yarn-server-resourcemanager ---
[INFO] 
[INFO] --- resources:2.6:resources (default-resources) @ hadoop-yarn-server-resourcemanager ---
[INFO] Using 'UTF-8' encoding to copy filtered resources.
[INFO] skip non existing resourceDirectory /home/runner/work/sonar-analysis/sonar-analysis/project/hadoop-yarn-project/hadoop-yarn/hadoop-yarn-server/hadoop-yarn-server-resourcemanager/src/main/resources
[INFO] Copying 2 resources
[INFO] 
[INFO] --- compiler:3.1:compile (default-compile) @ hadoop-yarn-server-resourcemanager ---
[INFO] Compiling 608 source files to /home/runner/work/sonar-analysis/sonar-analysis/project/hadoop-yarn-project/hadoop-yarn/hadoop-yarn-server/hadoop-yarn-server-resourcemanager/target/classes
[WARNING] /home/runner/work/sonar-analysis/sonar-analysis/project/hadoop-yarn-project/hadoop-yarn/hadoop-yarn-server/hadoop-yarn-server-resourcemanager/src/main/java/org/apache/hadoop/yarn/server/resourcemanager/ResourceManager.java: Some input files use or override a deprecated API.
[WARNING] /home/runner/work/sonar-analysis/sonar-analysis/project/hadoop-yarn-project/hadoop-yarn/hadoop-yarn-server/hadoop-yarn-server-resourcemanager/src/main/java/org/apache/hadoop/yarn/server/resourcemanager/ResourceManager.java: Recompile with -Xlint:deprecation for details.
[WARNING] /home/runner/work/sonar-analysis/sonar-analysis/project/hadoop-yarn-project/hadoop-yarn/hadoop-yarn-server/hadoop-yarn-server-resourcemanager/src/main/java/org/apache/hadoop/yarn/server/resourcemanager/scheduler/distributed/NodeQueueLoadMonitor.java: Some input files use unchecked or unsafe operations.
[WARNING] /home/runner/work/sonar-analysis/sonar-analysis/project/hadoop-yarn-project/hadoop-yarn/hadoop-yarn-server/hadoop-yarn-server-resourcemanager/src/main/java/org/apache/hadoop/yarn/server/resourcemanager/scheduler/distributed/NodeQueueLoadMonitor.java: Recompile with -Xlint:unchecked for details.
[INFO] 
[INFO] --- hadoops:3.2.2-SNAPSHOT:test-protoc (compile-test-protoc) @ hadoop-yarn-server-resourcemanager ---
[INFO] Wrote protoc checksums to file /home/runner/work/sonar-analysis/sonar-analysis/project/hadoop-yarn-project/hadoop-yarn/hadoop-yarn-server/hadoop-yarn-server-resourcemanager/target/hadoop-maven-plugins-protoc-checksums.json
[INFO] 
[INFO] --- resources:2.6:testResources (default-testResources) @ hadoop-yarn-server-resourcemanager ---
[INFO] Using 'UTF-8' encoding to copy filtered resources.
[INFO] Copying 17 resources
[INFO] Copying 1 resource
[INFO] Copying 2 resources
[INFO] 
[INFO] --- compiler:3.1:testCompile (default-testCompile) @ hadoop-yarn-server-resourcemanager ---
[INFO] Compiling 317 source files to /home/runner/work/sonar-analysis/sonar-analysis/project/hadoop-yarn-project/hadoop-yarn/hadoop-yarn-server/hadoop-yarn-server-resourcemanager/target/test-classes
[INFO] -------------------------------------------------------------
[WARNING] COMPILATION WARNING : 
[INFO] -------------------------------------------------------------
[WARNING] /home/runner/work/sonar-analysis/sonar-analysis/project/hadoop-yarn-project/hadoop-yarn/hadoop-yarn-server/hadoop-yarn-server-resourcemanager/src/test/java/org/apache/hadoop/yarn/server/resourcemanager/scheduler/fair/FairSchedulerTestBase.java: Some input files use or override a deprecated API.
[WARNING] /home/runner/work/sonar-analysis/sonar-analysis/project/hadoop-yarn-project/hadoop-yarn/hadoop-yarn-server/hadoop-yarn-server-resourcemanager/src/test/java/org/apache/hadoop/yarn/server/resourcemanager/scheduler/fair/FairSchedulerTestBase.java: Recompile with -Xlint:deprecation for details.
[WARNING] /home/runner/work/sonar-analysis/sonar-analysis/project/hadoop-yarn-project/hadoop-yarn/hadoop-yarn-server/hadoop-yarn-server-resourcemanager/src/test/java/org/apache/hadoop/yarn/server/resourcemanager/reservation/ReservationSystemTestUtil.java: Some input files use unchecked or unsafe operations.
[WARNING] /home/runner/work/sonar-analysis/sonar-analysis/project/hadoop-yarn-project/hadoop-yarn/hadoop-yarn-server/hadoop-yarn-server-resourcemanager/src/test/java/org/apache/hadoop/yarn/server/resourcemanager/reservation/ReservationSystemTestUtil.java: Recompile with -Xlint:unchecked for details.
[INFO] 4 warnings 
[INFO] -------------------------------------------------------------
[INFO] -------------------------------------------------------------
[ERROR] COMPILATION ERROR : 
[INFO] -------------------------------------------------------------
[ERROR] /home/runner/work/sonar-analysis/sonar-analysis/project/hadoop-yarn-project/hadoop-yarn/hadoop-yarn-server/hadoop-yarn-server-resourcemanager/src/test/java/org/apache/hadoop/yarn/server/resourcemanager/scheduler/capacity/TestParentQueue.java:[1025,5] cannot find symbol
  symbol:   class CSQueueStore
  location: class org.apache.hadoop.yarn.server.resourcemanager.scheduler.capacity.TestParentQueue
[ERROR] /home/runner/work/sonar-analysis/sonar-analysis/project/hadoop-yarn-project/hadoop-yarn/hadoop-yarn-server/hadoop-yarn-server-resourcemanager/src/test/java/org/apache/hadoop/yarn/server/resourcemanager/scheduler/capacity/TestParentQueue.java:[1025,31] cannot find symbol
  symbol:   class CSQueueStore
  location: class org.apache.hadoop.yarn.server.resourcemanager.scheduler.capacity.TestParentQueue
[INFO] 2 errors 
[INFO] -------------------------------------------------------------
[INFO] ------------------------------------------------------------------------
[INFO] Reactor Summary for Apache Hadoop Main 3.2.2-SNAPSHOT:
[INFO] 
[INFO] Apache Hadoop Main ................................. SUCCESS [  0.722 s]
[INFO] Apache Hadoop Build Tools .......................... SUCCESS [  0.903 s]
[INFO] Apache Hadoop Project POM .......................... SUCCESS [  1.120 s]
[INFO] Apache Hadoop Annotations .......................... SUCCESS [  1.205 s]
[INFO] Apache Hadoop Project Dist POM ..................... SUCCESS [  0.520 s]
[INFO] Apache Hadoop Assemblies ........................... SUCCESS [  0.439 s]
[INFO] Apache Hadoop Maven Plugins ........................ SUCCESS [  1.891 s]
[INFO] Apache Hadoop MiniKDC .............................. SUCCESS [  0.715 s]
[INFO] Apache Hadoop Auth ................................. SUCCESS [  2.570 s]
[INFO] Apache Hadoop Auth Examples ........................ SUCCESS [  1.122 s]
[INFO] Apache Hadoop Common ............................... SUCCESS [ 13.677 s]
[INFO] Apache Hadoop NFS .................................. SUCCESS [  1.574 s]
[INFO] Apache Hadoop KMS .................................. SUCCESS [  1.687 s]
[INFO] Apache Hadoop Common Project ....................... SUCCESS [  0.335 s]
[INFO] Apache Hadoop HDFS Client .......................... SUCCESS [ 10.974 s]
[INFO] Apache Hadoop HDFS ................................. SUCCESS [ 14.328 s]
[INFO] Apache Hadoop HDFS Native Client ................... SUCCESS [  0.642 s]
[INFO] Apache Hadoop HttpFS ............................... SUCCESS [  1.991 s]
[INFO] Apache Hadoop HDFS-NFS ............................. SUCCESS [  1.670 s]
[INFO] Apache Hadoop HDFS-RBF ............................. SUCCESS [  3.013 s]
[INFO] Apache Hadoop HDFS Project ......................... SUCCESS [  0.327 s]
[INFO] Apache Hadoop YARN ................................. SUCCESS [  0.327 s]
[INFO] Apache Hadoop YARN API ............................. SUCCESS [  5.015 s]
[INFO] Apache Hadoop YARN Common .......................... SUCCESS [  5.398 s]
[INFO] Apache Hadoop YARN Registry ........................ SUCCESS [  1.699 s]
[INFO] Apache Hadoop YARN Server .......................... SUCCESS [  0.321 s]
[INFO] Apache Hadoop YARN Server Common ................... SUCCESS [  3.198 s]
[INFO] Apache Hadoop YARN NodeManager ..................... SUCCESS [  4.042 s]
[INFO] Apache Hadoop YARN Web Proxy ....................... SUCCESS [  1.986 s]
[INFO] Apache Hadoop YARN ApplicationHistoryService ....... SUCCESS [  2.024 s]
[INFO] Apache Hadoop YARN Timeline Service ................ SUCCESS [  1.970 s]
[INFO] Apache Hadoop YARN ResourceManager ................. FAILURE [  4.366 s]
[INFO] Apache Hadoop YARN Server Tests .................... SKIPPED
[INFO] Apache Hadoop YARN Client .......................... SKIPPED
[INFO] Apache Hadoop YARN SharedCacheManager .............. SKIPPED
[INFO] Apache Hadoop YARN Timeline Plugin Storage ......... SKIPPED
[INFO] Apache Hadoop YARN TimelineService HBase Backend ... SKIPPED
[INFO] Apache Hadoop YARN TimelineService HBase Common .... SKIPPED
[INFO] Apache Hadoop YARN TimelineService HBase Client .... SKIPPED
[INFO] Apache Hadoop YARN TimelineService HBase Servers ... SKIPPED
[INFO] Apache Hadoop YARN TimelineService HBase Server 1.2  SKIPPED
[INFO] Apache Hadoop YARN TimelineService HBase tests ..... SKIPPED
[INFO] Apache Hadoop YARN Router .......................... SKIPPED
[INFO] Apache Hadoop YARN Applications .................... SKIPPED
[INFO] Apache Hadoop YARN DistributedShell ................ SKIPPED
[INFO] Apache Hadoop YARN Unmanaged Am Launcher ........... SKIPPED
[INFO] Apache Hadoop MapReduce Client ..................... SKIPPED
[INFO] Apache Hadoop MapReduce Core ....................... SKIPPED
[INFO] Apache Hadoop MapReduce Common ..................... SKIPPED
[INFO] Apache Hadoop MapReduce Shuffle .................... SKIPPED
[INFO] Apache Hadoop MapReduce App ........................ SKIPPED
[INFO] Apache Hadoop MapReduce HistoryServer .............. SKIPPED
[INFO] Apache Hadoop MapReduce JobClient .................. SKIPPED
[INFO] Apache Hadoop Mini-Cluster ......................... SKIPPED
[INFO] Apache Hadoop YARN Services ........................ SKIPPED
[INFO] Apache Hadoop YARN Services Core ................... SKIPPED
[INFO] Apache Hadoop YARN Services API .................... SKIPPED
[INFO] Apache Hadoop Image Generation Tool ................ SKIPPED
[INFO] Yet Another Learning Platform ...................... SKIPPED
[INFO] Apache Hadoop YARN Site ............................ SKIPPED
[INFO] Apache Hadoop YARN UI .............................. SKIPPED
[INFO] Apache Hadoop YARN Project ......................... SKIPPED
[INFO] Apache Hadoop MapReduce HistoryServer Plugins ...... SKIPPED
[INFO] Apache Hadoop MapReduce NativeTask ................. SKIPPED
[INFO] Apache Hadoop MapReduce Uploader ................... SKIPPED
[INFO] Apache Hadoop MapReduce Examples ................... SKIPPED
[INFO] Apache Hadoop MapReduce ............................ SKIPPED
[INFO] Apache Hadoop MapReduce Streaming .................. SKIPPED
[INFO] Apache Hadoop Distributed Copy ..................... SKIPPED
[INFO] Apache Hadoop Archives ............................. SKIPPED
[INFO] Apache Hadoop Archive Logs ......................... SKIPPED
[INFO] Apache Hadoop Rumen ................................ SKIPPED
[INFO] Apache Hadoop Gridmix .............................. SKIPPED
[INFO] Apache Hadoop Data Join ............................ SKIPPED
[INFO] Apache Hadoop Extras ............................... SKIPPED
[INFO] Apache Hadoop Pipes ................................ SKIPPED
[INFO] Apache Hadoop OpenStack support .................... SKIPPED
[INFO] Apache Hadoop Amazon Web Services support .......... SKIPPED
[INFO] Apache Hadoop Kafka Library support ................ SKIPPED
[INFO] Apache Hadoop Azure support ........................ SKIPPED
[INFO] Apache Hadoop Aliyun OSS support ................... SKIPPED
[INFO] Apache Hadoop Client Aggregator .................... SKIPPED
[INFO] Apache Hadoop Scheduler Load Simulator ............. SKIPPED
[INFO] Apache Hadoop Resource Estimator Service ........... SKIPPED
[INFO] Apache Hadoop Azure Data Lake support .............. SKIPPED
[INFO] Apache Hadoop Tools Dist ........................... SKIPPED
[INFO] Apache Hadoop Tools ................................ SKIPPED
[INFO] Apache Hadoop Client API ........................... SKIPPED
[INFO] Apache Hadoop Client Runtime ....................... SKIPPED
[INFO] Apache Hadoop Client Packaging Invariants .......... SKIPPED
[INFO] Apache Hadoop Client Test Minicluster .............. SKIPPED
[INFO] Apache Hadoop Client Packaging Invariants for Test . SKIPPED
[INFO] Apache Hadoop Client Packaging Integration Tests ... SKIPPED
[INFO] Apache Hadoop Distribution ......................... SKIPPED
[INFO] Apache Hadoop Client Modules ....................... SKIPPED
[INFO] Apache Hadoop Cloud Storage ........................ SKIPPED
[INFO] Apache Hadoop Cloud Storage Project ................ SKIPPED
[INFO] ------------------------------------------------------------------------
[INFO] BUILD FAILURE
[INFO] ------------------------------------------------------------------------
[INFO] Total time:  01:33 min
[INFO] Finished at: 2026-05-07T13:59:47Z
[INFO] ------------------------------------------------------------------------
[ERROR] Failed to execute goal org.apache.maven.plugins:maven-compiler-plugin:3.1:testCompile (default-testCompile) on project hadoop-yarn-server-resourcemanager: Compilation failure: Compilation failure: 
[ERROR] /home/runner/work/sonar-analysis/sonar-analysis/project/hadoop-yarn-project/hadoop-yarn/hadoop-yarn-server/hadoop-yarn-server-resourcemanager/src/test/java/org/apache/hadoop/yarn/server/resourcemanager/scheduler/capacity/TestParentQueue.java:[1025,5] cannot find symbol
[ERROR]   symbol:   class CSQueueStore
[ERROR]   location: class org.apache.hadoop.yarn.server.resourcemanager.scheduler.capacity.TestParentQueue
[ERROR] /home/runner/work/sonar-analysis/sonar-analysis/project/hadoop-yarn-project/hadoop-yarn/hadoop-yarn-server/hadoop-yarn-server-resourcemanager/src/test/java/org/apache/hadoop/yarn/server/resourcemanager/scheduler/capacity/TestParentQueue.java:[1025,31] cannot find symbol
[ERROR]   symbol:   class CSQueueStore
[ERROR]   location: class org.apache.hadoop.yarn.server.resourcemanager.scheduler.capacity.TestParentQueue
[ERROR] -> [Help 1]
[ERROR] 
[ERROR] To see the full stack trace of the errors, re-run Maven with the -e switch.
[ERROR] Re-run Maven using the -X switch to enable full debug logging.
[ERROR] 
[ERROR] For more information about the errors and possible solutions, please read the following articles:
[ERROR] [Help 1] http://cwiki.apache.org/confluence/display/MAVEN/MojoFailureException
[ERROR] 
[ERROR] After correcting the problems, you can resume the build with the command
[ERROR]   mvn <args> -rf :hadoop-yarn-server-resourcemanager
