[WARNING] 
[WARNING] Some problems were encountered while building the effective settings
[WARNING] 'profiles.profile[repos].repositories.repository.id' must be unique but found duplicate repository with id mapr-public @ /home/runner/.m2/settings.xml
[WARNING] 'profiles.profile[repos].repositories.repository.id' must be unique but found duplicate repository with id apache-snapshots @ /home/runner/.m2/settings.xml
[WARNING] 'profiles.profile[repos].repositories.repository.id' must be unique but found duplicate repository with id apache-group-snapshots @ /home/runner/.m2/settings.xml
[WARNING] 
[INFO] Scanning for projects...
[INFO] ------------------------------------------------------------------------
[INFO] Detecting the operating system and CPU architecture
[INFO] ------------------------------------------------------------------------
[INFO] os.detected.name: linux
[INFO] os.detected.arch: x86_64
[INFO] os.detected.version: 6.17
[INFO] os.detected.version.major: 6
[INFO] os.detected.version.minor: 17
[INFO] os.detected.release: ubuntu
[INFO] os.detected.release.version: 24.04
[INFO] os.detected.release.like.ubuntu: true
[INFO] os.detected.release.like.debian: true
[INFO] os.detected.classifier: linux-x86_64
[INFO] ------------------------------------------------------------------------
[INFO] Reactor Build Order:
[INFO] 
[INFO] Apache Ozone Main                                                  [pom]
[INFO] Apache Ozone HDDS                                                  [pom]
[INFO] Apache Ozone HDDS Hadoop Client dependencies                       [jar]
[INFO] Apache Ozone HDDS Hadoop Test dependencies                         [jar]
[INFO] Apache Ozone HDDS Hadoop Server dependencies                       [jar]
[INFO] Apache Ozone HDDS Client Interface                                 [jar]
[INFO] Apache Ozone HDDS Admin Interface                                  [jar]
[INFO] Apache Ozone HDDS Server Interface                                 [jar]
[INFO] Apache Ozone HDDS Test Utils                                       [jar]
[INFO] Apache Ozone HDDS Config                                           [jar]
[INFO] Apache Ozone HDDS Common                                           [jar]
[INFO] Apache Ozone HDDS Client                                           [jar]
[INFO] Apache Ozone HDDS Server Framework                                 [jar]
[INFO] Apache Ozone/HDDS Documentation                                    [jar]
[INFO] Apache Ozone HDDS Container Service                                [jar]
[INFO] Apache Ozone HDDS SCM Server                                       [jar]
[INFO] Apache Ozone HDDS Tools                                            [jar]
[INFO] Apache Ozone                                                       [pom]
[INFO] Apache Ozone Client Interface                                      [jar]
[INFO] Apache Ozone Common                                                [jar]
[INFO] Apache Ozone Storage Interface                                     [jar]
[INFO] Apache Ozone Client                                                [jar]
[INFO] Apache Ozone Manager Server                                        [jar]
[INFO] Apache Ozone FileSystem Common                                     [jar]
[INFO] Apache Ozone FileSystem                                            [jar]
[INFO] Apache Ozone Recon CodeGen                                         [jar]
[INFO] Apache Ozone Recon                                                 [jar]
[INFO] Apache Ozone Tools                                                 [jar]
[INFO] Apache Ozone S3 Gateway                                            [jar]
[INFO] Apache Ozone CSI service                                           [jar]
[INFO] Apache Ozone Integration Tests                                     [jar]
[INFO] Apache Ozone Datanode                                              [jar]
[INFO] Apache Ozone Insight Tool                                          [jar]
[INFO] Apache Ozone FileSystem Shaded                                     [jar]
[INFO] Apache Ozone FS Hadoop 2.x compatibility                           [jar]
[INFO] Apache Ozone FS Hadoop 3.x compatibility                           [jar]
[INFO] Apache Ozone Distribution                                          [jar]
[INFO] Apache Ozone Fault Injection Tests                                 [pom]
[INFO] Apache Ozone Network Tests                                         [jar]
[INFO] Apache Ozone Mini Ozone Chaos Tests                                [jar]
[INFO] 
[INFO] --------------------< org.apache.ozone:ozone-main >---------------------
[INFO] Building Apache Ozone Main 1.3.0-SNAPSHOT                         [1/40]
[INFO]   from pom.xml
[INFO] --------------------------------[ pom ]---------------------------------
[INFO] 
[INFO] --- clean:2.5:clean (default-clean) @ ozone-main ---
[INFO] Deleting /home/runner/work/sonar-analysis/sonar-analysis/project/target
[INFO] Deleting /home/runner/work/sonar-analysis/sonar-analysis/project (includes = [dependency-reduced-pom.xml], excludes = [])
[INFO] 
[INFO] --- antrun:3.1.0:run (create-testdirs) @ ozone-main ---
[INFO] Executing tasks
[INFO]     [mkdir] Created dir: /home/runner/work/sonar-analysis/sonar-analysis/project/target/test-dir
[INFO] Executed tasks
[INFO] 
[INFO] --- jacoco:0.8.5:prepare-agent (default-prepare-agent) @ ozone-main ---
[INFO] argLine set to -javaagent:/home/runner/.m2/repository/org/jacoco/org.jacoco.agent/0.8.5/org.jacoco.agent-0.8.5-runtime.jar=destfile=/home/runner/work/sonar-analysis/sonar-analysis/project/target/jacoco.exec,includes=org.apache.hadoop.hdds.*:org.apache.hadoop.ozone.*:org.apache.hadoop.fs.ozone.*
[INFO] 
[INFO] --- remote-resources:1.5:process (default) @ ozone-main ---
[INFO] 
[INFO] --- install:2.5.1:install (default-install) @ ozone-main ---
[INFO] Installing /home/runner/work/sonar-analysis/sonar-analysis/project/pom.xml to /home/runner/.m2/repository/org/apache/ozone/ozone-main/1.3.0-SNAPSHOT/ozone-main-1.3.0-SNAPSHOT.pom
[INFO] 
[INFO] -----------------------< org.apache.ozone:hdds >------------------------
[INFO] Building Apache Ozone HDDS 1.3.0-SNAPSHOT                         [2/40]
[INFO]   from hadoop-hdds/pom.xml
[INFO] --------------------------------[ pom ]---------------------------------
[INFO] 
[INFO] --- clean:2.5:clean (default-clean) @ hdds ---
[INFO] Deleting /home/runner/work/sonar-analysis/sonar-analysis/project/hadoop-hdds/target
[INFO] Deleting /home/runner/work/sonar-analysis/sonar-analysis/project/hadoop-hdds (includes = [dependency-reduced-pom.xml], excludes = [])
[INFO] 
[INFO] --- antrun:3.1.0:run (create-testdirs) @ hdds ---
[INFO] Executing tasks
[INFO]     [mkdir] Created dir: /home/runner/work/sonar-analysis/sonar-analysis/project/hadoop-hdds/target/test-dir
[INFO] Executed tasks
[INFO] 
[INFO] --- jacoco:0.8.5:prepare-agent (default-prepare-agent) @ hdds ---
[INFO] argLine set to -javaagent:/home/runner/.m2/repository/org/jacoco/org.jacoco.agent/0.8.5/org.jacoco.agent-0.8.5-runtime.jar=destfile=/home/runner/work/sonar-analysis/sonar-analysis/project/hadoop-hdds/target/jacoco.exec,includes=org.apache.hadoop.hdds.*:org.apache.hadoop.ozone.*:org.apache.hadoop.fs.ozone.*
[INFO] 
[INFO] --- remote-resources:1.5:process (default) @ hdds ---
[INFO] 
[INFO] --- jar:2.5:test-jar (default) @ hdds ---
[WARNING] JAR will be empty - no content was marked for inclusion!
[INFO] Building jar: /home/runner/work/sonar-analysis/sonar-analysis/project/hadoop-hdds/target/hdds-1.3.0-SNAPSHOT-tests.jar
[INFO] 
[INFO] --- install:2.5.1:install (default-install) @ hdds ---
[INFO] Installing /home/runner/work/sonar-analysis/sonar-analysis/project/hadoop-hdds/pom.xml to /home/runner/.m2/repository/org/apache/ozone/hdds/1.3.0-SNAPSHOT/hdds-1.3.0-SNAPSHOT.pom
[INFO] Installing /home/runner/work/sonar-analysis/sonar-analysis/project/hadoop-hdds/target/hdds-1.3.0-SNAPSHOT-tests.jar to /home/runner/.m2/repository/org/apache/ozone/hdds/1.3.0-SNAPSHOT/hdds-1.3.0-SNAPSHOT-tests.jar
[INFO] 
[INFO] -----------< org.apache.ozone:hdds-hadoop-dependency-client >-----------
[INFO] Building Apache Ozone HDDS Hadoop Client dependencies 1.3.0-SNAPSHOT [3/40]
[INFO]   from hadoop-hdds/hadoop-dependency-client/pom.xml
[INFO] --------------------------------[ jar ]---------------------------------
[INFO] 
[INFO] --- clean:2.5:clean (default-clean) @ hdds-hadoop-dependency-client ---
[INFO] Deleting /home/runner/work/sonar-analysis/sonar-analysis/project/hadoop-hdds/hadoop-dependency-client/target
[INFO] Deleting /home/runner/work/sonar-analysis/sonar-analysis/project/hadoop-hdds/hadoop-dependency-client (includes = [dependency-reduced-pom.xml], excludes = [])
[INFO] 
[INFO] --- antrun:3.1.0:run (create-testdirs) @ hdds-hadoop-dependency-client ---
[INFO] Executing tasks
[INFO]     [mkdir] Created dir: /home/runner/work/sonar-analysis/sonar-analysis/project/hadoop-hdds/hadoop-dependency-client/target/test-dir
[INFO] Executed tasks
[INFO] 
[INFO] --- jacoco:0.8.5:prepare-agent (default-prepare-agent) @ hdds-hadoop-dependency-client ---
[INFO] argLine set to -javaagent:/home/runner/.m2/repository/org/jacoco/org.jacoco.agent/0.8.5/org.jacoco.agent-0.8.5-runtime.jar=destfile=/home/runner/work/sonar-analysis/sonar-analysis/project/hadoop-hdds/hadoop-dependency-client/target/jacoco.exec,includes=org.apache.hadoop.hdds.*:org.apache.hadoop.ozone.*:org.apache.hadoop.fs.ozone.*
[INFO] 
[INFO] --- remote-resources:1.5:process (default) @ hdds-hadoop-dependency-client ---
[INFO] 
[INFO] --- resources:3.1.0:resources (default-resources) @ hdds-hadoop-dependency-client ---
[INFO] Using 'UTF-8' encoding to copy filtered resources.
[INFO] skip non existing resourceDirectory /home/runner/work/sonar-analysis/sonar-analysis/project/hadoop-hdds/hadoop-dependency-client/src/main/resources
[INFO] Copying 2 resources
[INFO] 
[INFO] --- compiler:3.1:compile (default-compile) @ hdds-hadoop-dependency-client ---
[INFO] No sources to compile
[INFO] 
[INFO] --- resources:3.1.0:testResources (default-testResources) @ hdds-hadoop-dependency-client ---
[INFO] Using 'UTF-8' encoding to copy filtered resources.
[INFO] skip non existing resourceDirectory /home/runner/work/sonar-analysis/sonar-analysis/project/hadoop-hdds/hadoop-dependency-client/src/test/resources
[INFO] Copying 2 resources
[INFO] 
[INFO] --- compiler:3.1:testCompile (default-testCompile) @ hdds-hadoop-dependency-client ---
[INFO] No sources to compile
[INFO] 
[INFO] --- surefire:3.0.0-M1:test (default-test) @ hdds-hadoop-dependency-client ---
[INFO] Tests are skipped.
[INFO] 
[INFO] --- jar:2.5:jar (default-jar) @ hdds-hadoop-dependency-client ---
[INFO] Building jar: /home/runner/work/sonar-analysis/sonar-analysis/project/hadoop-hdds/hadoop-dependency-client/target/hdds-hadoop-dependency-client-1.3.0-SNAPSHOT.jar
[INFO] 
[INFO] --- jar:2.5:test-jar (default) @ hdds-hadoop-dependency-client ---
[INFO] Building jar: /home/runner/work/sonar-analysis/sonar-analysis/project/hadoop-hdds/hadoop-dependency-client/target/hdds-hadoop-dependency-client-1.3.0-SNAPSHOT-tests.jar
[INFO] 
[INFO] --- install:2.5.1:install (default-install) @ hdds-hadoop-dependency-client ---
[INFO] Installing /home/runner/work/sonar-analysis/sonar-analysis/project/hadoop-hdds/hadoop-dependency-client/target/hdds-hadoop-dependency-client-1.3.0-SNAPSHOT.jar to /home/runner/.m2/repository/org/apache/ozone/hdds-hadoop-dependency-client/1.3.0-SNAPSHOT/hdds-hadoop-dependency-client-1.3.0-SNAPSHOT.jar
[INFO] Installing /home/runner/work/sonar-analysis/sonar-analysis/project/hadoop-hdds/hadoop-dependency-client/pom.xml to /home/runner/.m2/repository/org/apache/ozone/hdds-hadoop-dependency-client/1.3.0-SNAPSHOT/hdds-hadoop-dependency-client-1.3.0-SNAPSHOT.pom
[INFO] Installing /home/runner/work/sonar-analysis/sonar-analysis/project/hadoop-hdds/hadoop-dependency-client/target/hdds-hadoop-dependency-client-1.3.0-SNAPSHOT-tests.jar to /home/runner/.m2/repository/org/apache/ozone/hdds-hadoop-dependency-client/1.3.0-SNAPSHOT/hdds-hadoop-dependency-client-1.3.0-SNAPSHOT-tests.jar
[INFO] 
[INFO] ------------< org.apache.ozone:hdds-hadoop-dependency-test >------------
[INFO] Building Apache Ozone HDDS Hadoop Test dependencies 1.3.0-SNAPSHOT [4/40]
[INFO]   from hadoop-hdds/hadoop-dependency-test/pom.xml
[INFO] --------------------------------[ jar ]---------------------------------
[INFO] 
[INFO] --- clean:2.5:clean (default-clean) @ hdds-hadoop-dependency-test ---
[INFO] Deleting /home/runner/work/sonar-analysis/sonar-analysis/project/hadoop-hdds/hadoop-dependency-test/target
[INFO] Deleting /home/runner/work/sonar-analysis/sonar-analysis/project/hadoop-hdds/hadoop-dependency-test (includes = [dependency-reduced-pom.xml], excludes = [])
[INFO] 
[INFO] --- antrun:3.1.0:run (create-testdirs) @ hdds-hadoop-dependency-test ---
[INFO] Executing tasks
[INFO]     [mkdir] Created dir: /home/runner/work/sonar-analysis/sonar-analysis/project/hadoop-hdds/hadoop-dependency-test/target/test-dir
[INFO] Executed tasks
[INFO] 
[INFO] --- jacoco:0.8.5:prepare-agent (default-prepare-agent) @ hdds-hadoop-dependency-test ---
[INFO] argLine set to -javaagent:/home/runner/.m2/repository/org/jacoco/org.jacoco.agent/0.8.5/org.jacoco.agent-0.8.5-runtime.jar=destfile=/home/runner/work/sonar-analysis/sonar-analysis/project/hadoop-hdds/hadoop-dependency-test/target/jacoco.exec,includes=org.apache.hadoop.hdds.*:org.apache.hadoop.ozone.*:org.apache.hadoop.fs.ozone.*
[INFO] 
[INFO] --- remote-resources:1.5:process (default) @ hdds-hadoop-dependency-test ---
[INFO] 
[INFO] --- resources:3.1.0:resources (default-resources) @ hdds-hadoop-dependency-test ---
[INFO] Using 'UTF-8' encoding to copy filtered resources.
[INFO] skip non existing resourceDirectory /home/runner/work/sonar-analysis/sonar-analysis/project/hadoop-hdds/hadoop-dependency-test/src/main/resources
[INFO] Copying 2 resources
[INFO] 
[INFO] --- compiler:3.1:compile (default-compile) @ hdds-hadoop-dependency-test ---
[INFO] No sources to compile
[INFO] 
[INFO] --- resources:3.1.0:testResources (default-testResources) @ hdds-hadoop-dependency-test ---
[INFO] Using 'UTF-8' encoding to copy filtered resources.
[INFO] skip non existing resourceDirectory /home/runner/work/sonar-analysis/sonar-analysis/project/hadoop-hdds/hadoop-dependency-test/src/test/resources
[INFO] Copying 2 resources
[INFO] 
[INFO] --- compiler:3.1:testCompile (default-testCompile) @ hdds-hadoop-dependency-test ---
[INFO] No sources to compile
[INFO] 
[INFO] --- surefire:3.0.0-M1:test (default-test) @ hdds-hadoop-dependency-test ---
[INFO] Tests are skipped.
[INFO] 
[INFO] --- jar:2.5:jar (default-jar) @ hdds-hadoop-dependency-test ---
[INFO] Building jar: /home/runner/work/sonar-analysis/sonar-analysis/project/hadoop-hdds/hadoop-dependency-test/target/hdds-hadoop-dependency-test-1.3.0-SNAPSHOT.jar
[INFO] 
[INFO] --- jar:2.5:test-jar (default) @ hdds-hadoop-dependency-test ---
[INFO] Building jar: /home/runner/work/sonar-analysis/sonar-analysis/project/hadoop-hdds/hadoop-dependency-test/target/hdds-hadoop-dependency-test-1.3.0-SNAPSHOT-tests.jar
[INFO] 
[INFO] --- install:2.5.1:install (default-install) @ hdds-hadoop-dependency-test ---
[INFO] Installing /home/runner/work/sonar-analysis/sonar-analysis/project/hadoop-hdds/hadoop-dependency-test/target/hdds-hadoop-dependency-test-1.3.0-SNAPSHOT.jar to /home/runner/.m2/repository/org/apache/ozone/hdds-hadoop-dependency-test/1.3.0-SNAPSHOT/hdds-hadoop-dependency-test-1.3.0-SNAPSHOT.jar
[INFO] Installing /home/runner/work/sonar-analysis/sonar-analysis/project/hadoop-hdds/hadoop-dependency-test/pom.xml to /home/runner/.m2/repository/org/apache/ozone/hdds-hadoop-dependency-test/1.3.0-SNAPSHOT/hdds-hadoop-dependency-test-1.3.0-SNAPSHOT.pom
[INFO] Installing /home/runner/work/sonar-analysis/sonar-analysis/project/hadoop-hdds/hadoop-dependency-test/target/hdds-hadoop-dependency-test-1.3.0-SNAPSHOT-tests.jar to /home/runner/.m2/repository/org/apache/ozone/hdds-hadoop-dependency-test/1.3.0-SNAPSHOT/hdds-hadoop-dependency-test-1.3.0-SNAPSHOT-tests.jar
[INFO] 
[INFO] -----------< org.apache.ozone:hdds-hadoop-dependency-server >-----------
[INFO] Building Apache Ozone HDDS Hadoop Server dependencies 1.3.0-SNAPSHOT [5/40]
[INFO]   from hadoop-hdds/hadoop-dependency-server/pom.xml
[INFO] --------------------------------[ jar ]---------------------------------
[INFO] 
[INFO] --- clean:2.5:clean (default-clean) @ hdds-hadoop-dependency-server ---
[INFO] Deleting /home/runner/work/sonar-analysis/sonar-analysis/project/hadoop-hdds/hadoop-dependency-server/target
[INFO] Deleting /home/runner/work/sonar-analysis/sonar-analysis/project/hadoop-hdds/hadoop-dependency-server (includes = [dependency-reduced-pom.xml], excludes = [])
[INFO] 
[INFO] --- antrun:3.1.0:run (create-testdirs) @ hdds-hadoop-dependency-server ---
[INFO] Executing tasks
[INFO]     [mkdir] Created dir: /home/runner/work/sonar-analysis/sonar-analysis/project/hadoop-hdds/hadoop-dependency-server/target/test-dir
[INFO] Executed tasks
[INFO] 
[INFO] --- jacoco:0.8.5:prepare-agent (default-prepare-agent) @ hdds-hadoop-dependency-server ---
[INFO] argLine set to -javaagent:/home/runner/.m2/repository/org/jacoco/org.jacoco.agent/0.8.5/org.jacoco.agent-0.8.5-runtime.jar=destfile=/home/runner/work/sonar-analysis/sonar-analysis/project/hadoop-hdds/hadoop-dependency-server/target/jacoco.exec,includes=org.apache.hadoop.hdds.*:org.apache.hadoop.ozone.*:org.apache.hadoop.fs.ozone.*
[INFO] 
[INFO] --- remote-resources:1.5:process (default) @ hdds-hadoop-dependency-server ---
[INFO] 
[INFO] --- resources:3.1.0:resources (default-resources) @ hdds-hadoop-dependency-server ---
[INFO] Using 'UTF-8' encoding to copy filtered resources.
[INFO] skip non existing resourceDirectory /home/runner/work/sonar-analysis/sonar-analysis/project/hadoop-hdds/hadoop-dependency-server/src/main/resources
[INFO] Copying 2 resources
[INFO] 
[INFO] --- compiler:3.1:compile (default-compile) @ hdds-hadoop-dependency-server ---
[INFO] No sources to compile
[INFO] 
[INFO] --- resources:3.1.0:testResources (default-testResources) @ hdds-hadoop-dependency-server ---
[INFO] Using 'UTF-8' encoding to copy filtered resources.
[INFO] skip non existing resourceDirectory /home/runner/work/sonar-analysis/sonar-analysis/project/hadoop-hdds/hadoop-dependency-server/src/test/resources
[INFO] Copying 2 resources
[INFO] 
[INFO] --- compiler:3.1:testCompile (default-testCompile) @ hdds-hadoop-dependency-server ---
[INFO] No sources to compile
[INFO] 
[INFO] --- surefire:3.0.0-M1:test (default-test) @ hdds-hadoop-dependency-server ---
[INFO] Tests are skipped.
[INFO] 
[INFO] --- jar:2.5:jar (default-jar) @ hdds-hadoop-dependency-server ---
[INFO] Building jar: /home/runner/work/sonar-analysis/sonar-analysis/project/hadoop-hdds/hadoop-dependency-server/target/hdds-hadoop-dependency-server-1.3.0-SNAPSHOT.jar
[INFO] 
[INFO] --- jar:2.5:test-jar (default) @ hdds-hadoop-dependency-server ---
[INFO] Building jar: /home/runner/work/sonar-analysis/sonar-analysis/project/hadoop-hdds/hadoop-dependency-server/target/hdds-hadoop-dependency-server-1.3.0-SNAPSHOT-tests.jar
[INFO] 
[INFO] --- install:2.5.1:install (default-install) @ hdds-hadoop-dependency-server ---
[INFO] Installing /home/runner/work/sonar-analysis/sonar-analysis/project/hadoop-hdds/hadoop-dependency-server/target/hdds-hadoop-dependency-server-1.3.0-SNAPSHOT.jar to /home/runner/.m2/repository/org/apache/ozone/hdds-hadoop-dependency-server/1.3.0-SNAPSHOT/hdds-hadoop-dependency-server-1.3.0-SNAPSHOT.jar
[INFO] Installing /home/runner/work/sonar-analysis/sonar-analysis/project/hadoop-hdds/hadoop-dependency-server/pom.xml to /home/runner/.m2/repository/org/apache/ozone/hdds-hadoop-dependency-server/1.3.0-SNAPSHOT/hdds-hadoop-dependency-server-1.3.0-SNAPSHOT.pom
[INFO] Installing /home/runner/work/sonar-analysis/sonar-analysis/project/hadoop-hdds/hadoop-dependency-server/target/hdds-hadoop-dependency-server-1.3.0-SNAPSHOT-tests.jar to /home/runner/.m2/repository/org/apache/ozone/hdds-hadoop-dependency-server/1.3.0-SNAPSHOT/hdds-hadoop-dependency-server-1.3.0-SNAPSHOT-tests.jar
[INFO] 
[INFO] ---------------< org.apache.ozone:hdds-interface-client >---------------
[INFO] Building Apache Ozone HDDS Client Interface 1.3.0-SNAPSHOT        [6/40]
[INFO]   from hadoop-hdds/interface-client/pom.xml
[INFO] --------------------------------[ jar ]---------------------------------
[INFO] 
[INFO] --- clean:2.5:clean (default-clean) @ hdds-interface-client ---
[INFO] Deleting /home/runner/work/sonar-analysis/sonar-analysis/project/hadoop-hdds/interface-client/target
[INFO] Deleting /home/runner/work/sonar-analysis/sonar-analysis/project/hadoop-hdds/interface-client (includes = [dependency-reduced-pom.xml], excludes = [])
[INFO] 
[INFO] --- antrun:3.1.0:run (create-testdirs) @ hdds-interface-client ---
[INFO] Executing tasks
[INFO]     [mkdir] Created dir: /home/runner/work/sonar-analysis/sonar-analysis/project/hadoop-hdds/interface-client/target/test-dir
[INFO] Executed tasks
[INFO] 
[INFO] --- jacoco:0.8.5:prepare-agent (default-prepare-agent) @ hdds-interface-client ---
[INFO] argLine set to -javaagent:/home/runner/.m2/repository/org/jacoco/org.jacoco.agent/0.8.5/org.jacoco.agent-0.8.5-runtime.jar=destfile=/home/runner/work/sonar-analysis/sonar-analysis/project/hadoop-hdds/interface-client/target/jacoco.exec,includes=org.apache.hadoop.hdds.*:org.apache.hadoop.ozone.*:org.apache.hadoop.fs.ozone.*
[INFO] 
[INFO] --- protobuf:0.5.1:compile (compile-protoc-grpc) @ hdds-interface-client ---
[INFO] Compiling 1 proto file(s) to /home/runner/work/sonar-analysis/sonar-analysis/project/hadoop-hdds/interface-client/target/generated-sources/java
[INFO] 
[INFO] --- protobuf:0.5.1:compile-custom (compile-protoc-grpc) @ hdds-interface-client ---
[INFO] Compiling 1 proto file(s) to /home/runner/work/sonar-analysis/sonar-analysis/project/hadoop-hdds/interface-client/target/generated-sources/java
[INFO] 
[INFO] --- protobuf:0.5.1:compile (compile-protoc-2) @ hdds-interface-client ---
[INFO] Compiling 1 proto file(s) to /home/runner/work/sonar-analysis/sonar-analysis/project/hadoop-hdds/interface-client/target/generated-sources/java
[INFO] 
[INFO] --- protobuf:0.5.1:compile (compile-protoc-3) @ hdds-interface-client ---
[INFO] Compiling 1 proto file(s) to /home/runner/work/sonar-analysis/sonar-analysis/project/hadoop-hdds/interface-client/target/generated-sources/java/proto3
[INFO] 
[INFO] --- antrun:3.1.0:run (default) @ hdds-interface-client ---
[INFO] Executing tasks
[INFO]      [move] Moving 1 file to /home/runner/work/sonar-analysis/sonar-analysis/project/hadoop-hdds/interface-client/target/generated-sources
[INFO] Executed tasks
[INFO] 
[INFO] --- remote-resources:1.5:process (default) @ hdds-interface-client ---
[INFO] 
[INFO] --- resources:3.1.0:resources (default-resources) @ hdds-interface-client ---
[INFO] Using 'UTF-8' encoding to copy filtered resources.
[INFO] Copying 1 resource
[INFO] Copying 1 resource
[INFO] Copying 1 resource
[INFO] Copying 1 resource
[INFO] Copying 1 resource
[INFO] Copying 2 resources
[INFO] 
[INFO] --- compiler:3.1:compile (default-compile) @ hdds-interface-client ---
[INFO] Compiling 5 source files to /home/runner/work/sonar-analysis/sonar-analysis/project/hadoop-hdds/interface-client/target/classes
[INFO] 
[INFO] --- protobuf:0.5.1:test-compile (compile-protoc-grpc) @ hdds-interface-client ---
[INFO] /home/runner/work/sonar-analysis/sonar-analysis/project/hadoop-hdds/interface-client/src/test/proto does not exist. Review the configuration or consider disabling the plugin.
[INFO] 
[INFO] --- protobuf:0.5.1:test-compile-custom (compile-protoc-grpc) @ hdds-interface-client ---
[INFO] /home/runner/work/sonar-analysis/sonar-analysis/project/hadoop-hdds/interface-client/src/test/proto does not exist. Review the configuration or consider disabling the plugin.
[INFO] 
[INFO] --- protobuf:0.5.1:test-compile (compile-protoc-2) @ hdds-interface-client ---
[INFO] /home/runner/work/sonar-analysis/sonar-analysis/project/hadoop-hdds/interface-client/src/test/proto does not exist. Review the configuration or consider disabling the plugin.
[INFO] 
[INFO] --- protobuf:0.5.1:test-compile (compile-protoc-3) @ hdds-interface-client ---
[INFO] /home/runner/work/sonar-analysis/sonar-analysis/project/hadoop-hdds/interface-client/src/test/proto does not exist. Review the configuration or consider disabling the plugin.
[INFO] 
[INFO] --- resources:3.1.0:testResources (default-testResources) @ hdds-interface-client ---
[INFO] Using 'UTF-8' encoding to copy filtered resources.
[INFO] skip non existing resourceDirectory /home/runner/work/sonar-analysis/sonar-analysis/project/hadoop-hdds/interface-client/src/test/resources
[INFO] Copying 2 resources
[INFO] 
[INFO] --- compiler:3.1:testCompile (default-testCompile) @ hdds-interface-client ---
[INFO] No sources to compile
[INFO] 
[INFO] --- surefire:3.0.0-M1:test (default-test) @ hdds-interface-client ---
[INFO] Tests are skipped.
[INFO] 
[INFO] --- jar:2.5:jar (default-jar) @ hdds-interface-client ---
[INFO] Building jar: /home/runner/work/sonar-analysis/sonar-analysis/project/hadoop-hdds/interface-client/target/hdds-interface-client-1.3.0-SNAPSHOT.jar
[INFO] 
[INFO] --- jar:2.5:test-jar (default) @ hdds-interface-client ---
[INFO] Building jar: /home/runner/work/sonar-analysis/sonar-analysis/project/hadoop-hdds/interface-client/target/hdds-interface-client-1.3.0-SNAPSHOT-tests.jar
[INFO] 
[INFO] --- proto-backwards-compatibility:1.0.7:backwards-compatibility-check (default) @ hdds-interface-client ---
[INFO] protolock cmd line: /home/runner/work/sonar-analysis/sonar-analysis/project/hadoop-hdds/interface-client/target/protolock-bin/protolock status --lockdir=/home/runner/work/sonar-analysis/sonar-analysis/project/hadoop-hdds/interface-client/target/classes --protoroot=/home/runner/work/sonar-analysis/sonar-analysis/project/hadoop-hdds/interface-client/target/classes
[INFO] protolock cmd line: /home/runner/work/sonar-analysis/sonar-analysis/project/hadoop-hdds/interface-client/target/protolock-bin/protolock commit --lockdir=/home/runner/work/sonar-analysis/sonar-analysis/project/hadoop-hdds/interface-client/target/classes --protoroot=/home/runner/work/sonar-analysis/sonar-analysis/project/hadoop-hdds/interface-client/target/classes
[INFO] Backwards compatibility check passed.
[INFO] 
[INFO] --- install:2.5.1:install (default-install) @ hdds-interface-client ---
[INFO] Installing /home/runner/work/sonar-analysis/sonar-analysis/project/hadoop-hdds/interface-client/target/hdds-interface-client-1.3.0-SNAPSHOT.jar to /home/runner/.m2/repository/org/apache/ozone/hdds-interface-client/1.3.0-SNAPSHOT/hdds-interface-client-1.3.0-SNAPSHOT.jar
[INFO] Installing /home/runner/work/sonar-analysis/sonar-analysis/project/hadoop-hdds/interface-client/pom.xml to /home/runner/.m2/repository/org/apache/ozone/hdds-interface-client/1.3.0-SNAPSHOT/hdds-interface-client-1.3.0-SNAPSHOT.pom
[INFO] Installing /home/runner/work/sonar-analysis/sonar-analysis/project/hadoop-hdds/interface-client/target/hdds-interface-client-1.3.0-SNAPSHOT-tests.jar to /home/runner/.m2/repository/org/apache/ozone/hdds-interface-client/1.3.0-SNAPSHOT/hdds-interface-client-1.3.0-SNAPSHOT-tests.jar
[INFO] 
[INFO] ---------------< org.apache.ozone:hdds-interface-admin >----------------
[INFO] Building Apache Ozone HDDS Admin Interface 1.3.0-SNAPSHOT         [7/40]
[INFO]   from hadoop-hdds/interface-admin/pom.xml
[INFO] --------------------------------[ jar ]---------------------------------
[INFO] 
[INFO] --- clean:2.5:clean (default-clean) @ hdds-interface-admin ---
[INFO] Deleting /home/runner/work/sonar-analysis/sonar-analysis/project/hadoop-hdds/interface-admin/target
[INFO] Deleting /home/runner/work/sonar-analysis/sonar-analysis/project/hadoop-hdds/interface-admin (includes = [dependency-reduced-pom.xml], excludes = [])
[INFO] 
[INFO] --- antrun:3.1.0:run (create-testdirs) @ hdds-interface-admin ---
[INFO] Executing tasks
[INFO]     [mkdir] Created dir: /home/runner/work/sonar-analysis/sonar-analysis/project/hadoop-hdds/interface-admin/target/test-dir
[INFO] Executed tasks
[INFO] 
[INFO] --- jacoco:0.8.5:prepare-agent (default-prepare-agent) @ hdds-interface-admin ---
[INFO] argLine set to -javaagent:/home/runner/.m2/repository/org/jacoco/org.jacoco.agent/0.8.5/org.jacoco.agent-0.8.5-runtime.jar=destfile=/home/runner/work/sonar-analysis/sonar-analysis/project/hadoop-hdds/interface-admin/target/jacoco.exec,includes=org.apache.hadoop.hdds.*:org.apache.hadoop.ozone.*:org.apache.hadoop.fs.ozone.*
[INFO] 
[INFO] --- protobuf:0.5.1:compile (compile-protoc-2) @ hdds-interface-admin ---
[INFO] Compiling 1 proto file(s) to /home/runner/work/sonar-analysis/sonar-analysis/project/hadoop-hdds/interface-admin/target/generated-sources/java
[INFO] 
[INFO] --- remote-resources:1.5:process (default) @ hdds-interface-admin ---
[INFO] 
[INFO] --- resources:3.1.0:resources (default-resources) @ hdds-interface-admin ---
[INFO] Using 'UTF-8' encoding to copy filtered resources.
[INFO] Copying 1 resource
[INFO] Copying 1 resource
[INFO] Copying 2 resources
[INFO] 
[INFO] --- compiler:3.1:compile (default-compile) @ hdds-interface-admin ---
[INFO] Compiling 1 source file to /home/runner/work/sonar-analysis/sonar-analysis/project/hadoop-hdds/interface-admin/target/classes
[INFO] 
[INFO] --- protobuf:0.5.1:test-compile (compile-protoc-2) @ hdds-interface-admin ---
[INFO] /home/runner/work/sonar-analysis/sonar-analysis/project/hadoop-hdds/interface-admin/src/test/proto does not exist. Review the configuration or consider disabling the plugin.
[INFO] 
[INFO] --- resources:3.1.0:testResources (default-testResources) @ hdds-interface-admin ---
[INFO] Using 'UTF-8' encoding to copy filtered resources.
[INFO] skip non existing resourceDirectory /home/runner/work/sonar-analysis/sonar-analysis/project/hadoop-hdds/interface-admin/src/test/resources
[INFO] Copying 2 resources
[INFO] 
[INFO] --- compiler:3.1:testCompile (default-testCompile) @ hdds-interface-admin ---
[INFO] No sources to compile
[INFO] 
[INFO] --- surefire:3.0.0-M1:test (default-test) @ hdds-interface-admin ---
[INFO] Tests are skipped.
[INFO] 
[INFO] --- jar:2.5:jar (default-jar) @ hdds-interface-admin ---
[INFO] Building jar: /home/runner/work/sonar-analysis/sonar-analysis/project/hadoop-hdds/interface-admin/target/hdds-interface-admin-1.3.0-SNAPSHOT.jar
[INFO] 
[INFO] --- jar:2.5:test-jar (default) @ hdds-interface-admin ---
[INFO] Building jar: /home/runner/work/sonar-analysis/sonar-analysis/project/hadoop-hdds/interface-admin/target/hdds-interface-admin-1.3.0-SNAPSHOT-tests.jar
[INFO] 
[INFO] --- proto-backwards-compatibility:1.0.7:backwards-compatibility-check (default) @ hdds-interface-admin ---
[INFO] protolock cmd line: /home/runner/work/sonar-analysis/sonar-analysis/project/hadoop-hdds/interface-admin/target/protolock-bin/protolock status --lockdir=/home/runner/work/sonar-analysis/sonar-analysis/project/hadoop-hdds/interface-admin/target/classes --protoroot=/home/runner/work/sonar-analysis/sonar-analysis/project/hadoop-hdds/interface-admin/target/classes
[INFO] protolock cmd line: /home/runner/work/sonar-analysis/sonar-analysis/project/hadoop-hdds/interface-admin/target/protolock-bin/protolock commit --lockdir=/home/runner/work/sonar-analysis/sonar-analysis/project/hadoop-hdds/interface-admin/target/classes --protoroot=/home/runner/work/sonar-analysis/sonar-analysis/project/hadoop-hdds/interface-admin/target/classes
[INFO] Backwards compatibility check passed.
[INFO] 
[INFO] --- install:2.5.1:install (default-install) @ hdds-interface-admin ---
[INFO] Installing /home/runner/work/sonar-analysis/sonar-analysis/project/hadoop-hdds/interface-admin/target/hdds-interface-admin-1.3.0-SNAPSHOT.jar to /home/runner/.m2/repository/org/apache/ozone/hdds-interface-admin/1.3.0-SNAPSHOT/hdds-interface-admin-1.3.0-SNAPSHOT.jar
[INFO] Installing /home/runner/work/sonar-analysis/sonar-analysis/project/hadoop-hdds/interface-admin/pom.xml to /home/runner/.m2/repository/org/apache/ozone/hdds-interface-admin/1.3.0-SNAPSHOT/hdds-interface-admin-1.3.0-SNAPSHOT.pom
[INFO] Installing /home/runner/work/sonar-analysis/sonar-analysis/project/hadoop-hdds/interface-admin/target/hdds-interface-admin-1.3.0-SNAPSHOT-tests.jar to /home/runner/.m2/repository/org/apache/ozone/hdds-interface-admin/1.3.0-SNAPSHOT/hdds-interface-admin-1.3.0-SNAPSHOT-tests.jar
[INFO] 
[INFO] ---------------< org.apache.ozone:hdds-interface-server >---------------
[INFO] Building Apache Ozone HDDS Server Interface 1.3.0-SNAPSHOT        [8/40]
[INFO]   from hadoop-hdds/interface-server/pom.xml
[INFO] --------------------------------[ jar ]---------------------------------
[INFO] 
[INFO] --- clean:2.5:clean (default-clean) @ hdds-interface-server ---
[INFO] Deleting /home/runner/work/sonar-analysis/sonar-analysis/project/hadoop-hdds/interface-server/target
[INFO] Deleting /home/runner/work/sonar-analysis/sonar-analysis/project/hadoop-hdds/interface-server (includes = [dependency-reduced-pom.xml], excludes = [])
[INFO] 
[INFO] --- antrun:3.1.0:run (create-testdirs) @ hdds-interface-server ---
[INFO] Executing tasks
[INFO]     [mkdir] Created dir: /home/runner/work/sonar-analysis/sonar-analysis/project/hadoop-hdds/interface-server/target/test-dir
[INFO] Executed tasks
[INFO] 
[INFO] --- jacoco:0.8.5:prepare-agent (default-prepare-agent) @ hdds-interface-server ---
[INFO] argLine set to -javaagent:/home/runner/.m2/repository/org/jacoco/org.jacoco.agent/0.8.5/org.jacoco.agent-0.8.5-runtime.jar=destfile=/home/runner/work/sonar-analysis/sonar-analysis/project/hadoop-hdds/interface-server/target/jacoco.exec,includes=org.apache.hadoop.hdds.*:org.apache.hadoop.ozone.*:org.apache.hadoop.fs.ozone.*
[INFO] 
[INFO] --- protobuf:0.5.1:compile (compile-protoc-3) @ hdds-interface-server ---
[INFO] Compiling 2 proto file(s) to /home/runner/work/sonar-analysis/sonar-analysis/project/hadoop-hdds/interface-server/target/generated-sources/java
[INFO] 
[INFO] --- protobuf:0.5.1:compile-custom (compile-protoc-3) @ hdds-interface-server ---
[INFO] Compiling 2 proto file(s) to /home/runner/work/sonar-analysis/sonar-analysis/project/hadoop-hdds/interface-server/target/generated-sources/java
[INFO] 
[INFO] --- protobuf:0.5.1:compile (compile-protoc-2) @ hdds-interface-server ---
[INFO] Compiling 4 proto file(s) to /home/runner/work/sonar-analysis/sonar-analysis/project/hadoop-hdds/interface-server/target/generated-sources/java
[INFO] 
[INFO] --- antrun:3.1.0:run (default) @ hdds-interface-server ---
[INFO] Executing tasks
[INFO] Executed tasks
[INFO] 
[INFO] --- remote-resources:1.5:process (default) @ hdds-interface-server ---
[INFO] 
[INFO] --- resources:3.1.0:resources (default-resources) @ hdds-interface-server ---
[INFO] Using 'UTF-8' encoding to copy filtered resources.
[INFO] Copying 1 resource
[INFO] Copying 2 resources
[INFO] Copying 2 resources
[INFO] Copying 4 resources
[INFO] Copying 2 resources
[INFO] 
[INFO] --- compiler:3.1:compile (default-compile) @ hdds-interface-server ---
[INFO] Compiling 8 source files to /home/runner/work/sonar-analysis/sonar-analysis/project/hadoop-hdds/interface-server/target/classes
[INFO] 
[INFO] --- protobuf:0.5.1:test-compile (compile-protoc-3) @ hdds-interface-server ---
[INFO] /home/runner/work/sonar-analysis/sonar-analysis/project/hadoop-hdds/interface-server/src/test/proto does not exist. Review the configuration or consider disabling the plugin.
[INFO] 
[INFO] --- protobuf:0.5.1:test-compile-custom (compile-protoc-3) @ hdds-interface-server ---
[INFO] /home/runner/work/sonar-analysis/sonar-analysis/project/hadoop-hdds/interface-server/src/test/proto does not exist. Review the configuration or consider disabling the plugin.
[INFO] 
[INFO] --- protobuf:0.5.1:test-compile (compile-protoc-2) @ hdds-interface-server ---
[INFO] /home/runner/work/sonar-analysis/sonar-analysis/project/hadoop-hdds/interface-server/src/test/proto does not exist. Review the configuration or consider disabling the plugin.
[INFO] 
[INFO] --- resources:3.1.0:testResources (default-testResources) @ hdds-interface-server ---
[INFO] Using 'UTF-8' encoding to copy filtered resources.
[INFO] skip non existing resourceDirectory /home/runner/work/sonar-analysis/sonar-analysis/project/hadoop-hdds/interface-server/src/test/resources
[INFO] Copying 2 resources
[INFO] 
[INFO] --- compiler:3.1:testCompile (default-testCompile) @ hdds-interface-server ---
[INFO] No sources to compile
[INFO] 
[INFO] --- surefire:3.0.0-M1:test (default-test) @ hdds-interface-server ---
[INFO] Tests are skipped.
[INFO] 
[INFO] --- jar:2.5:jar (default-jar) @ hdds-interface-server ---
[INFO] Building jar: /home/runner/work/sonar-analysis/sonar-analysis/project/hadoop-hdds/interface-server/target/hdds-interface-server-1.3.0-SNAPSHOT.jar
[INFO] 
[INFO] --- jar:2.5:test-jar (default) @ hdds-interface-server ---
[INFO] Building jar: /home/runner/work/sonar-analysis/sonar-analysis/project/hadoop-hdds/interface-server/target/hdds-interface-server-1.3.0-SNAPSHOT-tests.jar
[INFO] 
[INFO] --- proto-backwards-compatibility:1.0.7:backwards-compatibility-check (default) @ hdds-interface-server ---
[INFO] protolock cmd line: /home/runner/work/sonar-analysis/sonar-analysis/project/hadoop-hdds/interface-server/target/protolock-bin/protolock status --lockdir=/home/runner/work/sonar-analysis/sonar-analysis/project/hadoop-hdds/interface-server/target/classes --protoroot=/home/runner/work/sonar-analysis/sonar-analysis/project/hadoop-hdds/interface-server/target/classes
[INFO] protolock cmd line: /home/runner/work/sonar-analysis/sonar-analysis/project/hadoop-hdds/interface-server/target/protolock-bin/protolock commit --lockdir=/home/runner/work/sonar-analysis/sonar-analysis/project/hadoop-hdds/interface-server/target/classes --protoroot=/home/runner/work/sonar-analysis/sonar-analysis/project/hadoop-hdds/interface-server/target/classes
[INFO] Backwards compatibility check passed.
[INFO] 
[INFO] --- install:2.5.1:install (default-install) @ hdds-interface-server ---
[INFO] Installing /home/runner/work/sonar-analysis/sonar-analysis/project/hadoop-hdds/interface-server/target/hdds-interface-server-1.3.0-SNAPSHOT.jar to /home/runner/.m2/repository/org/apache/ozone/hdds-interface-server/1.3.0-SNAPSHOT/hdds-interface-server-1.3.0-SNAPSHOT.jar
[INFO] Installing /home/runner/work/sonar-analysis/sonar-analysis/project/hadoop-hdds/interface-server/pom.xml to /home/runner/.m2/repository/org/apache/ozone/hdds-interface-server/1.3.0-SNAPSHOT/hdds-interface-server-1.3.0-SNAPSHOT.pom
[INFO] Installing /home/runner/work/sonar-analysis/sonar-analysis/project/hadoop-hdds/interface-server/target/hdds-interface-server-1.3.0-SNAPSHOT-tests.jar to /home/runner/.m2/repository/org/apache/ozone/hdds-interface-server/1.3.0-SNAPSHOT/hdds-interface-server-1.3.0-SNAPSHOT-tests.jar
[INFO] 
[INFO] ------------------< org.apache.ozone:hdds-test-utils >------------------
[INFO] Building Apache Ozone HDDS Test Utils 1.3.0-SNAPSHOT              [9/40]
[INFO]   from hadoop-hdds/test-utils/pom.xml
[INFO] --------------------------------[ jar ]---------------------------------
[INFO] 
[INFO] --- clean:2.5:clean (default-clean) @ hdds-test-utils ---
[INFO] Deleting /home/runner/work/sonar-analysis/sonar-analysis/project/hadoop-hdds/test-utils/target
[INFO] Deleting /home/runner/work/sonar-analysis/sonar-analysis/project/hadoop-hdds/test-utils (includes = [dependency-reduced-pom.xml], excludes = [])
[INFO] 
[INFO] --- antrun:3.1.0:run (create-testdirs) @ hdds-test-utils ---
[INFO] Executing tasks
[INFO]     [mkdir] Created dir: /home/runner/work/sonar-analysis/sonar-analysis/project/hadoop-hdds/test-utils/target/test-dir
[INFO] Executed tasks
[INFO] 
[INFO] --- jacoco:0.8.5:prepare-agent (default-prepare-agent) @ hdds-test-utils ---
[INFO] argLine set to -javaagent:/home/runner/.m2/repository/org/jacoco/org.jacoco.agent/0.8.5/org.jacoco.agent-0.8.5-runtime.jar=destfile=/home/runner/work/sonar-analysis/sonar-analysis/project/hadoop-hdds/test-utils/target/jacoco.exec,includes=org.apache.hadoop.hdds.*:org.apache.hadoop.ozone.*:org.apache.hadoop.fs.ozone.*
[INFO] 
[INFO] --- remote-resources:1.5:process (default) @ hdds-test-utils ---
[INFO] 
[INFO] --- resources:3.1.0:resources (default-resources) @ hdds-test-utils ---
[INFO] Using 'UTF-8' encoding to copy filtered resources.
[INFO] skip non existing resourceDirectory /home/runner/work/sonar-analysis/sonar-analysis/project/hadoop-hdds/test-utils/src/main/resources
[INFO] Copying 2 resources
[INFO] 
[INFO] --- compiler:3.1:compile (default-compile) @ hdds-test-utils ---
[INFO] Compiling 7 source files to /home/runner/work/sonar-analysis/sonar-analysis/project/hadoop-hdds/test-utils/target/classes
[WARNING] /home/runner/work/sonar-analysis/sonar-analysis/project/hadoop-hdds/test-utils/src/main/java/org/apache/ozone/test/LambdaTestUtils.java: /home/runner/work/sonar-analysis/sonar-analysis/project/hadoop-hdds/test-utils/src/main/java/org/apache/ozone/test/LambdaTestUtils.java uses unchecked or unsafe operations.
[WARNING] /home/runner/work/sonar-analysis/sonar-analysis/project/hadoop-hdds/test-utils/src/main/java/org/apache/ozone/test/LambdaTestUtils.java: Recompile with -Xlint:unchecked for details.
[INFO] 
[INFO] --- resources:3.1.0:testResources (default-testResources) @ hdds-test-utils ---
[INFO] Using 'UTF-8' encoding to copy filtered resources.
[INFO] skip non existing resourceDirectory /home/runner/work/sonar-analysis/sonar-analysis/project/hadoop-hdds/test-utils/src/test/resources
[INFO] Copying 2 resources
[INFO] 
[INFO] --- compiler:3.1:testCompile (default-testCompile) @ hdds-test-utils ---
[INFO] No sources to compile
[INFO] 
[INFO] --- surefire:3.0.0-M1:test (default-test) @ hdds-test-utils ---
[INFO] Tests are skipped.
[INFO] 
[INFO] --- dependency:3.0.2:build-classpath (add-classpath-descriptor) @ hdds-test-utils ---
[INFO] Wrote classpath file '/home/runner/work/sonar-analysis/sonar-analysis/project/hadoop-hdds/test-utils/target/classes/hdds-test-utils.classpath'.
[INFO] 
[INFO] --- jar:2.5:jar (default-jar) @ hdds-test-utils ---
[INFO] Building jar: /home/runner/work/sonar-analysis/sonar-analysis/project/hadoop-hdds/test-utils/target/hdds-test-utils-1.3.0-SNAPSHOT.jar
[INFO] 
[INFO] --- jar:2.5:test-jar (default) @ hdds-test-utils ---
[INFO] Building jar: /home/runner/work/sonar-analysis/sonar-analysis/project/hadoop-hdds/test-utils/target/hdds-test-utils-1.3.0-SNAPSHOT-tests.jar
[INFO] 
[INFO] --- install:2.5.1:install (default-install) @ hdds-test-utils ---
[INFO] Installing /home/runner/work/sonar-analysis/sonar-analysis/project/hadoop-hdds/test-utils/target/hdds-test-utils-1.3.0-SNAPSHOT.jar to /home/runner/.m2/repository/org/apache/ozone/hdds-test-utils/1.3.0-SNAPSHOT/hdds-test-utils-1.3.0-SNAPSHOT.jar
[INFO] Installing /home/runner/work/sonar-analysis/sonar-analysis/project/hadoop-hdds/test-utils/pom.xml to /home/runner/.m2/repository/org/apache/ozone/hdds-test-utils/1.3.0-SNAPSHOT/hdds-test-utils-1.3.0-SNAPSHOT.pom
[INFO] Installing /home/runner/work/sonar-analysis/sonar-analysis/project/hadoop-hdds/test-utils/target/hdds-test-utils-1.3.0-SNAPSHOT-tests.jar to /home/runner/.m2/repository/org/apache/ozone/hdds-test-utils/1.3.0-SNAPSHOT/hdds-test-utils-1.3.0-SNAPSHOT-tests.jar
[INFO] 
[INFO] --------------------< org.apache.ozone:hdds-config >--------------------
[INFO] Building Apache Ozone HDDS Config 1.3.0-SNAPSHOT                 [10/40]
[INFO]   from hadoop-hdds/config/pom.xml
[INFO] --------------------------------[ jar ]---------------------------------
[INFO] 
[INFO] --- clean:2.5:clean (default-clean) @ hdds-config ---
[INFO] Deleting /home/runner/work/sonar-analysis/sonar-analysis/project/hadoop-hdds/config/target
[INFO] Deleting /home/runner/work/sonar-analysis/sonar-analysis/project/hadoop-hdds/config (includes = [dependency-reduced-pom.xml], excludes = [])
[INFO] 
[INFO] --- antrun:3.1.0:run (create-testdirs) @ hdds-config ---
[INFO] Executing tasks
[INFO]     [mkdir] Created dir: /home/runner/work/sonar-analysis/sonar-analysis/project/hadoop-hdds/config/target/test-dir
[INFO] Executed tasks
[INFO] 
[INFO] --- jacoco:0.8.5:prepare-agent (default-prepare-agent) @ hdds-config ---
[INFO] argLine set to -javaagent:/home/runner/.m2/repository/org/jacoco/org.jacoco.agent/0.8.5/org.jacoco.agent-0.8.5-runtime.jar=destfile=/home/runner/work/sonar-analysis/sonar-analysis/project/hadoop-hdds/config/target/jacoco.exec,includes=org.apache.hadoop.hdds.*:org.apache.hadoop.ozone.*:org.apache.hadoop.fs.ozone.*
[INFO] 
[INFO] --- remote-resources:1.5:process (default) @ hdds-config ---
[INFO] 
[INFO] --- resources:3.1.0:resources (default-resources) @ hdds-config ---
[INFO] Using 'UTF-8' encoding to copy filtered resources.
[INFO] skip non existing resourceDirectory /home/runner/work/sonar-analysis/sonar-analysis/project/hadoop-hdds/config/src/main/resources
[INFO] Copying 2 resources
[INFO] 
[INFO] --- compiler:3.1:compile (default-compile) @ hdds-config ---
[INFO] Compiling 17 source files to /home/runner/work/sonar-analysis/sonar-analysis/project/hadoop-hdds/config/target/classes
[WARNING] /home/runner/work/sonar-analysis/sonar-analysis/project/hadoop-hdds/config/src/main/java/org/apache/hadoop/hdds/conf/ConfigurationReflectionUtil.java: Some input files use or override a deprecated API.
[WARNING] /home/runner/work/sonar-analysis/sonar-analysis/project/hadoop-hdds/config/src/main/java/org/apache/hadoop/hdds/conf/ConfigurationReflectionUtil.java: Recompile with -Xlint:deprecation for details.
[INFO] 
[INFO] --- resources:3.1.0:testResources (default-testResources) @ hdds-config ---
[INFO] Using 'UTF-8' encoding to copy filtered resources.
[INFO] Copying 1 resource
[INFO] Copying 2 resources
[INFO] 
[INFO] --- compiler:3.1:testCompile (default-testCompile) @ hdds-config ---
[INFO] Compiling 7 source files to /home/runner/work/sonar-analysis/sonar-analysis/project/hadoop-hdds/config/target/test-classes
[INFO] 
[INFO] --- surefire:3.0.0-M1:test (default-test) @ hdds-config ---
[INFO] Tests are skipped.
[INFO] 
[INFO] --- dependency:3.0.2:build-classpath (add-classpath-descriptor) @ hdds-config ---
[INFO] Wrote classpath file '/home/runner/work/sonar-analysis/sonar-analysis/project/hadoop-hdds/config/target/classes/hdds-config.classpath'.
[INFO] 
[INFO] --- jar:2.5:jar (default-jar) @ hdds-config ---
[INFO] Building jar: /home/runner/work/sonar-analysis/sonar-analysis/project/hadoop-hdds/config/target/hdds-config-1.3.0-SNAPSHOT.jar
[INFO] 
[INFO] --- jar:2.5:test-jar (default) @ hdds-config ---
[INFO] Building jar: /home/runner/work/sonar-analysis/sonar-analysis/project/hadoop-hdds/config/target/hdds-config-1.3.0-SNAPSHOT-tests.jar
[INFO] 
[INFO] --- install:2.5.1:install (default-install) @ hdds-config ---
[INFO] Installing /home/runner/work/sonar-analysis/sonar-analysis/project/hadoop-hdds/config/target/hdds-config-1.3.0-SNAPSHOT.jar to /home/runner/.m2/repository/org/apache/ozone/hdds-config/1.3.0-SNAPSHOT/hdds-config-1.3.0-SNAPSHOT.jar
[INFO] Installing /home/runner/work/sonar-analysis/sonar-analysis/project/hadoop-hdds/config/pom.xml to /home/runner/.m2/repository/org/apache/ozone/hdds-config/1.3.0-SNAPSHOT/hdds-config-1.3.0-SNAPSHOT.pom
[INFO] Installing /home/runner/work/sonar-analysis/sonar-analysis/project/hadoop-hdds/config/target/hdds-config-1.3.0-SNAPSHOT-tests.jar to /home/runner/.m2/repository/org/apache/ozone/hdds-config/1.3.0-SNAPSHOT/hdds-config-1.3.0-SNAPSHOT-tests.jar
[INFO] 
[INFO] --------------------< org.apache.ozone:hdds-common >--------------------
[INFO] Building Apache Ozone HDDS Common 1.3.0-SNAPSHOT                 [11/40]
[INFO]   from hadoop-hdds/common/pom.xml
[INFO] --------------------------------[ jar ]---------------------------------
[WARNING] 1 problem was encountered while building the effective model for org.javassist:javassist:jar:3.21.0-GA during dependency collection step for project (use -X to see details)
[INFO] 
[INFO] --- clean:2.5:clean (default-clean) @ hdds-common ---
[INFO] Deleting /home/runner/work/sonar-analysis/sonar-analysis/project/hadoop-hdds/common/target
[INFO] Deleting /home/runner/work/sonar-analysis/sonar-analysis/project/hadoop-hdds/common (includes = [dependency-reduced-pom.xml], excludes = [])
[INFO] 
[INFO] --- antrun:3.1.0:run (create-testdirs) @ hdds-common ---
[INFO] Executing tasks
[INFO]     [mkdir] Created dir: /home/runner/work/sonar-analysis/sonar-analysis/project/hadoop-hdds/common/target/test-dir
[INFO] Executed tasks
[INFO] 
[INFO] --- jacoco:0.8.5:prepare-agent (default-prepare-agent) @ hdds-common ---
[INFO] argLine set to -javaagent:/home/runner/.m2/repository/org/jacoco/org.jacoco.agent/0.8.5/org.jacoco.agent-0.8.5-runtime.jar=destfile=/home/runner/work/sonar-analysis/sonar-analysis/project/hadoop-hdds/common/target/jacoco.exec,includes=org.apache.hadoop.hdds.*:org.apache.hadoop.ozone.*:org.apache.hadoop.fs.ozone.*
[INFO] 
[INFO] --- remote-resources:1.5:process (default) @ hdds-common ---
[INFO] 
[INFO] --- hadoops:3.3.1:version-info (version-info) @ hdds-common ---
[INFO] SCM: GIT
[INFO] Computed MD5: c5c955b04aa55077d91e1a75e9cd5570
[INFO] 
[INFO] --- resources:3.1.0:resources (default-resources) @ hdds-common ---
[INFO] Using 'UTF-8' encoding to copy filtered resources.
[INFO] Copying 5 resources
[INFO] Copying 1 resource
[INFO] Copying 2 resources
[INFO] 
[INFO] --- compiler:3.1:compile (default-compile) @ hdds-common ---
[INFO] Compiling 254 source files to /home/runner/work/sonar-analysis/sonar-analysis/project/hadoop-hdds/common/target/classes
[WARNING] /home/runner/work/sonar-analysis/sonar-analysis/project/hadoop-hdds/common/src/main/java/org/apache/hadoop/hdds/utils/SignalLogger.java:[44,51] sun.misc.SignalHandler is internal proprietary API and may be removed in a future release
[WARNING] /home/runner/work/sonar-analysis/sonar-analysis/project/hadoop-hdds/common/src/main/java/org/apache/hadoop/hdds/utils/SignalLogger.java:[44,51] sun.misc.SignalHandler is internal proprietary API and may be removed in a future release
[WARNING] /home/runner/work/sonar-analysis/sonar-analysis/project/hadoop-hdds/common/src/main/java/org/apache/hadoop/hdds/utils/SignalLogger.java:[44,51] sun.misc.SignalHandler is internal proprietary API and may be removed in a future release
[WARNING] /home/runner/work/sonar-analysis/sonar-analysis/project/hadoop-hdds/common/src/main/java/org/apache/hadoop/hdds/utils/SignalLogger.java:[46,27] sun.misc.SignalHandler is internal proprietary API and may be removed in a future release
[WARNING] /home/runner/work/sonar-analysis/sonar-analysis/project/hadoop-hdds/common/src/main/java/org/apache/hadoop/hdds/utils/SignalLogger.java:[46,27] sun.misc.SignalHandler is internal proprietary API and may be removed in a future release
[WARNING] /home/runner/work/sonar-analysis/sonar-analysis/project/hadoop-hdds/common/src/main/java/org/apache/hadoop/hdds/utils/SignalLogger.java:[46,27] sun.misc.SignalHandler is internal proprietary API and may be removed in a future release
[WARNING] /home/runner/work/sonar-analysis/sonar-analysis/project/hadoop-hdds/common/src/main/java/org/apache/hadoop/hdds/utils/SignalLogger.java:[50,56] sun.misc.Signal is internal proprietary API and may be removed in a future release
[WARNING] /home/runner/work/sonar-analysis/sonar-analysis/project/hadoop-hdds/common/src/main/java/org/apache/hadoop/hdds/utils/SignalLogger.java:[50,29] sun.misc.Signal is internal proprietary API and may be removed in a future release
[WARNING] /home/runner/work/sonar-analysis/sonar-analysis/project/hadoop-hdds/common/src/main/java/org/apache/hadoop/hdds/utils/SignalLogger.java:[59,32] sun.misc.Signal is internal proprietary API and may be removed in a future release
[WARNING] /home/runner/work/sonar-analysis/sonar-analysis/project/hadoop-hdds/common/src/main/java/org/apache/hadoop/hdds/utils/SignalLogger.java:[59,32] sun.misc.Signal is internal proprietary API and may be removed in a future release
[WARNING] /home/runner/work/sonar-analysis/sonar-analysis/project/hadoop-hdds/common/src/main/java/org/apache/hadoop/hdds/utils/SignalLogger.java:[59,32] sun.misc.Signal is internal proprietary API and may be removed in a future release
[WARNING] /home/runner/work/sonar-analysis/sonar-analysis/project/hadoop-hdds/common/src/main/java/org/apache/hadoop/hdds/cli/GenericCli.java: Some input files use or override a deprecated API.
[WARNING] /home/runner/work/sonar-analysis/sonar-analysis/project/hadoop-hdds/common/src/main/java/org/apache/hadoop/hdds/cli/GenericCli.java: Recompile with -Xlint:deprecation for details.
[WARNING] /home/runner/work/sonar-analysis/sonar-analysis/project/hadoop-hdds/common/src/main/java/org/apache/hadoop/hdds/scm/XceiverClientSpi.java: Some input files use unchecked or unsafe operations.
[WARNING] /home/runner/work/sonar-analysis/sonar-analysis/project/hadoop-hdds/common/src/main/java/org/apache/hadoop/hdds/scm/XceiverClientSpi.java: Recompile with -Xlint:unchecked for details.
[INFO] 
[INFO] --- resources:3.1.0:testResources (default-testResources) @ hdds-common ---
[INFO] Using 'UTF-8' encoding to copy filtered resources.
[INFO] Copying 21 resources
[INFO] Copying 2 resources
[INFO] 
[INFO] --- compiler:3.1:testCompile (default-testCompile) @ hdds-common ---
[INFO] Compiling 71 source files to /home/runner/work/sonar-analysis/sonar-analysis/project/hadoop-hdds/common/target/test-classes
[WARNING] /home/runner/work/sonar-analysis/sonar-analysis/project/hadoop-hdds/common/src/test/java/org/apache/hadoop/ozone/upgrade/TestAbstractLayoutVersionManager.java: Some input files use or override a deprecated API.
[WARNING] /home/runner/work/sonar-analysis/sonar-analysis/project/hadoop-hdds/common/src/test/java/org/apache/hadoop/ozone/upgrade/TestAbstractLayoutVersionManager.java: Recompile with -Xlint:deprecation for details.
[WARNING] /home/runner/work/sonar-analysis/sonar-analysis/project/hadoop-hdds/common/src/test/java/org/apache/hadoop/ozone/upgrade/InjectedUpgradeFinalizationExecutor.java: Some input files use unchecked or unsafe operations.
[WARNING] /home/runner/work/sonar-analysis/sonar-analysis/project/hadoop-hdds/common/src/test/java/org/apache/hadoop/ozone/upgrade/InjectedUpgradeFinalizationExecutor.java: Recompile with -Xlint:unchecked for details.
[INFO] 
[INFO] --- surefire:3.0.0-M1:test (default-test) @ hdds-common ---
[INFO] Tests are skipped.
[INFO] 
[INFO] --- dependency:3.0.2:build-classpath (add-classpath-descriptor) @ hdds-common ---
[INFO] Wrote classpath file '/home/runner/work/sonar-analysis/sonar-analysis/project/hadoop-hdds/common/target/classes/hdds-common.classpath'.
[INFO] 
[INFO] --- jar:2.5:jar (default-jar) @ hdds-common ---
[INFO] Building jar: /home/runner/work/sonar-analysis/sonar-analysis/project/hadoop-hdds/common/target/hdds-common-1.3.0-SNAPSHOT.jar
[INFO] 
[INFO] --- jar:2.5:test-jar (default) @ hdds-common ---
[INFO] Building jar: /home/runner/work/sonar-analysis/sonar-analysis/project/hadoop-hdds/common/target/hdds-common-1.3.0-SNAPSHOT-tests.jar
[INFO] 
[INFO] --- install:2.5.1:install (default-install) @ hdds-common ---
[INFO] Installing /home/runner/work/sonar-analysis/sonar-analysis/project/hadoop-hdds/common/target/hdds-common-1.3.0-SNAPSHOT.jar to /home/runner/.m2/repository/org/apache/ozone/hdds-common/1.3.0-SNAPSHOT/hdds-common-1.3.0-SNAPSHOT.jar
[INFO] Installing /home/runner/work/sonar-analysis/sonar-analysis/project/hadoop-hdds/common/pom.xml to /home/runner/.m2/repository/org/apache/ozone/hdds-common/1.3.0-SNAPSHOT/hdds-common-1.3.0-SNAPSHOT.pom
[INFO] Installing /home/runner/work/sonar-analysis/sonar-analysis/project/hadoop-hdds/common/target/hdds-common-1.3.0-SNAPSHOT-tests.jar to /home/runner/.m2/repository/org/apache/ozone/hdds-common/1.3.0-SNAPSHOT/hdds-common-1.3.0-SNAPSHOT-tests.jar
[INFO] 
[INFO] --------------------< org.apache.ozone:hdds-client >--------------------
[INFO] Building Apache Ozone HDDS Client 1.3.0-SNAPSHOT                 [12/40]
[INFO]   from hadoop-hdds/client/pom.xml
[INFO] --------------------------------[ jar ]---------------------------------
[INFO] 
[INFO] --- clean:2.5:clean (default-clean) @ hdds-client ---
[INFO] Deleting /home/runner/work/sonar-analysis/sonar-analysis/project/hadoop-hdds/client/target
[INFO] Deleting /home/runner/work/sonar-analysis/sonar-analysis/project/hadoop-hdds/client (includes = [dependency-reduced-pom.xml], excludes = [])
[INFO] 
[INFO] --- antrun:3.1.0:run (create-testdirs) @ hdds-client ---
[INFO] Executing tasks
[INFO]     [mkdir] Created dir: /home/runner/work/sonar-analysis/sonar-analysis/project/hadoop-hdds/client/target/test-dir
[INFO] Executed tasks
[INFO] 
[INFO] --- jacoco:0.8.5:prepare-agent (default-prepare-agent) @ hdds-client ---
[INFO] argLine set to -javaagent:/home/runner/.m2/repository/org/jacoco/org.jacoco.agent/0.8.5/org.jacoco.agent-0.8.5-runtime.jar=destfile=/home/runner/work/sonar-analysis/sonar-analysis/project/hadoop-hdds/client/target/jacoco.exec,includes=org.apache.hadoop.hdds.*:org.apache.hadoop.ozone.*:org.apache.hadoop.fs.ozone.*
[INFO] 
[INFO] --- remote-resources:1.5:process (default) @ hdds-client ---
[INFO] 
[INFO] --- resources:3.1.0:resources (default-resources) @ hdds-client ---
[INFO] Using 'UTF-8' encoding to copy filtered resources.
[INFO] skip non existing resourceDirectory /home/runner/work/sonar-analysis/sonar-analysis/project/hadoop-hdds/client/src/main/resources
[INFO] Copying 2 resources
[INFO] 
[INFO] --- compiler:3.1:compile (default-compile) @ hdds-client ---
[INFO] Compiling 20 source files to /home/runner/work/sonar-analysis/sonar-analysis/project/hadoop-hdds/client/target/classes
[WARNING] /home/runner/work/sonar-analysis/sonar-analysis/project/hadoop-hdds/client/src/main/java/org/apache/hadoop/hdds/scm/XceiverClientGrpc.java: Some input files use unchecked or unsafe operations.
[WARNING] /home/runner/work/sonar-analysis/sonar-analysis/project/hadoop-hdds/client/src/main/java/org/apache/hadoop/hdds/scm/XceiverClientGrpc.java: Recompile with -Xlint:unchecked for details.
[INFO] 
[INFO] --- resources:3.1.0:testResources (default-testResources) @ hdds-client ---
[INFO] Using 'UTF-8' encoding to copy filtered resources.
[INFO] Copying 1 resource
[INFO] Copying 2 resources
[INFO] 
[INFO] --- compiler:3.1:testCompile (default-testCompile) @ hdds-client ---
[INFO] Compiling 8 source files to /home/runner/work/sonar-analysis/sonar-analysis/project/hadoop-hdds/client/target/test-classes
[INFO] 
[INFO] --- surefire:3.0.0-M1:test (default-test) @ hdds-client ---
[INFO] Tests are skipped.
[INFO] 
[INFO] --- dependency:3.0.2:build-classpath (add-classpath-descriptor) @ hdds-client ---
[INFO] Wrote classpath file '/home/runner/work/sonar-analysis/sonar-analysis/project/hadoop-hdds/client/target/classes/hdds-client.classpath'.
[INFO] 
[INFO] --- jar:2.5:jar (default-jar) @ hdds-client ---
[INFO] Building jar: /home/runner/work/sonar-analysis/sonar-analysis/project/hadoop-hdds/client/target/hdds-client-1.3.0-SNAPSHOT.jar
[INFO] 
[INFO] --- jar:2.5:test-jar (default) @ hdds-client ---
[INFO] Building jar: /home/runner/work/sonar-analysis/sonar-analysis/project/hadoop-hdds/client/target/hdds-client-1.3.0-SNAPSHOT-tests.jar
[INFO] 
[INFO] --- install:2.5.1:install (default-install) @ hdds-client ---
[INFO] Installing /home/runner/work/sonar-analysis/sonar-analysis/project/hadoop-hdds/client/target/hdds-client-1.3.0-SNAPSHOT.jar to /home/runner/.m2/repository/org/apache/ozone/hdds-client/1.3.0-SNAPSHOT/hdds-client-1.3.0-SNAPSHOT.jar
[INFO] Installing /home/runner/work/sonar-analysis/sonar-analysis/project/hadoop-hdds/client/pom.xml to /home/runner/.m2/repository/org/apache/ozone/hdds-client/1.3.0-SNAPSHOT/hdds-client-1.3.0-SNAPSHOT.pom
[INFO] Installing /home/runner/work/sonar-analysis/sonar-analysis/project/hadoop-hdds/client/target/hdds-client-1.3.0-SNAPSHOT-tests.jar to /home/runner/.m2/repository/org/apache/ozone/hdds-client/1.3.0-SNAPSHOT/hdds-client-1.3.0-SNAPSHOT-tests.jar
[INFO] 
[INFO] ---------------< org.apache.ozone:hdds-server-framework >---------------
[INFO] Building Apache Ozone HDDS Server Framework 1.3.0-SNAPSHOT       [13/40]
[INFO]   from hadoop-hdds/framework/pom.xml
[INFO] --------------------------------[ jar ]---------------------------------
[INFO] 
[INFO] --- clean:2.5:clean (default-clean) @ hdds-server-framework ---
[INFO] Deleting /home/runner/work/sonar-analysis/sonar-analysis/project/hadoop-hdds/framework/target
[INFO] Deleting /home/runner/work/sonar-analysis/sonar-analysis/project/hadoop-hdds/framework (includes = [dependency-reduced-pom.xml], excludes = [])
[INFO] 
[INFO] --- antrun:3.1.0:run (create-testdirs) @ hdds-server-framework ---
[INFO] Executing tasks
[INFO]     [mkdir] Created dir: /home/runner/work/sonar-analysis/sonar-analysis/project/hadoop-hdds/framework/target/test-dir
[INFO] Executed tasks
[INFO] 
[INFO] --- jacoco:0.8.5:prepare-agent (default-prepare-agent) @ hdds-server-framework ---
[INFO] argLine set to -javaagent:/home/runner/.m2/repository/org/jacoco/org.jacoco.agent/0.8.5/org.jacoco.agent-0.8.5-runtime.jar=destfile=/home/runner/work/sonar-analysis/sonar-analysis/project/hadoop-hdds/framework/target/jacoco.exec,includes=org.apache.hadoop.hdds.*:org.apache.hadoop.ozone.*:org.apache.hadoop.fs.ozone.*
[INFO] 
[INFO] --- remote-resources:1.5:process (default) @ hdds-server-framework ---
[INFO] 
[INFO] --- resources:3.1.0:resources (default-resources) @ hdds-server-framework ---
[INFO] Using 'UTF-8' encoding to copy filtered resources.
[INFO] Copying 35 resources
[INFO] Copying 2 resources
[INFO] 
[INFO] --- compiler:3.1:compile (default-compile) @ hdds-server-framework ---
[INFO] Compiling 184 source files to /home/runner/work/sonar-analysis/sonar-analysis/project/hadoop-hdds/framework/target/classes
[WARNING] /home/runner/work/sonar-analysis/sonar-analysis/project/hadoop-hdds/framework/src/main/java/org/apache/hadoop/hdds/scm/proxy/SCMContainerLocationFailoverProxyProvider.java: Some input files use or override a deprecated API.
[WARNING] /home/runner/work/sonar-analysis/sonar-analysis/project/hadoop-hdds/framework/src/main/java/org/apache/hadoop/hdds/scm/proxy/SCMContainerLocationFailoverProxyProvider.java: Recompile with -Xlint:deprecation for details.
[WARNING] /home/runner/work/sonar-analysis/sonar-analysis/project/hadoop-hdds/framework/src/main/java/org/apache/hadoop/hdds/scm/proxy/SCMContainerLocationFailoverProxyProvider.java: Some input files use unchecked or unsafe operations.
[WARNING] /home/runner/work/sonar-analysis/sonar-analysis/project/hadoop-hdds/framework/src/main/java/org/apache/hadoop/hdds/scm/proxy/SCMContainerLocationFailoverProxyProvider.java: Recompile with -Xlint:unchecked for details.
[INFO] 
[INFO] --- resources:3.1.0:testResources (default-testResources) @ hdds-server-framework ---
[INFO] Using 'UTF-8' encoding to copy filtered resources.
[INFO] Copying 3 resources
[INFO] Copying 2 resources
[INFO] 
[INFO] --- compiler:3.1:testCompile (default-testCompile) @ hdds-server-framework ---
[INFO] Compiling 50 source files to /home/runner/work/sonar-analysis/sonar-analysis/project/hadoop-hdds/framework/target/test-classes
[WARNING] /home/runner/work/sonar-analysis/sonar-analysis/project/hadoop-hdds/framework/src/test/java/org/apache/hadoop/hdds/utils/db/TestRDBStore.java: Some input files use or override a deprecated API.
[WARNING] /home/runner/work/sonar-analysis/sonar-analysis/project/hadoop-hdds/framework/src/test/java/org/apache/hadoop/hdds/utils/db/TestRDBStore.java: Recompile with -Xlint:deprecation for details.
[WARNING] /home/runner/work/sonar-analysis/sonar-analysis/project/hadoop-hdds/framework/src/test/java/org/apache/hadoop/hdds/server/events/TestEventQueue.java: Some input files use unchecked or unsafe operations.
[WARNING] /home/runner/work/sonar-analysis/sonar-analysis/project/hadoop-hdds/framework/src/test/java/org/apache/hadoop/hdds/server/events/TestEventQueue.java: Recompile with -Xlint:unchecked for details.
[INFO] 
[INFO] --- surefire:3.0.0-M1:test (default-test) @ hdds-server-framework ---
[INFO] Tests are skipped.
[INFO] 
[INFO] --- dependency:3.0.2:build-classpath (add-classpath-descriptor) @ hdds-server-framework ---
[INFO] Wrote classpath file '/home/runner/work/sonar-analysis/sonar-analysis/project/hadoop-hdds/framework/target/classes/hdds-server-framework.classpath'.
[INFO] 
[INFO] --- jar:2.5:jar (default-jar) @ hdds-server-framework ---
[INFO] Building jar: /home/runner/work/sonar-analysis/sonar-analysis/project/hadoop-hdds/framework/target/hdds-server-framework-1.3.0-SNAPSHOT.jar
[INFO] 
[INFO] --- jar:2.5:test-jar (default) @ hdds-server-framework ---
[INFO] Building jar: /home/runner/work/sonar-analysis/sonar-analysis/project/hadoop-hdds/framework/target/hdds-server-framework-1.3.0-SNAPSHOT-tests.jar
[INFO] 
[INFO] --- install:2.5.1:install (default-install) @ hdds-server-framework ---
[INFO] Installing /home/runner/work/sonar-analysis/sonar-analysis/project/hadoop-hdds/framework/target/hdds-server-framework-1.3.0-SNAPSHOT.jar to /home/runner/.m2/repository/org/apache/ozone/hdds-server-framework/1.3.0-SNAPSHOT/hdds-server-framework-1.3.0-SNAPSHOT.jar
[INFO] Installing /home/runner/work/sonar-analysis/sonar-analysis/project/hadoop-hdds/framework/pom.xml to /home/runner/.m2/repository/org/apache/ozone/hdds-server-framework/1.3.0-SNAPSHOT/hdds-server-framework-1.3.0-SNAPSHOT.pom
[INFO] Installing /home/runner/work/sonar-analysis/sonar-analysis/project/hadoop-hdds/framework/target/hdds-server-framework-1.3.0-SNAPSHOT-tests.jar to /home/runner/.m2/repository/org/apache/ozone/hdds-server-framework/1.3.0-SNAPSHOT/hdds-server-framework-1.3.0-SNAPSHOT-tests.jar
[INFO] 
[INFO] ---------------------< org.apache.ozone:hdds-docs >---------------------
[INFO] Building Apache Ozone/HDDS Documentation 1.3.0-SNAPSHOT          [14/40]
[INFO]   from hadoop-hdds/docs/pom.xml
[INFO] --------------------------------[ jar ]---------------------------------
[INFO] 
[INFO] --- clean:2.5:clean (default-clean) @ hdds-docs ---
[INFO] Deleting /home/runner/work/sonar-analysis/sonar-analysis/project/hadoop-hdds/docs/target
[INFO] Deleting /home/runner/work/sonar-analysis/sonar-analysis/project/hadoop-hdds/docs (includes = [dependency-reduced-pom.xml], excludes = [])
[INFO] 
[INFO] --- antrun:3.1.0:run (create-testdirs) @ hdds-docs ---
[INFO] Executing tasks
[INFO]     [mkdir] Created dir: /home/runner/work/sonar-analysis/sonar-analysis/project/hadoop-hdds/docs/target/test-dir
[INFO] Executed tasks
[INFO] 
[INFO] --- jacoco:0.8.5:prepare-agent (default-prepare-agent) @ hdds-docs ---
[INFO] argLine set to -javaagent:/home/runner/.m2/repository/org/jacoco/org.jacoco.agent/0.8.5/org.jacoco.agent-0.8.5-runtime.jar=destfile=/home/runner/work/sonar-analysis/sonar-analysis/project/hadoop-hdds/docs/target/jacoco.exec,includes=org.apache.hadoop.hdds.*:org.apache.hadoop.ozone.*:org.apache.hadoop.fs.ozone.*
[INFO] 
[INFO] --- remote-resources:1.5:process (default) @ hdds-docs ---
[INFO] 
[INFO] --- resources:3.1.0:resources (default-resources) @ hdds-docs ---
[INFO] Using 'UTF-8' encoding to copy filtered resources.
[INFO] skip non existing resourceDirectory /home/runner/work/sonar-analysis/sonar-analysis/project/hadoop-hdds/docs/src/main/resources
[INFO] Copying 2 resources
[INFO] 
[INFO] --- compiler:3.1:compile (default-compile) @ hdds-docs ---
[INFO] No sources to compile
[INFO] 
[INFO] --- exec:1.3.1:exec (default) @ hdds-docs ---
Hugo is not yet installed. Doc generation is skipped.
[INFO] 
[INFO] --- resources:3.1.0:testResources (default-testResources) @ hdds-docs ---
[INFO] Using 'UTF-8' encoding to copy filtered resources.
[INFO] skip non existing resourceDirectory /home/runner/work/sonar-analysis/sonar-analysis/project/hadoop-hdds/docs/src/test/resources
[INFO] Copying 2 resources
[INFO] 
[INFO] --- compiler:3.1:testCompile (default-testCompile) @ hdds-docs ---
[INFO] No sources to compile
[INFO] 
[INFO] --- surefire:3.0.0-M1:test (default-test) @ hdds-docs ---
[INFO] Tests are skipped.
[INFO] 
[INFO] --- jar:2.5:jar (default-jar) @ hdds-docs ---
[INFO] Building jar: /home/runner/work/sonar-analysis/sonar-analysis/project/hadoop-hdds/docs/target/hdds-docs-1.3.0-SNAPSHOT.jar
[INFO] 
[INFO] --- jar:2.5:test-jar (default) @ hdds-docs ---
[INFO] Building jar: /home/runner/work/sonar-analysis/sonar-analysis/project/hadoop-hdds/docs/target/hdds-docs-1.3.0-SNAPSHOT-tests.jar
[INFO] 
[INFO] --- install:2.5.1:install (default-install) @ hdds-docs ---
[INFO] Installing /home/runner/work/sonar-analysis/sonar-analysis/project/hadoop-hdds/docs/target/hdds-docs-1.3.0-SNAPSHOT.jar to /home/runner/.m2/repository/org/apache/ozone/hdds-docs/1.3.0-SNAPSHOT/hdds-docs-1.3.0-SNAPSHOT.jar
[INFO] Installing /home/runner/work/sonar-analysis/sonar-analysis/project/hadoop-hdds/docs/pom.xml to /home/runner/.m2/repository/org/apache/ozone/hdds-docs/1.3.0-SNAPSHOT/hdds-docs-1.3.0-SNAPSHOT.pom
[INFO] Installing /home/runner/work/sonar-analysis/sonar-analysis/project/hadoop-hdds/docs/target/hdds-docs-1.3.0-SNAPSHOT-tests.jar to /home/runner/.m2/repository/org/apache/ozone/hdds-docs/1.3.0-SNAPSHOT/hdds-docs-1.3.0-SNAPSHOT-tests.jar
[INFO] 
[INFO] --------------< org.apache.ozone:hdds-container-service >---------------
[INFO] Building Apache Ozone HDDS Container Service 1.3.0-SNAPSHOT      [15/40]
[INFO]   from hadoop-hdds/container-service/pom.xml
[INFO] --------------------------------[ jar ]---------------------------------
[INFO] 
[INFO] --- clean:2.5:clean (default-clean) @ hdds-container-service ---
[INFO] Deleting /home/runner/work/sonar-analysis/sonar-analysis/project/hadoop-hdds/container-service/target
[INFO] Deleting /home/runner/work/sonar-analysis/sonar-analysis/project/hadoop-hdds/container-service (includes = [dependency-reduced-pom.xml], excludes = [])
[INFO] 
[INFO] --- antrun:3.1.0:run (create-testdirs) @ hdds-container-service ---
[INFO] Executing tasks
[INFO]     [mkdir] Created dir: /home/runner/work/sonar-analysis/sonar-analysis/project/hadoop-hdds/container-service/target/test-dir
[INFO] Executed tasks
[INFO] 
[INFO] --- jacoco:0.8.5:prepare-agent (default-prepare-agent) @ hdds-container-service ---
[INFO] argLine set to -javaagent:/home/runner/.m2/repository/org/jacoco/org.jacoco.agent/0.8.5/org.jacoco.agent-0.8.5-runtime.jar=destfile=/home/runner/work/sonar-analysis/sonar-analysis/project/hadoop-hdds/container-service/target/jacoco.exec,includes=org.apache.hadoop.hdds.*:org.apache.hadoop.ozone.*:org.apache.hadoop.fs.ozone.*
[INFO] 
[INFO] --- remote-resources:1.5:process (default) @ hdds-container-service ---
[INFO] 
[INFO] --- resources:3.1.0:resources (default-resources) @ hdds-container-service ---
[INFO] Using 'UTF-8' encoding to copy filtered resources.
[INFO] Copying 5 resources
[INFO] Copying 2 resources
[INFO] 
[INFO] --- compiler:3.1:compile (default-compile) @ hdds-container-service ---
[INFO] Compiling 223 source files to /home/runner/work/sonar-analysis/sonar-analysis/project/hadoop-hdds/container-service/target/classes
[WARNING] /home/runner/work/sonar-analysis/sonar-analysis/project/hadoop-hdds/container-service/src/main/java/org/apache/hadoop/ozone/HddsDatanodeService.java:[74,31] com.sun.jmx.mbeanserver.Introspector is internal proprietary API and may be removed in a future release
[WARNING] /home/runner/work/sonar-analysis/sonar-analysis/project/hadoop-hdds/container-service/src/main/java/org/apache/hadoop/ozone/HddsDatanodeService.java:[74,31] com.sun.jmx.mbeanserver.Introspector is internal proprietary API and may be removed in a future release
[WARNING] /home/runner/work/sonar-analysis/sonar-analysis/project/hadoop-hdds/container-service/src/main/java/org/apache/hadoop/ozone/HddsDatanodeService.java:[74,31] com.sun.jmx.mbeanserver.Introspector is internal proprietary API and may be removed in a future release
[WARNING] /home/runner/work/sonar-analysis/sonar-analysis/project/hadoop-hdds/container-service/src/main/java/org/apache/hadoop/ozone/container/common/volume/AbstractFuture.java:[1051,26] sun.misc.Unsafe is internal proprietary API and may be removed in a future release
[WARNING] /home/runner/work/sonar-analysis/sonar-analysis/project/hadoop-hdds/container-service/src/main/java/org/apache/hadoop/ozone/container/common/volume/AbstractFuture.java:[1051,26] sun.misc.Unsafe is internal proprietary API and may be removed in a future release
[WARNING] /home/runner/work/sonar-analysis/sonar-analysis/project/hadoop-hdds/container-service/src/main/java/org/apache/hadoop/ozone/container/common/volume/AbstractFuture.java:[1051,26] sun.misc.Unsafe is internal proprietary API and may be removed in a future release
[WARNING] /home/runner/work/sonar-analysis/sonar-analysis/project/hadoop-hdds/container-service/src/main/java/org/apache/hadoop/ozone/container/common/volume/AbstractFuture.java:[1059,15] sun.misc.Unsafe is internal proprietary API and may be removed in a future release
[WARNING] /home/runner/work/sonar-analysis/sonar-analysis/project/hadoop-hdds/container-service/src/main/java/org/apache/hadoop/ozone/container/common/volume/AbstractFuture.java:[1061,26] sun.misc.Unsafe is internal proprietary API and may be removed in a future release
[WARNING] /home/runner/work/sonar-analysis/sonar-analysis/project/hadoop-hdds/container-service/src/main/java/org/apache/hadoop/ozone/container/common/volume/AbstractFuture.java:[1066,57] sun.misc.Unsafe is internal proprietary API and may be removed in a future release
[WARNING] /home/runner/work/sonar-analysis/sonar-analysis/project/hadoop-hdds/container-service/src/main/java/org/apache/hadoop/ozone/container/common/volume/AbstractFuture.java:[1068,36] sun.misc.Unsafe is internal proprietary API and may be removed in a future release
[WARNING] /home/runner/work/sonar-analysis/sonar-analysis/project/hadoop-hdds/container-service/src/main/java/org/apache/hadoop/ozone/container/common/volume/AbstractFuture.java:[1069,37] sun.misc.Unsafe is internal proprietary API and may be removed in a future release
[WARNING] /home/runner/work/sonar-analysis/sonar-analysis/project/hadoop-hdds/container-service/src/main/java/org/apache/hadoop/ozone/container/common/volume/AbstractFuture.java:[1069,58] sun.misc.Unsafe is internal proprietary API and may be removed in a future release
[WARNING] /home/runner/work/sonar-analysis/sonar-analysis/project/hadoop-hdds/container-service/src/main/java/org/apache/hadoop/ozone/HddsDatanodeService.java:[155,7] com.sun.jmx.mbeanserver.Introspector is internal proprietary API and may be removed in a future release
[WARNING] /home/runner/work/sonar-analysis/sonar-analysis/project/hadoop-hdds/container-service/src/main/java/org/apache/hadoop/ozone/container/common/statemachine/SCMConnectionManager.java: Some input files use or override a deprecated API.
[WARNING] /home/runner/work/sonar-analysis/sonar-analysis/project/hadoop-hdds/container-service/src/main/java/org/apache/hadoop/ozone/container/common/statemachine/SCMConnectionManager.java: Recompile with -Xlint:deprecation for details.
[WARNING] /home/runner/work/sonar-analysis/sonar-analysis/project/hadoop-hdds/container-service/src/main/java/org/apache/hadoop/ozone/container/common/utils/ContainerCache.java: Some input files use unchecked or unsafe operations.
[WARNING] /home/runner/work/sonar-analysis/sonar-analysis/project/hadoop-hdds/container-service/src/main/java/org/apache/hadoop/ozone/container/common/utils/ContainerCache.java: Recompile with -Xlint:unchecked for details.
[INFO] 
[INFO] --- resources:3.1.0:testResources (default-testResources) @ hdds-container-service ---
[INFO] Using 'UTF-8' encoding to copy filtered resources.
[INFO] Copying 16 resources
[INFO] Copying 2 resources
[INFO] 
[INFO] --- compiler:3.1:testCompile (default-testCompile) @ hdds-container-service ---
[INFO] Compiling 77 source files to /home/runner/work/sonar-analysis/sonar-analysis/project/hadoop-hdds/container-service/target/test-classes
[WARNING] /home/runner/work/sonar-analysis/sonar-analysis/project/hadoop-hdds/container-service/src/test/java/org/apache/hadoop/ozone/container/common/volume/TestStorageVolumeChecker.java: Some input files use or override a deprecated API.
[WARNING] /home/runner/work/sonar-analysis/sonar-analysis/project/hadoop-hdds/container-service/src/test/java/org/apache/hadoop/ozone/container/common/volume/TestStorageVolumeChecker.java: Recompile with -Xlint:deprecation for details.
[WARNING] /home/runner/work/sonar-analysis/sonar-analysis/project/hadoop-hdds/container-service/src/test/java/org/apache/hadoop/ozone/container/common/ScmTestMock.java: Some input files use unchecked or unsafe operations.
[WARNING] /home/runner/work/sonar-analysis/sonar-analysis/project/hadoop-hdds/container-service/src/test/java/org/apache/hadoop/ozone/container/common/ScmTestMock.java: Recompile with -Xlint:unchecked for details.
[INFO] 
[INFO] --- surefire:3.0.0-M1:test (default-test) @ hdds-container-service ---
[INFO] Tests are skipped.
[INFO] 
[INFO] --- dependency:3.0.2:build-classpath (add-classpath-descriptor) @ hdds-container-service ---
[INFO] Wrote classpath file '/home/runner/work/sonar-analysis/sonar-analysis/project/hadoop-hdds/container-service/target/classes/hdds-container-service.classpath'.
[INFO] 
[INFO] --- dependency:3.0.2:unpack (copy-common-html) @ hdds-container-service ---
[INFO] Configured Artifact: org.apache.ozone:hdds-server-framework:?:jar
[INFO] Configured Artifact: org.apache.ozone:hdds-docs:?:jar
[INFO] Unpacking /home/runner/work/sonar-analysis/sonar-analysis/project/hadoop-hdds/framework/target/hdds-server-framework-1.3.0-SNAPSHOT.jar to /home/runner/work/sonar-analysis/sonar-analysis/project/hadoop-hdds/container-service/target/classes with includes "webapps/static/**/*.*" and excludes ""
[INFO] Unpacking /home/runner/work/sonar-analysis/sonar-analysis/project/hadoop-hdds/docs/target/hdds-docs-1.3.0-SNAPSHOT.jar to /home/runner/work/sonar-analysis/sonar-analysis/project/hadoop-hdds/container-service/target/classes/webapps/hddsDatanode with includes "docs/**/*.*" and excludes ""
[INFO] 
[INFO] --- jar:2.5:jar (default-jar) @ hdds-container-service ---
[INFO] Building jar: /home/runner/work/sonar-analysis/sonar-analysis/project/hadoop-hdds/container-service/target/hdds-container-service-1.3.0-SNAPSHOT.jar
[INFO] 
[INFO] --- jar:2.5:test-jar (default) @ hdds-container-service ---
[INFO] Building jar: /home/runner/work/sonar-analysis/sonar-analysis/project/hadoop-hdds/container-service/target/hdds-container-service-1.3.0-SNAPSHOT-tests.jar
[INFO] 
[INFO] --- install:2.5.1:install (default-install) @ hdds-container-service ---
[INFO] Installing /home/runner/work/sonar-analysis/sonar-analysis/project/hadoop-hdds/container-service/target/hdds-container-service-1.3.0-SNAPSHOT.jar to /home/runner/.m2/repository/org/apache/ozone/hdds-container-service/1.3.0-SNAPSHOT/hdds-container-service-1.3.0-SNAPSHOT.jar
[INFO] Installing /home/runner/work/sonar-analysis/sonar-analysis/project/hadoop-hdds/container-service/pom.xml to /home/runner/.m2/repository/org/apache/ozone/hdds-container-service/1.3.0-SNAPSHOT/hdds-container-service-1.3.0-SNAPSHOT.pom
[INFO] Installing /home/runner/work/sonar-analysis/sonar-analysis/project/hadoop-hdds/container-service/target/hdds-container-service-1.3.0-SNAPSHOT-tests.jar to /home/runner/.m2/repository/org/apache/ozone/hdds-container-service/1.3.0-SNAPSHOT/hdds-container-service-1.3.0-SNAPSHOT-tests.jar
[INFO] 
[INFO] ------------------< org.apache.ozone:hdds-server-scm >------------------
[INFO] Building Apache Ozone HDDS SCM Server 1.3.0-SNAPSHOT             [16/40]
[INFO]   from hadoop-hdds/server-scm/pom.xml
[INFO] --------------------------------[ jar ]---------------------------------
[INFO] 
[INFO] --- clean:2.5:clean (default-clean) @ hdds-server-scm ---
[INFO] Deleting /home/runner/work/sonar-analysis/sonar-analysis/project/hadoop-hdds/server-scm/target
[INFO] Deleting /home/runner/work/sonar-analysis/sonar-analysis/project/hadoop-hdds/server-scm (includes = [dependency-reduced-pom.xml], excludes = [])
[INFO] 
[INFO] --- antrun:3.1.0:run (create-testdirs) @ hdds-server-scm ---
[INFO] Executing tasks
[INFO]     [mkdir] Created dir: /home/runner/work/sonar-analysis/sonar-analysis/project/hadoop-hdds/server-scm/target/test-dir
[INFO] Executed tasks
[INFO] 
[INFO] --- jacoco:0.8.5:prepare-agent (default-prepare-agent) @ hdds-server-scm ---
[INFO] argLine set to -javaagent:/home/runner/.m2/repository/org/jacoco/org.jacoco.agent/0.8.5/org.jacoco.agent-0.8.5-runtime.jar=destfile=/home/runner/work/sonar-analysis/sonar-analysis/project/hadoop-hdds/server-scm/target/jacoco.exec,includes=org.apache.hadoop.hdds.*:org.apache.hadoop.ozone.*:org.apache.hadoop.fs.ozone.*
[INFO] 
[INFO] --- remote-resources:1.5:process (default) @ hdds-server-scm ---
[INFO] 
[INFO] --- resources:3.1.0:resources (default-resources) @ hdds-server-scm ---
[INFO] Using 'UTF-8' encoding to copy filtered resources.
[INFO] Copying 4 resources
[INFO] Copying 2 resources
[INFO] 
[INFO] --- compiler:3.1:compile (default-compile) @ hdds-server-scm ---
[INFO] Compiling 240 source files to /home/runner/work/sonar-analysis/sonar-analysis/project/hadoop-hdds/server-scm/target/classes
[WARNING] /home/runner/work/sonar-analysis/sonar-analysis/project/hadoop-hdds/server-scm/src/main/java/org/apache/hadoop/hdds/scm/server/SCMDatanodeProtocolServer.java: Some input files use or override a deprecated API.
[WARNING] /home/runner/work/sonar-analysis/sonar-analysis/project/hadoop-hdds/server-scm/src/main/java/org/apache/hadoop/hdds/scm/server/SCMDatanodeProtocolServer.java: Recompile with -Xlint:deprecation for details.
[WARNING] /home/runner/work/sonar-analysis/sonar-analysis/project/hadoop-hdds/server-scm/src/main/java/org/apache/hadoop/hdds/scm/safemode/SCMSafeModeManager.java: Some input files use unchecked or unsafe operations.
[WARNING] /home/runner/work/sonar-analysis/sonar-analysis/project/hadoop-hdds/server-scm/src/main/java/org/apache/hadoop/hdds/scm/safemode/SCMSafeModeManager.java: Recompile with -Xlint:unchecked for details.
[INFO] 
[INFO] --- resources:3.1.0:testResources (default-testResources) @ hdds-server-scm ---
[INFO] Using 'UTF-8' encoding to copy filtered resources.
[INFO] skip non existing resourceDirectory /home/runner/work/sonar-analysis/sonar-analysis/project/hadoop-hdds/server-scm/../../hdds/common/src/main/resources
[INFO] Copying 2 resources
[INFO] Copying 2 resources
[INFO] 
[INFO] --- compiler:3.1:testCompile (default-testCompile) @ hdds-server-scm ---
[INFO] Compiling 95 source files to /home/runner/work/sonar-analysis/sonar-analysis/project/hadoop-hdds/server-scm/target/test-classes
[WARNING] /home/runner/work/sonar-analysis/sonar-analysis/project/hadoop-hdds/server-scm/src/test/java/org/apache/hadoop/hdds/scm/node/TestSCMNodeManager.java: Some input files use or override a deprecated API.
[WARNING] /home/runner/work/sonar-analysis/sonar-analysis/project/hadoop-hdds/server-scm/src/test/java/org/apache/hadoop/hdds/scm/node/TestSCMNodeManager.java: Recompile with -Xlint:deprecation for details.
[WARNING] /home/runner/work/sonar-analysis/sonar-analysis/project/hadoop-hdds/server-scm/src/test/java/org/apache/hadoop/hdds/scm/block/TestDeletedBlockLog.java: Some input files use unchecked or unsafe operations.
[WARNING] /home/runner/work/sonar-analysis/sonar-analysis/project/hadoop-hdds/server-scm/src/test/java/org/apache/hadoop/hdds/scm/block/TestDeletedBlockLog.java: Recompile with -Xlint:unchecked for details.
[INFO] 
[INFO] --- surefire:3.0.0-M1:test (default-test) @ hdds-server-scm ---
[INFO] Tests are skipped.
[INFO] 
[INFO] --- dependency:3.0.2:build-classpath (add-classpath-descriptor) @ hdds-server-scm ---
[INFO] Wrote classpath file '/home/runner/work/sonar-analysis/sonar-analysis/project/hadoop-hdds/server-scm/target/classes/hdds-server-scm.classpath'.
[INFO] 
[INFO] --- dependency:3.0.2:unpack (copy-common-html) @ hdds-server-scm ---
[INFO] Configured Artifact: org.apache.ozone:hdds-server-framework:?:jar
[INFO] Configured Artifact: org.apache.ozone:hdds-docs:?:jar
[INFO] Unpacking /home/runner/work/sonar-analysis/sonar-analysis/project/hadoop-hdds/framework/target/hdds-server-framework-1.3.0-SNAPSHOT.jar to /home/runner/work/sonar-analysis/sonar-analysis/project/hadoop-hdds/server-scm/target/classes with includes "webapps/static/**/*.*" and excludes ""
[INFO] Unpacking /home/runner/work/sonar-analysis/sonar-analysis/project/hadoop-hdds/docs/target/hdds-docs-1.3.0-SNAPSHOT.jar to /home/runner/work/sonar-analysis/sonar-analysis/project/hadoop-hdds/server-scm/target/classes/webapps/scm with includes "docs/**/*.*" and excludes ""
[INFO] 
[INFO] --- jar:2.5:jar (default-jar) @ hdds-server-scm ---
[INFO] Building jar: /home/runner/work/sonar-analysis/sonar-analysis/project/hadoop-hdds/server-scm/target/hdds-server-scm-1.3.0-SNAPSHOT.jar
[INFO] 
[INFO] --- jar:2.5:test-jar (default) @ hdds-server-scm ---
[INFO] Building jar: /home/runner/work/sonar-analysis/sonar-analysis/project/hadoop-hdds/server-scm/target/hdds-server-scm-1.3.0-SNAPSHOT-tests.jar
[INFO] 
[INFO] --- install:2.5.1:install (default-install) @ hdds-server-scm ---
[INFO] Installing /home/runner/work/sonar-analysis/sonar-analysis/project/hadoop-hdds/server-scm/target/hdds-server-scm-1.3.0-SNAPSHOT.jar to /home/runner/.m2/repository/org/apache/ozone/hdds-server-scm/1.3.0-SNAPSHOT/hdds-server-scm-1.3.0-SNAPSHOT.jar
[INFO] Installing /home/runner/work/sonar-analysis/sonar-analysis/project/hadoop-hdds/server-scm/pom.xml to /home/runner/.m2/repository/org/apache/ozone/hdds-server-scm/1.3.0-SNAPSHOT/hdds-server-scm-1.3.0-SNAPSHOT.pom
[INFO] Installing /home/runner/work/sonar-analysis/sonar-analysis/project/hadoop-hdds/server-scm/target/hdds-server-scm-1.3.0-SNAPSHOT-tests.jar to /home/runner/.m2/repository/org/apache/ozone/hdds-server-scm/1.3.0-SNAPSHOT/hdds-server-scm-1.3.0-SNAPSHOT-tests.jar
[INFO] 
[INFO] --------------------< org.apache.ozone:hdds-tools >---------------------
[INFO] Building Apache Ozone HDDS Tools 1.3.0-SNAPSHOT                  [17/40]
[INFO]   from hadoop-hdds/tools/pom.xml
[INFO] --------------------------------[ jar ]---------------------------------
[INFO] 
[INFO] --- clean:2.5:clean (default-clean) @ hdds-tools ---
[INFO] Deleting /home/runner/work/sonar-analysis/sonar-analysis/project/hadoop-hdds/tools/target
[INFO] Deleting /home/runner/work/sonar-analysis/sonar-analysis/project/hadoop-hdds/tools (includes = [dependency-reduced-pom.xml], excludes = [])
[INFO] 
[INFO] --- antrun:3.1.0:run (create-testdirs) @ hdds-tools ---
[INFO] Executing tasks
[INFO]     [mkdir] Created dir: /home/runner/work/sonar-analysis/sonar-analysis/project/hadoop-hdds/tools/target/test-dir
[INFO] Executed tasks
[INFO] 
[INFO] --- jacoco:0.8.5:prepare-agent (default-prepare-agent) @ hdds-tools ---
[INFO] argLine set to -javaagent:/home/runner/.m2/repository/org/jacoco/org.jacoco.agent/0.8.5/org.jacoco.agent-0.8.5-runtime.jar=destfile=/home/runner/work/sonar-analysis/sonar-analysis/project/hadoop-hdds/tools/target/jacoco.exec,includes=org.apache.hadoop.hdds.*:org.apache.hadoop.ozone.*:org.apache.hadoop.fs.ozone.*
[INFO] 
[INFO] --- remote-resources:1.5:process (default) @ hdds-tools ---
[INFO] 
[INFO] --- resources:3.1.0:resources (default-resources) @ hdds-tools ---
[INFO] Using 'UTF-8' encoding to copy filtered resources.
[INFO] skip non existing resourceDirectory /home/runner/work/sonar-analysis/sonar-analysis/project/hadoop-hdds/tools/src/main/resources
[INFO] Copying 2 resources
[INFO] 
[INFO] --- compiler:3.1:compile (default-compile) @ hdds-tools ---
[INFO] Compiling 44 source files to /home/runner/work/sonar-analysis/sonar-analysis/project/hadoop-hdds/tools/target/classes
[WARNING] /home/runner/work/sonar-analysis/sonar-analysis/project/hadoop-hdds/tools/src/main/java/org/apache/hadoop/hdds/scm/cli/container/CreateSubcommand.java: Some input files use or override a deprecated API.
[WARNING] /home/runner/work/sonar-analysis/sonar-analysis/project/hadoop-hdds/tools/src/main/java/org/apache/hadoop/hdds/scm/cli/container/CreateSubcommand.java: Recompile with -Xlint:deprecation for details.
[INFO] 
[INFO] --- resources:3.1.0:testResources (default-testResources) @ hdds-tools ---
[INFO] Using 'UTF-8' encoding to copy filtered resources.
[INFO] skip non existing resourceDirectory /home/runner/work/sonar-analysis/sonar-analysis/project/hadoop-hdds/tools/src/test/resources
[INFO] Copying 2 resources
[INFO] 
[INFO] --- compiler:3.1:testCompile (default-testCompile) @ hdds-tools ---
[INFO] Compiling 5 source files to /home/runner/work/sonar-analysis/sonar-analysis/project/hadoop-hdds/tools/target/test-classes
[WARNING] /home/runner/work/sonar-analysis/sonar-analysis/project/hadoop-hdds/tools/src/test/java/org/apache/hadoop/hdds/scm/cli/datanode/TestDecommissionSubCommand.java: Some input files use or override a deprecated API.
[WARNING] /home/runner/work/sonar-analysis/sonar-analysis/project/hadoop-hdds/tools/src/test/java/org/apache/hadoop/hdds/scm/cli/datanode/TestDecommissionSubCommand.java: Recompile with -Xlint:deprecation for details.
[INFO] 
[INFO] --- surefire:3.0.0-M1:test (default-test) @ hdds-tools ---
[INFO] Tests are skipped.
[INFO] 
[INFO] --- dependency:3.0.2:build-classpath (add-classpath-descriptor) @ hdds-tools ---
[INFO] Wrote classpath file '/home/runner/work/sonar-analysis/sonar-analysis/project/hadoop-hdds/tools/target/classes/hdds-tools.classpath'.
[INFO] 
[INFO] --- jar:2.5:jar (default-jar) @ hdds-tools ---
[INFO] Building jar: /home/runner/work/sonar-analysis/sonar-analysis/project/hadoop-hdds/tools/target/hdds-tools-1.3.0-SNAPSHOT.jar
[INFO] 
[INFO] --- jar:2.5:test-jar (default) @ hdds-tools ---
[INFO] Building jar: /home/runner/work/sonar-analysis/sonar-analysis/project/hadoop-hdds/tools/target/hdds-tools-1.3.0-SNAPSHOT-tests.jar
[INFO] 
[INFO] --- install:2.5.1:install (default-install) @ hdds-tools ---
[INFO] Installing /home/runner/work/sonar-analysis/sonar-analysis/project/hadoop-hdds/tools/target/hdds-tools-1.3.0-SNAPSHOT.jar to /home/runner/.m2/repository/org/apache/ozone/hdds-tools/1.3.0-SNAPSHOT/hdds-tools-1.3.0-SNAPSHOT.jar
[INFO] Installing /home/runner/work/sonar-analysis/sonar-analysis/project/hadoop-hdds/tools/pom.xml to /home/runner/.m2/repository/org/apache/ozone/hdds-tools/1.3.0-SNAPSHOT/hdds-tools-1.3.0-SNAPSHOT.pom
[INFO] Installing /home/runner/work/sonar-analysis/sonar-analysis/project/hadoop-hdds/tools/target/hdds-tools-1.3.0-SNAPSHOT-tests.jar to /home/runner/.m2/repository/org/apache/ozone/hdds-tools/1.3.0-SNAPSHOT/hdds-tools-1.3.0-SNAPSHOT-tests.jar
[INFO] 
[INFO] -----------------------< org.apache.ozone:ozone >-----------------------
[INFO] Building Apache Ozone 1.3.0-SNAPSHOT                             [18/40]
[INFO]   from hadoop-ozone/pom.xml
[INFO] --------------------------------[ pom ]---------------------------------
[INFO] 
[INFO] --- clean:2.5:clean (default-clean) @ ozone ---
[INFO] Deleting /home/runner/work/sonar-analysis/sonar-analysis/project/hadoop-ozone/target
[INFO] Deleting /home/runner/work/sonar-analysis/sonar-analysis/project/hadoop-ozone (includes = [dependency-reduced-pom.xml], excludes = [])
[INFO] 
[INFO] --- antrun:3.1.0:run (create-testdirs) @ ozone ---
[INFO] Executing tasks
[INFO]     [mkdir] Created dir: /home/runner/work/sonar-analysis/sonar-analysis/project/hadoop-ozone/target/test-dir
[INFO] Executed tasks
[INFO] 
[INFO] --- jacoco:0.8.5:prepare-agent (default-prepare-agent) @ ozone ---
[INFO] argLine set to -javaagent:/home/runner/.m2/repository/org/jacoco/org.jacoco.agent/0.8.5/org.jacoco.agent-0.8.5-runtime.jar=destfile=/home/runner/work/sonar-analysis/sonar-analysis/project/hadoop-ozone/target/jacoco.exec,includes=org.apache.hadoop.hdds.*:org.apache.hadoop.ozone.*:org.apache.hadoop.fs.ozone.*
[INFO] 
[INFO] --- remote-resources:1.5:process (default) @ ozone ---
[INFO] 
[INFO] --- jar:2.5:test-jar (default) @ ozone ---
[WARNING] JAR will be empty - no content was marked for inclusion!
[INFO] Building jar: /home/runner/work/sonar-analysis/sonar-analysis/project/hadoop-ozone/target/ozone-1.3.0-SNAPSHOT-tests.jar
[INFO] 
[INFO] --- install:2.5.1:install (default-install) @ ozone ---
[INFO] Installing /home/runner/work/sonar-analysis/sonar-analysis/project/hadoop-ozone/pom.xml to /home/runner/.m2/repository/org/apache/ozone/ozone/1.3.0-SNAPSHOT/ozone-1.3.0-SNAPSHOT.pom
[INFO] Installing /home/runner/work/sonar-analysis/sonar-analysis/project/hadoop-ozone/target/ozone-1.3.0-SNAPSHOT-tests.jar to /home/runner/.m2/repository/org/apache/ozone/ozone/1.3.0-SNAPSHOT/ozone-1.3.0-SNAPSHOT-tests.jar
[INFO] 
[INFO] --------------< org.apache.ozone:ozone-interface-client >---------------
[INFO] Building Apache Ozone Client Interface 1.3.0-SNAPSHOT            [19/40]
[INFO]   from hadoop-ozone/interface-client/pom.xml
[INFO] --------------------------------[ jar ]---------------------------------
[INFO] 
[INFO] --- clean:2.5:clean (default-clean) @ ozone-interface-client ---
[INFO] Deleting /home/runner/work/sonar-analysis/sonar-analysis/project/hadoop-ozone/interface-client/target
[INFO] Deleting /home/runner/work/sonar-analysis/sonar-analysis/project/hadoop-ozone/interface-client (includes = [dependency-reduced-pom.xml], excludes = [])
[INFO] 
[INFO] --- antrun:3.1.0:run (create-testdirs) @ ozone-interface-client ---
[INFO] Executing tasks
[INFO]     [mkdir] Created dir: /home/runner/work/sonar-analysis/sonar-analysis/project/hadoop-ozone/interface-client/target/test-dir
[INFO] Executed tasks
[INFO] 
[INFO] --- jacoco:0.8.5:prepare-agent (default-prepare-agent) @ ozone-interface-client ---
[INFO] argLine set to -javaagent:/home/runner/.m2/repository/org/jacoco/org.jacoco.agent/0.8.5/org.jacoco.agent-0.8.5-runtime.jar=destfile=/home/runner/work/sonar-analysis/sonar-analysis/project/hadoop-ozone/interface-client/target/jacoco.exec,includes=org.apache.hadoop.hdds.*:org.apache.hadoop.ozone.*:org.apache.hadoop.fs.ozone.*
[INFO] 
[INFO] --- protobuf:0.5.1:compile (compile-protoc) @ ozone-interface-client ---
[INFO] Compiling 4 proto file(s) to /home/runner/work/sonar-analysis/sonar-analysis/project/hadoop-ozone/interface-client/target/generated-sources/protobuf/java
[INFO] 
[INFO] --- protobuf:0.5.1:compile (compile-protoc3) @ ozone-interface-client ---
[INFO] Compiling 4 proto file(s) to /home/runner/work/sonar-analysis/sonar-analysis/project/hadoop-ozone/interface-client/target/generated-sources/protobuf/java/proto3
[INFO] 
[INFO] --- antrun:3.1.0:run (default) @ ozone-interface-client ---
[INFO] Executing tasks
[INFO]      [move] Moving 4 files to /home/runner/work/sonar-analysis/sonar-analysis/project/hadoop-ozone/interface-client/target/generated-sources/protobuf
[INFO] Executed tasks
[INFO] 
[INFO] --- remote-resources:1.5:process (default) @ ozone-interface-client ---
[INFO] 
[INFO] --- resources:3.1.0:resources (default-resources) @ ozone-interface-client ---
[INFO] Using 'UTF-8' encoding to copy filtered resources.
[INFO] Copying 1 resource
[INFO] Copying 4 resources
[INFO] Copying 4 resources
[INFO] Copying 2 resources
[INFO] 
[INFO] --- compiler:3.1:compile (default-compile) @ ozone-interface-client ---
[INFO] Compiling 8 source files to /home/runner/work/sonar-analysis/sonar-analysis/project/hadoop-ozone/interface-client/target/classes
[WARNING] /home/runner/work/sonar-analysis/sonar-analysis/project/hadoop-ozone/interface-client/target/generated-sources/protobuf/java/org/apache/hadoop/ozone/protocol/proto3/OzoneManagerProtocolProtos.java: /home/runner/work/sonar-analysis/sonar-analysis/project/hadoop-ozone/interface-client/target/generated-sources/protobuf/java/org/apache/hadoop/ozone/protocol/proto3/OzoneManagerProtocolProtos.java uses or overrides a deprecated API.
[WARNING] /home/runner/work/sonar-analysis/sonar-analysis/project/hadoop-ozone/interface-client/target/generated-sources/protobuf/java/org/apache/hadoop/ozone/protocol/proto3/OzoneManagerProtocolProtos.java: Recompile with -Xlint:deprecation for details.
[INFO] 
[INFO] --- protobuf:0.5.1:test-compile (compile-protoc) @ ozone-interface-client ---
[INFO] /home/runner/work/sonar-analysis/sonar-analysis/project/hadoop-ozone/interface-client/src/test/proto does not exist. Review the configuration or consider disabling the plugin.
[INFO] 
[INFO] --- protobuf:0.5.1:test-compile (compile-protoc3) @ ozone-interface-client ---
[INFO] /home/runner/work/sonar-analysis/sonar-analysis/project/hadoop-ozone/interface-client/src/test/proto does not exist. Review the configuration or consider disabling the plugin.
[INFO] 
[INFO] --- resources:3.1.0:testResources (default-testResources) @ ozone-interface-client ---
[INFO] Using 'UTF-8' encoding to copy filtered resources.
[INFO] skip non existing resourceDirectory /home/runner/work/sonar-analysis/sonar-analysis/project/hadoop-ozone/interface-client/src/test/resources
[INFO] Copying 2 resources
[INFO] 
[INFO] --- compiler:3.1:testCompile (default-testCompile) @ ozone-interface-client ---
[INFO] No sources to compile
[INFO] 
[INFO] --- surefire:3.0.0-M1:test (default-test) @ ozone-interface-client ---
[INFO] Tests are skipped.
[INFO] 
[INFO] --- jar:2.5:jar (default-jar) @ ozone-interface-client ---
[INFO] Building jar: /home/runner/work/sonar-analysis/sonar-analysis/project/hadoop-ozone/interface-client/target/ozone-interface-client-1.3.0-SNAPSHOT.jar
[INFO] 
[INFO] --- jar:2.5:test-jar (default) @ ozone-interface-client ---
[INFO] Building jar: /home/runner/work/sonar-analysis/sonar-analysis/project/hadoop-ozone/interface-client/target/ozone-interface-client-1.3.0-SNAPSHOT-tests.jar
[INFO] 
[INFO] --- proto-backwards-compatibility:1.0.7:backwards-compatibility-check (default) @ ozone-interface-client ---
[INFO] protolock cmd line: /home/runner/work/sonar-analysis/sonar-analysis/project/hadoop-ozone/interface-client/target/protolock-bin/protolock status --lockdir=/home/runner/work/sonar-analysis/sonar-analysis/project/hadoop-ozone/interface-client/target/classes --protoroot=/home/runner/work/sonar-analysis/sonar-analysis/project/hadoop-ozone/interface-client/target/classes
[INFO] protolock cmd line: /home/runner/work/sonar-analysis/sonar-analysis/project/hadoop-ozone/interface-client/target/protolock-bin/protolock commit --lockdir=/home/runner/work/sonar-analysis/sonar-analysis/project/hadoop-ozone/interface-client/target/classes --protoroot=/home/runner/work/sonar-analysis/sonar-analysis/project/hadoop-ozone/interface-client/target/classes
[INFO] Backwards compatibility check passed.
[INFO] 
[INFO] --- install:2.5.1:install (default-install) @ ozone-interface-client ---
[INFO] Installing /home/runner/work/sonar-analysis/sonar-analysis/project/hadoop-ozone/interface-client/target/ozone-interface-client-1.3.0-SNAPSHOT.jar to /home/runner/.m2/repository/org/apache/ozone/ozone-interface-client/1.3.0-SNAPSHOT/ozone-interface-client-1.3.0-SNAPSHOT.jar
[INFO] Installing /home/runner/work/sonar-analysis/sonar-analysis/project/hadoop-ozone/interface-client/pom.xml to /home/runner/.m2/repository/org/apache/ozone/ozone-interface-client/1.3.0-SNAPSHOT/ozone-interface-client-1.3.0-SNAPSHOT.pom
[INFO] Installing /home/runner/work/sonar-analysis/sonar-analysis/project/hadoop-ozone/interface-client/target/ozone-interface-client-1.3.0-SNAPSHOT-tests.jar to /home/runner/.m2/repository/org/apache/ozone/ozone-interface-client/1.3.0-SNAPSHOT/ozone-interface-client-1.3.0-SNAPSHOT-tests.jar
[INFO] 
[INFO] -------------------< org.apache.ozone:ozone-common >--------------------
[INFO] Building Apache Ozone Common 1.3.0-SNAPSHOT                      [20/40]
[INFO]   from hadoop-ozone/common/pom.xml
[INFO] --------------------------------[ jar ]---------------------------------
[INFO] 
[INFO] --- clean:2.5:clean (default-clean) @ ozone-common ---
[INFO] Deleting /home/runner/work/sonar-analysis/sonar-analysis/project/hadoop-ozone/common/target
[INFO] Deleting /home/runner/work/sonar-analysis/sonar-analysis/project/hadoop-ozone/common (includes = [dependency-reduced-pom.xml], excludes = [])
[INFO] 
[INFO] --- antrun:3.1.0:run (create-testdirs) @ ozone-common ---
[INFO] Executing tasks
[INFO]     [mkdir] Created dir: /home/runner/work/sonar-analysis/sonar-analysis/project/hadoop-ozone/common/target/test-dir
[INFO] Executed tasks
[INFO] 
[INFO] --- jacoco:0.8.5:prepare-agent (default-prepare-agent) @ ozone-common ---
[INFO] argLine set to -javaagent:/home/runner/.m2/repository/org/jacoco/org.jacoco.agent/0.8.5/org.jacoco.agent-0.8.5-runtime.jar=destfile=/home/runner/work/sonar-analysis/sonar-analysis/project/hadoop-ozone/common/target/jacoco.exec,includes=org.apache.hadoop.hdds.*:org.apache.hadoop.ozone.*:org.apache.hadoop.fs.ozone.*
[INFO] 
[INFO] --- remote-resources:1.5:process (default) @ ozone-common ---
[INFO] 
[INFO] --- hadoops:3.3.1:version-info (version-info) @ ozone-common ---
[INFO] SCM: GIT
[INFO] Computed MD5: b858d7b27fc920151c78f77d84ec9d5
[INFO] 
[INFO] --- resources:3.1.0:resources (default-resources) @ ozone-common ---
[INFO] Using 'UTF-8' encoding to copy filtered resources.
[INFO] Copying 0 resource
[INFO] Copying 1 resource
[INFO] Copying 2 resources
[INFO] 
[INFO] --- compiler:3.1:compile (default-compile) @ ozone-common ---
[INFO] Compiling 109 source files to /home/runner/work/sonar-analysis/sonar-analysis/project/hadoop-ozone/common/target/classes
[WARNING] /home/runner/work/sonar-analysis/sonar-analysis/project/hadoop-ozone/common/src/main/java/org/apache/hadoop/ozone/security/acl/RequestContext.java: Some input files use or override a deprecated API.
[WARNING] /home/runner/work/sonar-analysis/sonar-analysis/project/hadoop-ozone/common/src/main/java/org/apache/hadoop/ozone/security/acl/RequestContext.java: Recompile with -Xlint:deprecation for details.
[WARNING] /home/runner/work/sonar-analysis/sonar-analysis/project/hadoop-ozone/common/src/main/java/org/apache/hadoop/ozone/om/helpers/OmVolumeArgs.java: Some input files use unchecked or unsafe operations.
[WARNING] /home/runner/work/sonar-analysis/sonar-analysis/project/hadoop-ozone/common/src/main/java/org/apache/hadoop/ozone/om/helpers/OmVolumeArgs.java: Recompile with -Xlint:unchecked for details.
[INFO] 
[INFO] --- resources:3.1.0:testResources (default-testResources) @ ozone-common ---
[INFO] Using 'UTF-8' encoding to copy filtered resources.
[INFO] skip non existing resourceDirectory /home/runner/work/sonar-analysis/sonar-analysis/project/hadoop-ozone/common/src/test/resources
[INFO] Copying 2 resources
[INFO] 
[INFO] --- compiler:3.1:testCompile (default-testCompile) @ ozone-common ---
[INFO] Compiling 20 source files to /home/runner/work/sonar-analysis/sonar-analysis/project/hadoop-ozone/common/target/test-classes
[WARNING] /home/runner/work/sonar-analysis/sonar-analysis/project/hadoop-ozone/common/src/test/java/org/apache/hadoop/ozone/om/helpers/TestOmKeyLocationInfoGroup.java: /home/runner/work/sonar-analysis/sonar-analysis/project/hadoop-ozone/common/src/test/java/org/apache/hadoop/ozone/om/helpers/TestOmKeyLocationInfoGroup.java uses or overrides a deprecated API.
[WARNING] /home/runner/work/sonar-analysis/sonar-analysis/project/hadoop-ozone/common/src/test/java/org/apache/hadoop/ozone/om/helpers/TestOmKeyLocationInfoGroup.java: Recompile with -Xlint:deprecation for details.
[WARNING] /home/runner/work/sonar-analysis/sonar-analysis/project/hadoop-ozone/common/src/test/java/org/apache/hadoop/ozone/om/helpers/TestOmKeyInfo.java: Some input files use unchecked or unsafe operations.
[WARNING] /home/runner/work/sonar-analysis/sonar-analysis/project/hadoop-ozone/common/src/test/java/org/apache/hadoop/ozone/om/helpers/TestOmKeyInfo.java: Recompile with -Xlint:unchecked for details.
[INFO] 
[INFO] --- surefire:3.0.0-M1:test (default-test) @ ozone-common ---
[INFO] Tests are skipped.
[INFO] 
[INFO] --- dependency:3.0.2:build-classpath (add-classpath-descriptor) @ ozone-common ---
[INFO] Wrote classpath file '/home/runner/work/sonar-analysis/sonar-analysis/project/hadoop-ozone/common/target/classes/ozone-common.classpath'.
[INFO] 
[INFO] --- jar:2.5:jar (default-jar) @ ozone-common ---
[INFO] Building jar: /home/runner/work/sonar-analysis/sonar-analysis/project/hadoop-ozone/common/target/ozone-common-1.3.0-SNAPSHOT.jar
[INFO] 
[INFO] --- jar:2.5:test-jar (default) @ ozone-common ---
[INFO] Building jar: /home/runner/work/sonar-analysis/sonar-analysis/project/hadoop-ozone/common/target/ozone-common-1.3.0-SNAPSHOT-tests.jar
[INFO] 
[INFO] --- install:2.5.1:install (default-install) @ ozone-common ---
[INFO] Installing /home/runner/work/sonar-analysis/sonar-analysis/project/hadoop-ozone/common/target/ozone-common-1.3.0-SNAPSHOT.jar to /home/runner/.m2/repository/org/apache/ozone/ozone-common/1.3.0-SNAPSHOT/ozone-common-1.3.0-SNAPSHOT.jar
[INFO] Installing /home/runner/work/sonar-analysis/sonar-analysis/project/hadoop-ozone/common/pom.xml to /home/runner/.m2/repository/org/apache/ozone/ozone-common/1.3.0-SNAPSHOT/ozone-common-1.3.0-SNAPSHOT.pom
[INFO] Installing /home/runner/work/sonar-analysis/sonar-analysis/project/hadoop-ozone/common/target/ozone-common-1.3.0-SNAPSHOT-tests.jar to /home/runner/.m2/repository/org/apache/ozone/ozone-common/1.3.0-SNAPSHOT/ozone-common-1.3.0-SNAPSHOT-tests.jar
[INFO] 
[INFO] --------------< org.apache.ozone:ozone-interface-storage >--------------
[INFO] Building Apache Ozone Storage Interface 1.3.0-SNAPSHOT           [21/40]
[INFO]   from hadoop-ozone/interface-storage/pom.xml
[INFO] --------------------------------[ jar ]---------------------------------
[INFO] 
[INFO] --- clean:2.5:clean (default-clean) @ ozone-interface-storage ---
[INFO] Deleting /home/runner/work/sonar-analysis/sonar-analysis/project/hadoop-ozone/interface-storage/target
[INFO] Deleting /home/runner/work/sonar-analysis/sonar-analysis/project/hadoop-ozone/interface-storage (includes = [dependency-reduced-pom.xml], excludes = [])
[INFO] 
[INFO] --- antrun:3.1.0:run (create-testdirs) @ ozone-interface-storage ---
[INFO] Executing tasks
[INFO]     [mkdir] Created dir: /home/runner/work/sonar-analysis/sonar-analysis/project/hadoop-ozone/interface-storage/target/test-dir
[INFO] Executed tasks
[INFO] 
[INFO] --- jacoco:0.8.5:prepare-agent (default-prepare-agent) @ ozone-interface-storage ---
[INFO] argLine set to -javaagent:/home/runner/.m2/repository/org/jacoco/org.jacoco.agent/0.8.5/org.jacoco.agent-0.8.5-runtime.jar=destfile=/home/runner/work/sonar-analysis/sonar-analysis/project/hadoop-ozone/interface-storage/target/jacoco.exec,includes=org.apache.hadoop.hdds.*:org.apache.hadoop.ozone.*:org.apache.hadoop.fs.ozone.*
[INFO] 
[INFO] --- protobuf:0.5.1:compile (compile-protoc) @ ozone-interface-storage ---
[INFO] Compiling 1 proto file(s) to /home/runner/work/sonar-analysis/sonar-analysis/project/hadoop-ozone/interface-storage/target/generated-sources/protobuf/java
[INFO] 
[INFO] --- remote-resources:1.5:process (default) @ ozone-interface-storage ---
[INFO] 
[INFO] --- resources:3.1.0:resources (default-resources) @ ozone-interface-storage ---
[INFO] Using 'UTF-8' encoding to copy filtered resources.
[INFO] skip non existing resourceDirectory /home/runner/work/sonar-analysis/sonar-analysis/project/hadoop-ozone/interface-storage/src/main/resources
[INFO] Copying 1 resource
[INFO] Copying 2 resources
[INFO] 
[INFO] --- compiler:3.1:compile (default-compile) @ ozone-interface-storage ---
[INFO] Compiling 19 source files to /home/runner/work/sonar-analysis/sonar-analysis/project/hadoop-ozone/interface-storage/target/classes
[INFO] 
[INFO] --- protobuf:0.5.1:test-compile (compile-protoc) @ ozone-interface-storage ---
[INFO] /home/runner/work/sonar-analysis/sonar-analysis/project/hadoop-ozone/interface-storage/src/test/proto does not exist. Review the configuration or consider disabling the plugin.
[INFO] 
[INFO] --- resources:3.1.0:testResources (default-testResources) @ ozone-interface-storage ---
[INFO] Using 'UTF-8' encoding to copy filtered resources.
[INFO] skip non existing resourceDirectory /home/runner/work/sonar-analysis/sonar-analysis/project/hadoop-ozone/interface-storage/src/test/resources
[INFO] Copying 2 resources
[INFO] 
[INFO] --- compiler:3.1:testCompile (default-testCompile) @ ozone-interface-storage ---
[INFO] Compiling 10 source files to /home/runner/work/sonar-analysis/sonar-analysis/project/hadoop-ozone/interface-storage/target/test-classes
[WARNING] /home/runner/work/sonar-analysis/sonar-analysis/project/hadoop-ozone/interface-storage/src/test/java/org/apache/hadoop/ozone/om/codec/TestOmPrefixInfoCodec.java: Some input files use or override a deprecated API.
[WARNING] /home/runner/work/sonar-analysis/sonar-analysis/project/hadoop-ozone/interface-storage/src/test/java/org/apache/hadoop/ozone/om/codec/TestOmPrefixInfoCodec.java: Recompile with -Xlint:deprecation for details.
[INFO] 
[INFO] --- surefire:3.0.0-M1:test (default-test) @ ozone-interface-storage ---
[INFO] Tests are skipped.
[INFO] 
[INFO] --- dependency:3.0.2:build-classpath (add-classpath-descriptor) @ ozone-interface-storage ---
[INFO] Wrote classpath file '/home/runner/work/sonar-analysis/sonar-analysis/project/hadoop-ozone/interface-storage/target/classes/ozone-interface-storage.classpath'.
[INFO] 
[INFO] --- jar:2.5:jar (default-jar) @ ozone-interface-storage ---
[INFO] Building jar: /home/runner/work/sonar-analysis/sonar-analysis/project/hadoop-ozone/interface-storage/target/ozone-interface-storage-1.3.0-SNAPSHOT.jar
[INFO] 
[INFO] --- jar:2.5:test-jar (default) @ ozone-interface-storage ---
[INFO] Building jar: /home/runner/work/sonar-analysis/sonar-analysis/project/hadoop-ozone/interface-storage/target/ozone-interface-storage-1.3.0-SNAPSHOT-tests.jar
[INFO] 
[INFO] --- install:2.5.1:install (default-install) @ ozone-interface-storage ---
[INFO] Installing /home/runner/work/sonar-analysis/sonar-analysis/project/hadoop-ozone/interface-storage/target/ozone-interface-storage-1.3.0-SNAPSHOT.jar to /home/runner/.m2/repository/org/apache/ozone/ozone-interface-storage/1.3.0-SNAPSHOT/ozone-interface-storage-1.3.0-SNAPSHOT.jar
[INFO] Installing /home/runner/work/sonar-analysis/sonar-analysis/project/hadoop-ozone/interface-storage/pom.xml to /home/runner/.m2/repository/org/apache/ozone/ozone-interface-storage/1.3.0-SNAPSHOT/ozone-interface-storage-1.3.0-SNAPSHOT.pom
[INFO] Installing /home/runner/work/sonar-analysis/sonar-analysis/project/hadoop-ozone/interface-storage/target/ozone-interface-storage-1.3.0-SNAPSHOT-tests.jar to /home/runner/.m2/repository/org/apache/ozone/ozone-interface-storage/1.3.0-SNAPSHOT/ozone-interface-storage-1.3.0-SNAPSHOT-tests.jar
[INFO] 
[INFO] -------------------< org.apache.ozone:ozone-client >--------------------
[INFO] Building Apache Ozone Client 1.3.0-SNAPSHOT                      [22/40]
[INFO]   from hadoop-ozone/client/pom.xml
[INFO] --------------------------------[ jar ]---------------------------------
[INFO] 
[INFO] --- clean:2.5:clean (default-clean) @ ozone-client ---
[INFO] Deleting /home/runner/work/sonar-analysis/sonar-analysis/project/hadoop-ozone/client/target
[INFO] Deleting /home/runner/work/sonar-analysis/sonar-analysis/project/hadoop-ozone/client (includes = [dependency-reduced-pom.xml], excludes = [])
[INFO] 
[INFO] --- antrun:3.1.0:run (create-testdirs) @ ozone-client ---
[INFO] Executing tasks
[INFO]     [mkdir] Created dir: /home/runner/work/sonar-analysis/sonar-analysis/project/hadoop-ozone/client/target/test-dir
[INFO] Executed tasks
[INFO] 
[INFO] --- jacoco:0.8.5:prepare-agent (default-prepare-agent) @ ozone-client ---
[INFO] argLine set to -javaagent:/home/runner/.m2/repository/org/jacoco/org.jacoco.agent/0.8.5/org.jacoco.agent-0.8.5-runtime.jar=destfile=/home/runner/work/sonar-analysis/sonar-analysis/project/hadoop-ozone/client/target/jacoco.exec,includes=org.apache.hadoop.hdds.*:org.apache.hadoop.ozone.*:org.apache.hadoop.fs.ozone.*
[INFO] 
[INFO] --- remote-resources:1.5:process (default) @ ozone-client ---
[INFO] 
[INFO] --- resources:3.1.0:resources (default-resources) @ ozone-client ---
[INFO] Using 'UTF-8' encoding to copy filtered resources.
[INFO] skip non existing resourceDirectory /home/runner/work/sonar-analysis/sonar-analysis/project/hadoop-ozone/client/src/main/resources
[INFO] Copying 2 resources
[INFO] 
[INFO] --- compiler:3.1:compile (default-compile) @ ozone-client ---
[INFO] Compiling 31 source files to /home/runner/work/sonar-analysis/sonar-analysis/project/hadoop-ozone/client/target/classes
[WARNING] /home/runner/work/sonar-analysis/sonar-analysis/project/hadoop-ozone/client/src/main/java/org/apache/hadoop/ozone/client/io/BlockOutputStreamEntryPool.java: Some input files use or override a deprecated API.
[WARNING] /home/runner/work/sonar-analysis/sonar-analysis/project/hadoop-ozone/client/src/main/java/org/apache/hadoop/ozone/client/io/BlockOutputStreamEntryPool.java: Recompile with -Xlint:deprecation for details.
[WARNING] /home/runner/work/sonar-analysis/sonar-analysis/project/hadoop-ozone/client/src/main/java/org/apache/hadoop/ozone/client/OzoneBucket.java: Some input files use unchecked or unsafe operations.
[WARNING] /home/runner/work/sonar-analysis/sonar-analysis/project/hadoop-ozone/client/src/main/java/org/apache/hadoop/ozone/client/OzoneBucket.java: Recompile with -Xlint:unchecked for details.
[INFO] 
[INFO] --- resources:3.1.0:testResources (default-testResources) @ ozone-client ---
[INFO] Using 'UTF-8' encoding to copy filtered resources.
[INFO] skip non existing resourceDirectory /home/runner/work/sonar-analysis/sonar-analysis/project/hadoop-ozone/client/src/test/resources
[INFO] Copying 2 resources
[INFO] 
[INFO] --- compiler:3.1:testCompile (default-testCompile) @ ozone-client ---
[INFO] Compiling 12 source files to /home/runner/work/sonar-analysis/sonar-analysis/project/hadoop-ozone/client/target/test-classes
[WARNING] /home/runner/work/sonar-analysis/sonar-analysis/project/hadoop-ozone/client/src/test/java/org/apache/hadoop/ozone/client/TestOzoneClient.java: Some input files use or override a deprecated API.
[WARNING] /home/runner/work/sonar-analysis/sonar-analysis/project/hadoop-ozone/client/src/test/java/org/apache/hadoop/ozone/client/TestOzoneClient.java: Recompile with -Xlint:deprecation for details.
[WARNING] /home/runner/work/sonar-analysis/sonar-analysis/project/hadoop-ozone/client/src/test/java/org/apache/hadoop/ozone/client/MockDatanodeStorage.java: /home/runner/work/sonar-analysis/sonar-analysis/project/hadoop-ozone/client/src/test/java/org/apache/hadoop/ozone/client/MockDatanodeStorage.java uses unchecked or unsafe operations.
[WARNING] /home/runner/work/sonar-analysis/sonar-analysis/project/hadoop-ozone/client/src/test/java/org/apache/hadoop/ozone/client/MockDatanodeStorage.java: Recompile with -Xlint:unchecked for details.
[INFO] 
[INFO] --- surefire:3.0.0-M1:test (default-test) @ ozone-client ---
[INFO] Tests are skipped.
[INFO] 
[INFO] --- dependency:3.0.2:build-classpath (add-classpath-descriptor) @ ozone-client ---
[INFO] Wrote classpath file '/home/runner/work/sonar-analysis/sonar-analysis/project/hadoop-ozone/client/target/classes/ozone-client.classpath'.
[INFO] 
[INFO] --- jar:2.5:jar (default-jar) @ ozone-client ---
[INFO] Building jar: /home/runner/work/sonar-analysis/sonar-analysis/project/hadoop-ozone/client/target/ozone-client-1.3.0-SNAPSHOT.jar
[INFO] 
[INFO] --- jar:2.5:test-jar (default) @ ozone-client ---
[INFO] Building jar: /home/runner/work/sonar-analysis/sonar-analysis/project/hadoop-ozone/client/target/ozone-client-1.3.0-SNAPSHOT-tests.jar
[INFO] 
[INFO] --- install:2.5.1:install (default-install) @ ozone-client ---
[INFO] Installing /home/runner/work/sonar-analysis/sonar-analysis/project/hadoop-ozone/client/target/ozone-client-1.3.0-SNAPSHOT.jar to /home/runner/.m2/repository/org/apache/ozone/ozone-client/1.3.0-SNAPSHOT/ozone-client-1.3.0-SNAPSHOT.jar
[INFO] Installing /home/runner/work/sonar-analysis/sonar-analysis/project/hadoop-ozone/client/pom.xml to /home/runner/.m2/repository/org/apache/ozone/ozone-client/1.3.0-SNAPSHOT/ozone-client-1.3.0-SNAPSHOT.pom
[INFO] Installing /home/runner/work/sonar-analysis/sonar-analysis/project/hadoop-ozone/client/target/ozone-client-1.3.0-SNAPSHOT-tests.jar to /home/runner/.m2/repository/org/apache/ozone/ozone-client/1.3.0-SNAPSHOT/ozone-client-1.3.0-SNAPSHOT-tests.jar
[INFO] 
[INFO] -------------------< org.apache.ozone:ozone-manager >-------------------
[INFO] Building Apache Ozone Manager Server 1.3.0-SNAPSHOT              [23/40]
[INFO]   from hadoop-ozone/ozone-manager/pom.xml
[INFO] --------------------------------[ jar ]---------------------------------
[INFO] 
[INFO] --- clean:2.5:clean (default-clean) @ ozone-manager ---
[INFO] Deleting /home/runner/work/sonar-analysis/sonar-analysis/project/hadoop-ozone/ozone-manager/target
[INFO] Deleting /home/runner/work/sonar-analysis/sonar-analysis/project/hadoop-ozone/ozone-manager (includes = [dependency-reduced-pom.xml], excludes = [])
[INFO] 
[INFO] --- antrun:3.1.0:run (create-testdirs) @ ozone-manager ---
[INFO] Executing tasks
[INFO]     [mkdir] Created dir: /home/runner/work/sonar-analysis/sonar-analysis/project/hadoop-ozone/ozone-manager/target/test-dir
[INFO] Executed tasks
[INFO] 
[INFO] --- jacoco:0.8.5:prepare-agent (default-prepare-agent) @ ozone-manager ---
[INFO] argLine set to -javaagent:/home/runner/.m2/repository/org/jacoco/org.jacoco.agent/0.8.5/org.jacoco.agent-0.8.5-runtime.jar=destfile=/home/runner/work/sonar-analysis/sonar-analysis/project/hadoop-ozone/ozone-manager/target/jacoco.exec,includes=org.apache.hadoop.hdds.*:org.apache.hadoop.ozone.*:org.apache.hadoop.fs.ozone.*
[INFO] 
[INFO] --- remote-resources:1.5:process (default) @ ozone-manager ---
[INFO] 
[INFO] --- resources:3.1.0:resources (default-resources) @ ozone-manager ---
[INFO] Using 'UTF-8' encoding to copy filtered resources.
[INFO] Copying 6 resources
[INFO] Copying 2 resources
[INFO] 
[INFO] --- compiler:3.1:compile (default-compile) @ ozone-manager ---
[INFO] Compiling 228 source files to /home/runner/work/sonar-analysis/sonar-analysis/project/hadoop-ozone/ozone-manager/target/classes
[WARNING] /home/runner/work/sonar-analysis/sonar-analysis/project/hadoop-ozone/ozone-manager/src/main/java/org/apache/hadoop/ozone/om/request/OMClientRequest.java: Some input files use or override a deprecated API.
[WARNING] /home/runner/work/sonar-analysis/sonar-analysis/project/hadoop-ozone/ozone-manager/src/main/java/org/apache/hadoop/ozone/om/request/OMClientRequest.java: Recompile with -Xlint:deprecation for details.
[WARNING] /home/runner/work/sonar-analysis/sonar-analysis/project/hadoop-ozone/ozone-manager/src/main/java/org/apache/hadoop/ozone/security/OzoneSecretStore.java: Some input files use unchecked or unsafe operations.
[WARNING] /home/runner/work/sonar-analysis/sonar-analysis/project/hadoop-ozone/ozone-manager/src/main/java/org/apache/hadoop/ozone/security/OzoneSecretStore.java: Recompile with -Xlint:unchecked for details.
[INFO] 
[INFO] --- aspectj:1.14.0:compile (default) @ ozone-manager ---
[INFO] Showing AJC message detail for messages of types: [error, warning, fail]
[WARNING] No SupportedSourceVersion annotation found on org.apache.hadoop.hdds.conf.ConfigFileGenerator, returning RELEASE_6.
	<unknown source file>:<no line information>

[WARNING] advice defined in org.apache.hadoop.ozone.om.upgrade.OMLayoutFeatureAspect has not been applied [Xlint:adviceDidNotMatch]
	/home/runner/work/sonar-analysis/sonar-analysis/project/hadoop-ozone/ozone-manager/src/main/java/org/apache/hadoop/ozone/om/upgrade/OMLayoutFeatureAspect.java:53

[INFO] 
[INFO] --- resources:3.1.0:testResources (default-testResources) @ ozone-manager ---
[INFO] Using 'UTF-8' encoding to copy filtered resources.
[INFO] skip non existing resourceDirectory /home/runner/work/sonar-analysis/sonar-analysis/project/hadoop-ozone/ozone-manager/../../hdds/common/src/main/resources
[INFO] Copying 1 resource
[INFO] Copying 2 resources
[INFO] 
[INFO] --- compiler:3.1:testCompile (default-testCompile) @ ozone-manager ---
[INFO] Compiling 138 source files to /home/runner/work/sonar-analysis/sonar-analysis/project/hadoop-ozone/ozone-manager/target/test-classes
[WARNING] /home/runner/work/sonar-analysis/sonar-analysis/project/hadoop-ozone/ozone-manager/src/test/java/org/apache/hadoop/ozone/om/request/TestOMClientRequestWithUserInfo.java: Some input files use or override a deprecated API.
[WARNING] /home/runner/work/sonar-analysis/sonar-analysis/project/hadoop-ozone/ozone-manager/src/test/java/org/apache/hadoop/ozone/om/request/TestOMClientRequestWithUserInfo.java: Recompile with -Xlint:deprecation for details.
[WARNING] /home/runner/work/sonar-analysis/sonar-analysis/project/hadoop-ozone/ozone-manager/src/test/java/org/apache/hadoop/ozone/om/request/key/TestOMKeyRequest.java: Some input files use unchecked or unsafe operations.
[WARNING] /home/runner/work/sonar-analysis/sonar-analysis/project/hadoop-ozone/ozone-manager/src/test/java/org/apache/hadoop/ozone/om/request/key/TestOMKeyRequest.java: Recompile with -Xlint:unchecked for details.
[INFO] 
[INFO] --- surefire:3.0.0-M1:test (default-test) @ ozone-manager ---
[INFO] Tests are skipped.
[INFO] 
[INFO] --- dependency:3.0.2:build-classpath (add-classpath-descriptor) @ ozone-manager ---
[INFO] Wrote classpath file '/home/runner/work/sonar-analysis/sonar-analysis/project/hadoop-ozone/ozone-manager/target/classes/ozone-manager.classpath'.
[INFO] 
[INFO] --- dependency:3.0.2:unpack (copy-common-html) @ ozone-manager ---
[INFO] Configured Artifact: org.apache.ozone:hdds-server-framework:?:jar
[INFO] Configured Artifact: org.apache.ozone:hdds-docs:?:jar
[INFO] Unpacking /home/runner/work/sonar-analysis/sonar-analysis/project/hadoop-hdds/framework/target/hdds-server-framework-1.3.0-SNAPSHOT.jar to /home/runner/work/sonar-analysis/sonar-analysis/project/hadoop-ozone/ozone-manager/target/classes with includes "webapps/static/**/*.*" and excludes ""
[INFO] Unpacking /home/runner/work/sonar-analysis/sonar-analysis/project/hadoop-hdds/docs/target/hdds-docs-1.3.0-SNAPSHOT.jar to /home/runner/work/sonar-analysis/sonar-analysis/project/hadoop-ozone/ozone-manager/target/classes/webapps/ozoneManager with includes "docs/**/*.*" and excludes ""
[INFO] 
[INFO] --- jar:2.5:jar (default-jar) @ ozone-manager ---
[INFO] Building jar: /home/runner/work/sonar-analysis/sonar-analysis/project/hadoop-ozone/ozone-manager/target/ozone-manager-1.3.0-SNAPSHOT.jar
[INFO] 
[INFO] --- jar:2.5:test-jar (default) @ ozone-manager ---
[INFO] Building jar: /home/runner/work/sonar-analysis/sonar-analysis/project/hadoop-ozone/ozone-manager/target/ozone-manager-1.3.0-SNAPSHOT-tests.jar
[INFO] 
[INFO] --- install:2.5.1:install (default-install) @ ozone-manager ---
[INFO] Installing /home/runner/work/sonar-analysis/sonar-analysis/project/hadoop-ozone/ozone-manager/target/ozone-manager-1.3.0-SNAPSHOT.jar to /home/runner/.m2/repository/org/apache/ozone/ozone-manager/1.3.0-SNAPSHOT/ozone-manager-1.3.0-SNAPSHOT.jar
[INFO] Installing /home/runner/work/sonar-analysis/sonar-analysis/project/hadoop-ozone/ozone-manager/pom.xml to /home/runner/.m2/repository/org/apache/ozone/ozone-manager/1.3.0-SNAPSHOT/ozone-manager-1.3.0-SNAPSHOT.pom
[INFO] Installing /home/runner/work/sonar-analysis/sonar-analysis/project/hadoop-ozone/ozone-manager/target/ozone-manager-1.3.0-SNAPSHOT-tests.jar to /home/runner/.m2/repository/org/apache/ozone/ozone-manager/1.3.0-SNAPSHOT/ozone-manager-1.3.0-SNAPSHOT-tests.jar
[INFO] 
[INFO] --------------< org.apache.ozone:ozone-filesystem-common >--------------
[INFO] Building Apache Ozone FileSystem Common 1.3.0-SNAPSHOT           [24/40]
[INFO]   from hadoop-ozone/ozonefs-common/pom.xml
[INFO] --------------------------------[ jar ]---------------------------------
[WARNING] 1 problem was encountered while building the effective model for org.javassist:javassist:jar:3.20.0-GA during dependency collection step for project (use -X to see details)
[INFO] 
[INFO] --- clean:2.5:clean (default-clean) @ ozone-filesystem-common ---
[INFO] Deleting /home/runner/work/sonar-analysis/sonar-analysis/project/hadoop-ozone/ozonefs-common/target
[INFO] Deleting /home/runner/work/sonar-analysis/sonar-analysis/project/hadoop-ozone/ozonefs-common (includes = [dependency-reduced-pom.xml], excludes = [])
[INFO] 
[INFO] --- antrun:3.1.0:run (create-testdirs) @ ozone-filesystem-common ---
[INFO] Executing tasks
[INFO]     [mkdir] Created dir: /home/runner/work/sonar-analysis/sonar-analysis/project/hadoop-ozone/ozonefs-common/target/test-dir
[INFO] Executed tasks
[INFO] 
[INFO] --- jacoco:0.8.5:prepare-agent (default-prepare-agent) @ ozone-filesystem-common ---
[INFO] argLine set to -javaagent:/home/runner/.m2/repository/org/jacoco/org.jacoco.agent/0.8.5/org.jacoco.agent-0.8.5-runtime.jar=destfile=/home/runner/work/sonar-analysis/sonar-analysis/project/hadoop-ozone/ozonefs-common/target/jacoco.exec,includes=org.apache.hadoop.hdds.*:org.apache.hadoop.ozone.*:org.apache.hadoop.fs.ozone.*
[INFO] 
[INFO] --- remote-resources:1.5:process (default) @ ozone-filesystem-common ---
[INFO] 
[INFO] --- resources:3.1.0:resources (default-resources) @ ozone-filesystem-common ---
[INFO] Using 'UTF-8' encoding to copy filtered resources.
[INFO] skip non existing resourceDirectory /home/runner/work/sonar-analysis/sonar-analysis/project/hadoop-ozone/ozonefs-common/src/main/resources
[INFO] Copying 2 resources
[INFO] 
[INFO] --- compiler:3.1:compile (default-compile) @ ozone-filesystem-common ---
[INFO] Compiling 21 source files to /home/runner/work/sonar-analysis/sonar-analysis/project/hadoop-ozone/ozonefs-common/target/classes
[WARNING] /home/runner/work/sonar-analysis/sonar-analysis/project/hadoop-ozone/ozonefs-common/src/main/java/org/apache/hadoop/fs/ozone/BasicRootedOzoneFileSystem.java: Some input files use or override a deprecated API.
[WARNING] /home/runner/work/sonar-analysis/sonar-analysis/project/hadoop-ozone/ozonefs-common/src/main/java/org/apache/hadoop/fs/ozone/BasicRootedOzoneFileSystem.java: Recompile with -Xlint:deprecation for details.
[WARNING] /home/runner/work/sonar-analysis/sonar-analysis/project/hadoop-ozone/ozonefs-common/src/main/java/org/apache/hadoop/fs/ozone/BasicRootedOzoneClientAdapterImpl.java: Some input files use unchecked or unsafe operations.
[WARNING] /home/runner/work/sonar-analysis/sonar-analysis/project/hadoop-ozone/ozonefs-common/src/main/java/org/apache/hadoop/fs/ozone/BasicRootedOzoneClientAdapterImpl.java: Recompile with -Xlint:unchecked for details.
[INFO] 
[INFO] --- resources:3.1.0:testResources (default-testResources) @ ozone-filesystem-common ---
[INFO] Using 'UTF-8' encoding to copy filtered resources.
[INFO] Copying 2 resources
[INFO] Copying 2 resources
[INFO] 
[INFO] --- compiler:3.1:testCompile (default-testCompile) @ ozone-filesystem-common ---
[INFO] Compiling 4 source files to /home/runner/work/sonar-analysis/sonar-analysis/project/hadoop-ozone/ozonefs-common/target/test-classes
[WARNING] /home/runner/work/sonar-analysis/sonar-analysis/project/hadoop-ozone/ozonefs-common/src/test/java/org/apache/hadoop/fs/ozone/TestBasicOzoneFileSystems.java: /home/runner/work/sonar-analysis/sonar-analysis/project/hadoop-ozone/ozonefs-common/src/test/java/org/apache/hadoop/fs/ozone/TestBasicOzoneFileSystems.java uses or overrides a deprecated API.
[WARNING] /home/runner/work/sonar-analysis/sonar-analysis/project/hadoop-ozone/ozonefs-common/src/test/java/org/apache/hadoop/fs/ozone/TestBasicOzoneFileSystems.java: Recompile with -Xlint:deprecation for details.
[INFO] 
[INFO] --- surefire:3.0.0-M1:test (default-test) @ ozone-filesystem-common ---
[INFO] Tests are skipped.
[INFO] 
[INFO] --- dependency:3.0.2:build-classpath (add-classpath-descriptor) @ ozone-filesystem-common ---
[INFO] Wrote classpath file '/home/runner/work/sonar-analysis/sonar-analysis/project/hadoop-ozone/ozonefs-common/target/classes/ozone-filesystem-common.classpath'.
[INFO] 
[INFO] --- jar:2.5:jar (default-jar) @ ozone-filesystem-common ---
[INFO] Building jar: /home/runner/work/sonar-analysis/sonar-analysis/project/hadoop-ozone/ozonefs-common/target/ozone-filesystem-common-1.3.0-SNAPSHOT.jar
[INFO] 
[INFO] --- jar:2.5:test-jar (default) @ ozone-filesystem-common ---
[INFO] Building jar: /home/runner/work/sonar-analysis/sonar-analysis/project/hadoop-ozone/ozonefs-common/target/ozone-filesystem-common-1.3.0-SNAPSHOT-tests.jar
[INFO] 
[INFO] --- install:2.5.1:install (default-install) @ ozone-filesystem-common ---
[INFO] Installing /home/runner/work/sonar-analysis/sonar-analysis/project/hadoop-ozone/ozonefs-common/target/ozone-filesystem-common-1.3.0-SNAPSHOT.jar to /home/runner/.m2/repository/org/apache/ozone/ozone-filesystem-common/1.3.0-SNAPSHOT/ozone-filesystem-common-1.3.0-SNAPSHOT.jar
[INFO] Installing /home/runner/work/sonar-analysis/sonar-analysis/project/hadoop-ozone/ozonefs-common/pom.xml to /home/runner/.m2/repository/org/apache/ozone/ozone-filesystem-common/1.3.0-SNAPSHOT/ozone-filesystem-common-1.3.0-SNAPSHOT.pom
[INFO] Installing /home/runner/work/sonar-analysis/sonar-analysis/project/hadoop-ozone/ozonefs-common/target/ozone-filesystem-common-1.3.0-SNAPSHOT-tests.jar to /home/runner/.m2/repository/org/apache/ozone/ozone-filesystem-common/1.3.0-SNAPSHOT/ozone-filesystem-common-1.3.0-SNAPSHOT-tests.jar
[INFO] 
[INFO] -----------------< org.apache.ozone:ozone-filesystem >------------------
[INFO] Building Apache Ozone FileSystem 1.3.0-SNAPSHOT                  [25/40]
[INFO]   from hadoop-ozone/ozonefs/pom.xml
[INFO] --------------------------------[ jar ]---------------------------------
[INFO] 
[INFO] --- clean:2.5:clean (default-clean) @ ozone-filesystem ---
[INFO] Deleting /home/runner/work/sonar-analysis/sonar-analysis/project/hadoop-ozone/ozonefs/target
[INFO] Deleting /home/runner/work/sonar-analysis/sonar-analysis/project/hadoop-ozone/ozonefs (includes = [dependency-reduced-pom.xml], excludes = [])
[INFO] 
[INFO] --- antrun:3.1.0:run (create-testdirs) @ ozone-filesystem ---
[INFO] Executing tasks
[INFO]     [mkdir] Created dir: /home/runner/work/sonar-analysis/sonar-analysis/project/hadoop-ozone/ozonefs/target/test-dir
[INFO] Executed tasks
[INFO] 
[INFO] --- jacoco:0.8.5:prepare-agent (default-prepare-agent) @ ozone-filesystem ---
[INFO] argLine set to -javaagent:/home/runner/.m2/repository/org/jacoco/org.jacoco.agent/0.8.5/org.jacoco.agent-0.8.5-runtime.jar=destfile=/home/runner/work/sonar-analysis/sonar-analysis/project/hadoop-ozone/ozonefs/target/jacoco.exec,includes=org.apache.hadoop.hdds.*:org.apache.hadoop.ozone.*:org.apache.hadoop.fs.ozone.*
[INFO] 
[INFO] --- remote-resources:1.5:process (default) @ ozone-filesystem ---
[INFO] 
[INFO] --- resources:3.1.0:resources (default-resources) @ ozone-filesystem ---
[INFO] Using 'UTF-8' encoding to copy filtered resources.
[INFO] Copying 4 resources
[INFO] Copying 2 resources
[INFO] 
[INFO] --- compiler:3.1:compile (default-compile) @ ozone-filesystem ---
[INFO] Compiling 7 source files to /home/runner/work/sonar-analysis/sonar-analysis/project/hadoop-ozone/ozonefs/target/classes
[INFO] 
[INFO] --- dependency:3.0.2:list (deplist) @ ozone-filesystem ---
[INFO] Can't extract module name from hadoop-shaded-protobuf_3_7-1.1.1.jar: hadoop.shaded.protobuf.3.7: Invalid module name: '3' is not a Java identifier
[INFO] Can't extract module name from hdds-interface-client-1.3.0-SNAPSHOT.jar: hdds.interface.client: Invalid module name: 'interface' is not a Java identifier
[INFO] Can't extract module name from hdds-interface-admin-1.3.0-SNAPSHOT.jar: hdds.interface.admin: Invalid module name: 'interface' is not a Java identifier
[INFO] Can't extract module name from ozone-interface-client-1.3.0-SNAPSHOT.jar: ozone.interface.client: Invalid module name: 'interface' is not a Java identifier
[INFO] Can't extract module name from htrace-core4-4.1.0-incubating.jar: Provider class com.fasterxml.jackson.core.JsonFactory not in module
[INFO] 
[INFO] --- resources:3.1.0:testResources (default-testResources) @ ozone-filesystem ---
[INFO] Using 'UTF-8' encoding to copy filtered resources.
[INFO] skip non existing resourceDirectory /home/runner/work/sonar-analysis/sonar-analysis/project/hadoop-ozone/ozonefs/src/test/resources
[INFO] Copying 2 resources
[INFO] 
[INFO] --- compiler:3.1:testCompile (default-testCompile) @ ozone-filesystem ---
[INFO] No sources to compile
[INFO] 
[INFO] --- surefire:3.0.0-M1:test (default-test) @ ozone-filesystem ---
[INFO] Tests are skipped.
[INFO] 
[INFO] --- dependency:3.0.2:build-classpath (add-classpath-descriptor) @ ozone-filesystem ---
[INFO] Wrote classpath file '/home/runner/work/sonar-analysis/sonar-analysis/project/hadoop-ozone/ozonefs/target/classes/ozone-filesystem.classpath'.
[INFO] 
[INFO] --- jar:2.5:jar (default-jar) @ ozone-filesystem ---
[INFO] Building jar: /home/runner/work/sonar-analysis/sonar-analysis/project/hadoop-ozone/ozonefs/target/ozone-filesystem-1.3.0-SNAPSHOT.jar
[INFO] 
[INFO] --- jar:2.5:test-jar (default) @ ozone-filesystem ---
[INFO] Building jar: /home/runner/work/sonar-analysis/sonar-analysis/project/hadoop-ozone/ozonefs/target/ozone-filesystem-1.3.0-SNAPSHOT-tests.jar
[INFO] 
[INFO] --- install:2.5.1:install (default-install) @ ozone-filesystem ---
[INFO] Installing /home/runner/work/sonar-analysis/sonar-analysis/project/hadoop-ozone/ozonefs/target/ozone-filesystem-1.3.0-SNAPSHOT.jar to /home/runner/.m2/repository/org/apache/ozone/ozone-filesystem/1.3.0-SNAPSHOT/ozone-filesystem-1.3.0-SNAPSHOT.jar
[INFO] Installing /home/runner/work/sonar-analysis/sonar-analysis/project/hadoop-ozone/ozonefs/pom.xml to /home/runner/.m2/repository/org/apache/ozone/ozone-filesystem/1.3.0-SNAPSHOT/ozone-filesystem-1.3.0-SNAPSHOT.pom
[INFO] Installing /home/runner/work/sonar-analysis/sonar-analysis/project/hadoop-ozone/ozonefs/target/ozone-filesystem-1.3.0-SNAPSHOT-tests.jar to /home/runner/.m2/repository/org/apache/ozone/ozone-filesystem/1.3.0-SNAPSHOT/ozone-filesystem-1.3.0-SNAPSHOT-tests.jar
[INFO] 
[INFO] ----------------< org.apache.ozone:ozone-reconcodegen >-----------------
[INFO] Building Apache Ozone Recon CodeGen 1.3.0-SNAPSHOT               [26/40]
[INFO]   from hadoop-ozone/recon-codegen/pom.xml
[INFO] --------------------------------[ jar ]---------------------------------
[INFO] 
[INFO] --- clean:2.5:clean (default-clean) @ ozone-reconcodegen ---
[INFO] Deleting /home/runner/work/sonar-analysis/sonar-analysis/project/hadoop-ozone/recon-codegen/target
[INFO] Deleting /home/runner/work/sonar-analysis/sonar-analysis/project/hadoop-ozone/recon-codegen (includes = [dependency-reduced-pom.xml], excludes = [])
[INFO] 
[INFO] --- antrun:3.1.0:run (create-testdirs) @ ozone-reconcodegen ---
[INFO] Executing tasks
[INFO]     [mkdir] Created dir: /home/runner/work/sonar-analysis/sonar-analysis/project/hadoop-ozone/recon-codegen/target/test-dir
[INFO] Executed tasks
[INFO] 
[INFO] --- jacoco:0.8.5:prepare-agent (default-prepare-agent) @ ozone-reconcodegen ---
[INFO] argLine set to -javaagent:/home/runner/.m2/repository/org/jacoco/org.jacoco.agent/0.8.5/org.jacoco.agent-0.8.5-runtime.jar=destfile=/home/runner/work/sonar-analysis/sonar-analysis/project/hadoop-ozone/recon-codegen/target/jacoco.exec,includes=org.apache.hadoop.hdds.*:org.apache.hadoop.ozone.*:org.apache.hadoop.fs.ozone.*
[INFO] 
[INFO] --- remote-resources:1.5:process (default) @ ozone-reconcodegen ---
[INFO] 
[INFO] --- resources:3.1.0:resources (default-resources) @ ozone-reconcodegen ---
[INFO] Using 'UTF-8' encoding to copy filtered resources.
[INFO] skip non existing resourceDirectory /home/runner/work/sonar-analysis/sonar-analysis/project/hadoop-ozone/recon-codegen/src/main/resources
[INFO] Copying 2 resources
[INFO] 
[INFO] --- compiler:3.1:compile (default-compile) @ ozone-reconcodegen ---
[INFO] Compiling 12 source files to /home/runner/work/sonar-analysis/sonar-analysis/project/hadoop-ozone/recon-codegen/target/classes
[INFO] 
[INFO] --- resources:3.1.0:testResources (default-testResources) @ ozone-reconcodegen ---
[INFO] Using 'UTF-8' encoding to copy filtered resources.
[INFO] skip non existing resourceDirectory /home/runner/work/sonar-analysis/sonar-analysis/project/hadoop-ozone/recon-codegen/src/test/resources
[INFO] Copying 2 resources
[INFO] 
[INFO] --- compiler:3.1:testCompile (default-testCompile) @ ozone-reconcodegen ---
[INFO] No sources to compile
[INFO] 
[INFO] --- surefire:3.0.0-M1:test (default-test) @ ozone-reconcodegen ---
[INFO] Tests are skipped.
[INFO] 
[INFO] --- dependency:3.0.2:build-classpath (add-classpath-descriptor) @ ozone-reconcodegen ---
[INFO] Wrote classpath file '/home/runner/work/sonar-analysis/sonar-analysis/project/hadoop-ozone/recon-codegen/target/classes/ozone-reconcodegen.classpath'.
[INFO] 
[INFO] --- jar:2.5:jar (default-jar) @ ozone-reconcodegen ---
[INFO] Building jar: /home/runner/work/sonar-analysis/sonar-analysis/project/hadoop-ozone/recon-codegen/target/ozone-reconcodegen-1.3.0-SNAPSHOT.jar
[INFO] 
[INFO] --- jar:2.5:test-jar (default) @ ozone-reconcodegen ---
[INFO] Building jar: /home/runner/work/sonar-analysis/sonar-analysis/project/hadoop-ozone/recon-codegen/target/ozone-reconcodegen-1.3.0-SNAPSHOT-tests.jar
[INFO] 
[INFO] --- install:2.5.1:install (default-install) @ ozone-reconcodegen ---
[INFO] Installing /home/runner/work/sonar-analysis/sonar-analysis/project/hadoop-ozone/recon-codegen/target/ozone-reconcodegen-1.3.0-SNAPSHOT.jar to /home/runner/.m2/repository/org/apache/ozone/ozone-reconcodegen/1.3.0-SNAPSHOT/ozone-reconcodegen-1.3.0-SNAPSHOT.jar
[INFO] Installing /home/runner/work/sonar-analysis/sonar-analysis/project/hadoop-ozone/recon-codegen/pom.xml to /home/runner/.m2/repository/org/apache/ozone/ozone-reconcodegen/1.3.0-SNAPSHOT/ozone-reconcodegen-1.3.0-SNAPSHOT.pom
[INFO] Installing /home/runner/work/sonar-analysis/sonar-analysis/project/hadoop-ozone/recon-codegen/target/ozone-reconcodegen-1.3.0-SNAPSHOT-tests.jar to /home/runner/.m2/repository/org/apache/ozone/ozone-reconcodegen/1.3.0-SNAPSHOT/ozone-reconcodegen-1.3.0-SNAPSHOT-tests.jar
[INFO] 
[INFO] --------------------< org.apache.ozone:ozone-recon >--------------------
[INFO] Building Apache Ozone Recon 1.3.0-SNAPSHOT                       [27/40]
[INFO]   from hadoop-ozone/recon/pom.xml
[INFO] --------------------------------[ jar ]---------------------------------
[INFO] 
[INFO] --- clean:2.5:clean (default-clean) @ ozone-recon ---
[INFO] Deleting /home/runner/work/sonar-analysis/sonar-analysis/project/hadoop-ozone/recon/target
[INFO] Deleting /home/runner/work/sonar-analysis/sonar-analysis/project/hadoop-ozone/recon (includes = [dependency-reduced-pom.xml], excludes = [])
[INFO] 
[INFO] --- antrun:3.1.0:run (create-testdirs) @ ozone-recon ---
[INFO] Executing tasks
[INFO]     [mkdir] Created dir: /home/runner/work/sonar-analysis/sonar-analysis/project/hadoop-ozone/recon/target/test-dir
[INFO] Executed tasks
[INFO] 
[INFO] --- jacoco:0.8.5:prepare-agent (default-prepare-agent) @ ozone-recon ---
[INFO] argLine set to -javaagent:/home/runner/.m2/repository/org/jacoco/org.jacoco.agent/0.8.5/org.jacoco.agent-0.8.5-runtime.jar=destfile=/home/runner/work/sonar-analysis/sonar-analysis/project/hadoop-ozone/recon/target/jacoco.exec,includes=org.apache.hadoop.hdds.*:org.apache.hadoop.ozone.*:org.apache.hadoop.fs.ozone.*
[INFO] 
[INFO] --- build-helper:1.9:add-source (add-source) @ ozone-recon ---
[INFO] Source directory: /home/runner/work/sonar-analysis/sonar-analysis/project/hadoop-ozone/recon/target/generated-sources/java added.
[INFO] 
[INFO] --- remote-resources:1.5:process (default) @ ozone-recon ---
[INFO] 
[INFO] --- exec:1.3.1:java (default) @ ozone-recon ---
[WARNING] Warning: killAfter is now deprecated. Do you need it ? Please comment on MEXEC-6.
May 10, 2026 12:22:29 PM com.google.inject.internal.InternalFlags getSystemOption
WARNING: CHILD is not a valid flag value for guice_custom_class_loading.  Values must be one of [OFF, BRIDGE]
log4j:WARN No appenders could be found for logger (org.hadoop.ozone.recon.codegen.SqlDbUtils).
log4j:WARN Please initialize the log4j system properly.
log4j:WARN See http://logging.apache.org/log4j/1.2/faq.html#noconfig for more info.
WARNING: An illegal reflective access operation has occurred
WARNING: Illegal reflective access by com.google.inject.internal.cglib.core.$ReflectUtils$2 (file:/home/runner/.m2/repository/com/google/inject/guice/4.0/guice-4.0.jar) to method java.lang.ClassLoader.defineClass(java.lang.String,byte[],int,int,java.security.ProtectionDomain)
WARNING: Please consider reporting this to the maintainers of com.google.inject.internal.cglib.core.$ReflectUtils$2
WARNING: Use --illegal-access=warn to enable warnings of further illegal reflective access operations
WARNING: All illegal access operations will be denied in a future release
[INFO] 
[INFO] --- frontend:1.12.0:install-node-and-npm (Install node and npm locally to the project) @ ozone-recon ---
[INFO] Installing node version v16.2.0
[INFO] Unpacking /home/runner/.m2/repository/com/github/eirslett/node/16.2.0/node-16.2.0-linux-x64.tar.gz into /home/runner/work/sonar-analysis/sonar-analysis/project/hadoop-ozone/recon/target/node/tmp
[INFO] Copying node binary from /home/runner/work/sonar-analysis/sonar-analysis/project/hadoop-ozone/recon/target/node/tmp/node-v16.2.0-linux-x64/bin/node to /home/runner/work/sonar-analysis/sonar-analysis/project/hadoop-ozone/recon/target/node/node
[INFO] Extracting NPM
[INFO] Installed node locally.
[INFO] 
[INFO] --- frontend:1.12.0:npx (set pnpm@5.18.9 store path) @ ozone-recon ---
[INFO] npm not inheriting proxy config from Maven
[INFO] Running 'npx pnpm@5.18.9 config set store-dir ~/.pnpm-store' in /home/runner/work/sonar-analysis/sonar-analysis/project/hadoop-ozone/recon/src/main/resources/webapps/recon/ozone-recon-web
[INFO] 
[INFO] --- frontend:1.12.0:npx (install frontend dependencies) @ ozone-recon ---
[INFO] npm not inheriting proxy config from Maven
[INFO] Running 'npx pnpm@5.18.9 install --frozen-lockfile' in /home/runner/work/sonar-analysis/sonar-analysis/project/hadoop-ozone/recon/src/main/resources/webapps/recon/ozone-recon-web
[INFO] Lockfile is up-to-date, resolution step is skipped
[INFO] Already up-to-date
[INFO]  WARN  Failed to find "/fsevents/2.1.2" in lockfile during hoisting. Next aliases will not be hoisted: fsevents
[INFO]  WARN  Failed to find "/watchpack-chokidar2/2.0.0" in lockfile during hoisting. Next aliases will not be hoisted: watchpack-chokidar2
[INFO] 
[INFO] 
[INFO] --- frontend:1.12.0:npx (Build frontend) @ ozone-recon ---
[INFO] npm not inheriting proxy config from Maven
[INFO] Running 'npx pnpm@5.18.9 run build' in /home/runner/work/sonar-analysis/sonar-analysis/project/hadoop-ozone/recon/src/main/resources/webapps/recon/ozone-recon-web
[INFO] 
[INFO] > ozone-recon@0.1.0 build /home/runner/work/sonar-analysis/sonar-analysis/project/hadoop-ozone/recon/src/main/resources/webapps/recon/ozone-recon-web
[INFO] > react-app-rewired build
[INFO] 
[INFO] Creating an optimized production build...
[INFO] Browserslist: caniuse-lite is outdated. Please run:
[INFO] npx browserslist@latest --update-db
[INFO] Compiled successfully.
[INFO] 
[INFO] File sizes after gzip:
[INFO] 
[INFO]   1.36 MB   build/static/js/2.9e2544f9.chunk.js
[INFO]   31.26 KB  build/static/css/2.7465223f.chunk.css
[INFO]   10.34 KB  build/static/js/main.af359a9d.chunk.js
[INFO]   1.48 KB   build/static/css/main.2dcb153a.chunk.css
[INFO]   778 B     build/static/js/runtime-main.2c036500.js
[INFO] 
[INFO] The bundle size is significantly larger than recommended.
[INFO] Consider reducing it with code splitting: https://goo.gl/9VhYWB
[INFO] You can also analyze the project dependencies: https://goo.gl/LeUzfb
[INFO] 
[INFO] The project was built assuming it is hosted at /.
[INFO] You can control this with the homepage field in your package.json.
[INFO] 
[INFO] The build folder is ready to be deployed.
[INFO] You may serve it with a static server:
[INFO] 
[INFO]   npm install -g serve
[INFO]   serve -s build
[INFO] 
[INFO] Find out more about deployment here:
[INFO] 
[INFO]   bit.ly/CRA-deploy
[INFO] 
[INFO] 
[INFO] --- resources:3.1.0:resources (default-resources) @ ozone-recon ---
[INFO] Using 'UTF-8' encoding to copy filtered resources.
[INFO] Copying 74 resources
[INFO] Copying 2 resources
[INFO] 
[INFO] --- resources:3.1.0:copy-resources (Copy frontend build to target) @ ozone-recon ---
[INFO] Using 'UTF-8' encoding to copy filtered resources.
[INFO] Copying 18 resources
[INFO] 
[INFO] --- resources:3.1.0:copy-resources (Copy frontend static files to target) @ ozone-recon ---
[INFO] Using 'UTF-8' encoding to copy filtered resources.
[INFO] Copying 12 resources
[INFO] 
[INFO] --- compiler:3.1:compile (default-compile) @ ozone-recon ---
[INFO] Compiling 147 source files to /home/runner/work/sonar-analysis/sonar-analysis/project/hadoop-ozone/recon/target/classes
[WARNING] /home/runner/work/sonar-analysis/sonar-analysis/project/hadoop-ozone/recon/src/main/java/org/apache/hadoop/ozone/recon/scm/ReconContainerManager.java: Some input files use or override a deprecated API.
[WARNING] /home/runner/work/sonar-analysis/sonar-analysis/project/hadoop-ozone/recon/src/main/java/org/apache/hadoop/ozone/recon/scm/ReconContainerManager.java: Recompile with -Xlint:deprecation for details.
[WARNING] /home/runner/work/sonar-analysis/sonar-analysis/project/hadoop-ozone/recon/src/main/java/org/apache/hadoop/ozone/recon/spi/impl/ReconDBProvider.java: Some input files use unchecked or unsafe operations.
[WARNING] /home/runner/work/sonar-analysis/sonar-analysis/project/hadoop-ozone/recon/src/main/java/org/apache/hadoop/ozone/recon/spi/impl/ReconDBProvider.java: Recompile with -Xlint:unchecked for details.
[INFO] 
[INFO] --- resources:3.1.0:testResources (default-testResources) @ ozone-recon ---
[INFO] Using 'UTF-8' encoding to copy filtered resources.
[INFO] Copying 2 resources
[INFO] Copying 2 resources
[INFO] 
[INFO] --- compiler:3.1:testCompile (default-testCompile) @ ozone-recon ---
[INFO] Compiling 44 source files to /home/runner/work/sonar-analysis/sonar-analysis/project/hadoop-ozone/recon/target/test-classes
[WARNING] /home/runner/work/sonar-analysis/sonar-analysis/project/hadoop-ozone/recon/src/test/java/org/apache/hadoop/ozone/recon/scm/AbstractReconContainerManagerTest.java: Some input files use or override a deprecated API.
[WARNING] /home/runner/work/sonar-analysis/sonar-analysis/project/hadoop-ozone/recon/src/test/java/org/apache/hadoop/ozone/recon/scm/AbstractReconContainerManagerTest.java: Recompile with -Xlint:deprecation for details.
[WARNING] /home/runner/work/sonar-analysis/sonar-analysis/project/hadoop-ozone/recon/src/test/java/org/apache/hadoop/ozone/recon/OMMetadataManagerTestUtils.java: Some input files use unchecked or unsafe operations.
[WARNING] /home/runner/work/sonar-analysis/sonar-analysis/project/hadoop-ozone/recon/src/test/java/org/apache/hadoop/ozone/recon/OMMetadataManagerTestUtils.java: Recompile with -Xlint:unchecked for details.
[INFO] 
[INFO] --- surefire:3.0.0-M1:test (default-test) @ ozone-recon ---
[INFO] Tests are skipped.
[INFO] 
[INFO] --- dependency:3.0.2:build-classpath (add-classpath-descriptor) @ ozone-recon ---
[INFO] Wrote classpath file '/home/runner/work/sonar-analysis/sonar-analysis/project/hadoop-ozone/recon/target/classes/ozone-recon.classpath'.
[INFO] 
[INFO] --- jar:2.5:jar (default-jar) @ ozone-recon ---
[INFO] Building jar: /home/runner/work/sonar-analysis/sonar-analysis/project/hadoop-ozone/recon/target/ozone-recon-1.3.0-SNAPSHOT.jar
[INFO] 
[INFO] --- jar:2.5:test-jar (default) @ ozone-recon ---
[INFO] Building jar: /home/runner/work/sonar-analysis/sonar-analysis/project/hadoop-ozone/recon/target/ozone-recon-1.3.0-SNAPSHOT-tests.jar
[INFO] 
[INFO] --- install:2.5.1:install (default-install) @ ozone-recon ---
[INFO] Installing /home/runner/work/sonar-analysis/sonar-analysis/project/hadoop-ozone/recon/target/ozone-recon-1.3.0-SNAPSHOT.jar to /home/runner/.m2/repository/org/apache/ozone/ozone-recon/1.3.0-SNAPSHOT/ozone-recon-1.3.0-SNAPSHOT.jar
[INFO] Installing /home/runner/work/sonar-analysis/sonar-analysis/project/hadoop-ozone/recon/pom.xml to /home/runner/.m2/repository/org/apache/ozone/ozone-recon/1.3.0-SNAPSHOT/ozone-recon-1.3.0-SNAPSHOT.pom
[INFO] Installing /home/runner/work/sonar-analysis/sonar-analysis/project/hadoop-ozone/recon/target/ozone-recon-1.3.0-SNAPSHOT-tests.jar to /home/runner/.m2/repository/org/apache/ozone/ozone-recon/1.3.0-SNAPSHOT/ozone-recon-1.3.0-SNAPSHOT-tests.jar
[INFO] 
[INFO] --------------------< org.apache.ozone:ozone-tools >--------------------
[INFO] Building Apache Ozone Tools 1.3.0-SNAPSHOT                       [28/40]
[INFO]   from hadoop-ozone/tools/pom.xml
[INFO] --------------------------------[ jar ]---------------------------------
[INFO] 
[INFO] --- clean:2.5:clean (default-clean) @ ozone-tools ---
[INFO] Deleting /home/runner/work/sonar-analysis/sonar-analysis/project/hadoop-ozone/tools/target
[INFO] Deleting /home/runner/work/sonar-analysis/sonar-analysis/project/hadoop-ozone/tools (includes = [dependency-reduced-pom.xml], excludes = [])
[INFO] 
[INFO] --- antrun:3.1.0:run (create-testdirs) @ ozone-tools ---
[INFO] Executing tasks
[INFO]     [mkdir] Created dir: /home/runner/work/sonar-analysis/sonar-analysis/project/hadoop-ozone/tools/target/test-dir
[INFO] Executed tasks
[INFO] 
[INFO] --- jacoco:0.8.5:prepare-agent (default-prepare-agent) @ ozone-tools ---
[INFO] argLine set to -javaagent:/home/runner/.m2/repository/org/jacoco/org.jacoco.agent/0.8.5/org.jacoco.agent-0.8.5-runtime.jar=destfile=/home/runner/work/sonar-analysis/sonar-analysis/project/hadoop-ozone/tools/target/jacoco.exec,includes=org.apache.hadoop.hdds.*:org.apache.hadoop.ozone.*:org.apache.hadoop.fs.ozone.*
[INFO] 
[INFO] --- remote-resources:1.5:process (default) @ ozone-tools ---
[INFO] 
[INFO] --- resources:3.1.0:resources (default-resources) @ ozone-tools ---
[INFO] Using 'UTF-8' encoding to copy filtered resources.
[INFO] Copying 3 resources
[INFO] Copying 2 resources
[INFO] 
[INFO] --- compiler:3.1:compile (default-compile) @ ozone-tools ---
[INFO] Compiling 196 source files to /home/runner/work/sonar-analysis/sonar-analysis/project/hadoop-ozone/tools/target/classes
[WARNING] /home/runner/work/sonar-analysis/sonar-analysis/project/hadoop-ozone/tools/src/main/java/org/apache/hadoop/ozone/freon/BaseFreonGenerator.java: Some input files use or override a deprecated API.
[WARNING] /home/runner/work/sonar-analysis/sonar-analysis/project/hadoop-ozone/tools/src/main/java/org/apache/hadoop/ozone/freon/BaseFreonGenerator.java: Recompile with -Xlint:deprecation for details.
[WARNING] /home/runner/work/sonar-analysis/sonar-analysis/project/hadoop-ozone/tools/src/main/java/org/apache/hadoop/ozone/admin/nssummary/NSSummaryCLIUtils.java: Some input files use unchecked or unsafe operations.
[WARNING] /home/runner/work/sonar-analysis/sonar-analysis/project/hadoop-ozone/tools/src/main/java/org/apache/hadoop/ozone/admin/nssummary/NSSummaryCLIUtils.java: Recompile with -Xlint:unchecked for details.
[INFO] 
[INFO] --- resources:3.1.0:testResources (default-testResources) @ ozone-tools ---
[INFO] Using 'UTF-8' encoding to copy filtered resources.
[INFO] Copying 4 resources
[INFO] Copying 2 resources
[INFO] 
[INFO] --- compiler:3.1:testCompile (default-testCompile) @ ozone-tools ---
[INFO] Compiling 17 source files to /home/runner/work/sonar-analysis/sonar-analysis/project/hadoop-ozone/tools/target/test-classes
[WARNING] /home/runner/work/sonar-analysis/sonar-analysis/project/hadoop-ozone/tools/src/test/java/org/apache/hadoop/ozone/audit/parser/TestAuditParser.java: Some input files use or override a deprecated API.
[WARNING] /home/runner/work/sonar-analysis/sonar-analysis/project/hadoop-ozone/tools/src/test/java/org/apache/hadoop/ozone/audit/parser/TestAuditParser.java: Recompile with -Xlint:deprecation for details.
[WARNING] /home/runner/work/sonar-analysis/sonar-analysis/project/hadoop-ozone/tools/src/test/java/org/apache/hadoop/ozone/audit/parser/TestAuditParser.java: Some input files use unchecked or unsafe operations.
[WARNING] /home/runner/work/sonar-analysis/sonar-analysis/project/hadoop-ozone/tools/src/test/java/org/apache/hadoop/ozone/audit/parser/TestAuditParser.java: Recompile with -Xlint:unchecked for details.
[INFO] 
[INFO] --- surefire:3.0.0-M1:test (default-test) @ ozone-tools ---
[INFO] Tests are skipped.
[INFO] 
[INFO] --- dependency:3.0.2:build-classpath (add-classpath-descriptor) @ ozone-tools ---
[INFO] Wrote classpath file '/home/runner/work/sonar-analysis/sonar-analysis/project/hadoop-ozone/tools/target/classes/ozone-tools.classpath'.
[INFO] 
[INFO] --- jar:2.5:jar (default-jar) @ ozone-tools ---
[INFO] Building jar: /home/runner/work/sonar-analysis/sonar-analysis/project/hadoop-ozone/tools/target/ozone-tools-1.3.0-SNAPSHOT.jar
[INFO] 
[INFO] --- jar:2.5:test-jar (default) @ ozone-tools ---
[INFO] Building jar: /home/runner/work/sonar-analysis/sonar-analysis/project/hadoop-ozone/tools/target/ozone-tools-1.3.0-SNAPSHOT-tests.jar
[INFO] 
[INFO] --- install:2.5.1:install (default-install) @ ozone-tools ---
[INFO] Installing /home/runner/work/sonar-analysis/sonar-analysis/project/hadoop-ozone/tools/target/ozone-tools-1.3.0-SNAPSHOT.jar to /home/runner/.m2/repository/org/apache/ozone/ozone-tools/1.3.0-SNAPSHOT/ozone-tools-1.3.0-SNAPSHOT.jar
[INFO] Installing /home/runner/work/sonar-analysis/sonar-analysis/project/hadoop-ozone/tools/pom.xml to /home/runner/.m2/repository/org/apache/ozone/ozone-tools/1.3.0-SNAPSHOT/ozone-tools-1.3.0-SNAPSHOT.pom
[INFO] Installing /home/runner/work/sonar-analysis/sonar-analysis/project/hadoop-ozone/tools/target/ozone-tools-1.3.0-SNAPSHOT-tests.jar to /home/runner/.m2/repository/org/apache/ozone/ozone-tools/1.3.0-SNAPSHOT/ozone-tools-1.3.0-SNAPSHOT-tests.jar
[INFO] 
[INFO] ------------------< org.apache.ozone:ozone-s3gateway >------------------
[INFO] Building Apache Ozone S3 Gateway 1.3.0-SNAPSHOT                  [29/40]
[INFO]   from hadoop-ozone/s3gateway/pom.xml
[INFO] --------------------------------[ jar ]---------------------------------
[INFO] 
[INFO] --- clean:2.5:clean (default-clean) @ ozone-s3gateway ---
[INFO] Deleting /home/runner/work/sonar-analysis/sonar-analysis/project/hadoop-ozone/s3gateway/target
[INFO] Deleting /home/runner/work/sonar-analysis/sonar-analysis/project/hadoop-ozone/s3gateway (includes = [dependency-reduced-pom.xml], excludes = [])
[INFO] 
[INFO] --- antrun:3.1.0:run (create-testdirs) @ ozone-s3gateway ---
[INFO] Executing tasks
[INFO]     [mkdir] Created dir: /home/runner/work/sonar-analysis/sonar-analysis/project/hadoop-ozone/s3gateway/target/test-dir
[INFO] Executed tasks
[INFO] 
[INFO] --- jacoco:0.8.5:prepare-agent (default-prepare-agent) @ ozone-s3gateway ---
[INFO] argLine set to -javaagent:/home/runner/.m2/repository/org/jacoco/org.jacoco.agent/0.8.5/org.jacoco.agent-0.8.5-runtime.jar=destfile=/home/runner/work/sonar-analysis/sonar-analysis/project/hadoop-ozone/s3gateway/target/jacoco.exec,includes=org.apache.hadoop.hdds.*:org.apache.hadoop.ozone.*:org.apache.hadoop.fs.ozone.*
[INFO] 
[INFO] --- remote-resources:1.5:process (default) @ ozone-s3gateway ---
[INFO] 
[INFO] --- resources:3.1.0:resources (default-resources) @ ozone-s3gateway ---
[INFO] Using 'UTF-8' encoding to copy filtered resources.
[INFO] Copying 7 resources
[INFO] Copying 2 resources
[INFO] 
[INFO] --- compiler:3.1:compile (default-compile) @ ozone-s3gateway ---
[INFO] Compiling 69 source files to /home/runner/work/sonar-analysis/sonar-analysis/project/hadoop-ozone/s3gateway/target/classes
[WARNING] /home/runner/work/sonar-analysis/sonar-analysis/project/hadoop-ozone/s3gateway/src/main/java/org/apache/hadoop/ozone/s3/exception/S3ErrorTable.java: Some input files use or override a deprecated API.
[WARNING] /home/runner/work/sonar-analysis/sonar-analysis/project/hadoop-ozone/s3gateway/src/main/java/org/apache/hadoop/ozone/s3/exception/S3ErrorTable.java: Recompile with -Xlint:deprecation for details.
[INFO] 
[INFO] --- resources:3.1.0:testResources (default-testResources) @ ozone-s3gateway ---
[INFO] Using 'UTF-8' encoding to copy filtered resources.
[INFO] Copying 3 resources
[INFO] Copying 2 resources
[INFO] 
[INFO] --- compiler:3.1:testCompile (default-testCompile) @ ozone-s3gateway ---
[INFO] Compiling 44 source files to /home/runner/work/sonar-analysis/sonar-analysis/project/hadoop-ozone/s3gateway/target/test-classes
[WARNING] /home/runner/work/sonar-analysis/sonar-analysis/project/hadoop-ozone/s3gateway/src/test/java/org/apache/hadoop/ozone/s3/endpoint/TestPermissionCheck.java: Some input files use or override a deprecated API.
[WARNING] /home/runner/work/sonar-analysis/sonar-analysis/project/hadoop-ozone/s3gateway/src/test/java/org/apache/hadoop/ozone/s3/endpoint/TestPermissionCheck.java: Recompile with -Xlint:deprecation for details.
[WARNING] /home/runner/work/sonar-analysis/sonar-analysis/project/hadoop-ozone/s3gateway/src/test/java/org/apache/hadoop/ozone/s3/endpoint/TestPermissionCheck.java: Some input files use unchecked or unsafe operations.
[WARNING] /home/runner/work/sonar-analysis/sonar-analysis/project/hadoop-ozone/s3gateway/src/test/java/org/apache/hadoop/ozone/s3/endpoint/TestPermissionCheck.java: Recompile with -Xlint:unchecked for details.
[INFO] 
[INFO] --- surefire:3.0.0-M1:test (default-test) @ ozone-s3gateway ---
[INFO] Tests are skipped.
[INFO] 
[INFO] --- dependency:3.0.2:build-classpath (add-classpath-descriptor) @ ozone-s3gateway ---
[INFO] Wrote classpath file '/home/runner/work/sonar-analysis/sonar-analysis/project/hadoop-ozone/s3gateway/target/classes/ozone-s3gateway.classpath'.
[INFO] 
[INFO] --- dependency:3.0.2:unpack (copy-common-html) @ ozone-s3gateway ---
[INFO] Configured Artifact: org.apache.ozone:hdds-server-framework:?:jar
[INFO] Configured Artifact: org.apache.ozone:hdds-docs:?:jar
[INFO] Unpacking /home/runner/work/sonar-analysis/sonar-analysis/project/hadoop-hdds/framework/target/hdds-server-framework-1.3.0-SNAPSHOT.jar to /home/runner/work/sonar-analysis/sonar-analysis/project/hadoop-ozone/s3gateway/target/classes with includes "webapps/static/**/*.*" and excludes ""
[INFO] Unpacking /home/runner/work/sonar-analysis/sonar-analysis/project/hadoop-hdds/docs/target/hdds-docs-1.3.0-SNAPSHOT.jar to /home/runner/work/sonar-analysis/sonar-analysis/project/hadoop-ozone/s3gateway/target/classes/webapps/static with includes "docs/**/*.*" and excludes ""
[INFO] 
[INFO] --- jar:2.5:jar (default-jar) @ ozone-s3gateway ---
[INFO] Building jar: /home/runner/work/sonar-analysis/sonar-analysis/project/hadoop-ozone/s3gateway/target/ozone-s3gateway-1.3.0-SNAPSHOT.jar
[INFO] 
[INFO] --- jar:2.5:test-jar (default) @ ozone-s3gateway ---
[INFO] Building jar: /home/runner/work/sonar-analysis/sonar-analysis/project/hadoop-ozone/s3gateway/target/ozone-s3gateway-1.3.0-SNAPSHOT-tests.jar
[INFO] 
[INFO] --- install:2.5.1:install (default-install) @ ozone-s3gateway ---
[INFO] Installing /home/runner/work/sonar-analysis/sonar-analysis/project/hadoop-ozone/s3gateway/target/ozone-s3gateway-1.3.0-SNAPSHOT.jar to /home/runner/.m2/repository/org/apache/ozone/ozone-s3gateway/1.3.0-SNAPSHOT/ozone-s3gateway-1.3.0-SNAPSHOT.jar
[INFO] Installing /home/runner/work/sonar-analysis/sonar-analysis/project/hadoop-ozone/s3gateway/pom.xml to /home/runner/.m2/repository/org/apache/ozone/ozone-s3gateway/1.3.0-SNAPSHOT/ozone-s3gateway-1.3.0-SNAPSHOT.pom
[INFO] Installing /home/runner/work/sonar-analysis/sonar-analysis/project/hadoop-ozone/s3gateway/target/ozone-s3gateway-1.3.0-SNAPSHOT-tests.jar to /home/runner/.m2/repository/org/apache/ozone/ozone-s3gateway/1.3.0-SNAPSHOT/ozone-s3gateway-1.3.0-SNAPSHOT-tests.jar
[INFO] 
[INFO] ---------------------< org.apache.ozone:ozone-csi >---------------------
[INFO] Building Apache Ozone CSI service 1.3.0-SNAPSHOT                 [30/40]
[INFO]   from hadoop-ozone/csi/pom.xml
[INFO] --------------------------------[ jar ]---------------------------------
[INFO] 
[INFO] --- clean:2.5:clean (default-clean) @ ozone-csi ---
[INFO] Deleting /home/runner/work/sonar-analysis/sonar-analysis/project/hadoop-ozone/csi/target
[INFO] Deleting /home/runner/work/sonar-analysis/sonar-analysis/project/hadoop-ozone/csi (includes = [dependency-reduced-pom.xml], excludes = [])
[INFO] 
[INFO] --- antrun:3.1.0:run (create-testdirs) @ ozone-csi ---
[INFO] Executing tasks
[INFO]     [mkdir] Created dir: /home/runner/work/sonar-analysis/sonar-analysis/project/hadoop-ozone/csi/target/test-dir
[INFO] Executed tasks
[INFO] 
[INFO] --- jacoco:0.8.5:prepare-agent (default-prepare-agent) @ ozone-csi ---
[INFO] argLine set to -javaagent:/home/runner/.m2/repository/org/jacoco/org.jacoco.agent/0.8.5/org.jacoco.agent-0.8.5-runtime.jar=destfile=/home/runner/work/sonar-analysis/sonar-analysis/project/hadoop-ozone/csi/target/jacoco.exec,includes=org.apache.hadoop.hdds.*:org.apache.hadoop.ozone.*:org.apache.hadoop.fs.ozone.*
[INFO] 
[INFO] --- protobuf:0.5.1:compile (compile-protoc) @ ozone-csi ---
[INFO] Compiling 1 proto file(s) to /home/runner/work/sonar-analysis/sonar-analysis/project/hadoop-ozone/csi/target/generated-sources/java
[INFO] 
[INFO] --- protobuf:0.5.1:compile-custom (compile-protoc) @ ozone-csi ---
[INFO] Compiling 1 proto file(s) to /home/runner/work/sonar-analysis/sonar-analysis/project/hadoop-ozone/csi/target/generated-sources/java
[INFO] 
[INFO] --- remote-resources:1.5:process (default) @ ozone-csi ---
[INFO] 
[INFO] --- resources:3.1.0:resources (default-resources) @ ozone-csi ---
[INFO] Using 'UTF-8' encoding to copy filtered resources.
[INFO] Copying 1 resource
[INFO] Copying 1 resource
[INFO] Copying 1 resource
[INFO] Copying 2 resources
[INFO] 
[INFO] --- compiler:3.1:compile (default-compile) @ ozone-csi ---
[INFO] Compiling 9 source files to /home/runner/work/sonar-analysis/sonar-analysis/project/hadoop-ozone/csi/target/classes
[INFO] 
[INFO] --- protobuf:0.5.1:test-compile (compile-protoc) @ ozone-csi ---
[INFO] /home/runner/work/sonar-analysis/sonar-analysis/project/hadoop-ozone/csi/src/test/proto does not exist. Review the configuration or consider disabling the plugin.
[INFO] 
[INFO] --- protobuf:0.5.1:test-compile-custom (compile-protoc) @ ozone-csi ---
[INFO] /home/runner/work/sonar-analysis/sonar-analysis/project/hadoop-ozone/csi/src/test/proto does not exist. Review the configuration or consider disabling the plugin.
[INFO] 
[INFO] --- resources:3.1.0:testResources (default-testResources) @ ozone-csi ---
[INFO] Using 'UTF-8' encoding to copy filtered resources.
[INFO] skip non existing resourceDirectory /home/runner/work/sonar-analysis/sonar-analysis/project/hadoop-ozone/csi/src/test/resources
[INFO] Copying 2 resources
[INFO] 
[INFO] --- compiler:3.1:testCompile (default-testCompile) @ ozone-csi ---
[INFO] No sources to compile
[INFO] 
[INFO] --- surefire:3.0.0-M1:test (default-test) @ ozone-csi ---
[INFO] Tests are skipped.
[INFO] 
[INFO] --- dependency:3.0.2:build-classpath (add-classpath-descriptor) @ ozone-csi ---
[INFO] Wrote classpath file '/home/runner/work/sonar-analysis/sonar-analysis/project/hadoop-ozone/csi/target/classes/ozone-csi.classpath'.
[INFO] 
[INFO] --- jar:2.5:jar (default-jar) @ ozone-csi ---
[INFO] Building jar: /home/runner/work/sonar-analysis/sonar-analysis/project/hadoop-ozone/csi/target/ozone-csi-1.3.0-SNAPSHOT.jar
[INFO] 
[INFO] --- jar:2.5:test-jar (default) @ ozone-csi ---
[INFO] Building jar: /home/runner/work/sonar-analysis/sonar-analysis/project/hadoop-ozone/csi/target/ozone-csi-1.3.0-SNAPSHOT-tests.jar
[INFO] 
[INFO] --- proto-backwards-compatibility:1.0.7:backwards-compatibility-check (default) @ ozone-csi ---
[INFO] protolock cmd line: /home/runner/work/sonar-analysis/sonar-analysis/project/hadoop-ozone/csi/target/protolock-bin/protolock status --lockdir=/home/runner/work/sonar-analysis/sonar-analysis/project/hadoop-ozone/csi/target/classes --protoroot=/home/runner/work/sonar-analysis/sonar-analysis/project/hadoop-ozone/csi/target/classes
[INFO] protolock cmd line: /home/runner/work/sonar-analysis/sonar-analysis/project/hadoop-ozone/csi/target/protolock-bin/protolock commit --lockdir=/home/runner/work/sonar-analysis/sonar-analysis/project/hadoop-ozone/csi/target/classes --protoroot=/home/runner/work/sonar-analysis/sonar-analysis/project/hadoop-ozone/csi/target/classes
[INFO] Backwards compatibility check passed.
[INFO] 
[INFO] --- install:2.5.1:install (default-install) @ ozone-csi ---
[INFO] Installing /home/runner/work/sonar-analysis/sonar-analysis/project/hadoop-ozone/csi/target/ozone-csi-1.3.0-SNAPSHOT.jar to /home/runner/.m2/repository/org/apache/ozone/ozone-csi/1.3.0-SNAPSHOT/ozone-csi-1.3.0-SNAPSHOT.jar
[INFO] Installing /home/runner/work/sonar-analysis/sonar-analysis/project/hadoop-ozone/csi/pom.xml to /home/runner/.m2/repository/org/apache/ozone/ozone-csi/1.3.0-SNAPSHOT/ozone-csi-1.3.0-SNAPSHOT.pom
[INFO] Installing /home/runner/work/sonar-analysis/sonar-analysis/project/hadoop-ozone/csi/target/ozone-csi-1.3.0-SNAPSHOT-tests.jar to /home/runner/.m2/repository/org/apache/ozone/ozone-csi/1.3.0-SNAPSHOT/ozone-csi-1.3.0-SNAPSHOT-tests.jar
[INFO] 
[INFO] --------------< org.apache.ozone:ozone-integration-test >---------------
[INFO] Building Apache Ozone Integration Tests 1.3.0-SNAPSHOT           [31/40]
[INFO]   from hadoop-ozone/integration-test/pom.xml
[INFO] --------------------------------[ jar ]---------------------------------
[WARNING] 2 problems were encountered while building the effective model for org.apache.yetus:audience-annotations:jar:0.5.0 during dependency collection step for project (use -X to see details)
[INFO] 
[INFO] --- clean:2.5:clean (default-clean) @ ozone-integration-test ---
[INFO] Deleting /home/runner/work/sonar-analysis/sonar-analysis/project/hadoop-ozone/integration-test/target
[INFO] Deleting /home/runner/work/sonar-analysis/sonar-analysis/project/hadoop-ozone/integration-test (includes = [dependency-reduced-pom.xml], excludes = [])
[INFO] 
[INFO] --- antrun:3.1.0:run (create-testdirs) @ ozone-integration-test ---
[INFO] Executing tasks
[INFO]     [mkdir] Created dir: /home/runner/work/sonar-analysis/sonar-analysis/project/hadoop-ozone/integration-test/target/test-dir
[INFO] Executed tasks
[INFO] 
[INFO] --- jacoco:0.8.5:prepare-agent (default-prepare-agent) @ ozone-integration-test ---
[INFO] argLine set to -javaagent:/home/runner/.m2/repository/org/jacoco/org.jacoco.agent/0.8.5/org.jacoco.agent-0.8.5-runtime.jar=destfile=/home/runner/work/sonar-analysis/sonar-analysis/project/hadoop-ozone/integration-test/target/jacoco.exec,includes=org.apache.hadoop.hdds.*:org.apache.hadoop.ozone.*:org.apache.hadoop.fs.ozone.*
[INFO] 
[INFO] --- remote-resources:1.5:process (default) @ ozone-integration-test ---
[INFO] 
[INFO] --- resources:3.1.0:resources (default-resources) @ ozone-integration-test ---
[INFO] Using 'UTF-8' encoding to copy filtered resources.
[INFO] skip non existing resourceDirectory /home/runner/work/sonar-analysis/sonar-analysis/project/hadoop-ozone/integration-test/src/main/resources
[INFO] Copying 2 resources
[INFO] 
[INFO] --- compiler:3.1:compile (default-compile) @ ozone-integration-test ---
[INFO] No sources to compile
[INFO] 
[INFO] --- resources:3.1.0:testResources (default-testResources) @ ozone-integration-test ---
[INFO] Using 'UTF-8' encoding to copy filtered resources.
[INFO] Copying 21 resources
[INFO] Copying 2 resources
[INFO] 
[INFO] --- compiler:3.1:testCompile (default-testCompile) @ ozone-integration-test ---
[INFO] Compiling 212 source files to /home/runner/work/sonar-analysis/sonar-analysis/project/hadoop-ozone/integration-test/target/test-classes
[WARNING] /home/runner/work/sonar-analysis/sonar-analysis/project/hadoop-ozone/integration-test/src/test/java/org/apache/hadoop/ozone/om/TestKeyManagerImpl.java: Some input files use or override a deprecated API.
[WARNING] /home/runner/work/sonar-analysis/sonar-analysis/project/hadoop-ozone/integration-test/src/test/java/org/apache/hadoop/ozone/om/TestKeyManagerImpl.java: Recompile with -Xlint:deprecation for details.
[WARNING] /home/runner/work/sonar-analysis/sonar-analysis/project/hadoop-ozone/integration-test/src/test/java/org/apache/hadoop/ozone/client/rpc/TestOzoneRpcClientAbstract.java: Some input files use unchecked or unsafe operations.
[WARNING] /home/runner/work/sonar-analysis/sonar-analysis/project/hadoop-ozone/integration-test/src/test/java/org/apache/hadoop/ozone/client/rpc/TestOzoneRpcClientAbstract.java: Recompile with -Xlint:unchecked for details.
[INFO] 
[INFO] --- surefire:3.0.0-M1:test (default-test) @ ozone-integration-test ---
[INFO] Tests are skipped.
[INFO] 
[INFO] --- jar:2.5:jar (default-jar) @ ozone-integration-test ---
[INFO] Building jar: /home/runner/work/sonar-analysis/sonar-analysis/project/hadoop-ozone/integration-test/target/ozone-integration-test-1.3.0-SNAPSHOT.jar
[INFO] 
[INFO] --- jar:2.5:test-jar (default) @ ozone-integration-test ---
[INFO] Building jar: /home/runner/work/sonar-analysis/sonar-analysis/project/hadoop-ozone/integration-test/target/ozone-integration-test-1.3.0-SNAPSHOT-tests.jar
[INFO] 
[INFO] --- install:2.5.1:install (default-install) @ ozone-integration-test ---
[INFO] Installing /home/runner/work/sonar-analysis/sonar-analysis/project/hadoop-ozone/integration-test/target/ozone-integration-test-1.3.0-SNAPSHOT.jar to /home/runner/.m2/repository/org/apache/ozone/ozone-integration-test/1.3.0-SNAPSHOT/ozone-integration-test-1.3.0-SNAPSHOT.jar
[INFO] Installing /home/runner/work/sonar-analysis/sonar-analysis/project/hadoop-ozone/integration-test/pom.xml to /home/runner/.m2/repository/org/apache/ozone/ozone-integration-test/1.3.0-SNAPSHOT/ozone-integration-test-1.3.0-SNAPSHOT.pom
[INFO] Installing /home/runner/work/sonar-analysis/sonar-analysis/project/hadoop-ozone/integration-test/target/ozone-integration-test-1.3.0-SNAPSHOT-tests.jar to /home/runner/.m2/repository/org/apache/ozone/ozone-integration-test/1.3.0-SNAPSHOT/ozone-integration-test-1.3.0-SNAPSHOT-tests.jar
[INFO] 
[INFO] ------------------< org.apache.ozone:ozone-datanode >-------------------
[INFO] Building Apache Ozone Datanode 1.3.0-SNAPSHOT                    [32/40]
[INFO]   from hadoop-ozone/datanode/pom.xml
[INFO] --------------------------------[ jar ]---------------------------------
[INFO] 
[INFO] --- clean:2.5:clean (default-clean) @ ozone-datanode ---
[INFO] Deleting /home/runner/work/sonar-analysis/sonar-analysis/project/hadoop-ozone/datanode/target
[INFO] Deleting /home/runner/work/sonar-analysis/sonar-analysis/project/hadoop-ozone/datanode (includes = [dependency-reduced-pom.xml], excludes = [])
[INFO] 
[INFO] --- antrun:3.1.0:run (create-testdirs) @ ozone-datanode ---
[INFO] Executing tasks
[INFO]     [mkdir] Created dir: /home/runner/work/sonar-analysis/sonar-analysis/project/hadoop-ozone/datanode/target/test-dir
[INFO] Executed tasks
[INFO] 
[INFO] --- jacoco:0.8.5:prepare-agent (default-prepare-agent) @ ozone-datanode ---
[INFO] argLine set to -javaagent:/home/runner/.m2/repository/org/jacoco/org.jacoco.agent/0.8.5/org.jacoco.agent-0.8.5-runtime.jar=destfile=/home/runner/work/sonar-analysis/sonar-analysis/project/hadoop-ozone/datanode/target/jacoco.exec,includes=org.apache.hadoop.hdds.*:org.apache.hadoop.ozone.*:org.apache.hadoop.fs.ozone.*
[INFO] 
[INFO] --- remote-resources:1.5:process (default) @ ozone-datanode ---
[INFO] 
[INFO] --- resources:3.1.0:resources (default-resources) @ ozone-datanode ---
[INFO] Using 'UTF-8' encoding to copy filtered resources.
[INFO] skip non existing resourceDirectory /home/runner/work/sonar-analysis/sonar-analysis/project/hadoop-ozone/datanode/src/main/resources
[INFO] Copying 2 resources
[INFO] 
[INFO] --- compiler:3.1:compile (default-compile) @ ozone-datanode ---
[INFO] No sources to compile
[INFO] 
[INFO] --- resources:3.1.0:testResources (default-testResources) @ ozone-datanode ---
[INFO] Using 'UTF-8' encoding to copy filtered resources.
[INFO] skip non existing resourceDirectory /home/runner/work/sonar-analysis/sonar-analysis/project/hadoop-ozone/datanode/src/test/resources
[INFO] Copying 2 resources
[INFO] 
[INFO] --- compiler:3.1:testCompile (default-testCompile) @ ozone-datanode ---
[INFO] No sources to compile
[INFO] 
[INFO] --- surefire:3.0.0-M1:test (default-test) @ ozone-datanode ---
[INFO] Tests are skipped.
[INFO] 
[INFO] --- dependency:3.0.2:build-classpath (add-classpath-descriptor) @ ozone-datanode ---
[INFO] Wrote classpath file '/home/runner/work/sonar-analysis/sonar-analysis/project/hadoop-ozone/datanode/target/classes/ozone-datanode.classpath'.
[INFO] 
[INFO] --- jar:2.5:jar (default-jar) @ ozone-datanode ---
[INFO] Building jar: /home/runner/work/sonar-analysis/sonar-analysis/project/hadoop-ozone/datanode/target/ozone-datanode-1.3.0-SNAPSHOT.jar
[INFO] 
[INFO] --- jar:2.5:test-jar (default) @ ozone-datanode ---
[INFO] Building jar: /home/runner/work/sonar-analysis/sonar-analysis/project/hadoop-ozone/datanode/target/ozone-datanode-1.3.0-SNAPSHOT-tests.jar
[INFO] 
[INFO] --- install:2.5.1:install (default-install) @ ozone-datanode ---
[INFO] Installing /home/runner/work/sonar-analysis/sonar-analysis/project/hadoop-ozone/datanode/target/ozone-datanode-1.3.0-SNAPSHOT.jar to /home/runner/.m2/repository/org/apache/ozone/ozone-datanode/1.3.0-SNAPSHOT/ozone-datanode-1.3.0-SNAPSHOT.jar
[INFO] Installing /home/runner/work/sonar-analysis/sonar-analysis/project/hadoop-ozone/datanode/pom.xml to /home/runner/.m2/repository/org/apache/ozone/ozone-datanode/1.3.0-SNAPSHOT/ozone-datanode-1.3.0-SNAPSHOT.pom
[INFO] Installing /home/runner/work/sonar-analysis/sonar-analysis/project/hadoop-ozone/datanode/target/ozone-datanode-1.3.0-SNAPSHOT-tests.jar to /home/runner/.m2/repository/org/apache/ozone/ozone-datanode/1.3.0-SNAPSHOT/ozone-datanode-1.3.0-SNAPSHOT-tests.jar
[INFO] 
[INFO] -------------------< org.apache.ozone:ozone-insight >-------------------
[INFO] Building Apache Ozone Insight Tool 1.3.0-SNAPSHOT                [33/40]
[INFO]   from hadoop-ozone/insight/pom.xml
[INFO] --------------------------------[ jar ]---------------------------------
[INFO] 
[INFO] --- clean:2.5:clean (default-clean) @ ozone-insight ---
[INFO] Deleting /home/runner/work/sonar-analysis/sonar-analysis/project/hadoop-ozone/insight/target
[INFO] Deleting /home/runner/work/sonar-analysis/sonar-analysis/project/hadoop-ozone/insight (includes = [dependency-reduced-pom.xml], excludes = [])
[INFO] 
[INFO] --- antrun:3.1.0:run (create-testdirs) @ ozone-insight ---
[INFO] Executing tasks
[INFO]     [mkdir] Created dir: /home/runner/work/sonar-analysis/sonar-analysis/project/hadoop-ozone/insight/target/test-dir
[INFO] Executed tasks
[INFO] 
[INFO] --- jacoco:0.8.5:prepare-agent (default-prepare-agent) @ ozone-insight ---
[INFO] argLine set to -javaagent:/home/runner/.m2/repository/org/jacoco/org.jacoco.agent/0.8.5/org.jacoco.agent-0.8.5-runtime.jar=destfile=/home/runner/work/sonar-analysis/sonar-analysis/project/hadoop-ozone/insight/target/jacoco.exec,includes=org.apache.hadoop.hdds.*:org.apache.hadoop.ozone.*:org.apache.hadoop.fs.ozone.*
[INFO] 
[INFO] --- remote-resources:1.5:process (default) @ ozone-insight ---
[INFO] 
[INFO] --- resources:3.1.0:resources (default-resources) @ ozone-insight ---
[INFO] Using 'UTF-8' encoding to copy filtered resources.
[INFO] skip non existing resourceDirectory /home/runner/work/sonar-analysis/sonar-analysis/project/hadoop-ozone/insight/src/main/resources
[INFO] Copying 2 resources
[INFO] 
[INFO] --- compiler:3.1:compile (default-compile) @ ozone-insight ---
[INFO] Compiling 28 source files to /home/runner/work/sonar-analysis/sonar-analysis/project/hadoop-ozone/insight/target/classes
[WARNING] /home/runner/work/sonar-analysis/sonar-analysis/project/hadoop-ozone/insight/src/main/java/org/apache/hadoop/ozone/insight/ConfigurationSubCommand.java: /home/runner/work/sonar-analysis/sonar-analysis/project/hadoop-ozone/insight/src/main/java/org/apache/hadoop/ozone/insight/ConfigurationSubCommand.java uses unchecked or unsafe operations.
[WARNING] /home/runner/work/sonar-analysis/sonar-analysis/project/hadoop-ozone/insight/src/main/java/org/apache/hadoop/ozone/insight/ConfigurationSubCommand.java: Recompile with -Xlint:unchecked for details.
[INFO] 
[INFO] --- resources:3.1.0:testResources (default-testResources) @ ozone-insight ---
[INFO] Using 'UTF-8' encoding to copy filtered resources.
[INFO] Copying 1 resource
[INFO] Copying 2 resources
[INFO] 
[INFO] --- compiler:3.1:testCompile (default-testCompile) @ ozone-insight ---
[INFO] Compiling 3 source files to /home/runner/work/sonar-analysis/sonar-analysis/project/hadoop-ozone/insight/target/test-classes
[INFO] 
[INFO] --- surefire:3.0.0-M1:test (default-test) @ ozone-insight ---
[INFO] Tests are skipped.
[INFO] 
[INFO] --- dependency:3.0.2:build-classpath (add-classpath-descriptor) @ ozone-insight ---
[INFO] Wrote classpath file '/home/runner/work/sonar-analysis/sonar-analysis/project/hadoop-ozone/insight/target/classes/ozone-insight.classpath'.
[INFO] 
[INFO] --- jar:2.5:jar (default-jar) @ ozone-insight ---
[INFO] Building jar: /home/runner/work/sonar-analysis/sonar-analysis/project/hadoop-ozone/insight/target/ozone-insight-1.3.0-SNAPSHOT.jar
[INFO] 
[INFO] --- jar:2.5:test-jar (default) @ ozone-insight ---
[INFO] Building jar: /home/runner/work/sonar-analysis/sonar-analysis/project/hadoop-ozone/insight/target/ozone-insight-1.3.0-SNAPSHOT-tests.jar
[INFO] 
[INFO] --- install:2.5.1:install (default-install) @ ozone-insight ---
[INFO] Installing /home/runner/work/sonar-analysis/sonar-analysis/project/hadoop-ozone/insight/target/ozone-insight-1.3.0-SNAPSHOT.jar to /home/runner/.m2/repository/org/apache/ozone/ozone-insight/1.3.0-SNAPSHOT/ozone-insight-1.3.0-SNAPSHOT.jar
[INFO] Installing /home/runner/work/sonar-analysis/sonar-analysis/project/hadoop-ozone/insight/pom.xml to /home/runner/.m2/repository/org/apache/ozone/ozone-insight/1.3.0-SNAPSHOT/ozone-insight-1.3.0-SNAPSHOT.pom
[INFO] Installing /home/runner/work/sonar-analysis/sonar-analysis/project/hadoop-ozone/insight/target/ozone-insight-1.3.0-SNAPSHOT-tests.jar to /home/runner/.m2/repository/org/apache/ozone/ozone-insight/1.3.0-SNAPSHOT/ozone-insight-1.3.0-SNAPSHOT-tests.jar
[INFO] 
[INFO] --------------< org.apache.ozone:ozone-filesystem-shaded >--------------
[INFO] Building Apache Ozone FileSystem Shaded 1.3.0-SNAPSHOT           [34/40]
[INFO]   from hadoop-ozone/ozonefs-shaded/pom.xml
[INFO] --------------------------------[ jar ]---------------------------------
[INFO] 
[INFO] --- clean:2.5:clean (default-clean) @ ozone-filesystem-shaded ---
[INFO] Deleting /home/runner/work/sonar-analysis/sonar-analysis/project/hadoop-ozone/ozonefs-shaded/target
[INFO] Deleting /home/runner/work/sonar-analysis/sonar-analysis/project/hadoop-ozone/ozonefs-shaded (includes = [dependency-reduced-pom.xml], excludes = [])
[INFO] 
[INFO] --- antrun:3.1.0:run (create-testdirs) @ ozone-filesystem-shaded ---
[INFO] Executing tasks
[INFO]     [mkdir] Created dir: /home/runner/work/sonar-analysis/sonar-analysis/project/hadoop-ozone/ozonefs-shaded/target/test-dir
[INFO] Executed tasks
[INFO] 
[INFO] --- jacoco:0.8.5:prepare-agent (default-prepare-agent) @ ozone-filesystem-shaded ---
[INFO] argLine set to -javaagent:/home/runner/.m2/repository/org/jacoco/org.jacoco.agent/0.8.5/org.jacoco.agent-0.8.5-runtime.jar=destfile=/home/runner/work/sonar-analysis/sonar-analysis/project/hadoop-ozone/ozonefs-shaded/target/jacoco.exec,includes=org.apache.hadoop.hdds.*:org.apache.hadoop.ozone.*:org.apache.hadoop.fs.ozone.*
[INFO] 
[INFO] --- remote-resources:1.5:process (default) @ ozone-filesystem-shaded ---
[INFO] 
[INFO] --- resources:3.1.0:resources (default-resources) @ ozone-filesystem-shaded ---
[INFO] Using 'UTF-8' encoding to copy filtered resources.
[INFO] skip non existing resourceDirectory /home/runner/work/sonar-analysis/sonar-analysis/project/hadoop-ozone/ozonefs-shaded/src/main/resources
[INFO] Copying 2 resources
[INFO] 
[INFO] --- compiler:3.1:compile (default-compile) @ ozone-filesystem-shaded ---
[INFO] No sources to compile
[INFO] 
[INFO] --- resources:3.1.0:testResources (default-testResources) @ ozone-filesystem-shaded ---
[INFO] Using 'UTF-8' encoding to copy filtered resources.
[INFO] skip non existing resourceDirectory /home/runner/work/sonar-analysis/sonar-analysis/project/hadoop-ozone/ozonefs-shaded/src/test/resources
[INFO] Copying 2 resources
[INFO] 
[INFO] --- compiler:3.1:testCompile (default-testCompile) @ ozone-filesystem-shaded ---
[INFO] No sources to compile
[INFO] 
[INFO] --- surefire:3.0.0-M1:test (default-test) @ ozone-filesystem-shaded ---
[INFO] Tests are skipped.
[INFO] 
[INFO] --- jar:2.5:jar (default-jar) @ ozone-filesystem-shaded ---
[INFO] Building jar: /home/runner/work/sonar-analysis/sonar-analysis/project/hadoop-ozone/ozonefs-shaded/target/ozone-filesystem-shaded-1.3.0-SNAPSHOT.jar
[INFO] 
[INFO] --- jar:2.5:test-jar (default) @ ozone-filesystem-shaded ---
[INFO] Building jar: /home/runner/work/sonar-analysis/sonar-analysis/project/hadoop-ozone/ozonefs-shaded/target/ozone-filesystem-shaded-1.3.0-SNAPSHOT-tests.jar
[INFO] 
[INFO] --- shade:3.2.4:shade (default) @ ozone-filesystem-shaded ---
[INFO] Including org.apache.ozone:ozone-filesystem-common:jar:1.3.0-SNAPSHOT in the shaded jar.
[INFO] Including org.apache.ozone:hdds-hadoop-dependency-client:jar:1.3.0-SNAPSHOT in the shaded jar.
[INFO] Including org.apache.ozone:ozone-client:jar:1.3.0-SNAPSHOT in the shaded jar.
[INFO] Including org.slf4j:slf4j-log4j12:jar:1.7.30 in the shaded jar.
[INFO] Including org.apache.ozone:hdds-common:jar:1.3.0-SNAPSHOT in the shaded jar.
[INFO] Including info.picocli:picocli:jar:4.6.1 in the shaded jar.
[INFO] Including com.google.guava:guava:jar:30.1.1-jre in the shaded jar.
[INFO] Including com.google.guava:failureaccess:jar:1.0.1 in the shaded jar.
[INFO] Including com.google.guava:listenablefuture:jar:9999.0-empty-to-avoid-conflict-with-guava in the shaded jar.
[INFO] Including com.google.code.findbugs:jsr305:jar:3.0.0 in the shaded jar.
[INFO] Including org.checkerframework:checker-qual:jar:3.8.0 in the shaded jar.
[INFO] Including com.google.errorprone:error_prone_annotations:jar:2.2.0 in the shaded jar.
[INFO] Including com.google.j2objc:j2objc-annotations:jar:1.3 in the shaded jar.
[INFO] Including org.apache.commons:commons-lang3:jar:3.7 in the shaded jar.
[INFO] Including commons-io:commons-io:jar:2.11.0 in the shaded jar.
[INFO] Including com.fasterxml.jackson.core:jackson-annotations:jar:2.12.1 in the shaded jar.
[INFO] Including org.apache.ozone:hdds-config:jar:1.3.0-SNAPSHOT in the shaded jar.
[INFO] Including javax.annotation:javax.annotation-api:jar:1.2 in the shaded jar.
[INFO] Including io.dropwizard.metrics:metrics-core:jar:3.2.4 in the shaded jar.
[INFO] Including org.apache.ratis:ratis-server:jar:2.2.0 in the shaded jar.
[INFO] Including org.apache.ratis:ratis-thirdparty-misc:jar:0.7.0 in the shaded jar.
[INFO] Including org.apache.ratis:ratis-proto:jar:2.2.0 in the shaded jar.
[INFO] Including org.apache.ratis:ratis-common:jar:2.2.0 in the shaded jar.
[INFO] Including org.apache.ratis:ratis-client:jar:2.2.0 in the shaded jar.
[INFO] Including org.apache.ratis:ratis-server-api:jar:2.2.0 in the shaded jar.
[INFO] Including org.apache.ratis:ratis-metrics:jar:2.2.0 in the shaded jar.
[INFO] Including org.apache.ratis:ratis-netty:jar:2.2.0 in the shaded jar.
[INFO] Including org.apache.ratis:ratis-grpc:jar:2.2.0 in the shaded jar.
[INFO] Including org.apache.logging.log4j:log4j-api:jar:2.17.1 in the shaded jar.
[INFO] Including org.apache.logging.log4j:log4j-core:jar:2.17.1 in the shaded jar.
[INFO] Including com.lmax:disruptor:jar:3.4.2 in the shaded jar.
[INFO] Including org.apache.commons:commons-pool2:jar:2.6.0 in the shaded jar.
[INFO] Including org.bouncycastle:bcpkix-jdk15on:jar:1.67 in the shaded jar.
[INFO] Including org.bouncycastle:bcprov-jdk15on:jar:1.67 in the shaded jar.
[INFO] Including commons-validator:commons-validator:jar:1.6 in the shaded jar.
[INFO] Including commons-beanutils:commons-beanutils:jar:1.9.4 in the shaded jar.
[INFO] Including commons-digester:commons-digester:jar:1.8.1 in the shaded jar.
[INFO] Including commons-logging:commons-logging:jar:1.2 in the shaded jar.
[INFO] Including commons-collections:commons-collections:jar:3.2.2 in the shaded jar.
[INFO] Including io.jaegertracing:jaeger-client:jar:1.6.0 in the shaded jar.
[INFO] Including io.jaegertracing:jaeger-thrift:jar:1.6.0 in the shaded jar.
[INFO] Including org.apache.thrift:libthrift:jar:0.14.1 in the shaded jar.
[INFO] Including com.squareup.okhttp3:okhttp:jar:4.9.0 in the shaded jar.
[INFO] Including com.squareup.okio:okio:jar:2.8.0 in the shaded jar.
[INFO] Including io.jaegertracing:jaeger-core:jar:1.6.0 in the shaded jar.
[INFO] Including com.google.code.gson:gson:jar:2.2.4 in the shaded jar.
[INFO] Including io.jaegertracing:jaeger-tracerresolver:jar:1.6.0 in the shaded jar.
[INFO] Including io.opentracing.contrib:opentracing-tracerresolver:jar:0.1.8 in the shaded jar.
[INFO] Including org.jetbrains.kotlin:kotlin-stdlib:jar:1.4.31 in the shaded jar.
[INFO] Including org.jetbrains.kotlin:kotlin-stdlib-common:jar:1.4.31 in the shaded jar.
[INFO] Including org.jetbrains:annotations:jar:13.0 in the shaded jar.
[INFO] Including io.opentracing:opentracing-util:jar:0.33.0 in the shaded jar.
[INFO] Including io.opentracing:opentracing-api:jar:0.33.0 in the shaded jar.
[INFO] Including io.opentracing:opentracing-noop:jar:0.33.0 in the shaded jar.
[INFO] Including org.yaml:snakeyaml:jar:1.26 in the shaded jar.
[INFO] Including org.reflections:reflections:jar:0.9.11 in the shaded jar.
[INFO] Including org.javassist:javassist:jar:3.21.0-GA in the shaded jar.
[INFO] Including org.apache.ozone:hdds-interface-client:jar:1.3.0-SNAPSHOT in the shaded jar.
[INFO] Including org.apache.hadoop.thirdparty:hadoop-shaded-protobuf_3_7:jar:1.1.1 in the shaded jar.
[INFO] Including org.apache.ozone:hdds-interface-admin:jar:1.3.0-SNAPSHOT in the shaded jar.
[INFO] Including org.apache.ozone:ozone-common:jar:1.3.0-SNAPSHOT in the shaded jar.
[INFO] Including org.apache.commons:commons-compress:jar:1.21 in the shaded jar.
[INFO] Including org.apache.ozone:hdds-client:jar:1.3.0-SNAPSHOT in the shaded jar.
[INFO] Including org.apache.ozone:ozone-interface-client:jar:1.3.0-SNAPSHOT in the shaded jar.
[WARNING] Discovered module-info.class. Shading will break its strong encapsulation.
[WARNING] annotations-13.0.jar, bcpkix-jdk15on-1.67.jar, bcprov-jdk15on-1.67.jar, checker-qual-3.8.0.jar, commons-beanutils-1.9.4.jar, commons-collections-3.2.2.jar, commons-compress-1.21.jar, commons-digester-1.8.1.jar, commons-io-2.11.0.jar, commons-lang3-3.7.jar, commons-logging-1.2.jar, commons-pool2-2.6.0.jar, commons-validator-1.6.jar, disruptor-3.4.2.jar, error_prone_annotations-2.2.0.jar, failureaccess-1.0.1.jar, gson-2.2.4.jar, guava-30.1.1-jre.jar, hadoop-shaded-protobuf_3_7-1.1.1.jar, hdds-client-1.3.0-SNAPSHOT.jar, hdds-common-1.3.0-SNAPSHOT.jar, hdds-config-1.3.0-SNAPSHOT.jar, hdds-hadoop-dependency-client-1.3.0-SNAPSHOT.jar, hdds-interface-admin-1.3.0-SNAPSHOT.jar, hdds-interface-client-1.3.0-SNAPSHOT.jar, j2objc-annotations-1.3.jar, jackson-annotations-2.12.1.jar, jaeger-client-1.6.0.jar, jaeger-core-1.6.0.jar, jaeger-thrift-1.6.0.jar, jaeger-tracerresolver-1.6.0.jar, javassist-3.21.0-GA.jar, javax.annotation-api-1.2.jar, jsr305-3.0.0.jar, kotlin-stdlib-1.4.31.jar, kotlin-stdlib-common-1.4.31.jar, libthrift-0.14.1.jar, listenablefuture-9999.0-empty-to-avoid-conflict-with-guava.jar, log4j-api-2.17.1.jar, log4j-core-2.17.1.jar, metrics-core-3.2.4.jar, okhttp-4.9.0.jar, okio-2.8.0.jar, opentracing-api-0.33.0.jar, opentracing-noop-0.33.0.jar, opentracing-tracerresolver-0.1.8.jar, opentracing-util-0.33.0.jar, ozone-client-1.3.0-SNAPSHOT.jar, ozone-common-1.3.0-SNAPSHOT.jar, ozone-filesystem-common-1.3.0-SNAPSHOT.jar, ozone-filesystem-shaded-1.3.0-SNAPSHOT.jar, ozone-interface-client-1.3.0-SNAPSHOT.jar, picocli-4.6.1.jar, ratis-client-2.2.0.jar, ratis-common-2.2.0.jar, ratis-grpc-2.2.0.jar, ratis-metrics-2.2.0.jar, ratis-netty-2.2.0.jar, ratis-proto-2.2.0.jar, ratis-server-2.2.0.jar, ratis-server-api-2.2.0.jar, ratis-thirdparty-misc-0.7.0.jar, reflections-0.9.11.jar, slf4j-log4j12-1.7.30.jar, snakeyaml-1.26.jar define 1 overlapping resource: 
[WARNING]   - META-INF/MANIFEST.MF
[WARNING] checker-qual-3.8.0.jar, commons-beanutils-1.9.4.jar, commons-collections-3.2.2.jar, commons-compress-1.21.jar, commons-digester-1.8.1.jar, commons-io-2.11.0.jar, commons-lang3-3.7.jar, commons-logging-1.2.jar, commons-pool2-2.6.0.jar, commons-validator-1.6.jar, hadoop-shaded-protobuf_3_7-1.1.1.jar, hdds-client-1.3.0-SNAPSHOT.jar, hdds-common-1.3.0-SNAPSHOT.jar, hdds-config-1.3.0-SNAPSHOT.jar, hdds-hadoop-dependency-client-1.3.0-SNAPSHOT.jar, hdds-interface-admin-1.3.0-SNAPSHOT.jar, hdds-interface-client-1.3.0-SNAPSHOT.jar, javax.annotation-api-1.2.jar, libthrift-0.14.1.jar, ozone-client-1.3.0-SNAPSHOT.jar, ozone-common-1.3.0-SNAPSHOT.jar, ozone-filesystem-common-1.3.0-SNAPSHOT.jar, ozone-filesystem-shaded-1.3.0-SNAPSHOT.jar, ozone-interface-client-1.3.0-SNAPSHOT.jar, ratis-thirdparty-misc-0.7.0.jar define 1 overlapping resource: 
[WARNING]   - META-INF/LICENSE.txt
[WARNING] commons-beanutils-1.9.4.jar, commons-collections-3.2.2.jar, commons-compress-1.21.jar, commons-digester-1.8.1.jar, commons-io-2.11.0.jar, commons-lang3-3.7.jar, commons-logging-1.2.jar, commons-pool2-2.6.0.jar, commons-validator-1.6.jar, hadoop-shaded-protobuf_3_7-1.1.1.jar, hdds-client-1.3.0-SNAPSHOT.jar, hdds-common-1.3.0-SNAPSHOT.jar, hdds-config-1.3.0-SNAPSHOT.jar, hdds-hadoop-dependency-client-1.3.0-SNAPSHOT.jar, hdds-interface-admin-1.3.0-SNAPSHOT.jar, hdds-interface-client-1.3.0-SNAPSHOT.jar, libthrift-0.14.1.jar, ozone-client-1.3.0-SNAPSHOT.jar, ozone-common-1.3.0-SNAPSHOT.jar, ozone-filesystem-common-1.3.0-SNAPSHOT.jar, ozone-filesystem-shaded-1.3.0-SNAPSHOT.jar, ozone-interface-client-1.3.0-SNAPSHOT.jar, ratis-thirdparty-misc-0.7.0.jar define 1 overlapping resource: 
[WARNING]   - META-INF/NOTICE.txt
[WARNING] bcpkix-jdk15on-1.67.jar, bcprov-jdk15on-1.67.jar, kotlin-stdlib-1.4.31.jar, log4j-api-2.17.1.jar, picocli-4.6.1.jar define 1 overlapping classes: 
[WARNING]   - META-INF.versions.9.module-info
[WARNING] guava-30.1.1-jre.jar, ratis-thirdparty-misc-0.7.0.jar define 2 overlapping resources: 
[WARNING]   - META-INF/maven/com.google.guava/guava/pom.properties
[WARNING]   - META-INF/maven/com.google.guava/guava/pom.xml
[WARNING] failureaccess-1.0.1.jar, ratis-thirdparty-misc-0.7.0.jar define 2 overlapping resources: 
[WARNING]   - META-INF/maven/com.google.guava/failureaccess/pom.properties
[WARNING]   - META-INF/maven/com.google.guava/failureaccess/pom.xml
[WARNING] listenablefuture-9999.0-empty-to-avoid-conflict-with-guava.jar, ratis-thirdparty-misc-0.7.0.jar define 2 overlapping resources: 
[WARNING]   - META-INF/maven/com.google.guava/listenablefuture/pom.properties
[WARNING]   - META-INF/maven/com.google.guava/listenablefuture/pom.xml
[WARNING] jackson-annotations-2.12.1.jar, log4j-api-2.17.1.jar, log4j-core-2.17.1.jar, ratis-client-2.2.0.jar, ratis-common-2.2.0.jar, ratis-grpc-2.2.0.jar, ratis-metrics-2.2.0.jar, ratis-netty-2.2.0.jar, ratis-proto-2.2.0.jar, ratis-server-2.2.0.jar, ratis-server-api-2.2.0.jar, ratis-thirdparty-misc-0.7.0.jar define 1 overlapping resource: 
[WARNING]   - META-INF/LICENSE
[WARNING] hadoop-shaded-protobuf_3_7-1.1.1.jar, log4j-api-2.17.1.jar, log4j-core-2.17.1.jar, ratis-client-2.2.0.jar, ratis-common-2.2.0.jar, ratis-grpc-2.2.0.jar, ratis-metrics-2.2.0.jar, ratis-netty-2.2.0.jar, ratis-proto-2.2.0.jar, ratis-server-2.2.0.jar, ratis-server-api-2.2.0.jar, ratis-thirdparty-misc-0.7.0.jar define 1 overlapping resource: 
[WARNING]   - META-INF/DEPENDENCIES
[WARNING] log4j-api-2.17.1.jar, log4j-core-2.17.1.jar, ratis-client-2.2.0.jar, ratis-common-2.2.0.jar, ratis-grpc-2.2.0.jar, ratis-metrics-2.2.0.jar, ratis-netty-2.2.0.jar, ratis-proto-2.2.0.jar, ratis-server-2.2.0.jar, ratis-server-api-2.2.0.jar, ratis-thirdparty-misc-0.7.0.jar define 1 overlapping resource: 
[WARNING]   - META-INF/NOTICE
[WARNING] ratis-client-2.2.0.jar, ratis-common-2.2.0.jar, ratis-grpc-2.2.0.jar, ratis-metrics-2.2.0.jar, ratis-netty-2.2.0.jar, ratis-proto-2.2.0.jar, ratis-server-2.2.0.jar, ratis-server-api-2.2.0.jar define 2 overlapping resources: 
[WARNING]   - javac.sh
[WARNING]   - ratis-version.properties
[WARNING] hadoop-shaded-protobuf_3_7-1.1.1.jar, ratis-thirdparty-misc-0.7.0.jar define 2 overlapping resources: 
[WARNING]   - META-INF/maven/com.google.protobuf/protobuf-java/pom.properties
[WARNING]   - META-INF/maven/com.google.protobuf/protobuf-java/pom.xml
[WARNING] hdds-interface-admin-1.3.0-SNAPSHOT.jar, hdds-interface-client-1.3.0-SNAPSHOT.jar, ozone-interface-client-1.3.0-SNAPSHOT.jar define 1 overlapping resource: 
[WARNING]   - proto.lock
[WARNING] maven-shade-plugin has detected that some class files are
[WARNING] present in two or more JARs. When this happens, only one
[WARNING] single version of the class is copied to the uber jar.
[WARNING] Usually this is not harmful and you can skip these warnings,
[WARNING] otherwise try to manually exclude artifacts based on
[WARNING] mvn dependency:tree -Ddetail=true and the above output.
[WARNING] See http://maven.apache.org/plugins/maven-shade-plugin/
[INFO] Replacing original artifact with shaded artifact.
[INFO] Replacing /home/runner/work/sonar-analysis/sonar-analysis/project/hadoop-ozone/ozonefs-shaded/target/ozone-filesystem-shaded-1.3.0-SNAPSHOT.jar with /home/runner/work/sonar-analysis/sonar-analysis/project/hadoop-ozone/ozonefs-shaded/target/ozone-filesystem-shaded-1.3.0-SNAPSHOT-shaded.jar
[INFO] Dependency-reduced POM written at: /home/runner/work/sonar-analysis/sonar-analysis/project/hadoop-ozone/ozonefs-shaded/dependency-reduced-pom.xml
[INFO] 
[INFO] --- install:2.5.1:install (default-install) @ ozone-filesystem-shaded ---
[INFO] Installing /home/runner/work/sonar-analysis/sonar-analysis/project/hadoop-ozone/ozonefs-shaded/target/ozone-filesystem-shaded-1.3.0-SNAPSHOT.jar to /home/runner/.m2/repository/org/apache/ozone/ozone-filesystem-shaded/1.3.0-SNAPSHOT/ozone-filesystem-shaded-1.3.0-SNAPSHOT.jar
[INFO] Installing /home/runner/work/sonar-analysis/sonar-analysis/project/hadoop-ozone/ozonefs-shaded/dependency-reduced-pom.xml to /home/runner/.m2/repository/org/apache/ozone/ozone-filesystem-shaded/1.3.0-SNAPSHOT/ozone-filesystem-shaded-1.3.0-SNAPSHOT.pom
[INFO] Installing /home/runner/work/sonar-analysis/sonar-analysis/project/hadoop-ozone/ozonefs-shaded/target/ozone-filesystem-shaded-1.3.0-SNAPSHOT-tests.jar to /home/runner/.m2/repository/org/apache/ozone/ozone-filesystem-shaded/1.3.0-SNAPSHOT/ozone-filesystem-shaded-1.3.0-SNAPSHOT-tests.jar
[INFO] 
[INFO] -------------< org.apache.ozone:ozone-filesystem-hadoop2 >--------------
[INFO] Building Apache Ozone FS Hadoop 2.x compatibility 1.3.0-SNAPSHOT [35/40]
[INFO]   from hadoop-ozone/ozonefs-hadoop2/pom.xml
[INFO] --------------------------------[ jar ]---------------------------------
[INFO] 
[INFO] --- clean:2.5:clean (default-clean) @ ozone-filesystem-hadoop2 ---
[INFO] Deleting /home/runner/work/sonar-analysis/sonar-analysis/project/hadoop-ozone/ozonefs-hadoop2/target
[INFO] Deleting /home/runner/work/sonar-analysis/sonar-analysis/project/hadoop-ozone/ozonefs-hadoop2 (includes = [dependency-reduced-pom.xml], excludes = [])
[INFO] 
[INFO] --- antrun:3.1.0:run (create-testdirs) @ ozone-filesystem-hadoop2 ---
[INFO] Executing tasks
[INFO]     [mkdir] Created dir: /home/runner/work/sonar-analysis/sonar-analysis/project/hadoop-ozone/ozonefs-hadoop2/target/test-dir
[INFO] Executed tasks
[INFO] 
[INFO] --- jacoco:0.8.5:prepare-agent (default-prepare-agent) @ ozone-filesystem-hadoop2 ---
[INFO] argLine set to -javaagent:/home/runner/.m2/repository/org/jacoco/org.jacoco.agent/0.8.5/org.jacoco.agent-0.8.5-runtime.jar=destfile=/home/runner/work/sonar-analysis/sonar-analysis/project/hadoop-ozone/ozonefs-hadoop2/target/jacoco.exec,includes=org.apache.hadoop.hdds.*:org.apache.hadoop.ozone.*:org.apache.hadoop.fs.ozone.*
[INFO] 
[INFO] --- remote-resources:1.5:process (default) @ ozone-filesystem-hadoop2 ---
[INFO] 
[INFO] --- resources:3.1.0:resources (default-resources) @ ozone-filesystem-hadoop2 ---
[INFO] Using 'UTF-8' encoding to copy filtered resources.
[INFO] Copying 2 resources
[INFO] Copying 2 resources
[INFO] 
[INFO] --- compiler:3.1:compile (default-compile) @ ozone-filesystem-hadoop2 ---
[INFO] Compiling 7 source files to /home/runner/work/sonar-analysis/sonar-analysis/project/hadoop-ozone/ozonefs-hadoop2/target/classes
[WARNING] /home/runner/work/sonar-analysis/sonar-analysis/project/hadoop-ozone/ozonefs-hadoop2/src/main/java/org/apache/hadoop/fs/ozone/Hadoop27RpcTransport.java: /home/runner/work/sonar-analysis/sonar-analysis/project/hadoop-ozone/ozonefs-hadoop2/src/main/java/org/apache/hadoop/fs/ozone/Hadoop27RpcTransport.java uses unchecked or unsafe operations.
[WARNING] /home/runner/work/sonar-analysis/sonar-analysis/project/hadoop-ozone/ozonefs-hadoop2/src/main/java/org/apache/hadoop/fs/ozone/Hadoop27RpcTransport.java: Recompile with -Xlint:unchecked for details.
[INFO] 
[INFO] --- resources:3.1.0:testResources (default-testResources) @ ozone-filesystem-hadoop2 ---
[INFO] Using 'UTF-8' encoding to copy filtered resources.
[INFO] skip non existing resourceDirectory /home/runner/work/sonar-analysis/sonar-analysis/project/hadoop-ozone/ozonefs-hadoop2/src/test/resources
[INFO] Copying 2 resources
[INFO] 
[INFO] --- compiler:3.1:testCompile (default-testCompile) @ ozone-filesystem-hadoop2 ---
[INFO] No sources to compile
[INFO] 
[INFO] --- surefire:3.0.0-M1:test (default-test) @ ozone-filesystem-hadoop2 ---
[INFO] Tests are skipped.
[INFO] 
[INFO] --- dependency:3.0.2:build-classpath (add-classpath-descriptor) @ ozone-filesystem-hadoop2 ---
[INFO] Wrote classpath file '/home/runner/work/sonar-analysis/sonar-analysis/project/hadoop-ozone/ozonefs-hadoop2/target/classes/ozone-filesystem-hadoop2.classpath'.
[INFO] 
[INFO] --- dependency:3.0.2:unpack (include-dependencies) @ ozone-filesystem-hadoop2 ---
[INFO] Configured Artifact: org.apache.ozone:ozone-filesystem-shaded:1.3.0-SNAPSHOT:jar
[INFO] Unpacking /home/runner/work/sonar-analysis/sonar-analysis/project/hadoop-ozone/ozonefs-shaded/target/ozone-filesystem-shaded-1.3.0-SNAPSHOT.jar to /home/runner/work/sonar-analysis/sonar-analysis/project/hadoop-ozone/ozonefs-hadoop2/target/classes with includes "" and excludes "META-INF/versions/**/*.*"
[INFO] 
[INFO] --- jar:2.5:jar (default-jar) @ ozone-filesystem-hadoop2 ---
[INFO] Building jar: /home/runner/work/sonar-analysis/sonar-analysis/project/hadoop-ozone/ozonefs-hadoop2/target/ozone-filesystem-hadoop2-1.3.0-SNAPSHOT.jar
[INFO] 
[INFO] --- jar:2.5:test-jar (default) @ ozone-filesystem-hadoop2 ---
[INFO] Building jar: /home/runner/work/sonar-analysis/sonar-analysis/project/hadoop-ozone/ozonefs-hadoop2/target/ozone-filesystem-hadoop2-1.3.0-SNAPSHOT-tests.jar
[INFO] 
[INFO] --- install:2.5.1:install (default-install) @ ozone-filesystem-hadoop2 ---
[INFO] Installing /home/runner/work/sonar-analysis/sonar-analysis/project/hadoop-ozone/ozonefs-hadoop2/target/ozone-filesystem-hadoop2-1.3.0-SNAPSHOT.jar to /home/runner/.m2/repository/org/apache/ozone/ozone-filesystem-hadoop2/1.3.0-SNAPSHOT/ozone-filesystem-hadoop2-1.3.0-SNAPSHOT.jar
[INFO] Installing /home/runner/work/sonar-analysis/sonar-analysis/project/hadoop-ozone/ozonefs-hadoop2/pom.xml to /home/runner/.m2/repository/org/apache/ozone/ozone-filesystem-hadoop2/1.3.0-SNAPSHOT/ozone-filesystem-hadoop2-1.3.0-SNAPSHOT.pom
[INFO] Installing /home/runner/work/sonar-analysis/sonar-analysis/project/hadoop-ozone/ozonefs-hadoop2/target/ozone-filesystem-hadoop2-1.3.0-SNAPSHOT-tests.jar to /home/runner/.m2/repository/org/apache/ozone/ozone-filesystem-hadoop2/1.3.0-SNAPSHOT/ozone-filesystem-hadoop2-1.3.0-SNAPSHOT-tests.jar
[INFO] 
[INFO] -------------< org.apache.ozone:ozone-filesystem-hadoop3 >--------------
[INFO] Building Apache Ozone FS Hadoop 3.x compatibility 1.3.0-SNAPSHOT [36/40]
[INFO]   from hadoop-ozone/ozonefs-hadoop3/pom.xml
[INFO] --------------------------------[ jar ]---------------------------------
[INFO] 
[INFO] --- clean:2.5:clean (default-clean) @ ozone-filesystem-hadoop3 ---
[INFO] Deleting /home/runner/work/sonar-analysis/sonar-analysis/project/hadoop-ozone/ozonefs-hadoop3/target
[INFO] Deleting /home/runner/work/sonar-analysis/sonar-analysis/project/hadoop-ozone/ozonefs-hadoop3 (includes = [dependency-reduced-pom.xml], excludes = [])
[INFO] 
[INFO] --- antrun:3.1.0:run (create-testdirs) @ ozone-filesystem-hadoop3 ---
[INFO] Executing tasks
[INFO]     [mkdir] Created dir: /home/runner/work/sonar-analysis/sonar-analysis/project/hadoop-ozone/ozonefs-hadoop3/target/test-dir
[INFO] Executed tasks
[INFO] 
[INFO] --- jacoco:0.8.5:prepare-agent (default-prepare-agent) @ ozone-filesystem-hadoop3 ---
[INFO] argLine set to -javaagent:/home/runner/.m2/repository/org/jacoco/org.jacoco.agent/0.8.5/org.jacoco.agent-0.8.5-runtime.jar=destfile=/home/runner/work/sonar-analysis/sonar-analysis/project/hadoop-ozone/ozonefs-hadoop3/target/jacoco.exec,includes=org.apache.hadoop.hdds.*:org.apache.hadoop.ozone.*:org.apache.hadoop.fs.ozone.*
[INFO] 
[INFO] --- remote-resources:1.5:process (default) @ ozone-filesystem-hadoop3 ---
[INFO] 
[INFO] --- resources:3.1.0:resources (default-resources) @ ozone-filesystem-hadoop3 ---
[INFO] Using 'UTF-8' encoding to copy filtered resources.
[INFO] Copying 1 resource
[INFO] Copying 2 resources
[INFO] 
[INFO] --- compiler:3.1:compile (default-compile) @ ozone-filesystem-hadoop3 ---
[INFO] Compiling 5 source files to /home/runner/work/sonar-analysis/sonar-analysis/project/hadoop-ozone/ozonefs-hadoop3/target/classes
[INFO] 
[INFO] --- resources:3.1.0:testResources (default-testResources) @ ozone-filesystem-hadoop3 ---
[INFO] Using 'UTF-8' encoding to copy filtered resources.
[INFO] skip non existing resourceDirectory /home/runner/work/sonar-analysis/sonar-analysis/project/hadoop-ozone/ozonefs-hadoop3/src/test/resources
[INFO] Copying 2 resources
[INFO] 
[INFO] --- compiler:3.1:testCompile (default-testCompile) @ ozone-filesystem-hadoop3 ---
[INFO] No sources to compile
[INFO] 
[INFO] --- surefire:3.0.0-M1:test (default-test) @ ozone-filesystem-hadoop3 ---
[INFO] Tests are skipped.
[INFO] 
[INFO] --- dependency:3.0.2:build-classpath (add-classpath-descriptor) @ ozone-filesystem-hadoop3 ---
[INFO] Wrote classpath file '/home/runner/work/sonar-analysis/sonar-analysis/project/hadoop-ozone/ozonefs-hadoop3/target/classes/ozone-filesystem-hadoop3.classpath'.
[INFO] 
[INFO] --- dependency:3.0.2:unpack (include-dependencies) @ ozone-filesystem-hadoop3 ---
[INFO] Configured Artifact: org.apache.ozone:ozone-filesystem-shaded:1.3.0-SNAPSHOT:jar
[INFO] Unpacking /home/runner/work/sonar-analysis/sonar-analysis/project/hadoop-ozone/ozonefs-shaded/target/ozone-filesystem-shaded-1.3.0-SNAPSHOT.jar to /home/runner/work/sonar-analysis/sonar-analysis/project/hadoop-ozone/ozonefs-hadoop3/target/classes with includes "" and excludes "META-INF/versions/**/*.*"
[INFO] 
[INFO] --- jar:2.5:jar (default-jar) @ ozone-filesystem-hadoop3 ---
[INFO] Building jar: /home/runner/work/sonar-analysis/sonar-analysis/project/hadoop-ozone/ozonefs-hadoop3/target/ozone-filesystem-hadoop3-1.3.0-SNAPSHOT.jar
[INFO] 
[INFO] --- jar:2.5:test-jar (default) @ ozone-filesystem-hadoop3 ---
[INFO] Building jar: /home/runner/work/sonar-analysis/sonar-analysis/project/hadoop-ozone/ozonefs-hadoop3/target/ozone-filesystem-hadoop3-1.3.0-SNAPSHOT-tests.jar
[INFO] 
[INFO] --- install:2.5.1:install (default-install) @ ozone-filesystem-hadoop3 ---
[INFO] Installing /home/runner/work/sonar-analysis/sonar-analysis/project/hadoop-ozone/ozonefs-hadoop3/target/ozone-filesystem-hadoop3-1.3.0-SNAPSHOT.jar to /home/runner/.m2/repository/org/apache/ozone/ozone-filesystem-hadoop3/1.3.0-SNAPSHOT/ozone-filesystem-hadoop3-1.3.0-SNAPSHOT.jar
[INFO] Installing /home/runner/work/sonar-analysis/sonar-analysis/project/hadoop-ozone/ozonefs-hadoop3/pom.xml to /home/runner/.m2/repository/org/apache/ozone/ozone-filesystem-hadoop3/1.3.0-SNAPSHOT/ozone-filesystem-hadoop3-1.3.0-SNAPSHOT.pom
[INFO] Installing /home/runner/work/sonar-analysis/sonar-analysis/project/hadoop-ozone/ozonefs-hadoop3/target/ozone-filesystem-hadoop3-1.3.0-SNAPSHOT-tests.jar to /home/runner/.m2/repository/org/apache/ozone/ozone-filesystem-hadoop3/1.3.0-SNAPSHOT/ozone-filesystem-hadoop3-1.3.0-SNAPSHOT-tests.jar
[INFO] 
[INFO] --------------------< org.apache.ozone:ozone-dist >---------------------
[INFO] Building Apache Ozone Distribution 1.3.0-SNAPSHOT                [37/40]
[INFO]   from hadoop-ozone/dist/pom.xml
[INFO] --------------------------------[ jar ]---------------------------------
[INFO] 
[INFO] --- clean:2.5:clean (default-clean) @ ozone-dist ---
[INFO] Deleting /home/runner/work/sonar-analysis/sonar-analysis/project/hadoop-ozone/dist/target
[INFO] Deleting /home/runner/work/sonar-analysis/sonar-analysis/project/hadoop-ozone/dist (includes = [dependency-reduced-pom.xml], excludes = [])
[INFO] 
[INFO] --- antrun:3.1.0:run (create-testdirs) @ ozone-dist ---
[INFO] Executing tasks
[INFO]     [mkdir] Created dir: /home/runner/work/sonar-analysis/sonar-analysis/project/hadoop-ozone/dist/target/test-dir
[INFO] Executed tasks
[INFO] 
[INFO] --- jacoco:0.8.5:prepare-agent (default-prepare-agent) @ ozone-dist ---
[INFO] argLine set to -javaagent:/home/runner/.m2/repository/org/jacoco/org.jacoco.agent/0.8.5/org.jacoco.agent-0.8.5-runtime.jar=destfile=/home/runner/work/sonar-analysis/sonar-analysis/project/hadoop-ozone/dist/target/jacoco.exec,includes=org.apache.hadoop.hdds.*:org.apache.hadoop.ozone.*:org.apache.hadoop.fs.ozone.*
[INFO] 
[INFO] --- remote-resources:1.5:process (default) @ ozone-dist ---
[INFO] 
[INFO] --- resources:3.1.0:resources (default-resources) @ ozone-dist ---
[INFO] Using 'UTF-8' encoding to copy filtered resources.
[INFO] skip non existing resourceDirectory /home/runner/work/sonar-analysis/sonar-analysis/project/hadoop-ozone/dist/src/main/resources
[INFO] Copying 2 resources
[INFO] 
[INFO] --- compiler:3.1:compile (default-compile) @ ozone-dist ---
[INFO] No sources to compile
[INFO] 
[INFO] --- resources:3.1.0:copy-resources (copy-compose-files) @ ozone-dist ---
[INFO] Using 'UTF-8' encoding to copy filtered resources.
[INFO] Copying 145 resources
[INFO] 
[INFO] --- resources:3.1.0:copy-resources (copy-and-filter-dockerfile) @ ozone-dist ---
[INFO] Using 'UTF-8' encoding to copy filtered resources.
[INFO] Copying 1 resource
[INFO] 
[INFO] --- resources:3.1.0:copy-resources (copy-k8s) @ ozone-dist ---
[INFO] Using 'UTF-8' encoding to copy filtered resources.
[INFO] Copying 150 resources
[INFO] 
[INFO] --- resources:3.1.0:testResources (default-testResources) @ ozone-dist ---
[INFO] Using 'UTF-8' encoding to copy filtered resources.
[INFO] skip non existing resourceDirectory /home/runner/work/sonar-analysis/sonar-analysis/project/hadoop-ozone/dist/src/test/resources
[INFO] Copying 2 resources
[INFO] 
[INFO] --- compiler:3.1:testCompile (default-testCompile) @ ozone-dist ---
[INFO] No sources to compile
[INFO] 
[INFO] --- surefire:3.0.0-M1:test (default-test) @ ozone-dist ---
[INFO] Tests are skipped.
[INFO] 
[INFO] --- exec:1.3.1:exec (dist) @ ozone-dist ---
cp: cannot stat '/home/runner/work/sonar-analysis/sonar-analysis/project/hadoop-hdds/docs/target/classes/docs': No such file or directory

Current directory /home/runner/work/sonar-analysis/sonar-analysis/project/hadoop-ozone/dist/target

$ rm -rf ozone-1.3.0-SNAPSHOT
$ mkdir ozone-1.3.0-SNAPSHOT
$ cd ozone-1.3.0-SNAPSHOT
$ cp -p /home/runner/work/sonar-analysis/sonar-analysis/project/hadoop-ozone/dist/src/main/license/bin/NOTICE.txt NOTICE.txt
$ cp -p /home/runner/work/sonar-analysis/sonar-analysis/project/hadoop-ozone/dist/src/main/license/bin/LICENSE.txt LICENSE.txt
$ cp -pr /home/runner/work/sonar-analysis/sonar-analysis/project/hadoop-ozone/dist/src/main/license/bin/licenses licenses
$ cp -p /home/runner/work/sonar-analysis/sonar-analysis/project/hadoop-ozone/recon/src/main/resources/webapps/recon/ozone-recon-web/LICENSE licenses/LICENSE-ozone-recon.txt
$ cp -p /home/runner/work/sonar-analysis/sonar-analysis/project/README.md .
$ cp -p /home/runner/work/sonar-analysis/sonar-analysis/project/HISTORY.md .
$ cp -p /home/runner/work/sonar-analysis/sonar-analysis/project/SECURITY.md .
$ cp -p /home/runner/work/sonar-analysis/sonar-analysis/project/CONTRIBUTING.md .
$ mkdir -p ./share/ozone/web
$ mkdir -p ./bin
$ mkdir -p ./sbin
$ mkdir -p ./etc
$ mkdir -p ./libexec
$ mkdir -p ./tests
$ cp -r /home/runner/work/sonar-analysis/sonar-analysis/project/hadoop-hdds/common/src/main/conf/ etc/hadoop
$ cp /home/runner/work/sonar-analysis/sonar-analysis/project/hadoop-ozone/dist/src/shell/conf/om-audit-log4j2.properties etc/hadoop
$ cp /home/runner/work/sonar-analysis/sonar-analysis/project/hadoop-ozone/dist/src/shell/conf/dn-audit-log4j2.properties etc/hadoop
$ cp /home/runner/work/sonar-analysis/sonar-analysis/project/hadoop-ozone/dist/src/shell/conf/scm-audit-log4j2.properties etc/hadoop
$ cp /home/runner/work/sonar-analysis/sonar-analysis/project/hadoop-ozone/dist/src/shell/conf/ozone-shell-log4j.properties etc/hadoop
$ cp /home/runner/work/sonar-analysis/sonar-analysis/project/hadoop-ozone/dist/src/shell/conf/ozone-site.xml etc/hadoop
$ cp -f /home/runner/work/sonar-analysis/sonar-analysis/project/hadoop-ozone/dist/src/shell/conf/log4j.properties etc/hadoop
$ cp /home/runner/work/sonar-analysis/sonar-analysis/project/hadoop-hdds/common/src/main/resources/network-topology-default.xml etc/hadoop
$ cp /home/runner/work/sonar-analysis/sonar-analysis/project/hadoop-hdds/common/src/main/resources/network-topology-nodegroup.xml etc/hadoop
$ cp -r /home/runner/work/sonar-analysis/sonar-analysis/project/hadoop-ozone/dist/src/main/dockerlibexec/. libexec/
$ cp /home/runner/work/sonar-analysis/sonar-analysis/project/hadoop-ozone/dist/src/shell/ozone/ozone bin/
$ cp /home/runner/work/sonar-analysis/sonar-analysis/project/hadoop-ozone/dist/src/shell/ozone/ozone-config.sh libexec/
$ cp /home/runner/work/sonar-analysis/sonar-analysis/project/hadoop-ozone/dist/src/shell/ozone/ozone-functions.sh libexec/
$ cp -r /home/runner/work/sonar-analysis/sonar-analysis/project/hadoop-ozone/dist/src/shell/shellprofile.d libexec/
$ cp -r /home/runner/work/sonar-analysis/sonar-analysis/project/hadoop-ozone/dist/src/shell/upgrade libexec/
$ cp /home/runner/work/sonar-analysis/sonar-analysis/project/hadoop-ozone/dist/src/shell/hdds/hadoop-daemons.sh sbin/
$ cp /home/runner/work/sonar-analysis/sonar-analysis/project/hadoop-ozone/dist/src/shell/hdds/workers.sh sbin/
$ cp /home/runner/work/sonar-analysis/sonar-analysis/project/hadoop-ozone/dist/src/shell/ozone/start-ozone.sh sbin/
$ cp /home/runner/work/sonar-analysis/sonar-analysis/project/hadoop-ozone/dist/src/shell/ozone/stop-ozone.sh sbin/
$ cp -r /home/runner/work/sonar-analysis/sonar-analysis/project/hadoop-ozone/fault-injection-test/network-tests/src/test/blockade tests
$ cp -r /home/runner/work/sonar-analysis/sonar-analysis/project/dev-support/byteman share/ozone/
$ cp -p -R /home/runner/work/sonar-analysis/sonar-analysis/project/hadoop-ozone/dist/target/compose .
$ cp -p -r /home/runner/work/sonar-analysis/sonar-analysis/project/hadoop-ozone/dist/src/main/smoketest .
$ cp -p -r /home/runner/work/sonar-analysis/sonar-analysis/project/hadoop-ozone/dist/target/k8s kubernetes
$ cp -p -r /home/runner/work/sonar-analysis/sonar-analysis/project/hadoop-ozone/dist/target/Dockerfile .
$ cp -p -R /home/runner/work/sonar-analysis/sonar-analysis/project/hadoop-ozone/dist/src/main/keytabs compose/_keytabs
[INFO] 
[INFO] --- dependency:3.0.2:unpack-dependencies (copy-classpath-files) @ ozone-dist ---
[INFO] Unpacking /home/runner/work/sonar-analysis/sonar-analysis/project/hadoop-hdds/server-scm/target/hdds-server-scm-1.3.0-SNAPSHOT.jar to /home/runner/work/sonar-analysis/sonar-analysis/project/hadoop-ozone/dist/target/ozone-1.3.0-SNAPSHOT/share/ozone/classpath with includes "*.classpath" and excludes ""
[INFO] Unpacking /home/runner/work/sonar-analysis/sonar-analysis/project/hadoop-ozone/common/target/ozone-common-1.3.0-SNAPSHOT.jar to /home/runner/work/sonar-analysis/sonar-analysis/project/hadoop-ozone/dist/target/ozone-1.3.0-SNAPSHOT/share/ozone/classpath with includes "*.classpath" and excludes ""
[INFO] Unpacking /home/runner/work/sonar-analysis/sonar-analysis/project/hadoop-ozone/csi/target/ozone-csi-1.3.0-SNAPSHOT.jar to /home/runner/work/sonar-analysis/sonar-analysis/project/hadoop-ozone/dist/target/ozone-1.3.0-SNAPSHOT/share/ozone/classpath with includes "*.classpath" and excludes ""
[INFO] Unpacking /home/runner/work/sonar-analysis/sonar-analysis/project/hadoop-ozone/datanode/target/ozone-datanode-1.3.0-SNAPSHOT.jar to /home/runner/work/sonar-analysis/sonar-analysis/project/hadoop-ozone/dist/target/ozone-1.3.0-SNAPSHOT/share/ozone/classpath with includes "*.classpath" and excludes ""
[INFO] Unpacking /home/runner/work/sonar-analysis/sonar-analysis/project/hadoop-ozone/insight/target/ozone-insight-1.3.0-SNAPSHOT.jar to /home/runner/work/sonar-analysis/sonar-analysis/project/hadoop-ozone/dist/target/ozone-1.3.0-SNAPSHOT/share/ozone/classpath with includes "*.classpath" and excludes ""
[INFO] Unpacking /home/runner/work/sonar-analysis/sonar-analysis/project/hadoop-ozone/ozone-manager/target/ozone-manager-1.3.0-SNAPSHOT.jar to /home/runner/work/sonar-analysis/sonar-analysis/project/hadoop-ozone/dist/target/ozone-1.3.0-SNAPSHOT/share/ozone/classpath with includes "*.classpath" and excludes ""
[INFO] Unpacking /home/runner/work/sonar-analysis/sonar-analysis/project/hadoop-ozone/recon/target/ozone-recon-1.3.0-SNAPSHOT.jar to /home/runner/work/sonar-analysis/sonar-analysis/project/hadoop-ozone/dist/target/ozone-1.3.0-SNAPSHOT/share/ozone/classpath with includes "*.classpath" and excludes ""
[INFO] Unpacking /home/runner/work/sonar-analysis/sonar-analysis/project/hadoop-ozone/s3gateway/target/ozone-s3gateway-1.3.0-SNAPSHOT.jar to /home/runner/work/sonar-analysis/sonar-analysis/project/hadoop-ozone/dist/target/ozone-1.3.0-SNAPSHOT/share/ozone/classpath with includes "*.classpath" and excludes ""
[INFO] Unpacking /home/runner/work/sonar-analysis/sonar-analysis/project/hadoop-ozone/tools/target/ozone-tools-1.3.0-SNAPSHOT.jar to /home/runner/work/sonar-analysis/sonar-analysis/project/hadoop-ozone/dist/target/ozone-1.3.0-SNAPSHOT/share/ozone/classpath with includes "*.classpath" and excludes ""
[INFO] 
[INFO] --- dependency:3.0.2:copy-dependencies (copy-jars) @ ozone-dist ---
[INFO] Copying kerb-simplekdc-1.0.1.jar to /home/runner/work/sonar-analysis/sonar-analysis/project/hadoop-ozone/dist/target/ozone-1.3.0-SNAPSHOT/share/ozone/lib/kerb-simplekdc-1.0.1.jar
[INFO] Copying hk2-utils-2.5.0.jar to /home/runner/work/sonar-analysis/sonar-analysis/project/hadoop-ozone/dist/target/ozone-1.3.0-SNAPSHOT/share/ozone/lib/hk2-utils-2.5.0.jar
[INFO] Copying jakarta.inject-2.6.1.jar to /home/runner/work/sonar-analysis/sonar-analysis/project/hadoop-ozone/dist/target/ozone-1.3.0-SNAPSHOT/share/ozone/lib/jakarta.inject-2.6.1.jar
[INFO] Copying protobuf-java-2.5.0.jar to /home/runner/work/sonar-analysis/sonar-analysis/project/hadoop-ozone/dist/target/ozone-1.3.0-SNAPSHOT/share/ozone/lib/protobuf-java-2.5.0.jar
[INFO] Copying jackson-dataformat-cbor-2.12.1.jar to /home/runner/work/sonar-analysis/sonar-analysis/project/hadoop-ozone/dist/target/ozone-1.3.0-SNAPSHOT/share/ozone/lib/jackson-dataformat-cbor-2.12.1.jar
[INFO] Copying sqlite-jdbc-3.25.2.jar to /home/runner/work/sonar-analysis/sonar-analysis/project/hadoop-ozone/dist/target/ozone-1.3.0-SNAPSHOT/share/ozone/lib/sqlite-jdbc-3.25.2.jar
[INFO] Copying jaxb-core-2.3.0.1.jar to /home/runner/work/sonar-analysis/sonar-analysis/project/hadoop-ozone/dist/target/ozone-1.3.0-SNAPSHOT/share/ozone/lib/jaxb-core-2.3.0.1.jar
[INFO] Copying aopalliance-repackaged-2.5.0.jar to /home/runner/work/sonar-analysis/sonar-analysis/project/hadoop-ozone/dist/target/ozone-1.3.0-SNAPSHOT/share/ozone/lib/aopalliance-repackaged-2.5.0.jar
[INFO] Copying bcpkix-jdk15on-1.67.jar to /home/runner/work/sonar-analysis/sonar-analysis/project/hadoop-ozone/dist/target/ozone-1.3.0-SNAPSHOT/share/ozone/lib/bcpkix-jdk15on-1.67.jar
[INFO] Copying javax.interceptor-api-1.2.jar to /home/runner/work/sonar-analysis/sonar-analysis/project/hadoop-ozone/dist/target/ozone-1.3.0-SNAPSHOT/share/ozone/lib/javax.interceptor-api-1.2.jar
[INFO] Copying guice-4.0.jar to /home/runner/work/sonar-analysis/sonar-analysis/project/hadoop-ozone/dist/target/ozone-1.3.0-SNAPSHOT/share/ozone/lib/guice-4.0.jar
[INFO] Copying proto-google-common-protos-1.17.0.jar to /home/runner/work/sonar-analysis/sonar-analysis/project/hadoop-ozone/dist/target/ozone-1.3.0-SNAPSHOT/share/ozone/lib/proto-google-common-protos-1.17.0.jar
[INFO] Copying joda-time-2.8.1.jar to /home/runner/work/sonar-analysis/sonar-analysis/project/hadoop-ozone/dist/target/ozone-1.3.0-SNAPSHOT/share/ozone/lib/joda-time-2.8.1.jar
[INFO] Copying ozone-interface-client-1.3.0-SNAPSHOT.jar to /home/runner/work/sonar-analysis/sonar-analysis/project/hadoop-ozone/dist/target/ozone-1.3.0-SNAPSHOT/share/ozone/lib/ozone-interface-client-1.3.0-SNAPSHOT.jar
[INFO] Copying jsr305-3.0.0.jar to /home/runner/work/sonar-analysis/sonar-analysis/project/hadoop-ozone/dist/target/ozone-1.3.0-SNAPSHOT/share/ozone/lib/jsr305-3.0.0.jar
[INFO] Copying j2objc-annotations-1.3.jar to /home/runner/work/sonar-analysis/sonar-analysis/project/hadoop-ozone/dist/target/ozone-1.3.0-SNAPSHOT/share/ozone/lib/j2objc-annotations-1.3.jar
[INFO] Copying json-smart-2.3.1.jar to /home/runner/work/sonar-analysis/sonar-analysis/project/hadoop-ozone/dist/target/ozone-1.3.0-SNAPSHOT/share/ozone/lib/json-smart-2.3.1.jar
[INFO] Copying picocli-4.6.1.jar to /home/runner/work/sonar-analysis/sonar-analysis/project/hadoop-ozone/dist/target/ozone-1.3.0-SNAPSHOT/share/ozone/lib/picocli-4.6.1.jar
[INFO] Copying htrace-core4-4.1.0-incubating.jar to /home/runner/work/sonar-analysis/sonar-analysis/project/hadoop-ozone/dist/target/ozone-1.3.0-SNAPSHOT/share/ozone/lib/htrace-core4-4.1.0-incubating.jar
[INFO] Copying jaxb-api-2.3.0.jar to /home/runner/work/sonar-analysis/sonar-analysis/project/hadoop-ozone/dist/target/ozone-1.3.0-SNAPSHOT/share/ozone/lib/jaxb-api-2.3.0.jar
[INFO] Copying jersey-container-servlet-2.33.jar to /home/runner/work/sonar-analysis/sonar-analysis/project/hadoop-ozone/dist/target/ozone-1.3.0-SNAPSHOT/share/ozone/lib/jersey-container-servlet-2.33.jar
[INFO] Copying kotlin-stdlib-common-1.4.31.jar to /home/runner/work/sonar-analysis/sonar-analysis/project/hadoop-ozone/dist/target/ozone-1.3.0-SNAPSHOT/share/ozone/lib/kotlin-stdlib-common-1.4.31.jar
[INFO] Copying netty-codec-http-4.1.63.Final.jar to /home/runner/work/sonar-analysis/sonar-analysis/project/hadoop-ozone/dist/target/ozone-1.3.0-SNAPSHOT/share/ozone/lib/netty-codec-http-4.1.63.Final.jar
[INFO] Copying ratis-tools-2.2.0.jar to /home/runner/work/sonar-analysis/sonar-analysis/project/hadoop-ozone/dist/target/ozone-1.3.0-SNAPSHOT/share/ozone/lib/ratis-tools-2.2.0.jar
[INFO] Copying ozone-tools-1.3.0-SNAPSHOT.jar to /home/runner/work/sonar-analysis/sonar-analysis/project/hadoop-ozone/dist/target/ozone-1.3.0-SNAPSHOT/share/ozone/lib/ozone-tools-1.3.0-SNAPSHOT.jar
[INFO] Copying kerby-xdr-1.0.1.jar to /home/runner/work/sonar-analysis/sonar-analysis/project/hadoop-ozone/dist/target/ozone-1.3.0-SNAPSHOT/share/ozone/lib/kerby-xdr-1.0.1.jar
[INFO] Copying netty-buffer-4.1.63.Final.jar to /home/runner/work/sonar-analysis/sonar-analysis/project/hadoop-ozone/dist/target/ozone-1.3.0-SNAPSHOT/share/ozone/lib/netty-buffer-4.1.63.Final.jar
[INFO] Copying txw2-2.3.0.1.jar to /home/runner/work/sonar-analysis/sonar-analysis/project/hadoop-ozone/dist/target/ozone-1.3.0-SNAPSHOT/share/ozone/lib/txw2-2.3.0.1.jar
[INFO] Copying ozone-interface-storage-1.3.0-SNAPSHOT.jar to /home/runner/work/sonar-analysis/sonar-analysis/project/hadoop-ozone/dist/target/ozone-1.3.0-SNAPSHOT/share/ozone/lib/ozone-interface-storage-1.3.0-SNAPSHOT.jar
[INFO] Copying libthrift-0.14.1.jar to /home/runner/work/sonar-analysis/sonar-analysis/project/hadoop-ozone/dist/target/ozone-1.3.0-SNAPSHOT/share/ozone/lib/libthrift-0.14.1.jar
[INFO] Copying ozone-s3gateway-1.3.0-SNAPSHOT.jar to /home/runner/work/sonar-analysis/sonar-analysis/project/hadoop-ozone/dist/target/ozone-1.3.0-SNAPSHOT/share/ozone/lib/ozone-s3gateway-1.3.0-SNAPSHOT.jar
[INFO] Copying stax-ex-1.7.8.jar to /home/runner/work/sonar-analysis/sonar-analysis/project/hadoop-ozone/dist/target/ozone-1.3.0-SNAPSHOT/share/ozone/lib/stax-ex-1.7.8.jar
[INFO] Copying error_prone_annotations-2.2.0.jar to /home/runner/work/sonar-analysis/sonar-analysis/project/hadoop-ozone/dist/target/ozone-1.3.0-SNAPSHOT/share/ozone/lib/error_prone_annotations-2.2.0.jar
[INFO] Copying httpclient-4.5.13.jar to /home/runner/work/sonar-analysis/sonar-analysis/project/hadoop-ozone/dist/target/ozone-1.3.0-SNAPSHOT/share/ozone/lib/httpclient-4.5.13.jar
[INFO] Copying metrics-core-3.2.4.jar to /home/runner/work/sonar-analysis/sonar-analysis/project/hadoop-ozone/dist/target/ozone-1.3.0-SNAPSHOT/share/ozone/lib/metrics-core-3.2.4.jar
[INFO] Copying kerby-pkix-1.0.1.jar to /home/runner/work/sonar-analysis/sonar-analysis/project/hadoop-ozone/dist/target/ozone-1.3.0-SNAPSHOT/share/ozone/lib/kerby-pkix-1.0.1.jar
[INFO] Copying ozone-client-1.3.0-SNAPSHOT.jar to /home/runner/work/sonar-analysis/sonar-analysis/project/hadoop-ozone/dist/target/ozone-1.3.0-SNAPSHOT/share/ozone/lib/ozone-client-1.3.0-SNAPSHOT.jar
[INFO] Copying activation-1.1.1.jar to /home/runner/work/sonar-analysis/sonar-analysis/project/hadoop-ozone/dist/target/ozone-1.3.0-SNAPSHOT/share/ozone/lib/activation-1.1.1.jar
[INFO] Copying aspectjweaver-1.9.7.jar to /home/runner/work/sonar-analysis/sonar-analysis/project/hadoop-ozone/dist/target/ozone-1.3.0-SNAPSHOT/share/ozone/lib/aspectjweaver-1.9.7.jar
[INFO] Copying jsr311-api-1.1.1.jar to /home/runner/work/sonar-analysis/sonar-analysis/project/hadoop-ozone/dist/target/ozone-1.3.0-SNAPSHOT/share/ozone/lib/jsr311-api-1.1.1.jar
[INFO] Copying netty-codec-4.1.63.Final.jar to /home/runner/work/sonar-analysis/sonar-analysis/project/hadoop-ozone/dist/target/ozone-1.3.0-SNAPSHOT/share/ozone/lib/netty-codec-4.1.63.Final.jar
[INFO] Copying commons-beanutils-1.9.4.jar to /home/runner/work/sonar-analysis/sonar-analysis/project/hadoop-ozone/dist/target/ozone-1.3.0-SNAPSHOT/share/ozone/lib/commons-beanutils-1.9.4.jar
[INFO] Copying rocksdbjni-6.25.3.jar to /home/runner/work/sonar-analysis/sonar-analysis/project/hadoop-ozone/dist/target/ozone-1.3.0-SNAPSHOT/share/ozone/lib/rocksdbjni-6.25.3.jar
[INFO] Copying hdds-server-framework-1.3.0-SNAPSHOT.jar to /home/runner/work/sonar-analysis/sonar-analysis/project/hadoop-ozone/dist/target/ozone-1.3.0-SNAPSHOT/share/ozone/lib/hdds-server-framework-1.3.0-SNAPSHOT.jar
[INFO] Copying kerb-server-1.0.1.jar to /home/runner/work/sonar-analysis/sonar-analysis/project/hadoop-ozone/dist/target/ozone-1.3.0-SNAPSHOT/share/ozone/lib/kerb-server-1.0.1.jar
[INFO] Copying guava-30.1.1-jre.jar to /home/runner/work/sonar-analysis/sonar-analysis/project/hadoop-ozone/dist/target/ozone-1.3.0-SNAPSHOT/share/ozone/lib/guava-30.1.1-jre.jar
[INFO] Copying hdds-common-1.3.0-SNAPSHOT.jar to /home/runner/work/sonar-analysis/sonar-analysis/project/hadoop-ozone/dist/target/ozone-1.3.0-SNAPSHOT/share/ozone/lib/hdds-common-1.3.0-SNAPSHOT.jar
[INFO] Copying jakarta.validation-api-2.0.2.jar to /home/runner/work/sonar-analysis/sonar-analysis/project/hadoop-ozone/dist/target/ozone-1.3.0-SNAPSHOT/share/ozone/lib/jakarta.validation-api-2.0.2.jar
[INFO] Copying netty-transport-4.1.63.Final.jar to /home/runner/work/sonar-analysis/sonar-analysis/project/hadoop-ozone/dist/target/ozone-1.3.0-SNAPSHOT/share/ozone/lib/netty-transport-4.1.63.Final.jar
[INFO] Copying ratis-grpc-2.2.0.jar to /home/runner/work/sonar-analysis/sonar-analysis/project/hadoop-ozone/dist/target/ozone-1.3.0-SNAPSHOT/share/ozone/lib/ratis-grpc-2.2.0.jar
[INFO] Copying ratis-common-2.2.0.jar to /home/runner/work/sonar-analysis/sonar-analysis/project/hadoop-ozone/dist/target/ozone-1.3.0-SNAPSHOT/share/ozone/lib/ratis-common-2.2.0.jar
[INFO] Copying disruptor-3.4.2.jar to /home/runner/work/sonar-analysis/sonar-analysis/project/hadoop-ozone/dist/target/ozone-1.3.0-SNAPSHOT/share/ozone/lib/disruptor-3.4.2.jar
[INFO] Copying aspectjrt-1.9.7.jar to /home/runner/work/sonar-analysis/sonar-analysis/project/hadoop-ozone/dist/target/ozone-1.3.0-SNAPSHOT/share/ozone/lib/aspectjrt-1.9.7.jar
[INFO] Copying hdds-docs-1.3.0-SNAPSHOT.jar to /home/runner/work/sonar-analysis/sonar-analysis/project/hadoop-ozone/dist/target/ozone-1.3.0-SNAPSHOT/share/ozone/lib/hdds-docs-1.3.0-SNAPSHOT.jar
[INFO] Copying hdds-tools-1.3.0-SNAPSHOT.jar to /home/runner/work/sonar-analysis/sonar-analysis/project/hadoop-ozone/dist/target/ozone-1.3.0-SNAPSHOT/share/ozone/lib/hdds-tools-1.3.0-SNAPSHOT.jar
[INFO] Copying hdds-interface-server-1.3.0-SNAPSHOT.jar to /home/runner/work/sonar-analysis/sonar-analysis/project/hadoop-ozone/dist/target/ozone-1.3.0-SNAPSHOT/share/ozone/lib/hdds-interface-server-1.3.0-SNAPSHOT.jar
[INFO] Copying spring-core-5.2.18.RELEASE.jar to /home/runner/work/sonar-analysis/sonar-analysis/project/hadoop-ozone/dist/target/ozone-1.3.0-SNAPSHOT/share/ozone/lib/spring-core-5.2.18.RELEASE.jar
[INFO] Copying simpleclient_common-0.7.0.jar to /home/runner/work/sonar-analysis/sonar-analysis/project/hadoop-ozone/dist/target/ozone-1.3.0-SNAPSHOT/share/ozone/lib/simpleclient_common-0.7.0.jar
[INFO] Copying dnsjava-2.1.7.jar to /home/runner/work/sonar-analysis/sonar-analysis/project/hadoop-ozone/dist/target/ozone-1.3.0-SNAPSHOT/share/ozone/lib/dnsjava-2.1.7.jar
[INFO] Copying netty-codec-http2-4.1.63.Final.jar to /home/runner/work/sonar-analysis/sonar-analysis/project/hadoop-ozone/dist/target/ozone-1.3.0-SNAPSHOT/share/ozone/lib/netty-codec-http2-4.1.63.Final.jar
[INFO] Copying spring-tx-5.2.18.RELEASE.jar to /home/runner/work/sonar-analysis/sonar-analysis/project/hadoop-ozone/dist/target/ozone-1.3.0-SNAPSHOT/share/ozone/lib/spring-tx-5.2.18.RELEASE.jar
[INFO] Copying grpc-context-1.33.0.jar to /home/runner/work/sonar-analysis/sonar-analysis/project/hadoop-ozone/dist/target/ozone-1.3.0-SNAPSHOT/share/ozone/lib/grpc-context-1.33.0.jar
[INFO] Copying commons-configuration2-2.1.1.jar to /home/runner/work/sonar-analysis/sonar-analysis/project/hadoop-ozone/dist/target/ozone-1.3.0-SNAPSHOT/share/ozone/lib/commons-configuration2-2.1.1.jar
[INFO] Copying ratis-client-2.2.0.jar to /home/runner/work/sonar-analysis/sonar-analysis/project/hadoop-ozone/dist/target/ozone-1.3.0-SNAPSHOT/share/ozone/lib/ratis-client-2.2.0.jar
[INFO] Copying ratis-proto-2.2.0.jar to /home/runner/work/sonar-analysis/sonar-analysis/project/hadoop-ozone/dist/target/ozone-1.3.0-SNAPSHOT/share/ozone/lib/ratis-proto-2.2.0.jar
[INFO] Copying ozone-common-1.3.0-SNAPSHOT.jar to /home/runner/work/sonar-analysis/sonar-analysis/project/hadoop-ozone/dist/target/ozone-1.3.0-SNAPSHOT/share/ozone/lib/ozone-common-1.3.0-SNAPSHOT.jar
[INFO] Copying log4j-1.2.17.jar to /home/runner/work/sonar-analysis/sonar-analysis/project/hadoop-ozone/dist/target/ozone-1.3.0-SNAPSHOT/share/ozone/lib/log4j-1.2.17.jar
[INFO] Copying grpc-protobuf-1.33.0.jar to /home/runner/work/sonar-analysis/sonar-analysis/project/hadoop-ozone/dist/target/ozone-1.3.0-SNAPSHOT/share/ozone/lib/grpc-protobuf-1.33.0.jar
[INFO] Copying listenablefuture-9999.0-empty-to-avoid-conflict-with-guava.jar to /home/runner/work/sonar-analysis/sonar-analysis/project/hadoop-ozone/dist/target/ozone-1.3.0-SNAPSHOT/share/ozone/lib/listenablefuture-9999.0-empty-to-avoid-conflict-with-guava.jar
[INFO] Copying ratis-netty-2.2.0.jar to /home/runner/work/sonar-analysis/sonar-analysis/project/hadoop-ozone/dist/target/ozone-1.3.0-SNAPSHOT/share/ozone/lib/ratis-netty-2.2.0.jar
[INFO] Copying commons-lang3-3.7.jar to /home/runner/work/sonar-analysis/sonar-analysis/project/hadoop-ozone/dist/target/ozone-1.3.0-SNAPSHOT/share/ozone/lib/commons-lang3-3.7.jar
[INFO] Copying jooq-3.11.10.jar to /home/runner/work/sonar-analysis/sonar-analysis/project/hadoop-ozone/dist/target/ozone-1.3.0-SNAPSHOT/share/ozone/lib/jooq-3.11.10.jar
[INFO] Copying re2j-1.1.jar to /home/runner/work/sonar-analysis/sonar-analysis/project/hadoop-ozone/dist/target/ozone-1.3.0-SNAPSHOT/share/ozone/lib/re2j-1.1.jar
[INFO] Copying ozone-filesystem-hadoop2-1.3.0-SNAPSHOT.jar to /home/runner/work/sonar-analysis/sonar-analysis/project/hadoop-ozone/dist/target/ozone-1.3.0-SNAPSHOT/share/ozone/lib/ozone-filesystem-hadoop2-1.3.0-SNAPSHOT.jar
[INFO] Copying commons-math3-3.1.1.jar to /home/runner/work/sonar-analysis/sonar-analysis/project/hadoop-ozone/dist/target/ozone-1.3.0-SNAPSHOT/share/ozone/lib/commons-math3-3.1.1.jar
[INFO] Copying simpleclient_dropwizard-0.7.0.jar to /home/runner/work/sonar-analysis/sonar-analysis/project/hadoop-ozone/dist/target/ozone-1.3.0-SNAPSHOT/share/ozone/lib/simpleclient_dropwizard-0.7.0.jar
[INFO] Copying jersey-cdi1x-2.33.jar to /home/runner/work/sonar-analysis/sonar-analysis/project/hadoop-ozone/dist/target/ozone-1.3.0-SNAPSHOT/share/ozone/lib/jersey-cdi1x-2.33.jar
[INFO] Copying ratis-thirdparty-misc-0.7.0.jar to /home/runner/work/sonar-analysis/sonar-analysis/project/hadoop-ozone/dist/target/ozone-1.3.0-SNAPSHOT/share/ozone/lib/ratis-thirdparty-misc-0.7.0.jar
[INFO] Copying simpleclient-0.7.0.jar to /home/runner/work/sonar-analysis/sonar-analysis/project/hadoop-ozone/dist/target/ozone-1.3.0-SNAPSHOT/share/ozone/lib/simpleclient-0.7.0.jar
[INFO] Copying osgi-resource-locator-1.0.3.jar to /home/runner/work/sonar-analysis/sonar-analysis/project/hadoop-ozone/dist/target/ozone-1.3.0-SNAPSHOT/share/ozone/lib/osgi-resource-locator-1.0.3.jar
[INFO] Copying asm-5.0.4.jar to /home/runner/work/sonar-analysis/sonar-analysis/project/hadoop-ozone/dist/target/ozone-1.3.0-SNAPSHOT/share/ozone/lib/asm-5.0.4.jar
[INFO] Copying kerby-util-1.0.1.jar to /home/runner/work/sonar-analysis/sonar-analysis/project/hadoop-ozone/dist/target/ozone-1.3.0-SNAPSHOT/share/ozone/lib/kerby-util-1.0.1.jar
[INFO] Copying failureaccess-1.0.1.jar to /home/runner/work/sonar-analysis/sonar-analysis/project/hadoop-ozone/dist/target/ozone-1.3.0-SNAPSHOT/share/ozone/lib/failureaccess-1.0.1.jar
[INFO] Copying derby-10.14.2.0.jar to /home/runner/work/sonar-analysis/sonar-analysis/project/hadoop-ozone/dist/target/ozone-1.3.0-SNAPSHOT/share/ozone/lib/derby-10.14.2.0.jar
[INFO] Copying hdds-config-1.3.0-SNAPSHOT.jar to /home/runner/work/sonar-analysis/sonar-analysis/project/hadoop-ozone/dist/target/ozone-1.3.0-SNAPSHOT/share/ozone/lib/hdds-config-1.3.0-SNAPSHOT.jar
[INFO] Copying jsp-api-2.1.jar to /home/runner/work/sonar-analysis/sonar-analysis/project/hadoop-ozone/dist/target/ozone-1.3.0-SNAPSHOT/share/ozone/lib/jsp-api-2.1.jar
[INFO] Copying grpc-core-1.33.0.jar to /home/runner/work/sonar-analysis/sonar-analysis/project/hadoop-ozone/dist/target/ozone-1.3.0-SNAPSHOT/share/ozone/lib/grpc-core-1.33.0.jar
[INFO] Copying jakarta.activation-api-1.2.1.jar to /home/runner/work/sonar-analysis/sonar-analysis/project/hadoop-ozone/dist/target/ozone-1.3.0-SNAPSHOT/share/ozone/lib/jakarta.activation-api-1.2.1.jar
[INFO] Copying jooq-codegen-3.11.10.jar to /home/runner/work/sonar-analysis/sonar-analysis/project/hadoop-ozone/dist/target/ozone-1.3.0-SNAPSHOT/share/ozone/lib/jooq-codegen-3.11.10.jar
[INFO] Copying slf4j-api-1.7.30.jar to /home/runner/work/sonar-analysis/sonar-analysis/project/hadoop-ozone/dist/target/ozone-1.3.0-SNAPSHOT/share/ozone/lib/slf4j-api-1.7.30.jar
[INFO] Copying hadoop-hdfs-client-3.3.1.jar to /home/runner/work/sonar-analysis/sonar-analysis/project/hadoop-ozone/dist/target/ozone-1.3.0-SNAPSHOT/share/ozone/lib/hadoop-hdfs-client-3.3.1.jar
[INFO] Copying ozone-filesystem-hadoop3-1.3.0-SNAPSHOT.jar to /home/runner/work/sonar-analysis/sonar-analysis/project/hadoop-ozone/dist/target/ozone-1.3.0-SNAPSHOT/share/ozone/lib/ozone-filesystem-hadoop3-1.3.0-SNAPSHOT.jar
[INFO] Copying jersey-entity-filtering-2.33.jar to /home/runner/work/sonar-analysis/sonar-analysis/project/hadoop-ozone/dist/target/ozone-1.3.0-SNAPSHOT/share/ozone/lib/jersey-entity-filtering-2.33.jar
[INFO] Copying commons-codec-1.11.jar to /home/runner/work/sonar-analysis/sonar-analysis/project/hadoop-ozone/dist/target/ozone-1.3.0-SNAPSHOT/share/ozone/lib/commons-codec-1.11.jar
[INFO] Copying jetty-util-9.4.43.v20210629.jar to /home/runner/work/sonar-analysis/sonar-analysis/project/hadoop-ozone/dist/target/ozone-1.3.0-SNAPSHOT/share/ozone/lib/jetty-util-9.4.43.v20210629.jar
[INFO] Copying gson-2.2.4.jar to /home/runner/work/sonar-analysis/sonar-analysis/project/hadoop-ozone/dist/target/ozone-1.3.0-SNAPSHOT/share/ozone/lib/gson-2.2.4.jar
[INFO] Copying opentracing-api-0.33.0.jar to /home/runner/work/sonar-analysis/sonar-analysis/project/hadoop-ozone/dist/target/ozone-1.3.0-SNAPSHOT/share/ozone/lib/opentracing-api-0.33.0.jar
[INFO] Copying jetty-util-ajax-9.4.43.v20210629.jar to /home/runner/work/sonar-analysis/sonar-analysis/project/hadoop-ozone/dist/target/ozone-1.3.0-SNAPSHOT/share/ozone/lib/jetty-util-ajax-9.4.43.v20210629.jar
[INFO] Copying jcip-annotations-1.0-1.jar to /home/runner/work/sonar-analysis/sonar-analysis/project/hadoop-ozone/dist/target/ozone-1.3.0-SNAPSHOT/share/ozone/lib/jcip-annotations-1.0-1.jar
[INFO] Copying netty-resolver-4.1.63.Final.jar to /home/runner/work/sonar-analysis/sonar-analysis/project/hadoop-ozone/dist/target/ozone-1.3.0-SNAPSHOT/share/ozone/lib/netty-resolver-4.1.63.Final.jar
[INFO] Copying kotlin-stdlib-1.4.31.jar to /home/runner/work/sonar-analysis/sonar-analysis/project/hadoop-ozone/dist/target/ozone-1.3.0-SNAPSHOT/share/ozone/lib/kotlin-stdlib-1.4.31.jar
[INFO] Copying opentracing-noop-0.33.0.jar to /home/runner/work/sonar-analysis/sonar-analysis/project/hadoop-ozone/dist/target/ozone-1.3.0-SNAPSHOT/share/ozone/lib/opentracing-noop-0.33.0.jar
[INFO] Copying commons-compress-1.21.jar to /home/runner/work/sonar-analysis/sonar-analysis/project/hadoop-ozone/dist/target/ozone-1.3.0-SNAPSHOT/share/ozone/lib/commons-compress-1.21.jar
[INFO] Copying jaxb-runtime-2.3.0.1.jar to /home/runner/work/sonar-analysis/sonar-analysis/project/hadoop-ozone/dist/target/ozone-1.3.0-SNAPSHOT/share/ozone/lib/jaxb-runtime-2.3.0.1.jar
[INFO] Copying ratis-metrics-2.2.0.jar to /home/runner/work/sonar-analysis/sonar-analysis/project/hadoop-ozone/dist/target/ozone-1.3.0-SNAPSHOT/share/ozone/lib/ratis-metrics-2.2.0.jar
[INFO] Copying guice-servlet-4.0.jar to /home/runner/work/sonar-analysis/sonar-analysis/project/hadoop-ozone/dist/target/ozone-1.3.0-SNAPSHOT/share/ozone/lib/guice-servlet-4.0.jar
[INFO] Copying protobuf-java-util-3.12.0.jar to /home/runner/work/sonar-analysis/sonar-analysis/project/hadoop-ozone/dist/target/ozone-1.3.0-SNAPSHOT/share/ozone/lib/protobuf-java-util-3.12.0.jar
[INFO] Copying guice-bridge-2.5.0.jar to /home/runner/work/sonar-analysis/sonar-analysis/project/hadoop-ozone/dist/target/ozone-1.3.0-SNAPSHOT/share/ozone/lib/guice-bridge-2.5.0.jar
[INFO] Copying opentracing-util-0.33.0.jar to /home/runner/work/sonar-analysis/sonar-analysis/project/hadoop-ozone/dist/target/ozone-1.3.0-SNAPSHOT/share/ozone/lib/opentracing-util-0.33.0.jar
[INFO] Copying grpc-protobuf-lite-1.33.0.jar to /home/runner/work/sonar-analysis/sonar-analysis/project/hadoop-ozone/dist/target/ozone-1.3.0-SNAPSHOT/share/ozone/lib/grpc-protobuf-lite-1.33.0.jar
[INFO] Copying hdds-client-1.3.0-SNAPSHOT.jar to /home/runner/work/sonar-analysis/sonar-analysis/project/hadoop-ozone/dist/target/ozone-1.3.0-SNAPSHOT/share/ozone/lib/hdds-client-1.3.0-SNAPSHOT.jar
[INFO] Copying aws-java-sdk-kms-1.12.124.jar to /home/runner/work/sonar-analysis/sonar-analysis/project/hadoop-ozone/dist/target/ozone-1.3.0-SNAPSHOT/share/ozone/lib/aws-java-sdk-kms-1.12.124.jar
[INFO] Copying hdds-hadoop-dependency-client-1.3.0-SNAPSHOT.jar to /home/runner/work/sonar-analysis/sonar-analysis/project/hadoop-ozone/dist/target/ozone-1.3.0-SNAPSHOT/share/ozone/lib/hdds-hadoop-dependency-client-1.3.0-SNAPSHOT.jar
[INFO] Copying snappy-java-1.1.8.2.jar to /home/runner/work/sonar-analysis/sonar-analysis/project/hadoop-ozone/dist/target/ozone-1.3.0-SNAPSHOT/share/ozone/lib/snappy-java-1.1.8.2.jar
[INFO] Copying commons-cli-1.2.jar to /home/runner/work/sonar-analysis/sonar-analysis/project/hadoop-ozone/dist/target/ozone-1.3.0-SNAPSHOT/share/ozone/lib/commons-cli-1.2.jar
[INFO] Copying hadoop-annotations-3.3.1.jar to /home/runner/work/sonar-analysis/sonar-analysis/project/hadoop-ozone/dist/target/ozone-1.3.0-SNAPSHOT/share/ozone/lib/hadoop-annotations-3.3.1.jar
[INFO] Copying commons-digester-1.8.1.jar to /home/runner/work/sonar-analysis/sonar-analysis/project/hadoop-ozone/dist/target/ozone-1.3.0-SNAPSHOT/share/ozone/lib/commons-digester-1.8.1.jar
[INFO] Copying commons-collections-3.2.2.jar to /home/runner/work/sonar-analysis/sonar-analysis/project/hadoop-ozone/dist/target/ozone-1.3.0-SNAPSHOT/share/ozone/lib/commons-collections-3.2.2.jar
[INFO] Copying jaeger-core-1.6.0.jar to /home/runner/work/sonar-analysis/sonar-analysis/project/hadoop-ozone/dist/target/ozone-1.3.0-SNAPSHOT/share/ozone/lib/jaeger-core-1.6.0.jar
[INFO] Copying jersey-servlet-1.19.jar to /home/runner/work/sonar-analysis/sonar-analysis/project/hadoop-ozone/dist/target/ozone-1.3.0-SNAPSHOT/share/ozone/lib/jersey-servlet-1.19.jar
[INFO] Copying ratis-server-2.2.0.jar to /home/runner/work/sonar-analysis/sonar-analysis/project/hadoop-ozone/dist/target/ozone-1.3.0-SNAPSHOT/share/ozone/lib/ratis-server-2.2.0.jar
[INFO] Copying hadoop-auth-3.3.1.jar to /home/runner/work/sonar-analysis/sonar-analysis/project/hadoop-ozone/dist/target/ozone-1.3.0-SNAPSHOT/share/ozone/lib/hadoop-auth-3.3.1.jar
[INFO] Copying kerb-identity-1.0.1.jar to /home/runner/work/sonar-analysis/sonar-analysis/project/hadoop-ozone/dist/target/ozone-1.3.0-SNAPSHOT/share/ozone/lib/kerb-identity-1.0.1.jar
[INFO] Copying hdds-hadoop-dependency-server-1.3.0-SNAPSHOT.jar to /home/runner/work/sonar-analysis/sonar-analysis/project/hadoop-ozone/dist/target/ozone-1.3.0-SNAPSHOT/share/ozone/lib/hdds-hadoop-dependency-server-1.3.0-SNAPSHOT.jar
[INFO] Copying jackson-annotations-2.12.1.jar to /home/runner/work/sonar-analysis/sonar-analysis/project/hadoop-ozone/dist/target/ozone-1.3.0-SNAPSHOT/share/ozone/lib/jackson-annotations-2.12.1.jar
[INFO] Copying hk2-locator-2.6.1.jar to /home/runner/work/sonar-analysis/sonar-analysis/project/hadoop-ozone/dist/target/ozone-1.3.0-SNAPSHOT/share/ozone/lib/hk2-locator-2.6.1.jar
[INFO] Copying ozone-datanode-1.3.0-SNAPSHOT.jar to /home/runner/work/sonar-analysis/sonar-analysis/project/hadoop-ozone/dist/target/ozone-1.3.0-SNAPSHOT/share/ozone/lib/ozone-datanode-1.3.0-SNAPSHOT.jar
[INFO] Copying slf4j-log4j12-1.7.30.jar to /home/runner/work/sonar-analysis/sonar-analysis/project/hadoop-ozone/dist/target/ozone-1.3.0-SNAPSHOT/share/ozone/lib/slf4j-log4j12-1.7.30.jar
[INFO] Copying aopalliance-1.0.jar to /home/runner/work/sonar-analysis/sonar-analysis/project/hadoop-ozone/dist/target/ozone-1.3.0-SNAPSHOT/share/ozone/lib/aopalliance-1.0.jar
[INFO] Copying istack-commons-runtime-3.0.5.jar to /home/runner/work/sonar-analysis/sonar-analysis/project/hadoop-ozone/dist/target/ozone-1.3.0-SNAPSHOT/share/ozone/lib/istack-commons-runtime-3.0.5.jar
[INFO] Copying commons-validator-1.6.jar to /home/runner/work/sonar-analysis/sonar-analysis/project/hadoop-ozone/dist/target/ozone-1.3.0-SNAPSHOT/share/ozone/lib/commons-validator-1.6.jar
[INFO] Copying hdds-interface-admin-1.3.0-SNAPSHOT.jar to /home/runner/work/sonar-analysis/sonar-analysis/project/hadoop-ozone/dist/target/ozone-1.3.0-SNAPSHOT/share/ozone/lib/hdds-interface-admin-1.3.0-SNAPSHOT.jar
[INFO] Copying jetty-security-9.4.43.v20210629.jar to /home/runner/work/sonar-analysis/sonar-analysis/project/hadoop-ozone/dist/target/ozone-1.3.0-SNAPSHOT/share/ozone/lib/jetty-security-9.4.43.v20210629.jar
[INFO] Copying kerb-core-1.0.1.jar to /home/runner/work/sonar-analysis/sonar-analysis/project/hadoop-ozone/dist/target/ozone-1.3.0-SNAPSHOT/share/ozone/lib/kerb-core-1.0.1.jar
[INFO] Copying ozone-manager-1.3.0-SNAPSHOT.jar to /home/runner/work/sonar-analysis/sonar-analysis/project/hadoop-ozone/dist/target/ozone-1.3.0-SNAPSHOT/share/ozone/lib/ozone-manager-1.3.0-SNAPSHOT.jar
[INFO] Copying hadoop-shaded-protobuf_3_7-1.1.1.jar to /home/runner/work/sonar-analysis/sonar-analysis/project/hadoop-ozone/dist/target/ozone-1.3.0-SNAPSHOT/share/ozone/lib/hadoop-shaded-protobuf_3_7-1.1.1.jar
[INFO] Copying hdds-container-service-1.3.0-SNAPSHOT.jar to /home/runner/work/sonar-analysis/sonar-analysis/project/hadoop-ozone/dist/target/ozone-1.3.0-SNAPSHOT/share/ozone/lib/hdds-container-service-1.3.0-SNAPSHOT.jar
[INFO] Copying okhttp-4.9.0.jar to /home/runner/work/sonar-analysis/sonar-analysis/project/hadoop-ozone/dist/target/ozone-1.3.0-SNAPSHOT/share/ozone/lib/okhttp-4.9.0.jar
[INFO] Copying javax.el-api-3.0.0.jar to /home/runner/work/sonar-analysis/sonar-analysis/project/hadoop-ozone/dist/target/ozone-1.3.0-SNAPSHOT/share/ozone/lib/javax.el-api-3.0.0.jar
[INFO] Copying hdds-server-scm-1.3.0-SNAPSHOT.jar to /home/runner/work/sonar-analysis/sonar-analysis/project/hadoop-ozone/dist/target/ozone-1.3.0-SNAPSHOT/share/ozone/lib/hdds-server-scm-1.3.0-SNAPSHOT.jar
[INFO] Copying jakarta.ws.rs-api-2.1.6.jar to /home/runner/work/sonar-analysis/sonar-analysis/project/hadoop-ozone/dist/target/ozone-1.3.0-SNAPSHOT/share/ozone/lib/jakarta.ws.rs-api-2.1.6.jar
[INFO] Copying javassist-3.21.0-GA.jar to /home/runner/work/sonar-analysis/sonar-analysis/project/hadoop-ozone/dist/target/ozone-1.3.0-SNAPSHOT/share/ozone/lib/javassist-3.21.0-GA.jar
[INFO] Copying animal-sniffer-annotations-1.18.jar to /home/runner/work/sonar-analysis/sonar-analysis/project/hadoop-ozone/dist/target/ozone-1.3.0-SNAPSHOT/share/ozone/lib/animal-sniffer-annotations-1.18.jar
[INFO] Copying kerb-util-1.0.1.jar to /home/runner/work/sonar-analysis/sonar-analysis/project/hadoop-ozone/dist/target/ozone-1.3.0-SNAPSHOT/share/ozone/lib/kerb-util-1.0.1.jar
[INFO] Copying jackson-dataformat-xml-2.12.1.jar to /home/runner/work/sonar-analysis/sonar-analysis/project/hadoop-ozone/dist/target/ozone-1.3.0-SNAPSHOT/share/ozone/lib/jackson-dataformat-xml-2.12.1.jar
[INFO] Copying hadoop-shaded-guava-1.1.1.jar to /home/runner/work/sonar-analysis/sonar-analysis/project/hadoop-ozone/dist/target/ozone-1.3.0-SNAPSHOT/share/ozone/lib/hadoop-shaded-guava-1.1.1.jar
[INFO] Copying checker-qual-3.8.0.jar to /home/runner/work/sonar-analysis/sonar-analysis/project/hadoop-ozone/dist/target/ozone-1.3.0-SNAPSHOT/share/ozone/lib/checker-qual-3.8.0.jar
[INFO] Copying log4j-core-2.17.1.jar to /home/runner/work/sonar-analysis/sonar-analysis/project/hadoop-ozone/dist/target/ozone-1.3.0-SNAPSHOT/share/ozone/lib/log4j-core-2.17.1.jar
[INFO] Copying commons-logging-1.2.jar to /home/runner/work/sonar-analysis/sonar-analysis/project/hadoop-ozone/dist/target/ozone-1.3.0-SNAPSHOT/share/ozone/lib/commons-logging-1.2.jar
[INFO] Copying jersey-container-servlet-core-2.33.jar to /home/runner/work/sonar-analysis/sonar-analysis/project/hadoop-ozone/dist/target/ozone-1.3.0-SNAPSHOT/share/ozone/lib/jersey-container-servlet-core-2.33.jar
[INFO] Copying jackson-datatype-jsr310-2.12.1.jar to /home/runner/work/sonar-analysis/sonar-analysis/project/hadoop-ozone/dist/target/ozone-1.3.0-SNAPSHOT/share/ozone/lib/jackson-datatype-jsr310-2.12.1.jar
[INFO] Copying httpcore-4.4.13.jar to /home/runner/work/sonar-analysis/sonar-analysis/project/hadoop-ozone/dist/target/ozone-1.3.0-SNAPSHOT/share/ozone/lib/httpcore-4.4.13.jar
[INFO] Copying perfmark-api-0.19.0.jar to /home/runner/work/sonar-analysis/sonar-analysis/project/hadoop-ozone/dist/target/ozone-1.3.0-SNAPSHOT/share/ozone/lib/perfmark-api-0.19.0.jar
[INFO] Copying opentracing-tracerresolver-0.1.8.jar to /home/runner/work/sonar-analysis/sonar-analysis/project/hadoop-ozone/dist/target/ozone-1.3.0-SNAPSHOT/share/ozone/lib/opentracing-tracerresolver-0.1.8.jar
[INFO] Copying commons-net-3.6.jar to /home/runner/work/sonar-analysis/sonar-analysis/project/hadoop-ozone/dist/target/ozone-1.3.0-SNAPSHOT/share/ozone/lib/commons-net-3.6.jar
[INFO] Copying guice-multibindings-4.0.jar to /home/runner/work/sonar-analysis/sonar-analysis/project/hadoop-ozone/dist/target/ozone-1.3.0-SNAPSHOT/share/ozone/lib/guice-multibindings-4.0.jar
[INFO] Copying snakeyaml-1.26.jar to /home/runner/work/sonar-analysis/sonar-analysis/project/hadoop-ozone/dist/target/ozone-1.3.0-SNAPSHOT/share/ozone/lib/snakeyaml-1.26.jar
[INFO] Copying jetty-servlet-9.4.43.v20210629.jar to /home/runner/work/sonar-analysis/sonar-analysis/project/hadoop-ozone/dist/target/ozone-1.3.0-SNAPSHOT/share/ozone/lib/jetty-servlet-9.4.43.v20210629.jar
[INFO] Copying spring-beans-5.2.18.RELEASE.jar to /home/runner/work/sonar-analysis/sonar-analysis/project/hadoop-ozone/dist/target/ozone-1.3.0-SNAPSHOT/share/ozone/lib/spring-beans-5.2.18.RELEASE.jar
[INFO] Copying jaeger-client-1.6.0.jar to /home/runner/work/sonar-analysis/sonar-analysis/project/hadoop-ozone/dist/target/ozone-1.3.0-SNAPSHOT/share/ozone/lib/jaeger-client-1.6.0.jar
[INFO] Copying kerby-config-1.0.1.jar to /home/runner/work/sonar-analysis/sonar-analysis/project/hadoop-ozone/dist/target/ozone-1.3.0-SNAPSHOT/share/ozone/lib/kerby-config-1.0.1.jar
[INFO] Copying commons-io-2.11.0.jar to /home/runner/work/sonar-analysis/sonar-analysis/project/hadoop-ozone/dist/target/ozone-1.3.0-SNAPSHOT/share/ozone/lib/commons-io-2.11.0.jar
[INFO] Copying cdi-api-1.2.jar to /home/runner/work/sonar-analysis/sonar-analysis/project/hadoop-ozone/dist/target/ozone-1.3.0-SNAPSHOT/share/ozone/lib/cdi-api-1.2.jar
[INFO] Copying bonecp-0.8.0.RELEASE.jar to /home/runner/work/sonar-analysis/sonar-analysis/project/hadoop-ozone/dist/target/ozone-1.3.0-SNAPSHOT/share/ozone/lib/bonecp-0.8.0.RELEASE.jar
[INFO] Copying hdds-interface-client-1.3.0-SNAPSHOT.jar to /home/runner/work/sonar-analysis/sonar-analysis/project/hadoop-ozone/dist/target/ozone-1.3.0-SNAPSHOT/share/ozone/lib/hdds-interface-client-1.3.0-SNAPSHOT.jar
[INFO] Copying jetty-webapp-9.4.43.v20210629.jar to /home/runner/work/sonar-analysis/sonar-analysis/project/hadoop-ozone/dist/target/ozone-1.3.0-SNAPSHOT/share/ozone/lib/jetty-webapp-9.4.43.v20210629.jar
[INFO] Copying hk2-api-2.5.0.jar to /home/runner/work/sonar-analysis/sonar-analysis/project/hadoop-ozone/dist/target/ozone-1.3.0-SNAPSHOT/share/ozone/lib/hk2-api-2.5.0.jar
[INFO] Copying javax.inject-1.jar to /home/runner/work/sonar-analysis/sonar-analysis/project/hadoop-ozone/dist/target/ozone-1.3.0-SNAPSHOT/share/ozone/lib/javax.inject-1.jar
[INFO] Copying jmespath-java-1.12.124.jar to /home/runner/work/sonar-analysis/sonar-analysis/project/hadoop-ozone/dist/target/ozone-1.3.0-SNAPSHOT/share/ozone/lib/jmespath-java-1.12.124.jar
[INFO] Copying javax.servlet-api-3.1.0.jar to /home/runner/work/sonar-analysis/sonar-analysis/project/hadoop-ozone/dist/target/ozone-1.3.0-SNAPSHOT/share/ozone/lib/javax.servlet-api-3.1.0.jar
[INFO] Copying annotations-4.1.1.4.jar to /home/runner/work/sonar-analysis/sonar-analysis/project/hadoop-ozone/dist/target/ozone-1.3.0-SNAPSHOT/share/ozone/lib/annotations-4.1.1.4.jar
[INFO] Copying kerb-client-1.0.1.jar to /home/runner/work/sonar-analysis/sonar-analysis/project/hadoop-ozone/dist/target/ozone-1.3.0-SNAPSHOT/share/ozone/lib/kerb-client-1.0.1.jar
[INFO] Copying jackson-core-2.12.1.jar to /home/runner/work/sonar-analysis/sonar-analysis/project/hadoop-ozone/dist/target/ozone-1.3.0-SNAPSHOT/share/ozone/lib/jackson-core-2.12.1.jar
[INFO] Copying netty-common-4.1.63.Final.jar to /home/runner/work/sonar-analysis/sonar-analysis/project/hadoop-ozone/dist/target/ozone-1.3.0-SNAPSHOT/share/ozone/lib/netty-common-4.1.63.Final.jar
[INFO] Copying ozone-filesystem-common-1.3.0-SNAPSHOT.jar to /home/runner/work/sonar-analysis/sonar-analysis/project/hadoop-ozone/dist/target/ozone-1.3.0-SNAPSHOT/share/ozone/lib/ozone-filesystem-common-1.3.0-SNAPSHOT.jar
[INFO] Copying reflections-0.9.11.jar to /home/runner/work/sonar-analysis/sonar-analysis/project/hadoop-ozone/dist/target/ozone-1.3.0-SNAPSHOT/share/ozone/lib/reflections-0.9.11.jar
[INFO] Copying jersey-client-2.33.jar to /home/runner/work/sonar-analysis/sonar-analysis/project/hadoop-ozone/dist/target/ozone-1.3.0-SNAPSHOT/share/ozone/lib/jersey-client-2.33.jar
[INFO] Copying jetty-io-9.4.43.v20210629.jar to /home/runner/work/sonar-analysis/sonar-analysis/project/hadoop-ozone/dist/target/ozone-1.3.0-SNAPSHOT/share/ozone/lib/jetty-io-9.4.43.v20210629.jar
[INFO] Copying hadoop-hdfs-3.3.1.jar to /home/runner/work/sonar-analysis/sonar-analysis/project/hadoop-ozone/dist/target/ozone-1.3.0-SNAPSHOT/share/ozone/lib/hadoop-hdfs-3.3.1.jar
[INFO] Copying annotations-13.0.jar to /home/runner/work/sonar-analysis/sonar-analysis/project/hadoop-ozone/dist/target/ozone-1.3.0-SNAPSHOT/share/ozone/lib/annotations-13.0.jar
[INFO] Copying jetty-server-9.4.43.v20210629.jar to /home/runner/work/sonar-analysis/sonar-analysis/project/hadoop-ozone/dist/target/ozone-1.3.0-SNAPSHOT/share/ozone/lib/jetty-server-9.4.43.v20210629.jar
[INFO] Copying jackson-databind-2.12.1.jar to /home/runner/work/sonar-analysis/sonar-analysis/project/hadoop-ozone/dist/target/ozone-1.3.0-SNAPSHOT/share/ozone/lib/jackson-databind-2.12.1.jar
[INFO] Copying jaeger-thrift-1.6.0.jar to /home/runner/work/sonar-analysis/sonar-analysis/project/hadoop-ozone/dist/target/ozone-1.3.0-SNAPSHOT/share/ozone/lib/jaeger-thrift-1.6.0.jar
[INFO] Copying hadoop-common-3.3.1.jar to /home/runner/work/sonar-analysis/sonar-analysis/project/hadoop-ozone/dist/target/ozone-1.3.0-SNAPSHOT/share/ozone/lib/hadoop-common-3.3.1.jar
[INFO] Copying aws-java-sdk-core-1.12.124.jar to /home/runner/work/sonar-analysis/sonar-analysis/project/hadoop-ozone/dist/target/ozone-1.3.0-SNAPSHOT/share/ozone/lib/aws-java-sdk-core-1.12.124.jar
[INFO] Copying bcprov-jdk15on-1.67.jar to /home/runner/work/sonar-analysis/sonar-analysis/project/hadoop-ozone/dist/target/ozone-1.3.0-SNAPSHOT/share/ozone/lib/bcprov-jdk15on-1.67.jar
[INFO] Copying jersey-hk2-2.33.jar to /home/runner/work/sonar-analysis/sonar-analysis/project/hadoop-ozone/dist/target/ozone-1.3.0-SNAPSHOT/share/ozone/lib/jersey-hk2-2.33.jar
[INFO] Copying grpc-stub-1.33.0.jar to /home/runner/work/sonar-analysis/sonar-analysis/project/hadoop-ozone/dist/target/ozone-1.3.0-SNAPSHOT/share/ozone/lib/grpc-stub-1.33.0.jar
[INFO] Copying metainf-services-1.8.jar to /home/runner/work/sonar-analysis/sonar-analysis/project/hadoop-ozone/dist/target/ozone-1.3.0-SNAPSHOT/share/ozone/lib/metainf-services-1.8.jar
[INFO] Copying token-provider-1.0.1.jar to /home/runner/work/sonar-analysis/sonar-analysis/project/hadoop-ozone/dist/target/ozone-1.3.0-SNAPSHOT/share/ozone/lib/token-provider-1.0.1.jar
[INFO] Copying ozone-insight-1.3.0-SNAPSHOT.jar to /home/runner/work/sonar-analysis/sonar-analysis/project/hadoop-ozone/dist/target/ozone-1.3.0-SNAPSHOT/share/ozone/lib/ozone-insight-1.3.0-SNAPSHOT.jar
[INFO] Copying commons-daemon-1.0.13.jar to /home/runner/work/sonar-analysis/sonar-analysis/project/hadoop-ozone/dist/target/ozone-1.3.0-SNAPSHOT/share/ozone/lib/commons-daemon-1.0.13.jar
[INFO] Copying jaeger-tracerresolver-1.6.0.jar to /home/runner/work/sonar-analysis/sonar-analysis/project/hadoop-ozone/dist/target/ozone-1.3.0-SNAPSHOT/share/ozone/lib/jaeger-tracerresolver-1.6.0.jar
[INFO] Copying jetty-xml-9.4.43.v20210629.jar to /home/runner/work/sonar-analysis/sonar-analysis/project/hadoop-ozone/dist/target/ozone-1.3.0-SNAPSHOT/share/ozone/lib/jetty-xml-9.4.43.v20210629.jar
[INFO] Copying jersey-media-jaxb-2.33.jar to /home/runner/work/sonar-analysis/sonar-analysis/project/hadoop-ozone/dist/target/ozone-1.3.0-SNAPSHOT/share/ozone/lib/jersey-media-jaxb-2.33.jar
[INFO] Copying jakarta.annotation-api-1.3.5.jar to /home/runner/work/sonar-analysis/sonar-analysis/project/hadoop-ozone/dist/target/ozone-1.3.0-SNAPSHOT/share/ozone/lib/jakarta.annotation-api-1.3.5.jar
[INFO] Copying jersey-server-2.33.jar to /home/runner/work/sonar-analysis/sonar-analysis/project/hadoop-ozone/dist/target/ozone-1.3.0-SNAPSHOT/share/ozone/lib/jersey-server-2.33.jar
[INFO] Copying okio-2.8.0.jar to /home/runner/work/sonar-analysis/sonar-analysis/project/hadoop-ozone/dist/target/ozone-1.3.0-SNAPSHOT/share/ozone/lib/okio-2.8.0.jar
[INFO] Copying jetty-http-9.4.43.v20210629.jar to /home/runner/work/sonar-analysis/sonar-analysis/project/hadoop-ozone/dist/target/ozone-1.3.0-SNAPSHOT/share/ozone/lib/jetty-http-9.4.43.v20210629.jar
[INFO] Copying jsch-0.1.54.jar to /home/runner/work/sonar-analysis/sonar-analysis/project/hadoop-ozone/dist/target/ozone-1.3.0-SNAPSHOT/share/ozone/lib/jsch-0.1.54.jar
[INFO] Copying spring-jcl-5.2.18.RELEASE.jar to /home/runner/work/sonar-analysis/sonar-analysis/project/hadoop-ozone/dist/target/ozone-1.3.0-SNAPSHOT/share/ozone/lib/spring-jcl-5.2.18.RELEASE.jar
[INFO] Copying nimbus-jose-jwt-7.9.jar to /home/runner/work/sonar-analysis/sonar-analysis/project/hadoop-ozone/dist/target/ozone-1.3.0-SNAPSHOT/share/ozone/lib/nimbus-jose-jwt-7.9.jar
[INFO] Copying commons-pool2-2.6.0.jar to /home/runner/work/sonar-analysis/sonar-analysis/project/hadoop-ozone/dist/target/ozone-1.3.0-SNAPSHOT/share/ozone/lib/commons-pool2-2.6.0.jar
[INFO] Copying netty-handler-4.1.63.Final.jar to /home/runner/work/sonar-analysis/sonar-analysis/project/hadoop-ozone/dist/target/ozone-1.3.0-SNAPSHOT/share/ozone/lib/netty-handler-4.1.63.Final.jar
[INFO] Copying guice-assistedinject-4.0.jar to /home/runner/work/sonar-analysis/sonar-analysis/project/hadoop-ozone/dist/target/ozone-1.3.0-SNAPSHOT/share/ozone/lib/guice-assistedinject-4.0.jar
[INFO] Copying kerb-admin-1.0.1.jar to /home/runner/work/sonar-analysis/sonar-analysis/project/hadoop-ozone/dist/target/ozone-1.3.0-SNAPSHOT/share/ozone/lib/kerb-admin-1.0.1.jar
[INFO] Copying jersey-media-json-jackson-2.33.jar to /home/runner/work/sonar-analysis/sonar-analysis/project/hadoop-ozone/dist/target/ozone-1.3.0-SNAPSHOT/share/ozone/lib/jersey-media-json-jackson-2.33.jar
[INFO] Copying aws-java-sdk-s3-1.12.124.jar to /home/runner/work/sonar-analysis/sonar-analysis/project/hadoop-ozone/dist/target/ozone-1.3.0-SNAPSHOT/share/ozone/lib/aws-java-sdk-s3-1.12.124.jar
[INFO] Copying jersey-core-1.19.jar to /home/runner/work/sonar-analysis/sonar-analysis/project/hadoop-ozone/dist/target/ozone-1.3.0-SNAPSHOT/share/ozone/lib/jersey-core-1.19.jar
[INFO] Copying jackson-module-jaxb-annotations-2.12.1.jar to /home/runner/work/sonar-analysis/sonar-analysis/project/hadoop-ozone/dist/target/ozone-1.3.0-SNAPSHOT/share/ozone/lib/jackson-module-jaxb-annotations-2.12.1.jar
[INFO] Copying accessors-smart-2.3.1.jar to /home/runner/work/sonar-analysis/sonar-analysis/project/hadoop-ozone/dist/target/ozone-1.3.0-SNAPSHOT/share/ozone/lib/accessors-smart-2.3.1.jar
[INFO] Copying ozone-recon-1.3.0-SNAPSHOT.jar to /home/runner/work/sonar-analysis/sonar-analysis/project/hadoop-ozone/dist/target/ozone-1.3.0-SNAPSHOT/share/ozone/lib/ozone-recon-1.3.0-SNAPSHOT.jar
[INFO] Copying jooq-meta-3.11.10.jar to /home/runner/work/sonar-analysis/sonar-analysis/project/hadoop-ozone/dist/target/ozone-1.3.0-SNAPSHOT/share/ozone/lib/jooq-meta-3.11.10.jar
[INFO] Copying ratis-server-api-2.2.0.jar to /home/runner/work/sonar-analysis/sonar-analysis/project/hadoop-ozone/dist/target/ozone-1.3.0-SNAPSHOT/share/ozone/lib/ratis-server-api-2.2.0.jar
[INFO] Copying spring-jdbc-5.2.18.RELEASE.jar to /home/runner/work/sonar-analysis/sonar-analysis/project/hadoop-ozone/dist/target/ozone-1.3.0-SNAPSHOT/share/ozone/lib/spring-jdbc-5.2.18.RELEASE.jar
[INFO] Copying ozone-reconcodegen-1.3.0-SNAPSHOT.jar to /home/runner/work/sonar-analysis/sonar-analysis/project/hadoop-ozone/dist/target/ozone-1.3.0-SNAPSHOT/share/ozone/lib/ozone-reconcodegen-1.3.0-SNAPSHOT.jar
[INFO] Copying jakarta.xml.bind-api-2.3.2.jar to /home/runner/work/sonar-analysis/sonar-analysis/project/hadoop-ozone/dist/target/ozone-1.3.0-SNAPSHOT/share/ozone/lib/jakarta.xml.bind-api-2.3.2.jar
[INFO] Copying log4j-api-2.17.1.jar to /home/runner/work/sonar-analysis/sonar-analysis/project/hadoop-ozone/dist/target/ozone-1.3.0-SNAPSHOT/share/ozone/lib/log4j-api-2.17.1.jar
[INFO] Copying woodstox-core-5.0.3.jar to /home/runner/work/sonar-analysis/sonar-analysis/project/hadoop-ozone/dist/target/ozone-1.3.0-SNAPSHOT/share/ozone/lib/woodstox-core-5.0.3.jar
[INFO] Copying javax.annotation-api-1.2.jar to /home/runner/work/sonar-analysis/sonar-analysis/project/hadoop-ozone/dist/target/ozone-1.3.0-SNAPSHOT/share/ozone/lib/javax.annotation-api-1.2.jar
[INFO] Copying netty-handler-proxy-4.1.63.Final.jar to /home/runner/work/sonar-analysis/sonar-analysis/project/hadoop-ozone/dist/target/ozone-1.3.0-SNAPSHOT/share/ozone/lib/netty-handler-proxy-4.1.63.Final.jar
[INFO] Copying kerby-asn1-1.0.1.jar to /home/runner/work/sonar-analysis/sonar-analysis/project/hadoop-ozone/dist/target/ozone-1.3.0-SNAPSHOT/share/ozone/lib/kerby-asn1-1.0.1.jar
[INFO] Copying netty-transport-native-unix-common-4.1.63.Final.jar to /home/runner/work/sonar-analysis/sonar-analysis/project/hadoop-ozone/dist/target/ozone-1.3.0-SNAPSHOT/share/ozone/lib/netty-transport-native-unix-common-4.1.63.Final.jar
[INFO] Copying stax2-api-3.1.4.jar to /home/runner/work/sonar-analysis/sonar-analysis/project/hadoop-ozone/dist/target/ozone-1.3.0-SNAPSHOT/share/ozone/lib/stax2-api-3.1.4.jar
[INFO] Copying grpc-netty-1.33.0.jar to /home/runner/work/sonar-analysis/sonar-analysis/project/hadoop-ozone/dist/target/ozone-1.3.0-SNAPSHOT/share/ozone/lib/grpc-netty-1.33.0.jar
[INFO] Copying netty-codec-socks-4.1.63.Final.jar to /home/runner/work/sonar-analysis/sonar-analysis/project/hadoop-ozone/dist/target/ozone-1.3.0-SNAPSHOT/share/ozone/lib/netty-codec-socks-4.1.63.Final.jar
[INFO] Copying jersey-common-2.33.jar to /home/runner/work/sonar-analysis/sonar-analysis/project/hadoop-ozone/dist/target/ozone-1.3.0-SNAPSHOT/share/ozone/lib/jersey-common-2.33.jar
[INFO] Copying netty-transport-native-epoll-4.1.63.Final.jar to /home/runner/work/sonar-analysis/sonar-analysis/project/hadoop-ozone/dist/target/ozone-1.3.0-SNAPSHOT/share/ozone/lib/netty-transport-native-epoll-4.1.63.Final.jar
[INFO] Copying commons-text-1.4.jar to /home/runner/work/sonar-analysis/sonar-analysis/project/hadoop-ozone/dist/target/ozone-1.3.0-SNAPSHOT/share/ozone/lib/commons-text-1.4.jar
[INFO] Copying ozone-filesystem-1.3.0-SNAPSHOT.jar to /home/runner/work/sonar-analysis/sonar-analysis/project/hadoop-ozone/dist/target/ozone-1.3.0-SNAPSHOT/share/ozone/lib/ozone-filesystem-1.3.0-SNAPSHOT.jar
[INFO] Copying weld-servlet-2.4.7.Final.jar to /home/runner/work/sonar-analysis/sonar-analysis/project/hadoop-ozone/dist/target/ozone-1.3.0-SNAPSHOT/share/ozone/lib/weld-servlet-2.4.7.Final.jar
[INFO] Copying FastInfoset-1.2.13.jar to /home/runner/work/sonar-analysis/sonar-analysis/project/hadoop-ozone/dist/target/ozone-1.3.0-SNAPSHOT/share/ozone/lib/FastInfoset-1.2.13.jar
[INFO] Copying ion-java-1.0.2.jar to /home/runner/work/sonar-analysis/sonar-analysis/project/hadoop-ozone/dist/target/ozone-1.3.0-SNAPSHOT/share/ozone/lib/ion-java-1.0.2.jar
[INFO] Copying kerb-common-1.0.1.jar to /home/runner/work/sonar-analysis/sonar-analysis/project/hadoop-ozone/dist/target/ozone-1.3.0-SNAPSHOT/share/ozone/lib/kerb-common-1.0.1.jar
[INFO] Copying grpc-api-1.33.0.jar to /home/runner/work/sonar-analysis/sonar-analysis/project/hadoop-ozone/dist/target/ozone-1.3.0-SNAPSHOT/share/ozone/lib/grpc-api-1.33.0.jar
[INFO] Copying jersey-server-1.19.jar to /home/runner/work/sonar-analysis/sonar-analysis/project/hadoop-ozone/dist/target/ozone-1.3.0-SNAPSHOT/share/ozone/lib/jersey-server-1.19.jar
[INFO] Copying kerb-crypto-1.0.1.jar to /home/runner/work/sonar-analysis/sonar-analysis/project/hadoop-ozone/dist/target/ozone-1.3.0-SNAPSHOT/share/ozone/lib/kerb-crypto-1.0.1.jar
[INFO] Copying ozone-csi-1.3.0-SNAPSHOT.jar to /home/runner/work/sonar-analysis/sonar-analysis/project/hadoop-ozone/dist/target/ozone-1.3.0-SNAPSHOT/share/ozone/lib/ozone-csi-1.3.0-SNAPSHOT.jar
[INFO] 
[INFO] --- dependency:3.0.2:copy (copy-omitted-jars) @ ozone-dist ---
[INFO] Configured Artifact: com.google.protobuf:protobuf-java:3.12.0:jar
[INFO] Copying protobuf-java-3.12.0.jar to /home/runner/work/sonar-analysis/sonar-analysis/project/hadoop-ozone/dist/target/ozone-1.3.0-SNAPSHOT/share/ozone/lib/protobuf-java-3.12.0.jar
[INFO] 
[INFO] --- jar:2.5:jar (default-jar) @ ozone-dist ---
[INFO] Building jar: /home/runner/work/sonar-analysis/sonar-analysis/project/hadoop-ozone/dist/target/ozone-dist-1.3.0-SNAPSHOT.jar
[INFO] 
[INFO] --- jar:2.5:test-jar (default) @ ozone-dist ---
[INFO] Building jar: /home/runner/work/sonar-analysis/sonar-analysis/project/hadoop-ozone/dist/target/ozone-dist-1.3.0-SNAPSHOT-tests.jar
[INFO] 
[INFO] --- install:2.5.1:install (default-install) @ ozone-dist ---
[INFO] Installing /home/runner/work/sonar-analysis/sonar-analysis/project/hadoop-ozone/dist/target/ozone-dist-1.3.0-SNAPSHOT.jar to /home/runner/.m2/repository/org/apache/ozone/ozone-dist/1.3.0-SNAPSHOT/ozone-dist-1.3.0-SNAPSHOT.jar
[INFO] Installing /home/runner/work/sonar-analysis/sonar-analysis/project/hadoop-ozone/dist/pom.xml to /home/runner/.m2/repository/org/apache/ozone/ozone-dist/1.3.0-SNAPSHOT/ozone-dist-1.3.0-SNAPSHOT.pom
[INFO] Installing /home/runner/work/sonar-analysis/sonar-analysis/project/hadoop-ozone/dist/target/ozone-dist-1.3.0-SNAPSHOT-tests.jar to /home/runner/.m2/repository/org/apache/ozone/ozone-dist/1.3.0-SNAPSHOT/ozone-dist-1.3.0-SNAPSHOT-tests.jar
[INFO] 
[INFO] ------------< org.apache.ozone:ozone-fault-injection-test >-------------
[INFO] Building Apache Ozone Fault Injection Tests 1.3.0-SNAPSHOT       [38/40]
[INFO]   from hadoop-ozone/fault-injection-test/pom.xml
[INFO] --------------------------------[ pom ]---------------------------------
[INFO] 
[INFO] --- clean:2.5:clean (default-clean) @ ozone-fault-injection-test ---
[INFO] Deleting /home/runner/work/sonar-analysis/sonar-analysis/project/hadoop-ozone/fault-injection-test/target
[INFO] Deleting /home/runner/work/sonar-analysis/sonar-analysis/project/hadoop-ozone/fault-injection-test (includes = [dependency-reduced-pom.xml], excludes = [])
[INFO] 
[INFO] --- antrun:3.1.0:run (create-testdirs) @ ozone-fault-injection-test ---
[INFO] Executing tasks
[INFO]     [mkdir] Created dir: /home/runner/work/sonar-analysis/sonar-analysis/project/hadoop-ozone/fault-injection-test/target/test-dir
[INFO] Executed tasks
[INFO] 
[INFO] --- jacoco:0.8.5:prepare-agent (default-prepare-agent) @ ozone-fault-injection-test ---
[INFO] argLine set to -javaagent:/home/runner/.m2/repository/org/jacoco/org.jacoco.agent/0.8.5/org.jacoco.agent-0.8.5-runtime.jar=destfile=/home/runner/work/sonar-analysis/sonar-analysis/project/hadoop-ozone/fault-injection-test/target/jacoco.exec,includes=org.apache.hadoop.hdds.*:org.apache.hadoop.ozone.*:org.apache.hadoop.fs.ozone.*
[INFO] 
[INFO] --- remote-resources:1.5:process (default) @ ozone-fault-injection-test ---
[INFO] 
[INFO] --- jar:2.5:test-jar (default) @ ozone-fault-injection-test ---
[WARNING] JAR will be empty - no content was marked for inclusion!
[INFO] Building jar: /home/runner/work/sonar-analysis/sonar-analysis/project/hadoop-ozone/fault-injection-test/target/ozone-fault-injection-test-1.3.0-SNAPSHOT-tests.jar
[INFO] 
[INFO] --- install:2.5.1:install (default-install) @ ozone-fault-injection-test ---
[INFO] Installing /home/runner/work/sonar-analysis/sonar-analysis/project/hadoop-ozone/fault-injection-test/pom.xml to /home/runner/.m2/repository/org/apache/ozone/ozone-fault-injection-test/1.3.0-SNAPSHOT/ozone-fault-injection-test-1.3.0-SNAPSHOT.pom
[INFO] Installing /home/runner/work/sonar-analysis/sonar-analysis/project/hadoop-ozone/fault-injection-test/target/ozone-fault-injection-test-1.3.0-SNAPSHOT-tests.jar to /home/runner/.m2/repository/org/apache/ozone/ozone-fault-injection-test/1.3.0-SNAPSHOT/ozone-fault-injection-test-1.3.0-SNAPSHOT-tests.jar
[INFO] 
[INFO] ----------------< org.apache.ozone:ozone-network-tests >----------------
[INFO] Building Apache Ozone Network Tests 1.3.0-SNAPSHOT               [39/40]
[INFO]   from hadoop-ozone/fault-injection-test/network-tests/pom.xml
[INFO] --------------------------------[ jar ]---------------------------------
[INFO] 
[INFO] --- clean:2.5:clean (default-clean) @ ozone-network-tests ---
[INFO] Deleting /home/runner/work/sonar-analysis/sonar-analysis/project/hadoop-ozone/fault-injection-test/network-tests/target
[INFO] Deleting /home/runner/work/sonar-analysis/sonar-analysis/project/hadoop-ozone/fault-injection-test/network-tests (includes = [dependency-reduced-pom.xml], excludes = [])
[INFO] 
[INFO] --- antrun:3.1.0:run (create-testdirs) @ ozone-network-tests ---
[INFO] Executing tasks
[INFO]     [mkdir] Created dir: /home/runner/work/sonar-analysis/sonar-analysis/project/hadoop-ozone/fault-injection-test/network-tests/target/test-dir
[INFO] Executed tasks
[INFO] 
[INFO] --- jacoco:0.8.5:prepare-agent (default-prepare-agent) @ ozone-network-tests ---
[INFO] argLine set to -javaagent:/home/runner/.m2/repository/org/jacoco/org.jacoco.agent/0.8.5/org.jacoco.agent-0.8.5-runtime.jar=destfile=/home/runner/work/sonar-analysis/sonar-analysis/project/hadoop-ozone/fault-injection-test/network-tests/target/jacoco.exec,includes=org.apache.hadoop.hdds.*:org.apache.hadoop.ozone.*:org.apache.hadoop.fs.ozone.*
[INFO] 
[INFO] --- remote-resources:1.5:process (default) @ ozone-network-tests ---
[INFO] 
[INFO] --- resources:3.1.0:resources (default-resources) @ ozone-network-tests ---
[INFO] Using 'UTF-8' encoding to copy filtered resources.
[INFO] skip non existing resourceDirectory /home/runner/work/sonar-analysis/sonar-analysis/project/hadoop-ozone/fault-injection-test/network-tests/src/main/resources
[INFO] Copying 2 resources
[INFO] 
[INFO] --- resources:3.1.0:copy-resources (copy-resources) @ ozone-network-tests ---
[INFO] Using 'UTF-8' encoding to copy filtered resources.
[INFO] Copying 2 resources
[INFO] 
[INFO] --- compiler:3.1:compile (default-compile) @ ozone-network-tests ---
[INFO] No sources to compile
[INFO] 
[INFO] --- resources:3.1.0:testResources (default-testResources) @ ozone-network-tests ---
[INFO] Using 'UTF-8' encoding to copy filtered resources.
[INFO] skip non existing resourceDirectory /home/runner/work/sonar-analysis/sonar-analysis/project/hadoop-ozone/fault-injection-test/network-tests/src/test/resources
[INFO] Copying 2 resources
[INFO] 
[INFO] --- compiler:3.1:testCompile (default-testCompile) @ ozone-network-tests ---
[INFO] No sources to compile
[INFO] 
[INFO] --- surefire:3.0.0-M1:test (default-test) @ ozone-network-tests ---
[INFO] Tests are skipped.
[INFO] 
[INFO] --- jar:2.5:jar (default-jar) @ ozone-network-tests ---
[INFO] Building jar: /home/runner/work/sonar-analysis/sonar-analysis/project/hadoop-ozone/fault-injection-test/network-tests/target/ozone-network-tests-1.3.0-SNAPSHOT.jar
[INFO] 
[INFO] --- jar:2.5:test-jar (default) @ ozone-network-tests ---
[INFO] Building jar: /home/runner/work/sonar-analysis/sonar-analysis/project/hadoop-ozone/fault-injection-test/network-tests/target/ozone-network-tests-1.3.0-SNAPSHOT-tests.jar
[INFO] 
[INFO] --- install:2.5.1:install (default-install) @ ozone-network-tests ---
[INFO] Installing /home/runner/work/sonar-analysis/sonar-analysis/project/hadoop-ozone/fault-injection-test/network-tests/target/ozone-network-tests-1.3.0-SNAPSHOT.jar to /home/runner/.m2/repository/org/apache/ozone/ozone-network-tests/1.3.0-SNAPSHOT/ozone-network-tests-1.3.0-SNAPSHOT.jar
[INFO] Installing /home/runner/work/sonar-analysis/sonar-analysis/project/hadoop-ozone/fault-injection-test/network-tests/pom.xml to /home/runner/.m2/repository/org/apache/ozone/ozone-network-tests/1.3.0-SNAPSHOT/ozone-network-tests-1.3.0-SNAPSHOT.pom
[INFO] Installing /home/runner/work/sonar-analysis/sonar-analysis/project/hadoop-ozone/fault-injection-test/network-tests/target/ozone-network-tests-1.3.0-SNAPSHOT-tests.jar to /home/runner/.m2/repository/org/apache/ozone/ozone-network-tests/1.3.0-SNAPSHOT/ozone-network-tests-1.3.0-SNAPSHOT-tests.jar
[INFO] 
[INFO] -----------------< org.apache.ozone:mini-chaos-tests >------------------
[INFO] Building Apache Ozone Mini Ozone Chaos Tests 1.3.0-SNAPSHOT      [40/40]
[INFO]   from hadoop-ozone/fault-injection-test/mini-chaos-tests/pom.xml
[INFO] --------------------------------[ jar ]---------------------------------
[INFO] 
[INFO] --- clean:2.5:clean (default-clean) @ mini-chaos-tests ---
[INFO] Deleting /home/runner/work/sonar-analysis/sonar-analysis/project/hadoop-ozone/fault-injection-test/mini-chaos-tests/target
[INFO] Deleting /home/runner/work/sonar-analysis/sonar-analysis/project/hadoop-ozone/fault-injection-test/mini-chaos-tests (includes = [dependency-reduced-pom.xml], excludes = [])
[INFO] 
[INFO] --- antrun:3.1.0:run (create-testdirs) @ mini-chaos-tests ---
[INFO] Executing tasks
[INFO]     [mkdir] Created dir: /home/runner/work/sonar-analysis/sonar-analysis/project/hadoop-ozone/fault-injection-test/mini-chaos-tests/target/test-dir
[INFO] Executed tasks
[INFO] 
[INFO] --- jacoco:0.8.5:prepare-agent (default-prepare-agent) @ mini-chaos-tests ---
[INFO] argLine set to -javaagent:/home/runner/.m2/repository/org/jacoco/org.jacoco.agent/0.8.5/org.jacoco.agent-0.8.5-runtime.jar=destfile=/home/runner/work/sonar-analysis/sonar-analysis/project/hadoop-ozone/fault-injection-test/mini-chaos-tests/target/jacoco.exec,includes=org.apache.hadoop.hdds.*:org.apache.hadoop.ozone.*:org.apache.hadoop.fs.ozone.*
[INFO] 
[INFO] --- remote-resources:1.5:process (default) @ mini-chaos-tests ---
[INFO] 
[INFO] --- resources:3.1.0:resources (default-resources) @ mini-chaos-tests ---
[INFO] Using 'UTF-8' encoding to copy filtered resources.
[INFO] skip non existing resourceDirectory /home/runner/work/sonar-analysis/sonar-analysis/project/hadoop-ozone/fault-injection-test/mini-chaos-tests/src/main/resources
[INFO] Copying 2 resources
[INFO] 
[INFO] --- compiler:3.1:compile (default-compile) @ mini-chaos-tests ---
[INFO] No sources to compile
[INFO] 
[INFO] --- resources:3.1.0:testResources (default-testResources) @ mini-chaos-tests ---
[INFO] Using 'UTF-8' encoding to copy filtered resources.
[INFO] Copying 2 resources
[INFO] Copying 2 resources
[INFO] 
[INFO] --- compiler:3.1:testCompile (default-testCompile) @ mini-chaos-tests ---
[INFO] Compiling 22 source files to /home/runner/work/sonar-analysis/sonar-analysis/project/hadoop-ozone/fault-injection-test/mini-chaos-tests/target/test-classes
[WARNING] /home/runner/work/sonar-analysis/sonar-analysis/project/hadoop-ozone/fault-injection-test/mini-chaos-tests/src/test/java/org/apache/hadoop/ozone/loadgenerators/LoadBucket.java: /home/runner/work/sonar-analysis/sonar-analysis/project/hadoop-ozone/fault-injection-test/mini-chaos-tests/src/test/java/org/apache/hadoop/ozone/loadgenerators/LoadBucket.java uses or overrides a deprecated API.
[WARNING] /home/runner/work/sonar-analysis/sonar-analysis/project/hadoop-ozone/fault-injection-test/mini-chaos-tests/src/test/java/org/apache/hadoop/ozone/loadgenerators/LoadBucket.java: Recompile with -Xlint:deprecation for details.
[INFO] 
[INFO] --- surefire:3.0.0-M1:test (default-test) @ mini-chaos-tests ---
[INFO] Tests are skipped.
[INFO] 
[INFO] --- jar:2.5:jar (default-jar) @ mini-chaos-tests ---
[INFO] Building jar: /home/runner/work/sonar-analysis/sonar-analysis/project/hadoop-ozone/fault-injection-test/mini-chaos-tests/target/mini-chaos-tests-1.3.0-SNAPSHOT.jar
[INFO] 
[INFO] --- jar:2.5:test-jar (default) @ mini-chaos-tests ---
[INFO] Building jar: /home/runner/work/sonar-analysis/sonar-analysis/project/hadoop-ozone/fault-injection-test/mini-chaos-tests/target/mini-chaos-tests-1.3.0-SNAPSHOT-tests.jar
[INFO] 
[INFO] --- install:2.5.1:install (default-install) @ mini-chaos-tests ---
[INFO] Installing /home/runner/work/sonar-analysis/sonar-analysis/project/hadoop-ozone/fault-injection-test/mini-chaos-tests/target/mini-chaos-tests-1.3.0-SNAPSHOT.jar to /home/runner/.m2/repository/org/apache/ozone/mini-chaos-tests/1.3.0-SNAPSHOT/mini-chaos-tests-1.3.0-SNAPSHOT.jar
[INFO] Installing /home/runner/work/sonar-analysis/sonar-analysis/project/hadoop-ozone/fault-injection-test/mini-chaos-tests/pom.xml to /home/runner/.m2/repository/org/apache/ozone/mini-chaos-tests/1.3.0-SNAPSHOT/mini-chaos-tests-1.3.0-SNAPSHOT.pom
[INFO] Installing /home/runner/work/sonar-analysis/sonar-analysis/project/hadoop-ozone/fault-injection-test/mini-chaos-tests/target/mini-chaos-tests-1.3.0-SNAPSHOT-tests.jar to /home/runner/.m2/repository/org/apache/ozone/mini-chaos-tests/1.3.0-SNAPSHOT/mini-chaos-tests-1.3.0-SNAPSHOT-tests.jar
[INFO] ------------------------------------------------------------------------
[INFO] Reactor Summary for Apache Ozone Main 1.3.0-SNAPSHOT:
[INFO] 
[INFO] Apache Ozone Main .................................. SUCCESS [  0.934 s]
[INFO] Apache Ozone HDDS .................................. SUCCESS [  0.580 s]
[INFO] Apache Ozone HDDS Hadoop Client dependencies ....... SUCCESS [  0.657 s]
[INFO] Apache Ozone HDDS Hadoop Test dependencies ......... SUCCESS [  0.205 s]
[INFO] Apache Ozone HDDS Hadoop Server dependencies ....... SUCCESS [  0.944 s]
[INFO] Apache Ozone HDDS Client Interface ................. SUCCESS [  8.332 s]
[INFO] Apache Ozone HDDS Admin Interface .................. SUCCESS [  2.180 s]
[INFO] Apache Ozone HDDS Server Interface ................. SUCCESS [  3.470 s]
[INFO] Apache Ozone HDDS Test Utils ....................... SUCCESS [  0.711 s]
[INFO] Apache Ozone HDDS Config ........................... SUCCESS [  0.539 s]
[INFO] Apache Ozone HDDS Common ........................... SUCCESS [  3.036 s]
[INFO] Apache Ozone HDDS Client ........................... SUCCESS [  0.885 s]
[INFO] Apache Ozone HDDS Server Framework ................. SUCCESS [  2.875 s]
[INFO] Apache Ozone/HDDS Documentation .................... SUCCESS [  0.279 s]
[INFO] Apache Ozone HDDS Container Service ................ SUCCESS [  3.013 s]
[INFO] Apache Ozone HDDS SCM Server ....................... SUCCESS [  3.397 s]
[INFO] Apache Ozone HDDS Tools ............................ SUCCESS [  0.859 s]
[INFO] Apache Ozone ....................................... SUCCESS [  0.104 s]
[INFO] Apache Ozone Client Interface ...................... SUCCESS [ 10.390 s]
[INFO] Apache Ozone Common ................................ SUCCESS [  6.132 s]
[INFO] Apache Ozone Storage Interface ..................... SUCCESS [  1.405 s]
[INFO] Apache Ozone Client ................................ SUCCESS [  1.191 s]
[INFO] Apache Ozone Manager Server ........................ SUCCESS [  7.828 s]
[INFO] Apache Ozone FileSystem Common ..................... SUCCESS [  1.006 s]
[INFO] Apache Ozone FileSystem ............................ SUCCESS [  0.796 s]
[INFO] Apache Ozone Recon CodeGen ......................... SUCCESS [  0.443 s]
[INFO] Apache Ozone Recon ................................. SUCCESS [01:22 min]
[INFO] Apache Ozone Tools ................................. SUCCESS [  3.056 s]
[INFO] Apache Ozone S3 Gateway ............................ SUCCESS [  1.875 s]
[INFO] Apache Ozone CSI service ........................... SUCCESS [  2.730 s]
[INFO] Apache Ozone Integration Tests ..................... SUCCESS [  3.165 s]
[INFO] Apache Ozone Datanode .............................. SUCCESS [  0.570 s]
[INFO] Apache Ozone Insight Tool .......................... SUCCESS [  0.847 s]
[INFO] Apache Ozone FileSystem Shaded ..................... SUCCESS [02:37 min]
[INFO] Apache Ozone FS Hadoop 2.x compatibility ........... SUCCESS [ 11.481 s]
[INFO] Apache Ozone FS Hadoop 3.x compatibility ........... SUCCESS [ 11.629 s]
[INFO] Apache Ozone Distribution .......................... SUCCESS [  1.602 s]
[INFO] Apache Ozone Fault Injection Tests ................. SUCCESS [  0.036 s]
[INFO] Apache Ozone Network Tests ......................... SUCCESS [  0.047 s]
[INFO] Apache Ozone Mini Ozone Chaos Tests ................ SUCCESS [  0.767 s]
[INFO] ------------------------------------------------------------------------
[INFO] BUILD SUCCESS
[INFO] ------------------------------------------------------------------------
[INFO] Total time:  05:40 min
[INFO] Finished at: 2026-05-10T12:27:05Z
[INFO] ------------------------------------------------------------------------
