[WARNING] 
[WARNING] Some problems were encountered while building the effective settings
[WARNING] 'profiles.profile[repos].repositories.repository.id' must be unique but found duplicate repository with id mapr-public @ /home/runner/.m2/settings.xml
[WARNING] 'profiles.profile[repos].repositories.repository.id' must be unique but found duplicate repository with id apache-snapshots @ /home/runner/.m2/settings.xml
[WARNING] 'profiles.profile[repos].repositories.repository.id' must be unique but found duplicate repository with id apache-group-snapshots @ /home/runner/.m2/settings.xml
[WARNING] 
[WARNING] 
[WARNING] Some problems were encountered while building the effective settings
[WARNING] 'profiles.profile[repos].repositories.repository.id' must be unique but found duplicate repository with id mapr-public @ /home/runner/.m2/settings.xml
[WARNING] 'profiles.profile[repos].repositories.repository.id' must be unique but found duplicate repository with id apache-snapshots @ /home/runner/.m2/settings.xml
[WARNING] 'profiles.profile[repos].repositories.repository.id' must be unique but found duplicate repository with id apache-group-snapshots @ /home/runner/.m2/settings.xml
[WARNING] 
[INFO] Scanning for projects...
[INFO] ------------------------------------------------------------------------
[INFO] Detecting the operating system and CPU architecture
[INFO] ------------------------------------------------------------------------
[INFO] os.detected.name: linux
[INFO] os.detected.arch: x86_64
[INFO] os.detected.bitness: 64
[INFO] os.detected.version: 6.17
[INFO] os.detected.version.major: 6
[INFO] os.detected.version.minor: 17
[INFO] os.detected.release: ubuntu
[INFO] os.detected.release.version: 24.04
[INFO] os.detected.release.like.ubuntu: true
[INFO] os.detected.release.like.debian: true
[INFO] os.detected.classifier: linux-x86_64
[INFO] ------------------------------------------------------------------------
[INFO] Reactor Build Order:
[INFO] 
[INFO] Apache Ozone Main                                                  [pom]
[INFO] Apache Ozone Dev Support                                           [jar]
[INFO] Apache Ozone HDDS                                                  [pom]
[INFO] Apache Ozone Annotation Processing                                 [jar]
[INFO] Apache Ozone HDDS Hadoop Client dependencies                       [jar]
[INFO] Apache Ozone HDDS Hadoop Test dependencies                         [jar]
[INFO] Apache Ozone HDDS Hadoop Server dependencies                       [jar]
[INFO] Apache Ozone HDDS Client Interface                                 [jar]
[INFO] Apache Ozone HDDS Admin Interface                                  [jar]
[INFO] Apache Ozone HDDS Server Interface                                 [jar]
[INFO] Apache Ozone HDDS Test Utils                                       [jar]
[INFO] Apache Ozone HDDS Config                                           [jar]
[INFO] Apache Ozone HDDS Common                                           [jar]
[INFO] Apache Ozone HDDS Erasurecode                                      [jar]
[INFO] Apache Ozone HDDS Client                                           [jar]
[INFO] Apache Ozone HDDS Crypto                                           [jar]
[INFO] Apache Ozone HDDS Crypto - Default                                 [jar]
[INFO] Apache Ozone HDDS Managed RocksDB                                  [jar]
[INFO] Apache Ozone HDDS RocksDB Tools                                    [jar]
[INFO] RocksDB Checkpoint Differ                                          [jar]
[INFO] Apache Ozone HDDS Server Framework                                 [jar]
[INFO] Apache Ozone/HDDS Documentation                                    [jar]
[INFO] Apache Ozone HDDS Container Service                                [jar]
[INFO] Apache Ozone HDDS SCM Server                                       [jar]
[INFO] Apache Ozone HDDS Tools                                            [jar]
[INFO] Apache Ozone                                                       [pom]
[INFO] Apache Ozone Client Interface                                      [jar]
[INFO] Apache Ozone Common                                                [jar]
[INFO] Apache Ozone Storage Interface                                     [jar]
[INFO] Apache Ozone Client                                                [jar]
[INFO] Apache Ozone Manager Server                                        [jar]
[INFO] Apache Ozone FileSystem Common                                     [jar]
[INFO] Apache Ozone FileSystem                                            [jar]
[INFO] Apache Ozone Recon CodeGen                                         [jar]
[INFO] Apache Ozone Recon                                                 [jar]
[INFO] Apache Ozone Tools                                                 [jar]
[INFO] Apache Ozone S3 Gateway                                            [jar]
[INFO] Apache Ozone CSI service                                           [jar]
[INFO] Apache Ozone Integration Tests                                     [jar]
[INFO] Apache Ozone Datanode                                              [jar]
[INFO] Apache Ozone Insight Tool                                          [jar]
[INFO] Apache Ozone HttpFS                                                [jar]
[INFO] Apache Ozone S3 Secret Store                                       [jar]
[INFO] Apache Ozone FileSystem Shaded                                     [jar]
[INFO] Apache Ozone FS Hadoop 2.x compatibility                           [jar]
[INFO] Apache Ozone FS Hadoop 3.x compatibility                           [jar]
[INFO] Apache Ozone FS Hadoop shaded 3.x compatibility                    [jar]
[INFO] Apache Ozone Distribution                                          [jar]
[INFO] Apache Ozone Fault Injection Tests                                 [pom]
[INFO] Apache Ozone Network Tests                                         [jar]
[INFO] Apache Ozone Mini Ozone Chaos Tests                                [jar]
[INFO] 
[INFO] --------------------< org.apache.ozone:ozone-main >---------------------
[INFO] Building Apache Ozone Main 1.5.0-SNAPSHOT                         [1/51]
[INFO]   from pom.xml
[INFO] --------------------------------[ pom ]---------------------------------
[INFO] 
[INFO] --- clean:3.4.0:clean (default-clean) @ ozone-main ---
[INFO] Deleting /home/runner/work/sonar-analysis/sonar-analysis/project/target
[INFO] Deleting /home/runner/work/sonar-analysis/sonar-analysis/project (includes = [dependency-reduced-pom.xml], excludes = [])
[INFO] 
[INFO] --- antrun:3.1.0:run (create-testdirs) @ ozone-main ---
[INFO] Executing tasks
[INFO]     [mkdir] Created dir: /home/runner/work/sonar-analysis/sonar-analysis/project/target/test-dir
[INFO] Executed tasks
[INFO] 
[INFO] --- enforcer:3.5.0:enforce (enforce-property) @ ozone-main ---
[INFO] Skipping Rule Enforcement.
[INFO] 
[INFO] --- jacoco:0.8.12:prepare-agent (default-prepare-agent) @ ozone-main ---
[INFO] argLine set to -javaagent:/home/runner/.m2/repository/org/jacoco/org.jacoco.agent/0.8.12/org.jacoco.agent-0.8.12-runtime.jar=destfile=/home/runner/work/sonar-analysis/sonar-analysis/project/target/jacoco.exec,includes=org.apache.hadoop.hdds.*:org.apache.hadoop.ozone.*:org.apache.hadoop.fs.ozone.*:org.apache.ozone.*:org.hadoop.ozone.*
[INFO] 
[INFO] --- enforcer:3.5.0:enforce (banned-rocksdb-imports) @ ozone-main ---
[INFO] Skipping Rule Enforcement.
[INFO] 
[INFO] --- enforcer:3.5.0:enforce (ban-imports) @ ozone-main ---
[INFO] Skipping Rule Enforcement.
[INFO] 
[INFO] --- enforcer:3.5.0:enforce (ban-annotations) @ ozone-main ---
[INFO] Skipping Rule Enforcement.
[INFO] 
[INFO] --- install:3.1.3:install (default-install) @ ozone-main ---
[INFO] Installing /home/runner/work/sonar-analysis/sonar-analysis/project/pom.xml to /home/runner/.m2/repository/org/apache/ozone/ozone-main/1.5.0-SNAPSHOT/ozone-main-1.5.0-SNAPSHOT.pom
[INFO] 
[INFO] -----------------< org.apache.ozone:ozone-dev-support >-----------------
[INFO] Building Apache Ozone Dev Support 1.5.0-SNAPSHOT                  [2/51]
[INFO]   from dev-support/pom.xml
[INFO] --------------------------------[ jar ]---------------------------------
[INFO] 
[INFO] --- clean:3.4.0:clean (default-clean) @ ozone-dev-support ---
[INFO] Deleting /home/runner/work/sonar-analysis/sonar-analysis/project/dev-support/target
[INFO] Deleting /home/runner/work/sonar-analysis/sonar-analysis/project/dev-support (includes = [dependency-reduced-pom.xml], excludes = [])
[INFO] 
[INFO] --- resources:3.1.0:copy-resources (copy-resources) @ ozone-dev-support ---
[INFO] Using 'UTF-8' encoding to copy filtered resources.
[INFO] Copying 2 resources
[INFO] 
[INFO] --- antrun:3.1.0:run (create-testdirs) @ ozone-dev-support ---
[INFO] Executing tasks
[INFO]     [mkdir] Created dir: /home/runner/work/sonar-analysis/sonar-analysis/project/dev-support/target/test-dir
[INFO] Executed tasks
[INFO] 
[INFO] --- jacoco:0.8.12:prepare-agent (default-prepare-agent) @ ozone-dev-support ---
[INFO] argLine set to -javaagent:/home/runner/.m2/repository/org/jacoco/org.jacoco.agent/0.8.12/org.jacoco.agent-0.8.12-runtime.jar=destfile=/home/runner/work/sonar-analysis/sonar-analysis/project/dev-support/target/jacoco.exec,includes=org.apache.hadoop.hdds.*:org.apache.hadoop.ozone.*:org.apache.hadoop.fs.ozone.*:org.apache.ozone.*:org.hadoop.ozone.*
[INFO] 
[INFO] --- enforcer:3.5.0:enforce (banned-rocksdb-imports) @ ozone-dev-support ---
[INFO] Skipping Rule Enforcement.
[INFO] 
[INFO] --- enforcer:3.5.0:enforce (ban-imports) @ ozone-dev-support ---
[INFO] Skipping Rule Enforcement.
[INFO] 
[INFO] --- enforcer:3.5.0:enforce (ban-annotations) @ ozone-dev-support ---
[INFO] Skipping Rule Enforcement.
[INFO] 
[INFO] --- resources:3.1.0:resources (default-resources) @ ozone-dev-support ---
[INFO] Using 'UTF-8' encoding to copy filtered resources.
[INFO] Copying 2 resources to META-INF
[INFO] 
[INFO] --- remote-resources:1.7.0:bundle (default) @ ozone-dev-support ---
[INFO] Writing META-INF/maven/remote-resources.xml descriptor with 2 entries
[INFO] 
[INFO] --- compiler:3.9.0:compile (default-compile) @ ozone-dev-support ---
[INFO] No sources to compile
[INFO] 
[INFO] --- resources:3.1.0:testResources (default-testResources) @ ozone-dev-support ---
[INFO] Using 'UTF-8' encoding to copy filtered resources.
[INFO] skip non existing resourceDirectory /home/runner/work/sonar-analysis/sonar-analysis/project/dev-support/src/test/resources
[INFO] 
[INFO] --- compiler:3.9.0:testCompile (default-testCompile) @ ozone-dev-support ---
[INFO] No sources to compile
[INFO] 
[INFO] --- surefire:3.0.0-M4:test (default-test) @ ozone-dev-support ---
[INFO] Tests are skipped.
[INFO] Skipped
[INFO] 
[INFO] --- jar:3.4.2:jar (default-jar) @ ozone-dev-support ---
[INFO] Building jar: /home/runner/work/sonar-analysis/sonar-analysis/project/dev-support/target/ozone-dev-support-1.5.0-SNAPSHOT.jar
[INFO] 
[INFO] --- install:3.1.3:install (default-install) @ ozone-dev-support ---
[INFO] Installing /home/runner/work/sonar-analysis/sonar-analysis/project/dev-support/pom.xml to /home/runner/.m2/repository/org/apache/ozone/ozone-dev-support/1.5.0-SNAPSHOT/ozone-dev-support-1.5.0-SNAPSHOT.pom
[INFO] Installing /home/runner/work/sonar-analysis/sonar-analysis/project/dev-support/target/ozone-dev-support-1.5.0-SNAPSHOT.jar to /home/runner/.m2/repository/org/apache/ozone/ozone-dev-support/1.5.0-SNAPSHOT/ozone-dev-support-1.5.0-SNAPSHOT.jar
[INFO] 
[INFO] -----------------------< org.apache.ozone:hdds >------------------------
[INFO] Building Apache Ozone HDDS 1.5.0-SNAPSHOT                         [3/51]
[INFO]   from hadoop-hdds/pom.xml
[INFO] --------------------------------[ pom ]---------------------------------
[INFO] 
[INFO] --- clean:3.4.0:clean (default-clean) @ hdds ---
[INFO] Deleting /home/runner/work/sonar-analysis/sonar-analysis/project/hadoop-hdds/target
[INFO] Deleting /home/runner/work/sonar-analysis/sonar-analysis/project/hadoop-hdds (includes = [dependency-reduced-pom.xml], excludes = [])
[INFO] 
[INFO] --- antrun:3.1.0:run (create-testdirs) @ hdds ---
[INFO] Executing tasks
[INFO]     [mkdir] Created dir: /home/runner/work/sonar-analysis/sonar-analysis/project/hadoop-hdds/target/test-dir
[INFO] Executed tasks
[INFO] 
[INFO] --- jacoco:0.8.12:prepare-agent (default-prepare-agent) @ hdds ---
[INFO] argLine set to -javaagent:/home/runner/.m2/repository/org/jacoco/org.jacoco.agent/0.8.12/org.jacoco.agent-0.8.12-runtime.jar=destfile=/home/runner/work/sonar-analysis/sonar-analysis/project/hadoop-hdds/target/jacoco.exec,includes=org.apache.hadoop.hdds.*:org.apache.hadoop.ozone.*:org.apache.hadoop.fs.ozone.*:org.apache.ozone.*:org.hadoop.ozone.*
[INFO] 
[INFO] --- enforcer:3.5.0:enforce (banned-rocksdb-imports) @ hdds ---
[INFO] Skipping Rule Enforcement.
[INFO] 
[INFO] --- enforcer:3.5.0:enforce (ban-imports) @ hdds ---
[INFO] Skipping Rule Enforcement.
[INFO] 
[INFO] --- enforcer:3.5.0:enforce (ban-annotations) @ hdds ---
[INFO] Skipping Rule Enforcement.
[INFO] 
[INFO] --- remote-resources:1.7.0:process (default) @ hdds ---
[INFO] Preparing remote bundle org.apache.ozone:ozone-dev-support:1.5.0-SNAPSHOT
[INFO] Copying 2 resources from 1 bundle.
[INFO] 
[INFO] --- jar:3.4.2:test-jar (default) @ hdds ---
[WARNING] JAR will be empty - no content was marked for inclusion!
[INFO] Building jar: /home/runner/work/sonar-analysis/sonar-analysis/project/hadoop-hdds/target/hdds-1.5.0-SNAPSHOT-tests.jar
[INFO] 
[INFO] --- install:3.1.3:install (default-install) @ hdds ---
[INFO] Installing /home/runner/work/sonar-analysis/sonar-analysis/project/hadoop-hdds/pom.xml to /home/runner/.m2/repository/org/apache/ozone/hdds/1.5.0-SNAPSHOT/hdds-1.5.0-SNAPSHOT.pom
[INFO] Installing /home/runner/work/sonar-analysis/sonar-analysis/project/hadoop-hdds/target/hdds-1.5.0-SNAPSHOT-tests.jar to /home/runner/.m2/repository/org/apache/ozone/hdds/1.5.0-SNAPSHOT/hdds-1.5.0-SNAPSHOT-tests.jar
[INFO] 
[INFO] ------------< org.apache.ozone:hdds-annotation-processing >-------------
[INFO] Building Apache Ozone Annotation Processing 1.5.0-SNAPSHOT        [4/51]
[INFO]   from hadoop-hdds/annotations/pom.xml
[INFO] --------------------------------[ jar ]---------------------------------
[INFO] 
[INFO] --- clean:3.4.0:clean (default-clean) @ hdds-annotation-processing ---
[INFO] Deleting /home/runner/work/sonar-analysis/sonar-analysis/project/hadoop-hdds/annotations/target
[INFO] Deleting /home/runner/work/sonar-analysis/sonar-analysis/project/hadoop-hdds/annotations (includes = [dependency-reduced-pom.xml], excludes = [])
[INFO] 
[INFO] --- antrun:3.1.0:run (create-testdirs) @ hdds-annotation-processing ---
[INFO] Executing tasks
[INFO]     [mkdir] Created dir: /home/runner/work/sonar-analysis/sonar-analysis/project/hadoop-hdds/annotations/target/test-dir
[INFO] Executed tasks
[INFO] 
[INFO] --- jacoco:0.8.12:prepare-agent (default-prepare-agent) @ hdds-annotation-processing ---
[INFO] argLine set to -javaagent:/home/runner/.m2/repository/org/jacoco/org.jacoco.agent/0.8.12/org.jacoco.agent-0.8.12-runtime.jar=destfile=/home/runner/work/sonar-analysis/sonar-analysis/project/hadoop-hdds/annotations/target/jacoco.exec,includes=org.apache.hadoop.hdds.*:org.apache.hadoop.ozone.*:org.apache.hadoop.fs.ozone.*:org.apache.ozone.*:org.hadoop.ozone.*
[INFO] 
[INFO] --- enforcer:3.5.0:enforce (banned-rocksdb-imports) @ hdds-annotation-processing ---
[INFO] Skipping Rule Enforcement.
[INFO] 
[INFO] --- enforcer:3.5.0:enforce (ban-imports) @ hdds-annotation-processing ---
[INFO] Skipping Rule Enforcement.
[INFO] 
[INFO] --- enforcer:3.5.0:enforce (ban-annotations) @ hdds-annotation-processing ---
[INFO] Skipping Rule Enforcement.
[INFO] 
[INFO] --- remote-resources:1.7.0:process (default) @ hdds-annotation-processing ---
[INFO] Preparing remote bundle org.apache.ozone:ozone-dev-support:1.5.0-SNAPSHOT
[INFO] Copying 2 resources from 1 bundle.
[INFO] 
[INFO] --- resources:3.1.0:resources (default-resources) @ hdds-annotation-processing ---
[INFO] Using 'UTF-8' encoding to copy filtered resources.
[INFO] skip non existing resourceDirectory /home/runner/work/sonar-analysis/sonar-analysis/project/hadoop-hdds/annotations/src/main/resources
[INFO] Copying 2 resources
[INFO] 
[INFO] --- compiler:3.9.0:compile (default-compile) @ hdds-annotation-processing ---
[INFO] Compiling 3 source files to /home/runner/work/sonar-analysis/sonar-analysis/project/hadoop-hdds/annotations/target/classes
[INFO] 
[INFO] --- resources:3.1.0:testResources (default-testResources) @ hdds-annotation-processing ---
[INFO] Not copying test resources
[INFO] 
[INFO] --- compiler:3.9.0:testCompile (default-testCompile) @ hdds-annotation-processing ---
[INFO] Skipped
[INFO] 
[INFO] --- surefire:3.0.0-M4:test (default-test) @ hdds-annotation-processing ---
[INFO] Tests are skipped.
[INFO] Skipped
[INFO] 
[INFO] --- dependency:3.7.1:build-classpath (add-classpath-descriptor) @ hdds-annotation-processing ---
[INFO] No dependencies found.
[INFO] Wrote classpath file '/home/runner/work/sonar-analysis/sonar-analysis/project/hadoop-hdds/annotations/target/classes/hdds-annotation-processing.classpath'.
[INFO] 
[INFO] --- jar:3.4.2:jar (default-jar) @ hdds-annotation-processing ---
[INFO] Building jar: /home/runner/work/sonar-analysis/sonar-analysis/project/hadoop-hdds/annotations/target/hdds-annotation-processing-1.5.0-SNAPSHOT.jar
[INFO] 
[INFO] --- jar:3.4.2:test-jar (default) @ hdds-annotation-processing ---
[INFO] Skipping packaging of the test-jar
[INFO] 
[INFO] --- install:3.1.3:install (default-install) @ hdds-annotation-processing ---
[INFO] Installing /home/runner/work/sonar-analysis/sonar-analysis/project/hadoop-hdds/annotations/pom.xml to /home/runner/.m2/repository/org/apache/ozone/hdds-annotation-processing/1.5.0-SNAPSHOT/hdds-annotation-processing-1.5.0-SNAPSHOT.pom
[INFO] Installing /home/runner/work/sonar-analysis/sonar-analysis/project/hadoop-hdds/annotations/target/hdds-annotation-processing-1.5.0-SNAPSHOT.jar to /home/runner/.m2/repository/org/apache/ozone/hdds-annotation-processing/1.5.0-SNAPSHOT/hdds-annotation-processing-1.5.0-SNAPSHOT.jar
[INFO] 
[INFO] -----------< org.apache.ozone:hdds-hadoop-dependency-client >-----------
[INFO] Building Apache Ozone HDDS Hadoop Client dependencies 1.5.0-SNAPSHOT [5/51]
[INFO]   from hadoop-hdds/hadoop-dependency-client/pom.xml
[INFO] --------------------------------[ jar ]---------------------------------
[INFO] 
[INFO] --- clean:3.4.0:clean (default-clean) @ hdds-hadoop-dependency-client ---
[INFO] Deleting /home/runner/work/sonar-analysis/sonar-analysis/project/hadoop-hdds/hadoop-dependency-client/target
[INFO] Deleting /home/runner/work/sonar-analysis/sonar-analysis/project/hadoop-hdds/hadoop-dependency-client (includes = [dependency-reduced-pom.xml], excludes = [])
[INFO] 
[INFO] --- antrun:3.1.0:run (create-testdirs) @ hdds-hadoop-dependency-client ---
[INFO] Executing tasks
[INFO]     [mkdir] Created dir: /home/runner/work/sonar-analysis/sonar-analysis/project/hadoop-hdds/hadoop-dependency-client/target/test-dir
[INFO] Executed tasks
[INFO] 
[INFO] --- jacoco:0.8.12:prepare-agent (default-prepare-agent) @ hdds-hadoop-dependency-client ---
[INFO] argLine set to -javaagent:/home/runner/.m2/repository/org/jacoco/org.jacoco.agent/0.8.12/org.jacoco.agent-0.8.12-runtime.jar=destfile=/home/runner/work/sonar-analysis/sonar-analysis/project/hadoop-hdds/hadoop-dependency-client/target/jacoco.exec,includes=org.apache.hadoop.hdds.*:org.apache.hadoop.ozone.*:org.apache.hadoop.fs.ozone.*:org.apache.ozone.*:org.hadoop.ozone.*
[INFO] 
[INFO] --- enforcer:3.5.0:enforce (banned-rocksdb-imports) @ hdds-hadoop-dependency-client ---
[INFO] Skipping Rule Enforcement.
[INFO] 
[INFO] --- enforcer:3.5.0:enforce (ban-imports) @ hdds-hadoop-dependency-client ---
[INFO] Skipping Rule Enforcement.
[INFO] 
[INFO] --- enforcer:3.5.0:enforce (ban-annotations) @ hdds-hadoop-dependency-client ---
[INFO] Skipping Rule Enforcement.
[INFO] 
[INFO] --- remote-resources:1.7.0:process (default) @ hdds-hadoop-dependency-client ---
[INFO] Preparing remote bundle org.apache.ozone:ozone-dev-support:1.5.0-SNAPSHOT
[INFO] Copying 2 resources from 1 bundle.
[INFO] 
[INFO] --- resources:3.1.0:resources (default-resources) @ hdds-hadoop-dependency-client ---
[INFO] Using 'UTF-8' encoding to copy filtered resources.
[INFO] skip non existing resourceDirectory /home/runner/work/sonar-analysis/sonar-analysis/project/hadoop-hdds/hadoop-dependency-client/src/main/resources
[INFO] Copying 2 resources
[INFO] 
[INFO] --- compiler:3.9.0:compile (default-compile) @ hdds-hadoop-dependency-client ---
[INFO] No sources to compile
[INFO] 
[INFO] --- resources:3.1.0:testResources (default-testResources) @ hdds-hadoop-dependency-client ---
[INFO] Not copying test resources
[INFO] 
[INFO] --- compiler:3.9.0:testCompile (default-testCompile) @ hdds-hadoop-dependency-client ---
[INFO] Skipped
[INFO] 
[INFO] --- surefire:3.0.0-M4:test (default-test) @ hdds-hadoop-dependency-client ---
[INFO] Tests are skipped.
[INFO] Skipped
[INFO] 
[INFO] --- jar:3.4.2:jar (default-jar) @ hdds-hadoop-dependency-client ---
[INFO] Building jar: /home/runner/work/sonar-analysis/sonar-analysis/project/hadoop-hdds/hadoop-dependency-client/target/hdds-hadoop-dependency-client-1.5.0-SNAPSHOT.jar
[INFO] 
[INFO] --- jar:3.4.2:test-jar (default) @ hdds-hadoop-dependency-client ---
[INFO] Skipping packaging of the test-jar
[INFO] 
[INFO] --- install:3.1.3:install (default-install) @ hdds-hadoop-dependency-client ---
[INFO] Installing /home/runner/work/sonar-analysis/sonar-analysis/project/hadoop-hdds/hadoop-dependency-client/pom.xml to /home/runner/.m2/repository/org/apache/ozone/hdds-hadoop-dependency-client/1.5.0-SNAPSHOT/hdds-hadoop-dependency-client-1.5.0-SNAPSHOT.pom
[INFO] Installing /home/runner/work/sonar-analysis/sonar-analysis/project/hadoop-hdds/hadoop-dependency-client/target/hdds-hadoop-dependency-client-1.5.0-SNAPSHOT.jar to /home/runner/.m2/repository/org/apache/ozone/hdds-hadoop-dependency-client/1.5.0-SNAPSHOT/hdds-hadoop-dependency-client-1.5.0-SNAPSHOT.jar
[INFO] 
[INFO] ------------< org.apache.ozone:hdds-hadoop-dependency-test >------------
[INFO] Building Apache Ozone HDDS Hadoop Test dependencies 1.5.0-SNAPSHOT [6/51]
[INFO]   from hadoop-hdds/hadoop-dependency-test/pom.xml
[INFO] --------------------------------[ jar ]---------------------------------
[INFO] 
[INFO] --- clean:3.4.0:clean (default-clean) @ hdds-hadoop-dependency-test ---
[INFO] Deleting /home/runner/work/sonar-analysis/sonar-analysis/project/hadoop-hdds/hadoop-dependency-test/target
[INFO] Deleting /home/runner/work/sonar-analysis/sonar-analysis/project/hadoop-hdds/hadoop-dependency-test (includes = [dependency-reduced-pom.xml], excludes = [])
[INFO] 
[INFO] --- antrun:3.1.0:run (create-testdirs) @ hdds-hadoop-dependency-test ---
[INFO] Executing tasks
[INFO]     [mkdir] Created dir: /home/runner/work/sonar-analysis/sonar-analysis/project/hadoop-hdds/hadoop-dependency-test/target/test-dir
[INFO] Executed tasks
[INFO] 
[INFO] --- jacoco:0.8.12:prepare-agent (default-prepare-agent) @ hdds-hadoop-dependency-test ---
[INFO] argLine set to -javaagent:/home/runner/.m2/repository/org/jacoco/org.jacoco.agent/0.8.12/org.jacoco.agent-0.8.12-runtime.jar=destfile=/home/runner/work/sonar-analysis/sonar-analysis/project/hadoop-hdds/hadoop-dependency-test/target/jacoco.exec,includes=org.apache.hadoop.hdds.*:org.apache.hadoop.ozone.*:org.apache.hadoop.fs.ozone.*:org.apache.ozone.*:org.hadoop.ozone.*
[INFO] 
[INFO] --- enforcer:3.5.0:enforce (banned-rocksdb-imports) @ hdds-hadoop-dependency-test ---
[INFO] Skipping Rule Enforcement.
[INFO] 
[INFO] --- enforcer:3.5.0:enforce (ban-imports) @ hdds-hadoop-dependency-test ---
[INFO] Skipping Rule Enforcement.
[INFO] 
[INFO] --- enforcer:3.5.0:enforce (ban-annotations) @ hdds-hadoop-dependency-test ---
[INFO] Skipping Rule Enforcement.
[INFO] 
[INFO] --- remote-resources:1.7.0:process (default) @ hdds-hadoop-dependency-test ---
[INFO] Preparing remote bundle org.apache.ozone:ozone-dev-support:1.5.0-SNAPSHOT
[INFO] Copying 2 resources from 1 bundle.
[INFO] 
[INFO] --- resources:3.1.0:resources (default-resources) @ hdds-hadoop-dependency-test ---
[INFO] Using 'UTF-8' encoding to copy filtered resources.
[INFO] skip non existing resourceDirectory /home/runner/work/sonar-analysis/sonar-analysis/project/hadoop-hdds/hadoop-dependency-test/src/main/resources
[INFO] Copying 2 resources
[INFO] 
[INFO] --- compiler:3.9.0:compile (default-compile) @ hdds-hadoop-dependency-test ---
[INFO] No sources to compile
[INFO] 
[INFO] --- resources:3.1.0:testResources (default-testResources) @ hdds-hadoop-dependency-test ---
[INFO] Not copying test resources
[INFO] 
[INFO] --- compiler:3.9.0:testCompile (default-testCompile) @ hdds-hadoop-dependency-test ---
[INFO] Skipped
[INFO] 
[INFO] --- surefire:3.0.0-M4:test (default-test) @ hdds-hadoop-dependency-test ---
[INFO] Tests are skipped.
[INFO] Skipped
[INFO] 
[INFO] --- jar:3.4.2:jar (default-jar) @ hdds-hadoop-dependency-test ---
[INFO] Building jar: /home/runner/work/sonar-analysis/sonar-analysis/project/hadoop-hdds/hadoop-dependency-test/target/hdds-hadoop-dependency-test-1.5.0-SNAPSHOT.jar
[INFO] 
[INFO] --- jar:3.4.2:test-jar (default) @ hdds-hadoop-dependency-test ---
[INFO] Skipping packaging of the test-jar
[INFO] 
[INFO] --- install:3.1.3:install (default-install) @ hdds-hadoop-dependency-test ---
[INFO] Installing /home/runner/work/sonar-analysis/sonar-analysis/project/hadoop-hdds/hadoop-dependency-test/pom.xml to /home/runner/.m2/repository/org/apache/ozone/hdds-hadoop-dependency-test/1.5.0-SNAPSHOT/hdds-hadoop-dependency-test-1.5.0-SNAPSHOT.pom
[INFO] Installing /home/runner/work/sonar-analysis/sonar-analysis/project/hadoop-hdds/hadoop-dependency-test/target/hdds-hadoop-dependency-test-1.5.0-SNAPSHOT.jar to /home/runner/.m2/repository/org/apache/ozone/hdds-hadoop-dependency-test/1.5.0-SNAPSHOT/hdds-hadoop-dependency-test-1.5.0-SNAPSHOT.jar
[INFO] 
[INFO] -----------< org.apache.ozone:hdds-hadoop-dependency-server >-----------
[INFO] Building Apache Ozone HDDS Hadoop Server dependencies 1.5.0-SNAPSHOT [7/51]
[INFO]   from hadoop-hdds/hadoop-dependency-server/pom.xml
[INFO] --------------------------------[ jar ]---------------------------------
[INFO] 
[INFO] --- clean:3.4.0:clean (default-clean) @ hdds-hadoop-dependency-server ---
[INFO] Deleting /home/runner/work/sonar-analysis/sonar-analysis/project/hadoop-hdds/hadoop-dependency-server/target
[INFO] Deleting /home/runner/work/sonar-analysis/sonar-analysis/project/hadoop-hdds/hadoop-dependency-server (includes = [dependency-reduced-pom.xml], excludes = [])
[INFO] 
[INFO] --- antrun:3.1.0:run (create-testdirs) @ hdds-hadoop-dependency-server ---
[INFO] Executing tasks
[INFO]     [mkdir] Created dir: /home/runner/work/sonar-analysis/sonar-analysis/project/hadoop-hdds/hadoop-dependency-server/target/test-dir
[INFO] Executed tasks
[INFO] 
[INFO] --- jacoco:0.8.12:prepare-agent (default-prepare-agent) @ hdds-hadoop-dependency-server ---
[INFO] argLine set to -javaagent:/home/runner/.m2/repository/org/jacoco/org.jacoco.agent/0.8.12/org.jacoco.agent-0.8.12-runtime.jar=destfile=/home/runner/work/sonar-analysis/sonar-analysis/project/hadoop-hdds/hadoop-dependency-server/target/jacoco.exec,includes=org.apache.hadoop.hdds.*:org.apache.hadoop.ozone.*:org.apache.hadoop.fs.ozone.*:org.apache.ozone.*:org.hadoop.ozone.*
[INFO] 
[INFO] --- enforcer:3.5.0:enforce (banned-rocksdb-imports) @ hdds-hadoop-dependency-server ---
[INFO] Skipping Rule Enforcement.
[INFO] 
[INFO] --- enforcer:3.5.0:enforce (ban-imports) @ hdds-hadoop-dependency-server ---
[INFO] Skipping Rule Enforcement.
[INFO] 
[INFO] --- enforcer:3.5.0:enforce (ban-annotations) @ hdds-hadoop-dependency-server ---
[INFO] Skipping Rule Enforcement.
[INFO] 
[INFO] --- remote-resources:1.7.0:process (default) @ hdds-hadoop-dependency-server ---
[INFO] Preparing remote bundle org.apache.ozone:ozone-dev-support:1.5.0-SNAPSHOT
[INFO] Copying 2 resources from 1 bundle.
[INFO] 
[INFO] --- resources:3.1.0:resources (default-resources) @ hdds-hadoop-dependency-server ---
[INFO] Using 'UTF-8' encoding to copy filtered resources.
[INFO] skip non existing resourceDirectory /home/runner/work/sonar-analysis/sonar-analysis/project/hadoop-hdds/hadoop-dependency-server/src/main/resources
[INFO] Copying 2 resources
[INFO] 
[INFO] --- compiler:3.9.0:compile (default-compile) @ hdds-hadoop-dependency-server ---
[INFO] No sources to compile
[INFO] 
[INFO] --- resources:3.1.0:testResources (default-testResources) @ hdds-hadoop-dependency-server ---
[INFO] Not copying test resources
[INFO] 
[INFO] --- compiler:3.9.0:testCompile (default-testCompile) @ hdds-hadoop-dependency-server ---
[INFO] Skipped
[INFO] 
[INFO] --- surefire:3.0.0-M4:test (default-test) @ hdds-hadoop-dependency-server ---
[INFO] Tests are skipped.
[INFO] Skipped
[INFO] 
[INFO] --- jar:3.4.2:jar (default-jar) @ hdds-hadoop-dependency-server ---
[INFO] Building jar: /home/runner/work/sonar-analysis/sonar-analysis/project/hadoop-hdds/hadoop-dependency-server/target/hdds-hadoop-dependency-server-1.5.0-SNAPSHOT.jar
[INFO] 
[INFO] --- jar:3.4.2:test-jar (default) @ hdds-hadoop-dependency-server ---
[INFO] Skipping packaging of the test-jar
[INFO] 
[INFO] --- install:3.1.3:install (default-install) @ hdds-hadoop-dependency-server ---
[INFO] Installing /home/runner/work/sonar-analysis/sonar-analysis/project/hadoop-hdds/hadoop-dependency-server/pom.xml to /home/runner/.m2/repository/org/apache/ozone/hdds-hadoop-dependency-server/1.5.0-SNAPSHOT/hdds-hadoop-dependency-server-1.5.0-SNAPSHOT.pom
[INFO] Installing /home/runner/work/sonar-analysis/sonar-analysis/project/hadoop-hdds/hadoop-dependency-server/target/hdds-hadoop-dependency-server-1.5.0-SNAPSHOT.jar to /home/runner/.m2/repository/org/apache/ozone/hdds-hadoop-dependency-server/1.5.0-SNAPSHOT/hdds-hadoop-dependency-server-1.5.0-SNAPSHOT.jar
[INFO] 
[INFO] ---------------< org.apache.ozone:hdds-interface-client >---------------
[INFO] Building Apache Ozone HDDS Client Interface 1.5.0-SNAPSHOT        [8/51]
[INFO]   from hadoop-hdds/interface-client/pom.xml
[INFO] --------------------------------[ jar ]---------------------------------
[INFO] 
[INFO] --- clean:3.4.0:clean (default-clean) @ hdds-interface-client ---
[INFO] Deleting /home/runner/work/sonar-analysis/sonar-analysis/project/hadoop-hdds/interface-client/target
[INFO] Deleting /home/runner/work/sonar-analysis/sonar-analysis/project/hadoop-hdds/interface-client (includes = [dependency-reduced-pom.xml], excludes = [])
[INFO] 
[INFO] --- antrun:3.1.0:run (create-testdirs) @ hdds-interface-client ---
[INFO] Executing tasks
[INFO]     [mkdir] Created dir: /home/runner/work/sonar-analysis/sonar-analysis/project/hadoop-hdds/interface-client/target/test-dir
[INFO] Executed tasks
[INFO] 
[INFO] --- jacoco:0.8.12:prepare-agent (default-prepare-agent) @ hdds-interface-client ---
[INFO] argLine set to -javaagent:/home/runner/.m2/repository/org/jacoco/org.jacoco.agent/0.8.12/org.jacoco.agent-0.8.12-runtime.jar=destfile=/home/runner/work/sonar-analysis/sonar-analysis/project/hadoop-hdds/interface-client/target/jacoco.exec,includes=org.apache.hadoop.hdds.*:org.apache.hadoop.ozone.*:org.apache.hadoop.fs.ozone.*:org.apache.ozone.*:org.hadoop.ozone.*
[INFO] 
[INFO] --- protobuf:0.6.1:compile (compile-protoc-grpc) @ hdds-interface-client ---
[INFO] Compiling 1 proto file(s) to /home/runner/work/sonar-analysis/sonar-analysis/project/hadoop-hdds/interface-client/target/generated-sources/java
[INFO] 
[INFO] --- protobuf:0.6.1:compile-custom (compile-protoc-grpc) @ hdds-interface-client ---
[INFO] Compiling 1 proto file(s) to /home/runner/work/sonar-analysis/sonar-analysis/project/hadoop-hdds/interface-client/target/generated-sources/java
[INFO] 
[INFO] --- protobuf:0.6.1:compile (compile-protoc-2) @ hdds-interface-client ---
[INFO] Compiling 2 proto file(s) to /home/runner/work/sonar-analysis/sonar-analysis/project/hadoop-hdds/interface-client/target/generated-sources/java
[INFO] 
[INFO] --- protobuf:0.6.1:compile (compile-protoc-3) @ hdds-interface-client ---
[INFO] Compiling 2 proto file(s) to /home/runner/work/sonar-analysis/sonar-analysis/project/hadoop-hdds/interface-client/target/generated-sources/java/proto3
[INFO] 
[INFO] --- antrun:3.1.0:run (default) @ hdds-interface-client ---
[INFO] Executing tasks
[INFO]      [move] Moving 2 files to /home/runner/work/sonar-analysis/sonar-analysis/project/hadoop-hdds/interface-client/target/generated-sources
[INFO] Executed tasks
[INFO] 
[INFO] --- enforcer:3.5.0:enforce (banned-rocksdb-imports) @ hdds-interface-client ---
[INFO] Skipping Rule Enforcement.
[INFO] 
[INFO] --- enforcer:3.5.0:enforce (ban-imports) @ hdds-interface-client ---
[INFO] Skipping Rule Enforcement.
[INFO] 
[INFO] --- enforcer:3.5.0:enforce (ban-annotations) @ hdds-interface-client ---
[INFO] Skipping Rule Enforcement.
[INFO] 
[INFO] --- remote-resources:1.7.0:process (default) @ hdds-interface-client ---
[INFO] Preparing remote bundle org.apache.ozone:ozone-dev-support:1.5.0-SNAPSHOT
[INFO] Copying 2 resources from 1 bundle.
[INFO] 
[INFO] --- resources:3.1.0:resources (default-resources) @ hdds-interface-client ---
[INFO] Using 'UTF-8' encoding to copy filtered resources.
[INFO] Copying 1 resource
[INFO] Copying 1 resource
[INFO] Copying 1 resource
[INFO] Copying 2 resources
[INFO] Copying 2 resources
[INFO] Copying 2 resources
[INFO] 
[INFO] --- compiler:3.9.0:compile (default-compile) @ hdds-interface-client ---
[INFO] Compiling 7 source files to /home/runner/work/sonar-analysis/sonar-analysis/project/hadoop-hdds/interface-client/target/classes
[INFO] 
[INFO] --- protobuf:0.6.1:test-compile (compile-protoc-grpc) @ hdds-interface-client ---
[INFO] /home/runner/work/sonar-analysis/sonar-analysis/project/hadoop-hdds/interface-client/src/test/proto does not exist. Review the configuration or consider disabling the plugin.
[INFO] 
[INFO] --- protobuf:0.6.1:test-compile-custom (compile-protoc-grpc) @ hdds-interface-client ---
[INFO] /home/runner/work/sonar-analysis/sonar-analysis/project/hadoop-hdds/interface-client/src/test/proto does not exist. Review the configuration or consider disabling the plugin.
[INFO] 
[INFO] --- protobuf:0.6.1:test-compile (compile-protoc-2) @ hdds-interface-client ---
[INFO] /home/runner/work/sonar-analysis/sonar-analysis/project/hadoop-hdds/interface-client/src/test/proto does not exist. Review the configuration or consider disabling the plugin.
[INFO] 
[INFO] --- protobuf:0.6.1:test-compile (compile-protoc-3) @ hdds-interface-client ---
[INFO] /home/runner/work/sonar-analysis/sonar-analysis/project/hadoop-hdds/interface-client/src/test/proto does not exist. Review the configuration or consider disabling the plugin.
[INFO] 
[INFO] --- resources:3.1.0:testResources (default-testResources) @ hdds-interface-client ---
[INFO] Not copying test resources
[INFO] 
[INFO] --- compiler:3.9.0:testCompile (default-testCompile) @ hdds-interface-client ---
[INFO] Skipped
[INFO] 
[INFO] --- surefire:3.0.0-M4:test (default-test) @ hdds-interface-client ---
[INFO] Tests are skipped.
[INFO] Skipped
[INFO] 
[INFO] --- jar:3.4.2:jar (default-jar) @ hdds-interface-client ---
[INFO] Building jar: /home/runner/work/sonar-analysis/sonar-analysis/project/hadoop-hdds/interface-client/target/hdds-interface-client-1.5.0-SNAPSHOT.jar
[INFO] 
[INFO] --- jar:3.4.2:test-jar (default) @ hdds-interface-client ---
[INFO] Skipping packaging of the test-jar
[INFO] 
[INFO] --- proto-backwards-compatibility:1.0.7:backwards-compatibility-check (default) @ hdds-interface-client ---
[INFO] protolock cmd line: /home/runner/work/sonar-analysis/sonar-analysis/project/hadoop-hdds/interface-client/target/protolock-bin/protolock status --lockdir=/home/runner/work/sonar-analysis/sonar-analysis/project/hadoop-hdds/interface-client/target/classes --protoroot=/home/runner/work/sonar-analysis/sonar-analysis/project/hadoop-hdds/interface-client/target/classes
[INFO] protolock cmd line: /home/runner/work/sonar-analysis/sonar-analysis/project/hadoop-hdds/interface-client/target/protolock-bin/protolock commit --lockdir=/home/runner/work/sonar-analysis/sonar-analysis/project/hadoop-hdds/interface-client/target/classes --protoroot=/home/runner/work/sonar-analysis/sonar-analysis/project/hadoop-hdds/interface-client/target/classes
[INFO] Backwards compatibility check passed.
[INFO] 
[INFO] --- install:3.1.3:install (default-install) @ hdds-interface-client ---
[INFO] Installing /home/runner/work/sonar-analysis/sonar-analysis/project/hadoop-hdds/interface-client/pom.xml to /home/runner/.m2/repository/org/apache/ozone/hdds-interface-client/1.5.0-SNAPSHOT/hdds-interface-client-1.5.0-SNAPSHOT.pom
[INFO] Installing /home/runner/work/sonar-analysis/sonar-analysis/project/hadoop-hdds/interface-client/target/hdds-interface-client-1.5.0-SNAPSHOT.jar to /home/runner/.m2/repository/org/apache/ozone/hdds-interface-client/1.5.0-SNAPSHOT/hdds-interface-client-1.5.0-SNAPSHOT.jar
[INFO] 
[INFO] ---------------< org.apache.ozone:hdds-interface-admin >----------------
[INFO] Building Apache Ozone HDDS Admin Interface 1.5.0-SNAPSHOT         [9/51]
[INFO]   from hadoop-hdds/interface-admin/pom.xml
[INFO] --------------------------------[ jar ]---------------------------------
[INFO] 
[INFO] --- clean:3.4.0:clean (default-clean) @ hdds-interface-admin ---
[INFO] Deleting /home/runner/work/sonar-analysis/sonar-analysis/project/hadoop-hdds/interface-admin/target
[INFO] Deleting /home/runner/work/sonar-analysis/sonar-analysis/project/hadoop-hdds/interface-admin (includes = [dependency-reduced-pom.xml], excludes = [])
[INFO] 
[INFO] --- antrun:3.1.0:run (create-testdirs) @ hdds-interface-admin ---
[INFO] Executing tasks
[INFO]     [mkdir] Created dir: /home/runner/work/sonar-analysis/sonar-analysis/project/hadoop-hdds/interface-admin/target/test-dir
[INFO] Executed tasks
[INFO] 
[INFO] --- jacoco:0.8.12:prepare-agent (default-prepare-agent) @ hdds-interface-admin ---
[INFO] argLine set to -javaagent:/home/runner/.m2/repository/org/jacoco/org.jacoco.agent/0.8.12/org.jacoco.agent-0.8.12-runtime.jar=destfile=/home/runner/work/sonar-analysis/sonar-analysis/project/hadoop-hdds/interface-admin/target/jacoco.exec,includes=org.apache.hadoop.hdds.*:org.apache.hadoop.ozone.*:org.apache.hadoop.fs.ozone.*:org.apache.ozone.*:org.hadoop.ozone.*
[INFO] 
[INFO] --- protobuf:0.6.1:compile (compile-protoc-2) @ hdds-interface-admin ---
[INFO] Compiling 1 proto file(s) to /home/runner/work/sonar-analysis/sonar-analysis/project/hadoop-hdds/interface-admin/target/generated-sources/java
[INFO] 
[INFO] --- enforcer:3.5.0:enforce (banned-rocksdb-imports) @ hdds-interface-admin ---
[INFO] Skipping Rule Enforcement.
[INFO] 
[INFO] --- enforcer:3.5.0:enforce (ban-imports) @ hdds-interface-admin ---
[INFO] Skipping Rule Enforcement.
[INFO] 
[INFO] --- enforcer:3.5.0:enforce (ban-annotations) @ hdds-interface-admin ---
[INFO] Skipping Rule Enforcement.
[INFO] 
[INFO] --- remote-resources:1.7.0:process (default) @ hdds-interface-admin ---
[INFO] Preparing remote bundle org.apache.ozone:ozone-dev-support:1.5.0-SNAPSHOT
[INFO] Copying 2 resources from 1 bundle.
[INFO] 
[INFO] --- resources:3.1.0:resources (default-resources) @ hdds-interface-admin ---
[INFO] Using 'UTF-8' encoding to copy filtered resources.
[INFO] Copying 1 resource
[INFO] Copying 1 resource
[INFO] Copying 2 resources
[INFO] 
[INFO] --- compiler:3.9.0:compile (default-compile) @ hdds-interface-admin ---
[INFO] Compiling 1 source file to /home/runner/work/sonar-analysis/sonar-analysis/project/hadoop-hdds/interface-admin/target/classes
[INFO] 
[INFO] --- protobuf:0.6.1:test-compile (compile-protoc-2) @ hdds-interface-admin ---
[INFO] /home/runner/work/sonar-analysis/sonar-analysis/project/hadoop-hdds/interface-admin/src/test/proto does not exist. Review the configuration or consider disabling the plugin.
[INFO] 
[INFO] --- resources:3.1.0:testResources (default-testResources) @ hdds-interface-admin ---
[INFO] Not copying test resources
[INFO] 
[INFO] --- compiler:3.9.0:testCompile (default-testCompile) @ hdds-interface-admin ---
[INFO] Skipped
[INFO] 
[INFO] --- surefire:3.0.0-M4:test (default-test) @ hdds-interface-admin ---
[INFO] Tests are skipped.
[INFO] Skipped
[INFO] 
[INFO] --- jar:3.4.2:jar (default-jar) @ hdds-interface-admin ---
[INFO] Building jar: /home/runner/work/sonar-analysis/sonar-analysis/project/hadoop-hdds/interface-admin/target/hdds-interface-admin-1.5.0-SNAPSHOT.jar
[INFO] 
[INFO] --- jar:3.4.2:test-jar (default) @ hdds-interface-admin ---
[INFO] Skipping packaging of the test-jar
[INFO] 
[INFO] --- proto-backwards-compatibility:1.0.7:backwards-compatibility-check (default) @ hdds-interface-admin ---
[INFO] protolock cmd line: /home/runner/work/sonar-analysis/sonar-analysis/project/hadoop-hdds/interface-admin/target/protolock-bin/protolock status --lockdir=/home/runner/work/sonar-analysis/sonar-analysis/project/hadoop-hdds/interface-admin/target/classes --protoroot=/home/runner/work/sonar-analysis/sonar-analysis/project/hadoop-hdds/interface-admin/target/classes
[INFO] protolock cmd line: /home/runner/work/sonar-analysis/sonar-analysis/project/hadoop-hdds/interface-admin/target/protolock-bin/protolock commit --lockdir=/home/runner/work/sonar-analysis/sonar-analysis/project/hadoop-hdds/interface-admin/target/classes --protoroot=/home/runner/work/sonar-analysis/sonar-analysis/project/hadoop-hdds/interface-admin/target/classes
[INFO] Backwards compatibility check passed.
[INFO] 
[INFO] --- install:3.1.3:install (default-install) @ hdds-interface-admin ---
[INFO] Installing /home/runner/work/sonar-analysis/sonar-analysis/project/hadoop-hdds/interface-admin/pom.xml to /home/runner/.m2/repository/org/apache/ozone/hdds-interface-admin/1.5.0-SNAPSHOT/hdds-interface-admin-1.5.0-SNAPSHOT.pom
[INFO] Installing /home/runner/work/sonar-analysis/sonar-analysis/project/hadoop-hdds/interface-admin/target/hdds-interface-admin-1.5.0-SNAPSHOT.jar to /home/runner/.m2/repository/org/apache/ozone/hdds-interface-admin/1.5.0-SNAPSHOT/hdds-interface-admin-1.5.0-SNAPSHOT.jar
[INFO] 
[INFO] ---------------< org.apache.ozone:hdds-interface-server >---------------
[INFO] Building Apache Ozone HDDS Server Interface 1.5.0-SNAPSHOT       [10/51]
[INFO]   from hadoop-hdds/interface-server/pom.xml
[INFO] --------------------------------[ jar ]---------------------------------
[INFO] 
[INFO] --- clean:3.4.0:clean (default-clean) @ hdds-interface-server ---
[INFO] Deleting /home/runner/work/sonar-analysis/sonar-analysis/project/hadoop-hdds/interface-server/target
[INFO] Deleting /home/runner/work/sonar-analysis/sonar-analysis/project/hadoop-hdds/interface-server (includes = [dependency-reduced-pom.xml], excludes = [])
[INFO] 
[INFO] --- antrun:3.1.0:run (create-testdirs) @ hdds-interface-server ---
[INFO] Executing tasks
[INFO]     [mkdir] Created dir: /home/runner/work/sonar-analysis/sonar-analysis/project/hadoop-hdds/interface-server/target/test-dir
[INFO] Executed tasks
[INFO] 
[INFO] --- jacoco:0.8.12:prepare-agent (default-prepare-agent) @ hdds-interface-server ---
[INFO] argLine set to -javaagent:/home/runner/.m2/repository/org/jacoco/org.jacoco.agent/0.8.12/org.jacoco.agent-0.8.12-runtime.jar=destfile=/home/runner/work/sonar-analysis/sonar-analysis/project/hadoop-hdds/interface-server/target/jacoco.exec,includes=org.apache.hadoop.hdds.*:org.apache.hadoop.ozone.*:org.apache.hadoop.fs.ozone.*:org.apache.ozone.*:org.hadoop.ozone.*
[INFO] 
[INFO] --- protobuf:0.6.1:compile (compile-protoc-3) @ hdds-interface-server ---
[INFO] Compiling 2 proto file(s) to /home/runner/work/sonar-analysis/sonar-analysis/project/hadoop-hdds/interface-server/target/generated-sources/java
[INFO] 
[INFO] --- protobuf:0.6.1:compile-custom (compile-protoc-3) @ hdds-interface-server ---
[INFO] Compiling 2 proto file(s) to /home/runner/work/sonar-analysis/sonar-analysis/project/hadoop-hdds/interface-server/target/generated-sources/java
[INFO] 
[INFO] --- protobuf:0.6.1:compile (compile-protoc-2) @ hdds-interface-server ---
[INFO] Compiling 5 proto file(s) to /home/runner/work/sonar-analysis/sonar-analysis/project/hadoop-hdds/interface-server/target/generated-sources/java
[INFO] 
[INFO] --- antrun:3.1.0:run (default) @ hdds-interface-server ---
[INFO] Executing tasks
[INFO] Executed tasks
[INFO] 
[INFO] --- enforcer:3.5.0:enforce (banned-rocksdb-imports) @ hdds-interface-server ---
[INFO] Skipping Rule Enforcement.
[INFO] 
[INFO] --- enforcer:3.5.0:enforce (ban-imports) @ hdds-interface-server ---
[INFO] Skipping Rule Enforcement.
[INFO] 
[INFO] --- enforcer:3.5.0:enforce (ban-annotations) @ hdds-interface-server ---
[INFO] Skipping Rule Enforcement.
[INFO] 
[INFO] --- remote-resources:1.7.0:process (default) @ hdds-interface-server ---
[INFO] Preparing remote bundle org.apache.ozone:ozone-dev-support:1.5.0-SNAPSHOT
[INFO] Copying 2 resources from 1 bundle.
[INFO] 
[INFO] --- resources:3.1.0:resources (default-resources) @ hdds-interface-server ---
[INFO] Using 'UTF-8' encoding to copy filtered resources.
[INFO] Copying 1 resource
[INFO] Copying 2 resources
[INFO] Copying 2 resources
[INFO] Copying 5 resources
[INFO] Copying 2 resources
[INFO] 
[INFO] --- compiler:3.9.0:compile (default-compile) @ hdds-interface-server ---
[INFO] Compiling 9 source files to /home/runner/work/sonar-analysis/sonar-analysis/project/hadoop-hdds/interface-server/target/classes
[INFO] 
[INFO] --- protobuf:0.6.1:test-compile (compile-protoc-3) @ hdds-interface-server ---
[INFO] /home/runner/work/sonar-analysis/sonar-analysis/project/hadoop-hdds/interface-server/src/test/proto does not exist. Review the configuration or consider disabling the plugin.
[INFO] 
[INFO] --- protobuf:0.6.1:test-compile-custom (compile-protoc-3) @ hdds-interface-server ---
[INFO] /home/runner/work/sonar-analysis/sonar-analysis/project/hadoop-hdds/interface-server/src/test/proto does not exist. Review the configuration or consider disabling the plugin.
[INFO] 
[INFO] --- protobuf:0.6.1:test-compile (compile-protoc-2) @ hdds-interface-server ---
[INFO] /home/runner/work/sonar-analysis/sonar-analysis/project/hadoop-hdds/interface-server/src/test/proto does not exist. Review the configuration or consider disabling the plugin.
[INFO] 
[INFO] --- resources:3.1.0:testResources (default-testResources) @ hdds-interface-server ---
[INFO] Not copying test resources
[INFO] 
[INFO] --- compiler:3.9.0:testCompile (default-testCompile) @ hdds-interface-server ---
[INFO] Skipped
[INFO] 
[INFO] --- surefire:3.0.0-M4:test (default-test) @ hdds-interface-server ---
[INFO] Tests are skipped.
[INFO] Skipped
[INFO] 
[INFO] --- jar:3.4.2:jar (default-jar) @ hdds-interface-server ---
[INFO] Building jar: /home/runner/work/sonar-analysis/sonar-analysis/project/hadoop-hdds/interface-server/target/hdds-interface-server-1.5.0-SNAPSHOT.jar
[INFO] 
[INFO] --- jar:3.4.2:test-jar (default) @ hdds-interface-server ---
[INFO] Skipping packaging of the test-jar
[INFO] 
[INFO] --- proto-backwards-compatibility:1.0.7:backwards-compatibility-check (default) @ hdds-interface-server ---
[INFO] protolock cmd line: /home/runner/work/sonar-analysis/sonar-analysis/project/hadoop-hdds/interface-server/target/protolock-bin/protolock status --lockdir=/home/runner/work/sonar-analysis/sonar-analysis/project/hadoop-hdds/interface-server/target/classes --protoroot=/home/runner/work/sonar-analysis/sonar-analysis/project/hadoop-hdds/interface-server/target/classes
[INFO] protolock cmd line: /home/runner/work/sonar-analysis/sonar-analysis/project/hadoop-hdds/interface-server/target/protolock-bin/protolock commit --lockdir=/home/runner/work/sonar-analysis/sonar-analysis/project/hadoop-hdds/interface-server/target/classes --protoroot=/home/runner/work/sonar-analysis/sonar-analysis/project/hadoop-hdds/interface-server/target/classes
[INFO] Backwards compatibility check passed.
[INFO] 
[INFO] --- install:3.1.3:install (default-install) @ hdds-interface-server ---
[INFO] Installing /home/runner/work/sonar-analysis/sonar-analysis/project/hadoop-hdds/interface-server/pom.xml to /home/runner/.m2/repository/org/apache/ozone/hdds-interface-server/1.5.0-SNAPSHOT/hdds-interface-server-1.5.0-SNAPSHOT.pom
[INFO] Installing /home/runner/work/sonar-analysis/sonar-analysis/project/hadoop-hdds/interface-server/target/hdds-interface-server-1.5.0-SNAPSHOT.jar to /home/runner/.m2/repository/org/apache/ozone/hdds-interface-server/1.5.0-SNAPSHOT/hdds-interface-server-1.5.0-SNAPSHOT.jar
[INFO] 
[INFO] ------------------< org.apache.ozone:hdds-test-utils >------------------
[INFO] Building Apache Ozone HDDS Test Utils 1.5.0-SNAPSHOT             [11/51]
[INFO]   from hadoop-hdds/test-utils/pom.xml
[INFO] --------------------------------[ jar ]---------------------------------
[INFO] 
[INFO] --- clean:3.4.0:clean (default-clean) @ hdds-test-utils ---
[INFO] Deleting /home/runner/work/sonar-analysis/sonar-analysis/project/hadoop-hdds/test-utils/target
[INFO] Deleting /home/runner/work/sonar-analysis/sonar-analysis/project/hadoop-hdds/test-utils (includes = [dependency-reduced-pom.xml], excludes = [])
[INFO] 
[INFO] --- antrun:3.1.0:run (create-testdirs) @ hdds-test-utils ---
[INFO] Executing tasks
[INFO]     [mkdir] Created dir: /home/runner/work/sonar-analysis/sonar-analysis/project/hadoop-hdds/test-utils/target/test-dir
[INFO] Executed tasks
[INFO] 
[INFO] --- jacoco:0.8.12:prepare-agent (default-prepare-agent) @ hdds-test-utils ---
[INFO] argLine set to -javaagent:/home/runner/.m2/repository/org/jacoco/org.jacoco.agent/0.8.12/org.jacoco.agent-0.8.12-runtime.jar=destfile=/home/runner/work/sonar-analysis/sonar-analysis/project/hadoop-hdds/test-utils/target/jacoco.exec,includes=org.apache.hadoop.hdds.*:org.apache.hadoop.ozone.*:org.apache.hadoop.fs.ozone.*:org.apache.ozone.*:org.hadoop.ozone.*
[INFO] 
[INFO] --- enforcer:3.5.0:enforce (banned-rocksdb-imports) @ hdds-test-utils ---
[INFO] Skipping Rule Enforcement.
[INFO] 
[INFO] --- enforcer:3.5.0:enforce (ban-imports) @ hdds-test-utils ---
[INFO] Skipping Rule Enforcement.
[INFO] 
[INFO] --- enforcer:3.5.0:enforce (ban-annotations) @ hdds-test-utils ---
[INFO] Skipping Rule Enforcement.
[INFO] 
[INFO] --- remote-resources:1.7.0:process (default) @ hdds-test-utils ---
[INFO] Preparing remote bundle org.apache.ozone:ozone-dev-support:1.5.0-SNAPSHOT
[INFO] Copying 2 resources from 1 bundle.
[INFO] 
[INFO] --- resources:3.1.0:resources (default-resources) @ hdds-test-utils ---
[INFO] Using 'UTF-8' encoding to copy filtered resources.
[INFO] Copying 1 resource
[INFO] Copying 2 resources
[INFO] 
[INFO] --- compiler:3.9.0:compile (default-compile) @ hdds-test-utils ---
[INFO] Compiling 17 source files to /home/runner/work/sonar-analysis/sonar-analysis/project/hadoop-hdds/test-utils/target/classes
[INFO] /home/runner/work/sonar-analysis/sonar-analysis/project/hadoop-hdds/test-utils/src/main/java/org/apache/ozone/test/GenericTestUtils.java: /home/runner/work/sonar-analysis/sonar-analysis/project/hadoop-hdds/test-utils/src/main/java/org/apache/ozone/test/GenericTestUtils.java uses unchecked or unsafe operations.
[INFO] /home/runner/work/sonar-analysis/sonar-analysis/project/hadoop-hdds/test-utils/src/main/java/org/apache/ozone/test/GenericTestUtils.java: Recompile with -Xlint:unchecked for details.
[INFO] 
[INFO] --- resources:3.1.0:testResources (default-testResources) @ hdds-test-utils ---
[INFO] Using 'UTF-8' encoding to copy filtered resources.
[INFO] skip non existing resourceDirectory /home/runner/work/sonar-analysis/sonar-analysis/project/hadoop-hdds/test-utils/src/test/resources
[INFO] Copying 2 resources
[INFO] 
[INFO] --- compiler:3.9.0:testCompile (default-testCompile) @ hdds-test-utils ---
[INFO] No sources to compile
[INFO] 
[INFO] --- surefire:3.0.0-M4:test (default-test) @ hdds-test-utils ---
[INFO] Tests are skipped.
[INFO] Skipped
[INFO] 
[INFO] --- dependency:3.7.1:build-classpath (add-classpath-descriptor) @ hdds-test-utils ---
[INFO] Wrote classpath file '/home/runner/work/sonar-analysis/sonar-analysis/project/hadoop-hdds/test-utils/target/classes/hdds-test-utils.classpath'.
[INFO] 
[INFO] --- jar:3.4.2:jar (default-jar) @ hdds-test-utils ---
[INFO] Building jar: /home/runner/work/sonar-analysis/sonar-analysis/project/hadoop-hdds/test-utils/target/hdds-test-utils-1.5.0-SNAPSHOT.jar
[INFO] 
[INFO] --- jar:3.4.2:test-jar (default) @ hdds-test-utils ---
[INFO] Building jar: /home/runner/work/sonar-analysis/sonar-analysis/project/hadoop-hdds/test-utils/target/hdds-test-utils-1.5.0-SNAPSHOT-tests.jar
[INFO] 
[INFO] --- install:3.1.3:install (default-install) @ hdds-test-utils ---
[INFO] Installing /home/runner/work/sonar-analysis/sonar-analysis/project/hadoop-hdds/test-utils/pom.xml to /home/runner/.m2/repository/org/apache/ozone/hdds-test-utils/1.5.0-SNAPSHOT/hdds-test-utils-1.5.0-SNAPSHOT.pom
[INFO] Installing /home/runner/work/sonar-analysis/sonar-analysis/project/hadoop-hdds/test-utils/target/hdds-test-utils-1.5.0-SNAPSHOT.jar to /home/runner/.m2/repository/org/apache/ozone/hdds-test-utils/1.5.0-SNAPSHOT/hdds-test-utils-1.5.0-SNAPSHOT.jar
[INFO] Installing /home/runner/work/sonar-analysis/sonar-analysis/project/hadoop-hdds/test-utils/target/hdds-test-utils-1.5.0-SNAPSHOT-tests.jar to /home/runner/.m2/repository/org/apache/ozone/hdds-test-utils/1.5.0-SNAPSHOT/hdds-test-utils-1.5.0-SNAPSHOT-tests.jar
[INFO] 
[INFO] --------------------< org.apache.ozone:hdds-config >--------------------
[INFO] Building Apache Ozone HDDS Config 1.5.0-SNAPSHOT                 [12/51]
[INFO]   from hadoop-hdds/config/pom.xml
[INFO] --------------------------------[ jar ]---------------------------------
[INFO] 
[INFO] --- clean:3.4.0:clean (default-clean) @ hdds-config ---
[INFO] Deleting /home/runner/work/sonar-analysis/sonar-analysis/project/hadoop-hdds/config/target
[INFO] Deleting /home/runner/work/sonar-analysis/sonar-analysis/project/hadoop-hdds/config (includes = [dependency-reduced-pom.xml], excludes = [])
[INFO] 
[INFO] --- antrun:3.1.0:run (create-testdirs) @ hdds-config ---
[INFO] Executing tasks
[INFO]     [mkdir] Created dir: /home/runner/work/sonar-analysis/sonar-analysis/project/hadoop-hdds/config/target/test-dir
[INFO] Executed tasks
[INFO] 
[INFO] --- jacoco:0.8.12:prepare-agent (default-prepare-agent) @ hdds-config ---
[INFO] argLine set to -javaagent:/home/runner/.m2/repository/org/jacoco/org.jacoco.agent/0.8.12/org.jacoco.agent-0.8.12-runtime.jar=destfile=/home/runner/work/sonar-analysis/sonar-analysis/project/hadoop-hdds/config/target/jacoco.exec,includes=org.apache.hadoop.hdds.*:org.apache.hadoop.ozone.*:org.apache.hadoop.fs.ozone.*:org.apache.ozone.*:org.hadoop.ozone.*
[INFO] 
[INFO] --- enforcer:3.5.0:enforce (banned-rocksdb-imports) @ hdds-config ---
[INFO] Skipping Rule Enforcement.
[INFO] 
[INFO] --- enforcer:3.5.0:enforce (ban-imports) @ hdds-config ---
[INFO] Skipping Rule Enforcement.
[INFO] 
[INFO] --- enforcer:3.5.0:enforce (ban-annotations) @ hdds-config ---
[INFO] Skipping Rule Enforcement.
[INFO] 
[INFO] --- remote-resources:1.7.0:process (default) @ hdds-config ---
[INFO] Preparing remote bundle org.apache.ozone:ozone-dev-support:1.5.0-SNAPSHOT
[INFO] Copying 2 resources from 1 bundle.
[INFO] 
[INFO] --- resources:3.1.0:resources (default-resources) @ hdds-config ---
[INFO] Using 'UTF-8' encoding to copy filtered resources.
[INFO] skip non existing resourceDirectory /home/runner/work/sonar-analysis/sonar-analysis/project/hadoop-hdds/config/src/main/resources
[INFO] Copying 2 resources
[INFO] 
[INFO] --- compiler:3.9.0:compile (default-compile) @ hdds-config ---
[INFO] Compiling 18 source files to /home/runner/work/sonar-analysis/sonar-analysis/project/hadoop-hdds/config/target/classes
[INFO] 
[INFO] --- resources:3.1.0:testResources (default-testResources) @ hdds-config ---
[INFO] Using 'UTF-8' encoding to copy filtered resources.
[INFO] Copying 1 resource
[INFO] Copying 2 resources
[INFO] 
[INFO] --- compiler:3.9.0:testCompile (default-testCompile) @ hdds-config ---
[INFO] Compiling 9 source files to /home/runner/work/sonar-analysis/sonar-analysis/project/hadoop-hdds/config/target/test-classes
[INFO] 
[INFO] --- surefire:3.0.0-M4:test (default-test) @ hdds-config ---
[INFO] Tests are skipped.
[INFO] Skipped
[INFO] 
[INFO] --- dependency:3.7.1:build-classpath (add-classpath-descriptor) @ hdds-config ---
[INFO] Wrote classpath file '/home/runner/work/sonar-analysis/sonar-analysis/project/hadoop-hdds/config/target/classes/hdds-config.classpath'.
[INFO] 
[INFO] --- jar:3.4.2:jar (default-jar) @ hdds-config ---
[INFO] Building jar: /home/runner/work/sonar-analysis/sonar-analysis/project/hadoop-hdds/config/target/hdds-config-1.5.0-SNAPSHOT.jar
[INFO] 
[INFO] --- jar:3.4.2:test-jar (default) @ hdds-config ---
[INFO] Building jar: /home/runner/work/sonar-analysis/sonar-analysis/project/hadoop-hdds/config/target/hdds-config-1.5.0-SNAPSHOT-tests.jar
[INFO] 
[INFO] --- install:3.1.3:install (default-install) @ hdds-config ---
[INFO] Installing /home/runner/work/sonar-analysis/sonar-analysis/project/hadoop-hdds/config/pom.xml to /home/runner/.m2/repository/org/apache/ozone/hdds-config/1.5.0-SNAPSHOT/hdds-config-1.5.0-SNAPSHOT.pom
[INFO] Installing /home/runner/work/sonar-analysis/sonar-analysis/project/hadoop-hdds/config/target/hdds-config-1.5.0-SNAPSHOT.jar to /home/runner/.m2/repository/org/apache/ozone/hdds-config/1.5.0-SNAPSHOT/hdds-config-1.5.0-SNAPSHOT.jar
[INFO] Installing /home/runner/work/sonar-analysis/sonar-analysis/project/hadoop-hdds/config/target/hdds-config-1.5.0-SNAPSHOT-tests.jar to /home/runner/.m2/repository/org/apache/ozone/hdds-config/1.5.0-SNAPSHOT/hdds-config-1.5.0-SNAPSHOT-tests.jar
[INFO] 
[INFO] --------------------< org.apache.ozone:hdds-common >--------------------
[INFO] Building Apache Ozone HDDS Common 1.5.0-SNAPSHOT                 [13/51]
[INFO]   from hadoop-hdds/common/pom.xml
[INFO] --------------------------------[ jar ]---------------------------------
[INFO] 
[INFO] --- clean:3.4.0:clean (default-clean) @ hdds-common ---
[INFO] Deleting /home/runner/work/sonar-analysis/sonar-analysis/project/hadoop-hdds/common/target
[INFO] Deleting /home/runner/work/sonar-analysis/sonar-analysis/project/hadoop-hdds/common (includes = [dependency-reduced-pom.xml], excludes = [])
[INFO] 
[INFO] --- antrun:3.1.0:run (create-testdirs) @ hdds-common ---
[INFO] Executing tasks
[INFO]     [mkdir] Created dir: /home/runner/work/sonar-analysis/sonar-analysis/project/hadoop-hdds/common/target/test-dir
[INFO] Executed tasks
[INFO] 
[INFO] --- jacoco:0.8.12:prepare-agent (default-prepare-agent) @ hdds-common ---
[INFO] argLine set to -javaagent:/home/runner/.m2/repository/org/jacoco/org.jacoco.agent/0.8.12/org.jacoco.agent-0.8.12-runtime.jar=destfile=/home/runner/work/sonar-analysis/sonar-analysis/project/hadoop-hdds/common/target/jacoco.exec,includes=org.apache.hadoop.hdds.*:org.apache.hadoop.ozone.*:org.apache.hadoop.fs.ozone.*:org.apache.ozone.*:org.hadoop.ozone.*
[INFO] 
[INFO] --- enforcer:3.5.0:enforce (banned-rocksdb-imports) @ hdds-common ---
[INFO] Skipping Rule Enforcement.
[INFO] 
[INFO] --- enforcer:3.5.0:enforce (ban-imports) @ hdds-common ---
[INFO] Skipping Rule Enforcement.
[INFO] 
[INFO] --- enforcer:3.5.0:enforce (ban-annotations) @ hdds-common ---
[INFO] Skipping Rule Enforcement.
[INFO] 
[INFO] --- remote-resources:1.7.0:process (default) @ hdds-common ---
[INFO] Preparing remote bundle org.apache.ozone:ozone-dev-support:1.5.0-SNAPSHOT
[INFO] Copying 2 resources from 1 bundle.
[INFO] 
[INFO] --- hadoops:3.3.6:version-info (version-info) @ hdds-common ---
[INFO] SCM: GIT
[INFO] Computed MD5: 6f224be77e0bc955f7b2ac6e5a9a0a8
[INFO] 
[INFO] --- resources:3.1.0:resources (default-resources) @ hdds-common ---
[INFO] Using 'UTF-8' encoding to copy filtered resources.
[INFO] Copying 4 resources
[INFO] Copying 1 resource
[INFO] Copying 2 resources
[INFO] 
[INFO] --- compiler:3.9.0:compile (default-compile) @ hdds-common ---
[INFO] Compiling 301 source files to /home/runner/work/sonar-analysis/sonar-analysis/project/hadoop-hdds/common/target/classes
[INFO] /home/runner/work/sonar-analysis/sonar-analysis/project/hadoop-hdds/common/src/main/java/org/apache/hadoop/hdds/conf/OzoneConfiguration.java: Some input files use or override a deprecated API.
[INFO] /home/runner/work/sonar-analysis/sonar-analysis/project/hadoop-hdds/common/src/main/java/org/apache/hadoop/hdds/conf/OzoneConfiguration.java: Recompile with -Xlint:deprecation for details.
[INFO] /home/runner/work/sonar-analysis/sonar-analysis/project/hadoop-hdds/common/src/main/java/org/apache/hadoop/ozone/upgrade/BasicUpgradeFinalizer.java: Some input files use unchecked or unsafe operations.
[INFO] /home/runner/work/sonar-analysis/sonar-analysis/project/hadoop-hdds/common/src/main/java/org/apache/hadoop/ozone/upgrade/BasicUpgradeFinalizer.java: Recompile with -Xlint:unchecked for details.
[INFO] 
[INFO] --- resources:3.1.0:testResources (default-testResources) @ hdds-common ---
[INFO] Using 'UTF-8' encoding to copy filtered resources.
[INFO] Copying 20 resources
[INFO] Copying 2 resources
[INFO] 
[INFO] --- compiler:3.9.0:testCompile (default-testCompile) @ hdds-common ---
[INFO] Compiling 88 source files to /home/runner/work/sonar-analysis/sonar-analysis/project/hadoop-hdds/common/target/test-classes
[INFO] /home/runner/work/sonar-analysis/sonar-analysis/project/hadoop-hdds/common/src/test/java/org/apache/hadoop/ozone/common/TestChecksumImplsComputeSameValues.java: Some input files use or override a deprecated API.
[INFO] /home/runner/work/sonar-analysis/sonar-analysis/project/hadoop-hdds/common/src/test/java/org/apache/hadoop/ozone/common/TestChecksumImplsComputeSameValues.java: Recompile with -Xlint:deprecation for details.
[INFO] /home/runner/work/sonar-analysis/sonar-analysis/project/hadoop-hdds/common/src/test/java/org/apache/hadoop/ozone/upgrade/InjectedUpgradeFinalizationExecutor.java: Some input files use unchecked or unsafe operations.
[INFO] /home/runner/work/sonar-analysis/sonar-analysis/project/hadoop-hdds/common/src/test/java/org/apache/hadoop/ozone/upgrade/InjectedUpgradeFinalizationExecutor.java: Recompile with -Xlint:unchecked for details.
[INFO] 
[INFO] --- surefire:3.0.0-M4:test (default-test) @ hdds-common ---
[INFO] Tests are skipped.
[INFO] Skipped
[INFO] 
[INFO] --- dependency:3.7.1:build-classpath (add-classpath-descriptor) @ hdds-common ---
[INFO] Wrote classpath file '/home/runner/work/sonar-analysis/sonar-analysis/project/hadoop-hdds/common/target/classes/hdds-common.classpath'.
[INFO] 
[INFO] --- jar:3.4.2:jar (default-jar) @ hdds-common ---
[INFO] Building jar: /home/runner/work/sonar-analysis/sonar-analysis/project/hadoop-hdds/common/target/hdds-common-1.5.0-SNAPSHOT.jar
[INFO] 
[INFO] --- jar:3.4.2:test-jar (default) @ hdds-common ---
[INFO] Building jar: /home/runner/work/sonar-analysis/sonar-analysis/project/hadoop-hdds/common/target/hdds-common-1.5.0-SNAPSHOT-tests.jar
[INFO] 
[INFO] --- install:3.1.3:install (default-install) @ hdds-common ---
[INFO] Installing /home/runner/work/sonar-analysis/sonar-analysis/project/hadoop-hdds/common/pom.xml to /home/runner/.m2/repository/org/apache/ozone/hdds-common/1.5.0-SNAPSHOT/hdds-common-1.5.0-SNAPSHOT.pom
[INFO] Installing /home/runner/work/sonar-analysis/sonar-analysis/project/hadoop-hdds/common/target/hdds-common-1.5.0-SNAPSHOT.jar to /home/runner/.m2/repository/org/apache/ozone/hdds-common/1.5.0-SNAPSHOT/hdds-common-1.5.0-SNAPSHOT.jar
[INFO] Installing /home/runner/work/sonar-analysis/sonar-analysis/project/hadoop-hdds/common/target/hdds-common-1.5.0-SNAPSHOT-tests.jar to /home/runner/.m2/repository/org/apache/ozone/hdds-common/1.5.0-SNAPSHOT/hdds-common-1.5.0-SNAPSHOT-tests.jar
[INFO] 
[INFO] -----------------< org.apache.ozone:hdds-erasurecode >------------------
[INFO] Building Apache Ozone HDDS Erasurecode 1.5.0-SNAPSHOT            [14/51]
[INFO]   from hadoop-hdds/erasurecode/pom.xml
[INFO] --------------------------------[ jar ]---------------------------------
[INFO] 
[INFO] --- clean:3.4.0:clean (default-clean) @ hdds-erasurecode ---
[INFO] Deleting /home/runner/work/sonar-analysis/sonar-analysis/project/hadoop-hdds/erasurecode/target
[INFO] Deleting /home/runner/work/sonar-analysis/sonar-analysis/project/hadoop-hdds/erasurecode (includes = [dependency-reduced-pom.xml], excludes = [])
[INFO] 
[INFO] --- antrun:3.1.0:run (create-testdirs) @ hdds-erasurecode ---
[INFO] Executing tasks
[INFO]     [mkdir] Created dir: /home/runner/work/sonar-analysis/sonar-analysis/project/hadoop-hdds/erasurecode/target/test-dir
[INFO] Executed tasks
[INFO] 
[INFO] --- jacoco:0.8.12:prepare-agent (default-prepare-agent) @ hdds-erasurecode ---
[INFO] argLine set to -javaagent:/home/runner/.m2/repository/org/jacoco/org.jacoco.agent/0.8.12/org.jacoco.agent-0.8.12-runtime.jar=destfile=/home/runner/work/sonar-analysis/sonar-analysis/project/hadoop-hdds/erasurecode/target/jacoco.exec,includes=org.apache.hadoop.hdds.*:org.apache.hadoop.ozone.*:org.apache.hadoop.fs.ozone.*:org.apache.ozone.*:org.hadoop.ozone.*
[INFO] 
[INFO] --- enforcer:3.5.0:enforce (banned-rocksdb-imports) @ hdds-erasurecode ---
[INFO] Skipping Rule Enforcement.
[INFO] 
[INFO] --- enforcer:3.5.0:enforce (ban-imports) @ hdds-erasurecode ---
[INFO] Skipping Rule Enforcement.
[INFO] 
[INFO] --- enforcer:3.5.0:enforce (ban-annotations) @ hdds-erasurecode ---
[INFO] Skipping Rule Enforcement.
[INFO] 
[INFO] --- remote-resources:1.7.0:process (default) @ hdds-erasurecode ---
[INFO] Preparing remote bundle org.apache.ozone:ozone-dev-support:1.5.0-SNAPSHOT
[INFO] Copying 2 resources from 1 bundle.
[INFO] 
[INFO] --- resources:3.1.0:resources (default-resources) @ hdds-erasurecode ---
[INFO] Using 'UTF-8' encoding to copy filtered resources.
[INFO] Copying 1 resource
[INFO] Copying 2 resources
[INFO] 
[INFO] --- compiler:3.9.0:compile (default-compile) @ hdds-erasurecode ---
[INFO] Compiling 39 source files to /home/runner/work/sonar-analysis/sonar-analysis/project/hadoop-hdds/erasurecode/target/classes
[INFO] 
[INFO] --- resources:3.1.0:testResources (default-testResources) @ hdds-erasurecode ---
[INFO] Using 'UTF-8' encoding to copy filtered resources.
[INFO] skip non existing resourceDirectory /home/runner/work/sonar-analysis/sonar-analysis/project/hadoop-hdds/erasurecode/src/test/resources
[INFO] Copying 2 resources
[INFO] 
[INFO] --- compiler:3.9.0:testCompile (default-testCompile) @ hdds-erasurecode ---
[INFO] Compiling 17 source files to /home/runner/work/sonar-analysis/sonar-analysis/project/hadoop-hdds/erasurecode/target/test-classes
[INFO] 
[INFO] --- surefire:3.0.0-M4:test (default-test) @ hdds-erasurecode ---
[INFO] Tests are skipped.
[INFO] Skipped
[INFO] 
[INFO] --- dependency:3.7.1:build-classpath (add-classpath-descriptor) @ hdds-erasurecode ---
[INFO] Wrote classpath file '/home/runner/work/sonar-analysis/sonar-analysis/project/hadoop-hdds/erasurecode/target/classes/hdds-erasurecode.classpath'.
[INFO] 
[INFO] --- jar:3.4.2:jar (default-jar) @ hdds-erasurecode ---
[INFO] Building jar: /home/runner/work/sonar-analysis/sonar-analysis/project/hadoop-hdds/erasurecode/target/hdds-erasurecode-1.5.0-SNAPSHOT.jar
[INFO] 
[INFO] --- jar:3.4.2:test-jar (default) @ hdds-erasurecode ---
[INFO] Building jar: /home/runner/work/sonar-analysis/sonar-analysis/project/hadoop-hdds/erasurecode/target/hdds-erasurecode-1.5.0-SNAPSHOT-tests.jar
[INFO] 
[INFO] --- install:3.1.3:install (default-install) @ hdds-erasurecode ---
[INFO] Installing /home/runner/work/sonar-analysis/sonar-analysis/project/hadoop-hdds/erasurecode/pom.xml to /home/runner/.m2/repository/org/apache/ozone/hdds-erasurecode/1.5.0-SNAPSHOT/hdds-erasurecode-1.5.0-SNAPSHOT.pom
[INFO] Installing /home/runner/work/sonar-analysis/sonar-analysis/project/hadoop-hdds/erasurecode/target/hdds-erasurecode-1.5.0-SNAPSHOT.jar to /home/runner/.m2/repository/org/apache/ozone/hdds-erasurecode/1.5.0-SNAPSHOT/hdds-erasurecode-1.5.0-SNAPSHOT.jar
[INFO] Installing /home/runner/work/sonar-analysis/sonar-analysis/project/hadoop-hdds/erasurecode/target/hdds-erasurecode-1.5.0-SNAPSHOT-tests.jar to /home/runner/.m2/repository/org/apache/ozone/hdds-erasurecode/1.5.0-SNAPSHOT/hdds-erasurecode-1.5.0-SNAPSHOT-tests.jar
[INFO] 
[INFO] --------------------< org.apache.ozone:hdds-client >--------------------
[INFO] Building Apache Ozone HDDS Client 1.5.0-SNAPSHOT                 [15/51]
[INFO]   from hadoop-hdds/client/pom.xml
[INFO] --------------------------------[ jar ]---------------------------------
[INFO] 
[INFO] --- clean:3.4.0:clean (default-clean) @ hdds-client ---
[INFO] Deleting /home/runner/work/sonar-analysis/sonar-analysis/project/hadoop-hdds/client/target
[INFO] Deleting /home/runner/work/sonar-analysis/sonar-analysis/project/hadoop-hdds/client (includes = [dependency-reduced-pom.xml], excludes = [])
[INFO] 
[INFO] --- antrun:3.1.0:run (create-testdirs) @ hdds-client ---
[INFO] Executing tasks
[INFO]     [mkdir] Created dir: /home/runner/work/sonar-analysis/sonar-analysis/project/hadoop-hdds/client/target/test-dir
[INFO] Executed tasks
[INFO] 
[INFO] --- jacoco:0.8.12:prepare-agent (default-prepare-agent) @ hdds-client ---
[INFO] argLine set to -javaagent:/home/runner/.m2/repository/org/jacoco/org.jacoco.agent/0.8.12/org.jacoco.agent-0.8.12-runtime.jar=destfile=/home/runner/work/sonar-analysis/sonar-analysis/project/hadoop-hdds/client/target/jacoco.exec,includes=org.apache.hadoop.hdds.*:org.apache.hadoop.ozone.*:org.apache.hadoop.fs.ozone.*:org.apache.ozone.*:org.hadoop.ozone.*
[INFO] 
[INFO] --- enforcer:3.5.0:enforce (banned-rocksdb-imports) @ hdds-client ---
[INFO] Skipping Rule Enforcement.
[INFO] 
[INFO] --- enforcer:3.5.0:enforce (ban-imports) @ hdds-client ---
[INFO] Skipping Rule Enforcement.
[INFO] 
[INFO] --- enforcer:3.5.0:enforce (ban-annotations) @ hdds-client ---
[INFO] Skipping Rule Enforcement.
[INFO] 
[INFO] --- remote-resources:1.7.0:process (default) @ hdds-client ---
[INFO] Preparing remote bundle org.apache.ozone:ozone-dev-support:1.5.0-SNAPSHOT
[INFO] Copying 2 resources from 1 bundle.
[INFO] 
[INFO] --- resources:3.1.0:resources (default-resources) @ hdds-client ---
[INFO] Using 'UTF-8' encoding to copy filtered resources.
[INFO] skip non existing resourceDirectory /home/runner/work/sonar-analysis/sonar-analysis/project/hadoop-hdds/client/src/main/resources
[INFO] Copying 2 resources
[INFO] 
[INFO] --- compiler:3.9.0:compile (default-compile) @ hdds-client ---
[INFO] Compiling 48 source files to /home/runner/work/sonar-analysis/sonar-analysis/project/hadoop-hdds/client/target/classes
[INFO] /home/runner/work/sonar-analysis/sonar-analysis/project/hadoop-hdds/client/src/main/java/org/apache/hadoop/hdds/scm/client/HddsClientUtils.java: /home/runner/work/sonar-analysis/sonar-analysis/project/hadoop-hdds/client/src/main/java/org/apache/hadoop/hdds/scm/client/HddsClientUtils.java uses unchecked or unsafe operations.
[INFO] /home/runner/work/sonar-analysis/sonar-analysis/project/hadoop-hdds/client/src/main/java/org/apache/hadoop/hdds/scm/client/HddsClientUtils.java: Recompile with -Xlint:unchecked for details.
[INFO] 
[INFO] --- resources:3.1.0:testResources (default-testResources) @ hdds-client ---
[INFO] Using 'UTF-8' encoding to copy filtered resources.
[INFO] Copying 1 resource
[INFO] Copying 2 resources
[INFO] 
[INFO] --- compiler:3.9.0:testCompile (default-testCompile) @ hdds-client ---
[INFO] Compiling 17 source files to /home/runner/work/sonar-analysis/sonar-analysis/project/hadoop-hdds/client/target/test-classes
[INFO] /home/runner/work/sonar-analysis/sonar-analysis/project/hadoop-hdds/client/src/test/java/org/apache/hadoop/hdds/scm/storage/TestBlockInputStream.java: Some input files use or override a deprecated API.
[INFO] /home/runner/work/sonar-analysis/sonar-analysis/project/hadoop-hdds/client/src/test/java/org/apache/hadoop/hdds/scm/storage/TestBlockInputStream.java: Recompile with -Xlint:deprecation for details.
[INFO] /home/runner/work/sonar-analysis/sonar-analysis/project/hadoop-hdds/client/src/test/java/org/apache/hadoop/hdds/scm/storage/TestBlockInputStream.java: /home/runner/work/sonar-analysis/sonar-analysis/project/hadoop-hdds/client/src/test/java/org/apache/hadoop/hdds/scm/storage/TestBlockInputStream.java uses unchecked or unsafe operations.
[INFO] /home/runner/work/sonar-analysis/sonar-analysis/project/hadoop-hdds/client/src/test/java/org/apache/hadoop/hdds/scm/storage/TestBlockInputStream.java: Recompile with -Xlint:unchecked for details.
[INFO] 
[INFO] --- surefire:3.0.0-M4:test (default-test) @ hdds-client ---
[INFO] Tests are skipped.
[INFO] Skipped
[INFO] 
[INFO] --- dependency:3.7.1:build-classpath (add-classpath-descriptor) @ hdds-client ---
[INFO] Wrote classpath file '/home/runner/work/sonar-analysis/sonar-analysis/project/hadoop-hdds/client/target/classes/hdds-client.classpath'.
[INFO] 
[INFO] --- jar:3.4.2:jar (default-jar) @ hdds-client ---
[INFO] Building jar: /home/runner/work/sonar-analysis/sonar-analysis/project/hadoop-hdds/client/target/hdds-client-1.5.0-SNAPSHOT.jar
[INFO] 
[INFO] --- jar:3.4.2:test-jar (default) @ hdds-client ---
[INFO] Building jar: /home/runner/work/sonar-analysis/sonar-analysis/project/hadoop-hdds/client/target/hdds-client-1.5.0-SNAPSHOT-tests.jar
[INFO] 
[INFO] --- install:3.1.3:install (default-install) @ hdds-client ---
[INFO] Installing /home/runner/work/sonar-analysis/sonar-analysis/project/hadoop-hdds/client/pom.xml to /home/runner/.m2/repository/org/apache/ozone/hdds-client/1.5.0-SNAPSHOT/hdds-client-1.5.0-SNAPSHOT.pom
[INFO] Installing /home/runner/work/sonar-analysis/sonar-analysis/project/hadoop-hdds/client/target/hdds-client-1.5.0-SNAPSHOT.jar to /home/runner/.m2/repository/org/apache/ozone/hdds-client/1.5.0-SNAPSHOT/hdds-client-1.5.0-SNAPSHOT.jar
[INFO] Installing /home/runner/work/sonar-analysis/sonar-analysis/project/hadoop-hdds/client/target/hdds-client-1.5.0-SNAPSHOT-tests.jar to /home/runner/.m2/repository/org/apache/ozone/hdds-client/1.5.0-SNAPSHOT/hdds-client-1.5.0-SNAPSHOT-tests.jar
[INFO] 
[INFO] ------------------< org.apache.ozone:hdds-crypto-api >------------------
[INFO] Building Apache Ozone HDDS Crypto 1.5.0-SNAPSHOT                 [16/51]
[INFO]   from hadoop-hdds/crypto-api/pom.xml
[INFO] --------------------------------[ jar ]---------------------------------
[INFO] 
[INFO] --- clean:3.4.0:clean (default-clean) @ hdds-crypto-api ---
[INFO] Deleting /home/runner/work/sonar-analysis/sonar-analysis/project/hadoop-hdds/crypto-api/target
[INFO] Deleting /home/runner/work/sonar-analysis/sonar-analysis/project/hadoop-hdds/crypto-api (includes = [dependency-reduced-pom.xml], excludes = [])
[INFO] 
[INFO] --- antrun:3.1.0:run (create-testdirs) @ hdds-crypto-api ---
[INFO] Executing tasks
[INFO]     [mkdir] Created dir: /home/runner/work/sonar-analysis/sonar-analysis/project/hadoop-hdds/crypto-api/target/test-dir
[INFO] Executed tasks
[INFO] 
[INFO] --- jacoco:0.8.12:prepare-agent (default-prepare-agent) @ hdds-crypto-api ---
[INFO] argLine set to -javaagent:/home/runner/.m2/repository/org/jacoco/org.jacoco.agent/0.8.12/org.jacoco.agent-0.8.12-runtime.jar=destfile=/home/runner/work/sonar-analysis/sonar-analysis/project/hadoop-hdds/crypto-api/target/jacoco.exec,includes=org.apache.hadoop.hdds.*:org.apache.hadoop.ozone.*:org.apache.hadoop.fs.ozone.*:org.apache.ozone.*:org.hadoop.ozone.*
[INFO] 
[INFO] --- enforcer:3.5.0:enforce (banned-rocksdb-imports) @ hdds-crypto-api ---
[INFO] Skipping Rule Enforcement.
[INFO] 
[INFO] --- enforcer:3.5.0:enforce (ban-imports) @ hdds-crypto-api ---
[INFO] Skipping Rule Enforcement.
[INFO] 
[INFO] --- enforcer:3.5.0:enforce (ban-annotations) @ hdds-crypto-api ---
[INFO] Skipping Rule Enforcement.
[INFO] 
[INFO] --- remote-resources:1.7.0:process (default) @ hdds-crypto-api ---
[INFO] Preparing remote bundle org.apache.ozone:ozone-dev-support:1.5.0-SNAPSHOT
[INFO] Copying 2 resources from 1 bundle.
[INFO] 
[INFO] --- resources:3.1.0:resources (default-resources) @ hdds-crypto-api ---
[INFO] Using 'UTF-8' encoding to copy filtered resources.
[INFO] skip non existing resourceDirectory /home/runner/work/sonar-analysis/sonar-analysis/project/hadoop-hdds/crypto-api/src/main/resources
[INFO] Copying 2 resources
[INFO] 
[INFO] --- compiler:3.9.0:compile (default-compile) @ hdds-crypto-api ---
[INFO] No sources to compile
[INFO] 
[INFO] --- resources:3.1.0:testResources (default-testResources) @ hdds-crypto-api ---
[INFO] Not copying test resources
[INFO] 
[INFO] --- compiler:3.9.0:testCompile (default-testCompile) @ hdds-crypto-api ---
[INFO] Skipped
[INFO] 
[INFO] --- surefire:3.0.0-M4:test (default-test) @ hdds-crypto-api ---
[INFO] Tests are skipped.
[INFO] Skipped
[INFO] 
[INFO] --- jar:3.4.2:jar (default-jar) @ hdds-crypto-api ---
[INFO] Building jar: /home/runner/work/sonar-analysis/sonar-analysis/project/hadoop-hdds/crypto-api/target/hdds-crypto-api-1.5.0-SNAPSHOT.jar
[INFO] 
[INFO] --- jar:3.4.2:test-jar (default) @ hdds-crypto-api ---
[INFO] Skipping packaging of the test-jar
[INFO] 
[INFO] --- install:3.1.3:install (default-install) @ hdds-crypto-api ---
[INFO] Installing /home/runner/work/sonar-analysis/sonar-analysis/project/hadoop-hdds/crypto-api/pom.xml to /home/runner/.m2/repository/org/apache/ozone/hdds-crypto-api/1.5.0-SNAPSHOT/hdds-crypto-api-1.5.0-SNAPSHOT.pom
[INFO] Installing /home/runner/work/sonar-analysis/sonar-analysis/project/hadoop-hdds/crypto-api/target/hdds-crypto-api-1.5.0-SNAPSHOT.jar to /home/runner/.m2/repository/org/apache/ozone/hdds-crypto-api/1.5.0-SNAPSHOT/hdds-crypto-api-1.5.0-SNAPSHOT.jar
[INFO] 
[INFO] ----------------< org.apache.ozone:hdds-crypto-default >----------------
[INFO] Building Apache Ozone HDDS Crypto - Default 1.5.0-SNAPSHOT       [17/51]
[INFO]   from hadoop-hdds/crypto-default/pom.xml
[INFO] --------------------------------[ jar ]---------------------------------
[INFO] 
[INFO] --- clean:3.4.0:clean (default-clean) @ hdds-crypto-default ---
[INFO] Deleting /home/runner/work/sonar-analysis/sonar-analysis/project/hadoop-hdds/crypto-default/target
[INFO] Deleting /home/runner/work/sonar-analysis/sonar-analysis/project/hadoop-hdds/crypto-default (includes = [dependency-reduced-pom.xml], excludes = [])
[INFO] 
[INFO] --- antrun:3.1.0:run (create-testdirs) @ hdds-crypto-default ---
[INFO] Executing tasks
[INFO]     [mkdir] Created dir: /home/runner/work/sonar-analysis/sonar-analysis/project/hadoop-hdds/crypto-default/target/test-dir
[INFO] Executed tasks
[INFO] 
[INFO] --- jacoco:0.8.12:prepare-agent (default-prepare-agent) @ hdds-crypto-default ---
[INFO] argLine set to -javaagent:/home/runner/.m2/repository/org/jacoco/org.jacoco.agent/0.8.12/org.jacoco.agent-0.8.12-runtime.jar=destfile=/home/runner/work/sonar-analysis/sonar-analysis/project/hadoop-hdds/crypto-default/target/jacoco.exec,includes=org.apache.hadoop.hdds.*:org.apache.hadoop.ozone.*:org.apache.hadoop.fs.ozone.*:org.apache.ozone.*:org.hadoop.ozone.*
[INFO] 
[INFO] --- enforcer:3.5.0:enforce (banned-rocksdb-imports) @ hdds-crypto-default ---
[INFO] Skipping Rule Enforcement.
[INFO] 
[INFO] --- enforcer:3.5.0:enforce (ban-imports) @ hdds-crypto-default ---
[INFO] Skipping Rule Enforcement.
[INFO] 
[INFO] --- enforcer:3.5.0:enforce (ban-annotations) @ hdds-crypto-default ---
[INFO] Skipping Rule Enforcement.
[INFO] 
[INFO] --- remote-resources:1.7.0:process (default) @ hdds-crypto-default ---
[INFO] Preparing remote bundle org.apache.ozone:ozone-dev-support:1.5.0-SNAPSHOT
[INFO] Copying 2 resources from 1 bundle.
[INFO] 
[INFO] --- resources:3.1.0:resources (default-resources) @ hdds-crypto-default ---
[INFO] Using 'UTF-8' encoding to copy filtered resources.
[INFO] skip non existing resourceDirectory /home/runner/work/sonar-analysis/sonar-analysis/project/hadoop-hdds/crypto-default/src/main/resources
[INFO] Copying 2 resources
[INFO] 
[INFO] --- compiler:3.9.0:compile (default-compile) @ hdds-crypto-default ---
[INFO] No sources to compile
[INFO] 
[INFO] --- resources:3.1.0:testResources (default-testResources) @ hdds-crypto-default ---
[INFO] Not copying test resources
[INFO] 
[INFO] --- compiler:3.9.0:testCompile (default-testCompile) @ hdds-crypto-default ---
[INFO] Skipped
[INFO] 
[INFO] --- surefire:3.0.0-M4:test (default-test) @ hdds-crypto-default ---
[INFO] Tests are skipped.
[INFO] Skipped
[INFO] 
[INFO] --- jar:3.4.2:jar (default-jar) @ hdds-crypto-default ---
[INFO] Building jar: /home/runner/work/sonar-analysis/sonar-analysis/project/hadoop-hdds/crypto-default/target/hdds-crypto-default-1.5.0-SNAPSHOT.jar
[INFO] 
[INFO] --- jar:3.4.2:test-jar (default) @ hdds-crypto-default ---
[INFO] Skipping packaging of the test-jar
[INFO] 
[INFO] --- install:3.1.3:install (default-install) @ hdds-crypto-default ---
[INFO] Installing /home/runner/work/sonar-analysis/sonar-analysis/project/hadoop-hdds/crypto-default/pom.xml to /home/runner/.m2/repository/org/apache/ozone/hdds-crypto-default/1.5.0-SNAPSHOT/hdds-crypto-default-1.5.0-SNAPSHOT.pom
[INFO] Installing /home/runner/work/sonar-analysis/sonar-analysis/project/hadoop-hdds/crypto-default/target/hdds-crypto-default-1.5.0-SNAPSHOT.jar to /home/runner/.m2/repository/org/apache/ozone/hdds-crypto-default/1.5.0-SNAPSHOT/hdds-crypto-default-1.5.0-SNAPSHOT.jar
[INFO] 
[INFO] ---------------< org.apache.ozone:hdds-managed-rocksdb >----------------
[INFO] Building Apache Ozone HDDS Managed RocksDB 1.5.0-SNAPSHOT        [18/51]
[INFO]   from hadoop-hdds/managed-rocksdb/pom.xml
[INFO] --------------------------------[ jar ]---------------------------------
[INFO] 
[INFO] --- clean:3.4.0:clean (default-clean) @ hdds-managed-rocksdb ---
[INFO] Deleting /home/runner/work/sonar-analysis/sonar-analysis/project/hadoop-hdds/managed-rocksdb/target
[INFO] Deleting /home/runner/work/sonar-analysis/sonar-analysis/project/hadoop-hdds/managed-rocksdb (includes = [dependency-reduced-pom.xml], excludes = [])
[INFO] 
[INFO] --- antrun:3.1.0:run (create-testdirs) @ hdds-managed-rocksdb ---
[INFO] Executing tasks
[INFO]     [mkdir] Created dir: /home/runner/work/sonar-analysis/sonar-analysis/project/hadoop-hdds/managed-rocksdb/target/test-dir
[INFO] Executed tasks
[INFO] 
[INFO] --- jacoco:0.8.12:prepare-agent (default-prepare-agent) @ hdds-managed-rocksdb ---
[INFO] argLine set to -javaagent:/home/runner/.m2/repository/org/jacoco/org.jacoco.agent/0.8.12/org.jacoco.agent-0.8.12-runtime.jar=destfile=/home/runner/work/sonar-analysis/sonar-analysis/project/hadoop-hdds/managed-rocksdb/target/jacoco.exec,includes=org.apache.hadoop.hdds.*:org.apache.hadoop.ozone.*:org.apache.hadoop.fs.ozone.*:org.apache.ozone.*:org.hadoop.ozone.*
[INFO] 
[INFO] --- enforcer:3.5.0:enforce (banned-rocksdb-imports) @ hdds-managed-rocksdb ---
[INFO] Skipping Rule Enforcement.
[INFO] 
[INFO] --- enforcer:3.5.0:enforce (ban-imports) @ hdds-managed-rocksdb ---
[INFO] Skipping Rule Enforcement.
[INFO] 
[INFO] --- enforcer:3.5.0:enforce (ban-annotations) @ hdds-managed-rocksdb ---
[INFO] Skipping Rule Enforcement.
[INFO] 
[INFO] --- remote-resources:1.7.0:process (default) @ hdds-managed-rocksdb ---
[INFO] Preparing remote bundle org.apache.ozone:ozone-dev-support:1.5.0-SNAPSHOT
[INFO] Copying 2 resources from 1 bundle.
[INFO] 
[INFO] --- resources:3.1.0:resources (default-resources) @ hdds-managed-rocksdb ---
[INFO] Using 'UTF-8' encoding to copy filtered resources.
[INFO] skip non existing resourceDirectory /home/runner/work/sonar-analysis/sonar-analysis/project/hadoop-hdds/managed-rocksdb/src/main/resources
[INFO] Copying 2 resources
[INFO] 
[INFO] --- compiler:3.9.0:compile (default-compile) @ hdds-managed-rocksdb ---
[INFO] Compiling 28 source files to /home/runner/work/sonar-analysis/sonar-analysis/project/hadoop-hdds/managed-rocksdb/target/classes
[INFO] 
[INFO] --- resources:3.1.0:testResources (default-testResources) @ hdds-managed-rocksdb ---
[INFO] Not copying test resources
[INFO] 
[INFO] --- compiler:3.9.0:testCompile (default-testCompile) @ hdds-managed-rocksdb ---
[INFO] Skipped
[INFO] 
[INFO] --- surefire:3.0.0-M4:test (default-test) @ hdds-managed-rocksdb ---
[INFO] Tests are skipped.
[INFO] Skipped
[INFO] 
[INFO] --- dependency:3.7.1:build-classpath (add-classpath-descriptor) @ hdds-managed-rocksdb ---
[INFO] Wrote classpath file '/home/runner/work/sonar-analysis/sonar-analysis/project/hadoop-hdds/managed-rocksdb/target/classes/hdds-managed-rocksdb.classpath'.
[INFO] 
[INFO] --- jar:3.4.2:jar (default-jar) @ hdds-managed-rocksdb ---
[INFO] Building jar: /home/runner/work/sonar-analysis/sonar-analysis/project/hadoop-hdds/managed-rocksdb/target/hdds-managed-rocksdb-1.5.0-SNAPSHOT.jar
[INFO] 
[INFO] --- jar:3.4.2:test-jar (default) @ hdds-managed-rocksdb ---
[INFO] Skipping packaging of the test-jar
[INFO] 
[INFO] --- install:3.1.3:install (default-install) @ hdds-managed-rocksdb ---
[INFO] Installing /home/runner/work/sonar-analysis/sonar-analysis/project/hadoop-hdds/managed-rocksdb/pom.xml to /home/runner/.m2/repository/org/apache/ozone/hdds-managed-rocksdb/1.5.0-SNAPSHOT/hdds-managed-rocksdb-1.5.0-SNAPSHOT.pom
[INFO] Installing /home/runner/work/sonar-analysis/sonar-analysis/project/hadoop-hdds/managed-rocksdb/target/hdds-managed-rocksdb-1.5.0-SNAPSHOT.jar to /home/runner/.m2/repository/org/apache/ozone/hdds-managed-rocksdb/1.5.0-SNAPSHOT/hdds-managed-rocksdb-1.5.0-SNAPSHOT.jar
[INFO] 
[INFO] -----------------< org.apache.ozone:hdds-rocks-native >-----------------
[INFO] Building Apache Ozone HDDS RocksDB Tools 1.5.0-SNAPSHOT          [19/51]
[INFO]   from hadoop-hdds/rocks-native/pom.xml
[INFO] --------------------------------[ jar ]---------------------------------
[INFO] 
[INFO] --- clean:3.4.0:clean (default-clean) @ hdds-rocks-native ---
[INFO] Deleting /home/runner/work/sonar-analysis/sonar-analysis/project/hadoop-hdds/rocks-native/target
[INFO] Deleting /home/runner/work/sonar-analysis/sonar-analysis/project/hadoop-hdds/rocks-native (includes = [dependency-reduced-pom.xml], excludes = [])
[INFO] 
[INFO] --- antrun:3.1.0:run (create-testdirs) @ hdds-rocks-native ---
[INFO] Executing tasks
[INFO]     [mkdir] Created dir: /home/runner/work/sonar-analysis/sonar-analysis/project/hadoop-hdds/rocks-native/target/test-dir
[INFO] Executed tasks
[INFO] 
[INFO] --- jacoco:0.8.12:prepare-agent (default-prepare-agent) @ hdds-rocks-native ---
[INFO] argLine set to -javaagent:/home/runner/.m2/repository/org/jacoco/org.jacoco.agent/0.8.12/org.jacoco.agent-0.8.12-runtime.jar=destfile=/home/runner/work/sonar-analysis/sonar-analysis/project/hadoop-hdds/rocks-native/target/jacoco.exec,includes=org.apache.hadoop.hdds.*:org.apache.hadoop.ozone.*:org.apache.hadoop.fs.ozone.*:org.apache.ozone.*:org.hadoop.ozone.*
[INFO] 
[INFO] --- build-helper:3.6.0:cpu-count (get-cpu-count) @ hdds-rocks-native ---
[INFO] CPU count: 4
[INFO] 
[INFO] --- enforcer:3.5.0:enforce (banned-rocksdb-imports) @ hdds-rocks-native ---
[INFO] Skipping Rule Enforcement.
[INFO] 
[INFO] --- enforcer:3.5.0:enforce (ban-imports) @ hdds-rocks-native ---
[INFO] Skipping Rule Enforcement.
[INFO] 
[INFO] --- enforcer:3.5.0:enforce (ban-annotations) @ hdds-rocks-native ---
[INFO] Skipping Rule Enforcement.
[INFO] 
[INFO] --- remote-resources:1.7.0:process (default) @ hdds-rocks-native ---
[INFO] Preparing remote bundle org.apache.ozone:ozone-dev-support:1.5.0-SNAPSHOT
[INFO] Copying 2 resources from 1 bundle.
[INFO] 
[INFO] --- resources:3.1.0:resources (default-resources) @ hdds-rocks-native ---
[INFO] Using 'UTF-8' encoding to copy filtered resources.
[INFO] skip non existing resourceDirectory /home/runner/work/sonar-analysis/sonar-analysis/project/hadoop-hdds/rocks-native/src/main/resources
[INFO] Copying 2 resources
[INFO] 
[INFO] --- compiler:3.9.0:compile (default-compile) @ hdds-rocks-native ---
[INFO] Compiling 7 source files to /home/runner/work/sonar-analysis/sonar-analysis/project/hadoop-hdds/rocks-native/target/classes
[INFO] 
[INFO] --- resources:3.1.0:testResources (default-testResources) @ hdds-rocks-native ---
[INFO] Using 'UTF-8' encoding to copy filtered resources.
[INFO] Copying 2 resources
[INFO] Copying 2 resources
[INFO] 
[INFO] --- compiler:3.9.0:testCompile (default-testCompile) @ hdds-rocks-native ---
[INFO] Compiling 3 source files to /home/runner/work/sonar-analysis/sonar-analysis/project/hadoop-hdds/rocks-native/target/test-classes
[INFO] 
[INFO] --- surefire:3.0.0-M4:test (default-test) @ hdds-rocks-native ---
[INFO] Tests are skipped.
[INFO] Skipped
[INFO] 
[INFO] --- dependency:3.7.1:build-classpath (add-classpath-descriptor) @ hdds-rocks-native ---
[INFO] Wrote classpath file '/home/runner/work/sonar-analysis/sonar-analysis/project/hadoop-hdds/rocks-native/target/classes/hdds-rocks-native.classpath'.
[INFO] 
[INFO] --- jar:3.4.2:jar (default-jar) @ hdds-rocks-native ---
[INFO] Building jar: /home/runner/work/sonar-analysis/sonar-analysis/project/hadoop-hdds/rocks-native/target/hdds-rocks-native-1.5.0-SNAPSHOT.jar
[INFO] 
[INFO] --- jar:3.4.2:test-jar (default) @ hdds-rocks-native ---
[INFO] Building jar: /home/runner/work/sonar-analysis/sonar-analysis/project/hadoop-hdds/rocks-native/target/hdds-rocks-native-1.5.0-SNAPSHOT-tests.jar
[INFO] 
[INFO] --- install:3.1.3:install (default-install) @ hdds-rocks-native ---
[INFO] Installing /home/runner/work/sonar-analysis/sonar-analysis/project/hadoop-hdds/rocks-native/pom.xml to /home/runner/.m2/repository/org/apache/ozone/hdds-rocks-native/1.5.0-SNAPSHOT/hdds-rocks-native-1.5.0-SNAPSHOT.pom
[INFO] Installing /home/runner/work/sonar-analysis/sonar-analysis/project/hadoop-hdds/rocks-native/target/hdds-rocks-native-1.5.0-SNAPSHOT.jar to /home/runner/.m2/repository/org/apache/ozone/hdds-rocks-native/1.5.0-SNAPSHOT/hdds-rocks-native-1.5.0-SNAPSHOT.jar
[INFO] Installing /home/runner/work/sonar-analysis/sonar-analysis/project/hadoop-hdds/rocks-native/target/hdds-rocks-native-1.5.0-SNAPSHOT-tests.jar to /home/runner/.m2/repository/org/apache/ozone/hdds-rocks-native/1.5.0-SNAPSHOT/hdds-rocks-native-1.5.0-SNAPSHOT-tests.jar
[INFO] 
[INFO] -------------< org.apache.ozone:rocksdb-checkpoint-differ >-------------
[INFO] Building RocksDB Checkpoint Differ 1.5.0-SNAPSHOT                [20/51]
[INFO]   from hadoop-hdds/rocksdb-checkpoint-differ/pom.xml
[INFO] --------------------------------[ jar ]---------------------------------
[INFO] 
[INFO] --- clean:3.4.0:clean (default-clean) @ rocksdb-checkpoint-differ ---
[INFO] Deleting /home/runner/work/sonar-analysis/sonar-analysis/project/hadoop-hdds/rocksdb-checkpoint-differ/target
[INFO] Deleting /home/runner/work/sonar-analysis/sonar-analysis/project/hadoop-hdds/rocksdb-checkpoint-differ (includes = [dependency-reduced-pom.xml], excludes = [])
[INFO] 
[INFO] --- antrun:3.1.0:run (create-testdirs) @ rocksdb-checkpoint-differ ---
[INFO] Executing tasks
[INFO]     [mkdir] Created dir: /home/runner/work/sonar-analysis/sonar-analysis/project/hadoop-hdds/rocksdb-checkpoint-differ/target/test-dir
[INFO] Executed tasks
[INFO] 
[INFO] --- jacoco:0.8.12:prepare-agent (default-prepare-agent) @ rocksdb-checkpoint-differ ---
[INFO] argLine set to -javaagent:/home/runner/.m2/repository/org/jacoco/org.jacoco.agent/0.8.12/org.jacoco.agent-0.8.12-runtime.jar=destfile=/home/runner/work/sonar-analysis/sonar-analysis/project/hadoop-hdds/rocksdb-checkpoint-differ/target/jacoco.exec,includes=org.apache.hadoop.hdds.*:org.apache.hadoop.ozone.*:org.apache.hadoop.fs.ozone.*:org.apache.ozone.*:org.hadoop.ozone.*
[INFO] 
[INFO] --- enforcer:3.5.0:enforce (banned-rocksdb-imports) @ rocksdb-checkpoint-differ ---
[INFO] Skipping Rule Enforcement.
[INFO] 
[INFO] --- enforcer:3.5.0:enforce (ban-imports) @ rocksdb-checkpoint-differ ---
[INFO] Skipping Rule Enforcement.
[INFO] 
[INFO] --- enforcer:3.5.0:enforce (ban-annotations) @ rocksdb-checkpoint-differ ---
[INFO] Skipping Rule Enforcement.
[INFO] 
[INFO] --- remote-resources:1.7.0:process (default) @ rocksdb-checkpoint-differ ---
[INFO] Preparing remote bundle org.apache.ozone:ozone-dev-support:1.5.0-SNAPSHOT
[INFO] Copying 2 resources from 1 bundle.
[INFO] 
[INFO] --- resources:3.1.0:resources (default-resources) @ rocksdb-checkpoint-differ ---
[INFO] Using 'UTF-8' encoding to copy filtered resources.
[INFO] skip non existing resourceDirectory /home/runner/work/sonar-analysis/sonar-analysis/project/hadoop-hdds/rocksdb-checkpoint-differ/src/main/resources
[INFO] Copying 2 resources
[INFO] 
[INFO] --- compiler:3.9.0:compile (default-compile) @ rocksdb-checkpoint-differ ---
[INFO] Compiling 14 source files to /home/runner/work/sonar-analysis/sonar-analysis/project/hadoop-hdds/rocksdb-checkpoint-differ/target/classes
[INFO] 
[INFO] --- resources:3.1.0:testResources (default-testResources) @ rocksdb-checkpoint-differ ---
[INFO] Using 'UTF-8' encoding to copy filtered resources.
[INFO] Copying 1 resource
[INFO] Copying 2 resources
[INFO] 
[INFO] --- compiler:3.9.0:testCompile (default-testCompile) @ rocksdb-checkpoint-differ ---
[INFO] Compiling 6 source files to /home/runner/work/sonar-analysis/sonar-analysis/project/hadoop-hdds/rocksdb-checkpoint-differ/target/test-classes
[INFO] 
[INFO] --- surefire:3.0.0-M4:test (default-test) @ rocksdb-checkpoint-differ ---
[INFO] Tests are skipped.
[INFO] Skipped
[INFO] 
[INFO] --- dependency:3.7.1:build-classpath (add-classpath-descriptor) @ rocksdb-checkpoint-differ ---
[INFO] Wrote classpath file '/home/runner/work/sonar-analysis/sonar-analysis/project/hadoop-hdds/rocksdb-checkpoint-differ/target/classes/rocksdb-checkpoint-differ.classpath'.
[INFO] 
[INFO] --- jar:3.4.2:jar (default-jar) @ rocksdb-checkpoint-differ ---
[INFO] Building jar: /home/runner/work/sonar-analysis/sonar-analysis/project/hadoop-hdds/rocksdb-checkpoint-differ/target/rocksdb-checkpoint-differ-1.5.0-SNAPSHOT.jar
[INFO] 
[INFO] --- jar:3.4.2:test-jar (default) @ rocksdb-checkpoint-differ ---
[INFO] Building jar: /home/runner/work/sonar-analysis/sonar-analysis/project/hadoop-hdds/rocksdb-checkpoint-differ/target/rocksdb-checkpoint-differ-1.5.0-SNAPSHOT-tests.jar
[INFO] 
[INFO] --- install:3.1.3:install (default-install) @ rocksdb-checkpoint-differ ---
[INFO] Installing /home/runner/work/sonar-analysis/sonar-analysis/project/hadoop-hdds/rocksdb-checkpoint-differ/pom.xml to /home/runner/.m2/repository/org/apache/ozone/rocksdb-checkpoint-differ/1.5.0-SNAPSHOT/rocksdb-checkpoint-differ-1.5.0-SNAPSHOT.pom
[INFO] Installing /home/runner/work/sonar-analysis/sonar-analysis/project/hadoop-hdds/rocksdb-checkpoint-differ/target/rocksdb-checkpoint-differ-1.5.0-SNAPSHOT.jar to /home/runner/.m2/repository/org/apache/ozone/rocksdb-checkpoint-differ/1.5.0-SNAPSHOT/rocksdb-checkpoint-differ-1.5.0-SNAPSHOT.jar
[INFO] Installing /home/runner/work/sonar-analysis/sonar-analysis/project/hadoop-hdds/rocksdb-checkpoint-differ/target/rocksdb-checkpoint-differ-1.5.0-SNAPSHOT-tests.jar to /home/runner/.m2/repository/org/apache/ozone/rocksdb-checkpoint-differ/1.5.0-SNAPSHOT/rocksdb-checkpoint-differ-1.5.0-SNAPSHOT-tests.jar
[INFO] 
[INFO] ---------------< org.apache.ozone:hdds-server-framework >---------------
[INFO] Building Apache Ozone HDDS Server Framework 1.5.0-SNAPSHOT       [21/51]
[INFO]   from hadoop-hdds/framework/pom.xml
[INFO] --------------------------------[ jar ]---------------------------------
[INFO] 
[INFO] --- clean:3.4.0:clean (default-clean) @ hdds-server-framework ---
[INFO] Deleting /home/runner/work/sonar-analysis/sonar-analysis/project/hadoop-hdds/framework/target
[INFO] Deleting /home/runner/work/sonar-analysis/sonar-analysis/project/hadoop-hdds/framework (includes = [dependency-reduced-pom.xml], excludes = [])
[INFO] 
[INFO] --- antrun:3.1.0:run (create-testdirs) @ hdds-server-framework ---
[INFO] Executing tasks
[INFO]     [mkdir] Created dir: /home/runner/work/sonar-analysis/sonar-analysis/project/hadoop-hdds/framework/target/test-dir
[INFO] Executed tasks
[INFO] 
[INFO] --- jacoco:0.8.12:prepare-agent (default-prepare-agent) @ hdds-server-framework ---
[INFO] argLine set to -javaagent:/home/runner/.m2/repository/org/jacoco/org.jacoco.agent/0.8.12/org.jacoco.agent-0.8.12-runtime.jar=destfile=/home/runner/work/sonar-analysis/sonar-analysis/project/hadoop-hdds/framework/target/jacoco.exec,includes=org.apache.hadoop.hdds.*:org.apache.hadoop.ozone.*:org.apache.hadoop.fs.ozone.*:org.apache.ozone.*:org.hadoop.ozone.*
[INFO] 
[INFO] --- enforcer:3.5.0:enforce (banned-rocksdb-imports) @ hdds-server-framework ---
[INFO] Skipping Rule Enforcement.
[INFO] 
[INFO] --- enforcer:3.5.0:enforce (ban-imports) @ hdds-server-framework ---
[INFO] Skipping Rule Enforcement.
[INFO] 
[INFO] --- enforcer:3.5.0:enforce (ban-annotations) @ hdds-server-framework ---
[INFO] Skipping Rule Enforcement.
[INFO] 
[INFO] --- remote-resources:1.7.0:process (default) @ hdds-server-framework ---
[INFO] Preparing remote bundle org.apache.ozone:ozone-dev-support:1.5.0-SNAPSHOT
[INFO] Copying 2 resources from 1 bundle.
[INFO] 
[INFO] --- resources:3.1.0:resources (default-resources) @ hdds-server-framework ---
[INFO] Using 'UTF-8' encoding to copy filtered resources.
[INFO] Copying 35 resources
[INFO] Copying 2 resources
[INFO] 
[INFO] --- compiler:3.9.0:compile (default-compile) @ hdds-server-framework ---
[INFO] Compiling 223 source files to /home/runner/work/sonar-analysis/sonar-analysis/project/hadoop-hdds/framework/target/classes
[INFO] /home/runner/work/sonar-analysis/sonar-analysis/project/hadoop-hdds/framework/src/main/java/org/apache/hadoop/hdds/scm/proxy/SCMSecurityProtocolFailoverProxyProvider.java: Some input files use or override a deprecated API.
[INFO] /home/runner/work/sonar-analysis/sonar-analysis/project/hadoop-hdds/framework/src/main/java/org/apache/hadoop/hdds/scm/proxy/SCMSecurityProtocolFailoverProxyProvider.java: Recompile with -Xlint:deprecation for details.
[INFO] /home/runner/work/sonar-analysis/sonar-analysis/project/hadoop-hdds/framework/src/main/java/org/apache/hadoop/hdds/utils/db/CodecRegistry.java: Some input files use unchecked or unsafe operations.
[INFO] /home/runner/work/sonar-analysis/sonar-analysis/project/hadoop-hdds/framework/src/main/java/org/apache/hadoop/hdds/utils/db/CodecRegistry.java: Recompile with -Xlint:unchecked for details.
[INFO] 
[INFO] --- resources:3.1.0:testResources (default-testResources) @ hdds-server-framework ---
[INFO] Using 'UTF-8' encoding to copy filtered resources.
[INFO] Copying 5 resources
[INFO] Copying 2 resources
[INFO] 
[INFO] --- compiler:3.9.0:testCompile (default-testCompile) @ hdds-server-framework ---
[INFO] Compiling 75 source files to /home/runner/work/sonar-analysis/sonar-analysis/project/hadoop-hdds/framework/target/test-classes
[INFO] /home/runner/work/sonar-analysis/sonar-analysis/project/hadoop-hdds/framework/src/test/java/org/apache/hadoop/hdds/server/http/TestHttpServer2Metrics.java: Some input files use or override a deprecated API.
[INFO] /home/runner/work/sonar-analysis/sonar-analysis/project/hadoop-hdds/framework/src/test/java/org/apache/hadoop/hdds/server/http/TestHttpServer2Metrics.java: Recompile with -Xlint:deprecation for details.
[INFO] /home/runner/work/sonar-analysis/sonar-analysis/project/hadoop-hdds/framework/src/test/java/org/apache/hadoop/hdds/utils/db/TestRDBStore.java: Some input files use unchecked or unsafe operations.
[INFO] /home/runner/work/sonar-analysis/sonar-analysis/project/hadoop-hdds/framework/src/test/java/org/apache/hadoop/hdds/utils/db/TestRDBStore.java: Recompile with -Xlint:unchecked for details.
[INFO] 
[INFO] --- surefire:3.0.0-M4:test (default-test) @ hdds-server-framework ---
[INFO] Tests are skipped.
[INFO] Skipped
[INFO] 
[INFO] --- dependency:3.7.1:build-classpath (add-classpath-descriptor) @ hdds-server-framework ---
[INFO] Wrote classpath file '/home/runner/work/sonar-analysis/sonar-analysis/project/hadoop-hdds/framework/target/classes/hdds-server-framework.classpath'.
[INFO] 
[INFO] --- jar:3.4.2:jar (default-jar) @ hdds-server-framework ---
[INFO] Building jar: /home/runner/work/sonar-analysis/sonar-analysis/project/hadoop-hdds/framework/target/hdds-server-framework-1.5.0-SNAPSHOT.jar
[INFO] 
[INFO] --- jar:3.4.2:test-jar (default) @ hdds-server-framework ---
[INFO] Building jar: /home/runner/work/sonar-analysis/sonar-analysis/project/hadoop-hdds/framework/target/hdds-server-framework-1.5.0-SNAPSHOT-tests.jar
[INFO] 
[INFO] --- install:3.1.3:install (default-install) @ hdds-server-framework ---
[INFO] Installing /home/runner/work/sonar-analysis/sonar-analysis/project/hadoop-hdds/framework/pom.xml to /home/runner/.m2/repository/org/apache/ozone/hdds-server-framework/1.5.0-SNAPSHOT/hdds-server-framework-1.5.0-SNAPSHOT.pom
[INFO] Installing /home/runner/work/sonar-analysis/sonar-analysis/project/hadoop-hdds/framework/target/hdds-server-framework-1.5.0-SNAPSHOT.jar to /home/runner/.m2/repository/org/apache/ozone/hdds-server-framework/1.5.0-SNAPSHOT/hdds-server-framework-1.5.0-SNAPSHOT.jar
[INFO] Installing /home/runner/work/sonar-analysis/sonar-analysis/project/hadoop-hdds/framework/target/hdds-server-framework-1.5.0-SNAPSHOT-tests.jar to /home/runner/.m2/repository/org/apache/ozone/hdds-server-framework/1.5.0-SNAPSHOT/hdds-server-framework-1.5.0-SNAPSHOT-tests.jar
[INFO] 
[INFO] ---------------------< org.apache.ozone:hdds-docs >---------------------
[INFO] Building Apache Ozone/HDDS Documentation 1.5.0-SNAPSHOT          [22/51]
[INFO]   from hadoop-hdds/docs/pom.xml
[INFO] --------------------------------[ jar ]---------------------------------
[INFO] 
[INFO] --- clean:3.4.0:clean (default-clean) @ hdds-docs ---
[INFO] Deleting /home/runner/work/sonar-analysis/sonar-analysis/project/hadoop-hdds/docs/target
[INFO] Deleting /home/runner/work/sonar-analysis/sonar-analysis/project/hadoop-hdds/docs (includes = [dependency-reduced-pom.xml], excludes = [])
[INFO] 
[INFO] --- antrun:3.1.0:run (create-testdirs) @ hdds-docs ---
[INFO] Executing tasks
[INFO]     [mkdir] Created dir: /home/runner/work/sonar-analysis/sonar-analysis/project/hadoop-hdds/docs/target/test-dir
[INFO] Executed tasks
[INFO] 
[INFO] --- jacoco:0.8.12:prepare-agent (default-prepare-agent) @ hdds-docs ---
[INFO] argLine set to -javaagent:/home/runner/.m2/repository/org/jacoco/org.jacoco.agent/0.8.12/org.jacoco.agent-0.8.12-runtime.jar=destfile=/home/runner/work/sonar-analysis/sonar-analysis/project/hadoop-hdds/docs/target/jacoco.exec,includes=org.apache.hadoop.hdds.*:org.apache.hadoop.ozone.*:org.apache.hadoop.fs.ozone.*:org.apache.ozone.*:org.hadoop.ozone.*
[INFO] 
[INFO] --- enforcer:3.5.0:enforce (banned-rocksdb-imports) @ hdds-docs ---
[INFO] Skipping Rule Enforcement.
[INFO] 
[INFO] --- enforcer:3.5.0:enforce (ban-imports) @ hdds-docs ---
[INFO] Skipping Rule Enforcement.
[INFO] 
[INFO] --- enforcer:3.5.0:enforce (ban-annotations) @ hdds-docs ---
[INFO] Skipping Rule Enforcement.
[INFO] 
[INFO] --- remote-resources:1.7.0:process (default) @ hdds-docs ---
[INFO] Preparing remote bundle org.apache.ozone:ozone-dev-support:1.5.0-SNAPSHOT
[INFO] Copying 2 resources from 1 bundle.
[INFO] 
[INFO] --- resources:3.1.0:resources (default-resources) @ hdds-docs ---
[INFO] Using 'UTF-8' encoding to copy filtered resources.
[INFO] skip non existing resourceDirectory /home/runner/work/sonar-analysis/sonar-analysis/project/hadoop-hdds/docs/src/main/resources
[INFO] Copying 2 resources
[INFO] 
[INFO] --- compiler:3.9.0:compile (default-compile) @ hdds-docs ---
[INFO] No sources to compile
[INFO] 
[INFO] --- exec:3.4.1:exec (default) @ hdds-docs ---
May 10, 2026 8:26:59 PM com.gradle.maven.extension.internal.dep.org.apache.http.impl.execchain.RetryExec execute
INFO: I/O exception (java.net.SocketException) caught when processing request to {s}->https://ge.apache.org:443: Connection reset
May 10, 2026 8:26:59 PM com.gradle.maven.extension.internal.dep.org.apache.http.impl.execchain.RetryExec execute
INFO: Retrying request to {s}->https://ge.apache.org:443
May 10, 2026 8:26:59 PM com.gradle.maven.extension.internal.dep.org.apache.http.impl.execchain.RetryExec execute
INFO: I/O exception (java.net.SocketException) caught when processing request to {s}->https://ge.apache.org:443: Connection reset
May 10, 2026 8:26:59 PM com.gradle.maven.extension.internal.dep.org.apache.http.impl.execchain.RetryExec execute
INFO: Retrying request to {s}->https://ge.apache.org:443
May 10, 2026 8:26:59 PM com.gradle.maven.extension.internal.dep.org.apache.http.impl.execchain.RetryExec execute
INFO: I/O exception (java.net.SocketException) caught when processing request to {s}->https://ge.apache.org:443: Connection reset
May 10, 2026 8:26:59 PM com.gradle.maven.extension.internal.dep.org.apache.http.impl.execchain.RetryExec execute
INFO: Retrying request to {s}->https://ge.apache.org:443
Start building sites … 

                   | EN  | ZH  
-------------------+-----+-----
  Pages            | 105 | 61  
  Paginator pages  |   0 |  0  
  Non-page files   |  33 | 33  
  Static files     |  32 | 32  
  Processed images |   0 |  0  
  Aliases          |   1 |  0  
  Sitemaps         |   2 |  1  
  Cleaned          |   0 |  0  

Total in 892 ms
/home/runner/work/sonar-analysis/sonar-analysis/project
[INFO] 
[INFO] --- resources:3.1.0:testResources (default-testResources) @ hdds-docs ---
[INFO] Not copying test resources
[INFO] 
[INFO] --- compiler:3.9.0:testCompile (default-testCompile) @ hdds-docs ---
[INFO] Skipped
[INFO] 
[INFO] --- surefire:3.0.0-M4:test (default-test) @ hdds-docs ---
[INFO] Tests are skipped.
[INFO] Skipped
[INFO] 
[INFO] --- jar:3.4.2:jar (default-jar) @ hdds-docs ---
[INFO] Building jar: /home/runner/work/sonar-analysis/sonar-analysis/project/hadoop-hdds/docs/target/hdds-docs-1.5.0-SNAPSHOT.jar
[INFO] 
[INFO] --- jar:3.4.2:test-jar (default) @ hdds-docs ---
[INFO] Skipping packaging of the test-jar
[INFO] 
[INFO] --- install:3.1.3:install (default-install) @ hdds-docs ---
[INFO] Installing /home/runner/work/sonar-analysis/sonar-analysis/project/hadoop-hdds/docs/pom.xml to /home/runner/.m2/repository/org/apache/ozone/hdds-docs/1.5.0-SNAPSHOT/hdds-docs-1.5.0-SNAPSHOT.pom
[INFO] Installing /home/runner/work/sonar-analysis/sonar-analysis/project/hadoop-hdds/docs/target/hdds-docs-1.5.0-SNAPSHOT.jar to /home/runner/.m2/repository/org/apache/ozone/hdds-docs/1.5.0-SNAPSHOT/hdds-docs-1.5.0-SNAPSHOT.jar
[INFO] 
[INFO] --------------< org.apache.ozone:hdds-container-service >---------------
[INFO] Building Apache Ozone HDDS Container Service 1.5.0-SNAPSHOT      [23/51]
[INFO]   from hadoop-hdds/container-service/pom.xml
[INFO] --------------------------------[ jar ]---------------------------------
[INFO] 
[INFO] --- clean:3.4.0:clean (default-clean) @ hdds-container-service ---
[INFO] Deleting /home/runner/work/sonar-analysis/sonar-analysis/project/hadoop-hdds/container-service/target
[INFO] Deleting /home/runner/work/sonar-analysis/sonar-analysis/project/hadoop-hdds/container-service (includes = [dependency-reduced-pom.xml], excludes = [])
[INFO] 
[INFO] --- antrun:3.1.0:run (create-testdirs) @ hdds-container-service ---
[INFO] Executing tasks
[INFO]     [mkdir] Created dir: /home/runner/work/sonar-analysis/sonar-analysis/project/hadoop-hdds/container-service/target/test-dir
[INFO] Executed tasks
[INFO] 
[INFO] --- jacoco:0.8.12:prepare-agent (default-prepare-agent) @ hdds-container-service ---
[INFO] argLine set to -javaagent:/home/runner/.m2/repository/org/jacoco/org.jacoco.agent/0.8.12/org.jacoco.agent-0.8.12-runtime.jar=destfile=/home/runner/work/sonar-analysis/sonar-analysis/project/hadoop-hdds/container-service/target/jacoco.exec,includes=org.apache.hadoop.hdds.*:org.apache.hadoop.ozone.*:org.apache.hadoop.fs.ozone.*:org.apache.ozone.*:org.hadoop.ozone.*
[INFO] 
[INFO] --- enforcer:3.5.0:enforce (banned-rocksdb-imports) @ hdds-container-service ---
[INFO] Skipping Rule Enforcement.
[INFO] 
[INFO] --- enforcer:3.5.0:enforce (ban-imports) @ hdds-container-service ---
[INFO] Skipping Rule Enforcement.
[INFO] 
[INFO] --- enforcer:3.5.0:enforce (ban-annotations) @ hdds-container-service ---
[INFO] Skipping Rule Enforcement.
[INFO] 
[INFO] --- remote-resources:1.7.0:process (default) @ hdds-container-service ---
[INFO] Preparing remote bundle org.apache.ozone:ozone-dev-support:1.5.0-SNAPSHOT
[INFO] Copying 2 resources from 1 bundle.
[INFO] 
[INFO] --- resources:3.1.0:resources (default-resources) @ hdds-container-service ---
[INFO] Using 'UTF-8' encoding to copy filtered resources.
[INFO] Copying 5 resources
[INFO] Copying 2 resources
[INFO] 
[INFO] --- compiler:3.9.0:compile (default-compile) @ hdds-container-service ---
[INFO] Compiling 272 source files to /home/runner/work/sonar-analysis/sonar-analysis/project/hadoop-hdds/container-service/target/classes
[INFO] /home/runner/work/sonar-analysis/sonar-analysis/project/hadoop-hdds/container-service/src/main/java/org/apache/hadoop/ozone/container/common/statemachine/SCMConnectionManager.java: Some input files use or override a deprecated API.
[INFO] /home/runner/work/sonar-analysis/sonar-analysis/project/hadoop-hdds/container-service/src/main/java/org/apache/hadoop/ozone/container/common/statemachine/SCMConnectionManager.java: Recompile with -Xlint:deprecation for details.
[INFO] /home/runner/work/sonar-analysis/sonar-analysis/project/hadoop-hdds/container-service/src/main/java/org/apache/hadoop/ozone/container/ec/reconstruction/ECContainerOperationClient.java: Some input files use unchecked or unsafe operations.
[INFO] /home/runner/work/sonar-analysis/sonar-analysis/project/hadoop-hdds/container-service/src/main/java/org/apache/hadoop/ozone/container/ec/reconstruction/ECContainerOperationClient.java: Recompile with -Xlint:unchecked for details.
[INFO] 
[INFO] --- resources:3.1.0:testResources (default-testResources) @ hdds-container-service ---
[INFO] Using 'UTF-8' encoding to copy filtered resources.
[INFO] Copying 16 resources
[INFO] Copying 2 resources
[INFO] 
[INFO] --- compiler:3.9.0:testCompile (default-testCompile) @ hdds-container-service ---
[INFO] Compiling 113 source files to /home/runner/work/sonar-analysis/sonar-analysis/project/hadoop-hdds/container-service/target/test-classes
[INFO] /home/runner/work/sonar-analysis/sonar-analysis/project/hadoop-hdds/container-service/src/test/java/org/apache/hadoop/ozone/container/common/ContainerTestUtils.java: Some input files use or override a deprecated API.
[INFO] /home/runner/work/sonar-analysis/sonar-analysis/project/hadoop-hdds/container-service/src/test/java/org/apache/hadoop/ozone/container/common/ContainerTestUtils.java: Recompile with -Xlint:deprecation for details.
[INFO] /home/runner/work/sonar-analysis/sonar-analysis/project/hadoop-hdds/container-service/src/test/java/org/apache/hadoop/ozone/container/replication/TestGrpcContainerUploader.java: Some input files use unchecked or unsafe operations.
[INFO] /home/runner/work/sonar-analysis/sonar-analysis/project/hadoop-hdds/container-service/src/test/java/org/apache/hadoop/ozone/container/replication/TestGrpcContainerUploader.java: Recompile with -Xlint:unchecked for details.
[INFO] 
[INFO] --- surefire:3.0.0-M4:test (default-test) @ hdds-container-service ---
[INFO] Tests are skipped.
[INFO] Skipped
[INFO] 
[INFO] --- dependency:3.7.1:build-classpath (add-classpath-descriptor) @ hdds-container-service ---
[INFO] Wrote classpath file '/home/runner/work/sonar-analysis/sonar-analysis/project/hadoop-hdds/container-service/target/classes/hdds-container-service.classpath'.
[INFO] 
[INFO] --- dependency:3.7.1:unpack (copy-common-html) @ hdds-container-service ---
[INFO] Configured Artifact: org.apache.ozone:hdds-server-framework:?:jar
[INFO] Configured Artifact: org.apache.ozone:hdds-docs:?:jar
[INFO] 
[INFO] --- jar:3.4.2:jar (default-jar) @ hdds-container-service ---
[INFO] Building jar: /home/runner/work/sonar-analysis/sonar-analysis/project/hadoop-hdds/container-service/target/hdds-container-service-1.5.0-SNAPSHOT.jar
[INFO] 
[INFO] --- jar:3.4.2:test-jar (default) @ hdds-container-service ---
[INFO] Building jar: /home/runner/work/sonar-analysis/sonar-analysis/project/hadoop-hdds/container-service/target/hdds-container-service-1.5.0-SNAPSHOT-tests.jar
[INFO] 
[INFO] --- install:3.1.3:install (default-install) @ hdds-container-service ---
[INFO] Installing /home/runner/work/sonar-analysis/sonar-analysis/project/hadoop-hdds/container-service/pom.xml to /home/runner/.m2/repository/org/apache/ozone/hdds-container-service/1.5.0-SNAPSHOT/hdds-container-service-1.5.0-SNAPSHOT.pom
[INFO] Installing /home/runner/work/sonar-analysis/sonar-analysis/project/hadoop-hdds/container-service/target/hdds-container-service-1.5.0-SNAPSHOT.jar to /home/runner/.m2/repository/org/apache/ozone/hdds-container-service/1.5.0-SNAPSHOT/hdds-container-service-1.5.0-SNAPSHOT.jar
[INFO] Installing /home/runner/work/sonar-analysis/sonar-analysis/project/hadoop-hdds/container-service/target/hdds-container-service-1.5.0-SNAPSHOT-tests.jar to /home/runner/.m2/repository/org/apache/ozone/hdds-container-service/1.5.0-SNAPSHOT/hdds-container-service-1.5.0-SNAPSHOT-tests.jar
[INFO] 
[INFO] ------------------< org.apache.ozone:hdds-server-scm >------------------
[INFO] Building Apache Ozone HDDS SCM Server 1.5.0-SNAPSHOT             [24/51]
[INFO]   from hadoop-hdds/server-scm/pom.xml
[INFO] --------------------------------[ jar ]---------------------------------
[INFO] 
[INFO] --- clean:3.4.0:clean (default-clean) @ hdds-server-scm ---
[INFO] Deleting /home/runner/work/sonar-analysis/sonar-analysis/project/hadoop-hdds/server-scm/target
[INFO] Deleting /home/runner/work/sonar-analysis/sonar-analysis/project/hadoop-hdds/server-scm (includes = [dependency-reduced-pom.xml], excludes = [])
[INFO] 
[INFO] --- antrun:3.1.0:run (create-testdirs) @ hdds-server-scm ---
[INFO] Executing tasks
[INFO]     [mkdir] Created dir: /home/runner/work/sonar-analysis/sonar-analysis/project/hadoop-hdds/server-scm/target/test-dir
[INFO] Executed tasks
[INFO] 
[INFO] --- jacoco:0.8.12:prepare-agent (default-prepare-agent) @ hdds-server-scm ---
[INFO] argLine set to -javaagent:/home/runner/.m2/repository/org/jacoco/org.jacoco.agent/0.8.12/org.jacoco.agent-0.8.12-runtime.jar=destfile=/home/runner/work/sonar-analysis/sonar-analysis/project/hadoop-hdds/server-scm/target/jacoco.exec,includes=org.apache.hadoop.hdds.*:org.apache.hadoop.ozone.*:org.apache.hadoop.fs.ozone.*:org.apache.ozone.*:org.hadoop.ozone.*
[INFO] 
[INFO] --- enforcer:3.5.0:enforce (banned-rocksdb-imports) @ hdds-server-scm ---
[INFO] Skipping Rule Enforcement.
[INFO] 
[INFO] --- enforcer:3.5.0:enforce (ban-imports) @ hdds-server-scm ---
[INFO] Skipping Rule Enforcement.
[INFO] 
[INFO] --- enforcer:3.5.0:enforce (ban-annotations) @ hdds-server-scm ---
[INFO] Skipping Rule Enforcement.
[INFO] 
[INFO] --- remote-resources:1.7.0:process (default) @ hdds-server-scm ---
[INFO] Preparing remote bundle org.apache.ozone:ozone-dev-support:1.5.0-SNAPSHOT
[INFO] Copying 2 resources from 1 bundle.
[INFO] 
[INFO] --- resources:3.1.0:resources (default-resources) @ hdds-server-scm ---
[INFO] Using 'UTF-8' encoding to copy filtered resources.
[INFO] Copying 4 resources
[INFO] Copying 2 resources
[INFO] 
[INFO] --- compiler:3.9.0:compile (default-compile) @ hdds-server-scm ---
[INFO] Compiling 307 source files to /home/runner/work/sonar-analysis/sonar-analysis/project/hadoop-hdds/server-scm/target/classes
[INFO] /home/runner/work/sonar-analysis/sonar-analysis/project/hadoop-hdds/server-scm/src/main/java/org/apache/hadoop/hdds/scm/server/StorageContainerManager.java: Some input files use or override a deprecated API.
[INFO] /home/runner/work/sonar-analysis/sonar-analysis/project/hadoop-hdds/server-scm/src/main/java/org/apache/hadoop/hdds/scm/server/StorageContainerManager.java: Recompile with -Xlint:deprecation for details.
[INFO] /home/runner/work/sonar-analysis/sonar-analysis/project/hadoop-hdds/server-scm/src/main/java/org/apache/hadoop/hdds/scm/server/SCMDatanodeHeartbeatDispatcher.java: Some input files use unchecked or unsafe operations.
[INFO] /home/runner/work/sonar-analysis/sonar-analysis/project/hadoop-hdds/server-scm/src/main/java/org/apache/hadoop/hdds/scm/server/SCMDatanodeHeartbeatDispatcher.java: Recompile with -Xlint:unchecked for details.
[INFO] 
[INFO] --- resources:3.1.0:testResources (default-testResources) @ hdds-server-scm ---
[INFO] Using 'UTF-8' encoding to copy filtered resources.
[INFO] skip non existing resourceDirectory /home/runner/work/sonar-analysis/sonar-analysis/project/hadoop-hdds/server-scm/../../hdds/common/src/main/resources
[INFO] Copying 6 resources
[INFO] Copying 2 resources
[INFO] 
[INFO] --- compiler:3.9.0:testCompile (default-testCompile) @ hdds-server-scm ---
[INFO] Compiling 160 source files to /home/runner/work/sonar-analysis/sonar-analysis/project/hadoop-hdds/server-scm/target/test-classes
[INFO] /home/runner/work/sonar-analysis/sonar-analysis/project/hadoop-hdds/server-scm/src/test/java/org/apache/hadoop/hdds/scm/block/TestDeletedBlockLog.java: Some input files use or override a deprecated API.
[INFO] /home/runner/work/sonar-analysis/sonar-analysis/project/hadoop-hdds/server-scm/src/test/java/org/apache/hadoop/hdds/scm/block/TestDeletedBlockLog.java: Recompile with -Xlint:deprecation for details.
[INFO] /home/runner/work/sonar-analysis/sonar-analysis/project/hadoop-hdds/server-scm/src/test/java/org/apache/hadoop/hdds/scm/block/TestDeletedBlockLog.java: Some input files use unchecked or unsafe operations.
[INFO] /home/runner/work/sonar-analysis/sonar-analysis/project/hadoop-hdds/server-scm/src/test/java/org/apache/hadoop/hdds/scm/block/TestDeletedBlockLog.java: Recompile with -Xlint:unchecked for details.
[INFO] 
[INFO] --- surefire:3.0.0-M4:test (default-test) @ hdds-server-scm ---
[INFO] Tests are skipped.
[INFO] Skipped
[INFO] 
[INFO] --- dependency:3.7.1:build-classpath (add-classpath-descriptor) @ hdds-server-scm ---
[INFO] Wrote classpath file '/home/runner/work/sonar-analysis/sonar-analysis/project/hadoop-hdds/server-scm/target/classes/hdds-server-scm.classpath'.
[INFO] 
[INFO] --- dependency:3.7.1:unpack (copy-common-html) @ hdds-server-scm ---
[INFO] Configured Artifact: org.apache.ozone:hdds-server-framework:?:jar
[INFO] Configured Artifact: org.apache.ozone:hdds-docs:?:jar
[INFO] 
[INFO] --- jar:3.4.2:jar (default-jar) @ hdds-server-scm ---
[INFO] Building jar: /home/runner/work/sonar-analysis/sonar-analysis/project/hadoop-hdds/server-scm/target/hdds-server-scm-1.5.0-SNAPSHOT.jar
[INFO] 
[INFO] --- jar:3.4.2:test-jar (default) @ hdds-server-scm ---
[INFO] Building jar: /home/runner/work/sonar-analysis/sonar-analysis/project/hadoop-hdds/server-scm/target/hdds-server-scm-1.5.0-SNAPSHOT-tests.jar
[INFO] 
[INFO] --- install:3.1.3:install (default-install) @ hdds-server-scm ---
[INFO] Installing /home/runner/work/sonar-analysis/sonar-analysis/project/hadoop-hdds/server-scm/pom.xml to /home/runner/.m2/repository/org/apache/ozone/hdds-server-scm/1.5.0-SNAPSHOT/hdds-server-scm-1.5.0-SNAPSHOT.pom
[INFO] Installing /home/runner/work/sonar-analysis/sonar-analysis/project/hadoop-hdds/server-scm/target/hdds-server-scm-1.5.0-SNAPSHOT.jar to /home/runner/.m2/repository/org/apache/ozone/hdds-server-scm/1.5.0-SNAPSHOT/hdds-server-scm-1.5.0-SNAPSHOT.jar
[INFO] Installing /home/runner/work/sonar-analysis/sonar-analysis/project/hadoop-hdds/server-scm/target/hdds-server-scm-1.5.0-SNAPSHOT-tests.jar to /home/runner/.m2/repository/org/apache/ozone/hdds-server-scm/1.5.0-SNAPSHOT/hdds-server-scm-1.5.0-SNAPSHOT-tests.jar
[INFO] 
[INFO] --------------------< org.apache.ozone:hdds-tools >---------------------
[INFO] Building Apache Ozone HDDS Tools 1.5.0-SNAPSHOT                  [25/51]
[INFO]   from hadoop-hdds/tools/pom.xml
[INFO] --------------------------------[ jar ]---------------------------------
[INFO] 
[INFO] --- clean:3.4.0:clean (default-clean) @ hdds-tools ---
[INFO] Deleting /home/runner/work/sonar-analysis/sonar-analysis/project/hadoop-hdds/tools/target
[INFO] Deleting /home/runner/work/sonar-analysis/sonar-analysis/project/hadoop-hdds/tools (includes = [dependency-reduced-pom.xml], excludes = [])
[INFO] 
[INFO] --- antrun:3.1.0:run (create-testdirs) @ hdds-tools ---
[INFO] Executing tasks
[INFO]     [mkdir] Created dir: /home/runner/work/sonar-analysis/sonar-analysis/project/hadoop-hdds/tools/target/test-dir
[INFO] Executed tasks
[INFO] 
[INFO] --- jacoco:0.8.12:prepare-agent (default-prepare-agent) @ hdds-tools ---
[INFO] argLine set to -javaagent:/home/runner/.m2/repository/org/jacoco/org.jacoco.agent/0.8.12/org.jacoco.agent-0.8.12-runtime.jar=destfile=/home/runner/work/sonar-analysis/sonar-analysis/project/hadoop-hdds/tools/target/jacoco.exec,includes=org.apache.hadoop.hdds.*:org.apache.hadoop.ozone.*:org.apache.hadoop.fs.ozone.*:org.apache.ozone.*:org.hadoop.ozone.*
[INFO] 
[INFO] --- enforcer:3.5.0:enforce (banned-rocksdb-imports) @ hdds-tools ---
[INFO] Skipping Rule Enforcement.
[INFO] 
[INFO] --- enforcer:3.5.0:enforce (ban-imports) @ hdds-tools ---
[INFO] Skipping Rule Enforcement.
[INFO] 
[INFO] --- enforcer:3.5.0:enforce (ban-annotations) @ hdds-tools ---
[INFO] Skipping Rule Enforcement.
[INFO] 
[INFO] --- remote-resources:1.7.0:process (default) @ hdds-tools ---
[INFO] Preparing remote bundle org.apache.ozone:ozone-dev-support:1.5.0-SNAPSHOT
[INFO] Copying 2 resources from 1 bundle.
[INFO] 
[INFO] --- resources:3.1.0:resources (default-resources) @ hdds-tools ---
[INFO] Using 'UTF-8' encoding to copy filtered resources.
[INFO] skip non existing resourceDirectory /home/runner/work/sonar-analysis/sonar-analysis/project/hadoop-hdds/tools/src/main/resources
[INFO] Copying 2 resources
[INFO] 
[INFO] --- compiler:3.9.0:compile (default-compile) @ hdds-tools ---
[INFO] Compiling 55 source files to /home/runner/work/sonar-analysis/sonar-analysis/project/hadoop-hdds/tools/target/classes
[INFO] /home/runner/work/sonar-analysis/sonar-analysis/project/hadoop-hdds/tools/src/main/java/org/apache/hadoop/hdds/scm/cli/container/upgrade/UpgradeTask.java: /home/runner/work/sonar-analysis/sonar-analysis/project/hadoop-hdds/tools/src/main/java/org/apache/hadoop/hdds/scm/cli/container/upgrade/UpgradeTask.java uses unchecked or unsafe operations.
[INFO] /home/runner/work/sonar-analysis/sonar-analysis/project/hadoop-hdds/tools/src/main/java/org/apache/hadoop/hdds/scm/cli/container/upgrade/UpgradeTask.java: Recompile with -Xlint:unchecked for details.
[INFO] 
[INFO] --- resources:3.1.0:testResources (default-testResources) @ hdds-tools ---
[INFO] Using 'UTF-8' encoding to copy filtered resources.
[INFO] skip non existing resourceDirectory /home/runner/work/sonar-analysis/sonar-analysis/project/hadoop-hdds/tools/src/test/resources
[INFO] Copying 2 resources
[INFO] 
[INFO] --- compiler:3.9.0:testCompile (default-testCompile) @ hdds-tools ---
[INFO] Compiling 13 source files to /home/runner/work/sonar-analysis/sonar-analysis/project/hadoop-hdds/tools/target/test-classes
[INFO] 
[INFO] --- surefire:3.0.0-M4:test (default-test) @ hdds-tools ---
[INFO] Tests are skipped.
[INFO] Skipped
[INFO] 
[INFO] --- dependency:3.7.1:build-classpath (add-classpath-descriptor) @ hdds-tools ---
[INFO] Wrote classpath file '/home/runner/work/sonar-analysis/sonar-analysis/project/hadoop-hdds/tools/target/classes/hdds-tools.classpath'.
[INFO] 
[INFO] --- jar:3.4.2:jar (default-jar) @ hdds-tools ---
[INFO] Building jar: /home/runner/work/sonar-analysis/sonar-analysis/project/hadoop-hdds/tools/target/hdds-tools-1.5.0-SNAPSHOT.jar
[INFO] 
[INFO] --- jar:3.4.2:test-jar (default) @ hdds-tools ---
[INFO] Building jar: /home/runner/work/sonar-analysis/sonar-analysis/project/hadoop-hdds/tools/target/hdds-tools-1.5.0-SNAPSHOT-tests.jar
[INFO] 
[INFO] --- install:3.1.3:install (default-install) @ hdds-tools ---
[INFO] Installing /home/runner/work/sonar-analysis/sonar-analysis/project/hadoop-hdds/tools/pom.xml to /home/runner/.m2/repository/org/apache/ozone/hdds-tools/1.5.0-SNAPSHOT/hdds-tools-1.5.0-SNAPSHOT.pom
[INFO] Installing /home/runner/work/sonar-analysis/sonar-analysis/project/hadoop-hdds/tools/target/hdds-tools-1.5.0-SNAPSHOT.jar to /home/runner/.m2/repository/org/apache/ozone/hdds-tools/1.5.0-SNAPSHOT/hdds-tools-1.5.0-SNAPSHOT.jar
[INFO] Installing /home/runner/work/sonar-analysis/sonar-analysis/project/hadoop-hdds/tools/target/hdds-tools-1.5.0-SNAPSHOT-tests.jar to /home/runner/.m2/repository/org/apache/ozone/hdds-tools/1.5.0-SNAPSHOT/hdds-tools-1.5.0-SNAPSHOT-tests.jar
[INFO] 
[INFO] -----------------------< org.apache.ozone:ozone >-----------------------
[INFO] Building Apache Ozone 1.5.0-SNAPSHOT                             [26/51]
[INFO]   from hadoop-ozone/pom.xml
[INFO] --------------------------------[ pom ]---------------------------------
[INFO] 
[INFO] --- clean:3.4.0:clean (default-clean) @ ozone ---
[INFO] Deleting /home/runner/work/sonar-analysis/sonar-analysis/project/hadoop-ozone/target
[INFO] Deleting /home/runner/work/sonar-analysis/sonar-analysis/project/hadoop-ozone (includes = [dependency-reduced-pom.xml], excludes = [])
[INFO] 
[INFO] --- antrun:3.1.0:run (create-testdirs) @ ozone ---
[INFO] Executing tasks
[INFO]     [mkdir] Created dir: /home/runner/work/sonar-analysis/sonar-analysis/project/hadoop-ozone/target/test-dir
[INFO] Executed tasks
[INFO] 
[INFO] --- enforcer:3.5.0:enforce (depcheck) @ ozone ---
[INFO] Skipping Rule Enforcement.
[INFO] 
[INFO] --- jacoco:0.8.12:prepare-agent (default-prepare-agent) @ ozone ---
[INFO] argLine set to -javaagent:/home/runner/.m2/repository/org/jacoco/org.jacoco.agent/0.8.12/org.jacoco.agent-0.8.12-runtime.jar=destfile=/home/runner/work/sonar-analysis/sonar-analysis/project/hadoop-ozone/target/jacoco.exec,includes=org.apache.hadoop.hdds.*:org.apache.hadoop.ozone.*:org.apache.hadoop.fs.ozone.*:org.apache.ozone.*:org.hadoop.ozone.*
[INFO] 
[INFO] --- enforcer:3.5.0:enforce (banned-rocksdb-imports) @ ozone ---
[INFO] Skipping Rule Enforcement.
[INFO] 
[INFO] --- enforcer:3.5.0:enforce (ban-imports) @ ozone ---
[INFO] Skipping Rule Enforcement.
[INFO] 
[INFO] --- enforcer:3.5.0:enforce (ban-annotations) @ ozone ---
[INFO] Skipping Rule Enforcement.
[INFO] 
[INFO] --- remote-resources:1.7.0:process (default) @ ozone ---
[INFO] Preparing remote bundle org.apache.ozone:ozone-dev-support:1.5.0-SNAPSHOT
[INFO] Copying 2 resources from 1 bundle.
[INFO] 
[INFO] --- jar:3.4.2:test-jar (default) @ ozone ---
[WARNING] JAR will be empty - no content was marked for inclusion!
[INFO] Building jar: /home/runner/work/sonar-analysis/sonar-analysis/project/hadoop-ozone/target/ozone-1.5.0-SNAPSHOT-tests.jar
[INFO] 
[INFO] --- install:3.1.3:install (default-install) @ ozone ---
[INFO] Installing /home/runner/work/sonar-analysis/sonar-analysis/project/hadoop-ozone/pom.xml to /home/runner/.m2/repository/org/apache/ozone/ozone/1.5.0-SNAPSHOT/ozone-1.5.0-SNAPSHOT.pom
[INFO] Installing /home/runner/work/sonar-analysis/sonar-analysis/project/hadoop-ozone/target/ozone-1.5.0-SNAPSHOT-tests.jar to /home/runner/.m2/repository/org/apache/ozone/ozone/1.5.0-SNAPSHOT/ozone-1.5.0-SNAPSHOT-tests.jar
[INFO] 
[INFO] --------------< org.apache.ozone:ozone-interface-client >---------------
[INFO] Building Apache Ozone Client Interface 1.5.0-SNAPSHOT            [27/51]
[INFO]   from hadoop-ozone/interface-client/pom.xml
[INFO] --------------------------------[ jar ]---------------------------------
[INFO] 
[INFO] --- clean:3.4.0:clean (default-clean) @ ozone-interface-client ---
[INFO] Deleting /home/runner/work/sonar-analysis/sonar-analysis/project/hadoop-ozone/interface-client/target
[INFO] Deleting /home/runner/work/sonar-analysis/sonar-analysis/project/hadoop-ozone/interface-client (includes = [dependency-reduced-pom.xml], excludes = [])
[INFO] 
[INFO] --- antrun:3.1.0:run (create-testdirs) @ ozone-interface-client ---
[INFO] Executing tasks
[INFO]     [mkdir] Created dir: /home/runner/work/sonar-analysis/sonar-analysis/project/hadoop-ozone/interface-client/target/test-dir
[INFO] Executed tasks
[INFO] 
[INFO] --- enforcer:3.5.0:enforce (depcheck) @ ozone-interface-client ---
[INFO] Skipping Rule Enforcement.
[INFO] 
[INFO] --- jacoco:0.8.12:prepare-agent (default-prepare-agent) @ ozone-interface-client ---
[INFO] argLine set to -javaagent:/home/runner/.m2/repository/org/jacoco/org.jacoco.agent/0.8.12/org.jacoco.agent-0.8.12-runtime.jar=destfile=/home/runner/work/sonar-analysis/sonar-analysis/project/hadoop-ozone/interface-client/target/jacoco.exec,includes=org.apache.hadoop.hdds.*:org.apache.hadoop.ozone.*:org.apache.hadoop.fs.ozone.*:org.apache.ozone.*:org.hadoop.ozone.*
[INFO] 
[INFO] --- protobuf:0.6.1:compile (compile-protoc-OmGrpc) @ ozone-interface-client ---
[INFO] Compiling 4 proto file(s) to /home/runner/work/sonar-analysis/sonar-analysis/project/hadoop-ozone/interface-client/target/generated-sources/protobuf/java
[INFO] 
[INFO] --- protobuf:0.6.1:compile-custom (compile-protoc-OmGrpc) @ ozone-interface-client ---
[INFO] Compiling 4 proto file(s) to /home/runner/work/sonar-analysis/sonar-analysis/project/hadoop-ozone/interface-client/target/generated-sources/protobuf/java
[INFO] 
[INFO] --- protobuf:0.6.1:compile (compile-protoc3) @ ozone-interface-client ---
[INFO] Compiling 4 proto file(s) to /home/runner/work/sonar-analysis/sonar-analysis/project/hadoop-ozone/interface-client/target/generated-sources/protobuf/java/proto3
[INFO] 
[INFO] --- antrun:3.1.0:run (default) @ ozone-interface-client ---
[INFO] Executing tasks
[INFO]      [move] Moving 4 files to /home/runner/work/sonar-analysis/sonar-analysis/project/hadoop-ozone/interface-client/target/generated-sources/protobuf
[INFO] Executed tasks
[INFO] 
[INFO] --- enforcer:3.5.0:enforce (banned-rocksdb-imports) @ ozone-interface-client ---
[INFO] Skipping Rule Enforcement.
[INFO] 
[INFO] --- enforcer:3.5.0:enforce (ban-imports) @ ozone-interface-client ---
[INFO] Skipping Rule Enforcement.
[INFO] 
[INFO] --- enforcer:3.5.0:enforce (ban-annotations) @ ozone-interface-client ---
[INFO] Skipping Rule Enforcement.
[INFO] 
[INFO] --- remote-resources:1.7.0:process (default) @ ozone-interface-client ---
[INFO] Preparing remote bundle org.apache.ozone:ozone-dev-support:1.5.0-SNAPSHOT
[INFO] Copying 2 resources from 1 bundle.
[INFO] 
[INFO] --- resources:3.1.0:resources (default-resources) @ ozone-interface-client ---
[INFO] Using 'UTF-8' encoding to copy filtered resources.
[INFO] Copying 1 resource
[INFO] Copying 4 resources
[INFO] Copying 4 resources
[INFO] Copying 4 resources
[INFO] Copying 2 resources
[INFO] 
[INFO] --- compiler:3.9.0:compile (default-compile) @ ozone-interface-client ---
[INFO] Compiling 11 source files to /home/runner/work/sonar-analysis/sonar-analysis/project/hadoop-ozone/interface-client/target/classes
[INFO] /home/runner/work/sonar-analysis/sonar-analysis/project/hadoop-ozone/interface-client/target/generated-sources/protobuf/java/org/apache/hadoop/ozone/protocol/proto3/OzoneManagerProtocolProtos.java: /home/runner/work/sonar-analysis/sonar-analysis/project/hadoop-ozone/interface-client/target/generated-sources/protobuf/java/org/apache/hadoop/ozone/protocol/proto3/OzoneManagerProtocolProtos.java uses or overrides a deprecated API.
[INFO] /home/runner/work/sonar-analysis/sonar-analysis/project/hadoop-ozone/interface-client/target/generated-sources/protobuf/java/org/apache/hadoop/ozone/protocol/proto3/OzoneManagerProtocolProtos.java: Recompile with -Xlint:deprecation for details.
[INFO] 
[INFO] --- protobuf:0.6.1:test-compile (compile-protoc-OmGrpc) @ ozone-interface-client ---
[INFO] /home/runner/work/sonar-analysis/sonar-analysis/project/hadoop-ozone/interface-client/src/test/proto does not exist. Review the configuration or consider disabling the plugin.
[INFO] 
[INFO] --- protobuf:0.6.1:test-compile-custom (compile-protoc-OmGrpc) @ ozone-interface-client ---
[INFO] /home/runner/work/sonar-analysis/sonar-analysis/project/hadoop-ozone/interface-client/src/test/proto does not exist. Review the configuration or consider disabling the plugin.
[INFO] 
[INFO] --- protobuf:0.6.1:test-compile (compile-protoc3) @ ozone-interface-client ---
[INFO] /home/runner/work/sonar-analysis/sonar-analysis/project/hadoop-ozone/interface-client/src/test/proto does not exist. Review the configuration or consider disabling the plugin.
[INFO] 
[INFO] --- resources:3.1.0:testResources (default-testResources) @ ozone-interface-client ---
[INFO] Not copying test resources
[INFO] 
[INFO] --- compiler:3.9.0:testCompile (default-testCompile) @ ozone-interface-client ---
[INFO] Skipped
[INFO] 
[INFO] --- surefire:3.0.0-M4:test (default-test) @ ozone-interface-client ---
[INFO] Tests are skipped.
[INFO] Skipped
[INFO] 
[INFO] --- jar:3.4.2:jar (default-jar) @ ozone-interface-client ---
[INFO] Building jar: /home/runner/work/sonar-analysis/sonar-analysis/project/hadoop-ozone/interface-client/target/ozone-interface-client-1.5.0-SNAPSHOT.jar
[INFO] 
[INFO] --- jar:3.4.2:test-jar (default) @ ozone-interface-client ---
[INFO] Skipping packaging of the test-jar
[INFO] 
[INFO] --- proto-backwards-compatibility:1.0.7:backwards-compatibility-check (default) @ ozone-interface-client ---
[INFO] protolock cmd line: /home/runner/work/sonar-analysis/sonar-analysis/project/hadoop-ozone/interface-client/target/protolock-bin/protolock status --lockdir=/home/runner/work/sonar-analysis/sonar-analysis/project/hadoop-ozone/interface-client/target/classes --protoroot=/home/runner/work/sonar-analysis/sonar-analysis/project/hadoop-ozone/interface-client/target/classes
[INFO] protolock cmd line: /home/runner/work/sonar-analysis/sonar-analysis/project/hadoop-ozone/interface-client/target/protolock-bin/protolock commit --lockdir=/home/runner/work/sonar-analysis/sonar-analysis/project/hadoop-ozone/interface-client/target/classes --protoroot=/home/runner/work/sonar-analysis/sonar-analysis/project/hadoop-ozone/interface-client/target/classes
[INFO] Backwards compatibility check passed.
[INFO] 
[INFO] --- install:3.1.3:install (default-install) @ ozone-interface-client ---
[INFO] Installing /home/runner/work/sonar-analysis/sonar-analysis/project/hadoop-ozone/interface-client/pom.xml to /home/runner/.m2/repository/org/apache/ozone/ozone-interface-client/1.5.0-SNAPSHOT/ozone-interface-client-1.5.0-SNAPSHOT.pom
[INFO] Installing /home/runner/work/sonar-analysis/sonar-analysis/project/hadoop-ozone/interface-client/target/ozone-interface-client-1.5.0-SNAPSHOT.jar to /home/runner/.m2/repository/org/apache/ozone/ozone-interface-client/1.5.0-SNAPSHOT/ozone-interface-client-1.5.0-SNAPSHOT.jar
[INFO] 
[INFO] -------------------< org.apache.ozone:ozone-common >--------------------
[INFO] Building Apache Ozone Common 1.5.0-SNAPSHOT                      [28/51]
[INFO]   from hadoop-ozone/common/pom.xml
[INFO] --------------------------------[ jar ]---------------------------------
[INFO] 
[INFO] --- clean:3.4.0:clean (default-clean) @ ozone-common ---
[INFO] Deleting /home/runner/work/sonar-analysis/sonar-analysis/project/hadoop-ozone/common/target
[INFO] Deleting /home/runner/work/sonar-analysis/sonar-analysis/project/hadoop-ozone/common (includes = [dependency-reduced-pom.xml], excludes = [])
[INFO] 
[INFO] --- antrun:3.1.0:run (create-testdirs) @ ozone-common ---
[INFO] Executing tasks
[INFO]     [mkdir] Created dir: /home/runner/work/sonar-analysis/sonar-analysis/project/hadoop-ozone/common/target/test-dir
[INFO] Executed tasks
[INFO] 
[INFO] --- enforcer:3.5.0:enforce (depcheck) @ ozone-common ---
[INFO] Skipping Rule Enforcement.
[INFO] 
[INFO] --- jacoco:0.8.12:prepare-agent (default-prepare-agent) @ ozone-common ---
[INFO] argLine set to -javaagent:/home/runner/.m2/repository/org/jacoco/org.jacoco.agent/0.8.12/org.jacoco.agent-0.8.12-runtime.jar=destfile=/home/runner/work/sonar-analysis/sonar-analysis/project/hadoop-ozone/common/target/jacoco.exec,includes=org.apache.hadoop.hdds.*:org.apache.hadoop.ozone.*:org.apache.hadoop.fs.ozone.*:org.apache.ozone.*:org.hadoop.ozone.*
[INFO] 
[INFO] --- enforcer:3.5.0:enforce (banned-rocksdb-imports) @ ozone-common ---
[INFO] Skipping Rule Enforcement.
[INFO] 
[INFO] --- enforcer:3.5.0:enforce (ban-imports) @ ozone-common ---
[INFO] Skipping Rule Enforcement.
[INFO] 
[INFO] --- enforcer:3.5.0:enforce (ban-annotations) @ ozone-common ---
[INFO] Skipping Rule Enforcement.
[INFO] 
[INFO] --- remote-resources:1.7.0:process (default) @ ozone-common ---
[INFO] Preparing remote bundle org.apache.ozone:ozone-dev-support:1.5.0-SNAPSHOT
[INFO] Copying 2 resources from 1 bundle.
[INFO] 
[INFO] --- hadoops:3.3.6:version-info (version-info) @ ozone-common ---
[INFO] SCM: GIT
[INFO] Computed MD5: 867228a9b031cab87f69d84782feb7a2
[INFO] 
[INFO] --- resources:3.1.0:resources (default-resources) @ ozone-common ---
[INFO] Using 'UTF-8' encoding to copy filtered resources.
[INFO] Copying 0 resource
[INFO] Copying 1 resource
[INFO] Copying 2 resources
[INFO] 
[INFO] --- compiler:3.9.0:compile (default-compile) @ ozone-common ---
[INFO] Compiling 172 source files to /home/runner/work/sonar-analysis/sonar-analysis/project/hadoop-ozone/common/target/classes
[INFO] /home/runner/work/sonar-analysis/sonar-analysis/project/hadoop-ozone/common/src/main/java/org/apache/hadoop/ozone/security/acl/RequestContext.java: Some input files use or override a deprecated API.
[INFO] /home/runner/work/sonar-analysis/sonar-analysis/project/hadoop-ozone/common/src/main/java/org/apache/hadoop/ozone/security/acl/RequestContext.java: Recompile with -Xlint:deprecation for details.
[INFO] /home/runner/work/sonar-analysis/sonar-analysis/project/hadoop-ozone/common/src/main/java/org/apache/hadoop/ozone/om/ha/HadoopRpcOMFailoverProxyProvider.java: Some input files use unchecked or unsafe operations.
[INFO] /home/runner/work/sonar-analysis/sonar-analysis/project/hadoop-ozone/common/src/main/java/org/apache/hadoop/ozone/om/ha/HadoopRpcOMFailoverProxyProvider.java: Recompile with -Xlint:unchecked for details.
[INFO] 
[INFO] --- resources:3.1.0:testResources (default-testResources) @ ozone-common ---
[INFO] Using 'UTF-8' encoding to copy filtered resources.
[INFO] Copying 1 resource
[INFO] Copying 2 resources
[INFO] 
[INFO] --- compiler:3.9.0:testCompile (default-testCompile) @ ozone-common ---
[INFO] Compiling 32 source files to /home/runner/work/sonar-analysis/sonar-analysis/project/hadoop-ozone/common/target/test-classes
[INFO] /home/runner/work/sonar-analysis/sonar-analysis/project/hadoop-ozone/common/src/test/java/org/apache/hadoop/ozone/om/helpers/TestOmKeyLocationInfoGroup.java: /home/runner/work/sonar-analysis/sonar-analysis/project/hadoop-ozone/common/src/test/java/org/apache/hadoop/ozone/om/helpers/TestOmKeyLocationInfoGroup.java uses or overrides a deprecated API.
[INFO] /home/runner/work/sonar-analysis/sonar-analysis/project/hadoop-ozone/common/src/test/java/org/apache/hadoop/ozone/om/helpers/TestOmKeyLocationInfoGroup.java: Recompile with -Xlint:deprecation for details.
[INFO] /home/runner/work/sonar-analysis/sonar-analysis/project/hadoop-ozone/common/src/test/java/org/apache/hadoop/ozone/om/protocolPB/grpc/TestClientAddressServerInterceptor.java: Some input files use unchecked or unsafe operations.
[INFO] /home/runner/work/sonar-analysis/sonar-analysis/project/hadoop-ozone/common/src/test/java/org/apache/hadoop/ozone/om/protocolPB/grpc/TestClientAddressServerInterceptor.java: Recompile with -Xlint:unchecked for details.
[INFO] 
[INFO] --- surefire:3.0.0-M4:test (default-test) @ ozone-common ---
[INFO] Tests are skipped.
[INFO] Skipped
[INFO] 
[INFO] --- dependency:3.7.1:build-classpath (add-classpath-descriptor) @ ozone-common ---
[INFO] Wrote classpath file '/home/runner/work/sonar-analysis/sonar-analysis/project/hadoop-ozone/common/target/classes/ozone-common.classpath'.
[INFO] 
[INFO] --- jar:3.4.2:jar (default-jar) @ ozone-common ---
[INFO] Building jar: /home/runner/work/sonar-analysis/sonar-analysis/project/hadoop-ozone/common/target/ozone-common-1.5.0-SNAPSHOT.jar
[INFO] 
[INFO] --- jar:3.4.2:test-jar (default) @ ozone-common ---
[INFO] Building jar: /home/runner/work/sonar-analysis/sonar-analysis/project/hadoop-ozone/common/target/ozone-common-1.5.0-SNAPSHOT-tests.jar
[INFO] 
[INFO] --- install:3.1.3:install (default-install) @ ozone-common ---
[INFO] Installing /home/runner/work/sonar-analysis/sonar-analysis/project/hadoop-ozone/common/pom.xml to /home/runner/.m2/repository/org/apache/ozone/ozone-common/1.5.0-SNAPSHOT/ozone-common-1.5.0-SNAPSHOT.pom
[INFO] Installing /home/runner/work/sonar-analysis/sonar-analysis/project/hadoop-ozone/common/target/ozone-common-1.5.0-SNAPSHOT.jar to /home/runner/.m2/repository/org/apache/ozone/ozone-common/1.5.0-SNAPSHOT/ozone-common-1.5.0-SNAPSHOT.jar
[INFO] Installing /home/runner/work/sonar-analysis/sonar-analysis/project/hadoop-ozone/common/target/ozone-common-1.5.0-SNAPSHOT-tests.jar to /home/runner/.m2/repository/org/apache/ozone/ozone-common/1.5.0-SNAPSHOT/ozone-common-1.5.0-SNAPSHOT-tests.jar
[INFO] 
[INFO] --------------< org.apache.ozone:ozone-interface-storage >--------------
[INFO] Building Apache Ozone Storage Interface 1.5.0-SNAPSHOT           [29/51]
[INFO]   from hadoop-ozone/interface-storage/pom.xml
[INFO] --------------------------------[ jar ]---------------------------------
[INFO] 
[INFO] --- clean:3.4.0:clean (default-clean) @ ozone-interface-storage ---
[INFO] Deleting /home/runner/work/sonar-analysis/sonar-analysis/project/hadoop-ozone/interface-storage/target
[INFO] Deleting /home/runner/work/sonar-analysis/sonar-analysis/project/hadoop-ozone/interface-storage (includes = [dependency-reduced-pom.xml], excludes = [])
[INFO] 
[INFO] --- antrun:3.1.0:run (create-testdirs) @ ozone-interface-storage ---
[INFO] Executing tasks
[INFO]     [mkdir] Created dir: /home/runner/work/sonar-analysis/sonar-analysis/project/hadoop-ozone/interface-storage/target/test-dir
[INFO] Executed tasks
[INFO] 
[INFO] --- enforcer:3.5.0:enforce (depcheck) @ ozone-interface-storage ---
[INFO] Skipping Rule Enforcement.
[INFO] 
[INFO] --- jacoco:0.8.12:prepare-agent (default-prepare-agent) @ ozone-interface-storage ---
[INFO] argLine set to -javaagent:/home/runner/.m2/repository/org/jacoco/org.jacoco.agent/0.8.12/org.jacoco.agent-0.8.12-runtime.jar=destfile=/home/runner/work/sonar-analysis/sonar-analysis/project/hadoop-ozone/interface-storage/target/jacoco.exec,includes=org.apache.hadoop.hdds.*:org.apache.hadoop.ozone.*:org.apache.hadoop.fs.ozone.*:org.apache.ozone.*:org.hadoop.ozone.*
[INFO] 
[INFO] --- protobuf:0.6.1:compile (compile-protoc) @ ozone-interface-storage ---
[INFO] Compiling 1 proto file(s) to /home/runner/work/sonar-analysis/sonar-analysis/project/hadoop-ozone/interface-storage/target/generated-sources/protobuf/java
[INFO] 
[INFO] --- enforcer:3.5.0:enforce (banned-rocksdb-imports) @ ozone-interface-storage ---
[INFO] Skipping Rule Enforcement.
[INFO] 
[INFO] --- enforcer:3.5.0:enforce (ban-imports) @ ozone-interface-storage ---
[INFO] Skipping Rule Enforcement.
[INFO] 
[INFO] --- enforcer:3.5.0:enforce (ban-annotations) @ ozone-interface-storage ---
[INFO] Skipping Rule Enforcement.
[INFO] 
[INFO] --- remote-resources:1.7.0:process (default) @ ozone-interface-storage ---
[INFO] Preparing remote bundle org.apache.ozone:ozone-dev-support:1.5.0-SNAPSHOT
[INFO] Copying 2 resources from 1 bundle.
[INFO] 
[INFO] --- resources:3.1.0:resources (default-resources) @ ozone-interface-storage ---
[INFO] Using 'UTF-8' encoding to copy filtered resources.
[INFO] skip non existing resourceDirectory /home/runner/work/sonar-analysis/sonar-analysis/project/hadoop-ozone/interface-storage/src/main/resources
[INFO] Copying 1 resource
[INFO] Copying 2 resources
[INFO] 
[INFO] --- compiler:3.9.0:compile (default-compile) @ ozone-interface-storage ---
[INFO] Compiling 11 source files to /home/runner/work/sonar-analysis/sonar-analysis/project/hadoop-ozone/interface-storage/target/classes
[INFO] 
[INFO] --- protobuf:0.6.1:test-compile (compile-protoc) @ ozone-interface-storage ---
[INFO] /home/runner/work/sonar-analysis/sonar-analysis/project/hadoop-ozone/interface-storage/src/test/proto does not exist. Review the configuration or consider disabling the plugin.
[INFO] 
[INFO] --- resources:3.1.0:testResources (default-testResources) @ ozone-interface-storage ---
[INFO] Using 'UTF-8' encoding to copy filtered resources.
[INFO] skip non existing resourceDirectory /home/runner/work/sonar-analysis/sonar-analysis/project/hadoop-ozone/interface-storage/src/test/resources
[INFO] Copying 2 resources
[INFO] 
[INFO] --- compiler:3.9.0:testCompile (default-testCompile) @ ozone-interface-storage ---
[INFO] Compiling 8 source files to /home/runner/work/sonar-analysis/sonar-analysis/project/hadoop-ozone/interface-storage/target/test-classes
[INFO] 
[INFO] --- surefire:3.0.0-M4:test (default-test) @ ozone-interface-storage ---
[INFO] Tests are skipped.
[INFO] Skipped
[INFO] 
[INFO] --- dependency:3.7.1:build-classpath (add-classpath-descriptor) @ ozone-interface-storage ---
[INFO] Wrote classpath file '/home/runner/work/sonar-analysis/sonar-analysis/project/hadoop-ozone/interface-storage/target/classes/ozone-interface-storage.classpath'.
[INFO] 
[INFO] --- jar:3.4.2:jar (default-jar) @ ozone-interface-storage ---
[INFO] Building jar: /home/runner/work/sonar-analysis/sonar-analysis/project/hadoop-ozone/interface-storage/target/ozone-interface-storage-1.5.0-SNAPSHOT.jar
[INFO] 
[INFO] --- jar:3.4.2:test-jar (default) @ ozone-interface-storage ---
[INFO] Building jar: /home/runner/work/sonar-analysis/sonar-analysis/project/hadoop-ozone/interface-storage/target/ozone-interface-storage-1.5.0-SNAPSHOT-tests.jar
[INFO] 
[INFO] --- install:3.1.3:install (default-install) @ ozone-interface-storage ---
[INFO] Installing /home/runner/work/sonar-analysis/sonar-analysis/project/hadoop-ozone/interface-storage/pom.xml to /home/runner/.m2/repository/org/apache/ozone/ozone-interface-storage/1.5.0-SNAPSHOT/ozone-interface-storage-1.5.0-SNAPSHOT.pom
[INFO] Installing /home/runner/work/sonar-analysis/sonar-analysis/project/hadoop-ozone/interface-storage/target/ozone-interface-storage-1.5.0-SNAPSHOT.jar to /home/runner/.m2/repository/org/apache/ozone/ozone-interface-storage/1.5.0-SNAPSHOT/ozone-interface-storage-1.5.0-SNAPSHOT.jar
[INFO] Installing /home/runner/work/sonar-analysis/sonar-analysis/project/hadoop-ozone/interface-storage/target/ozone-interface-storage-1.5.0-SNAPSHOT-tests.jar to /home/runner/.m2/repository/org/apache/ozone/ozone-interface-storage/1.5.0-SNAPSHOT/ozone-interface-storage-1.5.0-SNAPSHOT-tests.jar
[INFO] 
[INFO] -------------------< org.apache.ozone:ozone-client >--------------------
[INFO] Building Apache Ozone Client 1.5.0-SNAPSHOT                      [30/51]
[INFO]   from hadoop-ozone/client/pom.xml
[INFO] --------------------------------[ jar ]---------------------------------
[INFO] 
[INFO] --- clean:3.4.0:clean (default-clean) @ ozone-client ---
[INFO] Deleting /home/runner/work/sonar-analysis/sonar-analysis/project/hadoop-ozone/client/target
[INFO] Deleting /home/runner/work/sonar-analysis/sonar-analysis/project/hadoop-ozone/client (includes = [dependency-reduced-pom.xml], excludes = [])
[INFO] 
[INFO] --- antrun:3.1.0:run (create-testdirs) @ ozone-client ---
[INFO] Executing tasks
[INFO]     [mkdir] Created dir: /home/runner/work/sonar-analysis/sonar-analysis/project/hadoop-ozone/client/target/test-dir
[INFO] Executed tasks
[INFO] 
[INFO] --- enforcer:3.5.0:enforce (depcheck) @ ozone-client ---
[INFO] Skipping Rule Enforcement.
[INFO] 
[INFO] --- jacoco:0.8.12:prepare-agent (default-prepare-agent) @ ozone-client ---
[INFO] argLine set to -javaagent:/home/runner/.m2/repository/org/jacoco/org.jacoco.agent/0.8.12/org.jacoco.agent-0.8.12-runtime.jar=destfile=/home/runner/work/sonar-analysis/sonar-analysis/project/hadoop-ozone/client/target/jacoco.exec,includes=org.apache.hadoop.hdds.*:org.apache.hadoop.ozone.*:org.apache.hadoop.fs.ozone.*:org.apache.ozone.*:org.hadoop.ozone.*
[INFO] 
[INFO] --- enforcer:3.5.0:enforce (banned-rocksdb-imports) @ ozone-client ---
[INFO] Skipping Rule Enforcement.
[INFO] 
[INFO] --- enforcer:3.5.0:enforce (ban-imports) @ ozone-client ---
[INFO] Skipping Rule Enforcement.
[INFO] 
[INFO] --- enforcer:3.5.0:enforce (ban-annotations) @ ozone-client ---
[INFO] Skipping Rule Enforcement.
[INFO] 
[INFO] --- remote-resources:1.7.0:process (default) @ ozone-client ---
[INFO] Preparing remote bundle org.apache.ozone:ozone-dev-support:1.5.0-SNAPSHOT
[INFO] Copying 2 resources from 1 bundle.
[INFO] 
[INFO] --- resources:3.1.0:resources (default-resources) @ ozone-client ---
[INFO] Using 'UTF-8' encoding to copy filtered resources.
[INFO] skip non existing resourceDirectory /home/runner/work/sonar-analysis/sonar-analysis/project/hadoop-ozone/client/src/main/resources
[INFO] Copying 2 resources
[INFO] 
[INFO] --- compiler:3.9.0:compile (default-compile) @ ozone-client ---
[INFO] Compiling 49 source files to /home/runner/work/sonar-analysis/sonar-analysis/project/hadoop-ozone/client/target/classes
[INFO] /home/runner/work/sonar-analysis/sonar-analysis/project/hadoop-ozone/client/src/main/java/org/apache/hadoop/ozone/client/io/BlockDataStreamOutputEntryPool.java: Some input files use or override a deprecated API.
[INFO] /home/runner/work/sonar-analysis/sonar-analysis/project/hadoop-ozone/client/src/main/java/org/apache/hadoop/ozone/client/io/BlockDataStreamOutputEntryPool.java: Recompile with -Xlint:deprecation for details.
[INFO] /home/runner/work/sonar-analysis/sonar-analysis/project/hadoop-ozone/client/src/main/java/org/apache/hadoop/ozone/client/OzoneBucket.java: Some input files use unchecked or unsafe operations.
[INFO] /home/runner/work/sonar-analysis/sonar-analysis/project/hadoop-ozone/client/src/main/java/org/apache/hadoop/ozone/client/OzoneBucket.java: Recompile with -Xlint:unchecked for details.
[INFO] 
[INFO] --- resources:3.1.0:testResources (default-testResources) @ ozone-client ---
[INFO] Using 'UTF-8' encoding to copy filtered resources.
[INFO] skip non existing resourceDirectory /home/runner/work/sonar-analysis/sonar-analysis/project/hadoop-ozone/client/src/test/resources
[INFO] Copying 2 resources
[INFO] 
[INFO] --- compiler:3.9.0:testCompile (default-testCompile) @ ozone-client ---
[INFO] Compiling 20 source files to /home/runner/work/sonar-analysis/sonar-analysis/project/hadoop-ozone/client/target/test-classes
[INFO] /home/runner/work/sonar-analysis/sonar-analysis/project/hadoop-ozone/client/src/test/java/org/apache/hadoop/ozone/client/checksum/TestReplicatedBlockChecksumComputer.java: Some input files use or override a deprecated API.
[INFO] /home/runner/work/sonar-analysis/sonar-analysis/project/hadoop-ozone/client/src/test/java/org/apache/hadoop/ozone/client/checksum/TestReplicatedBlockChecksumComputer.java: Recompile with -Xlint:deprecation for details.
[INFO] /home/runner/work/sonar-analysis/sonar-analysis/project/hadoop-ozone/client/src/test/java/org/apache/hadoop/ozone/client/MockDatanodeStorage.java: /home/runner/work/sonar-analysis/sonar-analysis/project/hadoop-ozone/client/src/test/java/org/apache/hadoop/ozone/client/MockDatanodeStorage.java uses unchecked or unsafe operations.
[INFO] /home/runner/work/sonar-analysis/sonar-analysis/project/hadoop-ozone/client/src/test/java/org/apache/hadoop/ozone/client/MockDatanodeStorage.java: Recompile with -Xlint:unchecked for details.
[INFO] 
[INFO] --- surefire:3.0.0-M4:test (default-test) @ ozone-client ---
[INFO] Tests are skipped.
[INFO] Skipped
[INFO] 
[INFO] --- dependency:3.7.1:build-classpath (add-classpath-descriptor) @ ozone-client ---
[INFO] Wrote classpath file '/home/runner/work/sonar-analysis/sonar-analysis/project/hadoop-ozone/client/target/classes/ozone-client.classpath'.
[INFO] 
[INFO] --- jar:3.4.2:jar (default-jar) @ ozone-client ---
[INFO] Building jar: /home/runner/work/sonar-analysis/sonar-analysis/project/hadoop-ozone/client/target/ozone-client-1.5.0-SNAPSHOT.jar
[INFO] 
[INFO] --- jar:3.4.2:test-jar (default) @ ozone-client ---
[INFO] Building jar: /home/runner/work/sonar-analysis/sonar-analysis/project/hadoop-ozone/client/target/ozone-client-1.5.0-SNAPSHOT-tests.jar
[INFO] 
[INFO] --- install:3.1.3:install (default-install) @ ozone-client ---
[INFO] Installing /home/runner/work/sonar-analysis/sonar-analysis/project/hadoop-ozone/client/pom.xml to /home/runner/.m2/repository/org/apache/ozone/ozone-client/1.5.0-SNAPSHOT/ozone-client-1.5.0-SNAPSHOT.pom
[INFO] Installing /home/runner/work/sonar-analysis/sonar-analysis/project/hadoop-ozone/client/target/ozone-client-1.5.0-SNAPSHOT.jar to /home/runner/.m2/repository/org/apache/ozone/ozone-client/1.5.0-SNAPSHOT/ozone-client-1.5.0-SNAPSHOT.jar
[INFO] Installing /home/runner/work/sonar-analysis/sonar-analysis/project/hadoop-ozone/client/target/ozone-client-1.5.0-SNAPSHOT-tests.jar to /home/runner/.m2/repository/org/apache/ozone/ozone-client/1.5.0-SNAPSHOT/ozone-client-1.5.0-SNAPSHOT-tests.jar
[INFO] 
[INFO] -------------------< org.apache.ozone:ozone-manager >-------------------
[INFO] Building Apache Ozone Manager Server 1.5.0-SNAPSHOT              [31/51]
[INFO]   from hadoop-ozone/ozone-manager/pom.xml
[INFO] --------------------------------[ jar ]---------------------------------
[INFO] 
[INFO] --- clean:3.4.0:clean (default-clean) @ ozone-manager ---
[INFO] Deleting /home/runner/work/sonar-analysis/sonar-analysis/project/hadoop-ozone/ozone-manager/target
[INFO] Deleting /home/runner/work/sonar-analysis/sonar-analysis/project/hadoop-ozone/ozone-manager (includes = [dependency-reduced-pom.xml], excludes = [])
[INFO] 
[INFO] --- antrun:3.1.0:run (create-testdirs) @ ozone-manager ---
[INFO] Executing tasks
[INFO]     [mkdir] Created dir: /home/runner/work/sonar-analysis/sonar-analysis/project/hadoop-ozone/ozone-manager/target/test-dir
[INFO] Executed tasks
[INFO] 
[INFO] --- enforcer:3.5.0:enforce (depcheck) @ ozone-manager ---
[INFO] Skipping Rule Enforcement.
[INFO] 
[INFO] --- jacoco:0.8.12:prepare-agent (default-prepare-agent) @ ozone-manager ---
[INFO] argLine set to -javaagent:/home/runner/.m2/repository/org/jacoco/org.jacoco.agent/0.8.12/org.jacoco.agent-0.8.12-runtime.jar=destfile=/home/runner/work/sonar-analysis/sonar-analysis/project/hadoop-ozone/ozone-manager/target/jacoco.exec,includes=org.apache.hadoop.hdds.*:org.apache.hadoop.ozone.*:org.apache.hadoop.fs.ozone.*:org.apache.ozone.*:org.hadoop.ozone.*
[INFO] 
[INFO] --- enforcer:3.5.0:enforce (banned-rocksdb-imports) @ ozone-manager ---
[INFO] Skipping Rule Enforcement.
[INFO] 
[INFO] --- enforcer:3.5.0:enforce (ban-imports) @ ozone-manager ---
[INFO] Skipping Rule Enforcement.
[INFO] 
[INFO] --- enforcer:3.5.0:enforce (ban-annotations) @ ozone-manager ---
[INFO] Skipping Rule Enforcement.
[INFO] 
[INFO] --- remote-resources:1.7.0:process (default) @ ozone-manager ---
[INFO] Preparing remote bundle org.apache.ozone:ozone-dev-support:1.5.0-SNAPSHOT
[INFO] Copying 2 resources from 1 bundle.
[INFO] 
[INFO] --- resources:3.1.0:resources (default-resources) @ ozone-manager ---
[INFO] Using 'UTF-8' encoding to copy filtered resources.
[INFO] Copying 7 resources
[INFO] Copying 2 resources
[INFO] 
[INFO] --- compiler:3.9.0:compile (default-compile) @ ozone-manager ---
[INFO] Compiling 360 source files to /home/runner/work/sonar-analysis/sonar-analysis/project/hadoop-ozone/ozone-manager/target/classes
[INFO] /home/runner/work/sonar-analysis/sonar-analysis/project/hadoop-ozone/ozone-manager/src/main/java/org/apache/hadoop/ozone/om/request/OMClientRequest.java: Some input files use or override a deprecated API.
[INFO] /home/runner/work/sonar-analysis/sonar-analysis/project/hadoop-ozone/ozone-manager/src/main/java/org/apache/hadoop/ozone/om/request/OMClientRequest.java: Recompile with -Xlint:deprecation for details.
[INFO] /home/runner/work/sonar-analysis/sonar-analysis/project/hadoop-ozone/ozone-manager/src/main/java/org/apache/hadoop/ozone/om/OzoneManager.java: Some input files use unchecked or unsafe operations.
[INFO] /home/runner/work/sonar-analysis/sonar-analysis/project/hadoop-ozone/ozone-manager/src/main/java/org/apache/hadoop/ozone/om/OzoneManager.java: Recompile with -Xlint:unchecked for details.
[INFO] 
[INFO] --- aspectj:1.15.0:compile (default) @ ozone-manager ---
[INFO] Showing AJC message detail for messages of types: [error, warning, fail]
[INFO] 
[INFO] --- resources:3.1.0:testResources (default-testResources) @ ozone-manager ---
[INFO] Using 'UTF-8' encoding to copy filtered resources.
[INFO] skip non existing resourceDirectory /home/runner/work/sonar-analysis/sonar-analysis/project/hadoop-ozone/ozone-manager/../../hdds/common/src/main/resources
[INFO] Copying 2 resources
[INFO] Copying 2 resources
[INFO] 
[INFO] --- compiler:3.9.0:testCompile (default-testCompile) @ ozone-manager ---
[INFO] Compiling 210 source files to /home/runner/work/sonar-analysis/sonar-analysis/project/hadoop-ozone/ozone-manager/target/test-classes
[INFO] /home/runner/work/sonar-analysis/sonar-analysis/project/hadoop-ozone/ozone-manager/src/test/java/org/apache/hadoop/ozone/om/service/TestOpenKeyCleanupService.java: Some input files use or override a deprecated API.
[INFO] /home/runner/work/sonar-analysis/sonar-analysis/project/hadoop-ozone/ozone-manager/src/test/java/org/apache/hadoop/ozone/om/service/TestOpenKeyCleanupService.java: Recompile with -Xlint:deprecation for details.
[INFO] /home/runner/work/sonar-analysis/sonar-analysis/project/hadoop-ozone/ozone-manager/src/test/java/org/apache/hadoop/ozone/om/request/s3/multipart/TestS3MultipartRequest.java: Some input files use unchecked or unsafe operations.
[INFO] /home/runner/work/sonar-analysis/sonar-analysis/project/hadoop-ozone/ozone-manager/src/test/java/org/apache/hadoop/ozone/om/request/s3/multipart/TestS3MultipartRequest.java: Recompile with -Xlint:unchecked for details.
[INFO] 
[INFO] --- surefire:3.0.0-M4:test (default-test) @ ozone-manager ---
[INFO] Tests are skipped.
[INFO] Skipped
[INFO] 
[INFO] --- dependency:3.7.1:build-classpath (add-classpath-descriptor) @ ozone-manager ---
[INFO] Wrote classpath file '/home/runner/work/sonar-analysis/sonar-analysis/project/hadoop-ozone/ozone-manager/target/classes/ozone-manager.classpath'.
[INFO] 
[INFO] --- dependency:3.7.1:unpack (copy-common-html) @ ozone-manager ---
[INFO] Configured Artifact: org.apache.ozone:hdds-server-framework:?:jar
[INFO] Configured Artifact: org.apache.ozone:hdds-docs:?:jar
[INFO] 
[INFO] --- jar:3.4.2:jar (default-jar) @ ozone-manager ---
[INFO] Building jar: /home/runner/work/sonar-analysis/sonar-analysis/project/hadoop-ozone/ozone-manager/target/ozone-manager-1.5.0-SNAPSHOT.jar
[INFO] 
[INFO] --- jar:3.4.2:test-jar (default) @ ozone-manager ---
[INFO] Building jar: /home/runner/work/sonar-analysis/sonar-analysis/project/hadoop-ozone/ozone-manager/target/ozone-manager-1.5.0-SNAPSHOT-tests.jar
[INFO] 
[INFO] --- install:3.1.3:install (default-install) @ ozone-manager ---
[INFO] Installing /home/runner/work/sonar-analysis/sonar-analysis/project/hadoop-ozone/ozone-manager/pom.xml to /home/runner/.m2/repository/org/apache/ozone/ozone-manager/1.5.0-SNAPSHOT/ozone-manager-1.5.0-SNAPSHOT.pom
[INFO] Installing /home/runner/work/sonar-analysis/sonar-analysis/project/hadoop-ozone/ozone-manager/target/ozone-manager-1.5.0-SNAPSHOT.jar to /home/runner/.m2/repository/org/apache/ozone/ozone-manager/1.5.0-SNAPSHOT/ozone-manager-1.5.0-SNAPSHOT.jar
[INFO] Installing /home/runner/work/sonar-analysis/sonar-analysis/project/hadoop-ozone/ozone-manager/target/ozone-manager-1.5.0-SNAPSHOT-tests.jar to /home/runner/.m2/repository/org/apache/ozone/ozone-manager/1.5.0-SNAPSHOT/ozone-manager-1.5.0-SNAPSHOT-tests.jar
[INFO] 
[INFO] --------------< org.apache.ozone:ozone-filesystem-common >--------------
[INFO] Building Apache Ozone FileSystem Common 1.5.0-SNAPSHOT           [32/51]
[INFO]   from hadoop-ozone/ozonefs-common/pom.xml
[INFO] --------------------------------[ jar ]---------------------------------
[INFO] 
[INFO] --- clean:3.4.0:clean (default-clean) @ ozone-filesystem-common ---
[INFO] Deleting /home/runner/work/sonar-analysis/sonar-analysis/project/hadoop-ozone/ozonefs-common/target
[INFO] Deleting /home/runner/work/sonar-analysis/sonar-analysis/project/hadoop-ozone/ozonefs-common (includes = [dependency-reduced-pom.xml], excludes = [])
[INFO] 
[INFO] --- antrun:3.1.0:run (create-testdirs) @ ozone-filesystem-common ---
[INFO] Executing tasks
[INFO]     [mkdir] Created dir: /home/runner/work/sonar-analysis/sonar-analysis/project/hadoop-ozone/ozonefs-common/target/test-dir
[INFO] Executed tasks
[INFO] 
[INFO] --- enforcer:3.5.0:enforce (depcheck) @ ozone-filesystem-common ---
[INFO] Skipping Rule Enforcement.
[INFO] 
[INFO] --- jacoco:0.8.12:prepare-agent (default-prepare-agent) @ ozone-filesystem-common ---
[INFO] argLine set to -javaagent:/home/runner/.m2/repository/org/jacoco/org.jacoco.agent/0.8.12/org.jacoco.agent-0.8.12-runtime.jar=destfile=/home/runner/work/sonar-analysis/sonar-analysis/project/hadoop-ozone/ozonefs-common/target/jacoco.exec,includes=org.apache.hadoop.hdds.*:org.apache.hadoop.ozone.*:org.apache.hadoop.fs.ozone.*:org.apache.ozone.*:org.hadoop.ozone.*
[INFO] 
[INFO] --- enforcer:3.5.0:enforce (banned-rocksdb-imports) @ ozone-filesystem-common ---
[INFO] Skipping Rule Enforcement.
[INFO] 
[INFO] --- enforcer:3.5.0:enforce (ban-imports) @ ozone-filesystem-common ---
[INFO] Skipping Rule Enforcement.
[INFO] 
[INFO] --- enforcer:3.5.0:enforce (ban-annotations) @ ozone-filesystem-common ---
[INFO] Skipping Rule Enforcement.
[INFO] 
[INFO] --- remote-resources:1.7.0:process (default) @ ozone-filesystem-common ---
[INFO] Preparing remote bundle org.apache.ozone:ozone-dev-support:1.5.0-SNAPSHOT
[INFO] Copying 2 resources from 1 bundle.
[INFO] 
[INFO] --- resources:3.1.0:resources (default-resources) @ ozone-filesystem-common ---
[INFO] Using 'UTF-8' encoding to copy filtered resources.
[INFO] skip non existing resourceDirectory /home/runner/work/sonar-analysis/sonar-analysis/project/hadoop-ozone/ozonefs-common/src/main/resources
[INFO] Copying 2 resources
[INFO] 
[INFO] --- compiler:3.9.0:compile (default-compile) @ ozone-filesystem-common ---
[INFO] Compiling 31 source files to /home/runner/work/sonar-analysis/sonar-analysis/project/hadoop-ozone/ozonefs-common/target/classes
[INFO] /home/runner/work/sonar-analysis/sonar-analysis/project/hadoop-ozone/ozonefs-common/src/main/java/org/apache/hadoop/fs/ozone/BasicRootedOzoneFileSystem.java: Some input files use or override a deprecated API.
[INFO] /home/runner/work/sonar-analysis/sonar-analysis/project/hadoop-ozone/ozonefs-common/src/main/java/org/apache/hadoop/fs/ozone/BasicRootedOzoneFileSystem.java: Recompile with -Xlint:deprecation for details.
[INFO] /home/runner/work/sonar-analysis/sonar-analysis/project/hadoop-ozone/ozonefs-common/src/main/java/org/apache/hadoop/fs/ozone/BasicRootedOzoneFileSystem.java: Some input files use unchecked or unsafe operations.
[INFO] /home/runner/work/sonar-analysis/sonar-analysis/project/hadoop-ozone/ozonefs-common/src/main/java/org/apache/hadoop/fs/ozone/BasicRootedOzoneFileSystem.java: Recompile with -Xlint:unchecked for details.
[INFO] 
[INFO] --- resources:3.1.0:testResources (default-testResources) @ ozone-filesystem-common ---
[INFO] Using 'UTF-8' encoding to copy filtered resources.
[INFO] Copying 2 resources
[INFO] Copying 2 resources
[INFO] 
[INFO] --- compiler:3.9.0:testCompile (default-testCompile) @ ozone-filesystem-common ---
[INFO] Compiling 6 source files to /home/runner/work/sonar-analysis/sonar-analysis/project/hadoop-ozone/ozonefs-common/target/test-classes
[INFO] /home/runner/work/sonar-analysis/sonar-analysis/project/hadoop-ozone/ozonefs-common/src/test/java/org/apache/hadoop/fs/ozone/TestOzoneFSInputStream.java: Some input files use or override a deprecated API.
[INFO] /home/runner/work/sonar-analysis/sonar-analysis/project/hadoop-ozone/ozonefs-common/src/test/java/org/apache/hadoop/fs/ozone/TestOzoneFSInputStream.java: Recompile with -Xlint:deprecation for details.
[INFO] 
[INFO] --- surefire:3.0.0-M4:test (default-test) @ ozone-filesystem-common ---
[INFO] Tests are skipped.
[INFO] Skipped
[INFO] 
[INFO] --- dependency:3.7.1:build-classpath (add-classpath-descriptor) @ ozone-filesystem-common ---
[INFO] Wrote classpath file '/home/runner/work/sonar-analysis/sonar-analysis/project/hadoop-ozone/ozonefs-common/target/classes/ozone-filesystem-common.classpath'.
[INFO] 
[INFO] --- jar:3.4.2:jar (default-jar) @ ozone-filesystem-common ---
[INFO] Building jar: /home/runner/work/sonar-analysis/sonar-analysis/project/hadoop-ozone/ozonefs-common/target/ozone-filesystem-common-1.5.0-SNAPSHOT.jar
[INFO] 
[INFO] --- jar:3.4.2:test-jar (default) @ ozone-filesystem-common ---
[INFO] Building jar: /home/runner/work/sonar-analysis/sonar-analysis/project/hadoop-ozone/ozonefs-common/target/ozone-filesystem-common-1.5.0-SNAPSHOT-tests.jar
[INFO] 
[INFO] --- install:3.1.3:install (default-install) @ ozone-filesystem-common ---
[INFO] Installing /home/runner/work/sonar-analysis/sonar-analysis/project/hadoop-ozone/ozonefs-common/pom.xml to /home/runner/.m2/repository/org/apache/ozone/ozone-filesystem-common/1.5.0-SNAPSHOT/ozone-filesystem-common-1.5.0-SNAPSHOT.pom
[INFO] Installing /home/runner/work/sonar-analysis/sonar-analysis/project/hadoop-ozone/ozonefs-common/target/ozone-filesystem-common-1.5.0-SNAPSHOT.jar to /home/runner/.m2/repository/org/apache/ozone/ozone-filesystem-common/1.5.0-SNAPSHOT/ozone-filesystem-common-1.5.0-SNAPSHOT.jar
[INFO] Installing /home/runner/work/sonar-analysis/sonar-analysis/project/hadoop-ozone/ozonefs-common/target/ozone-filesystem-common-1.5.0-SNAPSHOT-tests.jar to /home/runner/.m2/repository/org/apache/ozone/ozone-filesystem-common/1.5.0-SNAPSHOT/ozone-filesystem-common-1.5.0-SNAPSHOT-tests.jar
[INFO] 
[INFO] -----------------< org.apache.ozone:ozone-filesystem >------------------
[INFO] Building Apache Ozone FileSystem 1.5.0-SNAPSHOT                  [33/51]
[INFO]   from hadoop-ozone/ozonefs/pom.xml
[INFO] --------------------------------[ jar ]---------------------------------
[INFO] 
[INFO] --- clean:3.4.0:clean (default-clean) @ ozone-filesystem ---
[INFO] Deleting /home/runner/work/sonar-analysis/sonar-analysis/project/hadoop-ozone/ozonefs/target
[INFO] Deleting /home/runner/work/sonar-analysis/sonar-analysis/project/hadoop-ozone/ozonefs (includes = [dependency-reduced-pom.xml], excludes = [])
[INFO] 
[INFO] --- antrun:3.1.0:run (create-testdirs) @ ozone-filesystem ---
[INFO] Executing tasks
[INFO]     [mkdir] Created dir: /home/runner/work/sonar-analysis/sonar-analysis/project/hadoop-ozone/ozonefs/target/test-dir
[INFO] Executed tasks
[INFO] 
[INFO] --- enforcer:3.5.0:enforce (depcheck) @ ozone-filesystem ---
[INFO] Skipping Rule Enforcement.
[INFO] 
[INFO] --- jacoco:0.8.12:prepare-agent (default-prepare-agent) @ ozone-filesystem ---
[INFO] argLine set to -javaagent:/home/runner/.m2/repository/org/jacoco/org.jacoco.agent/0.8.12/org.jacoco.agent-0.8.12-runtime.jar=destfile=/home/runner/work/sonar-analysis/sonar-analysis/project/hadoop-ozone/ozonefs/target/jacoco.exec,includes=org.apache.hadoop.hdds.*:org.apache.hadoop.ozone.*:org.apache.hadoop.fs.ozone.*:org.apache.ozone.*:org.hadoop.ozone.*
[INFO] 
[INFO] --- enforcer:3.5.0:enforce (banned-rocksdb-imports) @ ozone-filesystem ---
[INFO] Skipping Rule Enforcement.
[INFO] 
[INFO] --- enforcer:3.5.0:enforce (ban-imports) @ ozone-filesystem ---
[INFO] Skipping Rule Enforcement.
[INFO] 
[INFO] --- enforcer:3.5.0:enforce (ban-annotations) @ ozone-filesystem ---
[INFO] Skipping Rule Enforcement.
[INFO] 
[INFO] --- remote-resources:1.7.0:process (default) @ ozone-filesystem ---
[INFO] Preparing remote bundle org.apache.ozone:ozone-dev-support:1.5.0-SNAPSHOT
[INFO] Copying 2 resources from 1 bundle.
[INFO] 
[INFO] --- resources:3.1.0:resources (default-resources) @ ozone-filesystem ---
[INFO] Using 'UTF-8' encoding to copy filtered resources.
[INFO] Copying 4 resources
[INFO] Copying 2 resources
[INFO] 
[INFO] --- compiler:3.9.0:compile (default-compile) @ ozone-filesystem ---
[INFO] Compiling 7 source files to /home/runner/work/sonar-analysis/sonar-analysis/project/hadoop-ozone/ozonefs/target/classes
[INFO] 
[INFO] --- dependency:3.7.1:list (deplist) @ ozone-filesystem ---
[INFO] Can't extract module name from hdds-interface-client-1.5.0-SNAPSHOT.jar: hdds.interface.client: Invalid module name: 'interface' is not a Java identifier
[INFO] Can't extract module name from hadoop-shaded-protobuf_3_7-1.1.1.jar: hadoop.shaded.protobuf.3.7: Invalid module name: '3' is not a Java identifier
[INFO] Can't extract module name from hdds-interface-admin-1.5.0-SNAPSHOT.jar: hdds.interface.admin: Invalid module name: 'interface' is not a Java identifier
[INFO] Can't extract module name from ozone-interface-client-1.5.0-SNAPSHOT.jar: ozone.interface.client: Invalid module name: 'interface' is not a Java identifier
[INFO] 
[INFO] --- resources:3.1.0:testResources (default-testResources) @ ozone-filesystem ---
[INFO] Using 'UTF-8' encoding to copy filtered resources.
[INFO] skip non existing resourceDirectory /home/runner/work/sonar-analysis/sonar-analysis/project/hadoop-ozone/ozonefs/src/test/resources
[INFO] Copying 2 resources
[INFO] 
[INFO] --- compiler:3.9.0:testCompile (default-testCompile) @ ozone-filesystem ---
[INFO] No sources to compile
[INFO] 
[INFO] --- surefire:3.0.0-M4:test (default-test) @ ozone-filesystem ---
[INFO] Tests are skipped.
[INFO] Skipped
[INFO] 
[INFO] --- dependency:3.7.1:build-classpath (add-classpath-descriptor) @ ozone-filesystem ---
[INFO] Wrote classpath file '/home/runner/work/sonar-analysis/sonar-analysis/project/hadoop-ozone/ozonefs/target/classes/ozone-filesystem.classpath'.
[INFO] 
[INFO] --- jar:3.4.2:jar (default-jar) @ ozone-filesystem ---
[INFO] Building jar: /home/runner/work/sonar-analysis/sonar-analysis/project/hadoop-ozone/ozonefs/target/ozone-filesystem-1.5.0-SNAPSHOT.jar
[INFO] 
[INFO] --- jar:3.4.2:test-jar (default) @ ozone-filesystem ---
[INFO] Building jar: /home/runner/work/sonar-analysis/sonar-analysis/project/hadoop-ozone/ozonefs/target/ozone-filesystem-1.5.0-SNAPSHOT-tests.jar
[INFO] 
[INFO] --- install:3.1.3:install (default-install) @ ozone-filesystem ---
[INFO] Installing /home/runner/work/sonar-analysis/sonar-analysis/project/hadoop-ozone/ozonefs/pom.xml to /home/runner/.m2/repository/org/apache/ozone/ozone-filesystem/1.5.0-SNAPSHOT/ozone-filesystem-1.5.0-SNAPSHOT.pom
[INFO] Installing /home/runner/work/sonar-analysis/sonar-analysis/project/hadoop-ozone/ozonefs/target/ozone-filesystem-1.5.0-SNAPSHOT.jar to /home/runner/.m2/repository/org/apache/ozone/ozone-filesystem/1.5.0-SNAPSHOT/ozone-filesystem-1.5.0-SNAPSHOT.jar
[INFO] Installing /home/runner/work/sonar-analysis/sonar-analysis/project/hadoop-ozone/ozonefs/target/ozone-filesystem-1.5.0-SNAPSHOT-tests.jar to /home/runner/.m2/repository/org/apache/ozone/ozone-filesystem/1.5.0-SNAPSHOT/ozone-filesystem-1.5.0-SNAPSHOT-tests.jar
[INFO] 
[INFO] ----------------< org.apache.ozone:ozone-reconcodegen >-----------------
[INFO] Building Apache Ozone Recon CodeGen 1.5.0-SNAPSHOT               [34/51]
[INFO]   from hadoop-ozone/recon-codegen/pom.xml
[INFO] --------------------------------[ jar ]---------------------------------
[INFO] 
[INFO] --- clean:3.4.0:clean (default-clean) @ ozone-reconcodegen ---
[INFO] Deleting /home/runner/work/sonar-analysis/sonar-analysis/project/hadoop-ozone/recon-codegen/target
[INFO] Deleting /home/runner/work/sonar-analysis/sonar-analysis/project/hadoop-ozone/recon-codegen (includes = [dependency-reduced-pom.xml], excludes = [])
[INFO] 
[INFO] --- antrun:3.1.0:run (create-testdirs) @ ozone-reconcodegen ---
[INFO] Executing tasks
[INFO]     [mkdir] Created dir: /home/runner/work/sonar-analysis/sonar-analysis/project/hadoop-ozone/recon-codegen/target/test-dir
[INFO] Executed tasks
[INFO] 
[INFO] --- enforcer:3.5.0:enforce (depcheck) @ ozone-reconcodegen ---
[INFO] Skipping Rule Enforcement.
[INFO] 
[INFO] --- jacoco:0.8.12:prepare-agent (default-prepare-agent) @ ozone-reconcodegen ---
[INFO] argLine set to -javaagent:/home/runner/.m2/repository/org/jacoco/org.jacoco.agent/0.8.12/org.jacoco.agent-0.8.12-runtime.jar=destfile=/home/runner/work/sonar-analysis/sonar-analysis/project/hadoop-ozone/recon-codegen/target/jacoco.exec,includes=org.apache.hadoop.hdds.*:org.apache.hadoop.ozone.*:org.apache.hadoop.fs.ozone.*:org.apache.ozone.*:org.hadoop.ozone.*
[INFO] 
[INFO] --- enforcer:3.5.0:enforce (banned-rocksdb-imports) @ ozone-reconcodegen ---
[INFO] Skipping Rule Enforcement.
[INFO] 
[INFO] --- enforcer:3.5.0:enforce (ban-imports) @ ozone-reconcodegen ---
[INFO] Skipping Rule Enforcement.
[INFO] 
[INFO] --- enforcer:3.5.0:enforce (ban-annotations) @ ozone-reconcodegen ---
[INFO] Skipping Rule Enforcement.
[INFO] 
[INFO] --- remote-resources:1.7.0:process (default) @ ozone-reconcodegen ---
[INFO] Preparing remote bundle org.apache.ozone:ozone-dev-support:1.5.0-SNAPSHOT
[INFO] Copying 2 resources from 1 bundle.
[INFO] 
[INFO] --- resources:3.1.0:resources (default-resources) @ ozone-reconcodegen ---
[INFO] Using 'UTF-8' encoding to copy filtered resources.
[INFO] skip non existing resourceDirectory /home/runner/work/sonar-analysis/sonar-analysis/project/hadoop-ozone/recon-codegen/src/main/resources
[INFO] Copying 2 resources
[INFO] 
[INFO] --- compiler:3.9.0:compile (default-compile) @ ozone-reconcodegen ---
[INFO] Compiling 12 source files to /home/runner/work/sonar-analysis/sonar-analysis/project/hadoop-ozone/recon-codegen/target/classes
[INFO] 
[INFO] --- resources:3.1.0:testResources (default-testResources) @ ozone-reconcodegen ---
[INFO] Not copying test resources
[INFO] 
[INFO] --- compiler:3.9.0:testCompile (default-testCompile) @ ozone-reconcodegen ---
[INFO] Skipped
[INFO] 
[INFO] --- surefire:3.0.0-M4:test (default-test) @ ozone-reconcodegen ---
[INFO] Tests are skipped.
[INFO] Skipped
[INFO] 
[INFO] --- dependency:3.7.1:build-classpath (add-classpath-descriptor) @ ozone-reconcodegen ---
[INFO] Wrote classpath file '/home/runner/work/sonar-analysis/sonar-analysis/project/hadoop-ozone/recon-codegen/target/classes/ozone-reconcodegen.classpath'.
[INFO] 
[INFO] --- jar:3.4.2:jar (default-jar) @ ozone-reconcodegen ---
[INFO] Building jar: /home/runner/work/sonar-analysis/sonar-analysis/project/hadoop-ozone/recon-codegen/target/ozone-reconcodegen-1.5.0-SNAPSHOT.jar
[INFO] 
[INFO] --- jar:3.4.2:test-jar (default) @ ozone-reconcodegen ---
[INFO] Skipping packaging of the test-jar
[INFO] 
[INFO] --- install:3.1.3:install (default-install) @ ozone-reconcodegen ---
[INFO] Installing /home/runner/work/sonar-analysis/sonar-analysis/project/hadoop-ozone/recon-codegen/pom.xml to /home/runner/.m2/repository/org/apache/ozone/ozone-reconcodegen/1.5.0-SNAPSHOT/ozone-reconcodegen-1.5.0-SNAPSHOT.pom
[INFO] Installing /home/runner/work/sonar-analysis/sonar-analysis/project/hadoop-ozone/recon-codegen/target/ozone-reconcodegen-1.5.0-SNAPSHOT.jar to /home/runner/.m2/repository/org/apache/ozone/ozone-reconcodegen/1.5.0-SNAPSHOT/ozone-reconcodegen-1.5.0-SNAPSHOT.jar
[INFO] 
[INFO] --------------------< org.apache.ozone:ozone-recon >--------------------
[INFO] Building Apache Ozone Recon 1.5.0-SNAPSHOT                       [35/51]
[INFO]   from hadoop-ozone/recon/pom.xml
[INFO] --------------------------------[ jar ]---------------------------------
[INFO] 
[INFO] --- clean:3.4.0:clean (default-clean) @ ozone-recon ---
[INFO] Deleting /home/runner/work/sonar-analysis/sonar-analysis/project/hadoop-ozone/recon/target
[INFO] Deleting /home/runner/work/sonar-analysis/sonar-analysis/project/hadoop-ozone/recon/src/main/resources/webapps/recon/ozone-recon-web/build (includes = [**], excludes = [])
[INFO] Deleting /home/runner/work/sonar-analysis/sonar-analysis/project/hadoop-ozone/recon/src/main/resources/webapps/recon/ozone-recon-web/node_modules (includes = [**], excludes = [])
[INFO] 
[INFO] --- antrun:3.1.0:run (create-testdirs) @ ozone-recon ---
[INFO] Executing tasks
[INFO]     [mkdir] Created dir: /home/runner/work/sonar-analysis/sonar-analysis/project/hadoop-ozone/recon/target/test-dir
[INFO] Executed tasks
[INFO] 
[INFO] --- enforcer:3.5.0:enforce (depcheck) @ ozone-recon ---
[INFO] Skipping Rule Enforcement.
[INFO] 
[INFO] --- jacoco:0.8.12:prepare-agent (default-prepare-agent) @ ozone-recon ---
[INFO] argLine set to -javaagent:/home/runner/.m2/repository/org/jacoco/org.jacoco.agent/0.8.12/org.jacoco.agent-0.8.12-runtime.jar=destfile=/home/runner/work/sonar-analysis/sonar-analysis/project/hadoop-ozone/recon/target/jacoco.exec,includes=org.apache.hadoop.hdds.*:org.apache.hadoop.ozone.*:org.apache.hadoop.fs.ozone.*:org.apache.ozone.*:org.hadoop.ozone.*
[INFO] 
[INFO] --- build-helper:3.6.0:add-source (add-source) @ ozone-recon ---
[INFO] Source directory: /home/runner/work/sonar-analysis/sonar-analysis/project/hadoop-ozone/recon/target/generated-sources/java added.
[INFO] 
[INFO] --- enforcer:3.5.0:enforce (banned-rocksdb-imports) @ ozone-recon ---
[INFO] Skipping Rule Enforcement.
[INFO] 
[INFO] --- enforcer:3.5.0:enforce (ban-imports) @ ozone-recon ---
[INFO] Skipping Rule Enforcement.
[INFO] 
[INFO] --- enforcer:3.5.0:enforce (ban-annotations) @ ozone-recon ---
[INFO] Skipping Rule Enforcement.
[INFO] 
[INFO] --- exec:3.4.1:java (default) @ ozone-recon ---
log4j:WARN No appenders could be found for logger (org.hadoop.ozone.recon.codegen.SqlDbUtils).
log4j:WARN Please initialize the log4j system properly.
log4j:WARN See http://logging.apache.org/log4j/1.2/faq.html#noconfig for more info.
WARNING: An illegal reflective access operation has occurred
WARNING: Illegal reflective access by org.jooq.tools.reflect.Reflect (file:/home/runner/.m2/repository/org/jooq/jooq/3.11.10/jooq-3.11.10.jar) to constructor java.lang.invoke.MethodHandles$Lookup(java.lang.Class)
WARNING: Please consider reporting this to the maintainers of org.jooq.tools.reflect.Reflect
WARNING: Use --illegal-access=warn to enable warnings of further illegal reflective access operations
WARNING: All illegal access operations will be denied in a future release
[INFO] 
[INFO] --- frontend:1.15.0:install-node-and-npm (Install node and npm locally to the project) @ ozone-recon ---
[INFO] Installing node version v16.14.2
[INFO] Unpacking /home/runner/.m2/repository/com/github/eirslett/node/16.14.2/node-16.14.2-linux-x64.tar.gz into /home/runner/work/sonar-analysis/sonar-analysis/project/hadoop-ozone/recon/target/node/tmp
[INFO] Copying node binary from /home/runner/work/sonar-analysis/sonar-analysis/project/hadoop-ozone/recon/target/node/tmp/node-v16.14.2-linux-x64/bin/node to /home/runner/work/sonar-analysis/sonar-analysis/project/hadoop-ozone/recon/target/node/node
[INFO] Extracting NPM
[INFO] Installed node locally.
[INFO] 
[INFO] --- frontend:1.15.0:npx (set pnpm@8.15.7 store path) @ ozone-recon ---
[INFO] npm not inheriting proxy config from Maven
[INFO] Running 'npx pnpm@8.15.7 config set store-dir ~/.pnpm-store' in /home/runner/work/sonar-analysis/sonar-analysis/project/hadoop-ozone/recon/src/main/resources/webapps/recon/ozone-recon-web
[INFO] 
[INFO] --- frontend:1.15.0:npx (install frontend dependencies) @ ozone-recon ---
[INFO] npm not inheriting proxy config from Maven
[INFO] Running 'npx pnpm@8.15.7 install --frozen-lockfile' in /home/runner/work/sonar-analysis/sonar-analysis/project/hadoop-ozone/recon/src/main/resources/webapps/recon/ozone-recon-web
[INFO] Lockfile is up to date, resolution step is skipped
[INFO] Progress: resolved 1, reused 0, downloaded 0, added 0
[INFO] Packages: +871
[INFO] ++++++++++++++++++++++++++++++++++++++++++++++++++++++++++++++++++++++++++++++++
[INFO] Progress: resolved 871, reused 871, downloaded 0, added 33
[INFO] Progress: resolved 871, reused 871, downloaded 0, added 871, done
[INFO] 
[INFO] dependencies:
[INFO] + @ant-design/icons 4.8.3
[INFO] + @fontsource/roboto 4.5.8
[INFO] + ag-charts-community 7.3.0
[INFO] + ag-charts-react 7.3.0
[INFO] + antd 4.10.3
[INFO] + axios 0.28.1
[INFO] + classnames 2.5.1
[INFO] + echarts 5.5.1
[INFO] + filesize 6.4.0
[INFO] + less 3.13.1
[INFO] + moment 2.30.1
[INFO] + pretty-ms 5.1.0
[INFO] + react 16.14.0
[INFO] + react-dom 16.14.0
[INFO] + react-router 5.3.4
[INFO] + react-router-dom 5.3.4
[INFO] + react-select 3.2.0
[INFO] + typescript 4.9.5
[INFO] 
[INFO] devDependencies:
[INFO] + @testing-library/jest-dom 6.5.0
[INFO] + @testing-library/react 12.1.5
[INFO] + @types/react 16.8.15
[INFO] + @types/react-dom 16.8.4
[INFO] + @types/react-router-dom 5.3.3
[INFO] + @types/react-select 3.1.2
[INFO] + @typescript-eslint/eslint-plugin 5.62.0
[INFO] + @typescript-eslint/parser 5.62.0
[INFO] + @vitejs/plugin-react-swc 3.7.0
[INFO] + eslint 7.32.0
[INFO] + eslint-config-prettier 8.10.0
[INFO] + eslint-plugin-prettier 3.4.1
[INFO] + jsdom 24.1.3
[INFO] + json-server 0.15.1
[INFO] + msw 1.3.3
[INFO] + npm-run-all 4.1.5
[INFO] + prettier 2.8.8
[INFO] + vite 4.5.5
[INFO] + vite-tsconfig-paths 3.6.0
[INFO] + vitest 1.6.0
[INFO] 
[INFO] Done in 3s
[INFO] 
[INFO] --- frontend:1.15.0:npx (Build frontend) @ ozone-recon ---
[INFO] npm not inheriting proxy config from Maven
[INFO] Running 'npx pnpm@8.15.7 run build' in /home/runner/work/sonar-analysis/sonar-analysis/project/hadoop-ozone/recon/src/main/resources/webapps/recon/ozone-recon-web
[INFO] 
[INFO] > ozone-recon@0.2.0 build /home/runner/work/sonar-analysis/sonar-analysis/project/hadoop-ozone/recon/src/main/resources/webapps/recon/ozone-recon-web
[INFO] > vite build
[INFO] 
[INFO] vite v4.5.5 building for production...
[INFO] transforming...
[INFO] node_modules/.pnpm/ag-charts-community@7.3.0/node_modules/ag-charts-community/dist/esm/es5/scene/changeDetectable.js (15:8) Use of eval in "node_modules/.pnpm/ag-charts-community@7.3.0/node_modules/ag-charts-community/dist/esm/es5/scene/changeDetectable.js" is strongly discouraged as it poses security risks and may cause issues with minification.
[INFO] node_modules/.pnpm/ag-charts-community@7.3.0/node_modules/ag-charts-community/dist/esm/es5/scene/changeDetectable.js (47:21) Use of eval in "node_modules/.pnpm/ag-charts-community@7.3.0/node_modules/ag-charts-community/dist/esm/es5/scene/changeDetectable.js" is strongly discouraged as it poses security risks and may cause issues with minification.
[INFO] node_modules/.pnpm/ag-charts-community@7.3.0/node_modules/ag-charts-community/dist/esm/es5/scene/changeDetectable.js (48:21) Use of eval in "node_modules/.pnpm/ag-charts-community@7.3.0/node_modules/ag-charts-community/dist/esm/es5/scene/changeDetectable.js" is strongly discouraged as it poses security risks and may cause issues with minification.
[INFO] ✓ 3802 modules transformed.
[INFO] rendering chunks...
[INFO] computing gzip size...
[INFO] build/index.html                                                      2.54 kB │ gzip:   1.27 kB
[INFO] build/static/media/roboto-vietnamese-300-normal-51f3f418.woff2        5.47 kB
[INFO] build/static/media/roboto-vietnamese-400-normal-77b24796.woff2        5.56 kB
[INFO] build/static/media/roboto-vietnamese-400-normal-77b24796.woff2        5.56 kB
[INFO] (!) Some chunks are larger than 500 kBs after minification. Consider:
[INFO] - Using dynamic import() to code-split the application
[INFO] - Use build.rollupOptions.output.manualChunks to improve chunking: https://rollupjs.org/configuration-options/#output-manualchunks
[INFO] - Adjust chunk size limit for this warning via build.chunkSizeWarningLimit.
[INFO] build/static/media/roboto-vietnamese-500-normal-0948409a.woff2        5.60 kB
[INFO] build/static/media/roboto-greek-500-normal-713780d8.woff2             7.02 kB
[INFO] build/static/media/roboto-greek-400-normal-daf51ab5.woff2             7.11 kB
[INFO] build/static/media/roboto-greek-300-normal-455c2c1a.woff2             7.12 kB
[INFO] build/static/media/roboto-cyrillic-300-normal-47aa3bfa.woff2          9.58 kB
[INFO] build/static/media/roboto-cyrillic-400-normal-495d38d4.woff2          9.63 kB
[INFO] build/static/media/roboto-cyrillic-500-normal-3728fbdd.woff2          9.84 kB
[INFO] build/static/media/roboto-latin-ext-300-normal-b076e863.woff2        11.80 kB
[INFO] build/static/media/roboto-latin-ext-500-normal-7f1c829b.woff2        11.80 kB
[INFO] build/static/media/roboto-latin-ext-400-normal-3c23eb02.woff2        11.87 kB
[INFO] build/static/media/roboto-cyrillic-ext-500-normal-aeed0e51.woff2     14.97 kB
[INFO] build/static/media/roboto-cyrillic-ext-300-normal-435e4b7f.woff2     15.00 kB
[INFO] build/static/media/roboto-cyrillic-ext-400-normal-b7ef2cd1.woff2     15.34 kB
[INFO] build/static/media/roboto-latin-300-normal-f7591131.woff2            15.74 kB
[INFO] build/static/media/roboto-latin-400-normal-f6734f81.woff2            15.74 kB
[INFO] build/static/media/roboto-latin-500-normal-b0195382.woff2            15.92 kB
[INFO] build/static/media/logo-d71f2328.png                                 22.48 kB
[INFO] build/static/media/roboto-all-300-normal-6d79427c.woff               65.16 kB
[INFO] build/static/media/roboto-all-400-normal-e41533d5.woff               65.46 kB
[INFO] build/static/media/roboto-all-500-normal-8f838c80.woff               65.76 kB
[INFO] build/static/css/overview-57f83ddc.css                                0.09 kB │ gzip:   0.10 kB
[INFO] build/static/css/volumes-126773a9.css                                 0.33 kB │ gzip:   0.19 kB
[INFO] build/static/css/pipelines-98e3abbf.css                               0.44 kB │ gzip:   0.23 kB
[INFO] build/static/css/diskUsage-3326c333.css                               0.66 kB │ gzip:   0.34 kB
[INFO] build/static/css/datanodes-ce2bb3ab.css                               0.68 kB │ gzip:   0.33 kB
[INFO] build/static/css/index-634d9d9f.css                                 521.34 kB │ gzip:  71.78 kB
[INFO] build/static/js/momentUtils-e83c0494.js                               0.62 kB │ gzip:   0.40 kB
[INFO] build/static/js/eChart-394bd56c.js                                    1.11 kB │ gzip:   0.60 kB
[INFO] build/static/js/select.constants-a3b26da2.js                          1.14 kB │ gzip:   0.59 kB
[INFO] build/static/js/aclDrawer-e9e8347c.js                                 1.26 kB │ gzip:   0.72 kB
[INFO] build/static/js/singleSelect-c9fa2183.js                              1.30 kB │ gzip:   0.70 kB
[INFO] build/static/js/debounce.hook-ad0d843e.js                             2.33 kB │ gzip:   1.17 kB
[INFO] build/static/js/pipelines-d9370e40.js                                 4.93 kB │ gzip:   2.09 kB
[INFO] build/static/js/volumes-363eebbc.js                                   5.04 kB │ gzip:   2.17 kB
[INFO] build/static/js/buckets-f438f630.js                                   7.38 kB │ gzip:   2.94 kB
[INFO] build/static/js/diskUsage-83148223.js                                 8.94 kB │ gzip:   3.64 kB
[INFO] build/static/js/datanodes-4ce8fa6c.js                                11.91 kB │ gzip:   4.37 kB
[INFO] build/static/js/overview-57c63968.js                                 12.69 kB │ gzip:   4.27 kB
[INFO] build/static/js/index-d6038d54.js                                   106.94 kB │ gzip:  27.55 kB
[INFO] build/static/js/vendor-a81eef52.js                                3,134.09 kB │ gzip: 893.38 kB
[INFO] ✓ built in 19.67s
[INFO] 
[INFO] --- remote-resources:1.7.0:process (default) @ ozone-recon ---
[INFO] Preparing remote bundle org.apache.ozone:ozone-dev-support:1.5.0-SNAPSHOT
[INFO] Copying 2 resources from 1 bundle.
[INFO] 
[INFO] --- resources:3.1.0:resources (default-resources) @ ozone-recon ---
[INFO] Using 'UTF-8' encoding to copy filtered resources.
[INFO] Copying 177 resources
[INFO] Copying 2 resources
[INFO] 
[INFO] --- resources:3.1.0:copy-resources (Copy frontend build to target) @ ozone-recon ---
[INFO] Using 'UTF-8' encoding to copy filtered resources.
[INFO] Copying 46 resources
[INFO] 
[INFO] --- resources:3.1.0:copy-resources (Copy frontend static files to target) @ ozone-recon ---
[INFO] Using 'UTF-8' encoding to copy filtered resources.
[INFO] Copying 43 resources
[INFO] 
[INFO] --- compiler:3.9.0:compile (default-compile) @ ozone-recon ---
[INFO] Compiling 217 source files to /home/runner/work/sonar-analysis/sonar-analysis/project/hadoop-ozone/recon/target/classes
[INFO] /home/runner/work/sonar-analysis/sonar-analysis/project/hadoop-ozone/recon/src/main/java/org/apache/hadoop/ozone/recon/spi/impl/KeyPrefixContainerCodec.java: Some input files use or override a deprecated API.
[INFO] /home/runner/work/sonar-analysis/sonar-analysis/project/hadoop-ozone/recon/src/main/java/org/apache/hadoop/ozone/recon/spi/impl/KeyPrefixContainerCodec.java: Recompile with -Xlint:deprecation for details.
[INFO] /home/runner/work/sonar-analysis/sonar-analysis/project/hadoop-ozone/recon/src/main/java/org/apache/hadoop/ozone/recon/ReconControllerModule.java: Some input files use unchecked or unsafe operations.
[INFO] /home/runner/work/sonar-analysis/sonar-analysis/project/hadoop-ozone/recon/src/main/java/org/apache/hadoop/ozone/recon/ReconControllerModule.java: Recompile with -Xlint:unchecked for details.
[INFO] 
[INFO] --- resources:3.1.0:testResources (default-testResources) @ ozone-recon ---
[INFO] Using 'UTF-8' encoding to copy filtered resources.
[INFO] Copying 2 resources
[INFO] Copying 2 resources
[INFO] 
[INFO] --- compiler:3.9.0:testCompile (default-testCompile) @ ozone-recon ---
[INFO] Compiling 63 source files to /home/runner/work/sonar-analysis/sonar-analysis/project/hadoop-ozone/recon/target/test-classes
[INFO] /home/runner/work/sonar-analysis/sonar-analysis/project/hadoop-ozone/recon/src/test/java/org/apache/hadoop/ozone/recon/api/filters/TestAdminFilter.java: Some input files use or override a deprecated API.
[INFO] /home/runner/work/sonar-analysis/sonar-analysis/project/hadoop-ozone/recon/src/test/java/org/apache/hadoop/ozone/recon/api/filters/TestAdminFilter.java: Recompile with -Xlint:deprecation for details.
[INFO] /home/runner/work/sonar-analysis/sonar-analysis/project/hadoop-ozone/recon/src/test/java/org/apache/hadoop/ozone/recon/OMMetadataManagerTestUtils.java: Some input files use unchecked or unsafe operations.
[INFO] /home/runner/work/sonar-analysis/sonar-analysis/project/hadoop-ozone/recon/src/test/java/org/apache/hadoop/ozone/recon/OMMetadataManagerTestUtils.java: Recompile with -Xlint:unchecked for details.
[INFO] 
[INFO] --- surefire:3.0.0-M4:test (default-test) @ ozone-recon ---
[INFO] Tests are skipped.
[INFO] Skipped
[INFO] 
[INFO] --- dependency:3.7.1:build-classpath (add-classpath-descriptor) @ ozone-recon ---
[INFO] Wrote classpath file '/home/runner/work/sonar-analysis/sonar-analysis/project/hadoop-ozone/recon/target/classes/ozone-recon.classpath'.
[INFO] 
[INFO] --- jar:3.4.2:jar (default-jar) @ ozone-recon ---
[INFO] Building jar: /home/runner/work/sonar-analysis/sonar-analysis/project/hadoop-ozone/recon/target/ozone-recon-1.5.0-SNAPSHOT.jar
[INFO] 
[INFO] --- jar:3.4.2:test-jar (default) @ ozone-recon ---
[INFO] Building jar: /home/runner/work/sonar-analysis/sonar-analysis/project/hadoop-ozone/recon/target/ozone-recon-1.5.0-SNAPSHOT-tests.jar
[INFO] 
[INFO] --- install:3.1.3:install (default-install) @ ozone-recon ---
[INFO] Installing /home/runner/work/sonar-analysis/sonar-analysis/project/hadoop-ozone/recon/pom.xml to /home/runner/.m2/repository/org/apache/ozone/ozone-recon/1.5.0-SNAPSHOT/ozone-recon-1.5.0-SNAPSHOT.pom
[INFO] Installing /home/runner/work/sonar-analysis/sonar-analysis/project/hadoop-ozone/recon/target/ozone-recon-1.5.0-SNAPSHOT.jar to /home/runner/.m2/repository/org/apache/ozone/ozone-recon/1.5.0-SNAPSHOT/ozone-recon-1.5.0-SNAPSHOT.jar
[INFO] Installing /home/runner/work/sonar-analysis/sonar-analysis/project/hadoop-ozone/recon/target/ozone-recon-1.5.0-SNAPSHOT-tests.jar to /home/runner/.m2/repository/org/apache/ozone/ozone-recon/1.5.0-SNAPSHOT/ozone-recon-1.5.0-SNAPSHOT-tests.jar
[INFO] 
[INFO] --------------------< org.apache.ozone:ozone-tools >--------------------
[INFO] Building Apache Ozone Tools 1.5.0-SNAPSHOT                       [36/51]
[INFO]   from hadoop-ozone/tools/pom.xml
[INFO] --------------------------------[ jar ]---------------------------------
[INFO] 
[INFO] --- clean:3.4.0:clean (default-clean) @ ozone-tools ---
[INFO] Deleting /home/runner/work/sonar-analysis/sonar-analysis/project/hadoop-ozone/tools/target
[INFO] Deleting /home/runner/work/sonar-analysis/sonar-analysis/project/hadoop-ozone/tools (includes = [dependency-reduced-pom.xml], excludes = [])
[INFO] 
[INFO] --- antrun:3.1.0:run (create-testdirs) @ ozone-tools ---
[INFO] Executing tasks
[INFO]     [mkdir] Created dir: /home/runner/work/sonar-analysis/sonar-analysis/project/hadoop-ozone/tools/target/test-dir
[INFO] Executed tasks
[INFO] 
[INFO] --- enforcer:3.5.0:enforce (depcheck) @ ozone-tools ---
[INFO] Skipping Rule Enforcement.
[INFO] 
[INFO] --- jacoco:0.8.12:prepare-agent (default-prepare-agent) @ ozone-tools ---
[INFO] argLine set to -javaagent:/home/runner/.m2/repository/org/jacoco/org.jacoco.agent/0.8.12/org.jacoco.agent-0.8.12-runtime.jar=destfile=/home/runner/work/sonar-analysis/sonar-analysis/project/hadoop-ozone/tools/target/jacoco.exec,includes=org.apache.hadoop.hdds.*:org.apache.hadoop.ozone.*:org.apache.hadoop.fs.ozone.*:org.apache.ozone.*:org.hadoop.ozone.*
[INFO] 
[INFO] --- enforcer:3.5.0:enforce (banned-rocksdb-imports) @ ozone-tools ---
[INFO] Skipping Rule Enforcement.
[INFO] 
[INFO] --- enforcer:3.5.0:enforce (ban-imports) @ ozone-tools ---
[INFO] Skipping Rule Enforcement.
[INFO] 
[INFO] --- enforcer:3.5.0:enforce (ban-annotations) @ ozone-tools ---
[INFO] Skipping Rule Enforcement.
[INFO] 
[INFO] --- remote-resources:1.7.0:process (default) @ ozone-tools ---
[INFO] Preparing remote bundle org.apache.ozone:ozone-dev-support:1.5.0-SNAPSHOT
[INFO] Copying 2 resources from 1 bundle.
[INFO] 
[INFO] --- resources:3.1.0:resources (default-resources) @ ozone-tools ---
[INFO] Using 'UTF-8' encoding to copy filtered resources.
[INFO] Copying 3 resources
[INFO] Copying 2 resources
[INFO] 
[INFO] --- compiler:3.9.0:compile (default-compile) @ ozone-tools ---
[INFO] Compiling 281 source files to /home/runner/work/sonar-analysis/sonar-analysis/project/hadoop-ozone/tools/target/classes
[INFO] /home/runner/work/sonar-analysis/sonar-analysis/project/hadoop-ozone/tools/src/main/java/org/apache/hadoop/ozone/repair/quota/QuotaRepair.java: Some input files use or override a deprecated API.
[INFO] /home/runner/work/sonar-analysis/sonar-analysis/project/hadoop-ozone/tools/src/main/java/org/apache/hadoop/ozone/repair/quota/QuotaRepair.java: Recompile with -Xlint:deprecation for details.
[INFO] /home/runner/work/sonar-analysis/sonar-analysis/project/hadoop-ozone/tools/src/main/java/org/apache/hadoop/ozone/shell/token/TokenOption.java: Some input files use unchecked or unsafe operations.
[INFO] /home/runner/work/sonar-analysis/sonar-analysis/project/hadoop-ozone/tools/src/main/java/org/apache/hadoop/ozone/shell/token/TokenOption.java: Recompile with -Xlint:unchecked for details.
[INFO] 
[INFO] --- resources:3.1.0:testResources (default-testResources) @ ozone-tools ---
[INFO] Using 'UTF-8' encoding to copy filtered resources.
[INFO] Copying 4 resources
[INFO] Copying 2 resources
[INFO] 
[INFO] --- compiler:3.9.0:testCompile (default-testCompile) @ ozone-tools ---
[INFO] Compiling 23 source files to /home/runner/work/sonar-analysis/sonar-analysis/project/hadoop-ozone/tools/target/test-classes
[INFO] /home/runner/work/sonar-analysis/sonar-analysis/project/hadoop-ozone/tools/src/test/java/org/apache/hadoop/ozone/audit/parser/TestAuditParser.java: Some input files use or override a deprecated API.
[INFO] /home/runner/work/sonar-analysis/sonar-analysis/project/hadoop-ozone/tools/src/test/java/org/apache/hadoop/ozone/audit/parser/TestAuditParser.java: Recompile with -Xlint:deprecation for details.
[INFO] /home/runner/work/sonar-analysis/sonar-analysis/project/hadoop-ozone/tools/src/test/java/org/apache/hadoop/ozone/audit/parser/TestAuditParser.java: Some input files use unchecked or unsafe operations.
[INFO] /home/runner/work/sonar-analysis/sonar-analysis/project/hadoop-ozone/tools/src/test/java/org/apache/hadoop/ozone/audit/parser/TestAuditParser.java: Recompile with -Xlint:unchecked for details.
[INFO] 
[INFO] --- surefire:3.0.0-M4:test (default-test) @ ozone-tools ---
[INFO] Tests are skipped.
[INFO] Skipped
[INFO] 
[INFO] --- dependency:3.7.1:build-classpath (add-classpath-descriptor) @ ozone-tools ---
[INFO] Wrote classpath file '/home/runner/work/sonar-analysis/sonar-analysis/project/hadoop-ozone/tools/target/classes/ozone-tools.classpath'.
[INFO] 
[INFO] --- jar:3.4.2:jar (default-jar) @ ozone-tools ---
[INFO] Building jar: /home/runner/work/sonar-analysis/sonar-analysis/project/hadoop-ozone/tools/target/ozone-tools-1.5.0-SNAPSHOT.jar
[INFO] 
[INFO] --- jar:3.4.2:test-jar (default) @ ozone-tools ---
[INFO] Building jar: /home/runner/work/sonar-analysis/sonar-analysis/project/hadoop-ozone/tools/target/ozone-tools-1.5.0-SNAPSHOT-tests.jar
[INFO] 
[INFO] --- install:3.1.3:install (default-install) @ ozone-tools ---
[INFO] Installing /home/runner/work/sonar-analysis/sonar-analysis/project/hadoop-ozone/tools/pom.xml to /home/runner/.m2/repository/org/apache/ozone/ozone-tools/1.5.0-SNAPSHOT/ozone-tools-1.5.0-SNAPSHOT.pom
[INFO] Installing /home/runner/work/sonar-analysis/sonar-analysis/project/hadoop-ozone/tools/target/ozone-tools-1.5.0-SNAPSHOT.jar to /home/runner/.m2/repository/org/apache/ozone/ozone-tools/1.5.0-SNAPSHOT/ozone-tools-1.5.0-SNAPSHOT.jar
[INFO] Installing /home/runner/work/sonar-analysis/sonar-analysis/project/hadoop-ozone/tools/target/ozone-tools-1.5.0-SNAPSHOT-tests.jar to /home/runner/.m2/repository/org/apache/ozone/ozone-tools/1.5.0-SNAPSHOT/ozone-tools-1.5.0-SNAPSHOT-tests.jar
[INFO] 
[INFO] ------------------< org.apache.ozone:ozone-s3gateway >------------------
[INFO] Building Apache Ozone S3 Gateway 1.5.0-SNAPSHOT                  [37/51]
[INFO]   from hadoop-ozone/s3gateway/pom.xml
[INFO] --------------------------------[ jar ]---------------------------------
[INFO] 
[INFO] --- clean:3.4.0:clean (default-clean) @ ozone-s3gateway ---
[INFO] Deleting /home/runner/work/sonar-analysis/sonar-analysis/project/hadoop-ozone/s3gateway/target
[INFO] Deleting /home/runner/work/sonar-analysis/sonar-analysis/project/hadoop-ozone/s3gateway (includes = [dependency-reduced-pom.xml], excludes = [])
[INFO] 
[INFO] --- antrun:3.1.0:run (create-testdirs) @ ozone-s3gateway ---
[INFO] Executing tasks
[INFO]     [mkdir] Created dir: /home/runner/work/sonar-analysis/sonar-analysis/project/hadoop-ozone/s3gateway/target/test-dir
[INFO] Executed tasks
[INFO] 
[INFO] --- enforcer:3.5.0:enforce (depcheck) @ ozone-s3gateway ---
[INFO] Skipping Rule Enforcement.
[INFO] 
[INFO] --- jacoco:0.8.12:prepare-agent (default-prepare-agent) @ ozone-s3gateway ---
[INFO] argLine set to -javaagent:/home/runner/.m2/repository/org/jacoco/org.jacoco.agent/0.8.12/org.jacoco.agent-0.8.12-runtime.jar=destfile=/home/runner/work/sonar-analysis/sonar-analysis/project/hadoop-ozone/s3gateway/target/jacoco.exec,includes=org.apache.hadoop.hdds.*:org.apache.hadoop.ozone.*:org.apache.hadoop.fs.ozone.*:org.apache.ozone.*:org.hadoop.ozone.*
[INFO] 
[INFO] --- enforcer:3.5.0:enforce (banned-rocksdb-imports) @ ozone-s3gateway ---
[INFO] Skipping Rule Enforcement.
[INFO] 
[INFO] --- enforcer:3.5.0:enforce (ban-imports) @ ozone-s3gateway ---
[INFO] Skipping Rule Enforcement.
[INFO] 
[INFO] --- enforcer:3.5.0:enforce (ban-annotations) @ ozone-s3gateway ---
[INFO] Skipping Rule Enforcement.
[INFO] 
[INFO] --- remote-resources:1.7.0:process (default) @ ozone-s3gateway ---
[INFO] Preparing remote bundle org.apache.ozone:ozone-dev-support:1.5.0-SNAPSHOT
[INFO] Copying 2 resources from 1 bundle.
[INFO] 
[INFO] --- resources:3.1.0:resources (default-resources) @ ozone-s3gateway ---
[INFO] Using 'UTF-8' encoding to copy filtered resources.
[INFO] Copying 6 resources
[INFO] Copying 2 resources
[INFO] 
[INFO] --- compiler:3.9.0:compile (default-compile) @ ozone-s3gateway ---
[INFO] Compiling 87 source files to /home/runner/work/sonar-analysis/sonar-analysis/project/hadoop-ozone/s3gateway/target/classes
[INFO] /home/runner/work/sonar-analysis/sonar-analysis/project/hadoop-ozone/s3gateway/src/main/java/org/apache/hadoop/ozone/s3/endpoint/BucketEndpoint.java: /home/runner/work/sonar-analysis/sonar-analysis/project/hadoop-ozone/s3gateway/src/main/java/org/apache/hadoop/ozone/s3/endpoint/BucketEndpoint.java uses or overrides a deprecated API.
[INFO] /home/runner/work/sonar-analysis/sonar-analysis/project/hadoop-ozone/s3gateway/src/main/java/org/apache/hadoop/ozone/s3/endpoint/BucketEndpoint.java: Recompile with -Xlint:deprecation for details.
[INFO] 
[INFO] --- resources:3.1.0:testResources (default-testResources) @ ozone-s3gateway ---
[INFO] Using 'UTF-8' encoding to copy filtered resources.
[INFO] Copying 4 resources
[INFO] Copying 2 resources
[INFO] 
[INFO] --- compiler:3.9.0:testCompile (default-testCompile) @ ozone-s3gateway ---
[INFO] Compiling 56 source files to /home/runner/work/sonar-analysis/sonar-analysis/project/hadoop-ozone/s3gateway/target/test-classes
[INFO] /home/runner/work/sonar-analysis/sonar-analysis/project/hadoop-ozone/s3gateway/src/test/java/org/apache/hadoop/ozone/protocolPB/TestGrpcOmTransport.java: Some input files use or override a deprecated API.
[INFO] /home/runner/work/sonar-analysis/sonar-analysis/project/hadoop-ozone/s3gateway/src/test/java/org/apache/hadoop/ozone/protocolPB/TestGrpcOmTransport.java: Recompile with -Xlint:deprecation for details.
[INFO] /home/runner/work/sonar-analysis/sonar-analysis/project/hadoop-ozone/s3gateway/src/test/java/org/apache/hadoop/ozone/s3/endpoint/TestPermissionCheck.java: Some input files use unchecked or unsafe operations.
[INFO] /home/runner/work/sonar-analysis/sonar-analysis/project/hadoop-ozone/s3gateway/src/test/java/org/apache/hadoop/ozone/s3/endpoint/TestPermissionCheck.java: Recompile with -Xlint:unchecked for details.
[INFO] 
[INFO] --- surefire:3.0.0-M4:test (default-test) @ ozone-s3gateway ---
[INFO] Tests are skipped.
[INFO] Skipped
[INFO] 
[INFO] --- dependency:3.7.1:build-classpath (add-classpath-descriptor) @ ozone-s3gateway ---
[INFO] Wrote classpath file '/home/runner/work/sonar-analysis/sonar-analysis/project/hadoop-ozone/s3gateway/target/classes/ozone-s3gateway.classpath'.
[INFO] 
[INFO] --- dependency:3.7.1:unpack (copy-common-html) @ ozone-s3gateway ---
[INFO] Configured Artifact: org.apache.ozone:hdds-server-framework:?:jar
[INFO] Configured Artifact: org.apache.ozone:hdds-docs:?:jar
[INFO] 
[INFO] --- jar:3.4.2:jar (default-jar) @ ozone-s3gateway ---
[INFO] Building jar: /home/runner/work/sonar-analysis/sonar-analysis/project/hadoop-ozone/s3gateway/target/ozone-s3gateway-1.5.0-SNAPSHOT.jar
[INFO] 
[INFO] --- jar:3.4.2:test-jar (default) @ ozone-s3gateway ---
[INFO] Building jar: /home/runner/work/sonar-analysis/sonar-analysis/project/hadoop-ozone/s3gateway/target/ozone-s3gateway-1.5.0-SNAPSHOT-tests.jar
[INFO] 
[INFO] --- install:3.1.3:install (default-install) @ ozone-s3gateway ---
[INFO] Installing /home/runner/work/sonar-analysis/sonar-analysis/project/hadoop-ozone/s3gateway/pom.xml to /home/runner/.m2/repository/org/apache/ozone/ozone-s3gateway/1.5.0-SNAPSHOT/ozone-s3gateway-1.5.0-SNAPSHOT.pom
[INFO] Installing /home/runner/work/sonar-analysis/sonar-analysis/project/hadoop-ozone/s3gateway/target/ozone-s3gateway-1.5.0-SNAPSHOT.jar to /home/runner/.m2/repository/org/apache/ozone/ozone-s3gateway/1.5.0-SNAPSHOT/ozone-s3gateway-1.5.0-SNAPSHOT.jar
[INFO] Installing /home/runner/work/sonar-analysis/sonar-analysis/project/hadoop-ozone/s3gateway/target/ozone-s3gateway-1.5.0-SNAPSHOT-tests.jar to /home/runner/.m2/repository/org/apache/ozone/ozone-s3gateway/1.5.0-SNAPSHOT/ozone-s3gateway-1.5.0-SNAPSHOT-tests.jar
[INFO] 
[INFO] ---------------------< org.apache.ozone:ozone-csi >---------------------
[INFO] Building Apache Ozone CSI service 1.5.0-SNAPSHOT                 [38/51]
[INFO]   from hadoop-ozone/csi/pom.xml
[INFO] --------------------------------[ jar ]---------------------------------
[INFO] 
[INFO] --- clean:3.4.0:clean (default-clean) @ ozone-csi ---
[INFO] Deleting /home/runner/work/sonar-analysis/sonar-analysis/project/hadoop-ozone/csi/target
[INFO] Deleting /home/runner/work/sonar-analysis/sonar-analysis/project/hadoop-ozone/csi (includes = [dependency-reduced-pom.xml], excludes = [])
[INFO] 
[INFO] --- antrun:3.1.0:run (create-testdirs) @ ozone-csi ---
[INFO] Executing tasks
[INFO]     [mkdir] Created dir: /home/runner/work/sonar-analysis/sonar-analysis/project/hadoop-ozone/csi/target/test-dir
[INFO] Executed tasks
[INFO] 
[INFO] --- jacoco:0.8.12:prepare-agent (default-prepare-agent) @ ozone-csi ---
[INFO] argLine set to -javaagent:/home/runner/.m2/repository/org/jacoco/org.jacoco.agent/0.8.12/org.jacoco.agent-0.8.12-runtime.jar=destfile=/home/runner/work/sonar-analysis/sonar-analysis/project/hadoop-ozone/csi/target/jacoco.exec,includes=org.apache.hadoop.hdds.*:org.apache.hadoop.ozone.*:org.apache.hadoop.fs.ozone.*:org.apache.ozone.*:org.hadoop.ozone.*
[INFO] 
[INFO] --- protobuf:0.6.1:compile (compile-protoc) @ ozone-csi ---
[INFO] Compiling 1 proto file(s) to /home/runner/work/sonar-analysis/sonar-analysis/project/hadoop-ozone/csi/target/generated-sources/java
[INFO] 
[INFO] --- protobuf:0.6.1:compile-custom (compile-protoc) @ ozone-csi ---
[INFO] Compiling 1 proto file(s) to /home/runner/work/sonar-analysis/sonar-analysis/project/hadoop-ozone/csi/target/generated-sources/java
[INFO] 
[INFO] --- enforcer:3.5.0:enforce (banned-rocksdb-imports) @ ozone-csi ---
[INFO] Skipping Rule Enforcement.
[INFO] 
[INFO] --- enforcer:3.5.0:enforce (ban-imports) @ ozone-csi ---
[INFO] Skipping Rule Enforcement.
[INFO] 
[INFO] --- enforcer:3.5.0:enforce (ban-annotations) @ ozone-csi ---
[INFO] Skipping Rule Enforcement.
[INFO] 
[INFO] --- remote-resources:1.7.0:process (default) @ ozone-csi ---
[INFO] Preparing remote bundle org.apache.ozone:ozone-dev-support:1.5.0-SNAPSHOT
[INFO] Copying 2 resources from 1 bundle.
[INFO] 
[INFO] --- resources:3.1.0:resources (default-resources) @ ozone-csi ---
[INFO] Using 'UTF-8' encoding to copy filtered resources.
[INFO] Copying 1 resource
[INFO] Copying 1 resource
[INFO] Copying 1 resource
[INFO] Copying 2 resources
[INFO] 
[INFO] --- compiler:3.9.0:compile (default-compile) @ ozone-csi ---
[INFO] Compiling 9 source files to /home/runner/work/sonar-analysis/sonar-analysis/project/hadoop-ozone/csi/target/classes
[INFO] 
[INFO] --- protobuf:0.6.1:test-compile (compile-protoc) @ ozone-csi ---
[INFO] /home/runner/work/sonar-analysis/sonar-analysis/project/hadoop-ozone/csi/src/test/proto does not exist. Review the configuration or consider disabling the plugin.
[INFO] 
[INFO] --- protobuf:0.6.1:test-compile-custom (compile-protoc) @ ozone-csi ---
[INFO] /home/runner/work/sonar-analysis/sonar-analysis/project/hadoop-ozone/csi/src/test/proto does not exist. Review the configuration or consider disabling the plugin.
[INFO] 
[INFO] --- resources:3.1.0:testResources (default-testResources) @ ozone-csi ---
[INFO] Not copying test resources
[INFO] 
[INFO] --- compiler:3.9.0:testCompile (default-testCompile) @ ozone-csi ---
[INFO] Skipped
[INFO] 
[INFO] --- surefire:3.0.0-M4:test (default-test) @ ozone-csi ---
[INFO] Tests are skipped.
[INFO] Skipped
[INFO] 
[INFO] --- dependency:3.7.1:build-classpath (add-classpath-descriptor) @ ozone-csi ---
[INFO] Wrote classpath file '/home/runner/work/sonar-analysis/sonar-analysis/project/hadoop-ozone/csi/target/classes/ozone-csi.classpath'.
[INFO] 
[INFO] --- jar:3.4.2:jar (default-jar) @ ozone-csi ---
[INFO] Building jar: /home/runner/work/sonar-analysis/sonar-analysis/project/hadoop-ozone/csi/target/ozone-csi-1.5.0-SNAPSHOT.jar
[INFO] 
[INFO] --- jar:3.4.2:test-jar (default) @ ozone-csi ---
[INFO] Skipping packaging of the test-jar
[INFO] 
[INFO] --- proto-backwards-compatibility:1.0.7:backwards-compatibility-check (default) @ ozone-csi ---
[INFO] protolock cmd line: /home/runner/work/sonar-analysis/sonar-analysis/project/hadoop-ozone/csi/target/protolock-bin/protolock status --lockdir=/home/runner/work/sonar-analysis/sonar-analysis/project/hadoop-ozone/csi/target/classes --protoroot=/home/runner/work/sonar-analysis/sonar-analysis/project/hadoop-ozone/csi/target/classes
[INFO] protolock cmd line: /home/runner/work/sonar-analysis/sonar-analysis/project/hadoop-ozone/csi/target/protolock-bin/protolock commit --lockdir=/home/runner/work/sonar-analysis/sonar-analysis/project/hadoop-ozone/csi/target/classes --protoroot=/home/runner/work/sonar-analysis/sonar-analysis/project/hadoop-ozone/csi/target/classes
[INFO] Backwards compatibility check passed.
[INFO] 
[INFO] --- install:3.1.3:install (default-install) @ ozone-csi ---
[INFO] Installing /home/runner/work/sonar-analysis/sonar-analysis/project/hadoop-ozone/csi/pom.xml to /home/runner/.m2/repository/org/apache/ozone/ozone-csi/1.5.0-SNAPSHOT/ozone-csi-1.5.0-SNAPSHOT.pom
[INFO] Installing /home/runner/work/sonar-analysis/sonar-analysis/project/hadoop-ozone/csi/target/ozone-csi-1.5.0-SNAPSHOT.jar to /home/runner/.m2/repository/org/apache/ozone/ozone-csi/1.5.0-SNAPSHOT/ozone-csi-1.5.0-SNAPSHOT.jar
[INFO] 
[INFO] --------------< org.apache.ozone:ozone-integration-test >---------------
[INFO] Building Apache Ozone Integration Tests 1.5.0-SNAPSHOT           [39/51]
[INFO]   from hadoop-ozone/integration-test/pom.xml
[INFO] --------------------------------[ jar ]---------------------------------
[INFO] 
[INFO] --- clean:3.4.0:clean (default-clean) @ ozone-integration-test ---
[INFO] Deleting /home/runner/work/sonar-analysis/sonar-analysis/project/hadoop-ozone/integration-test/target
[INFO] Deleting /home/runner/work/sonar-analysis/sonar-analysis/project/hadoop-ozone/integration-test (includes = [dependency-reduced-pom.xml], excludes = [])
[INFO] 
[INFO] --- antrun:3.1.0:run (create-testdirs) @ ozone-integration-test ---
[INFO] Executing tasks
[INFO]     [mkdir] Created dir: /home/runner/work/sonar-analysis/sonar-analysis/project/hadoop-ozone/integration-test/target/test-dir
[INFO] Executed tasks
[INFO] 
[INFO] --- enforcer:3.5.0:enforce (depcheck) @ ozone-integration-test ---
[INFO] Skipping Rule Enforcement.
[INFO] 
[INFO] --- jacoco:0.8.12:prepare-agent (default-prepare-agent) @ ozone-integration-test ---
[INFO] argLine set to -javaagent:/home/runner/.m2/repository/org/jacoco/org.jacoco.agent/0.8.12/org.jacoco.agent-0.8.12-runtime.jar=destfile=/home/runner/work/sonar-analysis/sonar-analysis/project/hadoop-ozone/integration-test/target/jacoco.exec,includes=org.apache.hadoop.hdds.*:org.apache.hadoop.ozone.*:org.apache.hadoop.fs.ozone.*:org.apache.ozone.*:org.hadoop.ozone.*
[INFO] 
[INFO] --- enforcer:3.5.0:enforce (banned-rocksdb-imports) @ ozone-integration-test ---
[INFO] Skipping Rule Enforcement.
[INFO] 
[INFO] --- enforcer:3.5.0:enforce (ban-imports) @ ozone-integration-test ---
[INFO] Skipping Rule Enforcement.
[INFO] 
[INFO] --- enforcer:3.5.0:enforce (ban-annotations) @ ozone-integration-test ---
[INFO] Skipping Rule Enforcement.
[INFO] 
[INFO] --- remote-resources:1.7.0:process (default) @ ozone-integration-test ---
[INFO] Preparing remote bundle org.apache.ozone:ozone-dev-support:1.5.0-SNAPSHOT
[INFO] Copying 2 resources from 1 bundle.
[INFO] 
[INFO] --- resources:3.1.0:resources (default-resources) @ ozone-integration-test ---
[INFO] Using 'UTF-8' encoding to copy filtered resources.
[INFO] skip non existing resourceDirectory /home/runner/work/sonar-analysis/sonar-analysis/project/hadoop-ozone/integration-test/src/main/resources
[INFO] Copying 2 resources
[INFO] 
[INFO] --- compiler:3.9.0:compile (default-compile) @ ozone-integration-test ---
[INFO] No sources to compile
[INFO] 
[INFO] --- resources:3.1.0:testResources (default-testResources) @ ozone-integration-test ---
[INFO] Using 'UTF-8' encoding to copy filtered resources.
[INFO] Copying 22 resources
[INFO] Copying 2 resources
[INFO] 
[INFO] --- compiler:3.9.0:testCompile (default-testCompile) @ ozone-integration-test ---
[INFO] Compiling 327 source files to /home/runner/work/sonar-analysis/sonar-analysis/project/hadoop-ozone/integration-test/target/test-classes
[INFO] /home/runner/work/sonar-analysis/sonar-analysis/project/hadoop-ozone/integration-test/src/test/java/org/apache/hadoop/hdds/scm/TestWatchForCommit.java: Some input files use or override a deprecated API.
[INFO] /home/runner/work/sonar-analysis/sonar-analysis/project/hadoop-ozone/integration-test/src/test/java/org/apache/hadoop/hdds/scm/TestWatchForCommit.java: Recompile with -Xlint:deprecation for details.
[INFO] /home/runner/work/sonar-analysis/sonar-analysis/project/hadoop-ozone/integration-test/src/test/java/org/apache/hadoop/ozone/MiniOzoneClusterImpl.java: Some input files use unchecked or unsafe operations.
[INFO] /home/runner/work/sonar-analysis/sonar-analysis/project/hadoop-ozone/integration-test/src/test/java/org/apache/hadoop/ozone/MiniOzoneClusterImpl.java: Recompile with -Xlint:unchecked for details.
[INFO] 
[INFO] --- surefire:3.0.0-M4:test (default-test) @ ozone-integration-test ---
[INFO] Tests are skipped.
[INFO] Skipped
[INFO] 
[INFO] --- jar:3.4.2:jar (default-jar) @ ozone-integration-test ---
[INFO] Building jar: /home/runner/work/sonar-analysis/sonar-analysis/project/hadoop-ozone/integration-test/target/ozone-integration-test-1.5.0-SNAPSHOT.jar
[INFO] 
[INFO] --- jar:3.4.2:test-jar (default) @ ozone-integration-test ---
[INFO] Building jar: /home/runner/work/sonar-analysis/sonar-analysis/project/hadoop-ozone/integration-test/target/ozone-integration-test-1.5.0-SNAPSHOT-tests.jar
[INFO] 
[INFO] --- install:3.1.3:install (default-install) @ ozone-integration-test ---
[INFO] Installing /home/runner/work/sonar-analysis/sonar-analysis/project/hadoop-ozone/integration-test/pom.xml to /home/runner/.m2/repository/org/apache/ozone/ozone-integration-test/1.5.0-SNAPSHOT/ozone-integration-test-1.5.0-SNAPSHOT.pom
[INFO] Installing /home/runner/work/sonar-analysis/sonar-analysis/project/hadoop-ozone/integration-test/target/ozone-integration-test-1.5.0-SNAPSHOT.jar to /home/runner/.m2/repository/org/apache/ozone/ozone-integration-test/1.5.0-SNAPSHOT/ozone-integration-test-1.5.0-SNAPSHOT.jar
[INFO] Installing /home/runner/work/sonar-analysis/sonar-analysis/project/hadoop-ozone/integration-test/target/ozone-integration-test-1.5.0-SNAPSHOT-tests.jar to /home/runner/.m2/repository/org/apache/ozone/ozone-integration-test/1.5.0-SNAPSHOT/ozone-integration-test-1.5.0-SNAPSHOT-tests.jar
[INFO] 
[INFO] ------------------< org.apache.ozone:ozone-datanode >-------------------
[INFO] Building Apache Ozone Datanode 1.5.0-SNAPSHOT                    [40/51]
[INFO]   from hadoop-ozone/datanode/pom.xml
[INFO] --------------------------------[ jar ]---------------------------------
[INFO] 
[INFO] --- clean:3.4.0:clean (default-clean) @ ozone-datanode ---
[INFO] Deleting /home/runner/work/sonar-analysis/sonar-analysis/project/hadoop-ozone/datanode/target
[INFO] Deleting /home/runner/work/sonar-analysis/sonar-analysis/project/hadoop-ozone/datanode (includes = [dependency-reduced-pom.xml], excludes = [])
[INFO] 
[INFO] --- antrun:3.1.0:run (create-testdirs) @ ozone-datanode ---
[INFO] Executing tasks
[INFO]     [mkdir] Created dir: /home/runner/work/sonar-analysis/sonar-analysis/project/hadoop-ozone/datanode/target/test-dir
[INFO] Executed tasks
[INFO] 
[INFO] --- enforcer:3.5.0:enforce (depcheck) @ ozone-datanode ---
[INFO] Skipping Rule Enforcement.
[INFO] 
[INFO] --- jacoco:0.8.12:prepare-agent (default-prepare-agent) @ ozone-datanode ---
[INFO] argLine set to -javaagent:/home/runner/.m2/repository/org/jacoco/org.jacoco.agent/0.8.12/org.jacoco.agent-0.8.12-runtime.jar=destfile=/home/runner/work/sonar-analysis/sonar-analysis/project/hadoop-ozone/datanode/target/jacoco.exec,includes=org.apache.hadoop.hdds.*:org.apache.hadoop.ozone.*:org.apache.hadoop.fs.ozone.*:org.apache.ozone.*:org.hadoop.ozone.*
[INFO] 
[INFO] --- enforcer:3.5.0:enforce (banned-rocksdb-imports) @ ozone-datanode ---
[INFO] Skipping Rule Enforcement.
[INFO] 
[INFO] --- enforcer:3.5.0:enforce (ban-imports) @ ozone-datanode ---
[INFO] Skipping Rule Enforcement.
[INFO] 
[INFO] --- enforcer:3.5.0:enforce (ban-annotations) @ ozone-datanode ---
[INFO] Skipping Rule Enforcement.
[INFO] 
[INFO] --- remote-resources:1.7.0:process (default) @ ozone-datanode ---
[INFO] Preparing remote bundle org.apache.ozone:ozone-dev-support:1.5.0-SNAPSHOT
[INFO] Copying 2 resources from 1 bundle.
[INFO] 
[INFO] --- resources:3.1.0:resources (default-resources) @ ozone-datanode ---
[INFO] Using 'UTF-8' encoding to copy filtered resources.
[INFO] skip non existing resourceDirectory /home/runner/work/sonar-analysis/sonar-analysis/project/hadoop-ozone/datanode/src/main/resources
[INFO] Copying 2 resources
[INFO] 
[INFO] --- compiler:3.9.0:compile (default-compile) @ ozone-datanode ---
[INFO] No sources to compile
[INFO] 
[INFO] --- resources:3.1.0:testResources (default-testResources) @ ozone-datanode ---
[INFO] Not copying test resources
[INFO] 
[INFO] --- compiler:3.9.0:testCompile (default-testCompile) @ ozone-datanode ---
[INFO] Skipped
[INFO] 
[INFO] --- surefire:3.0.0-M4:test (default-test) @ ozone-datanode ---
[INFO] Tests are skipped.
[INFO] Skipped
[INFO] 
[INFO] --- dependency:3.7.1:build-classpath (add-classpath-descriptor) @ ozone-datanode ---
[INFO] Wrote classpath file '/home/runner/work/sonar-analysis/sonar-analysis/project/hadoop-ozone/datanode/target/classes/ozone-datanode.classpath'.
[INFO] 
[INFO] --- jar:3.4.2:jar (default-jar) @ ozone-datanode ---
[INFO] Building jar: /home/runner/work/sonar-analysis/sonar-analysis/project/hadoop-ozone/datanode/target/ozone-datanode-1.5.0-SNAPSHOT.jar
[INFO] 
[INFO] --- jar:3.4.2:test-jar (default) @ ozone-datanode ---
[INFO] Skipping packaging of the test-jar
[INFO] 
[INFO] --- install:3.1.3:install (default-install) @ ozone-datanode ---
[INFO] Installing /home/runner/work/sonar-analysis/sonar-analysis/project/hadoop-ozone/datanode/pom.xml to /home/runner/.m2/repository/org/apache/ozone/ozone-datanode/1.5.0-SNAPSHOT/ozone-datanode-1.5.0-SNAPSHOT.pom
[INFO] Installing /home/runner/work/sonar-analysis/sonar-analysis/project/hadoop-ozone/datanode/target/ozone-datanode-1.5.0-SNAPSHOT.jar to /home/runner/.m2/repository/org/apache/ozone/ozone-datanode/1.5.0-SNAPSHOT/ozone-datanode-1.5.0-SNAPSHOT.jar
[INFO] 
[INFO] -------------------< org.apache.ozone:ozone-insight >-------------------
[INFO] Building Apache Ozone Insight Tool 1.5.0-SNAPSHOT                [41/51]
[INFO]   from hadoop-ozone/insight/pom.xml
[INFO] --------------------------------[ jar ]---------------------------------
[INFO] 
[INFO] --- clean:3.4.0:clean (default-clean) @ ozone-insight ---
[INFO] Deleting /home/runner/work/sonar-analysis/sonar-analysis/project/hadoop-ozone/insight/target
[INFO] Deleting /home/runner/work/sonar-analysis/sonar-analysis/project/hadoop-ozone/insight (includes = [dependency-reduced-pom.xml], excludes = [])
[INFO] 
[INFO] --- antrun:3.1.0:run (create-testdirs) @ ozone-insight ---
[INFO] Executing tasks
[INFO]     [mkdir] Created dir: /home/runner/work/sonar-analysis/sonar-analysis/project/hadoop-ozone/insight/target/test-dir
[INFO] Executed tasks
[INFO] 
[INFO] --- enforcer:3.5.0:enforce (depcheck) @ ozone-insight ---
[INFO] Skipping Rule Enforcement.
[INFO] 
[INFO] --- jacoco:0.8.12:prepare-agent (default-prepare-agent) @ ozone-insight ---
[INFO] argLine set to -javaagent:/home/runner/.m2/repository/org/jacoco/org.jacoco.agent/0.8.12/org.jacoco.agent-0.8.12-runtime.jar=destfile=/home/runner/work/sonar-analysis/sonar-analysis/project/hadoop-ozone/insight/target/jacoco.exec,includes=org.apache.hadoop.hdds.*:org.apache.hadoop.ozone.*:org.apache.hadoop.fs.ozone.*:org.apache.ozone.*:org.hadoop.ozone.*
[INFO] 
[INFO] --- enforcer:3.5.0:enforce (banned-rocksdb-imports) @ ozone-insight ---
[INFO] Skipping Rule Enforcement.
[INFO] 
[INFO] --- enforcer:3.5.0:enforce (ban-imports) @ ozone-insight ---
[INFO] Skipping Rule Enforcement.
[INFO] 
[INFO] --- enforcer:3.5.0:enforce (ban-annotations) @ ozone-insight ---
[INFO] Skipping Rule Enforcement.
[INFO] 
[INFO] --- remote-resources:1.7.0:process (default) @ ozone-insight ---
[INFO] Preparing remote bundle org.apache.ozone:ozone-dev-support:1.5.0-SNAPSHOT
[INFO] Copying 2 resources from 1 bundle.
[INFO] 
[INFO] --- resources:3.1.0:resources (default-resources) @ ozone-insight ---
[INFO] Using 'UTF-8' encoding to copy filtered resources.
[INFO] skip non existing resourceDirectory /home/runner/work/sonar-analysis/sonar-analysis/project/hadoop-ozone/insight/src/main/resources
[INFO] Copying 2 resources
[INFO] 
[INFO] --- compiler:3.9.0:compile (default-compile) @ ozone-insight ---
[INFO] Compiling 28 source files to /home/runner/work/sonar-analysis/sonar-analysis/project/hadoop-ozone/insight/target/classes
[INFO] /home/runner/work/sonar-analysis/sonar-analysis/project/hadoop-ozone/insight/src/main/java/org/apache/hadoop/ozone/insight/ConfigurationSubCommand.java: /home/runner/work/sonar-analysis/sonar-analysis/project/hadoop-ozone/insight/src/main/java/org/apache/hadoop/ozone/insight/ConfigurationSubCommand.java uses unchecked or unsafe operations.
[INFO] /home/runner/work/sonar-analysis/sonar-analysis/project/hadoop-ozone/insight/src/main/java/org/apache/hadoop/ozone/insight/ConfigurationSubCommand.java: Recompile with -Xlint:unchecked for details.
[INFO] 
[INFO] --- resources:3.1.0:testResources (default-testResources) @ ozone-insight ---
[INFO] Using 'UTF-8' encoding to copy filtered resources.
[INFO] Copying 1 resource
[INFO] Copying 2 resources
[INFO] 
[INFO] --- compiler:3.9.0:testCompile (default-testCompile) @ ozone-insight ---
[INFO] Compiling 3 source files to /home/runner/work/sonar-analysis/sonar-analysis/project/hadoop-ozone/insight/target/test-classes
[INFO] 
[INFO] --- surefire:3.0.0-M4:test (default-test) @ ozone-insight ---
[INFO] Tests are skipped.
[INFO] Skipped
[INFO] 
[INFO] --- dependency:3.7.1:build-classpath (add-classpath-descriptor) @ ozone-insight ---
[INFO] Wrote classpath file '/home/runner/work/sonar-analysis/sonar-analysis/project/hadoop-ozone/insight/target/classes/ozone-insight.classpath'.
[INFO] 
[INFO] --- jar:3.4.2:jar (default-jar) @ ozone-insight ---
[INFO] Building jar: /home/runner/work/sonar-analysis/sonar-analysis/project/hadoop-ozone/insight/target/ozone-insight-1.5.0-SNAPSHOT.jar
[INFO] 
[INFO] --- jar:3.4.2:test-jar (default) @ ozone-insight ---
[INFO] Building jar: /home/runner/work/sonar-analysis/sonar-analysis/project/hadoop-ozone/insight/target/ozone-insight-1.5.0-SNAPSHOT-tests.jar
[INFO] 
[INFO] --- install:3.1.3:install (default-install) @ ozone-insight ---
[INFO] Installing /home/runner/work/sonar-analysis/sonar-analysis/project/hadoop-ozone/insight/pom.xml to /home/runner/.m2/repository/org/apache/ozone/ozone-insight/1.5.0-SNAPSHOT/ozone-insight-1.5.0-SNAPSHOT.pom
[INFO] Installing /home/runner/work/sonar-analysis/sonar-analysis/project/hadoop-ozone/insight/target/ozone-insight-1.5.0-SNAPSHOT.jar to /home/runner/.m2/repository/org/apache/ozone/ozone-insight/1.5.0-SNAPSHOT/ozone-insight-1.5.0-SNAPSHOT.jar
[INFO] Installing /home/runner/work/sonar-analysis/sonar-analysis/project/hadoop-ozone/insight/target/ozone-insight-1.5.0-SNAPSHOT-tests.jar to /home/runner/.m2/repository/org/apache/ozone/ozone-insight/1.5.0-SNAPSHOT/ozone-insight-1.5.0-SNAPSHOT-tests.jar
[INFO] 
[INFO] ----------------< org.apache.ozone:ozone-httpfsgateway >----------------
[INFO] Building Apache Ozone HttpFS 1.5.0-SNAPSHOT                      [42/51]
[INFO]   from hadoop-ozone/httpfsgateway/pom.xml
[INFO] --------------------------------[ jar ]---------------------------------
[INFO] 
[INFO] --- clean:3.4.0:clean (default-clean) @ ozone-httpfsgateway ---
[INFO] Deleting /home/runner/work/sonar-analysis/sonar-analysis/project/hadoop-ozone/httpfsgateway/target
[INFO] Deleting /home/runner/work/sonar-analysis/sonar-analysis/project/hadoop-ozone/httpfsgateway (includes = [dependency-reduced-pom.xml], excludes = [])
[INFO] 
[INFO] --- antrun:3.1.0:run (create-testdirs) @ ozone-httpfsgateway ---
[INFO] Executing tasks
[INFO]     [mkdir] Created dir: /home/runner/work/sonar-analysis/sonar-analysis/project/hadoop-ozone/httpfsgateway/target/test-dir
[INFO] Executed tasks
[INFO] 
[INFO] --- enforcer:3.5.0:enforce (depcheck) @ ozone-httpfsgateway ---
[INFO] Skipping Rule Enforcement.
[INFO] 
[INFO] --- jacoco:0.8.12:prepare-agent (default-prepare-agent) @ ozone-httpfsgateway ---
[INFO] argLine set to -javaagent:/home/runner/.m2/repository/org/jacoco/org.jacoco.agent/0.8.12/org.jacoco.agent-0.8.12-runtime.jar=destfile=/home/runner/work/sonar-analysis/sonar-analysis/project/hadoop-ozone/httpfsgateway/target/jacoco.exec,includes=org.apache.hadoop.hdds.*:org.apache.hadoop.ozone.*:org.apache.hadoop.fs.ozone.*:org.apache.ozone.*:org.hadoop.ozone.*
[INFO] 
[INFO] --- enforcer:3.5.0:enforce (banned-rocksdb-imports) @ ozone-httpfsgateway ---
[INFO] Skipping Rule Enforcement.
[INFO] 
[INFO] --- enforcer:3.5.0:enforce (ban-imports) @ ozone-httpfsgateway ---
[INFO] Skipping Rule Enforcement.
[INFO] 
[INFO] --- enforcer:3.5.0:enforce (ban-annotations) @ ozone-httpfsgateway ---
[INFO] Skipping Rule Enforcement.
[INFO] 
[INFO] --- remote-resources:1.7.0:process (default) @ ozone-httpfsgateway ---
[INFO] Preparing remote bundle org.apache.ozone:ozone-dev-support:1.5.0-SNAPSHOT
[INFO] Copying 2 resources from 1 bundle.
[INFO] 
[INFO] --- resources:3.1.0:resources (default-resources) @ ozone-httpfsgateway ---
[INFO] Using 'UTF-8' encoding to copy filtered resources.
[INFO] Copying 1 resource
[INFO] Copying 4 resources
[INFO] Copying 2 resources
[INFO] 
[INFO] --- compiler:3.9.0:compile (default-compile) @ ozone-httpfsgateway ---
[INFO] Compiling 64 source files to /home/runner/work/sonar-analysis/sonar-analysis/project/hadoop-ozone/httpfsgateway/target/classes
[INFO] /home/runner/work/sonar-analysis/sonar-analysis/project/hadoop-ozone/httpfsgateway/src/main/java/org/apache/ozone/fs/http/server/FSOperations.java: /home/runner/work/sonar-analysis/sonar-analysis/project/hadoop-ozone/httpfsgateway/src/main/java/org/apache/ozone/fs/http/server/FSOperations.java uses or overrides a deprecated API.
[INFO] /home/runner/work/sonar-analysis/sonar-analysis/project/hadoop-ozone/httpfsgateway/src/main/java/org/apache/ozone/fs/http/server/FSOperations.java: Recompile with -Xlint:deprecation for details.
[INFO] /home/runner/work/sonar-analysis/sonar-analysis/project/hadoop-ozone/httpfsgateway/src/main/java/org/apache/ozone/lib/service/instrumentation/InstrumentationService.java: Some input files use unchecked or unsafe operations.
[INFO] /home/runner/work/sonar-analysis/sonar-analysis/project/hadoop-ozone/httpfsgateway/src/main/java/org/apache/ozone/lib/service/instrumentation/InstrumentationService.java: Recompile with -Xlint:unchecked for details.
[INFO] 
[INFO] --- antrun:3.1.0:run (create-web-xmls) @ ozone-httpfsgateway ---
[INFO] Executing tasks
[INFO]     [mkdir] Created dir: /home/runner/work/sonar-analysis/sonar-analysis/project/hadoop-ozone/httpfsgateway/target/test-classes/webapp
[INFO]      [copy] Copying 1 file to /home/runner/work/sonar-analysis/sonar-analysis/project/hadoop-ozone/httpfsgateway/target/test-classes/webapp
[INFO] Executed tasks
[INFO] 
[INFO] --- resources:3.1.0:testResources (default-testResources) @ ozone-httpfsgateway ---
[INFO] Not copying test resources
[INFO] 
[INFO] --- compiler:3.9.0:testCompile (default-testCompile) @ ozone-httpfsgateway ---
[INFO] Skipped
[INFO] 
[INFO] --- surefire:3.0.0-M4:test (default-test) @ ozone-httpfsgateway ---
[INFO] Tests are skipped.
[INFO] Skipped
[INFO] 
[INFO] --- dependency:3.7.1:build-classpath (add-classpath-descriptor) @ ozone-httpfsgateway ---
[INFO] Wrote classpath file '/home/runner/work/sonar-analysis/sonar-analysis/project/hadoop-ozone/httpfsgateway/target/classes/ozone-httpfsgateway.classpath'.
[INFO] 
[INFO] --- jar:3.4.2:jar (default-jar) @ ozone-httpfsgateway ---
[INFO] Building jar: /home/runner/work/sonar-analysis/sonar-analysis/project/hadoop-ozone/httpfsgateway/target/ozone-httpfsgateway-1.5.0-SNAPSHOT.jar
[INFO] 
[INFO] --- jar:3.4.2:test-jar (default) @ ozone-httpfsgateway ---
[INFO] Skipping packaging of the test-jar
[INFO] 
[INFO] --- install:3.1.3:install (default-install) @ ozone-httpfsgateway ---
[INFO] Installing /home/runner/work/sonar-analysis/sonar-analysis/project/hadoop-ozone/httpfsgateway/pom.xml to /home/runner/.m2/repository/org/apache/ozone/ozone-httpfsgateway/1.5.0-SNAPSHOT/ozone-httpfsgateway-1.5.0-SNAPSHOT.pom
[INFO] Installing /home/runner/work/sonar-analysis/sonar-analysis/project/hadoop-ozone/httpfsgateway/target/ozone-httpfsgateway-1.5.0-SNAPSHOT.jar to /home/runner/.m2/repository/org/apache/ozone/ozone-httpfsgateway/1.5.0-SNAPSHOT/ozone-httpfsgateway-1.5.0-SNAPSHOT.jar
[INFO] 
[INFO] ---------------< org.apache.ozone:ozone-s3-secret-store >---------------
[INFO] Building Apache Ozone S3 Secret Store 1.5.0-SNAPSHOT             [43/51]
[INFO]   from hadoop-ozone/s3-secret-store/pom.xml
[INFO] --------------------------------[ jar ]---------------------------------
[INFO] 
[INFO] --- clean:3.4.0:clean (default-clean) @ ozone-s3-secret-store ---
[INFO] Deleting /home/runner/work/sonar-analysis/sonar-analysis/project/hadoop-ozone/s3-secret-store/target
[INFO] Deleting /home/runner/work/sonar-analysis/sonar-analysis/project/hadoop-ozone/s3-secret-store (includes = [dependency-reduced-pom.xml], excludes = [])
[INFO] 
[INFO] --- antrun:3.1.0:run (create-testdirs) @ ozone-s3-secret-store ---
[INFO] Executing tasks
[INFO]     [mkdir] Created dir: /home/runner/work/sonar-analysis/sonar-analysis/project/hadoop-ozone/s3-secret-store/target/test-dir
[INFO] Executed tasks
[INFO] 
[INFO] --- enforcer:3.5.0:enforce (depcheck) @ ozone-s3-secret-store ---
[INFO] Skipping Rule Enforcement.
[INFO] 
[INFO] --- jacoco:0.8.12:prepare-agent (default-prepare-agent) @ ozone-s3-secret-store ---
[INFO] argLine set to -javaagent:/home/runner/.m2/repository/org/jacoco/org.jacoco.agent/0.8.12/org.jacoco.agent-0.8.12-runtime.jar=destfile=/home/runner/work/sonar-analysis/sonar-analysis/project/hadoop-ozone/s3-secret-store/target/jacoco.exec,includes=org.apache.hadoop.hdds.*:org.apache.hadoop.ozone.*:org.apache.hadoop.fs.ozone.*:org.apache.ozone.*:org.hadoop.ozone.*
[INFO] 
[INFO] --- enforcer:3.5.0:enforce (banned-rocksdb-imports) @ ozone-s3-secret-store ---
[INFO] Skipping Rule Enforcement.
[INFO] 
[INFO] --- enforcer:3.5.0:enforce (ban-imports) @ ozone-s3-secret-store ---
[INFO] Skipping Rule Enforcement.
[INFO] 
[INFO] --- enforcer:3.5.0:enforce (ban-annotations) @ ozone-s3-secret-store ---
[INFO] Skipping Rule Enforcement.
[INFO] 
[INFO] --- remote-resources:1.7.0:process (default) @ ozone-s3-secret-store ---
[INFO] Preparing remote bundle org.apache.ozone:ozone-dev-support:1.5.0-SNAPSHOT
[INFO] Copying 2 resources from 1 bundle.
[INFO] 
[INFO] --- resources:3.1.0:resources (default-resources) @ ozone-s3-secret-store ---
[INFO] Using 'UTF-8' encoding to copy filtered resources.
[INFO] skip non existing resourceDirectory /home/runner/work/sonar-analysis/sonar-analysis/project/hadoop-ozone/s3-secret-store/src/main/resources
[INFO] Copying 2 resources
[INFO] 
[INFO] --- compiler:3.9.0:compile (default-compile) @ ozone-s3-secret-store ---
[INFO] Compiling 11 source files to /home/runner/work/sonar-analysis/sonar-analysis/project/hadoop-ozone/s3-secret-store/target/classes
[INFO] 
[INFO] --- resources:3.1.0:testResources (default-testResources) @ ozone-s3-secret-store ---
[INFO] Using 'UTF-8' encoding to copy filtered resources.
[INFO] skip non existing resourceDirectory /home/runner/work/sonar-analysis/sonar-analysis/project/hadoop-ozone/s3-secret-store/src/test/resources
[INFO] Copying 2 resources
[INFO] 
[INFO] --- compiler:3.9.0:testCompile (default-testCompile) @ ozone-s3-secret-store ---
[INFO] Compiling 1 source file to /home/runner/work/sonar-analysis/sonar-analysis/project/hadoop-ozone/s3-secret-store/target/test-classes
[INFO] /home/runner/work/sonar-analysis/sonar-analysis/project/hadoop-ozone/s3-secret-store/src/test/java/org/apache/hadoop/ozone/s3/remote/vault/TestVaultS3SecretStore.java: /home/runner/work/sonar-analysis/sonar-analysis/project/hadoop-ozone/s3-secret-store/src/test/java/org/apache/hadoop/ozone/s3/remote/vault/TestVaultS3SecretStore.java uses unchecked or unsafe operations.
[INFO] /home/runner/work/sonar-analysis/sonar-analysis/project/hadoop-ozone/s3-secret-store/src/test/java/org/apache/hadoop/ozone/s3/remote/vault/TestVaultS3SecretStore.java: Recompile with -Xlint:unchecked for details.
[INFO] 
[INFO] --- surefire:3.0.0-M4:test (default-test) @ ozone-s3-secret-store ---
[INFO] Tests are skipped.
[INFO] Skipped
[INFO] 
[INFO] --- dependency:3.7.1:build-classpath (add-classpath-descriptor) @ ozone-s3-secret-store ---
[INFO] Wrote classpath file '/home/runner/work/sonar-analysis/sonar-analysis/project/hadoop-ozone/s3-secret-store/target/classes/ozone-s3-secret-store.classpath'.
[INFO] 
[INFO] --- jar:3.4.2:jar (default-jar) @ ozone-s3-secret-store ---
[INFO] Building jar: /home/runner/work/sonar-analysis/sonar-analysis/project/hadoop-ozone/s3-secret-store/target/ozone-s3-secret-store-1.5.0-SNAPSHOT.jar
[INFO] 
[INFO] --- jar:3.4.2:test-jar (default) @ ozone-s3-secret-store ---
[INFO] Building jar: /home/runner/work/sonar-analysis/sonar-analysis/project/hadoop-ozone/s3-secret-store/target/ozone-s3-secret-store-1.5.0-SNAPSHOT-tests.jar
[INFO] 
[INFO] --- install:3.1.3:install (default-install) @ ozone-s3-secret-store ---
[INFO] Installing /home/runner/work/sonar-analysis/sonar-analysis/project/hadoop-ozone/s3-secret-store/pom.xml to /home/runner/.m2/repository/org/apache/ozone/ozone-s3-secret-store/1.5.0-SNAPSHOT/ozone-s3-secret-store-1.5.0-SNAPSHOT.pom
[INFO] Installing /home/runner/work/sonar-analysis/sonar-analysis/project/hadoop-ozone/s3-secret-store/target/ozone-s3-secret-store-1.5.0-SNAPSHOT.jar to /home/runner/.m2/repository/org/apache/ozone/ozone-s3-secret-store/1.5.0-SNAPSHOT/ozone-s3-secret-store-1.5.0-SNAPSHOT.jar
[INFO] Installing /home/runner/work/sonar-analysis/sonar-analysis/project/hadoop-ozone/s3-secret-store/target/ozone-s3-secret-store-1.5.0-SNAPSHOT-tests.jar to /home/runner/.m2/repository/org/apache/ozone/ozone-s3-secret-store/1.5.0-SNAPSHOT/ozone-s3-secret-store-1.5.0-SNAPSHOT-tests.jar
[INFO] 
[INFO] --------------< org.apache.ozone:ozone-filesystem-shaded >--------------
[INFO] Building Apache Ozone FileSystem Shaded 1.5.0-SNAPSHOT           [44/51]
[INFO]   from hadoop-ozone/ozonefs-shaded/pom.xml
[INFO] --------------------------------[ jar ]---------------------------------
[INFO] 
[INFO] --- clean:3.4.0:clean (default-clean) @ ozone-filesystem-shaded ---
[INFO] Deleting /home/runner/work/sonar-analysis/sonar-analysis/project/hadoop-ozone/ozonefs-shaded/target
[INFO] Deleting /home/runner/work/sonar-analysis/sonar-analysis/project/hadoop-ozone/ozonefs-shaded (includes = [dependency-reduced-pom.xml], excludes = [])
[INFO] 
[INFO] --- antrun:3.1.0:run (create-testdirs) @ ozone-filesystem-shaded ---
[INFO] Executing tasks
[INFO]     [mkdir] Created dir: /home/runner/work/sonar-analysis/sonar-analysis/project/hadoop-ozone/ozonefs-shaded/target/test-dir
[INFO] Executed tasks
[INFO] 
[INFO] --- enforcer:3.5.0:enforce (depcheck) @ ozone-filesystem-shaded ---
[INFO] Skipping Rule Enforcement.
[INFO] 
[INFO] --- jacoco:0.8.12:prepare-agent (default-prepare-agent) @ ozone-filesystem-shaded ---
[INFO] argLine set to -javaagent:/home/runner/.m2/repository/org/jacoco/org.jacoco.agent/0.8.12/org.jacoco.agent-0.8.12-runtime.jar=destfile=/home/runner/work/sonar-analysis/sonar-analysis/project/hadoop-ozone/ozonefs-shaded/target/jacoco.exec,includes=org.apache.hadoop.hdds.*:org.apache.hadoop.ozone.*:org.apache.hadoop.fs.ozone.*:org.apache.ozone.*:org.hadoop.ozone.*
[INFO] 
[INFO] --- enforcer:3.5.0:enforce (banned-rocksdb-imports) @ ozone-filesystem-shaded ---
[INFO] Skipping Rule Enforcement.
[INFO] 
[INFO] --- enforcer:3.5.0:enforce (ban-imports) @ ozone-filesystem-shaded ---
[INFO] Skipping Rule Enforcement.
[INFO] 
[INFO] --- enforcer:3.5.0:enforce (ban-annotations) @ ozone-filesystem-shaded ---
[INFO] Skipping Rule Enforcement.
[INFO] 
[INFO] --- remote-resources:1.7.0:process (default) @ ozone-filesystem-shaded ---
[INFO] Preparing remote bundle org.apache.ozone:ozone-dev-support:1.5.0-SNAPSHOT
[INFO] Copying 2 resources from 1 bundle.
[INFO] 
[INFO] --- resources:3.1.0:resources (default-resources) @ ozone-filesystem-shaded ---
[INFO] Using 'UTF-8' encoding to copy filtered resources.
[INFO] skip non existing resourceDirectory /home/runner/work/sonar-analysis/sonar-analysis/project/hadoop-ozone/ozonefs-shaded/src/main/resources
[INFO] Copying 2 resources
[INFO] 
[INFO] --- compiler:3.9.0:compile (default-compile) @ ozone-filesystem-shaded ---
[INFO] No sources to compile
[INFO] 
[INFO] --- resources:3.1.0:testResources (default-testResources) @ ozone-filesystem-shaded ---
[INFO] Not copying test resources
[INFO] 
[INFO] --- compiler:3.9.0:testCompile (default-testCompile) @ ozone-filesystem-shaded ---
[INFO] Skipped
[INFO] 
[INFO] --- surefire:3.0.0-M4:test (default-test) @ ozone-filesystem-shaded ---
[INFO] Tests are skipped.
[INFO] Skipped
[INFO] 
[INFO] --- jar:3.4.2:jar (default-jar) @ ozone-filesystem-shaded ---
[INFO] Building jar: /home/runner/work/sonar-analysis/sonar-analysis/project/hadoop-ozone/ozonefs-shaded/target/ozone-filesystem-shaded-1.5.0-SNAPSHOT.jar
[INFO] 
[INFO] --- jar:3.4.2:test-jar (default) @ ozone-filesystem-shaded ---
[INFO] Skipping packaging of the test-jar
[INFO] 
[INFO] --- shade:3.6.0:shade (default) @ ozone-filesystem-shaded ---
[INFO] Including org.apache.ozone:ozone-filesystem-common:jar:1.5.0-SNAPSHOT in the shaded jar.
[INFO] Including org.apache.ozone:hdds-client:jar:1.5.0-SNAPSHOT in the shaded jar.
[INFO] Including org.apache.ozone:hdds-erasurecode:jar:1.5.0-SNAPSHOT in the shaded jar.
[INFO] Including org.apache.ratis:ratis-client:jar:3.1.1 in the shaded jar.
[INFO] Including org.apache.ratis:ratis-grpc:jar:3.1.1 in the shaded jar.
[INFO] Including org.apache.ratis:ratis-proto:jar:3.1.1 in the shaded jar.
[INFO] Including org.apache.ratis:ratis-thirdparty-misc:jar:1.0.6 in the shaded jar.
[INFO] Including org.apache.ozone:hdds-config:jar:1.5.0-SNAPSHOT in the shaded jar.
[INFO] Including org.apache.ozone:hdds-hadoop-dependency-client:jar:1.5.0-SNAPSHOT in the shaded jar.
[INFO] Including com.nimbusds:nimbus-jose-jwt:jar:9.40 in the shaded jar.
[INFO] Including org.xerial.snappy:snappy-java:jar:1.1.10.6 in the shaded jar.
[INFO] Including org.apache.ozone:hdds-interface-client:jar:1.5.0-SNAPSHOT in the shaded jar.
[INFO] Including javax.annotation:javax.annotation-api:jar:1.3.2 in the shaded jar.
[INFO] Including org.apache.ozone:ozone-client:jar:1.5.0-SNAPSHOT in the shaded jar.
[INFO] Including org.apache.ozone:ozone-interface-client:jar:1.5.0-SNAPSHOT in the shaded jar.
[INFO] Including io.grpc:grpc-protobuf:jar:1.58.0 in the shaded jar.
[INFO] Including com.google.api.grpc:proto-google-common-protos:jar:2.22.0 in the shaded jar.
[INFO] Including io.grpc:grpc-protobuf-lite:jar:1.58.0 in the shaded jar.
[INFO] Including com.fasterxml.jackson.core:jackson-annotations:jar:2.16.2 in the shaded jar.
[INFO] Including com.github.stephenc.jcip:jcip-annotations:jar:1.0-1 in the shaded jar.
[INFO] Including org.apache.ozone:hdds-common:jar:1.5.0-SNAPSHOT in the shaded jar.
[INFO] Including info.picocli:picocli:jar:4.7.5 in the shaded jar.
[INFO] Including commons-io:commons-io:jar:2.16.1 in the shaded jar.
[INFO] Including com.fasterxml.jackson.core:jackson-core:jar:2.16.2 in the shaded jar.
[INFO] Including com.fasterxml.jackson.core:jackson-databind:jar:2.16.2 in the shaded jar.
[INFO] Including com.fasterxml.jackson.datatype:jackson-datatype-jsr310:jar:2.16.2 in the shaded jar.
[INFO] Including org.apache.ozone:hdds-annotation-processing:jar:1.5.0-SNAPSHOT in the shaded jar.
[INFO] Including jakarta.xml.bind:jakarta.xml.bind-api:jar:2.3.3 in the shaded jar.
[INFO] Including jakarta.activation:jakarta.activation-api:jar:1.2.2 in the shaded jar.
[INFO] Including io.dropwizard.metrics:metrics-core:jar:3.2.6 in the shaded jar.
[INFO] Including org.apache.ratis:ratis-server-api:jar:3.1.1 in the shaded jar.
[INFO] Including org.apache.ratis:ratis-metrics-dropwizard3:jar:3.1.1 in the shaded jar.
[INFO] Including org.apache.ratis:ratis-metrics-api:jar:3.1.1 in the shaded jar.
[INFO] Including org.apache.ratis:ratis-netty:jar:3.1.1 in the shaded jar.
[INFO] Including org.bouncycastle:bcpkix-jdk18on:jar:1.78.1 in the shaded jar.
[INFO] Including org.bouncycastle:bcprov-jdk18on:jar:1.78.1 in the shaded jar.
[INFO] Including org.bouncycastle:bcutil-jdk18on:jar:1.78.1 in the shaded jar.
[INFO] Including commons-validator:commons-validator:jar:1.6 in the shaded jar.
[INFO] Including commons-beanutils:commons-beanutils:jar:1.9.4 in the shaded jar.
[INFO] Including commons-digester:commons-digester:jar:1.8.1 in the shaded jar.
[INFO] Including io.jaegertracing:jaeger-client:jar:1.8.1 in the shaded jar.
[INFO] Including io.jaegertracing:jaeger-thrift:jar:1.8.1 in the shaded jar.
[INFO] Including org.apache.thrift:libthrift:jar:0.15.0 in the shaded jar.
[INFO] Including com.squareup.okhttp3:okhttp:jar:4.12.0 in the shaded jar.
[INFO] Including com.squareup.okio:okio:jar:3.6.0 in the shaded jar.
[INFO] Including com.squareup.okio:okio-jvm:jar:3.6.0 in the shaded jar.
[INFO] Including org.jetbrains.kotlin:kotlin-stdlib-common:jar:1.9.25 in the shaded jar.
[INFO] Including org.jetbrains.kotlin:kotlin-stdlib-jdk8:jar:1.9.25 in the shaded jar.
[INFO] Including org.jetbrains.kotlin:kotlin-stdlib-jdk7:jar:1.9.25 in the shaded jar.
[INFO] Including io.jaegertracing:jaeger-tracerresolver:jar:1.8.1 in the shaded jar.
[INFO] Including io.opentracing.contrib:opentracing-tracerresolver:jar:0.1.8 in the shaded jar.
[INFO] Including io.jaegertracing:jaeger-core:jar:1.8.1 in the shaded jar.
[INFO] Including com.google.code.gson:gson:jar:2.10.1 in the shaded jar.
[INFO] Including org.jetbrains.kotlin:kotlin-stdlib:jar:1.9.25 in the shaded jar.
[INFO] Including org.jetbrains:annotations:jar:13.0 in the shaded jar.
[INFO] Including org.yaml:snakeyaml:jar:2.0 in the shaded jar.
[INFO] Including org.reflections:reflections:jar:0.10.2 in the shaded jar.
[INFO] Including org.javassist:javassist:jar:3.30.2-GA in the shaded jar.
[INFO] Including org.apache.ozone:hdds-interface-admin:jar:1.5.0-SNAPSHOT in the shaded jar.
[INFO] Including io.grpc:grpc-api:jar:1.58.0 in the shaded jar.
[INFO] Including org.apache.ozone:ozone-common:jar:1.5.0-SNAPSHOT in the shaded jar.
[INFO] Including io.grpc:grpc-netty:jar:1.58.0 in the shaded jar.
[INFO] Including io.grpc:grpc-core:jar:1.58.0 in the shaded jar.
[INFO] Including com.google.android:annotations:jar:4.1.1.4 in the shaded jar.
[INFO] Including org.codehaus.mojo:animal-sniffer-annotations:jar:1.23 in the shaded jar.
[INFO] Including io.grpc:grpc-context:jar:1.58.0 in the shaded jar.
[INFO] Including io.grpc:grpc-util:jar:1.58.0 in the shaded jar.
[INFO] Including io.perfmark:perfmark-api:jar:0.26.0 in the shaded jar.
[INFO] Including io.netty:netty-transport-native-unix-common:jar:4.1.109.Final in the shaded jar.
[INFO] Including io.netty:netty-codec-http2:jar:4.1.109.Final in the shaded jar.
[INFO] Including io.netty:netty-buffer:jar:4.1.109.Final in the shaded jar.
[INFO] Including io.netty:netty-transport:jar:4.1.109.Final in the shaded jar.
[INFO] Including io.netty:netty-codec:jar:4.1.109.Final in the shaded jar.
[INFO] Including io.netty:netty-codec-http:jar:4.1.109.Final in the shaded jar.
[INFO] Including io.netty:netty-handler-proxy:jar:4.1.109.Final in the shaded jar.
[INFO] Including io.netty:netty-codec-socks:jar:4.1.109.Final in the shaded jar.
[INFO] Including io.netty:netty-tcnative-boringssl-static:jar:2.0.65.Final in the shaded jar.
[INFO] Including io.netty:netty-tcnative-classes:jar:2.0.65.Final in the shaded jar.
[INFO] Including io.netty:netty-tcnative-boringssl-static:jar:linux-x86_64:2.0.65.Final in the shaded jar.
[INFO] Including io.netty:netty-tcnative-boringssl-static:jar:linux-aarch_64:2.0.65.Final in the shaded jar.
[INFO] Including io.netty:netty-tcnative-boringssl-static:jar:osx-x86_64:2.0.65.Final in the shaded jar.
[INFO] Including io.netty:netty-tcnative-boringssl-static:jar:osx-aarch_64:2.0.65.Final in the shaded jar.
[INFO] Including io.netty:netty-tcnative-boringssl-static:jar:windows-x86_64:2.0.65.Final in the shaded jar.
[INFO] Including org.apache.commons:commons-compress:jar:1.27.1 in the shaded jar.
[INFO] Including org.apache.httpcomponents:httpcore:jar:4.4.16 in the shaded jar.
[INFO] Including io.grpc:grpc-stub:jar:1.58.0 in the shaded jar.
[INFO] Including io.netty:netty-common:jar:4.1.109.Final in the shaded jar.
[INFO] Including io.netty:netty-handler:jar:4.1.109.Final in the shaded jar.
[INFO] Including io.netty:netty-resolver:jar:4.1.109.Final in the shaded jar.
[INFO] Including commons-collections:commons-collections:jar:3.2.2 in the shaded jar.
[INFO] Including org.apache.commons:commons-lang3:jar:3.14.0 in the shaded jar.
[INFO] Including org.apache.httpcomponents:httpclient:jar:4.5.14 in the shaded jar.
[INFO] Including commons-logging:commons-logging:jar:1.2 in the shaded jar.
[INFO] Including commons-codec:commons-codec:jar:1.17.0 in the shaded jar.
[INFO] Including org.apache.ratis:ratis-common:jar:3.1.1 in the shaded jar.
[INFO] Including com.google.guava:guava:jar:32.1.3-jre in the shaded jar.
[INFO] Including com.google.guava:failureaccess:jar:1.0.1 in the shaded jar.
[INFO] Including com.google.guava:listenablefuture:jar:9999.0-empty-to-avoid-conflict-with-guava in the shaded jar.
[INFO] Including org.checkerframework:checker-qual:jar:3.37.0 in the shaded jar.
[INFO] Including com.google.errorprone:error_prone_annotations:jar:2.29.2 in the shaded jar.
[INFO] Including com.google.j2objc:j2objc-annotations:jar:2.8 in the shaded jar.
[INFO] Including io.opentracing:opentracing-api:jar:0.33.0 in the shaded jar.
[INFO] Including io.opentracing:opentracing-util:jar:0.33.0 in the shaded jar.
[INFO] Including io.opentracing:opentracing-noop:jar:0.33.0 in the shaded jar.
[INFO] Including jakarta.annotation:jakarta.annotation-api:jar:2.1.1 in the shaded jar.
[INFO] Dependency-reduced POM written at: /home/runner/work/sonar-analysis/sonar-analysis/project/hadoop-ozone/ozonefs-shaded/dependency-reduced-pom.xml
[WARNING] Discovered module-info.class. Shading will break its strong encapsulation.
[WARNING] Discovered module-info.class. Shading will break its strong encapsulation.
[WARNING] Discovered module-info.class. Shading will break its strong encapsulation.
[WARNING] Discovered module-info.class. Shading will break its strong encapsulation.
[WARNING] guava-32.1.3-jre.jar, httpclient-4.5.14.jar, httpcore-4.4.16.jar, jackson-annotations-2.16.2.jar, jackson-core-2.16.2.jar, jackson-databind-2.16.2.jar, jackson-datatype-jsr310-2.16.2.jar, ratis-client-3.1.1.jar, ratis-common-3.1.1.jar, ratis-grpc-3.1.1.jar, ratis-metrics-api-3.1.1.jar, ratis-metrics-dropwizard3-3.1.1.jar, ratis-netty-3.1.1.jar, ratis-proto-3.1.1.jar, ratis-server-api-3.1.1.jar, ratis-thirdparty-misc-1.0.6.jar define 1 overlapping resource: 
[WARNING]   - META-INF/LICENSE
[WARNING] netty-codec-4.1.109.Final.jar, ratis-thirdparty-misc-1.0.6.jar define 4 overlapping resources: 
[WARNING]   - META-INF/maven/io.netty/netty-codec/pom.properties
[WARNING]   - META-INF/maven/io.netty/netty-codec/pom.xml
[WARNING]   - META-INF/native-image/io.netty/netty-codec/generated/handlers/reflect-config.json
[WARNING]   - META-INF/native-image/io.netty/netty-codec/native-image.properties
[WARNING] commons-beanutils-1.9.4.jar, commons-codec-1.17.0.jar, commons-collections-3.2.2.jar, commons-compress-1.27.1.jar, commons-digester-1.8.1.jar, commons-io-2.16.1.jar, commons-lang3-3.14.0.jar, commons-logging-1.2.jar, commons-validator-1.6.jar, hdds-annotation-processing-1.5.0-SNAPSHOT.jar, hdds-client-1.5.0-SNAPSHOT.jar, hdds-common-1.5.0-SNAPSHOT.jar, hdds-config-1.5.0-SNAPSHOT.jar, hdds-erasurecode-1.5.0-SNAPSHOT.jar, hdds-hadoop-dependency-client-1.5.0-SNAPSHOT.jar, hdds-interface-admin-1.5.0-SNAPSHOT.jar, hdds-interface-client-1.5.0-SNAPSHOT.jar, libthrift-0.15.0.jar, netty-tcnative-boringssl-static-2.0.65.Final-linux-aarch_64.jar, netty-tcnative-boringssl-static-2.0.65.Final-linux-x86_64.jar, netty-tcnative-boringssl-static-2.0.65.Final-osx-aarch_64.jar, netty-tcnative-boringssl-static-2.0.65.Final-osx-x86_64.jar, netty-tcnative-boringssl-static-2.0.65.Final-windows-x86_64.jar, ozone-client-1.5.0-SNAPSHOT.jar, ozone-common-1.5.0-SNAPSHOT.jar, ozone-filesystem-common-1.5.0-SNAPSHOT.jar, ozone-filesystem-shaded-1.5.0-SNAPSHOT.jar, ozone-interface-client-1.5.0-SNAPSHOT.jar, ratis-thirdparty-misc-1.0.6.jar define 1 overlapping resource: 
[WARNING]   - META-INF/NOTICE.txt
[WARNING] netty-codec-http-4.1.109.Final.jar, ratis-thirdparty-misc-1.0.6.jar define 4 overlapping resources: 
[WARNING]   - META-INF/maven/io.netty/netty-codec-http/pom.properties
[WARNING]   - META-INF/maven/io.netty/netty-codec-http/pom.xml
[WARNING]   - META-INF/native-image/io.netty/netty-codec-http/generated/handlers/reflect-config.json
[WARNING]   - META-INF/native-image/io.netty/netty-codec-http/native-image.properties
[WARNING] netty-transport-4.1.109.Final.jar, ratis-thirdparty-misc-1.0.6.jar define 4 overlapping resources: 
[WARNING]   - META-INF/maven/io.netty/netty-transport/pom.properties
[WARNING]   - META-INF/maven/io.netty/netty-transport/pom.xml
[WARNING]   - META-INF/native-image/io.netty/netty-transport/generated/handlers/reflect-config.json
[WARNING]   - META-INF/native-image/io.netty/netty-transport/reflect-config.json
[WARNING] netty-transport-native-unix-common-4.1.109.Final.jar, ratis-thirdparty-misc-1.0.6.jar define 2 overlapping resources: 
[WARNING]   - META-INF/maven/io.netty/netty-transport-native-unix-common/pom.properties
[WARNING]   - META-INF/maven/io.netty/netty-transport-native-unix-common/pom.xml
[WARNING] annotations-4.1.1.4.jar, ratis-thirdparty-misc-1.0.6.jar define 4 overlapping classes and resources: 
[WARNING]   - META-INF/maven/com.google.android/annotations/pom.properties
[WARNING]   - META-INF/maven/com.google.android/annotations/pom.xml
[WARNING]   - android.annotation.SuppressLint
[WARNING]   - android.annotation.TargetApi
[WARNING] bcpkix-jdk18on-1.78.1.jar, bcprov-jdk18on-1.78.1.jar, bcutil-jdk18on-1.78.1.jar, commons-codec-1.17.0.jar, commons-compress-1.27.1.jar, commons-io-2.16.1.jar, commons-lang3-3.14.0.jar, error_prone_annotations-2.29.2.jar, gson-2.10.1.jar, jackson-core-2.16.2.jar, jackson-databind-2.16.2.jar, jackson-datatype-jsr310-2.16.2.jar, kotlin-stdlib-1.9.25.jar, kotlin-stdlib-jdk7-1.9.25.jar, kotlin-stdlib-jdk8-1.9.25.jar, nimbus-jose-jwt-9.40.jar, picocli-4.7.5.jar, ratis-thirdparty-misc-1.0.6.jar, snakeyaml-2.0.jar define 1 overlapping classes: 
[WARNING]   - META-INF.versions.9.module-info
[WARNING] listenablefuture-9999.0-empty-to-avoid-conflict-with-guava.jar, ratis-thirdparty-misc-1.0.6.jar define 2 overlapping resources: 
[WARNING]   - META-INF/maven/com.google.guava/listenablefuture/pom.properties
[WARNING]   - META-INF/maven/com.google.guava/listenablefuture/pom.xml
[WARNING] netty-handler-4.1.109.Final.jar, ratis-thirdparty-misc-1.0.6.jar define 4 overlapping resources: 
[WARNING]   - META-INF/maven/io.netty/netty-handler/pom.properties
[WARNING]   - META-INF/maven/io.netty/netty-handler/pom.xml
[WARNING]   - META-INF/native-image/io.netty/netty-handler/generated/handlers/reflect-config.json
[WARNING]   - META-INF/native-image/io.netty/netty-handler/native-image.properties
[WARNING] jcip-annotations-1.0-1.jar, nimbus-jose-jwt-9.40.jar define 2 overlapping resources: 
[WARNING]   - META-INF/maven/com.github.stephenc.jcip/jcip-annotations/pom.properties
[WARNING]   - META-INF/maven/com.github.stephenc.jcip/jcip-annotations/pom.xml
[WARNING] guava-32.1.3-jre.jar, ratis-thirdparty-misc-1.0.6.jar define 10 overlapping resources: 
[WARNING]   - META-INF/maven/com.google.guava/guava/pom.properties
[WARNING]   - META-INF/maven/com.google.guava/guava/pom.xml
[WARNING]   - META-INF/proguard/base.pro
[WARNING]   - META-INF/proguard/cache.pro
[WARNING]   - META-INF/proguard/collect.pro
[WARNING]   - META-INF/proguard/concurrent.pro
[WARNING]   - META-INF/proguard/hash.pro
[WARNING]   - META-INF/proguard/io.pro
[WARNING]   - META-INF/proguard/primitives.pro
[WARNING]   - META-INF/proguard/reflect.pro
[WARNING] animal-sniffer-annotations-1.23.jar, annotations-13.0.jar, annotations-4.1.1.4.jar, bcpkix-jdk18on-1.78.1.jar, bcprov-jdk18on-1.78.1.jar, bcutil-jdk18on-1.78.1.jar, checker-qual-3.37.0.jar, commons-beanutils-1.9.4.jar, commons-codec-1.17.0.jar, commons-collections-3.2.2.jar, commons-compress-1.27.1.jar, commons-digester-1.8.1.jar, commons-io-2.16.1.jar, commons-lang3-3.14.0.jar, commons-logging-1.2.jar, commons-validator-1.6.jar, error_prone_annotations-2.29.2.jar, failureaccess-1.0.1.jar, grpc-api-1.58.0.jar, grpc-context-1.58.0.jar, grpc-core-1.58.0.jar, grpc-netty-1.58.0.jar, grpc-protobuf-1.58.0.jar, grpc-protobuf-lite-1.58.0.jar, grpc-stub-1.58.0.jar, grpc-util-1.58.0.jar, gson-2.10.1.jar, guava-32.1.3-jre.jar, hdds-annotation-processing-1.5.0-SNAPSHOT.jar, hdds-client-1.5.0-SNAPSHOT.jar, hdds-common-1.5.0-SNAPSHOT.jar, hdds-config-1.5.0-SNAPSHOT.jar, hdds-erasurecode-1.5.0-SNAPSHOT.jar, hdds-hadoop-dependency-client-1.5.0-SNAPSHOT.jar, hdds-interface-admin-1.5.0-SNAPSHOT.jar, hdds-interface-client-1.5.0-SNAPSHOT.jar, httpclient-4.5.14.jar, httpcore-4.4.16.jar, j2objc-annotations-2.8.jar, jackson-annotations-2.16.2.jar, jackson-core-2.16.2.jar, jackson-databind-2.16.2.jar, jackson-datatype-jsr310-2.16.2.jar, jaeger-client-1.8.1.jar, jaeger-core-1.8.1.jar, jaeger-thrift-1.8.1.jar, jaeger-tracerresolver-1.8.1.jar, jakarta.activation-api-1.2.2.jar, jakarta.annotation-api-2.1.1.jar, jakarta.xml.bind-api-2.3.3.jar, javassist-3.30.2-GA.jar, javax.annotation-api-1.3.2.jar, jcip-annotations-1.0-1.jar, kotlin-stdlib-1.9.25.jar, kotlin-stdlib-common-1.9.25.jar, kotlin-stdlib-jdk7-1.9.25.jar, kotlin-stdlib-jdk8-1.9.25.jar, libthrift-0.15.0.jar, listenablefuture-9999.0-empty-to-avoid-conflict-with-guava.jar, metrics-core-3.2.6.jar, netty-buffer-4.1.109.Final.jar, netty-codec-4.1.109.Final.jar, netty-codec-http-4.1.109.Final.jar, netty-codec-http2-4.1.109.Final.jar, netty-codec-socks-4.1.109.Final.jar, netty-common-4.1.109.Final.jar, netty-handler-4.1.109.Final.jar, netty-handler-proxy-4.1.109.Final.jar, netty-resolver-4.1.109.Final.jar, netty-tcnative-boringssl-static-2.0.65.Final-linux-aarch_64.jar, netty-tcnative-boringssl-static-2.0.65.Final-linux-x86_64.jar, netty-tcnative-boringssl-static-2.0.65.Final-osx-aarch_64.jar, netty-tcnative-boringssl-static-2.0.65.Final-osx-x86_64.jar, netty-tcnative-boringssl-static-2.0.65.Final-windows-x86_64.jar, netty-tcnative-boringssl-static-2.0.65.Final.jar, netty-tcnative-classes-2.0.65.Final.jar, netty-transport-4.1.109.Final.jar, netty-transport-native-unix-common-4.1.109.Final.jar, nimbus-jose-jwt-9.40.jar, okhttp-4.12.0.jar, okio-3.6.0.jar, okio-jvm-3.6.0.jar, opentracing-api-0.33.0.jar, opentracing-noop-0.33.0.jar, opentracing-tracerresolver-0.1.8.jar, opentracing-util-0.33.0.jar, ozone-client-1.5.0-SNAPSHOT.jar, ozone-common-1.5.0-SNAPSHOT.jar, ozone-filesystem-common-1.5.0-SNAPSHOT.jar, ozone-filesystem-shaded-1.5.0-SNAPSHOT.jar, ozone-interface-client-1.5.0-SNAPSHOT.jar, perfmark-api-0.26.0.jar, picocli-4.7.5.jar, proto-google-common-protos-2.22.0.jar, ratis-client-3.1.1.jar, ratis-common-3.1.1.jar, ratis-grpc-3.1.1.jar, ratis-metrics-api-3.1.1.jar, ratis-metrics-dropwizard3-3.1.1.jar, ratis-netty-3.1.1.jar, ratis-proto-3.1.1.jar, ratis-server-api-3.1.1.jar, ratis-thirdparty-misc-1.0.6.jar, reflections-0.10.2.jar, snakeyaml-2.0.jar, snappy-java-1.1.10.6.jar define 1 overlapping resource: 
[WARNING]   - META-INF/MANIFEST.MF
[WARNING] gson-2.10.1.jar, nimbus-jose-jwt-9.40.jar, ratis-thirdparty-misc-1.0.6.jar define 2 overlapping resources: 
[WARNING]   - META-INF/maven/com.google.code.gson/gson/pom.properties
[WARNING]   - META-INF/maven/com.google.code.gson/gson/pom.xml
[WARNING] hdds-interface-admin-1.5.0-SNAPSHOT.jar, hdds-interface-client-1.5.0-SNAPSHOT.jar, ozone-interface-client-1.5.0-SNAPSHOT.jar define 1 overlapping resource: 
[WARNING]   - proto.lock
[WARNING] bcpkix-jdk18on-1.78.1.jar, bcprov-jdk18on-1.78.1.jar, bcutil-jdk18on-1.78.1.jar define 1 overlapping resource: 
[WARNING]   - META-INF/versions/9/OSGI-INF/MANIFEST.MF
[WARNING] netty-buffer-4.1.109.Final.jar, ratis-thirdparty-misc-1.0.6.jar define 3 overlapping resources: 
[WARNING]   - META-INF/maven/io.netty/netty-buffer/pom.properties
[WARNING]   - META-INF/maven/io.netty/netty-buffer/pom.xml
[WARNING]   - META-INF/native-image/io.netty/netty-buffer/native-image.properties
[WARNING] netty-resolver-4.1.109.Final.jar, ratis-thirdparty-misc-1.0.6.jar define 2 overlapping resources: 
[WARNING]   - META-INF/maven/io.netty/netty-resolver/pom.properties
[WARNING]   - META-INF/maven/io.netty/netty-resolver/pom.xml
[WARNING] netty-buffer-4.1.109.Final.jar, netty-codec-4.1.109.Final.jar, netty-codec-http-4.1.109.Final.jar, netty-codec-http2-4.1.109.Final.jar, netty-codec-socks-4.1.109.Final.jar, netty-common-4.1.109.Final.jar, netty-handler-4.1.109.Final.jar, netty-handler-proxy-4.1.109.Final.jar, netty-resolver-4.1.109.Final.jar, netty-transport-4.1.109.Final.jar, netty-transport-native-unix-common-4.1.109.Final.jar, ratis-thirdparty-misc-1.0.6.jar define 1 overlapping resource: 
[WARNING]   - META-INF/io.netty.versions.properties
[WARNING] httpclient-4.5.14.jar, httpcore-4.4.16.jar, ratis-client-3.1.1.jar, ratis-common-3.1.1.jar, ratis-grpc-3.1.1.jar, ratis-metrics-api-3.1.1.jar, ratis-metrics-dropwizard3-3.1.1.jar, ratis-netty-3.1.1.jar, ratis-proto-3.1.1.jar, ratis-server-api-3.1.1.jar, ratis-thirdparty-misc-1.0.6.jar define 1 overlapping resource: 
[WARNING]   - META-INF/DEPENDENCIES
[WARNING] checker-qual-3.37.0.jar, commons-beanutils-1.9.4.jar, commons-codec-1.17.0.jar, commons-collections-3.2.2.jar, commons-compress-1.27.1.jar, commons-digester-1.8.1.jar, commons-io-2.16.1.jar, commons-lang3-3.14.0.jar, commons-logging-1.2.jar, commons-validator-1.6.jar, hdds-annotation-processing-1.5.0-SNAPSHOT.jar, hdds-client-1.5.0-SNAPSHOT.jar, hdds-common-1.5.0-SNAPSHOT.jar, hdds-config-1.5.0-SNAPSHOT.jar, hdds-erasurecode-1.5.0-SNAPSHOT.jar, hdds-hadoop-dependency-client-1.5.0-SNAPSHOT.jar, hdds-interface-admin-1.5.0-SNAPSHOT.jar, hdds-interface-client-1.5.0-SNAPSHOT.jar, javax.annotation-api-1.3.2.jar, libthrift-0.15.0.jar, netty-tcnative-boringssl-static-2.0.65.Final-linux-aarch_64.jar, netty-tcnative-boringssl-static-2.0.65.Final-linux-x86_64.jar, netty-tcnative-boringssl-static-2.0.65.Final-osx-aarch_64.jar, netty-tcnative-boringssl-static-2.0.65.Final-osx-x86_64.jar, netty-tcnative-boringssl-static-2.0.65.Final-windows-x86_64.jar, ozone-client-1.5.0-SNAPSHOT.jar, ozone-common-1.5.0-SNAPSHOT.jar, ozone-filesystem-common-1.5.0-SNAPSHOT.jar, ozone-filesystem-shaded-1.5.0-SNAPSHOT.jar, ozone-interface-client-1.5.0-SNAPSHOT.jar, ratis-thirdparty-misc-1.0.6.jar define 1 overlapping resource: 
[WARNING]   - META-INF/LICENSE.txt
[WARNING] netty-tcnative-boringssl-static-2.0.65.Final-linux-aarch_64.jar, netty-tcnative-boringssl-static-2.0.65.Final-linux-x86_64.jar, netty-tcnative-boringssl-static-2.0.65.Final-osx-aarch_64.jar, netty-tcnative-boringssl-static-2.0.65.Final-osx-x86_64.jar, netty-tcnative-boringssl-static-2.0.65.Final-windows-x86_64.jar, netty-tcnative-boringssl-static-2.0.65.Final.jar, ratis-thirdparty-misc-1.0.6.jar define 2 overlapping resources: 
[WARNING]   - META-INF/maven/io.netty/netty-tcnative-boringssl-static/pom.properties
[WARNING]   - META-INF/maven/io.netty/netty-tcnative-boringssl-static/pom.xml
[WARNING] netty-tcnative-boringssl-static-2.0.65.Final-linux-aarch_64.jar, netty-tcnative-boringssl-static-2.0.65.Final-linux-x86_64.jar, netty-tcnative-boringssl-static-2.0.65.Final-osx-aarch_64.jar, netty-tcnative-boringssl-static-2.0.65.Final-osx-x86_64.jar, netty-tcnative-boringssl-static-2.0.65.Final-windows-x86_64.jar, ratis-thirdparty-misc-1.0.6.jar define 4 overlapping resources: 
[WARNING]   - META-INF/license/LICENSE.aix-netbsd.txt
[WARNING]   - META-INF/license/LICENSE.boringssl.txt
[WARNING]   - META-INF/license/LICENSE.mvn-wrapper.txt
[WARNING]   - META-INF/license/LICENSE.tomcat-native.txt
[WARNING] httpclient-4.5.14.jar, httpcore-4.4.16.jar, jackson-annotations-2.16.2.jar, jackson-core-2.16.2.jar, jackson-databind-2.16.2.jar, jackson-datatype-jsr310-2.16.2.jar, ratis-client-3.1.1.jar, ratis-common-3.1.1.jar, ratis-grpc-3.1.1.jar, ratis-metrics-api-3.1.1.jar, ratis-metrics-dropwizard3-3.1.1.jar, ratis-netty-3.1.1.jar, ratis-proto-3.1.1.jar, ratis-server-api-3.1.1.jar, ratis-thirdparty-misc-1.0.6.jar define 1 overlapping resource: 
[WARNING]   - META-INF/NOTICE
[WARNING] failureaccess-1.0.1.jar, ratis-thirdparty-misc-1.0.6.jar define 2 overlapping resources: 
[WARNING]   - META-INF/maven/com.google.guava/failureaccess/pom.properties
[WARNING]   - META-INF/maven/com.google.guava/failureaccess/pom.xml
[WARNING] ratis-client-3.1.1.jar, ratis-common-3.1.1.jar, ratis-grpc-3.1.1.jar, ratis-metrics-api-3.1.1.jar, ratis-metrics-dropwizard3-3.1.1.jar, ratis-netty-3.1.1.jar, ratis-proto-3.1.1.jar, ratis-server-api-3.1.1.jar define 1 overlapping resource: 
[WARNING]   - ratis-version.properties
[WARNING] okio-3.6.0.jar, okio-jvm-3.6.0.jar define 1 overlapping resource: 
[WARNING]   - META-INF/okio.kotlin_module
[WARNING] jakarta.activation-api-1.2.2.jar, jakarta.annotation-api-2.1.1.jar, jakarta.xml.bind-api-2.3.3.jar define 2 overlapping resources: 
[WARNING]   - META-INF/LICENSE.md
[WARNING]   - META-INF/NOTICE.md
[WARNING] netty-codec-http2-4.1.109.Final.jar, ratis-thirdparty-misc-1.0.6.jar define 4 overlapping resources: 
[WARNING]   - META-INF/maven/io.netty/netty-codec-http2/pom.properties
[WARNING]   - META-INF/maven/io.netty/netty-codec-http2/pom.xml
[WARNING]   - META-INF/native-image/io.netty/netty-codec-http2/generated/handlers/reflect-config.json
[WARNING]   - META-INF/native-image/io.netty/netty-codec-http2/native-image.properties
[WARNING] metrics-core-3.2.6.jar, ratis-thirdparty-misc-1.0.6.jar define 2 overlapping resources: 
[WARNING]   - META-INF/maven/io.dropwizard.metrics/metrics-core/pom.properties
[WARNING]   - META-INF/maven/io.dropwizard.metrics/metrics-core/pom.xml
[WARNING] netty-tcnative-classes-2.0.65.Final.jar, ratis-thirdparty-misc-1.0.6.jar define 2 overlapping resources: 
[WARNING]   - META-INF/maven/io.netty/netty-tcnative-classes/pom.properties
[WARNING]   - META-INF/maven/io.netty/netty-tcnative-classes/pom.xml
[WARNING] netty-common-4.1.109.Final.jar, ratis-thirdparty-misc-1.0.6.jar define 5 overlapping resources: 
[WARNING]   - META-INF/maven/io.netty/netty-common/pom.properties
[WARNING]   - META-INF/maven/io.netty/netty-common/pom.xml
[WARNING]   - META-INF/maven/org.jctools/jctools-core/pom.properties
[WARNING]   - META-INF/maven/org.jctools/jctools-core/pom.xml
[WARNING]   - META-INF/native-image/io.netty/netty-common/native-image.properties
[WARNING] maven-shade-plugin has detected that some files are
[WARNING] present in two or more JARs. When this happens, only one
[WARNING] single version of the file is copied to the uber jar.
[WARNING] Usually this is not harmful and you can skip these warnings,
[WARNING] otherwise try to manually exclude artifacts based on
[WARNING] mvn dependency:tree -Ddetail=true and the above output.
[WARNING] See https://maven.apache.org/plugins/maven-shade-plugin/
[INFO] Replacing original artifact with shaded artifact.
[INFO] Replacing /home/runner/work/sonar-analysis/sonar-analysis/project/hadoop-ozone/ozonefs-shaded/target/ozone-filesystem-shaded-1.5.0-SNAPSHOT.jar with /home/runner/work/sonar-analysis/sonar-analysis/project/hadoop-ozone/ozonefs-shaded/target/ozone-filesystem-shaded-1.5.0-SNAPSHOT-shaded.jar
[INFO] 
[INFO] --- install:3.1.3:install (default-install) @ ozone-filesystem-shaded ---
[INFO] Installing /home/runner/work/sonar-analysis/sonar-analysis/project/hadoop-ozone/ozonefs-shaded/dependency-reduced-pom.xml to /home/runner/.m2/repository/org/apache/ozone/ozone-filesystem-shaded/1.5.0-SNAPSHOT/ozone-filesystem-shaded-1.5.0-SNAPSHOT.pom
[INFO] Installing /home/runner/work/sonar-analysis/sonar-analysis/project/hadoop-ozone/ozonefs-shaded/target/ozone-filesystem-shaded-1.5.0-SNAPSHOT.jar to /home/runner/.m2/repository/org/apache/ozone/ozone-filesystem-shaded/1.5.0-SNAPSHOT/ozone-filesystem-shaded-1.5.0-SNAPSHOT.jar
[INFO] 
[INFO] -------------< org.apache.ozone:ozone-filesystem-hadoop2 >--------------
[INFO] Building Apache Ozone FS Hadoop 2.x compatibility 1.5.0-SNAPSHOT [45/51]
[INFO]   from hadoop-ozone/ozonefs-hadoop2/pom.xml
[INFO] --------------------------------[ jar ]---------------------------------
[INFO] 
[INFO] --- clean:3.4.0:clean (default-clean) @ ozone-filesystem-hadoop2 ---
[INFO] Deleting /home/runner/work/sonar-analysis/sonar-analysis/project/hadoop-ozone/ozonefs-hadoop2/target
[INFO] Deleting /home/runner/work/sonar-analysis/sonar-analysis/project/hadoop-ozone/ozonefs-hadoop2 (includes = [dependency-reduced-pom.xml], excludes = [])
[INFO] 
[INFO] --- antrun:3.1.0:run (create-testdirs) @ ozone-filesystem-hadoop2 ---
[INFO] Executing tasks
[INFO]     [mkdir] Created dir: /home/runner/work/sonar-analysis/sonar-analysis/project/hadoop-ozone/ozonefs-hadoop2/target/test-dir
[INFO] Executed tasks
[INFO] 
[INFO] --- enforcer:3.5.0:enforce (depcheck) @ ozone-filesystem-hadoop2 ---
[INFO] Skipping Rule Enforcement.
[INFO] 
[INFO] --- jacoco:0.8.12:prepare-agent (default-prepare-agent) @ ozone-filesystem-hadoop2 ---
[INFO] argLine set to -javaagent:/home/runner/.m2/repository/org/jacoco/org.jacoco.agent/0.8.12/org.jacoco.agent-0.8.12-runtime.jar=destfile=/home/runner/work/sonar-analysis/sonar-analysis/project/hadoop-ozone/ozonefs-hadoop2/target/jacoco.exec,includes=org.apache.hadoop.hdds.*:org.apache.hadoop.ozone.*:org.apache.hadoop.fs.ozone.*:org.apache.ozone.*:org.hadoop.ozone.*
[INFO] 
[INFO] --- enforcer:3.5.0:enforce (banned-rocksdb-imports) @ ozone-filesystem-hadoop2 ---
[INFO] Skipping Rule Enforcement.
[INFO] 
[INFO] --- enforcer:3.5.0:enforce (ban-imports) @ ozone-filesystem-hadoop2 ---
[INFO] Skipping Rule Enforcement.
[INFO] 
[INFO] --- enforcer:3.5.0:enforce (ban-annotations) @ ozone-filesystem-hadoop2 ---
[INFO] Skipping Rule Enforcement.
[INFO] 
[INFO] --- remote-resources:1.7.0:process (default) @ ozone-filesystem-hadoop2 ---
[INFO] Preparing remote bundle org.apache.ozone:ozone-dev-support:1.5.0-SNAPSHOT
[INFO] Copying 2 resources from 1 bundle.
[INFO] 
[INFO] --- resources:3.1.0:resources (default-resources) @ ozone-filesystem-hadoop2 ---
[INFO] Using 'UTF-8' encoding to copy filtered resources.
[INFO] Copying 2 resources
[INFO] Copying 2 resources
[INFO] 
[INFO] --- compiler:3.9.0:compile (default-compile) @ ozone-filesystem-hadoop2 ---
[INFO] Compiling 7 source files to /home/runner/work/sonar-analysis/sonar-analysis/project/hadoop-ozone/ozonefs-hadoop2/target/classes
[INFO] /home/runner/work/sonar-analysis/sonar-analysis/project/hadoop-ozone/ozonefs-hadoop2/src/main/java/org/apache/hadoop/fs/ozone/Hadoop27RpcTransport.java: /home/runner/work/sonar-analysis/sonar-analysis/project/hadoop-ozone/ozonefs-hadoop2/src/main/java/org/apache/hadoop/fs/ozone/Hadoop27RpcTransport.java uses unchecked or unsafe operations.
[INFO] /home/runner/work/sonar-analysis/sonar-analysis/project/hadoop-ozone/ozonefs-hadoop2/src/main/java/org/apache/hadoop/fs/ozone/Hadoop27RpcTransport.java: Recompile with -Xlint:unchecked for details.
[INFO] 
[INFO] --- resources:3.1.0:testResources (default-testResources) @ ozone-filesystem-hadoop2 ---
[INFO] Using 'UTF-8' encoding to copy filtered resources.
[INFO] skip non existing resourceDirectory /home/runner/work/sonar-analysis/sonar-analysis/project/hadoop-ozone/ozonefs-hadoop2/src/test/resources
[INFO] Copying 2 resources
[INFO] 
[INFO] --- compiler:3.9.0:testCompile (default-testCompile) @ ozone-filesystem-hadoop2 ---
[INFO] Compiling 1 source file to /home/runner/work/sonar-analysis/sonar-analysis/project/hadoop-ozone/ozonefs-hadoop2/target/test-classes
[INFO] 
[INFO] --- surefire:3.0.0-M4:test (default-test) @ ozone-filesystem-hadoop2 ---
[INFO] Tests are skipped.
[INFO] Skipped
[INFO] 
[INFO] --- dependency:3.7.1:build-classpath (add-classpath-descriptor) @ ozone-filesystem-hadoop2 ---
[INFO] Wrote classpath file '/home/runner/work/sonar-analysis/sonar-analysis/project/hadoop-ozone/ozonefs-hadoop2/target/classes/ozone-filesystem-hadoop2.classpath'.
[INFO] 
[INFO] --- dependency:3.7.1:unpack (include-dependencies) @ ozone-filesystem-hadoop2 ---
[INFO] Configured Artifact: org.apache.ozone:ozone-filesystem-shaded:1.5.0-SNAPSHOT:jar
[INFO] 
[INFO] --- jar:3.4.2:jar (default-jar) @ ozone-filesystem-hadoop2 ---
[INFO] Building jar: /home/runner/work/sonar-analysis/sonar-analysis/project/hadoop-ozone/ozonefs-hadoop2/target/ozone-filesystem-hadoop2-1.5.0-SNAPSHOT.jar
[INFO] 
[INFO] --- jar:3.4.2:test-jar (default) @ ozone-filesystem-hadoop2 ---
[INFO] Building jar: /home/runner/work/sonar-analysis/sonar-analysis/project/hadoop-ozone/ozonefs-hadoop2/target/ozone-filesystem-hadoop2-1.5.0-SNAPSHOT-tests.jar
[INFO] 
[INFO] --- install:3.1.3:install (default-install) @ ozone-filesystem-hadoop2 ---
[INFO] Installing /home/runner/work/sonar-analysis/sonar-analysis/project/hadoop-ozone/ozonefs-hadoop2/pom.xml to /home/runner/.m2/repository/org/apache/ozone/ozone-filesystem-hadoop2/1.5.0-SNAPSHOT/ozone-filesystem-hadoop2-1.5.0-SNAPSHOT.pom
[INFO] Installing /home/runner/work/sonar-analysis/sonar-analysis/project/hadoop-ozone/ozonefs-hadoop2/target/ozone-filesystem-hadoop2-1.5.0-SNAPSHOT.jar to /home/runner/.m2/repository/org/apache/ozone/ozone-filesystem-hadoop2/1.5.0-SNAPSHOT/ozone-filesystem-hadoop2-1.5.0-SNAPSHOT.jar
[INFO] Installing /home/runner/work/sonar-analysis/sonar-analysis/project/hadoop-ozone/ozonefs-hadoop2/target/ozone-filesystem-hadoop2-1.5.0-SNAPSHOT-tests.jar to /home/runner/.m2/repository/org/apache/ozone/ozone-filesystem-hadoop2/1.5.0-SNAPSHOT/ozone-filesystem-hadoop2-1.5.0-SNAPSHOT-tests.jar
[INFO] 
[INFO] -------------< org.apache.ozone:ozone-filesystem-hadoop3 >--------------
[INFO] Building Apache Ozone FS Hadoop 3.x compatibility 1.5.0-SNAPSHOT [46/51]
[INFO]   from hadoop-ozone/ozonefs-hadoop3/pom.xml
[INFO] --------------------------------[ jar ]---------------------------------
[INFO] 
[INFO] --- clean:3.4.0:clean (default-clean) @ ozone-filesystem-hadoop3 ---
[INFO] Deleting /home/runner/work/sonar-analysis/sonar-analysis/project/hadoop-ozone/ozonefs-hadoop3/target
[INFO] Deleting /home/runner/work/sonar-analysis/sonar-analysis/project/hadoop-ozone/ozonefs-hadoop3 (includes = [dependency-reduced-pom.xml], excludes = [])
[INFO] 
[INFO] --- antrun:3.1.0:run (create-testdirs) @ ozone-filesystem-hadoop3 ---
[INFO] Executing tasks
[INFO]     [mkdir] Created dir: /home/runner/work/sonar-analysis/sonar-analysis/project/hadoop-ozone/ozonefs-hadoop3/target/test-dir
[INFO] Executed tasks
[INFO] 
[INFO] --- enforcer:3.5.0:enforce (depcheck) @ ozone-filesystem-hadoop3 ---
[INFO] Skipping Rule Enforcement.
[INFO] 
[INFO] --- jacoco:0.8.12:prepare-agent (default-prepare-agent) @ ozone-filesystem-hadoop3 ---
[INFO] argLine set to -javaagent:/home/runner/.m2/repository/org/jacoco/org.jacoco.agent/0.8.12/org.jacoco.agent-0.8.12-runtime.jar=destfile=/home/runner/work/sonar-analysis/sonar-analysis/project/hadoop-ozone/ozonefs-hadoop3/target/jacoco.exec,includes=org.apache.hadoop.hdds.*:org.apache.hadoop.ozone.*:org.apache.hadoop.fs.ozone.*:org.apache.ozone.*:org.hadoop.ozone.*
[INFO] 
[INFO] --- enforcer:3.5.0:enforce (banned-rocksdb-imports) @ ozone-filesystem-hadoop3 ---
[INFO] Skipping Rule Enforcement.
[INFO] 
[INFO] --- enforcer:3.5.0:enforce (ban-imports) @ ozone-filesystem-hadoop3 ---
[INFO] Skipping Rule Enforcement.
[INFO] 
[INFO] --- enforcer:3.5.0:enforce (ban-annotations) @ ozone-filesystem-hadoop3 ---
[INFO] Skipping Rule Enforcement.
[INFO] 
[INFO] --- remote-resources:1.7.0:process (default) @ ozone-filesystem-hadoop3 ---
[INFO] Preparing remote bundle org.apache.ozone:ozone-dev-support:1.5.0-SNAPSHOT
[INFO] Copying 2 resources from 1 bundle.
[INFO] 
[INFO] --- resources:3.1.0:resources (default-resources) @ ozone-filesystem-hadoop3 ---
[INFO] Using 'UTF-8' encoding to copy filtered resources.
[INFO] Copying 4 resources
[INFO] Copying 2 resources
[INFO] 
[INFO] --- compiler:3.9.0:compile (default-compile) @ ozone-filesystem-hadoop3 ---
[INFO] Compiling 5 source files to /home/runner/work/sonar-analysis/sonar-analysis/project/hadoop-ozone/ozonefs-hadoop3/target/classes
[INFO] 
[INFO] --- resources:3.1.0:testResources (default-testResources) @ ozone-filesystem-hadoop3 ---
[INFO] Not copying test resources
[INFO] 
[INFO] --- compiler:3.9.0:testCompile (default-testCompile) @ ozone-filesystem-hadoop3 ---
[INFO] Skipped
[INFO] 
[INFO] --- surefire:3.0.0-M4:test (default-test) @ ozone-filesystem-hadoop3 ---
[INFO] Tests are skipped.
[INFO] Skipped
[INFO] 
[INFO] --- dependency:3.7.1:build-classpath (add-classpath-descriptor) @ ozone-filesystem-hadoop3 ---
[INFO] Wrote classpath file '/home/runner/work/sonar-analysis/sonar-analysis/project/hadoop-ozone/ozonefs-hadoop3/target/classes/ozone-filesystem-hadoop3.classpath'.
[INFO] 
[INFO] --- dependency:3.7.1:unpack (include-dependencies) @ ozone-filesystem-hadoop3 ---
[INFO] Configured Artifact: org.apache.ozone:ozone-filesystem-shaded:1.5.0-SNAPSHOT:jar
[INFO] 
[INFO] --- jar:3.4.2:jar (default-jar) @ ozone-filesystem-hadoop3 ---
[INFO] Building jar: /home/runner/work/sonar-analysis/sonar-analysis/project/hadoop-ozone/ozonefs-hadoop3/target/ozone-filesystem-hadoop3-1.5.0-SNAPSHOT.jar
[INFO] 
[INFO] --- jar:3.4.2:test-jar (default) @ ozone-filesystem-hadoop3 ---
[INFO] Skipping packaging of the test-jar
[INFO] 
[INFO] --- install:3.1.3:install (default-install) @ ozone-filesystem-hadoop3 ---
[INFO] Installing /home/runner/work/sonar-analysis/sonar-analysis/project/hadoop-ozone/ozonefs-hadoop3/pom.xml to /home/runner/.m2/repository/org/apache/ozone/ozone-filesystem-hadoop3/1.5.0-SNAPSHOT/ozone-filesystem-hadoop3-1.5.0-SNAPSHOT.pom
[INFO] Installing /home/runner/work/sonar-analysis/sonar-analysis/project/hadoop-ozone/ozonefs-hadoop3/target/ozone-filesystem-hadoop3-1.5.0-SNAPSHOT.jar to /home/runner/.m2/repository/org/apache/ozone/ozone-filesystem-hadoop3/1.5.0-SNAPSHOT/ozone-filesystem-hadoop3-1.5.0-SNAPSHOT.jar
[INFO] 
[INFO] ----------< org.apache.ozone:ozone-filesystem-hadoop3-client >----------
[INFO] Building Apache Ozone FS Hadoop shaded 3.x compatibility 1.5.0-SNAPSHOT [47/51]
[INFO]   from hadoop-ozone/ozonefs-hadoop3-client/pom.xml
[INFO] --------------------------------[ jar ]---------------------------------
[INFO] 
[INFO] --- clean:3.4.0:clean (default-clean) @ ozone-filesystem-hadoop3-client ---
[INFO] Deleting /home/runner/work/sonar-analysis/sonar-analysis/project/hadoop-ozone/ozonefs-hadoop3-client/target
[INFO] Deleting /home/runner/work/sonar-analysis/sonar-analysis/project/hadoop-ozone/ozonefs-hadoop3-client (includes = [dependency-reduced-pom.xml], excludes = [])
[INFO] 
[INFO] --- antrun:3.1.0:run (create-testdirs) @ ozone-filesystem-hadoop3-client ---
[INFO] Executing tasks
[INFO]     [mkdir] Created dir: /home/runner/work/sonar-analysis/sonar-analysis/project/hadoop-ozone/ozonefs-hadoop3-client/target/test-dir
[INFO] Executed tasks
[INFO] 
[INFO] --- enforcer:3.5.0:enforce (depcheck) @ ozone-filesystem-hadoop3-client ---
[INFO] Skipping Rule Enforcement.
[INFO] 
[INFO] --- jacoco:0.8.12:prepare-agent (default-prepare-agent) @ ozone-filesystem-hadoop3-client ---
[INFO] argLine set to -javaagent:/home/runner/.m2/repository/org/jacoco/org.jacoco.agent/0.8.12/org.jacoco.agent-0.8.12-runtime.jar=destfile=/home/runner/work/sonar-analysis/sonar-analysis/project/hadoop-ozone/ozonefs-hadoop3-client/target/jacoco.exec,includes=org.apache.hadoop.hdds.*:org.apache.hadoop.ozone.*:org.apache.hadoop.fs.ozone.*:org.apache.ozone.*:org.hadoop.ozone.*
[INFO] 
[INFO] --- enforcer:3.5.0:enforce (banned-rocksdb-imports) @ ozone-filesystem-hadoop3-client ---
[INFO] Skipping Rule Enforcement.
[INFO] 
[INFO] --- enforcer:3.5.0:enforce (ban-imports) @ ozone-filesystem-hadoop3-client ---
[INFO] Skipping Rule Enforcement.
[INFO] 
[INFO] --- enforcer:3.5.0:enforce (ban-annotations) @ ozone-filesystem-hadoop3-client ---
[INFO] Skipping Rule Enforcement.
[INFO] 
[INFO] --- remote-resources:1.7.0:process (default) @ ozone-filesystem-hadoop3-client ---
[INFO] Preparing remote bundle org.apache.ozone:ozone-dev-support:1.5.0-SNAPSHOT
[INFO] Copying 2 resources from 1 bundle.
[INFO] 
[INFO] --- resources:3.1.0:resources (default-resources) @ ozone-filesystem-hadoop3-client ---
[INFO] Using 'UTF-8' encoding to copy filtered resources.
[INFO] skip non existing resourceDirectory /home/runner/work/sonar-analysis/sonar-analysis/project/hadoop-ozone/ozonefs-hadoop3-client/src/main/resources
[INFO] Copying 2 resources
[INFO] 
[INFO] --- compiler:3.9.0:compile (default-compile) @ ozone-filesystem-hadoop3-client ---
[INFO] No sources to compile
[INFO] 
[INFO] --- resources:3.1.0:testResources (default-testResources) @ ozone-filesystem-hadoop3-client ---
[INFO] Not copying test resources
[INFO] 
[INFO] --- compiler:3.9.0:testCompile (default-testCompile) @ ozone-filesystem-hadoop3-client ---
[INFO] Skipped
[INFO] 
[INFO] --- surefire:3.0.0-M4:test (default-test) @ ozone-filesystem-hadoop3-client ---
[INFO] Tests are skipped.
[INFO] Skipped
[INFO] 
[INFO] --- dependency:3.7.1:unpack (include-dependencies) @ ozone-filesystem-hadoop3-client ---
[INFO] Configured Artifact: org.apache.ozone:ozone-filesystem-shaded:1.5.0-SNAPSHOT:jar
[INFO] 
[INFO] --- jar:3.4.2:jar (default-jar) @ ozone-filesystem-hadoop3-client ---
[INFO] Building jar: /home/runner/work/sonar-analysis/sonar-analysis/project/hadoop-ozone/ozonefs-hadoop3-client/target/ozone-filesystem-hadoop3-client-1.5.0-SNAPSHOT.jar
[INFO] 
[INFO] --- jar:3.4.2:test-jar (default) @ ozone-filesystem-hadoop3-client ---
[INFO] Skipping packaging of the test-jar
[INFO] 
[INFO] --- shade:3.6.0:shade (default) @ ozone-filesystem-hadoop3-client ---
[INFO] Including org.apache.ozone:ozone-filesystem-hadoop3:jar:1.5.0-SNAPSHOT in the shaded jar.
[INFO] Dependency-reduced POM written at: /home/runner/work/sonar-analysis/sonar-analysis/project/hadoop-ozone/ozonefs-hadoop3-client/dependency-reduced-pom.xml
[WARNING] ozone-filesystem-hadoop3-1.5.0-SNAPSHOT.jar, ozone-filesystem-hadoop3-client-1.5.0-SNAPSHOT.jar define 34823 overlapping classes and resources: 
[WARNING]   - DatanodeClientProtocol.proto
[WARNING]   - Examples.proto
[WARNING]   - Experiments.proto
[WARNING]   - Grpc.proto
[WARNING]   - META-INF/DEPENDENCIES
[WARNING]   - META-INF/FastDoubleParser-LICENSE
[WARNING]   - META-INF/FastDoubleParser-NOTICE
[WARNING]   - META-INF/LICENSE
[WARNING]   - META-INF/LICENSE.md
[WARNING]   - META-INF/LICENSE.txt
[WARNING]   - 34813 more...
[WARNING] maven-shade-plugin has detected that some files are
[WARNING] present in two or more JARs. When this happens, only one
[WARNING] single version of the file is copied to the uber jar.
[WARNING] Usually this is not harmful and you can skip these warnings,
[WARNING] otherwise try to manually exclude artifacts based on
[WARNING] mvn dependency:tree -Ddetail=true and the above output.
[WARNING] See https://maven.apache.org/plugins/maven-shade-plugin/
[INFO] Replacing original artifact with shaded artifact.
[INFO] Replacing /home/runner/work/sonar-analysis/sonar-analysis/project/hadoop-ozone/ozonefs-hadoop3-client/target/ozone-filesystem-hadoop3-client-1.5.0-SNAPSHOT.jar with /home/runner/work/sonar-analysis/sonar-analysis/project/hadoop-ozone/ozonefs-hadoop3-client/target/ozone-filesystem-hadoop3-client-1.5.0-SNAPSHOT-shaded.jar
[INFO] 
[INFO] --- install:3.1.3:install (default-install) @ ozone-filesystem-hadoop3-client ---
[INFO] Installing /home/runner/work/sonar-analysis/sonar-analysis/project/hadoop-ozone/ozonefs-hadoop3-client/dependency-reduced-pom.xml to /home/runner/.m2/repository/org/apache/ozone/ozone-filesystem-hadoop3-client/1.5.0-SNAPSHOT/ozone-filesystem-hadoop3-client-1.5.0-SNAPSHOT.pom
[INFO] Installing /home/runner/work/sonar-analysis/sonar-analysis/project/hadoop-ozone/ozonefs-hadoop3-client/target/ozone-filesystem-hadoop3-client-1.5.0-SNAPSHOT.jar to /home/runner/.m2/repository/org/apache/ozone/ozone-filesystem-hadoop3-client/1.5.0-SNAPSHOT/ozone-filesystem-hadoop3-client-1.5.0-SNAPSHOT.jar
[INFO] 
[INFO] --------------------< org.apache.ozone:ozone-dist >---------------------
[INFO] Building Apache Ozone Distribution 1.5.0-SNAPSHOT                [48/51]
[INFO]   from hadoop-ozone/dist/pom.xml
[INFO] --------------------------------[ jar ]---------------------------------
[INFO] 
[INFO] --- clean:3.4.0:clean (default-clean) @ ozone-dist ---
[INFO] Deleting /home/runner/work/sonar-analysis/sonar-analysis/project/hadoop-ozone/dist/target
[INFO] Deleting /home/runner/work/sonar-analysis/sonar-analysis/project/hadoop-ozone/dist (includes = [dependency-reduced-pom.xml], excludes = [])
[INFO] 
[INFO] --- antrun:3.1.0:run (create-testdirs) @ ozone-dist ---
[INFO] Executing tasks
[INFO]     [mkdir] Created dir: /home/runner/work/sonar-analysis/sonar-analysis/project/hadoop-ozone/dist/target/test-dir
[INFO] Executed tasks
[INFO] 
[INFO] --- jacoco:0.8.12:prepare-agent (default-prepare-agent) @ ozone-dist ---
[INFO] argLine set to -javaagent:/home/runner/.m2/repository/org/jacoco/org.jacoco.agent/0.8.12/org.jacoco.agent-0.8.12-runtime.jar=destfile=/home/runner/work/sonar-analysis/sonar-analysis/project/hadoop-ozone/dist/target/jacoco.exec,includes=org.apache.hadoop.hdds.*:org.apache.hadoop.ozone.*:org.apache.hadoop.fs.ozone.*:org.apache.ozone.*:org.hadoop.ozone.*
[INFO] 
[INFO] --- enforcer:3.5.0:enforce (banned-rocksdb-imports) @ ozone-dist ---
[INFO] Skipping Rule Enforcement.
[INFO] 
[INFO] --- enforcer:3.5.0:enforce (ban-imports) @ ozone-dist ---
[INFO] Skipping Rule Enforcement.
[INFO] 
[INFO] --- enforcer:3.5.0:enforce (ban-annotations) @ ozone-dist ---
[INFO] Skipping Rule Enforcement.
[INFO] 
[INFO] --- remote-resources:1.7.0:process (default) @ ozone-dist ---
[INFO] Preparing remote bundle org.apache.ozone:ozone-dev-support:1.5.0-SNAPSHOT
[INFO] Copying 2 resources from 1 bundle.
[INFO] 
[INFO] --- resources:3.1.0:resources (default-resources) @ ozone-dist ---
[INFO] Using 'UTF-8' encoding to copy filtered resources.
[INFO] skip non existing resourceDirectory /home/runner/work/sonar-analysis/sonar-analysis/project/hadoop-ozone/dist/src/main/resources
[INFO] Copying 2 resources
[INFO] 
[INFO] --- compiler:3.9.0:compile (default-compile) @ ozone-dist ---
[INFO] No sources to compile
[INFO] 
[INFO] --- resources:3.1.0:copy-resources (copy-compose-files) @ ozone-dist ---
[INFO] Using 'UTF-8' encoding to copy filtered resources.
[INFO] Copying 178 resources
[INFO] 
[INFO] --- resources:3.1.0:copy-resources (copy-and-filter-dockerfile) @ ozone-dist ---
[INFO] Using 'UTF-8' encoding to copy filtered resources.
[INFO] Copying 1 resource
[INFO] 
[INFO] --- resources:3.1.0:copy-resources (copy-k8s) @ ozone-dist ---
[INFO] Using 'UTF-8' encoding to copy filtered resources.
[INFO] Copying 157 resources
[INFO] 
[INFO] --- resources:3.1.0:testResources (default-testResources) @ ozone-dist ---
[INFO] Not copying test resources
[INFO] 
[INFO] --- compiler:3.9.0:testCompile (default-testCompile) @ ozone-dist ---
[INFO] Skipped
[INFO] 
[INFO] --- surefire:3.0.0-M4:test (default-test) @ ozone-dist ---
[INFO] Tests are skipped.
[INFO] Skipped
[INFO] 
[INFO] --- exec:3.4.1:exec (dist) @ ozone-dist ---

Current directory /home/runner/work/sonar-analysis/sonar-analysis/project/hadoop-ozone/dist/target

$ rm -rf ozone-1.5.0-SNAPSHOT
$ mkdir ozone-1.5.0-SNAPSHOT
$ cd ozone-1.5.0-SNAPSHOT
$ cp -p /home/runner/work/sonar-analysis/sonar-analysis/project/hadoop-ozone/dist/src/main/license/bin/NOTICE.txt NOTICE.txt
$ cp -p /home/runner/work/sonar-analysis/sonar-analysis/project/hadoop-ozone/dist/src/main/license/bin/LICENSE.txt LICENSE.txt
$ cp -pr /home/runner/work/sonar-analysis/sonar-analysis/project/hadoop-ozone/dist/src/main/license/bin/licenses licenses
$ cp -p /home/runner/work/sonar-analysis/sonar-analysis/project/hadoop-ozone/recon/src/main/resources/webapps/recon/ozone-recon-web/LICENSE licenses/LICENSE-ozone-recon.txt
$ cp -p /home/runner/work/sonar-analysis/sonar-analysis/project/README.md .
$ cp -p /home/runner/work/sonar-analysis/sonar-analysis/project/HISTORY.md .
$ cp -p /home/runner/work/sonar-analysis/sonar-analysis/project/SECURITY.md .
$ cp -p /home/runner/work/sonar-analysis/sonar-analysis/project/CONTRIBUTING.md .
$ mkdir -p ./share/ozone/web
$ mkdir -p ./bin
$ mkdir -p ./sbin
$ mkdir -p ./etc
$ mkdir -p ./libexec
$ mkdir -p ./log
$ mkdir -p ./temp
$ mkdir -p ./tests
$ cp -r /home/runner/work/sonar-analysis/sonar-analysis/project/hadoop-hdds/common/src/main/conf/ etc/hadoop
$ cp /home/runner/work/sonar-analysis/sonar-analysis/project/hadoop-ozone/dist/src/shell/conf/om-audit-log4j2.properties etc/hadoop
$ cp /home/runner/work/sonar-analysis/sonar-analysis/project/hadoop-ozone/dist/src/shell/conf/dn-audit-log4j2.properties etc/hadoop
$ cp /home/runner/work/sonar-analysis/sonar-analysis/project/hadoop-ozone/dist/src/shell/conf/dn-container-log4j2.properties etc/hadoop
$ cp /home/runner/work/sonar-analysis/sonar-analysis/project/hadoop-ozone/dist/src/shell/conf/scm-audit-log4j2.properties etc/hadoop
$ cp /home/runner/work/sonar-analysis/sonar-analysis/project/hadoop-ozone/dist/src/shell/conf/s3g-audit-log4j2.properties etc/hadoop
$ cp /home/runner/work/sonar-analysis/sonar-analysis/project/hadoop-ozone/dist/src/shell/conf/ozone-site.xml etc/hadoop
$ cp -f /home/runner/work/sonar-analysis/sonar-analysis/project/hadoop-ozone/dist/src/shell/conf/log4j.properties etc/hadoop
$ cp /home/runner/work/sonar-analysis/sonar-analysis/project/hadoop-hdds/common/src/main/resources/network-topology-default.xml etc/hadoop
$ cp /home/runner/work/sonar-analysis/sonar-analysis/project/hadoop-hdds/common/src/main/resources/network-topology-nodegroup.xml etc/hadoop
$ cp -r /home/runner/work/sonar-analysis/sonar-analysis/project/hadoop-ozone/dist/src/main/dockerlibexec/. libexec/
$ cp /home/runner/work/sonar-analysis/sonar-analysis/project/hadoop-ozone/dist/src/shell/ozone/ozone bin/
$ cp /home/runner/work/sonar-analysis/sonar-analysis/project/hadoop-ozone/dist/src/shell/ozone/ozone-config.sh libexec/
$ cp /home/runner/work/sonar-analysis/sonar-analysis/project/hadoop-ozone/dist/src/shell/ozone/ozone-functions.sh libexec/
$ cp -r /home/runner/work/sonar-analysis/sonar-analysis/project/hadoop-ozone/dist/src/shell/shellprofile.d libexec/
$ cp -r /home/runner/work/sonar-analysis/sonar-analysis/project/hadoop-ozone/dist/src/shell/upgrade libexec/
$ cp /home/runner/work/sonar-analysis/sonar-analysis/project/hadoop-ozone/dist/src/shell/hdds/hadoop-daemons.sh sbin/
$ cp /home/runner/work/sonar-analysis/sonar-analysis/project/hadoop-ozone/dist/src/shell/hdds/workers.sh sbin/
$ cp /home/runner/work/sonar-analysis/sonar-analysis/project/hadoop-ozone/dist/src/shell/ozone/start-ozone.sh sbin/
$ cp /home/runner/work/sonar-analysis/sonar-analysis/project/hadoop-ozone/dist/src/shell/ozone/stop-ozone.sh sbin/
$ cp -r /home/runner/work/sonar-analysis/sonar-analysis/project/hadoop-ozone/fault-injection-test/network-tests/src/test/blockade tests
cp: cannot stat '/home/runner/work/sonar-analysis/sonar-analysis/project/target/bom.*': No such file or directory
$ cp -r /home/runner/work/sonar-analysis/sonar-analysis/project/dev-support/byteman share/ozone/
$ cp -p -R /home/runner/work/sonar-analysis/sonar-analysis/project/hadoop-ozone/dist/target/compose .
$ cp -p -r /home/runner/work/sonar-analysis/sonar-analysis/project/hadoop-ozone/dist/src/main/smoketest .
$ cp -p -r /home/runner/work/sonar-analysis/sonar-analysis/project/hadoop-ozone/dist/target/k8s kubernetes
$ cp -p -r /home/runner/work/sonar-analysis/sonar-analysis/project/hadoop-ozone/dist/target/Dockerfile .
$ cp -p -R /home/runner/work/sonar-analysis/sonar-analysis/project/hadoop-ozone/dist/src/main/keytabs compose/_keytabs
[INFO] 
[INFO] --- dependency:3.7.1:unpack-dependencies (copy-classpath-files) @ ozone-dist ---
[INFO] 
[INFO] --- dependency:3.7.1:copy-dependencies (copy-jars) @ ozone-dist ---
[INFO] Copying artifact 'org.apache.ozone:hdds-tools:jar:1.5.0-SNAPSHOT:compile' (/home/runner/work/sonar-analysis/sonar-analysis/project/hadoop-hdds/tools/target/hdds-tools-1.5.0-SNAPSHOT.jar) to /home/runner/work/sonar-analysis/sonar-analysis/project/hadoop-ozone/dist/target/ozone-1.5.0-SNAPSHOT/share/ozone/lib/hdds-tools-1.5.0-SNAPSHOT.jar
[INFO] Copying artifact 'org.apache.ozone:hdds-common:jar:1.5.0-SNAPSHOT:compile' (/home/runner/work/sonar-analysis/sonar-analysis/project/hadoop-hdds/common/target/hdds-common-1.5.0-SNAPSHOT.jar) to /home/runner/work/sonar-analysis/sonar-analysis/project/hadoop-ozone/dist/target/ozone-1.5.0-SNAPSHOT/share/ozone/lib/hdds-common-1.5.0-SNAPSHOT.jar
[INFO] Copying artifact 'org.apache.ozone:hdds-hadoop-dependency-client:jar:1.5.0-SNAPSHOT:compile' (/home/runner/work/sonar-analysis/sonar-analysis/project/hadoop-hdds/hadoop-dependency-client/target/hdds-hadoop-dependency-client-1.5.0-SNAPSHOT.jar) to /home/runner/work/sonar-analysis/sonar-analysis/project/hadoop-ozone/dist/target/ozone-1.5.0-SNAPSHOT/share/ozone/lib/hdds-hadoop-dependency-client-1.5.0-SNAPSHOT.jar
[INFO] Copying artifact 'org.apache.ozone:hdds-annotation-processing:jar:1.5.0-SNAPSHOT:compile' (/home/runner/work/sonar-analysis/sonar-analysis/project/hadoop-hdds/annotations/target/hdds-annotation-processing-1.5.0-SNAPSHOT.jar) to /home/runner/work/sonar-analysis/sonar-analysis/project/hadoop-ozone/dist/target/ozone-1.5.0-SNAPSHOT/share/ozone/lib/hdds-annotation-processing-1.5.0-SNAPSHOT.jar
[INFO] Copying artifact 'org.apache.ratis:ratis-metrics-dropwizard3:jar:3.1.1:compile' (/home/runner/.m2/repository/org/apache/ratis/ratis-metrics-dropwizard3/3.1.1/ratis-metrics-dropwizard3-3.1.1.jar) to /home/runner/work/sonar-analysis/sonar-analysis/project/hadoop-ozone/dist/target/ozone-1.5.0-SNAPSHOT/share/ozone/lib/ratis-metrics-dropwizard3-3.1.1.jar
[INFO] Copying artifact 'org.bouncycastle:bcutil-jdk18on:jar:1.78.1:compile' (/home/runner/.m2/repository/org/bouncycastle/bcutil-jdk18on/1.78.1/bcutil-jdk18on-1.78.1.jar) to /home/runner/work/sonar-analysis/sonar-analysis/project/hadoop-ozone/dist/target/ozone-1.5.0-SNAPSHOT/share/ozone/lib/bcutil-jdk18on-1.78.1.jar
[INFO] Copying artifact 'commons-validator:commons-validator:jar:1.6:compile' (/home/runner/.m2/repository/commons-validator/commons-validator/1.6/commons-validator-1.6.jar) to /home/runner/work/sonar-analysis/sonar-analysis/project/hadoop-ozone/dist/target/ozone-1.5.0-SNAPSHOT/share/ozone/lib/commons-validator-1.6.jar
[INFO] Copying artifact 'commons-beanutils:commons-beanutils:jar:1.9.4:compile' (/home/runner/.m2/repository/commons-beanutils/commons-beanutils/1.9.4/commons-beanutils-1.9.4.jar) to /home/runner/work/sonar-analysis/sonar-analysis/project/hadoop-ozone/dist/target/ozone-1.5.0-SNAPSHOT/share/ozone/lib/commons-beanutils-1.9.4.jar
[INFO] Copying artifact 'commons-digester:commons-digester:jar:1.8.1:compile' (/home/runner/.m2/repository/commons-digester/commons-digester/1.8.1/commons-digester-1.8.1.jar) to /home/runner/work/sonar-analysis/sonar-analysis/project/hadoop-ozone/dist/target/ozone-1.5.0-SNAPSHOT/share/ozone/lib/commons-digester-1.8.1.jar
[INFO] Copying artifact 'io.jaegertracing:jaeger-client:jar:1.8.1:compile' (/home/runner/.m2/repository/io/jaegertracing/jaeger-client/1.8.1/jaeger-client-1.8.1.jar) to /home/runner/work/sonar-analysis/sonar-analysis/project/hadoop-ozone/dist/target/ozone-1.5.0-SNAPSHOT/share/ozone/lib/jaeger-client-1.8.1.jar
[INFO] Copying artifact 'io.jaegertracing:jaeger-thrift:jar:1.8.1:compile' (/home/runner/.m2/repository/io/jaegertracing/jaeger-thrift/1.8.1/jaeger-thrift-1.8.1.jar) to /home/runner/work/sonar-analysis/sonar-analysis/project/hadoop-ozone/dist/target/ozone-1.5.0-SNAPSHOT/share/ozone/lib/jaeger-thrift-1.8.1.jar
[INFO] Copying artifact 'org.apache.thrift:libthrift:jar:0.15.0:compile' (/home/runner/.m2/repository/org/apache/thrift/libthrift/0.15.0/libthrift-0.15.0.jar) to /home/runner/work/sonar-analysis/sonar-analysis/project/hadoop-ozone/dist/target/ozone-1.5.0-SNAPSHOT/share/ozone/lib/libthrift-0.15.0.jar
[INFO] Copying artifact 'io.jaegertracing:jaeger-tracerresolver:jar:1.8.1:compile' (/home/runner/.m2/repository/io/jaegertracing/jaeger-tracerresolver/1.8.1/jaeger-tracerresolver-1.8.1.jar) to /home/runner/work/sonar-analysis/sonar-analysis/project/hadoop-ozone/dist/target/ozone-1.5.0-SNAPSHOT/share/ozone/lib/jaeger-tracerresolver-1.8.1.jar
[INFO] Copying artifact 'io.opentracing.contrib:opentracing-tracerresolver:jar:0.1.8:compile' (/home/runner/.m2/repository/io/opentracing/contrib/opentracing-tracerresolver/0.1.8/opentracing-tracerresolver-0.1.8.jar) to /home/runner/work/sonar-analysis/sonar-analysis/project/hadoop-ozone/dist/target/ozone-1.5.0-SNAPSHOT/share/ozone/lib/opentracing-tracerresolver-0.1.8.jar
[INFO] Copying artifact 'io.jaegertracing:jaeger-core:jar:1.8.1:compile' (/home/runner/.m2/repository/io/jaegertracing/jaeger-core/1.8.1/jaeger-core-1.8.1.jar) to /home/runner/work/sonar-analysis/sonar-analysis/project/hadoop-ozone/dist/target/ozone-1.5.0-SNAPSHOT/share/ozone/lib/jaeger-core-1.8.1.jar
[INFO] Copying artifact 'org.jetbrains.kotlin:kotlin-stdlib:jar:1.9.25:compile' (/home/runner/.m2/repository/org/jetbrains/kotlin/kotlin-stdlib/1.9.25/kotlin-stdlib-1.9.25.jar) to /home/runner/work/sonar-analysis/sonar-analysis/project/hadoop-ozone/dist/target/ozone-1.5.0-SNAPSHOT/share/ozone/lib/kotlin-stdlib-1.9.25.jar
[INFO] Copying artifact 'org.jetbrains:annotations:jar:13.0:compile' (/home/runner/.m2/repository/org/jetbrains/annotations/13.0/annotations-13.0.jar) to /home/runner/work/sonar-analysis/sonar-analysis/project/hadoop-ozone/dist/target/ozone-1.5.0-SNAPSHOT/share/ozone/lib/annotations-13.0.jar
[INFO] Copying artifact 'org.apache.ozone:hdds-config:jar:1.5.0-SNAPSHOT:compile' (/home/runner/work/sonar-analysis/sonar-analysis/project/hadoop-hdds/config/target/hdds-config-1.5.0-SNAPSHOT.jar) to /home/runner/work/sonar-analysis/sonar-analysis/project/hadoop-ozone/dist/target/ozone-1.5.0-SNAPSHOT/share/ozone/lib/hdds-config-1.5.0-SNAPSHOT.jar
[INFO] Copying artifact 'org.apache.ozone:hdds-interface-admin:jar:1.5.0-SNAPSHOT:compile' (/home/runner/work/sonar-analysis/sonar-analysis/project/hadoop-hdds/interface-admin/target/hdds-interface-admin-1.5.0-SNAPSHOT.jar) to /home/runner/work/sonar-analysis/sonar-analysis/project/hadoop-ozone/dist/target/ozone-1.5.0-SNAPSHOT/share/ozone/lib/hdds-interface-admin-1.5.0-SNAPSHOT.jar
[INFO] Copying artifact 'org.apache.ozone:hdds-interface-client:jar:1.5.0-SNAPSHOT:compile' (/home/runner/work/sonar-analysis/sonar-analysis/project/hadoop-hdds/interface-client/target/hdds-interface-client-1.5.0-SNAPSHOT.jar) to /home/runner/work/sonar-analysis/sonar-analysis/project/hadoop-ozone/dist/target/ozone-1.5.0-SNAPSHOT/share/ozone/lib/hdds-interface-client-1.5.0-SNAPSHOT.jar
[INFO] Copying artifact 'org.apache.hadoop.thirdparty:hadoop-shaded-protobuf_3_7:jar:1.1.1:compile' (/home/runner/.m2/repository/org/apache/hadoop/thirdparty/hadoop-shaded-protobuf_3_7/1.1.1/hadoop-shaded-protobuf_3_7-1.1.1.jar) to /home/runner/work/sonar-analysis/sonar-analysis/project/hadoop-ozone/dist/target/ozone-1.5.0-SNAPSHOT/share/ozone/lib/hadoop-shaded-protobuf_3_7-1.1.1.jar
[INFO] Copying artifact 'org.apache.ozone:hdds-server-framework:jar:1.5.0-SNAPSHOT:compile' (/home/runner/work/sonar-analysis/sonar-analysis/project/hadoop-hdds/framework/target/hdds-server-framework-1.5.0-SNAPSHOT.jar) to /home/runner/work/sonar-analysis/sonar-analysis/project/hadoop-ozone/dist/target/ozone-1.5.0-SNAPSHOT/share/ozone/lib/hdds-server-framework-1.5.0-SNAPSHOT.jar
[INFO] Copying artifact 'org.apache.commons:commons-configuration2:jar:2.11.0:compile' (/home/runner/.m2/repository/org/apache/commons/commons-configuration2/2.11.0/commons-configuration2-2.11.0.jar) to /home/runner/work/sonar-analysis/sonar-analysis/project/hadoop-ozone/dist/target/ozone-1.5.0-SNAPSHOT/share/ozone/lib/commons-configuration2-2.11.0.jar
[INFO] Copying artifact 'commons-fileupload:commons-fileupload:jar:1.5:compile' (/home/runner/.m2/repository/commons-fileupload/commons-fileupload/1.5/commons-fileupload-1.5.jar) to /home/runner/work/sonar-analysis/sonar-analysis/project/hadoop-ozone/dist/target/ozone-1.5.0-SNAPSHOT/share/ozone/lib/commons-fileupload-1.5.jar
[INFO] Copying artifact 'commons-logging:commons-logging:jar:1.2:compile' (/home/runner/.m2/repository/commons-logging/commons-logging/1.2/commons-logging-1.2.jar) to /home/runner/work/sonar-analysis/sonar-analysis/project/hadoop-ozone/dist/target/ozone-1.5.0-SNAPSHOT/share/ozone/lib/commons-logging-1.2.jar
[INFO] Copying artifact 'org.apache.logging.log4j:log4j-core:jar:2.24.0:compile' (/home/runner/.m2/repository/org/apache/logging/log4j/log4j-core/2.24.0/log4j-core-2.24.0.jar) to /home/runner/work/sonar-analysis/sonar-analysis/project/hadoop-ozone/dist/target/ozone-1.5.0-SNAPSHOT/share/ozone/lib/log4j-core-2.24.0.jar
[INFO] Copying artifact 'com.lmax:disruptor:jar:3.4.4:runtime' (/home/runner/.m2/repository/com/lmax/disruptor/3.4.4/disruptor-3.4.4.jar) to /home/runner/work/sonar-analysis/sonar-analysis/project/hadoop-ozone/dist/target/ozone-1.5.0-SNAPSHOT/share/ozone/lib/disruptor-3.4.4.jar
[INFO] Copying artifact 'org.eclipse.jetty:jetty-http:jar:9.4.56.v20240826:compile' (/home/runner/.m2/repository/org/eclipse/jetty/jetty-http/9.4.56.v20240826/jetty-http-9.4.56.v20240826.jar) to /home/runner/work/sonar-analysis/sonar-analysis/project/hadoop-ozone/dist/target/ozone-1.5.0-SNAPSHOT/share/ozone/lib/jetty-http-9.4.56.v20240826.jar
[INFO] Copying artifact 'org.apache.ratis:ratis-metrics-api:jar:3.1.1:compile' (/home/runner/.m2/repository/org/apache/ratis/ratis-metrics-api/3.1.1/ratis-metrics-api-3.1.1.jar) to /home/runner/work/sonar-analysis/sonar-analysis/project/hadoop-ozone/dist/target/ozone-1.5.0-SNAPSHOT/share/ozone/lib/ratis-metrics-api-3.1.1.jar
[INFO] Copying artifact 'io.prometheus:simpleclient:jar:0.16.0:compile' (/home/runner/.m2/repository/io/prometheus/simpleclient/0.16.0/simpleclient-0.16.0.jar) to /home/runner/work/sonar-analysis/sonar-analysis/project/hadoop-ozone/dist/target/ozone-1.5.0-SNAPSHOT/share/ozone/lib/simpleclient-0.16.0.jar
[INFO] Copying artifact 'io.prometheus:simpleclient_dropwizard:jar:0.16.0:compile' (/home/runner/.m2/repository/io/prometheus/simpleclient_dropwizard/0.16.0/simpleclient_dropwizard-0.16.0.jar) to /home/runner/work/sonar-analysis/sonar-analysis/project/hadoop-ozone/dist/target/ozone-1.5.0-SNAPSHOT/share/ozone/lib/simpleclient_dropwizard-0.16.0.jar
[INFO] Copying artifact 'io.prometheus:simpleclient_common:jar:0.16.0:compile' (/home/runner/.m2/repository/io/prometheus/simpleclient_common/0.16.0/simpleclient_common-0.16.0.jar) to /home/runner/work/sonar-analysis/sonar-analysis/project/hadoop-ozone/dist/target/ozone-1.5.0-SNAPSHOT/share/ozone/lib/simpleclient_common-0.16.0.jar
[INFO] Copying artifact 'com.github.jnr:jnr-constants:jar:0.10.4:compile' (/home/runner/.m2/repository/com/github/jnr/jnr-constants/0.10.4/jnr-constants-0.10.4.jar) to /home/runner/work/sonar-analysis/sonar-analysis/project/hadoop-ozone/dist/target/ozone-1.5.0-SNAPSHOT/share/ozone/lib/jnr-constants-0.10.4.jar
[INFO] Copying artifact 'com.github.jnr:jnr-posix:jar:3.1.19:compile' (/home/runner/.m2/repository/com/github/jnr/jnr-posix/3.1.19/jnr-posix-3.1.19.jar) to /home/runner/work/sonar-analysis/sonar-analysis/project/hadoop-ozone/dist/target/ozone-1.5.0-SNAPSHOT/share/ozone/lib/jnr-posix-3.1.19.jar
[INFO] Copying artifact 'com.github.jnr:jnr-ffi:jar:2.2.16:compile' (/home/runner/.m2/repository/com/github/jnr/jnr-ffi/2.2.16/jnr-ffi-2.2.16.jar) to /home/runner/work/sonar-analysis/sonar-analysis/project/hadoop-ozone/dist/target/ozone-1.5.0-SNAPSHOT/share/ozone/lib/jnr-ffi-2.2.16.jar
[INFO] Copying artifact 'com.github.jnr:jffi:jar:1.3.13:compile' (/home/runner/.m2/repository/com/github/jnr/jffi/1.3.13/jffi-1.3.13.jar) to /home/runner/work/sonar-analysis/sonar-analysis/project/hadoop-ozone/dist/target/ozone-1.5.0-SNAPSHOT/share/ozone/lib/jffi-1.3.13.jar
[INFO] Copying artifact 'com.github.jnr:jffi:jar:native:1.3.13:runtime' (/home/runner/.m2/repository/com/github/jnr/jffi/1.3.13/jffi-1.3.13-native.jar) to /home/runner/work/sonar-analysis/sonar-analysis/project/hadoop-ozone/dist/target/ozone-1.5.0-SNAPSHOT/share/ozone/lib/jffi-1.3.13-native.jar
[INFO] Copying artifact 'org.ow2.asm:asm:jar:9.2:compile' (/home/runner/.m2/repository/org/ow2/asm/asm/9.2/asm-9.2.jar) to /home/runner/work/sonar-analysis/sonar-analysis/project/hadoop-ozone/dist/target/ozone-1.5.0-SNAPSHOT/share/ozone/lib/asm-9.2.jar
[INFO] Copying artifact 'org.ow2.asm:asm-commons:jar:9.2:compile' (/home/runner/.m2/repository/org/ow2/asm/asm-commons/9.2/asm-commons-9.2.jar) to /home/runner/work/sonar-analysis/sonar-analysis/project/hadoop-ozone/dist/target/ozone-1.5.0-SNAPSHOT/share/ozone/lib/asm-commons-9.2.jar
[INFO] Copying artifact 'org.ow2.asm:asm-analysis:jar:9.2:compile' (/home/runner/.m2/repository/org/ow2/asm/asm-analysis/9.2/asm-analysis-9.2.jar) to /home/runner/work/sonar-analysis/sonar-analysis/project/hadoop-ozone/dist/target/ozone-1.5.0-SNAPSHOT/share/ozone/lib/asm-analysis-9.2.jar
[INFO] Copying artifact 'org.ow2.asm:asm-tree:jar:9.2:compile' (/home/runner/.m2/repository/org/ow2/asm/asm-tree/9.2/asm-tree-9.2.jar) to /home/runner/work/sonar-analysis/sonar-analysis/project/hadoop-ozone/dist/target/ozone-1.5.0-SNAPSHOT/share/ozone/lib/asm-tree-9.2.jar
[INFO] Copying artifact 'org.ow2.asm:asm-util:jar:9.2:compile' (/home/runner/.m2/repository/org/ow2/asm/asm-util/9.2/asm-util-9.2.jar) to /home/runner/work/sonar-analysis/sonar-analysis/project/hadoop-ozone/dist/target/ozone-1.5.0-SNAPSHOT/share/ozone/lib/asm-util-9.2.jar
[INFO] Copying artifact 'com.github.jnr:jnr-a64asm:jar:1.0.0:compile' (/home/runner/.m2/repository/com/github/jnr/jnr-a64asm/1.0.0/jnr-a64asm-1.0.0.jar) to /home/runner/work/sonar-analysis/sonar-analysis/project/hadoop-ozone/dist/target/ozone-1.5.0-SNAPSHOT/share/ozone/lib/jnr-a64asm-1.0.0.jar
[INFO] Copying artifact 'com.github.jnr:jnr-x86asm:jar:1.0.2:compile' (/home/runner/.m2/repository/com/github/jnr/jnr-x86asm/1.0.2/jnr-x86asm-1.0.2.jar) to /home/runner/work/sonar-analysis/sonar-analysis/project/hadoop-ozone/dist/target/ozone-1.5.0-SNAPSHOT/share/ozone/lib/jnr-x86asm-1.0.2.jar
[INFO] Copying artifact 'com.google.code.gson:gson:jar:2.10.1:compile' (/home/runner/.m2/repository/com/google/code/gson/gson/2.10.1/gson-2.10.1.jar) to /home/runner/work/sonar-analysis/sonar-analysis/project/hadoop-ozone/dist/target/ozone-1.5.0-SNAPSHOT/share/ozone/lib/gson-2.10.1.jar
[INFO] Copying artifact 'org.apache.ozone:hdds-client:jar:1.5.0-SNAPSHOT:compile' (/home/runner/work/sonar-analysis/sonar-analysis/project/hadoop-hdds/client/target/hdds-client-1.5.0-SNAPSHOT.jar) to /home/runner/work/sonar-analysis/sonar-analysis/project/hadoop-ozone/dist/target/ozone-1.5.0-SNAPSHOT/share/ozone/lib/hdds-client-1.5.0-SNAPSHOT.jar
[INFO] Copying artifact 'org.apache.ozone:hdds-erasurecode:jar:1.5.0-SNAPSHOT:compile' (/home/runner/work/sonar-analysis/sonar-analysis/project/hadoop-hdds/erasurecode/target/hdds-erasurecode-1.5.0-SNAPSHOT.jar) to /home/runner/work/sonar-analysis/sonar-analysis/project/hadoop-ozone/dist/target/ozone-1.5.0-SNAPSHOT/share/ozone/lib/hdds-erasurecode-1.5.0-SNAPSHOT.jar
[INFO] Copying artifact 'org.apache.commons:commons-lang3:jar:3.14.0:compile' (/home/runner/.m2/repository/org/apache/commons/commons-lang3/3.14.0/commons-lang3-3.14.0.jar) to /home/runner/work/sonar-analysis/sonar-analysis/project/hadoop-ozone/dist/target/ozone-1.5.0-SNAPSHOT/share/ozone/lib/commons-lang3-3.14.0.jar
[INFO] Copying artifact 'org.apache.ratis:ratis-common:jar:3.1.1:compile' (/home/runner/.m2/repository/org/apache/ratis/ratis-common/3.1.1/ratis-common-3.1.1.jar) to /home/runner/work/sonar-analysis/sonar-analysis/project/hadoop-ozone/dist/target/ozone-1.5.0-SNAPSHOT/share/ozone/lib/ratis-common-3.1.1.jar
[INFO] Copying artifact 'org.apache.ratis:ratis-tools:jar:3.1.1:compile' (/home/runner/.m2/repository/org/apache/ratis/ratis-tools/3.1.1/ratis-tools-3.1.1.jar) to /home/runner/work/sonar-analysis/sonar-analysis/project/hadoop-ozone/dist/target/ozone-1.5.0-SNAPSHOT/share/ozone/lib/ratis-tools-3.1.1.jar
[INFO] Copying artifact 'commons-cli:commons-cli:jar:1.8.0:compile' (/home/runner/.m2/repository/commons-cli/commons-cli/1.8.0/commons-cli-1.8.0.jar) to /home/runner/work/sonar-analysis/sonar-analysis/project/hadoop-ozone/dist/target/ozone-1.5.0-SNAPSHOT/share/ozone/lib/commons-cli-1.8.0.jar
[INFO] Copying artifact 'ch.qos.reload4j:reload4j:jar:1.2.25:compile' (/home/runner/.m2/repository/ch/qos/reload4j/reload4j/1.2.25/reload4j-1.2.25.jar) to /home/runner/work/sonar-analysis/sonar-analysis/project/hadoop-ozone/dist/target/ozone-1.5.0-SNAPSHOT/share/ozone/lib/reload4j-1.2.25.jar
[INFO] Copying artifact 'org.kohsuke.metainf-services:metainf-services:jar:1.11:compile' (/home/runner/.m2/repository/org/kohsuke/metainf-services/metainf-services/1.11/metainf-services-1.11.jar) to /home/runner/work/sonar-analysis/sonar-analysis/project/hadoop-ozone/dist/target/ozone-1.5.0-SNAPSHOT/share/ozone/lib/metainf-services-1.11.jar
[INFO] Copying artifact 'org.xerial:sqlite-jdbc:jar:3.46.1.3:compile' (/home/runner/.m2/repository/org/xerial/sqlite-jdbc/3.46.1.3/sqlite-jdbc-3.46.1.3.jar) to /home/runner/work/sonar-analysis/sonar-analysis/project/hadoop-ozone/dist/target/ozone-1.5.0-SNAPSHOT/share/ozone/lib/sqlite-jdbc-3.46.1.3.jar
[INFO] Copying artifact 'org.slf4j:slf4j-api:jar:2.0.16:compile' (/home/runner/.m2/repository/org/slf4j/slf4j-api/2.0.16/slf4j-api-2.0.16.jar) to /home/runner/work/sonar-analysis/sonar-analysis/project/hadoop-ozone/dist/target/ozone-1.5.0-SNAPSHOT/share/ozone/lib/slf4j-api-2.0.16.jar
[INFO] Copying artifact 'org.slf4j:slf4j-reload4j:jar:2.0.16:compile' (/home/runner/.m2/repository/org/slf4j/slf4j-reload4j/2.0.16/slf4j-reload4j-2.0.16.jar) to /home/runner/work/sonar-analysis/sonar-analysis/project/hadoop-ozone/dist/target/ozone-1.5.0-SNAPSHOT/share/ozone/lib/slf4j-reload4j-2.0.16.jar
[INFO] Copying artifact 'com.fasterxml.jackson.core:jackson-annotations:jar:2.16.2:compile' (/home/runner/.m2/repository/com/fasterxml/jackson/core/jackson-annotations/2.16.2/jackson-annotations-2.16.2.jar) to /home/runner/work/sonar-analysis/sonar-analysis/project/hadoop-ozone/dist/target/ozone-1.5.0-SNAPSHOT/share/ozone/lib/jackson-annotations-2.16.2.jar
[INFO] Copying artifact 'com.fasterxml.jackson.core:jackson-core:jar:2.16.2:compile' (/home/runner/.m2/repository/com/fasterxml/jackson/core/jackson-core/2.16.2/jackson-core-2.16.2.jar) to /home/runner/work/sonar-analysis/sonar-analysis/project/hadoop-ozone/dist/target/ozone-1.5.0-SNAPSHOT/share/ozone/lib/jackson-core-2.16.2.jar
[INFO] Copying artifact 'com.fasterxml.jackson.core:jackson-databind:jar:2.16.2:compile' (/home/runner/.m2/repository/com/fasterxml/jackson/core/jackson-databind/2.16.2/jackson-databind-2.16.2.jar) to /home/runner/work/sonar-analysis/sonar-analysis/project/hadoop-ozone/dist/target/ozone-1.5.0-SNAPSHOT/share/ozone/lib/jackson-databind-2.16.2.jar
[INFO] Copying artifact 'com.fasterxml.jackson.datatype:jackson-datatype-jsr310:jar:2.16.2:compile' (/home/runner/.m2/repository/com/fasterxml/jackson/datatype/jackson-datatype-jsr310/2.16.2/jackson-datatype-jsr310-2.16.2.jar) to /home/runner/work/sonar-analysis/sonar-analysis/project/hadoop-ozone/dist/target/ozone-1.5.0-SNAPSHOT/share/ozone/lib/jackson-datatype-jsr310-2.16.2.jar
[INFO] Copying artifact 'com.google.guava:guava:jar:32.1.3-jre:compile' (/home/runner/.m2/repository/com/google/guava/guava/32.1.3-jre/guava-32.1.3-jre.jar) to /home/runner/work/sonar-analysis/sonar-analysis/project/hadoop-ozone/dist/target/ozone-1.5.0-SNAPSHOT/share/ozone/lib/guava-32.1.3-jre.jar
[INFO] Copying artifact 'com.google.guava:failureaccess:jar:1.0.1:compile' (/home/runner/.m2/repository/com/google/guava/failureaccess/1.0.1/failureaccess-1.0.1.jar) to /home/runner/work/sonar-analysis/sonar-analysis/project/hadoop-ozone/dist/target/ozone-1.5.0-SNAPSHOT/share/ozone/lib/failureaccess-1.0.1.jar
[INFO] Copying artifact 'com.google.guava:listenablefuture:jar:9999.0-empty-to-avoid-conflict-with-guava:compile' (/home/runner/.m2/repository/com/google/guava/listenablefuture/9999.0-empty-to-avoid-conflict-with-guava/listenablefuture-9999.0-empty-to-avoid-conflict-with-guava.jar) to /home/runner/work/sonar-analysis/sonar-analysis/project/hadoop-ozone/dist/target/ozone-1.5.0-SNAPSHOT/share/ozone/lib/listenablefuture-9999.0-empty-to-avoid-conflict-with-guava.jar
[INFO] Copying artifact 'org.checkerframework:checker-qual:jar:3.37.0:compile' (/home/runner/.m2/repository/org/checkerframework/checker-qual/3.37.0/checker-qual-3.37.0.jar) to /home/runner/work/sonar-analysis/sonar-analysis/project/hadoop-ozone/dist/target/ozone-1.5.0-SNAPSHOT/share/ozone/lib/checker-qual-3.37.0.jar
[INFO] Copying artifact 'com.google.errorprone:error_prone_annotations:jar:2.29.2:compile' (/home/runner/.m2/repository/com/google/errorprone/error_prone_annotations/2.29.2/error_prone_annotations-2.29.2.jar) to /home/runner/work/sonar-analysis/sonar-analysis/project/hadoop-ozone/dist/target/ozone-1.5.0-SNAPSHOT/share/ozone/lib/error_prone_annotations-2.29.2.jar
[INFO] Copying artifact 'com.google.j2objc:j2objc-annotations:jar:2.8:compile' (/home/runner/.m2/repository/com/google/j2objc/j2objc-annotations/2.8/j2objc-annotations-2.8.jar) to /home/runner/work/sonar-analysis/sonar-analysis/project/hadoop-ozone/dist/target/ozone-1.5.0-SNAPSHOT/share/ozone/lib/j2objc-annotations-2.8.jar
[INFO] Copying artifact 'info.picocli:picocli:jar:4.7.5:compile' (/home/runner/.m2/repository/info/picocli/picocli/4.7.5/picocli-4.7.5.jar) to /home/runner/work/sonar-analysis/sonar-analysis/project/hadoop-ozone/dist/target/ozone-1.5.0-SNAPSHOT/share/ozone/lib/picocli-4.7.5.jar
[INFO] Copying artifact 'commons-io:commons-io:jar:2.16.1:compile' (/home/runner/.m2/repository/commons-io/commons-io/2.16.1/commons-io-2.16.1.jar) to /home/runner/work/sonar-analysis/sonar-analysis/project/hadoop-ozone/dist/target/ozone-1.5.0-SNAPSHOT/share/ozone/lib/commons-io-2.16.1.jar
[INFO] Copying artifact 'org.apache.ozone:hdds-server-scm:jar:1.5.0-SNAPSHOT:compile' (/home/runner/work/sonar-analysis/sonar-analysis/project/hadoop-hdds/server-scm/target/hdds-server-scm-1.5.0-SNAPSHOT.jar) to /home/runner/work/sonar-analysis/sonar-analysis/project/hadoop-ozone/dist/target/ozone-1.5.0-SNAPSHOT/share/ozone/lib/hdds-server-scm-1.5.0-SNAPSHOT.jar
[INFO] Copying artifact 'com.google.protobuf:protobuf-java:jar:2.5.0:compile' (/home/runner/.m2/repository/com/google/protobuf/protobuf-java/2.5.0/protobuf-java-2.5.0.jar) to /home/runner/work/sonar-analysis/sonar-analysis/project/hadoop-ozone/dist/target/ozone-1.5.0-SNAPSHOT/share/ozone/lib/protobuf-java-2.5.0.jar
[INFO] Copying artifact 'org.apache.ozone:hdds-hadoop-dependency-server:jar:1.5.0-SNAPSHOT:compile' (/home/runner/work/sonar-analysis/sonar-analysis/project/hadoop-hdds/hadoop-dependency-server/target/hdds-hadoop-dependency-server-1.5.0-SNAPSHOT.jar) to /home/runner/work/sonar-analysis/sonar-analysis/project/hadoop-ozone/dist/target/ozone-1.5.0-SNAPSHOT/share/ozone/lib/hdds-hadoop-dependency-server-1.5.0-SNAPSHOT.jar
[INFO] Copying artifact 'org.apache.hadoop:hadoop-annotations:jar:3.3.6:compile' (/home/runner/.m2/repository/org/apache/hadoop/hadoop-annotations/3.3.6/hadoop-annotations-3.3.6.jar) to /home/runner/work/sonar-analysis/sonar-analysis/project/hadoop-ozone/dist/target/ozone-1.5.0-SNAPSHOT/share/ozone/lib/hadoop-annotations-3.3.6.jar
[INFO] Copying artifact 'org.apache.hadoop:hadoop-common:jar:3.3.6:compile' (/home/runner/.m2/repository/org/apache/hadoop/hadoop-common/3.3.6/hadoop-common-3.3.6.jar) to /home/runner/work/sonar-analysis/sonar-analysis/project/hadoop-ozone/dist/target/ozone-1.5.0-SNAPSHOT/share/ozone/lib/hadoop-common-3.3.6.jar
[INFO] Copying artifact 'commons-net:commons-net:jar:3.11.1:compile' (/home/runner/.m2/repository/commons-net/commons-net/3.11.1/commons-net-3.11.1.jar) to /home/runner/work/sonar-analysis/sonar-analysis/project/hadoop-ozone/dist/target/ozone-1.5.0-SNAPSHOT/share/ozone/lib/commons-net-3.11.1.jar
[INFO] Copying artifact 'javax.servlet.jsp:jsp-api:jar:2.1:runtime' (/home/runner/.m2/repository/javax/servlet/jsp/jsp-api/2.1/jsp-api-2.1.jar) to /home/runner/work/sonar-analysis/sonar-analysis/project/hadoop-ozone/dist/target/ozone-1.5.0-SNAPSHOT/share/ozone/lib/jsp-api-2.1.jar
[INFO] Copying artifact 'com.google.re2j:re2j:jar:1.7:compile' (/home/runner/.m2/repository/com/google/re2j/re2j/1.7/re2j-1.7.jar) to /home/runner/work/sonar-analysis/sonar-analysis/project/hadoop-ozone/dist/target/ozone-1.5.0-SNAPSHOT/share/ozone/lib/re2j-1.7.jar
[INFO] Copying artifact 'com.jcraft:jsch:jar:0.1.55:compile' (/home/runner/.m2/repository/com/jcraft/jsch/0.1.55/jsch-0.1.55.jar) to /home/runner/work/sonar-analysis/sonar-analysis/project/hadoop-ozone/dist/target/ozone-1.5.0-SNAPSHOT/share/ozone/lib/jsch-0.1.55.jar
[INFO] Copying artifact 'dnsjava:dnsjava:jar:2.1.9:compile' (/home/runner/.m2/repository/dnsjava/dnsjava/2.1.9/dnsjava-2.1.9.jar) to /home/runner/work/sonar-analysis/sonar-analysis/project/hadoop-ozone/dist/target/ozone-1.5.0-SNAPSHOT/share/ozone/lib/dnsjava-2.1.9.jar
[INFO] Copying artifact 'org.apache.hadoop:hadoop-auth:jar:3.3.6:compile' (/home/runner/.m2/repository/org/apache/hadoop/hadoop-auth/3.3.6/hadoop-auth-3.3.6.jar) to /home/runner/work/sonar-analysis/sonar-analysis/project/hadoop-ozone/dist/target/ozone-1.5.0-SNAPSHOT/share/ozone/lib/hadoop-auth-3.3.6.jar
[INFO] Copying artifact 'org.apache.hadoop.thirdparty:hadoop-shaded-guava:jar:1.2.0:compile' (/home/runner/.m2/repository/org/apache/hadoop/thirdparty/hadoop-shaded-guava/1.2.0/hadoop-shaded-guava-1.2.0.jar) to /home/runner/work/sonar-analysis/sonar-analysis/project/hadoop-ozone/dist/target/ozone-1.5.0-SNAPSHOT/share/ozone/lib/hadoop-shaded-guava-1.2.0.jar
[INFO] Copying artifact 'com.nimbusds:nimbus-jose-jwt:jar:9.40:compile' (/home/runner/.m2/repository/com/nimbusds/nimbus-jose-jwt/9.40/nimbus-jose-jwt-9.40.jar) to /home/runner/work/sonar-analysis/sonar-analysis/project/hadoop-ozone/dist/target/ozone-1.5.0-SNAPSHOT/share/ozone/lib/nimbus-jose-jwt-9.40.jar
[INFO] Copying artifact 'org.apache.hadoop:hadoop-hdfs:jar:3.3.6:compile' (/home/runner/.m2/repository/org/apache/hadoop/hadoop-hdfs/3.3.6/hadoop-hdfs-3.3.6.jar) to /home/runner/work/sonar-analysis/sonar-analysis/project/hadoop-ozone/dist/target/ozone-1.5.0-SNAPSHOT/share/ozone/lib/hadoop-hdfs-3.3.6.jar
[INFO] Copying artifact 'commons-daemon:commons-daemon:jar:1.4.0:compile' (/home/runner/.m2/repository/commons-daemon/commons-daemon/1.4.0/commons-daemon-1.4.0.jar) to /home/runner/work/sonar-analysis/sonar-analysis/project/hadoop-ozone/dist/target/ozone-1.5.0-SNAPSHOT/share/ozone/lib/commons-daemon-1.4.0.jar
[INFO] Copying artifact 'org.apache.kerby:kerb-core:jar:1.0.1:compile' (/home/runner/.m2/repository/org/apache/kerby/kerb-core/1.0.1/kerb-core-1.0.1.jar) to /home/runner/work/sonar-analysis/sonar-analysis/project/hadoop-ozone/dist/target/ozone-1.5.0-SNAPSHOT/share/ozone/lib/kerb-core-1.0.1.jar
[INFO] Copying artifact 'org.apache.kerby:kerby-pkix:jar:1.0.1:compile' (/home/runner/.m2/repository/org/apache/kerby/kerby-pkix/1.0.1/kerby-pkix-1.0.1.jar) to /home/runner/work/sonar-analysis/sonar-analysis/project/hadoop-ozone/dist/target/ozone-1.5.0-SNAPSHOT/share/ozone/lib/kerby-pkix-1.0.1.jar
[INFO] Copying artifact 'org.apache.kerby:kerby-asn1:jar:1.0.1:compile' (/home/runner/.m2/repository/org/apache/kerby/kerby-asn1/1.0.1/kerby-asn1-1.0.1.jar) to /home/runner/work/sonar-analysis/sonar-analysis/project/hadoop-ozone/dist/target/ozone-1.5.0-SNAPSHOT/share/ozone/lib/kerby-asn1-1.0.1.jar
[INFO] Copying artifact 'org.apache.kerby:kerb-util:jar:1.0.1:compile' (/home/runner/.m2/repository/org/apache/kerby/kerb-util/1.0.1/kerb-util-1.0.1.jar) to /home/runner/work/sonar-analysis/sonar-analysis/project/hadoop-ozone/dist/target/ozone-1.5.0-SNAPSHOT/share/ozone/lib/kerb-util-1.0.1.jar
[INFO] Copying artifact 'org.apache.kerby:kerby-config:jar:1.0.1:compile' (/home/runner/.m2/repository/org/apache/kerby/kerby-config/1.0.1/kerby-config-1.0.1.jar) to /home/runner/work/sonar-analysis/sonar-analysis/project/hadoop-ozone/dist/target/ozone-1.5.0-SNAPSHOT/share/ozone/lib/kerby-config-1.0.1.jar
[INFO] Copying artifact 'org.apache.kerby:kerb-crypto:jar:1.0.1:compile' (/home/runner/.m2/repository/org/apache/kerby/kerb-crypto/1.0.1/kerb-crypto-1.0.1.jar) to /home/runner/work/sonar-analysis/sonar-analysis/project/hadoop-ozone/dist/target/ozone-1.5.0-SNAPSHOT/share/ozone/lib/kerb-crypto-1.0.1.jar
[INFO] Copying artifact 'org.xerial.snappy:snappy-java:jar:1.1.10.6:compile' (/home/runner/.m2/repository/org/xerial/snappy/snappy-java/1.1.10.6/snappy-java-1.1.10.6.jar) to /home/runner/work/sonar-analysis/sonar-analysis/project/hadoop-ozone/dist/target/ozone-1.5.0-SNAPSHOT/share/ozone/lib/snappy-java-1.1.10.6.jar
[INFO] Copying artifact 'org.apache.ozone:hdds-interface-server:jar:1.5.0-SNAPSHOT:compile' (/home/runner/work/sonar-analysis/sonar-analysis/project/hadoop-hdds/interface-server/target/hdds-interface-server-1.5.0-SNAPSHOT.jar) to /home/runner/work/sonar-analysis/sonar-analysis/project/hadoop-ozone/dist/target/ozone-1.5.0-SNAPSHOT/share/ozone/lib/hdds-interface-server-1.5.0-SNAPSHOT.jar
[INFO] Copying artifact 'org.apache.ratis:ratis-client:jar:3.1.1:compile' (/home/runner/.m2/repository/org/apache/ratis/ratis-client/3.1.1/ratis-client-3.1.1.jar) to /home/runner/work/sonar-analysis/sonar-analysis/project/hadoop-ozone/dist/target/ozone-1.5.0-SNAPSHOT/share/ozone/lib/ratis-client-3.1.1.jar
[INFO] Copying artifact 'org.apache.ratis:ratis-grpc:jar:3.1.1:compile' (/home/runner/.m2/repository/org/apache/ratis/ratis-grpc/3.1.1/ratis-grpc-3.1.1.jar) to /home/runner/work/sonar-analysis/sonar-analysis/project/hadoop-ozone/dist/target/ozone-1.5.0-SNAPSHOT/share/ozone/lib/ratis-grpc-3.1.1.jar
[INFO] Copying artifact 'org.apache.ratis:ratis-netty:jar:3.1.1:compile' (/home/runner/.m2/repository/org/apache/ratis/ratis-netty/3.1.1/ratis-netty-3.1.1.jar) to /home/runner/work/sonar-analysis/sonar-analysis/project/hadoop-ozone/dist/target/ozone-1.5.0-SNAPSHOT/share/ozone/lib/ratis-netty-3.1.1.jar
[INFO] Copying artifact 'org.apache.ratis:ratis-proto:jar:3.1.1:compile' (/home/runner/.m2/repository/org/apache/ratis/ratis-proto/3.1.1/ratis-proto-3.1.1.jar) to /home/runner/work/sonar-analysis/sonar-analysis/project/hadoop-ozone/dist/target/ozone-1.5.0-SNAPSHOT/share/ozone/lib/ratis-proto-3.1.1.jar
[INFO] Copying artifact 'org.apache.ratis:ratis-server-api:jar:3.1.1:compile' (/home/runner/.m2/repository/org/apache/ratis/ratis-server-api/3.1.1/ratis-server-api-3.1.1.jar) to /home/runner/work/sonar-analysis/sonar-analysis/project/hadoop-ozone/dist/target/ozone-1.5.0-SNAPSHOT/share/ozone/lib/ratis-server-api-3.1.1.jar
[INFO] Copying artifact 'org.apache.ratis:ratis-server:jar:3.1.1:compile' (/home/runner/.m2/repository/org/apache/ratis/ratis-server/3.1.1/ratis-server-3.1.1.jar) to /home/runner/work/sonar-analysis/sonar-analysis/project/hadoop-ozone/dist/target/ozone-1.5.0-SNAPSHOT/share/ozone/lib/ratis-server-3.1.1.jar
[INFO] Copying artifact 'org.apache.ratis:ratis-thirdparty-misc:jar:1.0.6:compile' (/home/runner/.m2/repository/org/apache/ratis/ratis-thirdparty-misc/1.0.6/ratis-thirdparty-misc-1.0.6.jar) to /home/runner/work/sonar-analysis/sonar-analysis/project/hadoop-ozone/dist/target/ozone-1.5.0-SNAPSHOT/share/ozone/lib/ratis-thirdparty-misc-1.0.6.jar
[INFO] Copying artifact 'org.bouncycastle:bcpkix-jdk18on:jar:1.78.1:compile' (/home/runner/.m2/repository/org/bouncycastle/bcpkix-jdk18on/1.78.1/bcpkix-jdk18on-1.78.1.jar) to /home/runner/work/sonar-analysis/sonar-analysis/project/hadoop-ozone/dist/target/ozone-1.5.0-SNAPSHOT/share/ozone/lib/bcpkix-jdk18on-1.78.1.jar
[INFO] Copying artifact 'org.bouncycastle:bcprov-jdk18on:jar:1.78.1:compile' (/home/runner/.m2/repository/org/bouncycastle/bcprov-jdk18on/1.78.1/bcprov-jdk18on-1.78.1.jar) to /home/runner/work/sonar-analysis/sonar-analysis/project/hadoop-ozone/dist/target/ozone-1.5.0-SNAPSHOT/share/ozone/lib/bcprov-jdk18on-1.78.1.jar
[INFO] Copying artifact 'io.dropwizard.metrics:metrics-core:jar:3.2.6:compile' (/home/runner/.m2/repository/io/dropwizard/metrics/metrics-core/3.2.6/metrics-core-3.2.6.jar) to /home/runner/work/sonar-analysis/sonar-analysis/project/hadoop-ozone/dist/target/ozone-1.5.0-SNAPSHOT/share/ozone/lib/metrics-core-3.2.6.jar
[INFO] Copying artifact 'org.apache.commons:commons-compress:jar:1.27.1:compile' (/home/runner/.m2/repository/org/apache/commons/commons-compress/1.27.1/commons-compress-1.27.1.jar) to /home/runner/work/sonar-analysis/sonar-analysis/project/hadoop-ozone/dist/target/ozone-1.5.0-SNAPSHOT/share/ozone/lib/commons-compress-1.27.1.jar
[INFO] Copying artifact 'org.apache.commons:commons-text:jar:1.12.0:compile' (/home/runner/.m2/repository/org/apache/commons/commons-text/1.12.0/commons-text-1.12.0.jar) to /home/runner/work/sonar-analysis/sonar-analysis/project/hadoop-ozone/dist/target/ozone-1.5.0-SNAPSHOT/share/ozone/lib/commons-text-1.12.0.jar
[INFO] Copying artifact 'org.apache.hadoop:hadoop-hdfs-client:jar:3.3.6:compile' (/home/runner/.m2/repository/org/apache/hadoop/hadoop-hdfs-client/3.3.6/hadoop-hdfs-client-3.3.6.jar) to /home/runner/work/sonar-analysis/sonar-analysis/project/hadoop-ozone/dist/target/ozone-1.5.0-SNAPSHOT/share/ozone/lib/hadoop-hdfs-client-3.3.6.jar
[INFO] Copying artifact 'com.squareup.okhttp3:okhttp:jar:4.12.0:compile' (/home/runner/.m2/repository/com/squareup/okhttp3/okhttp/4.12.0/okhttp-4.12.0.jar) to /home/runner/work/sonar-analysis/sonar-analysis/project/hadoop-ozone/dist/target/ozone-1.5.0-SNAPSHOT/share/ozone/lib/okhttp-4.12.0.jar
[INFO] Copying artifact 'com.squareup.okio:okio:jar:3.6.0:compile' (/home/runner/.m2/repository/com/squareup/okio/okio/3.6.0/okio-3.6.0.jar) to /home/runner/work/sonar-analysis/sonar-analysis/project/hadoop-ozone/dist/target/ozone-1.5.0-SNAPSHOT/share/ozone/lib/okio-3.6.0.jar
[INFO] Copying artifact 'com.squareup.okio:okio-jvm:jar:3.6.0:compile' (/home/runner/.m2/repository/com/squareup/okio/okio-jvm/3.6.0/okio-jvm-3.6.0.jar) to /home/runner/work/sonar-analysis/sonar-analysis/project/hadoop-ozone/dist/target/ozone-1.5.0-SNAPSHOT/share/ozone/lib/okio-jvm-3.6.0.jar
[INFO] Copying artifact 'org.jetbrains.kotlin:kotlin-stdlib-jdk8:jar:1.9.25:compile' (/home/runner/.m2/repository/org/jetbrains/kotlin/kotlin-stdlib-jdk8/1.9.25/kotlin-stdlib-jdk8-1.9.25.jar) to /home/runner/work/sonar-analysis/sonar-analysis/project/hadoop-ozone/dist/target/ozone-1.5.0-SNAPSHOT/share/ozone/lib/kotlin-stdlib-jdk8-1.9.25.jar
[INFO] Copying artifact 'org.jetbrains.kotlin:kotlin-stdlib-jdk7:jar:1.9.25:compile' (/home/runner/.m2/repository/org/jetbrains/kotlin/kotlin-stdlib-jdk7/1.9.25/kotlin-stdlib-jdk7-1.9.25.jar) to /home/runner/work/sonar-analysis/sonar-analysis/project/hadoop-ozone/dist/target/ozone-1.5.0-SNAPSHOT/share/ozone/lib/kotlin-stdlib-jdk7-1.9.25.jar
[INFO] Copying artifact 'org.jetbrains.kotlin:kotlin-stdlib-common:jar:1.9.25:compile' (/home/runner/.m2/repository/org/jetbrains/kotlin/kotlin-stdlib-common/1.9.25/kotlin-stdlib-common-1.9.25.jar) to /home/runner/work/sonar-analysis/sonar-analysis/project/hadoop-ozone/dist/target/ozone-1.5.0-SNAPSHOT/share/ozone/lib/kotlin-stdlib-common-1.9.25.jar
[INFO] Copying artifact 'org.eclipse.jetty:jetty-webapp:jar:9.4.56.v20240826:compile' (/home/runner/.m2/repository/org/eclipse/jetty/jetty-webapp/9.4.56.v20240826/jetty-webapp-9.4.56.v20240826.jar) to /home/runner/work/sonar-analysis/sonar-analysis/project/hadoop-ozone/dist/target/ozone-1.5.0-SNAPSHOT/share/ozone/lib/jetty-webapp-9.4.56.v20240826.jar
[INFO] Copying artifact 'org.eclipse.jetty:jetty-xml:jar:9.4.56.v20240826:compile' (/home/runner/.m2/repository/org/eclipse/jetty/jetty-xml/9.4.56.v20240826/jetty-xml-9.4.56.v20240826.jar) to /home/runner/work/sonar-analysis/sonar-analysis/project/hadoop-ozone/dist/target/ozone-1.5.0-SNAPSHOT/share/ozone/lib/jetty-xml-9.4.56.v20240826.jar
[INFO] Copying artifact 'jakarta.annotation:jakarta.annotation-api:jar:2.1.1:compile' (/home/runner/.m2/repository/jakarta/annotation/jakarta.annotation-api/2.1.1/jakarta.annotation-api-2.1.1.jar) to /home/runner/work/sonar-analysis/sonar-analysis/project/hadoop-ozone/dist/target/ozone-1.5.0-SNAPSHOT/share/ozone/lib/jakarta.annotation-api-2.1.1.jar
[INFO] Copying artifact 'javax.servlet:javax.servlet-api:jar:3.1.0:compile' (/home/runner/.m2/repository/javax/servlet/javax.servlet-api/3.1.0/javax.servlet-api-3.1.0.jar) to /home/runner/work/sonar-analysis/sonar-analysis/project/hadoop-ozone/dist/target/ozone-1.5.0-SNAPSHOT/share/ozone/lib/javax.servlet-api-3.1.0.jar
[INFO] Copying artifact 'commons-collections:commons-collections:jar:3.2.2:compile' (/home/runner/.m2/repository/commons-collections/commons-collections/3.2.2/commons-collections-3.2.2.jar) to /home/runner/work/sonar-analysis/sonar-analysis/project/hadoop-ozone/dist/target/ozone-1.5.0-SNAPSHOT/share/ozone/lib/commons-collections-3.2.2.jar
[INFO] Copying artifact 'org.apache.ozone:hdds-container-service:jar:1.5.0-SNAPSHOT:compile' (/home/runner/work/sonar-analysis/sonar-analysis/project/hadoop-hdds/container-service/target/hdds-container-service-1.5.0-SNAPSHOT.jar) to /home/runner/work/sonar-analysis/sonar-analysis/project/hadoop-ozone/dist/target/ozone-1.5.0-SNAPSHOT/share/ozone/lib/hdds-container-service-1.5.0-SNAPSHOT.jar
[INFO] Copying artifact 'org.apache.ozone:hdds-managed-rocksdb:jar:1.5.0-SNAPSHOT:compile' (/home/runner/work/sonar-analysis/sonar-analysis/project/hadoop-hdds/managed-rocksdb/target/hdds-managed-rocksdb-1.5.0-SNAPSHOT.jar) to /home/runner/work/sonar-analysis/sonar-analysis/project/hadoop-ozone/dist/target/ozone-1.5.0-SNAPSHOT/share/ozone/lib/hdds-managed-rocksdb-1.5.0-SNAPSHOT.jar
[INFO] Copying artifact 'org.apache.logging.log4j:log4j-api:jar:2.24.0:compile' (/home/runner/.m2/repository/org/apache/logging/log4j/log4j-api/2.24.0/log4j-api-2.24.0.jar) to /home/runner/work/sonar-analysis/sonar-analysis/project/hadoop-ozone/dist/target/ozone-1.5.0-SNAPSHOT/share/ozone/lib/log4j-api-2.24.0.jar
[INFO] Copying artifact 'com.github.luben:zstd-jni:jar:1.5.6-4:compile' (/home/runner/.m2/repository/com/github/luben/zstd-jni/1.5.6-4/zstd-jni-1.5.6-4.jar) to /home/runner/work/sonar-analysis/sonar-analysis/project/hadoop-ozone/dist/target/ozone-1.5.0-SNAPSHOT/share/ozone/lib/zstd-jni-1.5.6-4.jar
[INFO] Copying artifact 'commons-codec:commons-codec:jar:1.17.0:compile' (/home/runner/.m2/repository/commons-codec/commons-codec/1.17.0/commons-codec-1.17.0.jar) to /home/runner/work/sonar-analysis/sonar-analysis/project/hadoop-ozone/dist/target/ozone-1.5.0-SNAPSHOT/share/ozone/lib/commons-codec-1.17.0.jar
[INFO] Copying artifact 'org.yaml:snakeyaml:jar:2.0:compile' (/home/runner/.m2/repository/org/yaml/snakeyaml/2.0/snakeyaml-2.0.jar) to /home/runner/work/sonar-analysis/sonar-analysis/project/hadoop-ozone/dist/target/ozone-1.5.0-SNAPSHOT/share/ozone/lib/snakeyaml-2.0.jar
[INFO] Copying artifact 'jakarta.xml.bind:jakarta.xml.bind-api:jar:2.3.3:compile' (/home/runner/.m2/repository/jakarta/xml/bind/jakarta.xml.bind-api/2.3.3/jakarta.xml.bind-api-2.3.3.jar) to /home/runner/work/sonar-analysis/sonar-analysis/project/hadoop-ozone/dist/target/ozone-1.5.0-SNAPSHOT/share/ozone/lib/jakarta.xml.bind-api-2.3.3.jar
[INFO] Copying artifact 'org.glassfish.jaxb:jaxb-runtime:jar:2.3.9:compile' (/home/runner/.m2/repository/org/glassfish/jaxb/jaxb-runtime/2.3.9/jaxb-runtime-2.3.9.jar) to /home/runner/work/sonar-analysis/sonar-analysis/project/hadoop-ozone/dist/target/ozone-1.5.0-SNAPSHOT/share/ozone/lib/jaxb-runtime-2.3.9.jar
[INFO] Copying artifact 'org.glassfish.jaxb:txw2:jar:2.3.9:compile' (/home/runner/.m2/repository/org/glassfish/jaxb/txw2/2.3.9/txw2-2.3.9.jar) to /home/runner/work/sonar-analysis/sonar-analysis/project/hadoop-ozone/dist/target/ozone-1.5.0-SNAPSHOT/share/ozone/lib/txw2-2.3.9.jar
[INFO] Copying artifact 'com.sun.istack:istack-commons-runtime:jar:3.0.12:compile' (/home/runner/.m2/repository/com/sun/istack/istack-commons-runtime/3.0.12/istack-commons-runtime-3.0.12.jar) to /home/runner/work/sonar-analysis/sonar-analysis/project/hadoop-ozone/dist/target/ozone-1.5.0-SNAPSHOT/share/ozone/lib/istack-commons-runtime-3.0.12.jar
[INFO] Copying artifact 'com.sun.activation:jakarta.activation:jar:1.2.2:runtime' (/home/runner/.m2/repository/com/sun/activation/jakarta.activation/1.2.2/jakarta.activation-1.2.2.jar) to /home/runner/work/sonar-analysis/sonar-analysis/project/hadoop-ozone/dist/target/ozone-1.5.0-SNAPSHOT/share/ozone/lib/jakarta.activation-1.2.2.jar
[INFO] Copying artifact 'io.netty:netty-transport:jar:4.1.109.Final:compile' (/home/runner/.m2/repository/io/netty/netty-transport/4.1.109.Final/netty-transport-4.1.109.Final.jar) to /home/runner/work/sonar-analysis/sonar-analysis/project/hadoop-ozone/dist/target/ozone-1.5.0-SNAPSHOT/share/ozone/lib/netty-transport-4.1.109.Final.jar
[INFO] Copying artifact 'io.netty:netty-resolver:jar:4.1.109.Final:compile' (/home/runner/.m2/repository/io/netty/netty-resolver/4.1.109.Final/netty-resolver-4.1.109.Final.jar) to /home/runner/work/sonar-analysis/sonar-analysis/project/hadoop-ozone/dist/target/ozone-1.5.0-SNAPSHOT/share/ozone/lib/netty-resolver-4.1.109.Final.jar
[INFO] Copying artifact 'io.netty:netty-buffer:jar:4.1.109.Final:compile' (/home/runner/.m2/repository/io/netty/netty-buffer/4.1.109.Final/netty-buffer-4.1.109.Final.jar) to /home/runner/work/sonar-analysis/sonar-analysis/project/hadoop-ozone/dist/target/ozone-1.5.0-SNAPSHOT/share/ozone/lib/netty-buffer-4.1.109.Final.jar
[INFO] Copying artifact 'io.netty:netty-common:jar:4.1.109.Final:compile' (/home/runner/.m2/repository/io/netty/netty-common/4.1.109.Final/netty-common-4.1.109.Final.jar) to /home/runner/work/sonar-analysis/sonar-analysis/project/hadoop-ozone/dist/target/ozone-1.5.0-SNAPSHOT/share/ozone/lib/netty-common-4.1.109.Final.jar
[INFO] Copying artifact 'io.netty:netty-codec:jar:4.1.109.Final:compile' (/home/runner/.m2/repository/io/netty/netty-codec/4.1.109.Final/netty-codec-4.1.109.Final.jar) to /home/runner/work/sonar-analysis/sonar-analysis/project/hadoop-ozone/dist/target/ozone-1.5.0-SNAPSHOT/share/ozone/lib/netty-codec-4.1.109.Final.jar
[INFO] Copying artifact 'io.netty:netty-handler:jar:4.1.109.Final:compile' (/home/runner/.m2/repository/io/netty/netty-handler/4.1.109.Final/netty-handler-4.1.109.Final.jar) to /home/runner/work/sonar-analysis/sonar-analysis/project/hadoop-ozone/dist/target/ozone-1.5.0-SNAPSHOT/share/ozone/lib/netty-handler-4.1.109.Final.jar
[INFO] Copying artifact 'io.opentracing:opentracing-api:jar:0.33.0:compile' (/home/runner/.m2/repository/io/opentracing/opentracing-api/0.33.0/opentracing-api-0.33.0.jar) to /home/runner/work/sonar-analysis/sonar-analysis/project/hadoop-ozone/dist/target/ozone-1.5.0-SNAPSHOT/share/ozone/lib/opentracing-api-0.33.0.jar
[INFO] Copying artifact 'io.opentracing:opentracing-util:jar:0.33.0:compile' (/home/runner/.m2/repository/io/opentracing/opentracing-util/0.33.0/opentracing-util-0.33.0.jar) to /home/runner/work/sonar-analysis/sonar-analysis/project/hadoop-ozone/dist/target/ozone-1.5.0-SNAPSHOT/share/ozone/lib/opentracing-util-0.33.0.jar
[INFO] Copying artifact 'org.rocksdb:rocksdbjni:jar:7.7.3:compile' (/home/runner/.m2/repository/org/rocksdb/rocksdbjni/7.7.3/rocksdbjni-7.7.3.jar) to /home/runner/work/sonar-analysis/sonar-analysis/project/hadoop-ozone/dist/target/ozone-1.5.0-SNAPSHOT/share/ozone/lib/rocksdbjni-7.7.3.jar
[INFO] Copying artifact 'org.apache.ozone:ozone-s3gateway:jar:1.5.0-SNAPSHOT:compile' (/home/runner/work/sonar-analysis/sonar-analysis/project/hadoop-ozone/s3gateway/target/ozone-s3gateway-1.5.0-SNAPSHOT.jar) to /home/runner/work/sonar-analysis/sonar-analysis/project/hadoop-ozone/dist/target/ozone-1.5.0-SNAPSHOT/share/ozone/lib/ozone-s3gateway-1.5.0-SNAPSHOT.jar
[INFO] Copying artifact 'org.apache.ozone:ozone-interface-client:jar:1.5.0-SNAPSHOT:compile' (/home/runner/work/sonar-analysis/sonar-analysis/project/hadoop-ozone/interface-client/target/ozone-interface-client-1.5.0-SNAPSHOT.jar) to /home/runner/work/sonar-analysis/sonar-analysis/project/hadoop-ozone/dist/target/ozone-1.5.0-SNAPSHOT/share/ozone/lib/ozone-interface-client-1.5.0-SNAPSHOT.jar
[INFO] Copying artifact 'org.javassist:javassist:jar:3.30.2-GA:compile' (/home/runner/.m2/repository/org/javassist/javassist/3.30.2-GA/javassist-3.30.2-GA.jar) to /home/runner/work/sonar-analysis/sonar-analysis/project/hadoop-ozone/dist/target/ozone-1.5.0-SNAPSHOT/share/ozone/lib/javassist-3.30.2-GA.jar
[INFO] Copying artifact 'org.apache.httpcomponents:httpclient:jar:4.5.14:compile' (/home/runner/.m2/repository/org/apache/httpcomponents/httpclient/4.5.14/httpclient-4.5.14.jar) to /home/runner/work/sonar-analysis/sonar-analysis/project/hadoop-ozone/dist/target/ozone-1.5.0-SNAPSHOT/share/ozone/lib/httpclient-4.5.14.jar
[INFO] Copying artifact 'org.apache.httpcomponents:httpcore:jar:4.4.16:compile' (/home/runner/.m2/repository/org/apache/httpcomponents/httpcore/4.4.16/httpcore-4.4.16.jar) to /home/runner/work/sonar-analysis/sonar-analysis/project/hadoop-ozone/dist/target/ozone-1.5.0-SNAPSHOT/share/ozone/lib/httpcore-4.4.16.jar
[INFO] Copying artifact 'org.apache.kerby:kerby-util:jar:1.0.1:compile' (/home/runner/.m2/repository/org/apache/kerby/kerby-util/1.0.1/kerby-util-1.0.1.jar) to /home/runner/work/sonar-analysis/sonar-analysis/project/hadoop-ozone/dist/target/ozone-1.5.0-SNAPSHOT/share/ozone/lib/kerby-util-1.0.1.jar
[INFO] Copying artifact 'org.jboss.weld.servlet:weld-servlet-shaded:jar:3.1.9.Final:compile' (/home/runner/.m2/repository/org/jboss/weld/servlet/weld-servlet-shaded/3.1.9.Final/weld-servlet-shaded-3.1.9.Final.jar) to /home/runner/work/sonar-analysis/sonar-analysis/project/hadoop-ozone/dist/target/ozone-1.5.0-SNAPSHOT/share/ozone/lib/weld-servlet-shaded-3.1.9.Final.jar
[INFO] Copying artifact 'org.eclipse.jetty:jetty-servlet:jar:9.4.56.v20240826:compile' (/home/runner/.m2/repository/org/eclipse/jetty/jetty-servlet/9.4.56.v20240826/jetty-servlet-9.4.56.v20240826.jar) to /home/runner/work/sonar-analysis/sonar-analysis/project/hadoop-ozone/dist/target/ozone-1.5.0-SNAPSHOT/share/ozone/lib/jetty-servlet-9.4.56.v20240826.jar
[INFO] Copying artifact 'org.eclipse.jetty:jetty-security:jar:9.4.56.v20240826:compile' (/home/runner/.m2/repository/org/eclipse/jetty/jetty-security/9.4.56.v20240826/jetty-security-9.4.56.v20240826.jar) to /home/runner/work/sonar-analysis/sonar-analysis/project/hadoop-ozone/dist/target/ozone-1.5.0-SNAPSHOT/share/ozone/lib/jetty-security-9.4.56.v20240826.jar
[INFO] Copying artifact 'org.eclipse.jetty:jetty-util-ajax:jar:9.4.56.v20240826:compile' (/home/runner/.m2/repository/org/eclipse/jetty/jetty-util-ajax/9.4.56.v20240826/jetty-util-ajax-9.4.56.v20240826.jar) to /home/runner/work/sonar-analysis/sonar-analysis/project/hadoop-ozone/dist/target/ozone-1.5.0-SNAPSHOT/share/ozone/lib/jetty-util-ajax-9.4.56.v20240826.jar
[INFO] Copying artifact 'org.glassfish.jersey.containers:jersey-container-servlet-core:jar:2.45:compile' (/home/runner/.m2/repository/org/glassfish/jersey/containers/jersey-container-servlet-core/2.45/jersey-container-servlet-core-2.45.jar) to /home/runner/work/sonar-analysis/sonar-analysis/project/hadoop-ozone/dist/target/ozone-1.5.0-SNAPSHOT/share/ozone/lib/jersey-container-servlet-core-2.45.jar
[INFO] Copying artifact 'org.glassfish.jersey.core:jersey-common:jar:2.45:compile' (/home/runner/.m2/repository/org/glassfish/jersey/core/jersey-common/2.45/jersey-common-2.45.jar) to /home/runner/work/sonar-analysis/sonar-analysis/project/hadoop-ozone/dist/target/ozone-1.5.0-SNAPSHOT/share/ozone/lib/jersey-common-2.45.jar
[INFO] Copying artifact 'org.glassfish.hk2:osgi-resource-locator:jar:1.0.3:compile' (/home/runner/.m2/repository/org/glassfish/hk2/osgi-resource-locator/1.0.3/osgi-resource-locator-1.0.3.jar) to /home/runner/work/sonar-analysis/sonar-analysis/project/hadoop-ozone/dist/target/ozone-1.5.0-SNAPSHOT/share/ozone/lib/osgi-resource-locator-1.0.3.jar
[INFO] Copying artifact 'org.glassfish.jersey.core:jersey-server:jar:2.45:compile' (/home/runner/.m2/repository/org/glassfish/jersey/core/jersey-server/2.45/jersey-server-2.45.jar) to /home/runner/work/sonar-analysis/sonar-analysis/project/hadoop-ozone/dist/target/ozone-1.5.0-SNAPSHOT/share/ozone/lib/jersey-server-2.45.jar
[INFO] Copying artifact 'org.glassfish.jersey.core:jersey-client:jar:2.45:compile' (/home/runner/.m2/repository/org/glassfish/jersey/core/jersey-client/2.45/jersey-client-2.45.jar) to /home/runner/work/sonar-analysis/sonar-analysis/project/hadoop-ozone/dist/target/ozone-1.5.0-SNAPSHOT/share/ozone/lib/jersey-client-2.45.jar
[INFO] Copying artifact 'org.glassfish.jersey.ext.cdi:jersey-cdi1x:jar:2.45:compile' (/home/runner/.m2/repository/org/glassfish/jersey/ext/cdi/jersey-cdi1x/2.45/jersey-cdi1x-2.45.jar) to /home/runner/work/sonar-analysis/sonar-analysis/project/hadoop-ozone/dist/target/ozone-1.5.0-SNAPSHOT/share/ozone/lib/jersey-cdi1x-2.45.jar
[INFO] Copying artifact 'org.glassfish.jersey.inject:jersey-hk2:jar:2.45:compile' (/home/runner/.m2/repository/org/glassfish/jersey/inject/jersey-hk2/2.45/jersey-hk2-2.45.jar) to /home/runner/work/sonar-analysis/sonar-analysis/project/hadoop-ozone/dist/target/ozone-1.5.0-SNAPSHOT/share/ozone/lib/jersey-hk2-2.45.jar
[INFO] Copying artifact 'org.glassfish.hk2:hk2-locator:jar:2.6.1:compile' (/home/runner/.m2/repository/org/glassfish/hk2/hk2-locator/2.6.1/hk2-locator-2.6.1.jar) to /home/runner/work/sonar-analysis/sonar-analysis/project/hadoop-ozone/dist/target/ozone-1.5.0-SNAPSHOT/share/ozone/lib/hk2-locator-2.6.1.jar
[INFO] Copying artifact 'org.glassfish.jersey.media:jersey-media-jaxb:jar:2.45:compile' (/home/runner/.m2/repository/org/glassfish/jersey/media/jersey-media-jaxb/2.45/jersey-media-jaxb-2.45.jar) to /home/runner/work/sonar-analysis/sonar-analysis/project/hadoop-ozone/dist/target/ozone-1.5.0-SNAPSHOT/share/ozone/lib/jersey-media-jaxb-2.45.jar
[INFO] Copying artifact 'org.glassfish.hk2:hk2-api:jar:2.6.1:compile' (/home/runner/.m2/repository/org/glassfish/hk2/hk2-api/2.6.1/hk2-api-2.6.1.jar) to /home/runner/work/sonar-analysis/sonar-analysis/project/hadoop-ozone/dist/target/ozone-1.5.0-SNAPSHOT/share/ozone/lib/hk2-api-2.6.1.jar
[INFO] Copying artifact 'org.glassfish.hk2:hk2-utils:jar:2.6.1:compile' (/home/runner/.m2/repository/org/glassfish/hk2/hk2-utils/2.6.1/hk2-utils-2.6.1.jar) to /home/runner/work/sonar-analysis/sonar-analysis/project/hadoop-ozone/dist/target/ozone-1.5.0-SNAPSHOT/share/ozone/lib/hk2-utils-2.6.1.jar
[INFO] Copying artifact 'org.glassfish.hk2.external:aopalliance-repackaged:jar:2.6.1:compile' (/home/runner/.m2/repository/org/glassfish/hk2/external/aopalliance-repackaged/2.6.1/aopalliance-repackaged-2.6.1.jar) to /home/runner/work/sonar-analysis/sonar-analysis/project/hadoop-ozone/dist/target/ozone-1.5.0-SNAPSHOT/share/ozone/lib/aopalliance-repackaged-2.6.1.jar
[INFO] Copying artifact 'com.fasterxml.jackson.dataformat:jackson-dataformat-xml:jar:2.16.2:compile' (/home/runner/.m2/repository/com/fasterxml/jackson/dataformat/jackson-dataformat-xml/2.16.2/jackson-dataformat-xml-2.16.2.jar) to /home/runner/work/sonar-analysis/sonar-analysis/project/hadoop-ozone/dist/target/ozone-1.5.0-SNAPSHOT/share/ozone/lib/jackson-dataformat-xml-2.16.2.jar
[INFO] Copying artifact 'org.codehaus.woodstox:stax2-api:jar:4.2.2:compile' (/home/runner/.m2/repository/org/codehaus/woodstox/stax2-api/4.2.2/stax2-api-4.2.2.jar) to /home/runner/work/sonar-analysis/sonar-analysis/project/hadoop-ozone/dist/target/ozone-1.5.0-SNAPSHOT/share/ozone/lib/stax2-api-4.2.2.jar
[INFO] Copying artifact 'com.fasterxml.woodstox:woodstox-core:jar:5.4.0:compile' (/home/runner/.m2/repository/com/fasterxml/woodstox/woodstox-core/5.4.0/woodstox-core-5.4.0.jar) to /home/runner/work/sonar-analysis/sonar-analysis/project/hadoop-ozone/dist/target/ozone-1.5.0-SNAPSHOT/share/ozone/lib/woodstox-core-5.4.0.jar
[INFO] Copying artifact 'com.fasterxml.jackson.module:jackson-module-jaxb-annotations:jar:2.16.2:compile' (/home/runner/.m2/repository/com/fasterxml/jackson/module/jackson-module-jaxb-annotations/2.16.2/jackson-module-jaxb-annotations-2.16.2.jar) to /home/runner/work/sonar-analysis/sonar-analysis/project/hadoop-ozone/dist/target/ozone-1.5.0-SNAPSHOT/share/ozone/lib/jackson-module-jaxb-annotations-2.16.2.jar
[INFO] Copying artifact 'javax.annotation:javax.annotation-api:jar:1.3.2:compile' (/home/runner/.m2/repository/javax/annotation/javax.annotation-api/1.3.2/javax.annotation-api-1.3.2.jar) to /home/runner/work/sonar-analysis/sonar-analysis/project/hadoop-ozone/dist/target/ozone-1.5.0-SNAPSHOT/share/ozone/lib/javax.annotation-api-1.3.2.jar
[INFO] Copying artifact 'javax.enterprise:cdi-api:jar:2.0:compile' (/home/runner/.m2/repository/javax/enterprise/cdi-api/2.0/cdi-api-2.0.jar) to /home/runner/work/sonar-analysis/sonar-analysis/project/hadoop-ozone/dist/target/ozone-1.5.0-SNAPSHOT/share/ozone/lib/cdi-api-2.0.jar
[INFO] Copying artifact 'javax.el:javax.el-api:jar:3.0.0:compile' (/home/runner/.m2/repository/javax/el/javax.el-api/3.0.0/javax.el-api-3.0.0.jar) to /home/runner/work/sonar-analysis/sonar-analysis/project/hadoop-ozone/dist/target/ozone-1.5.0-SNAPSHOT/share/ozone/lib/javax.el-api-3.0.0.jar
[INFO] Copying artifact 'javax.interceptor:javax.interceptor-api:jar:1.2:compile' (/home/runner/.m2/repository/javax/interceptor/javax.interceptor-api/1.2/javax.interceptor-api-1.2.jar) to /home/runner/work/sonar-analysis/sonar-analysis/project/hadoop-ozone/dist/target/ozone-1.5.0-SNAPSHOT/share/ozone/lib/javax.interceptor-api-1.2.jar
[INFO] Copying artifact 'jakarta.ws.rs:jakarta.ws.rs-api:jar:2.1.6:compile' (/home/runner/.m2/repository/jakarta/ws/rs/jakarta.ws.rs-api/2.1.6/jakarta.ws.rs-api-2.1.6.jar) to /home/runner/work/sonar-analysis/sonar-analysis/project/hadoop-ozone/dist/target/ozone-1.5.0-SNAPSHOT/share/ozone/lib/jakarta.ws.rs-api-2.1.6.jar
[INFO] Copying artifact 'jakarta.activation:jakarta.activation-api:jar:1.2.2:compile' (/home/runner/.m2/repository/jakarta/activation/jakarta.activation-api/1.2.2/jakarta.activation-api-1.2.2.jar) to /home/runner/work/sonar-analysis/sonar-analysis/project/hadoop-ozone/dist/target/ozone-1.5.0-SNAPSHOT/share/ozone/lib/jakarta.activation-api-1.2.2.jar
[INFO] Copying artifact 'io.grpc:grpc-netty:jar:1.58.0:compile' (/home/runner/.m2/repository/io/grpc/grpc-netty/1.58.0/grpc-netty-1.58.0.jar) to /home/runner/work/sonar-analysis/sonar-analysis/project/hadoop-ozone/dist/target/ozone-1.5.0-SNAPSHOT/share/ozone/lib/grpc-netty-1.58.0.jar
[INFO] Copying artifact 'io.grpc:grpc-core:jar:1.58.0:compile' (/home/runner/.m2/repository/io/grpc/grpc-core/1.58.0/grpc-core-1.58.0.jar) to /home/runner/work/sonar-analysis/sonar-analysis/project/hadoop-ozone/dist/target/ozone-1.5.0-SNAPSHOT/share/ozone/lib/grpc-core-1.58.0.jar
[INFO] Copying artifact 'com.google.android:annotations:jar:4.1.1.4:runtime' (/home/runner/.m2/repository/com/google/android/annotations/4.1.1.4/annotations-4.1.1.4.jar) to /home/runner/work/sonar-analysis/sonar-analysis/project/hadoop-ozone/dist/target/ozone-1.5.0-SNAPSHOT/share/ozone/lib/annotations-4.1.1.4.jar
[INFO] Copying artifact 'org.codehaus.mojo:animal-sniffer-annotations:jar:1.23:runtime' (/home/runner/.m2/repository/org/codehaus/mojo/animal-sniffer-annotations/1.23/animal-sniffer-annotations-1.23.jar) to /home/runner/work/sonar-analysis/sonar-analysis/project/hadoop-ozone/dist/target/ozone-1.5.0-SNAPSHOT/share/ozone/lib/animal-sniffer-annotations-1.23.jar
[INFO] Copying artifact 'io.grpc:grpc-context:jar:1.58.0:runtime' (/home/runner/.m2/repository/io/grpc/grpc-context/1.58.0/grpc-context-1.58.0.jar) to /home/runner/work/sonar-analysis/sonar-analysis/project/hadoop-ozone/dist/target/ozone-1.5.0-SNAPSHOT/share/ozone/lib/grpc-context-1.58.0.jar
[INFO] Copying artifact 'io.grpc:grpc-util:jar:1.58.0:runtime' (/home/runner/.m2/repository/io/grpc/grpc-util/1.58.0/grpc-util-1.58.0.jar) to /home/runner/work/sonar-analysis/sonar-analysis/project/hadoop-ozone/dist/target/ozone-1.5.0-SNAPSHOT/share/ozone/lib/grpc-util-1.58.0.jar
[INFO] Copying artifact 'io.perfmark:perfmark-api:jar:0.26.0:runtime' (/home/runner/.m2/repository/io/perfmark/perfmark-api/0.26.0/perfmark-api-0.26.0.jar) to /home/runner/work/sonar-analysis/sonar-analysis/project/hadoop-ozone/dist/target/ozone-1.5.0-SNAPSHOT/share/ozone/lib/perfmark-api-0.26.0.jar
[INFO] Copying artifact 'io.grpc:grpc-protobuf:jar:1.58.0:compile' (/home/runner/.m2/repository/io/grpc/grpc-protobuf/1.58.0/grpc-protobuf-1.58.0.jar) to /home/runner/work/sonar-analysis/sonar-analysis/project/hadoop-ozone/dist/target/ozone-1.5.0-SNAPSHOT/share/ozone/lib/grpc-protobuf-1.58.0.jar
[INFO] Copying artifact 'com.google.api.grpc:proto-google-common-protos:jar:2.22.0:compile' (/home/runner/.m2/repository/com/google/api/grpc/proto-google-common-protos/2.22.0/proto-google-common-protos-2.22.0.jar) to /home/runner/work/sonar-analysis/sonar-analysis/project/hadoop-ozone/dist/target/ozone-1.5.0-SNAPSHOT/share/ozone/lib/proto-google-common-protos-2.22.0.jar
[INFO] Copying artifact 'io.grpc:grpc-protobuf-lite:jar:1.58.0:compile' (/home/runner/.m2/repository/io/grpc/grpc-protobuf-lite/1.58.0/grpc-protobuf-lite-1.58.0.jar) to /home/runner/work/sonar-analysis/sonar-analysis/project/hadoop-ozone/dist/target/ozone-1.5.0-SNAPSHOT/share/ozone/lib/grpc-protobuf-lite-1.58.0.jar
[INFO] Copying artifact 'io.grpc:grpc-stub:jar:1.58.0:compile' (/home/runner/.m2/repository/io/grpc/grpc-stub/1.58.0/grpc-stub-1.58.0.jar) to /home/runner/work/sonar-analysis/sonar-analysis/project/hadoop-ozone/dist/target/ozone-1.5.0-SNAPSHOT/share/ozone/lib/grpc-stub-1.58.0.jar
[INFO] Copying artifact 'io.netty:netty-codec-http2:jar:4.1.109.Final:compile' (/home/runner/.m2/repository/io/netty/netty-codec-http2/4.1.109.Final/netty-codec-http2-4.1.109.Final.jar) to /home/runner/work/sonar-analysis/sonar-analysis/project/hadoop-ozone/dist/target/ozone-1.5.0-SNAPSHOT/share/ozone/lib/netty-codec-http2-4.1.109.Final.jar
[INFO] Copying artifact 'io.netty:netty-codec-http:jar:4.1.109.Final:compile' (/home/runner/.m2/repository/io/netty/netty-codec-http/4.1.109.Final/netty-codec-http-4.1.109.Final.jar) to /home/runner/work/sonar-analysis/sonar-analysis/project/hadoop-ozone/dist/target/ozone-1.5.0-SNAPSHOT/share/ozone/lib/netty-codec-http-4.1.109.Final.jar
[INFO] Copying artifact 'io.opentracing:opentracing-noop:jar:0.33.0:compile' (/home/runner/.m2/repository/io/opentracing/opentracing-noop/0.33.0/opentracing-noop-0.33.0.jar) to /home/runner/work/sonar-analysis/sonar-analysis/project/hadoop-ozone/dist/target/ozone-1.5.0-SNAPSHOT/share/ozone/lib/opentracing-noop-0.33.0.jar
[INFO] Copying artifact 'org.apache.ozone:ozone-client:jar:1.5.0-SNAPSHOT:compile' (/home/runner/work/sonar-analysis/sonar-analysis/project/hadoop-ozone/client/target/ozone-client-1.5.0-SNAPSHOT.jar) to /home/runner/work/sonar-analysis/sonar-analysis/project/hadoop-ozone/dist/target/ozone-1.5.0-SNAPSHOT/share/ozone/lib/ozone-client-1.5.0-SNAPSHOT.jar
[INFO] Copying artifact 'org.apache.ozone:ozone-csi:jar:1.5.0-SNAPSHOT:compile' (/home/runner/work/sonar-analysis/sonar-analysis/project/hadoop-ozone/csi/target/ozone-csi-1.5.0-SNAPSHOT.jar) to /home/runner/work/sonar-analysis/sonar-analysis/project/hadoop-ozone/dist/target/ozone-1.5.0-SNAPSHOT/share/ozone/lib/ozone-csi-1.5.0-SNAPSHOT.jar
[INFO] Copying artifact 'com.google.protobuf:protobuf-java-util:jar:3.19.6:compile' (/home/runner/.m2/repository/com/google/protobuf/protobuf-java-util/3.19.6/protobuf-java-util-3.19.6.jar) to /home/runner/work/sonar-analysis/sonar-analysis/project/hadoop-ozone/dist/target/ozone-1.5.0-SNAPSHOT/share/ozone/lib/protobuf-java-util-3.19.6.jar
[INFO] Copying artifact 'io.netty:netty-transport-classes-epoll:jar:4.1.109.Final:compile' (/home/runner/.m2/repository/io/netty/netty-transport-classes-epoll/4.1.109.Final/netty-transport-classes-epoll-4.1.109.Final.jar) to /home/runner/work/sonar-analysis/sonar-analysis/project/hadoop-ozone/dist/target/ozone-1.5.0-SNAPSHOT/share/ozone/lib/netty-transport-classes-epoll-4.1.109.Final.jar
[INFO] Copying artifact 'io.netty:netty-transport-native-epoll:jar:linux-x86_64:4.1.109.Final:compile' (/home/runner/.m2/repository/io/netty/netty-transport-native-epoll/4.1.109.Final/netty-transport-native-epoll-4.1.109.Final-linux-x86_64.jar) to /home/runner/work/sonar-analysis/sonar-analysis/project/hadoop-ozone/dist/target/ozone-1.5.0-SNAPSHOT/share/ozone/lib/netty-transport-native-epoll-4.1.109.Final-linux-x86_64.jar
[INFO] Copying artifact 'io.netty:netty-handler-proxy:jar:4.1.109.Final:compile' (/home/runner/.m2/repository/io/netty/netty-handler-proxy/4.1.109.Final/netty-handler-proxy-4.1.109.Final.jar) to /home/runner/work/sonar-analysis/sonar-analysis/project/hadoop-ozone/dist/target/ozone-1.5.0-SNAPSHOT/share/ozone/lib/netty-handler-proxy-4.1.109.Final.jar
[INFO] Copying artifact 'io.netty:netty-codec-socks:jar:4.1.109.Final:compile' (/home/runner/.m2/repository/io/netty/netty-codec-socks/4.1.109.Final/netty-codec-socks-4.1.109.Final.jar) to /home/runner/work/sonar-analysis/sonar-analysis/project/hadoop-ozone/dist/target/ozone-1.5.0-SNAPSHOT/share/ozone/lib/netty-codec-socks-4.1.109.Final.jar
[INFO] Copying artifact 'io.netty:netty-transport-native-unix-common:jar:4.1.109.Final:compile' (/home/runner/.m2/repository/io/netty/netty-transport-native-unix-common/4.1.109.Final/netty-transport-native-unix-common-4.1.109.Final.jar) to /home/runner/work/sonar-analysis/sonar-analysis/project/hadoop-ozone/dist/target/ozone-1.5.0-SNAPSHOT/share/ozone/lib/netty-transport-native-unix-common-4.1.109.Final.jar
[INFO] Copying artifact 'io.grpc:grpc-api:jar:1.58.0:compile' (/home/runner/.m2/repository/io/grpc/grpc-api/1.58.0/grpc-api-1.58.0.jar) to /home/runner/work/sonar-analysis/sonar-analysis/project/hadoop-ozone/dist/target/ozone-1.5.0-SNAPSHOT/share/ozone/lib/grpc-api-1.58.0.jar
[INFO] Copying artifact 'org.apache.ozone:ozone-manager:jar:1.5.0-SNAPSHOT:compile' (/home/runner/work/sonar-analysis/sonar-analysis/project/hadoop-ozone/ozone-manager/target/ozone-manager-1.5.0-SNAPSHOT.jar) to /home/runner/work/sonar-analysis/sonar-analysis/project/hadoop-ozone/dist/target/ozone-1.5.0-SNAPSHOT/share/ozone/lib/ozone-manager-1.5.0-SNAPSHOT.jar
[INFO] Copying artifact 'org.aspectj:aspectjrt:jar:1.9.7:compile' (/home/runner/.m2/repository/org/aspectj/aspectjrt/1.9.7/aspectjrt-1.9.7.jar) to /home/runner/work/sonar-analysis/sonar-analysis/project/hadoop-ozone/dist/target/ozone-1.5.0-SNAPSHOT/share/ozone/lib/aspectjrt-1.9.7.jar
[INFO] Copying artifact 'org.aspectj:aspectjweaver:jar:1.9.7:compile' (/home/runner/.m2/repository/org/aspectj/aspectjweaver/1.9.7/aspectjweaver-1.9.7.jar) to /home/runner/work/sonar-analysis/sonar-analysis/project/hadoop-ozone/dist/target/ozone-1.5.0-SNAPSHOT/share/ozone/lib/aspectjweaver-1.9.7.jar
[INFO] Copying artifact 'org.apache.ozone:ozone-interface-storage:jar:1.5.0-SNAPSHOT:compile' (/home/runner/work/sonar-analysis/sonar-analysis/project/hadoop-ozone/interface-storage/target/ozone-interface-storage-1.5.0-SNAPSHOT.jar) to /home/runner/work/sonar-analysis/sonar-analysis/project/hadoop-ozone/dist/target/ozone-1.5.0-SNAPSHOT/share/ozone/lib/ozone-interface-storage-1.5.0-SNAPSHOT.jar
[INFO] Copying artifact 'org.apache.ozone:rocksdb-checkpoint-differ:jar:1.5.0-SNAPSHOT:compile' (/home/runner/work/sonar-analysis/sonar-analysis/project/hadoop-hdds/rocksdb-checkpoint-differ/target/rocksdb-checkpoint-differ-1.5.0-SNAPSHOT.jar) to /home/runner/work/sonar-analysis/sonar-analysis/project/hadoop-ozone/dist/target/ozone-1.5.0-SNAPSHOT/share/ozone/lib/rocksdb-checkpoint-differ-1.5.0-SNAPSHOT.jar
[INFO] Copying artifact 'org.jgrapht:jgrapht-core:jar:1.4.0:compile' (/home/runner/.m2/repository/org/jgrapht/jgrapht-core/1.4.0/jgrapht-core-1.4.0.jar) to /home/runner/work/sonar-analysis/sonar-analysis/project/hadoop-ozone/dist/target/ozone-1.5.0-SNAPSHOT/share/ozone/lib/jgrapht-core-1.4.0.jar
[INFO] Copying artifact 'org.jheaps:jheaps:jar:0.11:compile' (/home/runner/.m2/repository/org/jheaps/jheaps/0.11/jheaps-0.11.jar) to /home/runner/work/sonar-analysis/sonar-analysis/project/hadoop-ozone/dist/target/ozone-1.5.0-SNAPSHOT/share/ozone/lib/jheaps-0.11.jar
[INFO] Copying artifact 'org.jgrapht:jgrapht-ext:jar:1.4.0:compile' (/home/runner/.m2/repository/org/jgrapht/jgrapht-ext/1.4.0/jgrapht-ext-1.4.0.jar) to /home/runner/work/sonar-analysis/sonar-analysis/project/hadoop-ozone/dist/target/ozone-1.5.0-SNAPSHOT/share/ozone/lib/jgrapht-ext-1.4.0.jar
[INFO] Copying artifact 'com.github.vlsi.mxgraph:jgraphx:jar:3.9.12:compile' (/home/runner/.m2/repository/com/github/vlsi/mxgraph/jgraphx/3.9.12/jgraphx-3.9.12.jar) to /home/runner/work/sonar-analysis/sonar-analysis/project/hadoop-ozone/dist/target/ozone-1.5.0-SNAPSHOT/share/ozone/lib/jgraphx-3.9.12.jar
[INFO] Copying artifact 'io.netty:netty-tcnative-boringssl-static:jar:2.0.65.Final:runtime' (/home/runner/.m2/repository/io/netty/netty-tcnative-boringssl-static/2.0.65.Final/netty-tcnative-boringssl-static-2.0.65.Final.jar) to /home/runner/work/sonar-analysis/sonar-analysis/project/hadoop-ozone/dist/target/ozone-1.5.0-SNAPSHOT/share/ozone/lib/netty-tcnative-boringssl-static-2.0.65.Final.jar
[INFO] Copying artifact 'io.netty:netty-tcnative-classes:jar:2.0.65.Final:runtime' (/home/runner/.m2/repository/io/netty/netty-tcnative-classes/2.0.65.Final/netty-tcnative-classes-2.0.65.Final.jar) to /home/runner/work/sonar-analysis/sonar-analysis/project/hadoop-ozone/dist/target/ozone-1.5.0-SNAPSHOT/share/ozone/lib/netty-tcnative-classes-2.0.65.Final.jar
[INFO] Copying artifact 'io.netty:netty-tcnative-boringssl-static:jar:linux-x86_64:2.0.65.Final:runtime' (/home/runner/.m2/repository/io/netty/netty-tcnative-boringssl-static/2.0.65.Final/netty-tcnative-boringssl-static-2.0.65.Final-linux-x86_64.jar) to /home/runner/work/sonar-analysis/sonar-analysis/project/hadoop-ozone/dist/target/ozone-1.5.0-SNAPSHOT/share/ozone/lib/netty-tcnative-boringssl-static-2.0.65.Final-linux-x86_64.jar
[INFO] Copying artifact 'io.netty:netty-tcnative-boringssl-static:jar:linux-aarch_64:2.0.65.Final:runtime' (/home/runner/.m2/repository/io/netty/netty-tcnative-boringssl-static/2.0.65.Final/netty-tcnative-boringssl-static-2.0.65.Final-linux-aarch_64.jar) to /home/runner/work/sonar-analysis/sonar-analysis/project/hadoop-ozone/dist/target/ozone-1.5.0-SNAPSHOT/share/ozone/lib/netty-tcnative-boringssl-static-2.0.65.Final-linux-aarch_64.jar
[INFO] Copying artifact 'io.netty:netty-tcnative-boringssl-static:jar:osx-x86_64:2.0.65.Final:runtime' (/home/runner/.m2/repository/io/netty/netty-tcnative-boringssl-static/2.0.65.Final/netty-tcnative-boringssl-static-2.0.65.Final-osx-x86_64.jar) to /home/runner/work/sonar-analysis/sonar-analysis/project/hadoop-ozone/dist/target/ozone-1.5.0-SNAPSHOT/share/ozone/lib/netty-tcnative-boringssl-static-2.0.65.Final-osx-x86_64.jar
[INFO] Copying artifact 'io.netty:netty-tcnative-boringssl-static:jar:osx-aarch_64:2.0.65.Final:runtime' (/home/runner/.m2/repository/io/netty/netty-tcnative-boringssl-static/2.0.65.Final/netty-tcnative-boringssl-static-2.0.65.Final-osx-aarch_64.jar) to /home/runner/work/sonar-analysis/sonar-analysis/project/hadoop-ozone/dist/target/ozone-1.5.0-SNAPSHOT/share/ozone/lib/netty-tcnative-boringssl-static-2.0.65.Final-osx-aarch_64.jar
[INFO] Copying artifact 'io.netty:netty-tcnative-boringssl-static:jar:windows-x86_64:2.0.65.Final:runtime' (/home/runner/.m2/repository/io/netty/netty-tcnative-boringssl-static/2.0.65.Final/netty-tcnative-boringssl-static-2.0.65.Final-windows-x86_64.jar) to /home/runner/work/sonar-analysis/sonar-analysis/project/hadoop-ozone/dist/target/ozone-1.5.0-SNAPSHOT/share/ozone/lib/netty-tcnative-boringssl-static-2.0.65.Final-windows-x86_64.jar
[INFO] Copying artifact 'org.reflections:reflections:jar:0.10.2:compile' (/home/runner/.m2/repository/org/reflections/reflections/0.10.2/reflections-0.10.2.jar) to /home/runner/work/sonar-analysis/sonar-analysis/project/hadoop-ozone/dist/target/ozone-1.5.0-SNAPSHOT/share/ozone/lib/reflections-0.10.2.jar
[INFO] Copying artifact 'com.sun.jersey:jersey-client:jar:1.19.4:compile' (/home/runner/.m2/repository/com/sun/jersey/jersey-client/1.19.4/jersey-client-1.19.4.jar) to /home/runner/work/sonar-analysis/sonar-analysis/project/hadoop-ozone/dist/target/ozone-1.5.0-SNAPSHOT/share/ozone/lib/jersey-client-1.19.4.jar
[INFO] Copying artifact 'com.sun.jersey:jersey-core:jar:1.19.4:compile' (/home/runner/.m2/repository/com/sun/jersey/jersey-core/1.19.4/jersey-core-1.19.4.jar) to /home/runner/work/sonar-analysis/sonar-analysis/project/hadoop-ozone/dist/target/ozone-1.5.0-SNAPSHOT/share/ozone/lib/jersey-core-1.19.4.jar
[INFO] Copying artifact 'javax.ws.rs:jsr311-api:jar:1.1.1:compile' (/home/runner/.m2/repository/javax/ws/rs/jsr311-api/1.1.1/jsr311-api-1.1.1.jar) to /home/runner/work/sonar-analysis/sonar-analysis/project/hadoop-ozone/dist/target/ozone-1.5.0-SNAPSHOT/share/ozone/lib/jsr311-api-1.1.1.jar
[INFO] Copying artifact 'org.codehaus.jackson:jackson-core-asl:jar:1.9.13:compile' (/home/runner/.m2/repository/org/codehaus/jackson/jackson-core-asl/1.9.13/jackson-core-asl-1.9.13.jar) to /home/runner/work/sonar-analysis/sonar-analysis/project/hadoop-ozone/dist/target/ozone-1.5.0-SNAPSHOT/share/ozone/lib/jackson-core-asl-1.9.13.jar
[INFO] Copying artifact 'org.codehaus.jackson:jackson-mapper-asl:jar:1.9.13:compile' (/home/runner/.m2/repository/org/codehaus/jackson/jackson-mapper-asl/1.9.13/jackson-mapper-asl-1.9.13.jar) to /home/runner/work/sonar-analysis/sonar-analysis/project/hadoop-ozone/dist/target/ozone-1.5.0-SNAPSHOT/share/ozone/lib/jackson-mapper-asl-1.9.13.jar
[INFO] Copying artifact 'org.codehaus.jackson:jackson-jaxrs:jar:1.9.13:compile' (/home/runner/.m2/repository/org/codehaus/jackson/jackson-jaxrs/1.9.13/jackson-jaxrs-1.9.13.jar) to /home/runner/work/sonar-analysis/sonar-analysis/project/hadoop-ozone/dist/target/ozone-1.5.0-SNAPSHOT/share/ozone/lib/jackson-jaxrs-1.9.13.jar
[INFO] Copying artifact 'org.apache.ranger:ranger-plugins-common:jar:2.3.0:compile' (/home/runner/.m2/repository/org/apache/ranger/ranger-plugins-common/2.3.0/ranger-plugins-common-2.3.0.jar) to /home/runner/work/sonar-analysis/sonar-analysis/project/hadoop-ozone/dist/target/ozone-1.5.0-SNAPSHOT/share/ozone/lib/ranger-plugins-common-2.3.0.jar
[INFO] Copying artifact 'commons-lang:commons-lang:jar:2.6:compile' (/home/runner/.m2/repository/commons-lang/commons-lang/2.6/commons-lang-2.6.jar) to /home/runner/work/sonar-analysis/sonar-analysis/project/hadoop-ozone/dist/target/ozone-1.5.0-SNAPSHOT/share/ozone/lib/commons-lang-2.6.jar
[INFO] Copying artifact 'org.apache.ranger:ranger-plugins-cred:jar:2.3.0:compile' (/home/runner/.m2/repository/org/apache/ranger/ranger-plugins-cred/2.3.0/ranger-plugins-cred-2.3.0.jar) to /home/runner/work/sonar-analysis/sonar-analysis/project/hadoop-ozone/dist/target/ozone-1.5.0-SNAPSHOT/share/ozone/lib/ranger-plugins-cred-2.3.0.jar
[INFO] Copying artifact 'org.apache.ranger:ranger-plugins-audit:jar:2.3.0:compile' (/home/runner/.m2/repository/org/apache/ranger/ranger-plugins-audit/2.3.0/ranger-plugins-audit-2.3.0.jar) to /home/runner/work/sonar-analysis/sonar-analysis/project/hadoop-ozone/dist/target/ozone-1.5.0-SNAPSHOT/share/ozone/lib/ranger-plugins-audit-2.3.0.jar
[INFO] Copying artifact 'org.eclipse.jetty:jetty-client:jar:9.4.56.v20240826:compile' (/home/runner/.m2/repository/org/eclipse/jetty/jetty-client/9.4.56.v20240826/jetty-client-9.4.56.v20240826.jar) to /home/runner/work/sonar-analysis/sonar-analysis/project/hadoop-ozone/dist/target/ozone-1.5.0-SNAPSHOT/share/ozone/lib/jetty-client-9.4.56.v20240826.jar
[INFO] Copying artifact 'org.apache.httpcomponents:httpmime:jar:4.5.6:compile' (/home/runner/.m2/repository/org/apache/httpcomponents/httpmime/4.5.6/httpmime-4.5.6.jar) to /home/runner/work/sonar-analysis/sonar-analysis/project/hadoop-ozone/dist/target/ozone-1.5.0-SNAPSHOT/share/ozone/lib/httpmime-4.5.6.jar
[INFO] Copying artifact 'org.apache.httpcomponents:httpcore-nio:jar:4.4.16:compile' (/home/runner/.m2/repository/org/apache/httpcomponents/httpcore-nio/4.4.16/httpcore-nio-4.4.16.jar) to /home/runner/work/sonar-analysis/sonar-analysis/project/hadoop-ozone/dist/target/ozone-1.5.0-SNAPSHOT/share/ozone/lib/httpcore-nio-4.4.16.jar
[INFO] Copying artifact 'org.apache.httpcomponents:httpasyncclient:jar:4.1.3:compile' (/home/runner/.m2/repository/org/apache/httpcomponents/httpasyncclient/4.1.3/httpasyncclient-4.1.3.jar) to /home/runner/work/sonar-analysis/sonar-analysis/project/hadoop-ozone/dist/target/ozone-1.5.0-SNAPSHOT/share/ozone/lib/httpasyncclient-4.1.3.jar
[INFO] Copying artifact 'com.carrotsearch:hppc:jar:0.8.0:compile' (/home/runner/.m2/repository/com/carrotsearch/hppc/0.8.0/hppc-0.8.0.jar) to /home/runner/work/sonar-analysis/sonar-analysis/project/hadoop-ozone/dist/target/ozone-1.5.0-SNAPSHOT/share/ozone/lib/hppc-0.8.0.jar
[INFO] Copying artifact 'org.apache.orc:orc-core:jar:1.5.8:compile' (/home/runner/.m2/repository/org/apache/orc/orc-core/1.5.8/orc-core-1.5.8.jar) to /home/runner/work/sonar-analysis/sonar-analysis/project/hadoop-ozone/dist/target/ozone-1.5.0-SNAPSHOT/share/ozone/lib/orc-core-1.5.8.jar
[INFO] Copying artifact 'net.java.dev.jna:jna:jar:5.2.0:compile' (/home/runner/.m2/repository/net/java/dev/jna/jna/5.2.0/jna-5.2.0.jar) to /home/runner/work/sonar-analysis/sonar-analysis/project/hadoop-ozone/dist/target/ozone-1.5.0-SNAPSHOT/share/ozone/lib/jna-5.2.0.jar
[INFO] Copying artifact 'net.java.dev.jna:jna-platform:jar:5.2.0:compile' (/home/runner/.m2/repository/net/java/dev/jna/jna-platform/5.2.0/jna-platform-5.2.0.jar) to /home/runner/work/sonar-analysis/sonar-analysis/project/hadoop-ozone/dist/target/ozone-1.5.0-SNAPSHOT/share/ozone/lib/jna-platform-5.2.0.jar
[INFO] Copying artifact 'com.kstruct:gethostname4j:jar:0.0.2:compile' (/home/runner/.m2/repository/com/kstruct/gethostname4j/0.0.2/gethostname4j-0.0.2.jar) to /home/runner/work/sonar-analysis/sonar-analysis/project/hadoop-ozone/dist/target/ozone-1.5.0-SNAPSHOT/share/ozone/lib/gethostname4j-0.0.2.jar
[INFO] Copying artifact 'org.apache.ranger:ranger-plugin-classloader:jar:2.3.0:compile' (/home/runner/.m2/repository/org/apache/ranger/ranger-plugin-classloader/2.3.0/ranger-plugin-classloader-2.3.0.jar) to /home/runner/work/sonar-analysis/sonar-analysis/project/hadoop-ozone/dist/target/ozone-1.5.0-SNAPSHOT/share/ozone/lib/ranger-plugin-classloader-2.3.0.jar
[INFO] Copying artifact 'org.apache.ranger:ranger-intg:jar:2.3.0:compile' (/home/runner/.m2/repository/org/apache/ranger/ranger-intg/2.3.0/ranger-intg-2.3.0.jar) to /home/runner/work/sonar-analysis/sonar-analysis/project/hadoop-ozone/dist/target/ozone-1.5.0-SNAPSHOT/share/ozone/lib/ranger-intg-2.3.0.jar
[INFO] Copying artifact 'org.eclipse.jetty:jetty-util:jar:9.4.56.v20240826:compile' (/home/runner/.m2/repository/org/eclipse/jetty/jetty-util/9.4.56.v20240826/jetty-util-9.4.56.v20240826.jar) to /home/runner/work/sonar-analysis/sonar-analysis/project/hadoop-ozone/dist/target/ozone-1.5.0-SNAPSHOT/share/ozone/lib/jetty-util-9.4.56.v20240826.jar
[INFO] Copying artifact 'org.apache.ozone:ozone-tools:jar:1.5.0-SNAPSHOT:compile' (/home/runner/work/sonar-analysis/sonar-analysis/project/hadoop-ozone/tools/target/ozone-tools-1.5.0-SNAPSHOT.jar) to /home/runner/work/sonar-analysis/sonar-analysis/project/hadoop-ozone/dist/target/ozone-1.5.0-SNAPSHOT/share/ozone/lib/ozone-tools-1.5.0-SNAPSHOT.jar
[INFO] Copying artifact 'org.apache.ozone:ozone-filesystem-common:jar:1.5.0-SNAPSHOT:compile' (/home/runner/work/sonar-analysis/sonar-analysis/project/hadoop-ozone/ozonefs-common/target/ozone-filesystem-common-1.5.0-SNAPSHOT.jar) to /home/runner/work/sonar-analysis/sonar-analysis/project/hadoop-ozone/dist/target/ozone-1.5.0-SNAPSHOT/share/ozone/lib/ozone-filesystem-common-1.5.0-SNAPSHOT.jar
[INFO] Copying artifact 'org.apache.ozone:ozone-filesystem:jar:1.5.0-SNAPSHOT:compile' (/home/runner/work/sonar-analysis/sonar-analysis/project/hadoop-ozone/ozonefs/target/ozone-filesystem-1.5.0-SNAPSHOT.jar) to /home/runner/work/sonar-analysis/sonar-analysis/project/hadoop-ozone/dist/target/ozone-1.5.0-SNAPSHOT/share/ozone/lib/ozone-filesystem-1.5.0-SNAPSHOT.jar
[INFO] Copying artifact 'org.apache.ratis:ratis-shell:jar:3.1.1:compile' (/home/runner/.m2/repository/org/apache/ratis/ratis-shell/3.1.1/ratis-shell-3.1.1.jar) to /home/runner/work/sonar-analysis/sonar-analysis/project/hadoop-ozone/dist/target/ozone-1.5.0-SNAPSHOT/share/ozone/lib/ratis-shell-3.1.1.jar
[INFO] Copying artifact 'com.amazonaws:aws-java-sdk-core:jar:1.12.661:compile' (/home/runner/.m2/repository/com/amazonaws/aws-java-sdk-core/1.12.661/aws-java-sdk-core-1.12.661.jar) to /home/runner/work/sonar-analysis/sonar-analysis/project/hadoop-ozone/dist/target/ozone-1.5.0-SNAPSHOT/share/ozone/lib/aws-java-sdk-core-1.12.661.jar
[INFO] Copying artifact 'com.fasterxml.jackson.dataformat:jackson-dataformat-cbor:jar:2.16.2:compile' (/home/runner/.m2/repository/com/fasterxml/jackson/dataformat/jackson-dataformat-cbor/2.16.2/jackson-dataformat-cbor-2.16.2.jar) to /home/runner/work/sonar-analysis/sonar-analysis/project/hadoop-ozone/dist/target/ozone-1.5.0-SNAPSHOT/share/ozone/lib/jackson-dataformat-cbor-2.16.2.jar
[INFO] Copying artifact 'joda-time:joda-time:jar:2.12.7:compile' (/home/runner/.m2/repository/joda-time/joda-time/2.12.7/joda-time-2.12.7.jar) to /home/runner/work/sonar-analysis/sonar-analysis/project/hadoop-ozone/dist/target/ozone-1.5.0-SNAPSHOT/share/ozone/lib/joda-time-2.12.7.jar
[INFO] Copying artifact 'com.amazonaws:aws-java-sdk-s3:jar:1.12.661:compile' (/home/runner/.m2/repository/com/amazonaws/aws-java-sdk-s3/1.12.661/aws-java-sdk-s3-1.12.661.jar) to /home/runner/work/sonar-analysis/sonar-analysis/project/hadoop-ozone/dist/target/ozone-1.5.0-SNAPSHOT/share/ozone/lib/aws-java-sdk-s3-1.12.661.jar
[INFO] Copying artifact 'com.amazonaws:aws-java-sdk-kms:jar:1.12.661:compile' (/home/runner/.m2/repository/com/amazonaws/aws-java-sdk-kms/1.12.661/aws-java-sdk-kms-1.12.661.jar) to /home/runner/work/sonar-analysis/sonar-analysis/project/hadoop-ozone/dist/target/ozone-1.5.0-SNAPSHOT/share/ozone/lib/aws-java-sdk-kms-1.12.661.jar
[INFO] Copying artifact 'com.amazonaws:jmespath-java:jar:1.12.661:compile' (/home/runner/.m2/repository/com/amazonaws/jmespath-java/1.12.661/jmespath-java-1.12.661.jar) to /home/runner/work/sonar-analysis/sonar-analysis/project/hadoop-ozone/dist/target/ozone-1.5.0-SNAPSHOT/share/ozone/lib/jmespath-java-1.12.661.jar
[INFO] Copying artifact 'org.jooq:jooq:jar:3.11.10:compile' (/home/runner/.m2/repository/org/jooq/jooq/3.11.10/jooq-3.11.10.jar) to /home/runner/work/sonar-analysis/sonar-analysis/project/hadoop-ozone/dist/target/ozone-1.5.0-SNAPSHOT/share/ozone/lib/jooq-3.11.10.jar
[INFO] Copying artifact 'org.apache.ozone:ozone-common:jar:1.5.0-SNAPSHOT:compile' (/home/runner/work/sonar-analysis/sonar-analysis/project/hadoop-ozone/common/target/ozone-common-1.5.0-SNAPSHOT.jar) to /home/runner/work/sonar-analysis/sonar-analysis/project/hadoop-ozone/dist/target/ozone-1.5.0-SNAPSHOT/share/ozone/lib/ozone-common-1.5.0-SNAPSHOT.jar
[INFO] Copying artifact 'com.github.stephenc.jcip:jcip-annotations:jar:1.0-1:compile' (/home/runner/.m2/repository/com/github/stephenc/jcip/jcip-annotations/1.0-1/jcip-annotations-1.0-1.jar) to /home/runner/work/sonar-analysis/sonar-analysis/project/hadoop-ozone/dist/target/ozone-1.5.0-SNAPSHOT/share/ozone/lib/jcip-annotations-1.0-1.jar
[INFO] Copying artifact 'org.apache.ozone:ozone-datanode:jar:1.5.0-SNAPSHOT:compile' (/home/runner/work/sonar-analysis/sonar-analysis/project/hadoop-ozone/datanode/target/ozone-datanode-1.5.0-SNAPSHOT.jar) to /home/runner/work/sonar-analysis/sonar-analysis/project/hadoop-ozone/dist/target/ozone-1.5.0-SNAPSHOT/share/ozone/lib/ozone-datanode-1.5.0-SNAPSHOT.jar
[INFO] Copying artifact 'org.apache.ozone:hdds-docs:jar:1.5.0-SNAPSHOT:compile' (/home/runner/work/sonar-analysis/sonar-analysis/project/hadoop-hdds/docs/target/hdds-docs-1.5.0-SNAPSHOT.jar) to /home/runner/work/sonar-analysis/sonar-analysis/project/hadoop-ozone/dist/target/ozone-1.5.0-SNAPSHOT/share/ozone/lib/hdds-docs-1.5.0-SNAPSHOT.jar
[INFO] Copying artifact 'org.apache.ozone:ozone-insight:jar:1.5.0-SNAPSHOT:compile' (/home/runner/work/sonar-analysis/sonar-analysis/project/hadoop-ozone/insight/target/ozone-insight-1.5.0-SNAPSHOT.jar) to /home/runner/work/sonar-analysis/sonar-analysis/project/hadoop-ozone/dist/target/ozone-1.5.0-SNAPSHOT/share/ozone/lib/ozone-insight-1.5.0-SNAPSHOT.jar
[INFO] Copying artifact 'org.apache.ozone:ozone-httpfsgateway:jar:1.5.0-SNAPSHOT:compile' (/home/runner/work/sonar-analysis/sonar-analysis/project/hadoop-ozone/httpfsgateway/target/ozone-httpfsgateway-1.5.0-SNAPSHOT.jar) to /home/runner/work/sonar-analysis/sonar-analysis/project/hadoop-ozone/dist/target/ozone-1.5.0-SNAPSHOT/share/ozone/lib/ozone-httpfsgateway-1.5.0-SNAPSHOT.jar
[INFO] Copying artifact 'com.googlecode.json-simple:json-simple:jar:1.1.1:compile' (/home/runner/.m2/repository/com/googlecode/json-simple/json-simple/1.1.1/json-simple-1.1.1.jar) to /home/runner/work/sonar-analysis/sonar-analysis/project/hadoop-ozone/dist/target/ozone-1.5.0-SNAPSHOT/share/ozone/lib/json-simple-1.1.1.jar
[INFO] Copying artifact 'org.eclipse.jetty:jetty-server:jar:9.4.56.v20240826:compile' (/home/runner/.m2/repository/org/eclipse/jetty/jetty-server/9.4.56.v20240826/jetty-server-9.4.56.v20240826.jar) to /home/runner/work/sonar-analysis/sonar-analysis/project/hadoop-ozone/dist/target/ozone-1.5.0-SNAPSHOT/share/ozone/lib/jetty-server-9.4.56.v20240826.jar
[INFO] Copying artifact 'org.apache.curator:curator-framework:jar:4.2.0:runtime' (/home/runner/.m2/repository/org/apache/curator/curator-framework/4.2.0/curator-framework-4.2.0.jar) to /home/runner/work/sonar-analysis/sonar-analysis/project/hadoop-ozone/dist/target/ozone-1.5.0-SNAPSHOT/share/ozone/lib/curator-framework-4.2.0.jar
[INFO] Copying artifact 'org.apache.curator:curator-client:jar:4.2.0:runtime' (/home/runner/.m2/repository/org/apache/curator/curator-client/4.2.0/curator-client-4.2.0.jar) to /home/runner/work/sonar-analysis/sonar-analysis/project/hadoop-ozone/dist/target/ozone-1.5.0-SNAPSHOT/share/ozone/lib/curator-client-4.2.0.jar
[INFO] Copying artifact 'org.apache.zookeeper:zookeeper:jar:3.8.4:runtime' (/home/runner/.m2/repository/org/apache/zookeeper/zookeeper/3.8.4/zookeeper-3.8.4.jar) to /home/runner/work/sonar-analysis/sonar-analysis/project/hadoop-ozone/dist/target/ozone-1.5.0-SNAPSHOT/share/ozone/lib/zookeeper-3.8.4.jar
[INFO] Copying artifact 'org.apache.zookeeper:zookeeper-jute:jar:3.8.4:runtime' (/home/runner/.m2/repository/org/apache/zookeeper/zookeeper-jute/3.8.4/zookeeper-jute-3.8.4.jar) to /home/runner/work/sonar-analysis/sonar-analysis/project/hadoop-ozone/dist/target/ozone-1.5.0-SNAPSHOT/share/ozone/lib/zookeeper-jute-3.8.4.jar
[INFO] Copying artifact 'org.apache.ozone:hdds-rocks-native:jar:1.5.0-SNAPSHOT:compile' (/home/runner/work/sonar-analysis/sonar-analysis/project/hadoop-hdds/rocks-native/target/hdds-rocks-native-1.5.0-SNAPSHOT.jar) to /home/runner/work/sonar-analysis/sonar-analysis/project/hadoop-ozone/dist/target/ozone-1.5.0-SNAPSHOT/share/ozone/lib/hdds-rocks-native-1.5.0-SNAPSHOT.jar
[INFO] Copying artifact 'org.eclipse.jetty:jetty-io:jar:9.4.56.v20240826:compile' (/home/runner/.m2/repository/org/eclipse/jetty/jetty-io/9.4.56.v20240826/jetty-io-9.4.56.v20240826.jar) to /home/runner/work/sonar-analysis/sonar-analysis/project/hadoop-ozone/dist/target/ozone-1.5.0-SNAPSHOT/share/ozone/lib/jetty-io-9.4.56.v20240826.jar
[INFO] Copying artifact 'org.apache.ozone:ozone-s3-secret-store:jar:1.5.0-SNAPSHOT:compile' (/home/runner/work/sonar-analysis/sonar-analysis/project/hadoop-ozone/s3-secret-store/target/ozone-s3-secret-store-1.5.0-SNAPSHOT.jar) to /home/runner/work/sonar-analysis/sonar-analysis/project/hadoop-ozone/dist/target/ozone-1.5.0-SNAPSHOT/share/ozone/lib/ozone-s3-secret-store-1.5.0-SNAPSHOT.jar
[INFO] Copying artifact 'com.bettercloud:vault-java-driver:jar:5.1.0:compile' (/home/runner/.m2/repository/com/bettercloud/vault-java-driver/5.1.0/vault-java-driver-5.1.0.jar) to /home/runner/work/sonar-analysis/sonar-analysis/project/hadoop-ozone/dist/target/ozone-1.5.0-SNAPSHOT/share/ozone/lib/vault-java-driver-5.1.0.jar
[INFO] Copying artifact 'org.apache.ozone:ozone-filesystem-hadoop2:jar:1.5.0-SNAPSHOT:compile' (/home/runner/work/sonar-analysis/sonar-analysis/project/hadoop-ozone/ozonefs-hadoop2/target/ozone-filesystem-hadoop2-1.5.0-SNAPSHOT.jar) to /home/runner/work/sonar-analysis/sonar-analysis/project/hadoop-ozone/dist/target/ozone-1.5.0-SNAPSHOT/share/ozone/lib/ozone-filesystem-hadoop2-1.5.0-SNAPSHOT.jar
[INFO] Copying artifact 'org.apache.ozone:ozone-filesystem-hadoop3:jar:1.5.0-SNAPSHOT:compile' (/home/runner/work/sonar-analysis/sonar-analysis/project/hadoop-ozone/ozonefs-hadoop3/target/ozone-filesystem-hadoop3-1.5.0-SNAPSHOT.jar) to /home/runner/work/sonar-analysis/sonar-analysis/project/hadoop-ozone/dist/target/ozone-1.5.0-SNAPSHOT/share/ozone/lib/ozone-filesystem-hadoop3-1.5.0-SNAPSHOT.jar
[INFO] Copying artifact 'org.apache.ozone:ozone-filesystem-hadoop3-client:jar:1.5.0-SNAPSHOT:compile' (/home/runner/work/sonar-analysis/sonar-analysis/project/hadoop-ozone/ozonefs-hadoop3-client/target/ozone-filesystem-hadoop3-client-1.5.0-SNAPSHOT.jar) to /home/runner/work/sonar-analysis/sonar-analysis/project/hadoop-ozone/dist/target/ozone-1.5.0-SNAPSHOT/share/ozone/lib/ozone-filesystem-hadoop3-client-1.5.0-SNAPSHOT.jar
[INFO] Copying artifact 'org.apache.ozone:ozone-recon:jar:1.5.0-SNAPSHOT:compile' (/home/runner/work/sonar-analysis/sonar-analysis/project/hadoop-ozone/recon/target/ozone-recon-1.5.0-SNAPSHOT.jar) to /home/runner/work/sonar-analysis/sonar-analysis/project/hadoop-ozone/dist/target/ozone-1.5.0-SNAPSHOT/share/ozone/lib/ozone-recon-1.5.0-SNAPSHOT.jar
[INFO] Copying artifact 'org.apache.ozone:ozone-reconcodegen:jar:1.5.0-SNAPSHOT:compile' (/home/runner/work/sonar-analysis/sonar-analysis/project/hadoop-ozone/recon-codegen/target/ozone-reconcodegen-1.5.0-SNAPSHOT.jar) to /home/runner/work/sonar-analysis/sonar-analysis/project/hadoop-ozone/dist/target/ozone-1.5.0-SNAPSHOT/share/ozone/lib/ozone-reconcodegen-1.5.0-SNAPSHOT.jar
[INFO] Copying artifact 'aopalliance:aopalliance:jar:1.0:compile' (/home/runner/.m2/repository/aopalliance/aopalliance/1.0/aopalliance-1.0.jar) to /home/runner/work/sonar-analysis/sonar-analysis/project/hadoop-ozone/dist/target/ozone-1.5.0-SNAPSHOT/share/ozone/lib/aopalliance-1.0.jar
[INFO] Copying artifact 'com.google.inject:guice:jar:6.0.0:compile' (/home/runner/.m2/repository/com/google/inject/guice/6.0.0/guice-6.0.0.jar) to /home/runner/work/sonar-analysis/sonar-analysis/project/hadoop-ozone/dist/target/ozone-1.5.0-SNAPSHOT/share/ozone/lib/guice-6.0.0.jar
[INFO] Copying artifact 'jakarta.inject:jakarta.inject-api:jar:2.0.1:compile' (/home/runner/.m2/repository/jakarta/inject/jakarta.inject-api/2.0.1/jakarta.inject-api-2.0.1.jar) to /home/runner/work/sonar-analysis/sonar-analysis/project/hadoop-ozone/dist/target/ozone-1.5.0-SNAPSHOT/share/ozone/lib/jakarta.inject-api-2.0.1.jar
[INFO] Copying artifact 'com.google.inject.extensions:guice-assistedinject:jar:6.0.0:compile' (/home/runner/.m2/repository/com/google/inject/extensions/guice-assistedinject/6.0.0/guice-assistedinject-6.0.0.jar) to /home/runner/work/sonar-analysis/sonar-analysis/project/hadoop-ozone/dist/target/ozone-1.5.0-SNAPSHOT/share/ozone/lib/guice-assistedinject-6.0.0.jar
[INFO] Copying artifact 'com.google.inject.extensions:guice-servlet:jar:6.0.0:compile' (/home/runner/.m2/repository/com/google/inject/extensions/guice-servlet/6.0.0/guice-servlet-6.0.0.jar) to /home/runner/work/sonar-analysis/sonar-analysis/project/hadoop-ozone/dist/target/ozone-1.5.0-SNAPSHOT/share/ozone/lib/guice-servlet-6.0.0.jar
[INFO] Copying artifact 'org.glassfish.jersey.containers:jersey-container-servlet:jar:2.45:compile' (/home/runner/.m2/repository/org/glassfish/jersey/containers/jersey-container-servlet/2.45/jersey-container-servlet-2.45.jar) to /home/runner/work/sonar-analysis/sonar-analysis/project/hadoop-ozone/dist/target/ozone-1.5.0-SNAPSHOT/share/ozone/lib/jersey-container-servlet-2.45.jar
[INFO] Copying artifact 'org.glassfish.hk2:guice-bridge:jar:2.6.1:compile' (/home/runner/.m2/repository/org/glassfish/hk2/guice-bridge/2.6.1/guice-bridge-2.6.1.jar) to /home/runner/work/sonar-analysis/sonar-analysis/project/hadoop-ozone/dist/target/ozone-1.5.0-SNAPSHOT/share/ozone/lib/guice-bridge-2.6.1.jar
[INFO] Copying artifact 'org.glassfish.hk2.external:jakarta.inject:jar:2.6.1:compile' (/home/runner/.m2/repository/org/glassfish/hk2/external/jakarta.inject/2.6.1/jakarta.inject-2.6.1.jar) to /home/runner/work/sonar-analysis/sonar-analysis/project/hadoop-ozone/dist/target/ozone-1.5.0-SNAPSHOT/share/ozone/lib/jakarta.inject-2.6.1.jar
[INFO] Copying artifact 'org.glassfish.jersey.media:jersey-media-json-jackson:jar:2.45:compile' (/home/runner/.m2/repository/org/glassfish/jersey/media/jersey-media-json-jackson/2.45/jersey-media-json-jackson-2.45.jar) to /home/runner/work/sonar-analysis/sonar-analysis/project/hadoop-ozone/dist/target/ozone-1.5.0-SNAPSHOT/share/ozone/lib/jersey-media-json-jackson-2.45.jar
[INFO] Copying artifact 'org.glassfish.jersey.ext:jersey-entity-filtering:jar:2.45:compile' (/home/runner/.m2/repository/org/glassfish/jersey/ext/jersey-entity-filtering/2.45/jersey-entity-filtering-2.45.jar) to /home/runner/work/sonar-analysis/sonar-analysis/project/hadoop-ozone/dist/target/ozone-1.5.0-SNAPSHOT/share/ozone/lib/jersey-entity-filtering-2.45.jar
[INFO] Copying artifact 'org.jooq:jooq-meta:jar:3.11.10:compile' (/home/runner/.m2/repository/org/jooq/jooq-meta/3.11.10/jooq-meta-3.11.10.jar) to /home/runner/work/sonar-analysis/sonar-analysis/project/hadoop-ozone/dist/target/ozone-1.5.0-SNAPSHOT/share/ozone/lib/jooq-meta-3.11.10.jar
[INFO] Copying artifact 'org.jooq:jooq-codegen:jar:3.11.10:compile' (/home/runner/.m2/repository/org/jooq/jooq-codegen/3.11.10/jooq-codegen-3.11.10.jar) to /home/runner/work/sonar-analysis/sonar-analysis/project/hadoop-ozone/dist/target/ozone-1.5.0-SNAPSHOT/share/ozone/lib/jooq-codegen-3.11.10.jar
[INFO] Copying artifact 'com.jolbox:bonecp:jar:0.8.0.RELEASE:compile' (/home/runner/.m2/repository/com/jolbox/bonecp/0.8.0.RELEASE/bonecp-0.8.0.RELEASE.jar) to /home/runner/work/sonar-analysis/sonar-analysis/project/hadoop-ozone/dist/target/ozone-1.5.0-SNAPSHOT/share/ozone/lib/bonecp-0.8.0.RELEASE.jar
[INFO] Copying artifact 'org.apache.derby:derby:jar:10.14.2.0:compile' (/home/runner/.m2/repository/org/apache/derby/derby/10.14.2.0/derby-10.14.2.0.jar) to /home/runner/work/sonar-analysis/sonar-analysis/project/hadoop-ozone/dist/target/ozone-1.5.0-SNAPSHOT/share/ozone/lib/derby-10.14.2.0.jar
[INFO] Copying artifact 'org.springframework:spring-core:jar:5.3.39:compile' (/home/runner/.m2/repository/org/springframework/spring-core/5.3.39/spring-core-5.3.39.jar) to /home/runner/work/sonar-analysis/sonar-analysis/project/hadoop-ozone/dist/target/ozone-1.5.0-SNAPSHOT/share/ozone/lib/spring-core-5.3.39.jar
[INFO] Copying artifact 'org.springframework:spring-jdbc:jar:5.3.39:compile' (/home/runner/.m2/repository/org/springframework/spring-jdbc/5.3.39/spring-jdbc-5.3.39.jar) to /home/runner/work/sonar-analysis/sonar-analysis/project/hadoop-ozone/dist/target/ozone-1.5.0-SNAPSHOT/share/ozone/lib/spring-jdbc-5.3.39.jar
[INFO] Copying artifact 'org.springframework:spring-beans:jar:5.3.39:compile' (/home/runner/.m2/repository/org/springframework/spring-beans/5.3.39/spring-beans-5.3.39.jar) to /home/runner/work/sonar-analysis/sonar-analysis/project/hadoop-ozone/dist/target/ozone-1.5.0-SNAPSHOT/share/ozone/lib/spring-beans-5.3.39.jar
[INFO] Copying artifact 'org.springframework:spring-tx:jar:5.3.39:compile' (/home/runner/.m2/repository/org/springframework/spring-tx/5.3.39/spring-tx-5.3.39.jar) to /home/runner/work/sonar-analysis/sonar-analysis/project/hadoop-ozone/dist/target/ozone-1.5.0-SNAPSHOT/share/ozone/lib/spring-tx-5.3.39.jar
[INFO] Copying artifact 'jakarta.validation:jakarta.validation-api:jar:2.0.2:compile' (/home/runner/.m2/repository/jakarta/validation/jakarta.validation-api/2.0.2/jakarta.validation-api-2.0.2.jar) to /home/runner/work/sonar-analysis/sonar-analysis/project/hadoop-ozone/dist/target/ozone-1.5.0-SNAPSHOT/share/ozone/lib/jakarta.validation-api-2.0.2.jar
[INFO] Copying artifact 'javax.inject:javax.inject:jar:1:compile' (/home/runner/.m2/repository/javax/inject/javax.inject/1/javax.inject-1.jar) to /home/runner/work/sonar-analysis/sonar-analysis/project/hadoop-ozone/dist/target/ozone-1.5.0-SNAPSHOT/share/ozone/lib/javax.inject-1.jar
[INFO] 
[INFO] --- dependency:3.7.1:copy (copy-omitted-jars) @ ozone-dist ---
[INFO] Configured Artifact: com.google.protobuf:protobuf-java:3.19.6:jar
[INFO] Copying artifact 'com.google.protobuf:protobuf-java:jar:3.19.6' (/home/runner/.m2/repository/com/google/protobuf/protobuf-java/3.19.6/protobuf-java-3.19.6.jar) to /home/runner/work/sonar-analysis/sonar-analysis/project/hadoop-ozone/dist/target/ozone-1.5.0-SNAPSHOT/share/ozone/lib/protobuf-java-3.19.6.jar
[INFO] 
[INFO] --- jar:3.4.2:jar (default-jar) @ ozone-dist ---
[INFO] Building jar: /home/runner/work/sonar-analysis/sonar-analysis/project/hadoop-ozone/dist/target/ozone-dist-1.5.0-SNAPSHOT.jar
[INFO] 
[INFO] --- jar:3.4.2:test-jar (default) @ ozone-dist ---
[INFO] Skipping packaging of the test-jar
[INFO] 
[INFO] --- install:3.1.3:install (default-install) @ ozone-dist ---
[INFO] Installing /home/runner/work/sonar-analysis/sonar-analysis/project/hadoop-ozone/dist/pom.xml to /home/runner/.m2/repository/org/apache/ozone/ozone-dist/1.5.0-SNAPSHOT/ozone-dist-1.5.0-SNAPSHOT.pom
[INFO] Installing /home/runner/work/sonar-analysis/sonar-analysis/project/hadoop-ozone/dist/target/ozone-dist-1.5.0-SNAPSHOT.jar to /home/runner/.m2/repository/org/apache/ozone/ozone-dist/1.5.0-SNAPSHOT/ozone-dist-1.5.0-SNAPSHOT.jar
[INFO] 
[INFO] ------------< org.apache.ozone:ozone-fault-injection-test >-------------
[INFO] Building Apache Ozone Fault Injection Tests 1.5.0-SNAPSHOT       [49/51]
[INFO]   from hadoop-ozone/fault-injection-test/pom.xml
[INFO] --------------------------------[ pom ]---------------------------------
[INFO] 
[INFO] --- clean:3.4.0:clean (default-clean) @ ozone-fault-injection-test ---
[INFO] Deleting /home/runner/work/sonar-analysis/sonar-analysis/project/hadoop-ozone/fault-injection-test/target
[INFO] Deleting /home/runner/work/sonar-analysis/sonar-analysis/project/hadoop-ozone/fault-injection-test (includes = [dependency-reduced-pom.xml], excludes = [])
[INFO] 
[INFO] --- antrun:3.1.0:run (create-testdirs) @ ozone-fault-injection-test ---
[INFO] Executing tasks
[INFO]     [mkdir] Created dir: /home/runner/work/sonar-analysis/sonar-analysis/project/hadoop-ozone/fault-injection-test/target/test-dir
[INFO] Executed tasks
[INFO] 
[INFO] --- enforcer:3.5.0:enforce (depcheck) @ ozone-fault-injection-test ---
[INFO] Skipping Rule Enforcement.
[INFO] 
[INFO] --- jacoco:0.8.12:prepare-agent (default-prepare-agent) @ ozone-fault-injection-test ---
[INFO] argLine set to -javaagent:/home/runner/.m2/repository/org/jacoco/org.jacoco.agent/0.8.12/org.jacoco.agent-0.8.12-runtime.jar=destfile=/home/runner/work/sonar-analysis/sonar-analysis/project/hadoop-ozone/fault-injection-test/target/jacoco.exec,includes=org.apache.hadoop.hdds.*:org.apache.hadoop.ozone.*:org.apache.hadoop.fs.ozone.*:org.apache.ozone.*:org.hadoop.ozone.*
[INFO] 
[INFO] --- enforcer:3.5.0:enforce (banned-rocksdb-imports) @ ozone-fault-injection-test ---
[INFO] Skipping Rule Enforcement.
[INFO] 
[INFO] --- enforcer:3.5.0:enforce (ban-imports) @ ozone-fault-injection-test ---
[INFO] Skipping Rule Enforcement.
[INFO] 
[INFO] --- enforcer:3.5.0:enforce (ban-annotations) @ ozone-fault-injection-test ---
[INFO] Skipping Rule Enforcement.
[INFO] 
[INFO] --- remote-resources:1.7.0:process (default) @ ozone-fault-injection-test ---
[INFO] Preparing remote bundle org.apache.ozone:ozone-dev-support:1.5.0-SNAPSHOT
[INFO] Copying 2 resources from 1 bundle.
[INFO] 
[INFO] --- jar:3.4.2:test-jar (default) @ ozone-fault-injection-test ---
[WARNING] JAR will be empty - no content was marked for inclusion!
[INFO] Building jar: /home/runner/work/sonar-analysis/sonar-analysis/project/hadoop-ozone/fault-injection-test/target/ozone-fault-injection-test-1.5.0-SNAPSHOT-tests.jar
[INFO] 
[INFO] --- install:3.1.3:install (default-install) @ ozone-fault-injection-test ---
[INFO] Installing /home/runner/work/sonar-analysis/sonar-analysis/project/hadoop-ozone/fault-injection-test/pom.xml to /home/runner/.m2/repository/org/apache/ozone/ozone-fault-injection-test/1.5.0-SNAPSHOT/ozone-fault-injection-test-1.5.0-SNAPSHOT.pom
[INFO] Installing /home/runner/work/sonar-analysis/sonar-analysis/project/hadoop-ozone/fault-injection-test/target/ozone-fault-injection-test-1.5.0-SNAPSHOT-tests.jar to /home/runner/.m2/repository/org/apache/ozone/ozone-fault-injection-test/1.5.0-SNAPSHOT/ozone-fault-injection-test-1.5.0-SNAPSHOT-tests.jar
[INFO] 
[INFO] ----------------< org.apache.ozone:ozone-network-tests >----------------
[INFO] Building Apache Ozone Network Tests 1.5.0-SNAPSHOT               [50/51]
[INFO]   from hadoop-ozone/fault-injection-test/network-tests/pom.xml
[INFO] --------------------------------[ jar ]---------------------------------
[INFO] 
[INFO] --- clean:3.4.0:clean (default-clean) @ ozone-network-tests ---
[INFO] Deleting /home/runner/work/sonar-analysis/sonar-analysis/project/hadoop-ozone/fault-injection-test/network-tests/target
[INFO] Deleting /home/runner/work/sonar-analysis/sonar-analysis/project/hadoop-ozone/fault-injection-test/network-tests (includes = [dependency-reduced-pom.xml], excludes = [])
[INFO] 
[INFO] --- antrun:3.1.0:run (create-testdirs) @ ozone-network-tests ---
[INFO] Executing tasks
[INFO]     [mkdir] Created dir: /home/runner/work/sonar-analysis/sonar-analysis/project/hadoop-ozone/fault-injection-test/network-tests/target/test-dir
[INFO] Executed tasks
[INFO] 
[INFO] --- enforcer:3.5.0:enforce (depcheck) @ ozone-network-tests ---
[INFO] Skipping Rule Enforcement.
[INFO] 
[INFO] --- jacoco:0.8.12:prepare-agent (default-prepare-agent) @ ozone-network-tests ---
[INFO] argLine set to -javaagent:/home/runner/.m2/repository/org/jacoco/org.jacoco.agent/0.8.12/org.jacoco.agent-0.8.12-runtime.jar=destfile=/home/runner/work/sonar-analysis/sonar-analysis/project/hadoop-ozone/fault-injection-test/network-tests/target/jacoco.exec,includes=org.apache.hadoop.hdds.*:org.apache.hadoop.ozone.*:org.apache.hadoop.fs.ozone.*:org.apache.ozone.*:org.hadoop.ozone.*
[INFO] 
[INFO] --- enforcer:3.5.0:enforce (banned-rocksdb-imports) @ ozone-network-tests ---
[INFO] Skipping Rule Enforcement.
[INFO] 
[INFO] --- enforcer:3.5.0:enforce (ban-imports) @ ozone-network-tests ---
[INFO] Skipping Rule Enforcement.
[INFO] 
[INFO] --- enforcer:3.5.0:enforce (ban-annotations) @ ozone-network-tests ---
[INFO] Skipping Rule Enforcement.
[INFO] 
[INFO] --- remote-resources:1.7.0:process (default) @ ozone-network-tests ---
[INFO] Preparing remote bundle org.apache.ozone:ozone-dev-support:1.5.0-SNAPSHOT
[INFO] Copying 2 resources from 1 bundle.
[INFO] 
[INFO] --- resources:3.1.0:resources (default-resources) @ ozone-network-tests ---
[INFO] Using 'UTF-8' encoding to copy filtered resources.
[INFO] skip non existing resourceDirectory /home/runner/work/sonar-analysis/sonar-analysis/project/hadoop-ozone/fault-injection-test/network-tests/src/main/resources
[INFO] Copying 2 resources
[INFO] 
[INFO] --- resources:3.1.0:copy-resources (copy-resources) @ ozone-network-tests ---
[INFO] Using 'UTF-8' encoding to copy filtered resources.
[INFO] Copying 2 resources
[INFO] 
[INFO] --- compiler:3.9.0:compile (default-compile) @ ozone-network-tests ---
[INFO] No sources to compile
[INFO] 
[INFO] --- resources:3.1.0:testResources (default-testResources) @ ozone-network-tests ---
[INFO] Not copying test resources
[INFO] 
[INFO] --- compiler:3.9.0:testCompile (default-testCompile) @ ozone-network-tests ---
[INFO] Skipped
[INFO] 
[INFO] --- surefire:3.0.0-M4:test (default-test) @ ozone-network-tests ---
[INFO] Tests are skipped.
[INFO] Skipped
[INFO] 
[INFO] --- jar:3.4.2:jar (default-jar) @ ozone-network-tests ---
[INFO] Building jar: /home/runner/work/sonar-analysis/sonar-analysis/project/hadoop-ozone/fault-injection-test/network-tests/target/ozone-network-tests-1.5.0-SNAPSHOT.jar
[INFO] 
[INFO] --- jar:3.4.2:test-jar (default) @ ozone-network-tests ---
[INFO] Skipping packaging of the test-jar
[INFO] 
[INFO] --- install:3.1.3:install (default-install) @ ozone-network-tests ---
[INFO] Installing /home/runner/work/sonar-analysis/sonar-analysis/project/hadoop-ozone/fault-injection-test/network-tests/pom.xml to /home/runner/.m2/repository/org/apache/ozone/ozone-network-tests/1.5.0-SNAPSHOT/ozone-network-tests-1.5.0-SNAPSHOT.pom
[INFO] Installing /home/runner/work/sonar-analysis/sonar-analysis/project/hadoop-ozone/fault-injection-test/network-tests/target/ozone-network-tests-1.5.0-SNAPSHOT.jar to /home/runner/.m2/repository/org/apache/ozone/ozone-network-tests/1.5.0-SNAPSHOT/ozone-network-tests-1.5.0-SNAPSHOT.jar
[INFO] 
[INFO] -----------------< org.apache.ozone:mini-chaos-tests >------------------
[INFO] Building Apache Ozone Mini Ozone Chaos Tests 1.5.0-SNAPSHOT      [51/51]
[INFO]   from hadoop-ozone/fault-injection-test/mini-chaos-tests/pom.xml
[INFO] --------------------------------[ jar ]---------------------------------
[INFO] 
[INFO] --- clean:3.4.0:clean (default-clean) @ mini-chaos-tests ---
[INFO] Deleting /home/runner/work/sonar-analysis/sonar-analysis/project/hadoop-ozone/fault-injection-test/mini-chaos-tests/target
[INFO] Deleting /home/runner/work/sonar-analysis/sonar-analysis/project/hadoop-ozone/fault-injection-test/mini-chaos-tests (includes = [dependency-reduced-pom.xml], excludes = [])
[INFO] 
[INFO] --- antrun:3.1.0:run (create-testdirs) @ mini-chaos-tests ---
[INFO] Executing tasks
[INFO]     [mkdir] Created dir: /home/runner/work/sonar-analysis/sonar-analysis/project/hadoop-ozone/fault-injection-test/mini-chaos-tests/target/test-dir
[INFO] Executed tasks
[INFO] 
[INFO] --- enforcer:3.5.0:enforce (depcheck) @ mini-chaos-tests ---
[INFO] Skipping Rule Enforcement.
[INFO] 
[INFO] --- jacoco:0.8.12:prepare-agent (default-prepare-agent) @ mini-chaos-tests ---
[INFO] argLine set to -javaagent:/home/runner/.m2/repository/org/jacoco/org.jacoco.agent/0.8.12/org.jacoco.agent-0.8.12-runtime.jar=destfile=/home/runner/work/sonar-analysis/sonar-analysis/project/hadoop-ozone/fault-injection-test/mini-chaos-tests/target/jacoco.exec,includes=org.apache.hadoop.hdds.*:org.apache.hadoop.ozone.*:org.apache.hadoop.fs.ozone.*:org.apache.ozone.*:org.hadoop.ozone.*
[INFO] 
[INFO] --- enforcer:3.5.0:enforce (banned-rocksdb-imports) @ mini-chaos-tests ---
[INFO] Skipping Rule Enforcement.
[INFO] 
[INFO] --- enforcer:3.5.0:enforce (ban-imports) @ mini-chaos-tests ---
[INFO] Skipping Rule Enforcement.
[INFO] 
[INFO] --- enforcer:3.5.0:enforce (ban-annotations) @ mini-chaos-tests ---
[INFO] Skipping Rule Enforcement.
[INFO] 
[INFO] --- remote-resources:1.7.0:process (default) @ mini-chaos-tests ---
[INFO] Preparing remote bundle org.apache.ozone:ozone-dev-support:1.5.0-SNAPSHOT
[INFO] Copying 2 resources from 1 bundle.
[INFO] 
[INFO] --- resources:3.1.0:resources (default-resources) @ mini-chaos-tests ---
[INFO] Using 'UTF-8' encoding to copy filtered resources.
[INFO] skip non existing resourceDirectory /home/runner/work/sonar-analysis/sonar-analysis/project/hadoop-ozone/fault-injection-test/mini-chaos-tests/src/main/resources
[INFO] Copying 2 resources
[INFO] 
[INFO] --- compiler:3.9.0:compile (default-compile) @ mini-chaos-tests ---
[INFO] No sources to compile
[INFO] 
[INFO] --- resources:3.1.0:testResources (default-testResources) @ mini-chaos-tests ---
[INFO] Using 'UTF-8' encoding to copy filtered resources.
[INFO] Copying 2 resources
[INFO] Copying 2 resources
[INFO] 
[INFO] --- compiler:3.9.0:testCompile (default-testCompile) @ mini-chaos-tests ---
[INFO] Compiling 22 source files to /home/runner/work/sonar-analysis/sonar-analysis/project/hadoop-ozone/fault-injection-test/mini-chaos-tests/target/test-classes
[INFO] /home/runner/work/sonar-analysis/sonar-analysis/project/hadoop-ozone/fault-injection-test/mini-chaos-tests/src/test/java/org/apache/hadoop/ozone/loadgenerators/AgedDirLoadGenerator.java: Some input files use or override a deprecated API.
[INFO] /home/runner/work/sonar-analysis/sonar-analysis/project/hadoop-ozone/fault-injection-test/mini-chaos-tests/src/test/java/org/apache/hadoop/ozone/loadgenerators/AgedDirLoadGenerator.java: Recompile with -Xlint:deprecation for details.
[INFO] 
[INFO] --- surefire:3.0.0-M4:test (default-test) @ mini-chaos-tests ---
[INFO] Tests are skipped.
[INFO] Skipped
[INFO] 
[INFO] --- jar:3.4.2:jar (default-jar) @ mini-chaos-tests ---
[INFO] Building jar: /home/runner/work/sonar-analysis/sonar-analysis/project/hadoop-ozone/fault-injection-test/mini-chaos-tests/target/mini-chaos-tests-1.5.0-SNAPSHOT.jar
[INFO] 
[INFO] --- jar:3.4.2:test-jar (default) @ mini-chaos-tests ---
[INFO] Building jar: /home/runner/work/sonar-analysis/sonar-analysis/project/hadoop-ozone/fault-injection-test/mini-chaos-tests/target/mini-chaos-tests-1.5.0-SNAPSHOT-tests.jar
[INFO] 
[INFO] --- install:3.1.3:install (default-install) @ mini-chaos-tests ---
[INFO] Installing /home/runner/work/sonar-analysis/sonar-analysis/project/hadoop-ozone/fault-injection-test/mini-chaos-tests/pom.xml to /home/runner/.m2/repository/org/apache/ozone/mini-chaos-tests/1.5.0-SNAPSHOT/mini-chaos-tests-1.5.0-SNAPSHOT.pom
[INFO] Installing /home/runner/work/sonar-analysis/sonar-analysis/project/hadoop-ozone/fault-injection-test/mini-chaos-tests/target/mini-chaos-tests-1.5.0-SNAPSHOT.jar to /home/runner/.m2/repository/org/apache/ozone/mini-chaos-tests/1.5.0-SNAPSHOT/mini-chaos-tests-1.5.0-SNAPSHOT.jar
[INFO] Installing /home/runner/work/sonar-analysis/sonar-analysis/project/hadoop-ozone/fault-injection-test/mini-chaos-tests/target/mini-chaos-tests-1.5.0-SNAPSHOT-tests.jar to /home/runner/.m2/repository/org/apache/ozone/mini-chaos-tests/1.5.0-SNAPSHOT/mini-chaos-tests-1.5.0-SNAPSHOT-tests.jar
[INFO] ------------------------------------------------------------------------
[INFO] Reactor Summary for Apache Ozone Main 1.5.0-SNAPSHOT:
[INFO] 
[INFO] Apache Ozone Main .................................. SUCCESS [  0.824 s]
[INFO] Apache Ozone Dev Support ........................... SUCCESS [  4.785 s]
[INFO] Apache Ozone HDDS .................................. SUCCESS [  0.627 s]
[INFO] Apache Ozone Annotation Processing ................. SUCCESS [  1.115 s]
[INFO] Apache Ozone HDDS Hadoop Client dependencies ....... SUCCESS [  0.251 s]
[INFO] Apache Ozone HDDS Hadoop Test dependencies ......... SUCCESS [  0.202 s]
[INFO] Apache Ozone HDDS Hadoop Server dependencies ....... SUCCESS [  0.191 s]
[INFO] Apache Ozone HDDS Client Interface ................. SUCCESS [  9.190 s]
[INFO] Apache Ozone HDDS Admin Interface .................. SUCCESS [  3.181 s]
[INFO] Apache Ozone HDDS Server Interface ................. SUCCESS [  3.092 s]
[INFO] Apache Ozone HDDS Test Utils ....................... SUCCESS [  0.453 s]
[INFO] Apache Ozone HDDS Config ........................... SUCCESS [  0.593 s]
[INFO] Apache Ozone HDDS Common ........................... SUCCESS [  3.276 s]
[INFO] Apache Ozone HDDS Erasurecode ...................... SUCCESS [  0.554 s]
[INFO] Apache Ozone HDDS Client ........................... SUCCESS [  1.151 s]
[INFO] Apache Ozone HDDS Crypto ........................... SUCCESS [  0.091 s]
[INFO] Apache Ozone HDDS Crypto - Default ................. SUCCESS [  0.080 s]
[INFO] Apache Ozone HDDS Managed RocksDB .................. SUCCESS [  0.429 s]
[INFO] Apache Ozone HDDS RocksDB Tools .................... SUCCESS [  0.590 s]
[INFO] RocksDB Checkpoint Differ .......................... SUCCESS [  0.847 s]
[INFO] Apache Ozone HDDS Server Framework ................. SUCCESS [  3.232 s]
[INFO] Apache Ozone/HDDS Documentation .................... SUCCESS [  6.678 s]
[INFO] Apache Ozone HDDS Container Service ................ SUCCESS [  4.485 s]
[INFO] Apache Ozone HDDS SCM Server ....................... SUCCESS [  6.281 s]
[INFO] Apache Ozone HDDS Tools ............................ SUCCESS [  0.999 s]
[INFO] Apache Ozone ....................................... SUCCESS [  0.297 s]
[INFO] Apache Ozone Client Interface ...................... SUCCESS [ 15.681 s]
[INFO] Apache Ozone Common ................................ SUCCESS [  5.702 s]
[INFO] Apache Ozone Storage Interface ..................... SUCCESS [  0.957 s]
[INFO] Apache Ozone Client ................................ SUCCESS [  0.961 s]
[INFO] Apache Ozone Manager Server ........................ SUCCESS [ 11.648 s]
[INFO] Apache Ozone FileSystem Common ..................... SUCCESS [  0.838 s]
[INFO] Apache Ozone FileSystem ............................ SUCCESS [  0.594 s]
[INFO] Apache Ozone Recon CodeGen ......................... SUCCESS [  0.426 s]
[INFO] Apache Ozone Recon ................................. SUCCESS [ 39.157 s]
[INFO] Apache Ozone Tools ................................. SUCCESS [  1.840 s]
[INFO] Apache Ozone S3 Gateway ............................ SUCCESS [  1.805 s]
[INFO] Apache Ozone CSI service ........................... SUCCESS [  2.324 s]
[INFO] Apache Ozone Integration Tests ..................... SUCCESS [  4.601 s]
[INFO] Apache Ozone Datanode .............................. SUCCESS [  0.093 s]
[INFO] Apache Ozone Insight Tool .......................... SUCCESS [  0.602 s]
[INFO] Apache Ozone HttpFS ................................ SUCCESS [  0.529 s]
[INFO] Apache Ozone S3 Secret Store ....................... SUCCESS [  0.420 s]
[INFO] Apache Ozone FileSystem Shaded ..................... SUCCESS [03:54 min]
[INFO] Apache Ozone FS Hadoop 2.x compatibility ........... SUCCESS [ 15.696 s]
[INFO] Apache Ozone FS Hadoop 3.x compatibility ........... SUCCESS [ 12.490 s]
[INFO] Apache Ozone FS Hadoop shaded 3.x compatibility .... SUCCESS [ 51.383 s]
[INFO] Apache Ozone Distribution .......................... SUCCESS [  5.278 s]
[INFO] Apache Ozone Fault Injection Tests ................. SUCCESS [  0.053 s]
[INFO] Apache Ozone Network Tests ......................... SUCCESS [  0.068 s]
[INFO] Apache Ozone Mini Ozone Chaos Tests ................ SUCCESS [  0.468 s]
[INFO] ------------------------------------------------------------------------
[INFO] BUILD SUCCESS
[INFO] ------------------------------------------------------------------------
[INFO] Total time:  07:42 min
[INFO] Finished at: 2026-05-10T20:34:01Z
[INFO] ------------------------------------------------------------------------
[INFO] 862 goals, 862 executed
May 10, 2026 8:34:02 PM com.gradle.maven.extension.internal.dep.org.apache.http.impl.execchain.RetryExec execute
INFO: I/O exception (java.net.SocketException) caught when processing request to {s}->https://ge.apache.org:443: Connection reset
May 10, 2026 8:34:02 PM com.gradle.maven.extension.internal.dep.org.apache.http.impl.execchain.RetryExec execute
INFO: Retrying request to {s}->https://ge.apache.org:443
May 10, 2026 8:34:02 PM com.gradle.maven.extension.internal.dep.org.apache.http.impl.execchain.RetryExec execute
INFO: I/O exception (java.net.SocketException) caught when processing request to {s}->https://ge.apache.org:443: Connection reset
May 10, 2026 8:34:02 PM com.gradle.maven.extension.internal.dep.org.apache.http.impl.execchain.RetryExec execute
INFO: Retrying request to {s}->https://ge.apache.org:443
May 10, 2026 8:34:02 PM com.gradle.maven.extension.internal.dep.org.apache.http.impl.execchain.RetryExec execute
INFO: I/O exception (java.net.SocketException) caught when processing request to {s}->https://ge.apache.org:443: Connection reset
May 10, 2026 8:34:02 PM com.gradle.maven.extension.internal.dep.org.apache.http.impl.execchain.RetryExec execute
INFO: Retrying request to {s}->https://ge.apache.org:443
[WARNING] Unexpected error while contacting Develocity server at https://ge.apache.org/
[WARNING] No build scan will be published: Develocity features were not enabled due to an unexpected error while contacting Develocity.
