[WARNING] 
[WARNING] Some problems were encountered while building the effective settings
[WARNING] 'profiles.profile[repos].repositories.repository.id' must be unique but found duplicate repository with id mapr-public @ /home/runner/.m2/settings.xml
[WARNING] 'profiles.profile[repos].repositories.repository.id' must be unique but found duplicate repository with id apache-snapshots @ /home/runner/.m2/settings.xml
[WARNING] 
[INFO] Scanning for projects...
[WARNING] 
[WARNING] Some problems were encountered while building the effective model for org.apache.hadoop:hadoop-project:pom:2.10.0-SNAPSHOT
[WARNING] 'dependencyManagement.dependencies.dependency.(groupId:artifactId:type:classifier)' must be unique: com.microsoft.azure:azure-storage:jar -> version 7.0.0 vs 5.4.0 @ line 1175, column 19
[WARNING] 
[WARNING] Some problems were encountered while building the effective model for org.apache.hadoop:hadoop-project-dist:pom:2.10.0-SNAPSHOT
[WARNING] 'dependencyManagement.dependencies.dependency.(groupId:artifactId:type:classifier)' must be unique: com.microsoft.azure:azure-storage:jar -> version 7.0.0 vs 5.4.0 @ org.apache.hadoop:hadoop-project:2.10.0-SNAPSHOT, /home/runner/work/sonar-analysis/sonar-analysis/project/hadoop-project/pom.xml, line 1175, column 19
[WARNING] 
[WARNING] Some problems were encountered while building the effective model for org.apache.hadoop:hadoop-dist:jar:2.10.0-SNAPSHOT
[WARNING] 'build.plugins.plugin.version' for org.apache.maven.plugins:maven-gpg-plugin is missing. @ line 80, column 15
[WARNING] 
[WARNING] Some problems were encountered while building the effective model for org.apache.hadoop:hadoop-build-tools:jar:2.10.0-SNAPSHOT
[WARNING] 'build.plugins.plugin.version' for org.apache.maven.plugins:maven-remote-resources-plugin is missing. @ line 80, column 15
[WARNING] 'build.plugins.plugin.version' for org.apache.maven.plugins:maven-resources-plugin is missing. @ line 54, column 15
[WARNING] 
[WARNING] It is highly recommended to fix these problems because they threaten the stability of your build.
[WARNING] 
[WARNING] For this reason, future Maven versions might no longer support building such malformed projects.
[WARNING] 
[INFO] ------------------------------------------------------------------------
[INFO] Reactor Build Order:
[INFO] 
[INFO] Apache Hadoop Main                                                 [pom]
[INFO] Apache Hadoop Build Tools                                          [jar]
[INFO] Apache Hadoop Project POM                                          [pom]
[INFO] Apache Hadoop Annotations                                          [jar]
[INFO] Apache Hadoop Project Dist POM                                     [pom]
[INFO] Apache Hadoop Assemblies                                           [jar]
[INFO] Apache Hadoop Maven Plugins                               [maven-plugin]
[INFO] Apache Hadoop MiniKDC                                              [jar]
[INFO] Apache Hadoop Auth                                                 [jar]
[INFO] Apache Hadoop Auth Examples                                        [war]
[INFO] Apache Hadoop Common                                               [jar]
[INFO] Apache Hadoop NFS                                                  [jar]
[INFO] Apache Hadoop KMS                                                  [war]
[INFO] Apache Hadoop Common Project                                       [pom]
[INFO] Apache Hadoop HDFS Client                                          [jar]
[INFO] Apache Hadoop HDFS                                                 [jar]
[INFO] Apache Hadoop HDFS Native Client                                   [jar]
[INFO] Apache Hadoop HttpFS                                               [war]
[INFO] Apache Hadoop HDFS BookKeeper Journal                              [jar]
[INFO] Apache Hadoop HDFS-NFS                                             [jar]
[INFO] Apache Hadoop HDFS-RBF                                             [jar]
[INFO] Apache Hadoop HDFS Project                                         [pom]
[INFO] Apache Hadoop YARN                                                 [pom]
[INFO] Apache Hadoop YARN API                                             [jar]
[INFO] Apache Hadoop YARN Common                                          [jar]
[INFO] Apache Hadoop YARN Registry                                        [jar]
[INFO] Apache Hadoop YARN Server                                          [pom]
[INFO] Apache Hadoop YARN Server Common                                   [jar]
[INFO] Apache Hadoop YARN NodeManager                                     [jar]
[INFO] Apache Hadoop YARN Web Proxy                                       [jar]
[INFO] Apache Hadoop YARN ApplicationHistoryService                       [jar]
[INFO] Apache Hadoop YARN Timeline Service                                [jar]
[INFO] Apache Hadoop YARN ResourceManager                                 [jar]
[INFO] Apache Hadoop YARN Server Tests                                    [jar]
[INFO] Apache Hadoop YARN Client                                          [jar]
[INFO] Apache Hadoop YARN SharedCacheManager                              [jar]
[INFO] Apache Hadoop YARN Timeline Plugin Storage                         [jar]
[INFO] Apache Hadoop YARN Router                                          [jar]
[INFO] Apache Hadoop YARN TimelineService HBase Backend                   [pom]
[INFO] Apache Hadoop YARN TimelineService HBase Common                    [jar]
[INFO] Apache Hadoop YARN TimelineService HBase Client                    [jar]
[INFO] Apache Hadoop YARN TimelineService HBase Servers                   [pom]
[INFO] Apache Hadoop YARN TimelineService HBase Server 1.2                [jar]
[INFO] Apache Hadoop YARN TimelineService HBase tests                     [jar]
[INFO] Apache Hadoop YARN Applications                                    [pom]
[INFO] Apache Hadoop YARN DistributedShell                                [jar]
[INFO] Apache Hadoop YARN Unmanaged Am Launcher                           [jar]
[INFO] Apache Hadoop YARN Site                                            [pom]
[INFO] Apache Hadoop YARN UI                                              [pom]
[INFO] Apache Hadoop YARN Project                                         [pom]
[INFO] Apache Hadoop MapReduce Client                                     [pom]
[INFO] Apache Hadoop MapReduce Core                                       [jar]
[INFO] Apache Hadoop MapReduce Common                                     [jar]
[INFO] Apache Hadoop MapReduce Shuffle                                    [jar]
[INFO] Apache Hadoop MapReduce App                                        [jar]
[INFO] Apache Hadoop MapReduce HistoryServer                              [jar]
[INFO] Apache Hadoop MapReduce JobClient                                  [jar]
[INFO] Apache Hadoop MapReduce HistoryServer Plugins                      [jar]
[INFO] Apache Hadoop MapReduce Examples                                   [jar]
[INFO] Apache Hadoop MapReduce                                            [pom]
[INFO] Apache Hadoop MapReduce Streaming                                  [jar]
[INFO] Apache Hadoop Distributed Copy                                     [jar]
[INFO] Apache Hadoop Archives                                             [jar]
[INFO] Apache Hadoop Archive Logs                                         [jar]
[INFO] Apache Hadoop Rumen                                                [jar]
[INFO] Apache Hadoop Gridmix                                              [jar]
[INFO] Apache Hadoop Data Join                                            [jar]
[INFO] Apache Hadoop Ant Tasks                                            [jar]
[INFO] Apache Hadoop Extras                                               [jar]
[INFO] Apache Hadoop Pipes                                                [pom]
[INFO] Apache Hadoop OpenStack support                                    [jar]
[INFO] Apache Hadoop Amazon Web Services support                          [jar]
[INFO] Apache Hadoop Azure support                                        [jar]
[INFO] Apache Hadoop Aliyun OSS support                                   [jar]
[INFO] Apache Hadoop Client                                               [jar]
[INFO] Apache Hadoop Mini-Cluster                                         [jar]
[INFO] Apache Hadoop Scheduler Load Simulator                             [jar]
[INFO] Apache Hadoop Resource Estimator Service                           [jar]
[INFO] Apache Hadoop Azure Data Lake support                              [jar]
[INFO] Apache Hadoop Tools Dist                                           [jar]
[INFO] Apache Hadoop Tools                                                [pom]
[INFO] Apache Hadoop Distribution                                         [jar]
[INFO] Apache Hadoop Cloud Storage                                        [jar]
[INFO] Apache Hadoop Cloud Storage Project                                [pom]
[INFO] 
[INFO] -------------------< org.apache.hadoop:hadoop-main >--------------------
[INFO] Building Apache Hadoop Main 2.10.0-SNAPSHOT                       [1/84]
[INFO]   from pom.xml
[INFO] --------------------------------[ pom ]---------------------------------
[INFO] 
[INFO] --- enforcer:1.4.1:enforce (clean) @ hadoop-main ---
[INFO] Skipping Rule Enforcement.
[INFO] 
[INFO] --- clean:3.2.0:clean (default-clean) @ hadoop-main ---
[INFO] 
[INFO] --- enforcer:1.4.1:enforce (default) @ hadoop-main ---
[INFO] Skipping Rule Enforcement.
[INFO] 
[INFO] --- site:3.5:attach-descriptor (attach-descriptor) @ hadoop-main ---
[INFO] 
[INFO] --- install:3.1.4:install (default-install) @ hadoop-main ---
[INFO] Installing /home/runner/work/sonar-analysis/sonar-analysis/project/pom.xml to /home/runner/.m2/repository/org/apache/hadoop/hadoop-main/2.10.0-SNAPSHOT/hadoop-main-2.10.0-SNAPSHOT.pom
[INFO] 
[INFO] ----------------< org.apache.hadoop:hadoop-build-tools >----------------
[INFO] Building Apache Hadoop Build Tools 2.10.0-SNAPSHOT                [2/84]
[INFO]   from hadoop-build-tools/pom.xml
[INFO] --------------------------------[ jar ]---------------------------------
[INFO] 
[INFO] --- clean:3.2.0:clean (default-clean) @ hadoop-build-tools ---
[INFO] Deleting /home/runner/work/sonar-analysis/sonar-analysis/project/hadoop-build-tools/target
[INFO] 
[INFO] --- resources:3.4.0:copy-resources (copy-resources) @ hadoop-build-tools ---
[INFO] Copying 2 resources from .. to target/extra-resources
[INFO] 
[INFO] --- antrun:1.7:run (dummy) @ hadoop-build-tools ---
[INFO] No ant target defined - SKIPPED
[INFO] 
[INFO] --- resources:3.4.0:resources (default-resources) @ hadoop-build-tools ---
[INFO] Copying 2 resources from target/extra-resources to target/classes/META-INF
[INFO] Copying 3 resources from src/main/resources to target/classes
[INFO] 
[INFO] --- remote-resources:3.3.0:bundle (default) @ hadoop-build-tools ---
[INFO] Writing META-INF/maven/remote-resources.xml descriptor with 2 entries
[INFO] 
[INFO] --- compiler:3.15.0:compile (default-compile) @ hadoop-build-tools ---
[INFO] No sources to compile
[INFO] 
[INFO] --- resources:3.4.0:testResources (default-testResources) @ hadoop-build-tools ---
[INFO] skip non existing resourceDirectory /home/runner/work/sonar-analysis/sonar-analysis/project/hadoop-build-tools/src/test/resources
[INFO] 
[INFO] --- compiler:3.15.0:testCompile (default-testCompile) @ hadoop-build-tools ---
[INFO] No sources to compile
[INFO] 
[INFO] --- surefire:3.5.4:test (default-test) @ hadoop-build-tools ---
[INFO] Tests are skipped.
[INFO] 
[INFO] --- jar:3.5.0:jar (default-jar) @ hadoop-build-tools ---
[INFO] Building jar: /home/runner/work/sonar-analysis/sonar-analysis/project/hadoop-build-tools/target/hadoop-build-tools-2.10.0-SNAPSHOT.jar
[INFO] 
[INFO] --- site:3.5:attach-descriptor (attach-descriptor) @ hadoop-build-tools ---
[INFO] 
[INFO] --- install:3.1.4:install (default-install) @ hadoop-build-tools ---
[INFO] Installing /home/runner/work/sonar-analysis/sonar-analysis/project/hadoop-build-tools/pom.xml to /home/runner/.m2/repository/org/apache/hadoop/hadoop-build-tools/2.10.0-SNAPSHOT/hadoop-build-tools-2.10.0-SNAPSHOT.pom
[INFO] Installing /home/runner/work/sonar-analysis/sonar-analysis/project/hadoop-build-tools/target/hadoop-build-tools-2.10.0-SNAPSHOT.jar to /home/runner/.m2/repository/org/apache/hadoop/hadoop-build-tools/2.10.0-SNAPSHOT/hadoop-build-tools-2.10.0-SNAPSHOT.jar
[INFO] 
[INFO] ------------------< org.apache.hadoop:hadoop-project >------------------
[INFO] Building Apache Hadoop Project POM 2.10.0-SNAPSHOT                [3/84]
[INFO]   from hadoop-project/pom.xml
[INFO] --------------------------------[ pom ]---------------------------------
[INFO] 
[INFO] --- enforcer:1.4.1:enforce (clean) @ hadoop-project ---
[INFO] Skipping Rule Enforcement.
[INFO] 
[INFO] --- clean:2.5:clean (default-clean) @ hadoop-project ---
[INFO] Deleting /home/runner/work/sonar-analysis/sonar-analysis/project/hadoop-project/target
[INFO] 
[INFO] --- antrun:1.7:run (create-testdirs) @ hadoop-project ---
[INFO] Executing tasks

main:
    [mkdir] Created dir: /home/runner/work/sonar-analysis/sonar-analysis/project/hadoop-project/target/test-dir
[INFO] Executed tasks
[INFO] 
[INFO] --- enforcer:1.4.1:enforce (default) @ hadoop-project ---
[INFO] Skipping Rule Enforcement.
[INFO] 
[INFO] --- remote-resources:1.5:process (default) @ hadoop-project ---
[INFO] 
[INFO] --- site:3.5:attach-descriptor (attach-descriptor) @ hadoop-project ---
[INFO] 
[INFO] --- animal-sniffer:1.16:check (signature-check) @ hadoop-project ---
[INFO] Checking unresolved references to org.codehaus.mojo.signature:java17:1.0
[INFO] 
[INFO] --- enforcer:1.4.1:enforce (depcheck) @ hadoop-project ---
[INFO] Skipping Rule Enforcement.
[INFO] 
[INFO] --- install:2.5.1:install (default-install) @ hadoop-project ---
[INFO] Installing /home/runner/work/sonar-analysis/sonar-analysis/project/hadoop-project/pom.xml to /home/runner/.m2/repository/org/apache/hadoop/hadoop-project/2.10.0-SNAPSHOT/hadoop-project-2.10.0-SNAPSHOT.pom
[INFO] Installing /home/runner/work/sonar-analysis/sonar-analysis/project/hadoop-project/target/hadoop-project-2.10.0-SNAPSHOT-site.xml to /home/runner/.m2/repository/org/apache/hadoop/hadoop-project/2.10.0-SNAPSHOT/hadoop-project-2.10.0-SNAPSHOT-site.xml
[INFO] 
[INFO] ----------------< org.apache.hadoop:hadoop-annotations >----------------
[INFO] Building Apache Hadoop Annotations 2.10.0-SNAPSHOT                [4/84]
[INFO]   from hadoop-common-project/hadoop-annotations/pom.xml
[INFO] --------------------------------[ jar ]---------------------------------
[INFO] 
[INFO] --- clean:2.5:clean (default-clean) @ hadoop-annotations ---
[INFO] Deleting /home/runner/work/sonar-analysis/sonar-analysis/project/hadoop-common-project/hadoop-annotations/target
[INFO] 
[INFO] --- antrun:1.7:run (create-testdirs) @ hadoop-annotations ---
[INFO] Executing tasks

main:
    [mkdir] Created dir: /home/runner/work/sonar-analysis/sonar-analysis/project/hadoop-common-project/hadoop-annotations/target/test-dir
[INFO] Executed tasks
[INFO] 
[INFO] --- remote-resources:1.5:process (default) @ hadoop-annotations ---
[INFO] 
[INFO] --- resources:2.6:resources (default-resources) @ hadoop-annotations ---
[INFO] Using 'UTF-8' encoding to copy filtered resources.
[INFO] skip non existing resourceDirectory /home/runner/work/sonar-analysis/sonar-analysis/project/hadoop-common-project/hadoop-annotations/src/main/resources
[INFO] Copying 2 resources
[INFO] 
[INFO] --- compiler:3.1:compile (default-compile) @ hadoop-annotations ---
[INFO] Compiling 9 source files to /home/runner/work/sonar-analysis/sonar-analysis/project/hadoop-common-project/hadoop-annotations/target/classes
[INFO] 
[INFO] --- resources:2.6:testResources (default-testResources) @ hadoop-annotations ---
[INFO] Using 'UTF-8' encoding to copy filtered resources.
[INFO] skip non existing resourceDirectory /home/runner/work/sonar-analysis/sonar-analysis/project/hadoop-common-project/hadoop-annotations/src/test/resources
[INFO] Copying 2 resources
[INFO] 
[INFO] --- compiler:3.1:testCompile (default-testCompile) @ hadoop-annotations ---
[INFO] No sources to compile
[INFO] 
[INFO] --- surefire:2.21.0:test (default-test) @ hadoop-annotations ---
[INFO] Tests are skipped.
[INFO] 
[INFO] --- jar:2.5:jar (default-jar) @ hadoop-annotations ---
[INFO] Building jar: /home/runner/work/sonar-analysis/sonar-analysis/project/hadoop-common-project/hadoop-annotations/target/hadoop-annotations-2.10.0-SNAPSHOT.jar
[INFO] 
[INFO] --- site:3.5:attach-descriptor (attach-descriptor) @ hadoop-annotations ---
[INFO] 
[INFO] --- animal-sniffer:1.16:check (signature-check) @ hadoop-annotations ---
[INFO] Checking unresolved references to org.codehaus.mojo.signature:java17:1.0
[INFO] 
[INFO] --- enforcer:1.4.1:enforce (depcheck) @ hadoop-annotations ---
[INFO] Skipping Rule Enforcement.
[INFO] 
[INFO] --- install:2.5.1:install (default-install) @ hadoop-annotations ---
[INFO] Installing /home/runner/work/sonar-analysis/sonar-analysis/project/hadoop-common-project/hadoop-annotations/target/hadoop-annotations-2.10.0-SNAPSHOT.jar to /home/runner/.m2/repository/org/apache/hadoop/hadoop-annotations/2.10.0-SNAPSHOT/hadoop-annotations-2.10.0-SNAPSHOT.jar
[INFO] Installing /home/runner/work/sonar-analysis/sonar-analysis/project/hadoop-common-project/hadoop-annotations/pom.xml to /home/runner/.m2/repository/org/apache/hadoop/hadoop-annotations/2.10.0-SNAPSHOT/hadoop-annotations-2.10.0-SNAPSHOT.pom
[INFO] 
[INFO] ---------------< org.apache.hadoop:hadoop-project-dist >----------------
[INFO] Building Apache Hadoop Project Dist POM 2.10.0-SNAPSHOT           [5/84]
[INFO]   from hadoop-project-dist/pom.xml
[INFO] --------------------------------[ pom ]---------------------------------
[INFO] 
[INFO] --- clean:2.5:clean (default-clean) @ hadoop-project-dist ---
[INFO] Deleting /home/runner/work/sonar-analysis/sonar-analysis/project/hadoop-project-dist/target
[INFO] 
[INFO] --- antrun:1.7:run (create-testdirs) @ hadoop-project-dist ---
[INFO] Executing tasks

main:
    [mkdir] Created dir: /home/runner/work/sonar-analysis/sonar-analysis/project/hadoop-project-dist/target/test-dir
    [mkdir] Created dir: /home/runner/work/sonar-analysis/sonar-analysis/project/hadoop-project-dist/target/test/data
[INFO] Executed tasks
[INFO] 
[INFO] --- remote-resources:1.5:process (default) @ hadoop-project-dist ---
[INFO] 
[INFO] --- jar:2.5:jar (prepare-jar) @ hadoop-project-dist ---
[WARNING] JAR will be empty - no content was marked for inclusion!
[INFO] Building jar: /home/runner/work/sonar-analysis/sonar-analysis/project/hadoop-project-dist/target/hadoop-project-dist-2.10.0-SNAPSHOT.jar
[INFO] 
[INFO] --- jar:2.5:test-jar (prepare-test-jar) @ hadoop-project-dist ---
[WARNING] JAR will be empty - no content was marked for inclusion!
[INFO] Building jar: /home/runner/work/sonar-analysis/sonar-analysis/project/hadoop-project-dist/target/hadoop-project-dist-2.10.0-SNAPSHOT-tests.jar
[INFO] 
[INFO] --- site:3.5:attach-descriptor (attach-descriptor) @ hadoop-project-dist ---
[INFO] 
[INFO] --- animal-sniffer:1.16:check (signature-check) @ hadoop-project-dist ---
[INFO] Checking unresolved references to org.codehaus.mojo.signature:java17:1.0
[INFO] 
[INFO] --- enforcer:1.4.1:enforce (depcheck) @ hadoop-project-dist ---
[INFO] Skipping Rule Enforcement.
[INFO] 
[INFO] --- install:2.5.1:install (default-install) @ hadoop-project-dist ---
[INFO] Installing /home/runner/work/sonar-analysis/sonar-analysis/project/hadoop-project-dist/pom.xml to /home/runner/.m2/repository/org/apache/hadoop/hadoop-project-dist/2.10.0-SNAPSHOT/hadoop-project-dist-2.10.0-SNAPSHOT.pom
[INFO] Installing /home/runner/work/sonar-analysis/sonar-analysis/project/hadoop-project-dist/target/hadoop-project-dist-2.10.0-SNAPSHOT-tests.jar to /home/runner/.m2/repository/org/apache/hadoop/hadoop-project-dist/2.10.0-SNAPSHOT/hadoop-project-dist-2.10.0-SNAPSHOT-tests.jar
[INFO] 
[INFO] ----------------< org.apache.hadoop:hadoop-assemblies >-----------------
[INFO] Building Apache Hadoop Assemblies 2.10.0-SNAPSHOT                 [6/84]
[INFO]   from hadoop-assemblies/pom.xml
[INFO] --------------------------------[ jar ]---------------------------------
[INFO] 
[INFO] --- enforcer:1.4.1:enforce (clean) @ hadoop-assemblies ---
[INFO] Skipping Rule Enforcement.
[INFO] 
[INFO] --- clean:2.5:clean (default-clean) @ hadoop-assemblies ---
[INFO] Deleting /home/runner/work/sonar-analysis/sonar-analysis/project/hadoop-assemblies/target
[INFO] 
[INFO] --- antrun:1.7:run (create-testdirs) @ hadoop-assemblies ---
[INFO] Executing tasks

main:
    [mkdir] Created dir: /home/runner/work/sonar-analysis/sonar-analysis/project/hadoop-assemblies/target/test-dir
[INFO] Executed tasks
[INFO] 
[INFO] --- enforcer:1.4.1:enforce (default) @ hadoop-assemblies ---
[INFO] Skipping Rule Enforcement.
[INFO] 
[INFO] --- remote-resources:1.5:process (default) @ hadoop-assemblies ---
[INFO] 
[INFO] --- resources:2.6:resources (default-resources) @ hadoop-assemblies ---
[INFO] Using 'UTF-8' encoding to copy filtered resources.
[INFO] Copying 11 resources
[INFO] Copying 2 resources
[INFO] 
[INFO] --- compiler:3.1:compile (default-compile) @ hadoop-assemblies ---
[INFO] No sources to compile
[INFO] 
[INFO] --- resources:2.6:testResources (default-testResources) @ hadoop-assemblies ---
[INFO] Using 'UTF-8' encoding to copy filtered resources.
[INFO] skip non existing resourceDirectory /home/runner/work/sonar-analysis/sonar-analysis/project/hadoop-assemblies/src/test/resources
[INFO] Copying 2 resources
[INFO] 
[INFO] --- compiler:3.1:testCompile (default-testCompile) @ hadoop-assemblies ---
[INFO] No sources to compile
[INFO] 
[INFO] --- surefire:2.21.0:test (default-test) @ hadoop-assemblies ---
[INFO] Tests are skipped.
[INFO] 
[INFO] --- jar:2.5:jar (default-jar) @ hadoop-assemblies ---
[INFO] Building jar: /home/runner/work/sonar-analysis/sonar-analysis/project/hadoop-assemblies/target/hadoop-assemblies-2.10.0-SNAPSHOT.jar
[INFO] 
[INFO] --- site:3.5:attach-descriptor (attach-descriptor) @ hadoop-assemblies ---
[INFO] 
[INFO] --- animal-sniffer:1.16:check (signature-check) @ hadoop-assemblies ---
[INFO] Checking unresolved references to org.codehaus.mojo.signature:java17:1.0
[INFO] 
[INFO] --- enforcer:1.4.1:enforce (depcheck) @ hadoop-assemblies ---
[INFO] Skipping Rule Enforcement.
[INFO] 
[INFO] --- install:2.5.1:install (default-install) @ hadoop-assemblies ---
[INFO] Installing /home/runner/work/sonar-analysis/sonar-analysis/project/hadoop-assemblies/target/hadoop-assemblies-2.10.0-SNAPSHOT.jar to /home/runner/.m2/repository/org/apache/hadoop/hadoop-assemblies/2.10.0-SNAPSHOT/hadoop-assemblies-2.10.0-SNAPSHOT.jar
[INFO] Installing /home/runner/work/sonar-analysis/sonar-analysis/project/hadoop-assemblies/pom.xml to /home/runner/.m2/repository/org/apache/hadoop/hadoop-assemblies/2.10.0-SNAPSHOT/hadoop-assemblies-2.10.0-SNAPSHOT.pom
[INFO] 
[INFO] ---------------< org.apache.hadoop:hadoop-maven-plugins >---------------
[INFO] Building Apache Hadoop Maven Plugins 2.10.0-SNAPSHOT              [7/84]
[INFO]   from hadoop-maven-plugins/pom.xml
[INFO] ----------------------------[ maven-plugin ]----------------------------
[INFO] 
[INFO] --- clean:2.5:clean (default-clean) @ hadoop-maven-plugins ---
[INFO] Deleting /home/runner/work/sonar-analysis/sonar-analysis/project/hadoop-maven-plugins/target
[INFO] 
[INFO] --- antrun:1.7:run (create-testdirs) @ hadoop-maven-plugins ---
[INFO] Executing tasks

main:
    [mkdir] Created dir: /home/runner/work/sonar-analysis/sonar-analysis/project/hadoop-maven-plugins/target/test-dir
[INFO] Executed tasks
[INFO] 
[INFO] --- remote-resources:1.5:process (default) @ hadoop-maven-plugins ---
[INFO] 
[INFO] --- resources:2.6:resources (default-resources) @ hadoop-maven-plugins ---
[INFO] Using 'UTF-8' encoding to copy filtered resources.
[INFO] skip non existing resourceDirectory /home/runner/work/sonar-analysis/sonar-analysis/project/hadoop-maven-plugins/src/main/resources
[INFO] Copying 2 resources
[INFO] 
[INFO] --- compiler:3.1:compile (default-compile) @ hadoop-maven-plugins ---
[INFO] Compiling 10 source files to /home/runner/work/sonar-analysis/sonar-analysis/project/hadoop-maven-plugins/target/classes
[INFO] 
[INFO] --- plugin:3.4:descriptor (default-descriptor) @ hadoop-maven-plugins ---
[INFO] Using 'UTF-8' encoding to read mojo metadata.
[INFO] Mojo extractor with id: java-javadoc found 0 mojo descriptors.
[INFO] Mojo extractor with id: java-annotations found 6 mojo descriptors.
[INFO] 
[INFO] --- resources:2.6:testResources (default-testResources) @ hadoop-maven-plugins ---
[INFO] Using 'UTF-8' encoding to copy filtered resources.
[INFO] skip non existing resourceDirectory /home/runner/work/sonar-analysis/sonar-analysis/project/hadoop-maven-plugins/src/test/resources
[INFO] Copying 2 resources
[INFO] 
[INFO] --- compiler:3.1:testCompile (default-testCompile) @ hadoop-maven-plugins ---
[INFO] No sources to compile
[INFO] 
[INFO] --- surefire:2.21.0:test (default-test) @ hadoop-maven-plugins ---
[INFO] Tests are skipped.
[INFO] 
[INFO] --- jar:2.5:jar (default-jar) @ hadoop-maven-plugins ---
[INFO] Building jar: /home/runner/work/sonar-analysis/sonar-analysis/project/hadoop-maven-plugins/target/hadoop-maven-plugins-2.10.0-SNAPSHOT.jar
[INFO] 
[INFO] --- site:3.5:attach-descriptor (attach-descriptor) @ hadoop-maven-plugins ---
[INFO] 
[INFO] --- animal-sniffer:1.16:check (signature-check) @ hadoop-maven-plugins ---
[INFO] Checking unresolved references to org.codehaus.mojo.signature:java17:1.0
[INFO] 
[INFO] --- enforcer:1.4.1:enforce (depcheck) @ hadoop-maven-plugins ---
[INFO] Skipping Rule Enforcement.
[INFO] 
[INFO] --- install:2.5.1:install (default-install) @ hadoop-maven-plugins ---
[INFO] Installing /home/runner/work/sonar-analysis/sonar-analysis/project/hadoop-maven-plugins/target/hadoop-maven-plugins-2.10.0-SNAPSHOT.jar to /home/runner/.m2/repository/org/apache/hadoop/hadoop-maven-plugins/2.10.0-SNAPSHOT/hadoop-maven-plugins-2.10.0-SNAPSHOT.jar
[INFO] Installing /home/runner/work/sonar-analysis/sonar-analysis/project/hadoop-maven-plugins/pom.xml to /home/runner/.m2/repository/org/apache/hadoop/hadoop-maven-plugins/2.10.0-SNAPSHOT/hadoop-maven-plugins-2.10.0-SNAPSHOT.pom
[INFO] 
[INFO] ------------------< org.apache.hadoop:hadoop-minikdc >------------------
[INFO] Building Apache Hadoop MiniKDC 2.10.0-SNAPSHOT                    [8/84]
[INFO]   from hadoop-common-project/hadoop-minikdc/pom.xml
[INFO] --------------------------------[ jar ]---------------------------------
[INFO] 
[INFO] --- clean:2.5:clean (default-clean) @ hadoop-minikdc ---
[INFO] Deleting /home/runner/work/sonar-analysis/sonar-analysis/project/hadoop-common-project/hadoop-minikdc/target
[INFO] 
[INFO] --- antrun:1.7:run (create-testdirs) @ hadoop-minikdc ---
[INFO] Executing tasks

main:
    [mkdir] Created dir: /home/runner/work/sonar-analysis/sonar-analysis/project/hadoop-common-project/hadoop-minikdc/target/test-dir
[INFO] Executed tasks
[INFO] 
[INFO] --- remote-resources:1.5:process (default) @ hadoop-minikdc ---
[INFO] 
[INFO] --- resources:2.6:resources (default-resources) @ hadoop-minikdc ---
[INFO] Using 'UTF-8' encoding to copy filtered resources.
[INFO] Copying 3 resources
[INFO] Copying 2 resources
[INFO] 
[INFO] --- compiler:3.1:compile (default-compile) @ hadoop-minikdc ---
[INFO] Compiling 2 source files to /home/runner/work/sonar-analysis/sonar-analysis/project/hadoop-common-project/hadoop-minikdc/target/classes
[INFO] 
[INFO] --- resources:2.6:testResources (default-testResources) @ hadoop-minikdc ---
[INFO] Using 'UTF-8' encoding to copy filtered resources.
[INFO] skip non existing resourceDirectory /home/runner/work/sonar-analysis/sonar-analysis/project/hadoop-common-project/hadoop-minikdc/src/test/resources
[INFO] Copying 2 resources
[INFO] 
[INFO] --- compiler:3.1:testCompile (default-testCompile) @ hadoop-minikdc ---
[INFO] Compiling 2 source files to /home/runner/work/sonar-analysis/sonar-analysis/project/hadoop-common-project/hadoop-minikdc/target/test-classes
[INFO] 
[INFO] --- surefire:2.21.0:test (default-test) @ hadoop-minikdc ---
[INFO] Tests are skipped.
[INFO] 
[INFO] --- jar:2.5:jar (default-jar) @ hadoop-minikdc ---
[INFO] Building jar: /home/runner/work/sonar-analysis/sonar-analysis/project/hadoop-common-project/hadoop-minikdc/target/hadoop-minikdc-2.10.0-SNAPSHOT.jar
[INFO] 
[INFO] --- site:3.5:attach-descriptor (attach-descriptor) @ hadoop-minikdc ---
[INFO] 
[INFO] --- animal-sniffer:1.16:check (signature-check) @ hadoop-minikdc ---
[INFO] Checking unresolved references to org.codehaus.mojo.signature:java17:1.0
[INFO] 
[INFO] --- enforcer:1.4.1:enforce (depcheck) @ hadoop-minikdc ---
[INFO] Skipping Rule Enforcement.
[INFO] 
[INFO] --- install:2.5.1:install (default-install) @ hadoop-minikdc ---
[INFO] Installing /home/runner/work/sonar-analysis/sonar-analysis/project/hadoop-common-project/hadoop-minikdc/target/hadoop-minikdc-2.10.0-SNAPSHOT.jar to /home/runner/.m2/repository/org/apache/hadoop/hadoop-minikdc/2.10.0-SNAPSHOT/hadoop-minikdc-2.10.0-SNAPSHOT.jar
[INFO] Installing /home/runner/work/sonar-analysis/sonar-analysis/project/hadoop-common-project/hadoop-minikdc/pom.xml to /home/runner/.m2/repository/org/apache/hadoop/hadoop-minikdc/2.10.0-SNAPSHOT/hadoop-minikdc-2.10.0-SNAPSHOT.pom
[INFO] 
[INFO] -------------------< org.apache.hadoop:hadoop-auth >--------------------
[INFO] Building Apache Hadoop Auth 2.10.0-SNAPSHOT                       [9/84]
[INFO]   from hadoop-common-project/hadoop-auth/pom.xml
[INFO] --------------------------------[ jar ]---------------------------------
[INFO] 
[INFO] --- clean:2.5:clean (default-clean) @ hadoop-auth ---
[INFO] Deleting /home/runner/work/sonar-analysis/sonar-analysis/project/hadoop-common-project/hadoop-auth/target
[INFO] 
[INFO] --- antrun:1.7:run (create-testdirs) @ hadoop-auth ---
[INFO] Executing tasks

main:
    [mkdir] Created dir: /home/runner/work/sonar-analysis/sonar-analysis/project/hadoop-common-project/hadoop-auth/target/test-dir
[INFO] Executed tasks
[INFO] 
[INFO] --- remote-resources:1.5:process (default) @ hadoop-auth ---
[INFO] 
[INFO] --- resources:2.6:resources (default-resources) @ hadoop-auth ---
[INFO] Using 'UTF-8' encoding to copy filtered resources.
[INFO] skip non existing resourceDirectory /home/runner/work/sonar-analysis/sonar-analysis/project/hadoop-common-project/hadoop-auth/src/main/resources
[INFO] Copying 2 resources
[INFO] 
[INFO] --- compiler:3.1:compile (default-compile) @ hadoop-auth ---
[INFO] Compiling 31 source files to /home/runner/work/sonar-analysis/sonar-analysis/project/hadoop-common-project/hadoop-auth/target/classes
[INFO] 
[INFO] --- resources:2.6:testResources (default-testResources) @ hadoop-auth ---
[INFO] Using 'UTF-8' encoding to copy filtered resources.
[INFO] skip non existing resourceDirectory /home/runner/work/sonar-analysis/sonar-analysis/project/hadoop-common-project/hadoop-auth/src/test/resources
[INFO] Copying 2 resources
[INFO] 
[INFO] --- compiler:3.1:testCompile (default-testCompile) @ hadoop-auth ---
[INFO] Compiling 27 source files to /home/runner/work/sonar-analysis/sonar-analysis/project/hadoop-common-project/hadoop-auth/target/test-classes
[WARNING] /home/runner/work/sonar-analysis/sonar-analysis/project/hadoop-common-project/hadoop-auth/src/test/java/org/apache/hadoop/security/authentication/client/AuthenticatorTestCase.java: /home/runner/work/sonar-analysis/sonar-analysis/project/hadoop-common-project/hadoop-auth/src/test/java/org/apache/hadoop/security/authentication/client/AuthenticatorTestCase.java uses or overrides a deprecated API.
[WARNING] /home/runner/work/sonar-analysis/sonar-analysis/project/hadoop-common-project/hadoop-auth/src/test/java/org/apache/hadoop/security/authentication/client/AuthenticatorTestCase.java: Recompile with -Xlint:deprecation for details.
[INFO] 
[INFO] --- surefire:2.21.0:test (default-test) @ hadoop-auth ---
[INFO] Tests are skipped.
[INFO] 
[INFO] >>> source:2.3:jar (default) > generate-sources @ hadoop-auth >>>
[INFO] 
[INFO] --- antrun:1.7:run (create-testdirs) @ hadoop-auth ---
[INFO] Executing tasks

main:
[INFO] Executed tasks
[INFO] 
[INFO] <<< source:2.3:jar (default) < generate-sources @ hadoop-auth <<<
[INFO] 
[INFO] 
[INFO] --- source:2.3:jar (default) @ hadoop-auth ---
[INFO] Building jar: /home/runner/work/sonar-analysis/sonar-analysis/project/hadoop-common-project/hadoop-auth/target/hadoop-auth-2.10.0-SNAPSHOT-sources.jar
[INFO] 
[INFO] --- jar:2.5:jar (prepare-jar) @ hadoop-auth ---
[INFO] Building jar: /home/runner/work/sonar-analysis/sonar-analysis/project/hadoop-common-project/hadoop-auth/target/hadoop-auth-2.10.0-SNAPSHOT.jar
[INFO] 
[INFO] --- jar:2.5:test-jar (prepare-test-jar) @ hadoop-auth ---
[INFO] Building jar: /home/runner/work/sonar-analysis/sonar-analysis/project/hadoop-common-project/hadoop-auth/target/hadoop-auth-2.10.0-SNAPSHOT-tests.jar
[INFO] 
[INFO] --- jar:2.5:jar (default-jar) @ hadoop-auth ---
[INFO] 
[INFO] --- site:3.5:attach-descriptor (attach-descriptor) @ hadoop-auth ---
[INFO] 
[INFO] --- animal-sniffer:1.16:check (signature-check) @ hadoop-auth ---
[INFO] Checking unresolved references to org.codehaus.mojo.signature:java17:1.0
[INFO] 
[INFO] --- enforcer:1.4.1:enforce (depcheck) @ hadoop-auth ---
[INFO] Skipping Rule Enforcement.
[INFO] 
[INFO] --- install:2.5.1:install (default-install) @ hadoop-auth ---
[INFO] Installing /home/runner/work/sonar-analysis/sonar-analysis/project/hadoop-common-project/hadoop-auth/target/hadoop-auth-2.10.0-SNAPSHOT.jar to /home/runner/.m2/repository/org/apache/hadoop/hadoop-auth/2.10.0-SNAPSHOT/hadoop-auth-2.10.0-SNAPSHOT.jar
[INFO] Installing /home/runner/work/sonar-analysis/sonar-analysis/project/hadoop-common-project/hadoop-auth/pom.xml to /home/runner/.m2/repository/org/apache/hadoop/hadoop-auth/2.10.0-SNAPSHOT/hadoop-auth-2.10.0-SNAPSHOT.pom
[INFO] Installing /home/runner/work/sonar-analysis/sonar-analysis/project/hadoop-common-project/hadoop-auth/target/hadoop-auth-2.10.0-SNAPSHOT-sources.jar to /home/runner/.m2/repository/org/apache/hadoop/hadoop-auth/2.10.0-SNAPSHOT/hadoop-auth-2.10.0-SNAPSHOT-sources.jar
[INFO] Installing /home/runner/work/sonar-analysis/sonar-analysis/project/hadoop-common-project/hadoop-auth/target/hadoop-auth-2.10.0-SNAPSHOT-tests.jar to /home/runner/.m2/repository/org/apache/hadoop/hadoop-auth/2.10.0-SNAPSHOT/hadoop-auth-2.10.0-SNAPSHOT-tests.jar
[INFO] 
[INFO] ---------------< org.apache.hadoop:hadoop-auth-examples >---------------
[INFO] Building Apache Hadoop Auth Examples 2.10.0-SNAPSHOT             [10/84]
[INFO]   from hadoop-common-project/hadoop-auth-examples/pom.xml
[INFO] --------------------------------[ war ]---------------------------------
[INFO] 
[INFO] --- clean:2.5:clean (default-clean) @ hadoop-auth-examples ---
[INFO] Deleting /home/runner/work/sonar-analysis/sonar-analysis/project/hadoop-common-project/hadoop-auth-examples/target
[INFO] 
[INFO] --- antrun:1.7:run (create-testdirs) @ hadoop-auth-examples ---
[INFO] Executing tasks

main:
    [mkdir] Created dir: /home/runner/work/sonar-analysis/sonar-analysis/project/hadoop-common-project/hadoop-auth-examples/target/test-dir
[INFO] Executed tasks
[INFO] 
[INFO] --- remote-resources:1.5:process (default) @ hadoop-auth-examples ---
[INFO] 
[INFO] --- resources:2.6:resources (default-resources) @ hadoop-auth-examples ---
[INFO] Using 'UTF-8' encoding to copy filtered resources.
[INFO] Copying 1 resource
[INFO] Copying 2 resources
[INFO] 
[INFO] --- compiler:3.1:compile (default-compile) @ hadoop-auth-examples ---
[INFO] Compiling 3 source files to /home/runner/work/sonar-analysis/sonar-analysis/project/hadoop-common-project/hadoop-auth-examples/target/classes
[INFO] 
[INFO] --- resources:2.6:testResources (default-testResources) @ hadoop-auth-examples ---
[INFO] Using 'UTF-8' encoding to copy filtered resources.
[INFO] skip non existing resourceDirectory /home/runner/work/sonar-analysis/sonar-analysis/project/hadoop-common-project/hadoop-auth-examples/src/test/resources
[INFO] Copying 2 resources
[INFO] 
[INFO] --- compiler:3.1:testCompile (default-testCompile) @ hadoop-auth-examples ---
[INFO] No sources to compile
[INFO] 
[INFO] --- surefire:2.21.0:test (default-test) @ hadoop-auth-examples ---
[INFO] Tests are skipped.
[INFO] 
[INFO] --- war:2.4:war (default-war) @ hadoop-auth-examples ---
[INFO] Packaging webapp
[INFO] Assembling webapp [hadoop-auth-examples] in [/home/runner/work/sonar-analysis/sonar-analysis/project/hadoop-common-project/hadoop-auth-examples/target/hadoop-auth-examples-2.10.0-SNAPSHOT]
[INFO] Processing war project
[INFO] Copying webapp resources [/home/runner/work/sonar-analysis/sonar-analysis/project/hadoop-common-project/hadoop-auth-examples/src/main/webapp]
[INFO] Webapp assembled in [47 msecs]
[INFO] Building war: /home/runner/work/sonar-analysis/sonar-analysis/project/hadoop-common-project/hadoop-auth-examples/target/hadoop-auth-examples.war
[INFO] 
[INFO] --- site:3.5:attach-descriptor (attach-descriptor) @ hadoop-auth-examples ---
[INFO] 
[INFO] --- animal-sniffer:1.16:check (signature-check) @ hadoop-auth-examples ---
[INFO] Checking unresolved references to org.codehaus.mojo.signature:java17:1.0
[INFO] 
[INFO] --- enforcer:1.4.1:enforce (depcheck) @ hadoop-auth-examples ---
[INFO] Skipping Rule Enforcement.
[INFO] 
[INFO] --- install:2.5.1:install (default-install) @ hadoop-auth-examples ---
[INFO] Installing /home/runner/work/sonar-analysis/sonar-analysis/project/hadoop-common-project/hadoop-auth-examples/target/hadoop-auth-examples.war to /home/runner/.m2/repository/org/apache/hadoop/hadoop-auth-examples/2.10.0-SNAPSHOT/hadoop-auth-examples-2.10.0-SNAPSHOT.war
[INFO] Installing /home/runner/work/sonar-analysis/sonar-analysis/project/hadoop-common-project/hadoop-auth-examples/pom.xml to /home/runner/.m2/repository/org/apache/hadoop/hadoop-auth-examples/2.10.0-SNAPSHOT/hadoop-auth-examples-2.10.0-SNAPSHOT.pom
[INFO] 
[INFO] ------------------< org.apache.hadoop:hadoop-common >-------------------
[INFO] Building Apache Hadoop Common 2.10.0-SNAPSHOT                    [11/84]
[INFO]   from hadoop-common-project/hadoop-common/pom.xml
[INFO] --------------------------------[ jar ]---------------------------------
[INFO] 
[INFO] --- clean:2.5:clean (default-clean) @ hadoop-common ---
[INFO] Deleting /home/runner/work/sonar-analysis/sonar-analysis/project/hadoop-common-project/hadoop-common/target
[INFO] 
[INFO] --- antrun:1.7:run (create-testdirs) @ hadoop-common ---
[INFO] Executing tasks

main:
    [mkdir] Created dir: /home/runner/work/sonar-analysis/sonar-analysis/project/hadoop-common-project/hadoop-common/target/test-dir
    [mkdir] Created dir: /home/runner/work/sonar-analysis/sonar-analysis/project/hadoop-common-project/hadoop-common/target/test/data
[INFO] Executed tasks
[INFO] 
[INFO] --- hadoops:2.10.0-SNAPSHOT:protoc (compile-protoc) @ hadoop-common ---
[INFO] Wrote protoc checksums to file /home/runner/work/sonar-analysis/sonar-analysis/project/hadoop-common-project/hadoop-common/target/hadoop-maven-plugins-protoc-checksums.json
[INFO] 
[INFO] --- remote-resources:1.5:process (default) @ hadoop-common ---
[INFO] 
[INFO] --- hadoops:2.10.0-SNAPSHOT:version-info (version-info) @ hadoop-common ---
[INFO] SCM: GIT
[INFO] Computed MD5: a240ba9c2449bfa6e788eea94ddd1
[INFO] 
[INFO] --- resources:2.6:resources (default-resources) @ hadoop-common ---
[INFO] Using 'UTF-8' encoding to copy filtered resources.
[INFO] Copying 9 resources
[INFO] Copying 1 resource
[INFO] Copying 2 resources
[INFO] 
[INFO] --- compiler:3.1:compile (default-compile) @ hadoop-common ---
[INFO] Compiling 962 source files to /home/runner/work/sonar-analysis/sonar-analysis/project/hadoop-common-project/hadoop-common/target/classes
[WARNING] /home/runner/work/sonar-analysis/sonar-analysis/project/hadoop-common-project/hadoop-common/src/main/java/org/apache/hadoop/security/SecurityUtil.java:[55,19] sun.net.dns.ResolverConfiguration is internal proprietary API and may be removed in a future release
[WARNING] /home/runner/work/sonar-analysis/sonar-analysis/project/hadoop-common-project/hadoop-common/src/main/java/org/apache/hadoop/security/SecurityUtil.java:[56,20] sun.net.util.IPAddressUtil is internal proprietary API and may be removed in a future release
[WARNING] /home/runner/work/sonar-analysis/sonar-analysis/project/hadoop-common-project/hadoop-common/src/main/java/org/apache/hadoop/io/nativeio/NativeIO.java:[46,16] sun.misc.Unsafe is internal proprietary API and may be removed in a future release
[WARNING] /home/runner/work/sonar-analysis/sonar-analysis/project/hadoop-common-project/hadoop-common/src/main/java/org/apache/hadoop/security/LdapGroupsMapping.java:[59,25] com.sun.jndi.ldap.LdapCtxFactory is internal proprietary API and may be removed in a future release
[WARNING] /home/runner/work/sonar-analysis/sonar-analysis/project/hadoop-common-project/hadoop-common/src/main/java/org/apache/hadoop/service/launcher/IrqHandler.java:[26,16] sun.misc.Signal is internal proprietary API and may be removed in a future release
[WARNING] /home/runner/work/sonar-analysis/sonar-analysis/project/hadoop-common-project/hadoop-common/src/main/java/org/apache/hadoop/service/launcher/IrqHandler.java:[27,16] sun.misc.SignalHandler is internal proprietary API and may be removed in a future release
[WARNING] /home/runner/work/sonar-analysis/sonar-analysis/project/hadoop-common-project/hadoop-common/src/main/java/org/apache/hadoop/io/FastByteComparisons.java:[27,16] sun.misc.Unsafe is internal proprietary API and may be removed in a future release
[WARNING] /home/runner/work/sonar-analysis/sonar-analysis/project/hadoop-common-project/hadoop-common/src/main/java/org/apache/hadoop/util/SignalLogger.java:[21,16] sun.misc.Signal is internal proprietary API and may be removed in a future release
[WARNING] /home/runner/work/sonar-analysis/sonar-analysis/project/hadoop-common-project/hadoop-common/src/main/java/org/apache/hadoop/util/SignalLogger.java:[22,16] sun.misc.SignalHandler is internal proprietary API and may be removed in a future release
[WARNING] /home/runner/work/sonar-analysis/sonar-analysis/project/hadoop-common-project/hadoop-common/src/main/java/org/apache/hadoop/security/SecurityUtil.java:[588,9] sun.net.dns.ResolverConfiguration is internal proprietary API and may be removed in a future release
[WARNING] /home/runner/work/sonar-analysis/sonar-analysis/project/hadoop-common-project/hadoop-common/src/main/java/org/apache/hadoop/security/SecurityUtil.java:[606,11] sun.net.util.IPAddressUtil is internal proprietary API and may be removed in a future release
[WARNING] /home/runner/work/sonar-analysis/sonar-analysis/project/hadoop-common-project/hadoop-common/src/main/java/org/apache/hadoop/security/SecurityUtil.java:[608,21] sun.net.util.IPAddressUtil is internal proprietary API and may be removed in a future release
[WARNING] /home/runner/work/sonar-analysis/sonar-analysis/project/hadoop-common-project/hadoop-common/src/main/java/org/apache/hadoop/security/SecurityUtil.java:[610,18] sun.net.util.IPAddressUtil is internal proprietary API and may be removed in a future release
[WARNING] /home/runner/work/sonar-analysis/sonar-analysis/project/hadoop-common-project/hadoop-common/src/main/java/org/apache/hadoop/security/SecurityUtil.java:[612,21] sun.net.util.IPAddressUtil is internal proprietary API and may be removed in a future release
[WARNING] /home/runner/work/sonar-analysis/sonar-analysis/project/hadoop-common-project/hadoop-common/src/main/java/org/apache/hadoop/crypto/CryptoStreamUtils.java:[39,37] sun.nio.ch.DirectBuffer is internal proprietary API and may be removed in a future release
[WARNING] /home/runner/work/sonar-analysis/sonar-analysis/project/hadoop-common-project/hadoop-common/src/main/java/org/apache/hadoop/crypto/CryptoStreamUtils.java:[40,21] sun.misc.Cleaner is internal proprietary API and may be removed in a future release
[WARNING] /home/runner/work/sonar-analysis/sonar-analysis/project/hadoop-common-project/hadoop-common/src/main/java/org/apache/hadoop/crypto/CryptoStreamUtils.java:[41,23] sun.nio.ch.DirectBuffer is internal proprietary API and may be removed in a future release
[WARNING] /home/runner/work/sonar-analysis/sonar-analysis/project/hadoop-common-project/hadoop-common/src/main/java/org/apache/hadoop/io/nativeio/NativeIO.java:[329,39] sun.nio.ch.DirectBuffer is internal proprietary API and may be removed in a future release
[WARNING] /home/runner/work/sonar-analysis/sonar-analysis/project/hadoop-common-project/hadoop-common/src/main/java/org/apache/hadoop/io/nativeio/NativeIO.java:[330,17] sun.misc.Cleaner is internal proprietary API and may be removed in a future release
[WARNING] /home/runner/work/sonar-analysis/sonar-analysis/project/hadoop-common-project/hadoop-common/src/main/java/org/apache/hadoop/io/nativeio/NativeIO.java:[331,25] sun.nio.ch.DirectBuffer is internal proprietary API and may be removed in a future release
[WARNING] /home/runner/work/sonar-analysis/sonar-analysis/project/hadoop-common-project/hadoop-common/src/main/java/org/apache/hadoop/io/nativeio/NativeIO.java:[684,17] sun.misc.Unsafe is internal proprietary API and may be removed in a future release
[WARNING] /home/runner/work/sonar-analysis/sonar-analysis/project/hadoop-common-project/hadoop-common/src/main/java/org/apache/hadoop/io/nativeio/NativeIO.java:[686,7] sun.misc.Unsafe is internal proprietary API and may be removed in a future release
[WARNING] /home/runner/work/sonar-analysis/sonar-analysis/project/hadoop-common-project/hadoop-common/src/main/java/org/apache/hadoop/io/nativeio/NativeIO.java:[686,24] sun.misc.Unsafe is internal proprietary API and may be removed in a future release
[WARNING] /home/runner/work/sonar-analysis/sonar-analysis/project/hadoop-common-project/hadoop-common/src/main/java/org/apache/hadoop/security/LdapGroupsMapping.java:[262,39] com.sun.jndi.ldap.LdapCtxFactory is internal proprietary API and may be removed in a future release
[WARNING] /home/runner/work/sonar-analysis/sonar-analysis/project/hadoop-common-project/hadoop-common/src/main/java/org/apache/hadoop/security/LdapGroupsMapping.java:[263,40] com.sun.jndi.ldap.LdapCtxFactory is internal proprietary API and may be removed in a future release
[WARNING] /home/runner/work/sonar-analysis/sonar-analysis/project/hadoop-common-project/hadoop-common/src/main/java/org/apache/hadoop/service/launcher/IrqHandler.java:[42,42] sun.misc.SignalHandler is internal proprietary API and may be removed in a future release
[WARNING] /home/runner/work/sonar-analysis/sonar-analysis/project/hadoop-common-project/hadoop-common/src/main/java/org/apache/hadoop/service/launcher/IrqHandler.java:[71,11] sun.misc.Signal is internal proprietary API and may be removed in a future release
[WARNING] /home/runner/work/sonar-analysis/sonar-analysis/project/hadoop-common-project/hadoop-common/src/main/java/org/apache/hadoop/service/launcher/IrqHandler.java:[92,20] sun.misc.Signal is internal proprietary API and may be removed in a future release
[WARNING] /home/runner/work/sonar-analysis/sonar-analysis/project/hadoop-common-project/hadoop-common/src/main/java/org/apache/hadoop/service/launcher/IrqHandler.java:[93,7] sun.misc.Signal is internal proprietary API and may be removed in a future release
[WARNING] /home/runner/work/sonar-analysis/sonar-analysis/project/hadoop-common-project/hadoop-common/src/main/java/org/apache/hadoop/service/launcher/IrqHandler.java:[113,5] sun.misc.Signal is internal proprietary API and may be removed in a future release
[WARNING] /home/runner/work/sonar-analysis/sonar-analysis/project/hadoop-common-project/hadoop-common/src/main/java/org/apache/hadoop/service/launcher/IrqHandler.java:[126,22] sun.misc.Signal is internal proprietary API and may be removed in a future release
[WARNING] /home/runner/work/sonar-analysis/sonar-analysis/project/hadoop-common-project/hadoop-common/src/main/java/org/apache/hadoop/io/FastByteComparisons.java:[135,20] sun.misc.Unsafe is internal proprietary API and may be removed in a future release
[WARNING] /home/runner/work/sonar-analysis/sonar-analysis/project/hadoop-common-project/hadoop-common/src/main/java/org/apache/hadoop/io/FastByteComparisons.java:[141,22] sun.misc.Unsafe is internal proprietary API and may be removed in a future release
[WARNING] /home/runner/work/sonar-analysis/sonar-analysis/project/hadoop-common-project/hadoop-common/src/main/java/org/apache/hadoop/io/FastByteComparisons.java:[146,29] sun.misc.Unsafe is internal proprietary API and may be removed in a future release
[WARNING] /home/runner/work/sonar-analysis/sonar-analysis/project/hadoop-common-project/hadoop-common/src/main/java/org/apache/hadoop/util/SignalLogger.java:[44,43] sun.misc.SignalHandler is internal proprietary API and may be removed in a future release
[WARNING] /home/runner/work/sonar-analysis/sonar-analysis/project/hadoop-common-project/hadoop-common/src/main/java/org/apache/hadoop/util/SignalLogger.java:[46,19] sun.misc.SignalHandler is internal proprietary API and may be removed in a future release
[WARNING] /home/runner/work/sonar-analysis/sonar-analysis/project/hadoop-common-project/hadoop-common/src/main/java/org/apache/hadoop/util/SignalLogger.java:[50,39] sun.misc.Signal is internal proprietary API and may be removed in a future release
[WARNING] /home/runner/work/sonar-analysis/sonar-analysis/project/hadoop-common-project/hadoop-common/src/main/java/org/apache/hadoop/util/SignalLogger.java:[50,21] sun.misc.Signal is internal proprietary API and may be removed in a future release
[WARNING] /home/runner/work/sonar-analysis/sonar-analysis/project/hadoop-common-project/hadoop-common/src/main/java/org/apache/hadoop/util/SignalLogger.java:[59,24] sun.misc.Signal is internal proprietary API and may be removed in a future release
[WARNING] /home/runner/work/sonar-analysis/sonar-analysis/project/hadoop-common-project/hadoop-common/src/main/java/org/apache/hadoop/metrics/spi/CompositeContext.java: Some input files use or override a deprecated API.
[WARNING] /home/runner/work/sonar-analysis/sonar-analysis/project/hadoop-common-project/hadoop-common/src/main/java/org/apache/hadoop/metrics/spi/CompositeContext.java: Recompile with -Xlint:deprecation for details.
[WARNING] /home/runner/work/sonar-analysis/sonar-analysis/project/hadoop-common-project/hadoop-common/src/main/java/org/apache/hadoop/fs/FileSystem.java: Some input files use unchecked or unsafe operations.
[WARNING] /home/runner/work/sonar-analysis/sonar-analysis/project/hadoop-common-project/hadoop-common/src/main/java/org/apache/hadoop/fs/FileSystem.java: Recompile with -Xlint:unchecked for details.
[INFO] 
[INFO] --- avro:1.7.7:schema (generate-avro-test-sources) @ hadoop-common ---
[INFO] 
[INFO] --- hadoops:2.10.0-SNAPSHOT:test-protoc (compile-test-protoc) @ hadoop-common ---
[INFO] Wrote protoc checksums to file /home/runner/work/sonar-analysis/sonar-analysis/project/hadoop-common-project/hadoop-common/target/hadoop-maven-plugins-protoc-checksums.json
[INFO] 
[INFO] --- resources:2.6:testResources (default-testResources) @ hadoop-common ---
[INFO] Using 'UTF-8' encoding to copy filtered resources.
[INFO] Copying 28 resources
[INFO] Copying 2 resources
[INFO] 
[INFO] --- antrun:1.7:run (create-log-dir) @ hadoop-common ---
[INFO] Executing tasks

main:
   [delete] Deleting directory /home/runner/work/sonar-analysis/sonar-analysis/project/hadoop-common-project/hadoop-common/target/test/data
    [mkdir] Created dir: /home/runner/work/sonar-analysis/sonar-analysis/project/hadoop-common-project/hadoop-common/target/test/data
    [mkdir] Created dir: /home/runner/work/sonar-analysis/sonar-analysis/project/hadoop-common-project/hadoop-common/target/log
     [copy] Copying 6 files to /home/runner/work/sonar-analysis/sonar-analysis/project/hadoop-common-project/hadoop-common/target/test-classes
[INFO] Executed tasks
[INFO] 
[INFO] --- compiler:3.1:testCompile (default-testCompile) @ hadoop-common ---
[INFO] Compiling 577 source files to /home/runner/work/sonar-analysis/sonar-analysis/project/hadoop-common-project/hadoop-common/target/test-classes
[WARNING] /home/runner/work/sonar-analysis/sonar-analysis/project/hadoop-common-project/hadoop-common/src/test/java/org/apache/hadoop/metrics/TestMetricsServlet.java: Some input files use or override a deprecated API.
[WARNING] /home/runner/work/sonar-analysis/sonar-analysis/project/hadoop-common-project/hadoop-common/src/test/java/org/apache/hadoop/metrics/TestMetricsServlet.java: Recompile with -Xlint:deprecation for details.
[WARNING] /home/runner/work/sonar-analysis/sonar-analysis/project/hadoop-common-project/hadoop-common/src/test/java/org/apache/hadoop/test/LambdaTestUtils.java: Some input files use unchecked or unsafe operations.
[WARNING] /home/runner/work/sonar-analysis/sonar-analysis/project/hadoop-common-project/hadoop-common/src/test/java/org/apache/hadoop/test/LambdaTestUtils.java: Recompile with -Xlint:unchecked for details.
[INFO] 
[INFO] --- surefire:2.21.0:test (default-test) @ hadoop-common ---
[INFO] Tests are skipped.
[INFO] 
[INFO] --- jar:2.5:jar (prepare-jar) @ hadoop-common ---
[INFO] Building jar: /home/runner/work/sonar-analysis/sonar-analysis/project/hadoop-common-project/hadoop-common/target/hadoop-common-2.10.0-SNAPSHOT.jar
[INFO] 
[INFO] --- jar:2.5:test-jar (prepare-test-jar) @ hadoop-common ---
[INFO] Building jar: /home/runner/work/sonar-analysis/sonar-analysis/project/hadoop-common-project/hadoop-common/target/hadoop-common-2.10.0-SNAPSHOT-tests.jar
[INFO] 
[INFO] --- jar:2.5:jar (default-jar) @ hadoop-common ---
[INFO] 
[INFO] --- site:3.5:attach-descriptor (attach-descriptor) @ hadoop-common ---
[INFO] 
[INFO] --- animal-sniffer:1.16:check (signature-check) @ hadoop-common ---
[INFO] Checking unresolved references to org.codehaus.mojo.signature:java17:1.0
[INFO] 
[INFO] --- enforcer:1.4.1:enforce (depcheck) @ hadoop-common ---
[INFO] Skipping Rule Enforcement.
[INFO] 
[INFO] --- install:2.5.1:install (default-install) @ hadoop-common ---
[INFO] Installing /home/runner/work/sonar-analysis/sonar-analysis/project/hadoop-common-project/hadoop-common/target/hadoop-common-2.10.0-SNAPSHOT.jar to /home/runner/.m2/repository/org/apache/hadoop/hadoop-common/2.10.0-SNAPSHOT/hadoop-common-2.10.0-SNAPSHOT.jar
[INFO] Installing /home/runner/work/sonar-analysis/sonar-analysis/project/hadoop-common-project/hadoop-common/pom.xml to /home/runner/.m2/repository/org/apache/hadoop/hadoop-common/2.10.0-SNAPSHOT/hadoop-common-2.10.0-SNAPSHOT.pom
[INFO] Installing /home/runner/work/sonar-analysis/sonar-analysis/project/hadoop-common-project/hadoop-common/target/hadoop-common-2.10.0-SNAPSHOT-tests.jar to /home/runner/.m2/repository/org/apache/hadoop/hadoop-common/2.10.0-SNAPSHOT/hadoop-common-2.10.0-SNAPSHOT-tests.jar
[INFO] 
[INFO] --------------------< org.apache.hadoop:hadoop-nfs >--------------------
[INFO] Building Apache Hadoop NFS 2.10.0-SNAPSHOT                       [12/84]
[INFO]   from hadoop-common-project/hadoop-nfs/pom.xml
[INFO] --------------------------------[ jar ]---------------------------------
[INFO] 
[INFO] --- clean:2.5:clean (default-clean) @ hadoop-nfs ---
[INFO] Deleting /home/runner/work/sonar-analysis/sonar-analysis/project/hadoop-common-project/hadoop-nfs/target
[INFO] 
[INFO] --- antrun:1.7:run (create-testdirs) @ hadoop-nfs ---
[INFO] Executing tasks

main:
    [mkdir] Created dir: /home/runner/work/sonar-analysis/sonar-analysis/project/hadoop-common-project/hadoop-nfs/target/test-dir
[INFO] Executed tasks
[INFO] 
[INFO] --- remote-resources:1.5:process (default) @ hadoop-nfs ---
[INFO] 
[INFO] --- resources:2.6:resources (default-resources) @ hadoop-nfs ---
[INFO] Using 'UTF-8' encoding to copy filtered resources.
[INFO] skip non existing resourceDirectory /home/runner/work/sonar-analysis/sonar-analysis/project/hadoop-common-project/hadoop-nfs/src/main/resources
[INFO] Copying 2 resources
[INFO] 
[INFO] --- compiler:3.1:compile (default-compile) @ hadoop-nfs ---
[INFO] Compiling 94 source files to /home/runner/work/sonar-analysis/sonar-analysis/project/hadoop-common-project/hadoop-nfs/target/classes
[INFO] 
[INFO] --- resources:2.6:testResources (default-testResources) @ hadoop-nfs ---
[INFO] Using 'UTF-8' encoding to copy filtered resources.
[INFO] Copying 1 resource
[INFO] Copying 2 resources
[INFO] 
[INFO] --- compiler:3.1:testCompile (default-testCompile) @ hadoop-nfs ---
[INFO] Compiling 14 source files to /home/runner/work/sonar-analysis/sonar-analysis/project/hadoop-common-project/hadoop-nfs/target/test-classes
[INFO] 
[INFO] --- surefire:2.21.0:test (default-test) @ hadoop-nfs ---
[INFO] Tests are skipped.
[INFO] 
[INFO] --- jar:2.5:jar (default-jar) @ hadoop-nfs ---
[INFO] Building jar: /home/runner/work/sonar-analysis/sonar-analysis/project/hadoop-common-project/hadoop-nfs/target/hadoop-nfs-2.10.0-SNAPSHOT.jar
[INFO] 
[INFO] --- site:3.5:attach-descriptor (attach-descriptor) @ hadoop-nfs ---
[INFO] 
[INFO] --- animal-sniffer:1.16:check (signature-check) @ hadoop-nfs ---
[INFO] Checking unresolved references to org.codehaus.mojo.signature:java17:1.0
[INFO] 
[INFO] --- enforcer:1.4.1:enforce (depcheck) @ hadoop-nfs ---
[INFO] Skipping Rule Enforcement.
[INFO] 
[INFO] --- install:2.5.1:install (default-install) @ hadoop-nfs ---
[INFO] Installing /home/runner/work/sonar-analysis/sonar-analysis/project/hadoop-common-project/hadoop-nfs/target/hadoop-nfs-2.10.0-SNAPSHOT.jar to /home/runner/.m2/repository/org/apache/hadoop/hadoop-nfs/2.10.0-SNAPSHOT/hadoop-nfs-2.10.0-SNAPSHOT.jar
[INFO] Installing /home/runner/work/sonar-analysis/sonar-analysis/project/hadoop-common-project/hadoop-nfs/pom.xml to /home/runner/.m2/repository/org/apache/hadoop/hadoop-nfs/2.10.0-SNAPSHOT/hadoop-nfs-2.10.0-SNAPSHOT.pom
[INFO] 
[INFO] --------------------< org.apache.hadoop:hadoop-kms >--------------------
[INFO] Building Apache Hadoop KMS 2.10.0-SNAPSHOT                       [13/84]
[INFO]   from hadoop-common-project/hadoop-kms/pom.xml
[INFO] --------------------------------[ war ]---------------------------------
[INFO] 
[INFO] --- clean:2.5:clean (default-clean) @ hadoop-kms ---
[INFO] Deleting /home/runner/work/sonar-analysis/sonar-analysis/project/hadoop-common-project/hadoop-kms/target
[INFO] 
[INFO] --- antrun:1.7:run (create-testdirs) @ hadoop-kms ---
[INFO] Executing tasks

main:
    [mkdir] Created dir: /home/runner/work/sonar-analysis/sonar-analysis/project/hadoop-common-project/hadoop-kms/target/test-dir
[INFO] Executed tasks
[INFO] 
[INFO] --- remote-resources:1.5:process (default) @ hadoop-kms ---
[INFO] 
[INFO] --- resources:2.6:resources (default-resources) @ hadoop-kms ---
[INFO] Using 'UTF-8' encoding to copy filtered resources.
[INFO] skip non existing resourceDirectory /home/runner/work/sonar-analysis/sonar-analysis/project/hadoop-common-project/hadoop-kms/src/main/resources
[INFO] Copying 2 resources
[INFO] 
[INFO] --- compiler:3.1:compile (default-compile) @ hadoop-kms ---
[INFO] Compiling 16 source files to /home/runner/work/sonar-analysis/sonar-analysis/project/hadoop-common-project/hadoop-kms/target/classes
[INFO] 
[INFO] --- antrun:1.7:run (create-web-xmls) @ hadoop-kms ---
[INFO] Executing tasks

main:
    [mkdir] Created dir: /home/runner/work/sonar-analysis/sonar-analysis/project/hadoop-common-project/hadoop-kms/target/test-classes/kms-webapp
     [copy] Copying 1 file to /home/runner/work/sonar-analysis/sonar-analysis/project/hadoop-common-project/hadoop-kms/target/test-classes/kms-webapp
[INFO] Executed tasks
[INFO] 
[INFO] --- resources:2.6:testResources (default-testResources) @ hadoop-kms ---
[INFO] Using 'UTF-8' encoding to copy filtered resources.
[INFO] Copying 3 resources
[INFO] Copying 2 resources
[INFO] 
[INFO] --- compiler:3.1:testCompile (default-testCompile) @ hadoop-kms ---
[INFO] Compiling 6 source files to /home/runner/work/sonar-analysis/sonar-analysis/project/hadoop-common-project/hadoop-kms/target/test-classes
[INFO] 
[INFO] --- surefire:2.21.0:test (default-test) @ hadoop-kms ---
[INFO] Tests are skipped.
[INFO] 
[INFO] --- war:2.4:war (default-war) @ hadoop-kms ---
[INFO] Packaging webapp
[INFO] Assembling webapp [hadoop-kms] in [/home/runner/work/sonar-analysis/sonar-analysis/project/hadoop-common-project/hadoop-kms/target/kms]
[INFO] Processing war project
[INFO] Copying webapp resources [/home/runner/work/sonar-analysis/sonar-analysis/project/hadoop-common-project/hadoop-kms/src/main/webapp]
[INFO] Building jar: /home/runner/work/sonar-analysis/sonar-analysis/project/hadoop-common-project/hadoop-kms/target/kms/WEB-INF/lib/hadoop-kms-2.10.0-SNAPSHOT.jar
[INFO] Webapp assembled in [61 msecs]
[INFO] Building war: /home/runner/work/sonar-analysis/sonar-analysis/project/hadoop-common-project/hadoop-kms/target/kms.war
[INFO] 
[INFO] --- jar:2.5:jar (prepare-jar) @ hadoop-kms ---
[INFO] Building jar: /home/runner/work/sonar-analysis/sonar-analysis/project/hadoop-common-project/hadoop-kms/target/hadoop-kms-2.10.0-SNAPSHOT-classes.jar
[INFO] 
[INFO] --- jar:2.5:test-jar (prepare-test-jar) @ hadoop-kms ---
[INFO] Building jar: /home/runner/work/sonar-analysis/sonar-analysis/project/hadoop-common-project/hadoop-kms/target/hadoop-kms-2.10.0-SNAPSHOT-tests.jar
[INFO] 
[INFO] --- site:3.5:attach-descriptor (attach-descriptor) @ hadoop-kms ---
[INFO] 
[INFO] --- animal-sniffer:1.16:check (signature-check) @ hadoop-kms ---
[INFO] Checking unresolved references to org.codehaus.mojo.signature:java17:1.0
[INFO] 
[INFO] --- enforcer:1.4.1:enforce (depcheck) @ hadoop-kms ---
[INFO] Skipping Rule Enforcement.
[INFO] 
[INFO] --- install:2.5.1:install (default-install) @ hadoop-kms ---
[INFO] Installing /home/runner/work/sonar-analysis/sonar-analysis/project/hadoop-common-project/hadoop-kms/target/kms.war to /home/runner/.m2/repository/org/apache/hadoop/hadoop-kms/2.10.0-SNAPSHOT/hadoop-kms-2.10.0-SNAPSHOT.war
[INFO] Installing /home/runner/work/sonar-analysis/sonar-analysis/project/hadoop-common-project/hadoop-kms/pom.xml to /home/runner/.m2/repository/org/apache/hadoop/hadoop-kms/2.10.0-SNAPSHOT/hadoop-kms-2.10.0-SNAPSHOT.pom
[INFO] Installing /home/runner/work/sonar-analysis/sonar-analysis/project/hadoop-common-project/hadoop-kms/target/hadoop-kms-2.10.0-SNAPSHOT-classes.jar to /home/runner/.m2/repository/org/apache/hadoop/hadoop-kms/2.10.0-SNAPSHOT/hadoop-kms-2.10.0-SNAPSHOT-classes.jar
[INFO] Installing /home/runner/work/sonar-analysis/sonar-analysis/project/hadoop-common-project/hadoop-kms/target/hadoop-kms-2.10.0-SNAPSHOT-tests.jar to /home/runner/.m2/repository/org/apache/hadoop/hadoop-kms/2.10.0-SNAPSHOT/hadoop-kms-2.10.0-SNAPSHOT-tests.jar
[INFO] 
[INFO] --------------< org.apache.hadoop:hadoop-common-project >---------------
[INFO] Building Apache Hadoop Common Project 2.10.0-SNAPSHOT            [14/84]
[INFO]   from hadoop-common-project/pom.xml
[INFO] --------------------------------[ pom ]---------------------------------
[INFO] 
[INFO] --- clean:2.5:clean (default-clean) @ hadoop-common-project ---
[INFO] Deleting /home/runner/work/sonar-analysis/sonar-analysis/project/hadoop-common-project/target
[INFO] 
[INFO] --- antrun:1.7:run (create-testdirs) @ hadoop-common-project ---
[INFO] Executing tasks

main:
    [mkdir] Created dir: /home/runner/work/sonar-analysis/sonar-analysis/project/hadoop-common-project/target/test-dir
[INFO] Executed tasks
[INFO] 
[INFO] --- remote-resources:1.5:process (default) @ hadoop-common-project ---
[INFO] 
[INFO] --- site:3.5:attach-descriptor (attach-descriptor) @ hadoop-common-project ---
[INFO] 
[INFO] --- animal-sniffer:1.16:check (signature-check) @ hadoop-common-project ---
[INFO] Checking unresolved references to org.codehaus.mojo.signature:java17:1.0
[INFO] 
[INFO] --- enforcer:1.4.1:enforce (depcheck) @ hadoop-common-project ---
[INFO] Skipping Rule Enforcement.
[INFO] 
[INFO] --- install:2.5.1:install (default-install) @ hadoop-common-project ---
[INFO] Installing /home/runner/work/sonar-analysis/sonar-analysis/project/hadoop-common-project/pom.xml to /home/runner/.m2/repository/org/apache/hadoop/hadoop-common-project/2.10.0-SNAPSHOT/hadoop-common-project-2.10.0-SNAPSHOT.pom
[INFO] 
[INFO] ----------------< org.apache.hadoop:hadoop-hdfs-client >----------------
[INFO] Building Apache Hadoop HDFS Client 2.10.0-SNAPSHOT               [15/84]
[INFO]   from hadoop-hdfs-project/hadoop-hdfs-client/pom.xml
[INFO] --------------------------------[ jar ]---------------------------------
[INFO] 
[INFO] --- clean:2.5:clean (default-clean) @ hadoop-hdfs-client ---
[INFO] Deleting /home/runner/work/sonar-analysis/sonar-analysis/project/hadoop-hdfs-project/hadoop-hdfs-client/target
[INFO] 
[INFO] --- antrun:1.7:run (create-testdirs) @ hadoop-hdfs-client ---
[INFO] Executing tasks

main:
    [mkdir] Created dir: /home/runner/work/sonar-analysis/sonar-analysis/project/hadoop-hdfs-project/hadoop-hdfs-client/target/test-dir
    [mkdir] Created dir: /home/runner/work/sonar-analysis/sonar-analysis/project/hadoop-hdfs-project/hadoop-hdfs-client/target/test/data
[INFO] Executed tasks
[INFO] 
[INFO] --- hadoops:2.10.0-SNAPSHOT:protoc (compile-protoc) @ hadoop-hdfs-client ---
[INFO] Wrote protoc checksums to file /home/runner/work/sonar-analysis/sonar-analysis/project/hadoop-hdfs-project/hadoop-hdfs-client/target/hadoop-maven-plugins-protoc-checksums.json
[INFO] 
[INFO] --- remote-resources:1.5:process (default) @ hadoop-hdfs-client ---
[INFO] 
[INFO] --- resources:2.6:resources (default-resources) @ hadoop-hdfs-client ---
[INFO] Using 'UTF-8' encoding to copy filtered resources.
[INFO] Copying 1 resource
[INFO] Copying 2 resources
[INFO] 
[INFO] --- compiler:3.1:compile (default-compile) @ hadoop-hdfs-client ---
[INFO] Compiling 255 source files to /home/runner/work/sonar-analysis/sonar-analysis/project/hadoop-hdfs-project/hadoop-hdfs-client/target/classes
[WARNING] /home/runner/work/sonar-analysis/sonar-analysis/project/hadoop-hdfs-project/hadoop-hdfs-client/src/main/java/org/apache/hadoop/hdfs/shortcircuit/ShortCircuitShm.java:[40,16] sun.misc.Unsafe is internal proprietary API and may be removed in a future release
[WARNING] /home/runner/work/sonar-analysis/sonar-analysis/project/hadoop-hdfs-project/hadoop-hdfs-client/src/main/java/org/apache/hadoop/hdfs/shortcircuit/ShortCircuitShm.java:[57,24] sun.misc.Unsafe is internal proprietary API and may be removed in a future release
[WARNING] /home/runner/work/sonar-analysis/sonar-analysis/project/hadoop-hdfs-project/hadoop-hdfs-client/src/main/java/org/apache/hadoop/hdfs/shortcircuit/ShortCircuitShm.java:[59,18] sun.misc.Unsafe is internal proprietary API and may be removed in a future release
[WARNING] /home/runner/work/sonar-analysis/sonar-analysis/project/hadoop-hdfs-project/hadoop-hdfs-client/src/main/java/org/apache/hadoop/hdfs/shortcircuit/ShortCircuitShm.java:[61,17] sun.misc.Unsafe is internal proprietary API and may be removed in a future release
[WARNING] /home/runner/work/sonar-analysis/sonar-analysis/project/hadoop-hdfs-project/hadoop-hdfs-client/src/main/java/org/apache/hadoop/hdfs/shortcircuit/ShortCircuitShm.java:[63,15] sun.misc.Unsafe is internal proprietary API and may be removed in a future release
[WARNING] /home/runner/work/sonar-analysis/sonar-analysis/project/hadoop-hdfs-project/hadoop-hdfs-client/src/main/java/org/apache/hadoop/hdfs/DistributedFileSystem.java: Some input files use or override a deprecated API.
[WARNING] /home/runner/work/sonar-analysis/sonar-analysis/project/hadoop-hdfs-project/hadoop-hdfs-client/src/main/java/org/apache/hadoop/hdfs/DistributedFileSystem.java: Recompile with -Xlint:deprecation for details.
[INFO] 
[INFO] --- resources:2.6:testResources (default-testResources) @ hadoop-hdfs-client ---
[INFO] Using 'UTF-8' encoding to copy filtered resources.
[INFO] Copying 1 resource
[INFO] Copying 2 resources
[INFO] 
[INFO] --- compiler:3.1:testCompile (default-testCompile) @ hadoop-hdfs-client ---
[INFO] Compiling 21 source files to /home/runner/work/sonar-analysis/sonar-analysis/project/hadoop-hdfs-project/hadoop-hdfs-client/target/test-classes
[WARNING] /home/runner/work/sonar-analysis/sonar-analysis/project/hadoop-hdfs-project/hadoop-hdfs-client/src/test/java/org/apache/hadoop/hdfs/util/TestByteArrayManager.java: Some input files use or override a deprecated API.
[WARNING] /home/runner/work/sonar-analysis/sonar-analysis/project/hadoop-hdfs-project/hadoop-hdfs-client/src/test/java/org/apache/hadoop/hdfs/util/TestByteArrayManager.java: Recompile with -Xlint:deprecation for details.
[INFO] 
[INFO] --- surefire:2.21.0:test (default-test) @ hadoop-hdfs-client ---
[INFO] Tests are skipped.
[INFO] 
[INFO] --- jar:2.5:jar (prepare-jar) @ hadoop-hdfs-client ---
[INFO] Building jar: /home/runner/work/sonar-analysis/sonar-analysis/project/hadoop-hdfs-project/hadoop-hdfs-client/target/hadoop-hdfs-client-2.10.0-SNAPSHOT.jar
[INFO] 
[INFO] --- jar:2.5:test-jar (prepare-test-jar) @ hadoop-hdfs-client ---
[INFO] Building jar: /home/runner/work/sonar-analysis/sonar-analysis/project/hadoop-hdfs-project/hadoop-hdfs-client/target/hadoop-hdfs-client-2.10.0-SNAPSHOT-tests.jar
[INFO] 
[INFO] --- jar:2.5:jar (default-jar) @ hadoop-hdfs-client ---
[INFO] 
[INFO] --- site:3.5:attach-descriptor (attach-descriptor) @ hadoop-hdfs-client ---
[INFO] 
[INFO] --- animal-sniffer:1.16:check (signature-check) @ hadoop-hdfs-client ---
[INFO] Checking unresolved references to org.codehaus.mojo.signature:java17:1.0
[INFO] 
[INFO] --- enforcer:1.4.1:enforce (depcheck) @ hadoop-hdfs-client ---
[INFO] Skipping Rule Enforcement.
[INFO] 
[INFO] --- install:2.5.1:install (default-install) @ hadoop-hdfs-client ---
[INFO] Installing /home/runner/work/sonar-analysis/sonar-analysis/project/hadoop-hdfs-project/hadoop-hdfs-client/target/hadoop-hdfs-client-2.10.0-SNAPSHOT.jar to /home/runner/.m2/repository/org/apache/hadoop/hadoop-hdfs-client/2.10.0-SNAPSHOT/hadoop-hdfs-client-2.10.0-SNAPSHOT.jar
[INFO] Installing /home/runner/work/sonar-analysis/sonar-analysis/project/hadoop-hdfs-project/hadoop-hdfs-client/pom.xml to /home/runner/.m2/repository/org/apache/hadoop/hadoop-hdfs-client/2.10.0-SNAPSHOT/hadoop-hdfs-client-2.10.0-SNAPSHOT.pom
[INFO] Installing /home/runner/work/sonar-analysis/sonar-analysis/project/hadoop-hdfs-project/hadoop-hdfs-client/target/hadoop-hdfs-client-2.10.0-SNAPSHOT-tests.jar to /home/runner/.m2/repository/org/apache/hadoop/hadoop-hdfs-client/2.10.0-SNAPSHOT/hadoop-hdfs-client-2.10.0-SNAPSHOT-tests.jar
[INFO] 
[INFO] -------------------< org.apache.hadoop:hadoop-hdfs >--------------------
[INFO] Building Apache Hadoop HDFS 2.10.0-SNAPSHOT                      [16/84]
[INFO]   from hadoop-hdfs-project/hadoop-hdfs/pom.xml
[INFO] --------------------------------[ jar ]---------------------------------
[WARNING] Parameter 'skipTests' is unknown for plugin 'maven-antrun-plugin:1.7:run (create-testdirs)'
[WARNING] Parameter 'skipTests' is unknown for plugin 'maven-antrun-plugin:1.7:run (create-web-xmls)'
[WARNING] Parameter 'skipTests' is unknown for plugin 'maven-antrun-plugin:1.7:run (create-log-dir)'
[INFO] 
[INFO] --- clean:2.5:clean (default-clean) @ hadoop-hdfs ---
[INFO] Deleting /home/runner/work/sonar-analysis/sonar-analysis/project/hadoop-hdfs-project/hadoop-hdfs/target
[INFO] Deleting /home/runner/work/sonar-analysis/sonar-analysis/project/hadoop-hdfs-project/hadoop-hdfs/src/site/resources (includes = [configuration.xsl, hdfs-default.xml], excludes = [])
[INFO] 
[INFO] --- antrun:1.7:run (create-testdirs) @ hadoop-hdfs ---
[INFO] Executing tasks

main:
    [mkdir] Created dir: /home/runner/work/sonar-analysis/sonar-analysis/project/hadoop-hdfs-project/hadoop-hdfs/target/test-dir
    [mkdir] Created dir: /home/runner/work/sonar-analysis/sonar-analysis/project/hadoop-hdfs-project/hadoop-hdfs/target/test/data
[INFO] Executed tasks
[INFO] 
[INFO] --- hadoops:2.10.0-SNAPSHOT:protoc (compile-protoc) @ hadoop-hdfs ---
[INFO] Wrote protoc checksums to file /home/runner/work/sonar-analysis/sonar-analysis/project/hadoop-hdfs-project/hadoop-hdfs/target/hadoop-maven-plugins-protoc-checksums.json
[INFO] 
[INFO] --- remote-resources:1.5:process (default) @ hadoop-hdfs ---
[INFO] 
[INFO] --- resources:2.6:resources (default-resources) @ hadoop-hdfs ---
[INFO] Using 'UTF-8' encoding to copy filtered resources.
[INFO] Copying 3 resources
[INFO] Copying 2 resources
[INFO] 
[INFO] --- compiler:3.1:compile (default-compile) @ hadoop-hdfs ---
[INFO] Compiling 547 source files to /home/runner/work/sonar-analysis/sonar-analysis/project/hadoop-hdfs-project/hadoop-hdfs/target/classes
[WARNING] /home/runner/work/sonar-analysis/sonar-analysis/project/hadoop-hdfs-project/hadoop-hdfs/src/main/java/org/apache/hadoop/hdfs/server/datanode/checker/AbstractFuture.java:[1043,26] sun.misc.Unsafe is internal proprietary API and may be removed in a future release
[WARNING] /home/runner/work/sonar-analysis/sonar-analysis/project/hadoop-hdfs-project/hadoop-hdfs/src/main/java/org/apache/hadoop/hdfs/server/datanode/checker/AbstractFuture.java:[1051,15] sun.misc.Unsafe is internal proprietary API and may be removed in a future release
[WARNING] /home/runner/work/sonar-analysis/sonar-analysis/project/hadoop-hdfs-project/hadoop-hdfs/src/main/java/org/apache/hadoop/hdfs/server/datanode/checker/AbstractFuture.java:[1053,26] sun.misc.Unsafe is internal proprietary API and may be removed in a future release
[WARNING] /home/runner/work/sonar-analysis/sonar-analysis/project/hadoop-hdfs-project/hadoop-hdfs/src/main/java/org/apache/hadoop/hdfs/server/datanode/checker/AbstractFuture.java:[1058,57] sun.misc.Unsafe is internal proprietary API and may be removed in a future release
[WARNING] /home/runner/work/sonar-analysis/sonar-analysis/project/hadoop-hdfs-project/hadoop-hdfs/src/main/java/org/apache/hadoop/hdfs/server/datanode/checker/AbstractFuture.java:[1060,36] sun.misc.Unsafe is internal proprietary API and may be removed in a future release
[WARNING] /home/runner/work/sonar-analysis/sonar-analysis/project/hadoop-hdfs-project/hadoop-hdfs/src/main/java/org/apache/hadoop/hdfs/server/datanode/checker/AbstractFuture.java:[1061,37] sun.misc.Unsafe is internal proprietary API and may be removed in a future release
[WARNING] /home/runner/work/sonar-analysis/sonar-analysis/project/hadoop-hdfs-project/hadoop-hdfs/src/main/java/org/apache/hadoop/hdfs/server/datanode/checker/AbstractFuture.java:[1061,58] sun.misc.Unsafe is internal proprietary API and may be removed in a future release
[WARNING] /home/runner/work/sonar-analysis/sonar-analysis/project/hadoop-hdfs-project/hadoop-hdfs/src/main/java/org/apache/hadoop/hdfs/tools/offlineEditsViewer/XmlEditsVisitor.java: Some input files use or override a deprecated API.
[WARNING] /home/runner/work/sonar-analysis/sonar-analysis/project/hadoop-hdfs-project/hadoop-hdfs/src/main/java/org/apache/hadoop/hdfs/tools/offlineEditsViewer/XmlEditsVisitor.java: Recompile with -Xlint:deprecation for details.
[WARNING] /home/runner/work/sonar-analysis/sonar-analysis/project/hadoop-hdfs-project/hadoop-hdfs/src/main/java/org/apache/hadoop/hdfs/server/blockmanagement/SlowDiskTracker.java: Some input files use unchecked or unsafe operations.
[WARNING] /home/runner/work/sonar-analysis/sonar-analysis/project/hadoop-hdfs-project/hadoop-hdfs/src/main/java/org/apache/hadoop/hdfs/server/blockmanagement/SlowDiskTracker.java: Recompile with -Xlint:unchecked for details.
[INFO] 
[INFO] --- antrun:1.7:run (create-web-xmls) @ hadoop-hdfs ---
[INFO] Executing tasks

main:
     [copy] Copying 1 file to /home/runner/work/sonar-analysis/sonar-analysis/project/hadoop-hdfs-project/hadoop-hdfs/target/webapps/hdfs/WEB-INF
     [copy] Copying 1 file to /home/runner/work/sonar-analysis/sonar-analysis/project/hadoop-hdfs-project/hadoop-hdfs/target/webapps/secondary/WEB-INF
     [copy] Copying 1 file to /home/runner/work/sonar-analysis/sonar-analysis/project/hadoop-hdfs-project/hadoop-hdfs/target/webapps/datanode/WEB-INF
     [copy] Copying 1 file to /home/runner/work/sonar-analysis/sonar-analysis/project/hadoop-hdfs-project/hadoop-hdfs/target/webapps/journal/WEB-INF
     [copy] Copying 1 file to /home/runner/work/sonar-analysis/sonar-analysis/project/hadoop-hdfs-project/hadoop-hdfs/target/webapps/nfs3/WEB-INF
     [copy] Copying 38 files to /home/runner/work/sonar-analysis/sonar-analysis/project/hadoop-hdfs-project/hadoop-hdfs/target/webapps
[INFO] Executed tasks
[INFO] 
[INFO] --- resources:2.6:testResources (default-testResources) @ hadoop-hdfs ---
[INFO] Using 'UTF-8' encoding to copy filtered resources.
[INFO] Copying 52 resources
[INFO] Copying 2 resources
[INFO] 
[INFO] --- antrun:1.7:run (create-log-dir) @ hadoop-hdfs ---
[INFO] Executing tasks

main:
   [delete] Deleting directory /home/runner/work/sonar-analysis/sonar-analysis/project/hadoop-hdfs-project/hadoop-hdfs/target/test/data
    [mkdir] Created dir: /home/runner/work/sonar-analysis/sonar-analysis/project/hadoop-hdfs-project/hadoop-hdfs/target/test/data
    [mkdir] Created dir: /home/runner/work/sonar-analysis/sonar-analysis/project/hadoop-hdfs-project/hadoop-hdfs/target/log
     [copy] Copying 43 files to /home/runner/work/sonar-analysis/sonar-analysis/project/hadoop-hdfs-project/hadoop-hdfs/target/test-classes/webapps
[INFO] Executed tasks
[INFO] 
[INFO] --- compiler:3.1:testCompile (default-testCompile) @ hadoop-hdfs ---
[INFO] Compiling 657 source files to /home/runner/work/sonar-analysis/sonar-analysis/project/hadoop-hdfs-project/hadoop-hdfs/target/test-classes
[WARNING] /home/runner/work/sonar-analysis/sonar-analysis/project/hadoop-hdfs-project/hadoop-hdfs/src/test/java/org/apache/hadoop/hdfs/TestDFSClientFailover.java:[66,31] sun.net.spi.nameservice.NameService is internal proprietary API and may be removed in a future release
[WARNING] /home/runner/work/sonar-analysis/sonar-analysis/project/hadoop-hdfs-project/hadoop-hdfs/src/test/java/org/apache/hadoop/hdfs/TestDFSClientFailover.java:[233,11] sun.net.spi.nameservice.NameService is internal proprietary API and may be removed in a future release
[WARNING] /home/runner/work/sonar-analysis/sonar-analysis/project/hadoop-hdfs-project/hadoop-hdfs/src/test/java/org/apache/hadoop/hdfs/TestDFSClientFailover.java:[239,12] sun.net.spi.nameservice.NameService is internal proprietary API and may be removed in a future release
[WARNING] /home/runner/work/sonar-analysis/sonar-analysis/project/hadoop-hdfs-project/hadoop-hdfs/src/test/java/org/apache/hadoop/hdfs/TestDFSClientFailover.java:[239,40] sun.net.spi.nameservice.NameService is internal proprietary API and may be removed in a future release
[WARNING] /home/runner/work/sonar-analysis/sonar-analysis/project/hadoop-hdfs-project/hadoop-hdfs/src/test/java/org/apache/hadoop/hdfs/TestDFSClientFailover.java:[241,7] sun.net.spi.nameservice.NameService is internal proprietary API and may be removed in a future release
[WARNING] /home/runner/work/sonar-analysis/sonar-analysis/project/hadoop-hdfs-project/hadoop-hdfs/src/test/java/org/apache/hadoop/hdfs/TestDFSClientFailover.java:[244,25] sun.net.spi.nameservice.NameService is internal proprietary API and may be removed in a future release
[WARNING] /home/runner/work/sonar-analysis/sonar-analysis/project/hadoop-hdfs-project/hadoop-hdfs/src/test/java/org/apache/hadoop/hdfs/TestDFSClientFailover.java:[264,5] sun.net.spi.nameservice.NameService is internal proprietary API and may be removed in a future release
[WARNING] /home/runner/work/sonar-analysis/sonar-analysis/project/hadoop-hdfs-project/hadoop-hdfs/src/test/java/org/apache/hadoop/hdfs/TestDFSClientFailover.java:[282,5] sun.net.spi.nameservice.NameService is internal proprietary API and may be removed in a future release
[WARNING] /home/runner/work/sonar-analysis/sonar-analysis/project/hadoop-hdfs-project/hadoop-hdfs/src/test/java/org/apache/hadoop/hdfs/TestDFSClientFailover.java:[302,11] sun.net.spi.nameservice.NameService is internal proprietary API and may be removed in a future release
[WARNING] /home/runner/work/sonar-analysis/sonar-analysis/project/hadoop-hdfs-project/hadoop-hdfs/src/test/java/org/apache/hadoop/hdfs/TestDistributedFileSystem.java: Some input files use or override a deprecated API.
[WARNING] /home/runner/work/sonar-analysis/sonar-analysis/project/hadoop-hdfs-project/hadoop-hdfs/src/test/java/org/apache/hadoop/hdfs/TestDistributedFileSystem.java: Recompile with -Xlint:deprecation for details.
[WARNING] /home/runner/work/sonar-analysis/sonar-analysis/project/hadoop-hdfs-project/hadoop-hdfs/src/test/java/org/apache/hadoop/hdfs/server/datanode/extdataset/ExternalDatasetImpl.java: Some input files use unchecked or unsafe operations.
[WARNING] /home/runner/work/sonar-analysis/sonar-analysis/project/hadoop-hdfs-project/hadoop-hdfs/src/test/java/org/apache/hadoop/hdfs/server/datanode/extdataset/ExternalDatasetImpl.java: Recompile with -Xlint:unchecked for details.
[INFO] 
[INFO] --- surefire:2.21.0:test (default-test) @ hadoop-hdfs ---
[INFO] Tests are skipped.
[INFO] 
[INFO] --- jar:2.5:jar (prepare-jar) @ hadoop-hdfs ---
[INFO] Building jar: /home/runner/work/sonar-analysis/sonar-analysis/project/hadoop-hdfs-project/hadoop-hdfs/target/hadoop-hdfs-2.10.0-SNAPSHOT.jar
[INFO] 
[INFO] --- jar:2.5:test-jar (prepare-test-jar) @ hadoop-hdfs ---
[INFO] Building jar: /home/runner/work/sonar-analysis/sonar-analysis/project/hadoop-hdfs-project/hadoop-hdfs/target/hadoop-hdfs-2.10.0-SNAPSHOT-tests.jar
[INFO] 
[INFO] --- jar:2.5:jar (default-jar) @ hadoop-hdfs ---
[INFO] 
[INFO] --- site:3.5:attach-descriptor (attach-descriptor) @ hadoop-hdfs ---
[INFO] 
[INFO] --- animal-sniffer:1.16:check (signature-check) @ hadoop-hdfs ---
[INFO] Checking unresolved references to org.codehaus.mojo.signature:java17:1.0
[INFO] 
[INFO] --- enforcer:1.4.1:enforce (depcheck) @ hadoop-hdfs ---
[INFO] Skipping Rule Enforcement.
[INFO] 
[INFO] --- install:2.5.1:install (default-install) @ hadoop-hdfs ---
[INFO] Installing /home/runner/work/sonar-analysis/sonar-analysis/project/hadoop-hdfs-project/hadoop-hdfs/target/hadoop-hdfs-2.10.0-SNAPSHOT.jar to /home/runner/.m2/repository/org/apache/hadoop/hadoop-hdfs/2.10.0-SNAPSHOT/hadoop-hdfs-2.10.0-SNAPSHOT.jar
[INFO] Installing /home/runner/work/sonar-analysis/sonar-analysis/project/hadoop-hdfs-project/hadoop-hdfs/pom.xml to /home/runner/.m2/repository/org/apache/hadoop/hadoop-hdfs/2.10.0-SNAPSHOT/hadoop-hdfs-2.10.0-SNAPSHOT.pom
[INFO] Installing /home/runner/work/sonar-analysis/sonar-analysis/project/hadoop-hdfs-project/hadoop-hdfs/target/hadoop-hdfs-2.10.0-SNAPSHOT-tests.jar to /home/runner/.m2/repository/org/apache/hadoop/hadoop-hdfs/2.10.0-SNAPSHOT/hadoop-hdfs-2.10.0-SNAPSHOT-tests.jar
[INFO] 
[INFO] ------------< org.apache.hadoop:hadoop-hdfs-native-client >-------------
[INFO] Building Apache Hadoop HDFS Native Client 2.10.0-SNAPSHOT        [17/84]
[INFO]   from hadoop-hdfs-project/hadoop-hdfs-native-client/pom.xml
[INFO] --------------------------------[ jar ]---------------------------------
[INFO] 
[INFO] --- clean:2.5:clean (default-clean) @ hadoop-hdfs-native-client ---
[INFO] Deleting /home/runner/work/sonar-analysis/sonar-analysis/project/hadoop-hdfs-project/hadoop-hdfs-native-client/target
[INFO] 
[INFO] --- antrun:1.7:run (create-testdirs) @ hadoop-hdfs-native-client ---
[INFO] Executing tasks

main:
    [mkdir] Created dir: /home/runner/work/sonar-analysis/sonar-analysis/project/hadoop-hdfs-project/hadoop-hdfs-native-client/target/test-dir
    [mkdir] Created dir: /home/runner/work/sonar-analysis/sonar-analysis/project/hadoop-hdfs-project/hadoop-hdfs-native-client/target/test/data
[INFO] Executed tasks
[INFO] 
[INFO] --- remote-resources:1.5:process (default) @ hadoop-hdfs-native-client ---
[INFO] 
[INFO] --- resources:2.6:resources (default-resources) @ hadoop-hdfs-native-client ---
[INFO] Using 'UTF-8' encoding to copy filtered resources.
[INFO] skip non existing resourceDirectory /home/runner/work/sonar-analysis/sonar-analysis/project/hadoop-hdfs-project/hadoop-hdfs-native-client/src/main/resources
[INFO] Copying 2 resources
[INFO] 
[INFO] --- compiler:3.1:compile (default-compile) @ hadoop-hdfs-native-client ---
[INFO] No sources to compile
[INFO] 
[INFO] --- resources:2.6:testResources (default-testResources) @ hadoop-hdfs-native-client ---
[INFO] Using 'UTF-8' encoding to copy filtered resources.
[INFO] skip non existing resourceDirectory /home/runner/work/sonar-analysis/sonar-analysis/project/hadoop-hdfs-project/hadoop-hdfs-native-client/src/test/resources
[INFO] Copying 2 resources
[INFO] 
[INFO] --- compiler:3.1:testCompile (default-testCompile) @ hadoop-hdfs-native-client ---
[INFO] No sources to compile
[INFO] 
[INFO] --- surefire:2.21.0:test (default-test) @ hadoop-hdfs-native-client ---
[INFO] Tests are skipped.
[INFO] 
[INFO] --- jar:2.5:jar (prepare-jar) @ hadoop-hdfs-native-client ---
[INFO] Building jar: /home/runner/work/sonar-analysis/sonar-analysis/project/hadoop-hdfs-project/hadoop-hdfs-native-client/target/hadoop-hdfs-native-client-2.10.0-SNAPSHOT.jar
[INFO] 
[INFO] --- jar:2.5:test-jar (prepare-test-jar) @ hadoop-hdfs-native-client ---
[INFO] Building jar: /home/runner/work/sonar-analysis/sonar-analysis/project/hadoop-hdfs-project/hadoop-hdfs-native-client/target/hadoop-hdfs-native-client-2.10.0-SNAPSHOT-tests.jar
[INFO] 
[INFO] --- jar:2.5:jar (default-jar) @ hadoop-hdfs-native-client ---
[INFO] 
[INFO] --- site:3.5:attach-descriptor (attach-descriptor) @ hadoop-hdfs-native-client ---
[INFO] 
[INFO] --- animal-sniffer:1.16:check (signature-check) @ hadoop-hdfs-native-client ---
[INFO] Checking unresolved references to org.codehaus.mojo.signature:java17:1.0
[INFO] 
[INFO] --- enforcer:1.4.1:enforce (depcheck) @ hadoop-hdfs-native-client ---
[INFO] Skipping Rule Enforcement.
[INFO] 
[INFO] --- install:2.5.1:install (default-install) @ hadoop-hdfs-native-client ---
[INFO] Installing /home/runner/work/sonar-analysis/sonar-analysis/project/hadoop-hdfs-project/hadoop-hdfs-native-client/target/hadoop-hdfs-native-client-2.10.0-SNAPSHOT.jar to /home/runner/.m2/repository/org/apache/hadoop/hadoop-hdfs-native-client/2.10.0-SNAPSHOT/hadoop-hdfs-native-client-2.10.0-SNAPSHOT.jar
[INFO] Installing /home/runner/work/sonar-analysis/sonar-analysis/project/hadoop-hdfs-project/hadoop-hdfs-native-client/pom.xml to /home/runner/.m2/repository/org/apache/hadoop/hadoop-hdfs-native-client/2.10.0-SNAPSHOT/hadoop-hdfs-native-client-2.10.0-SNAPSHOT.pom
[INFO] Installing /home/runner/work/sonar-analysis/sonar-analysis/project/hadoop-hdfs-project/hadoop-hdfs-native-client/target/hadoop-hdfs-native-client-2.10.0-SNAPSHOT-tests.jar to /home/runner/.m2/repository/org/apache/hadoop/hadoop-hdfs-native-client/2.10.0-SNAPSHOT/hadoop-hdfs-native-client-2.10.0-SNAPSHOT-tests.jar
[INFO] 
[INFO] ----------------< org.apache.hadoop:hadoop-hdfs-httpfs >----------------
[INFO] Building Apache Hadoop HttpFS 2.10.0-SNAPSHOT                    [18/84]
[INFO]   from hadoop-hdfs-project/hadoop-hdfs-httpfs/pom.xml
[INFO] --------------------------------[ war ]---------------------------------
[INFO] 
[INFO] --- clean:2.5:clean (default-clean) @ hadoop-hdfs-httpfs ---
[INFO] Deleting /home/runner/work/sonar-analysis/sonar-analysis/project/hadoop-hdfs-project/hadoop-hdfs-httpfs/target
[INFO] 
[INFO] --- antrun:1.7:run (create-testdirs) @ hadoop-hdfs-httpfs ---
[INFO] Executing tasks

main:
    [mkdir] Created dir: /home/runner/work/sonar-analysis/sonar-analysis/project/hadoop-hdfs-project/hadoop-hdfs-httpfs/target/test-dir
[INFO] Executed tasks
[INFO] 
[INFO] --- remote-resources:1.5:process (default) @ hadoop-hdfs-httpfs ---
[INFO] 
[INFO] --- resources:2.6:resources (default-resources) @ hadoop-hdfs-httpfs ---
[INFO] Using 'UTF-8' encoding to copy filtered resources.
[INFO] Copying 1 resource
[INFO] Copying 2 resources
[INFO] Copying 2 resources
[INFO] 
[INFO] --- compiler:3.1:compile (default-compile) @ hadoop-hdfs-httpfs ---
[INFO] Compiling 48 source files to /home/runner/work/sonar-analysis/sonar-analysis/project/hadoop-hdfs-project/hadoop-hdfs-httpfs/target/classes
[WARNING] /home/runner/work/sonar-analysis/sonar-analysis/project/hadoop-hdfs-project/hadoop-hdfs-httpfs/src/main/java/org/apache/hadoop/lib/service/instrumentation/InstrumentationService.java: /home/runner/work/sonar-analysis/sonar-analysis/project/hadoop-hdfs-project/hadoop-hdfs-httpfs/src/main/java/org/apache/hadoop/lib/service/instrumentation/InstrumentationService.java uses unchecked or unsafe operations.
[WARNING] /home/runner/work/sonar-analysis/sonar-analysis/project/hadoop-hdfs-project/hadoop-hdfs-httpfs/src/main/java/org/apache/hadoop/lib/service/instrumentation/InstrumentationService.java: Recompile with -Xlint:unchecked for details.
[INFO] 
[INFO] --- antrun:1.7:run (create-web-xmls) @ hadoop-hdfs-httpfs ---
[INFO] Executing tasks

main:
    [mkdir] Created dir: /home/runner/work/sonar-analysis/sonar-analysis/project/hadoop-hdfs-project/hadoop-hdfs-httpfs/target/test-classes/webapp
     [copy] Copying 1 file to /home/runner/work/sonar-analysis/sonar-analysis/project/hadoop-hdfs-project/hadoop-hdfs-httpfs/target/test-classes/webapp
[INFO] Executed tasks
[INFO] 
[INFO] --- resources:2.6:testResources (default-testResources) @ hadoop-hdfs-httpfs ---
[INFO] Using 'UTF-8' encoding to copy filtered resources.
[INFO] Copying 9 resources
[INFO] Copying 1 resource
[INFO] Copying 2 resources
[INFO] 
[INFO] --- compiler:3.1:testCompile (default-testCompile) @ hadoop-hdfs-httpfs ---
[INFO] Compiling 45 source files to /home/runner/work/sonar-analysis/sonar-analysis/project/hadoop-hdfs-project/hadoop-hdfs-httpfs/target/test-classes
[INFO] 
[INFO] --- surefire:2.21.0:test (default-test) @ hadoop-hdfs-httpfs ---
[INFO] Tests are skipped.
[INFO] 
[INFO] --- war:2.4:war (default-war) @ hadoop-hdfs-httpfs ---
[INFO] Packaging webapp
[INFO] Assembling webapp [hadoop-hdfs-httpfs] in [/home/runner/work/sonar-analysis/sonar-analysis/project/hadoop-hdfs-project/hadoop-hdfs-httpfs/target/webhdfs]
[INFO] Processing war project
[INFO] Copying webapp resources [/home/runner/work/sonar-analysis/sonar-analysis/project/hadoop-hdfs-project/hadoop-hdfs-httpfs/src/main/webapp]
[INFO] Webapp assembled in [80 msecs]
[INFO] Building war: /home/runner/work/sonar-analysis/sonar-analysis/project/hadoop-hdfs-project/hadoop-hdfs-httpfs/target/webhdfs.war
[INFO] 
[INFO] --- site:3.5:attach-descriptor (attach-descriptor) @ hadoop-hdfs-httpfs ---
[INFO] 
[INFO] --- animal-sniffer:1.16:check (signature-check) @ hadoop-hdfs-httpfs ---
[INFO] Checking unresolved references to org.codehaus.mojo.signature:java17:1.0
[INFO] 
[INFO] --- enforcer:1.4.1:enforce (depcheck) @ hadoop-hdfs-httpfs ---
[INFO] Skipping Rule Enforcement.
[INFO] 
[INFO] --- install:2.5.1:install (default-install) @ hadoop-hdfs-httpfs ---
[INFO] Installing /home/runner/work/sonar-analysis/sonar-analysis/project/hadoop-hdfs-project/hadoop-hdfs-httpfs/target/webhdfs.war to /home/runner/.m2/repository/org/apache/hadoop/hadoop-hdfs-httpfs/2.10.0-SNAPSHOT/hadoop-hdfs-httpfs-2.10.0-SNAPSHOT.war
[INFO] Installing /home/runner/work/sonar-analysis/sonar-analysis/project/hadoop-hdfs-project/hadoop-hdfs-httpfs/pom.xml to /home/runner/.m2/repository/org/apache/hadoop/hadoop-hdfs-httpfs/2.10.0-SNAPSHOT/hadoop-hdfs-httpfs-2.10.0-SNAPSHOT.pom
[INFO] 
[INFO] ----------< org.apache.hadoop.contrib:hadoop-hdfs-bkjournal >-----------
[INFO] Building Apache Hadoop HDFS BookKeeper Journal 2.10.0-SNAPSHOT   [19/84]
[INFO]   from hadoop-hdfs-project/hadoop-hdfs/src/contrib/bkjournal/pom.xml
[INFO] --------------------------------[ jar ]---------------------------------
[INFO] 
[INFO] --- clean:2.5:clean (default-clean) @ hadoop-hdfs-bkjournal ---
[INFO] Deleting /home/runner/work/sonar-analysis/sonar-analysis/project/hadoop-hdfs-project/hadoop-hdfs/src/contrib/bkjournal/target
[INFO] 
[INFO] --- antrun:1.7:run (create-testdirs) @ hadoop-hdfs-bkjournal ---
[INFO] Executing tasks

main:
    [mkdir] Created dir: /home/runner/work/sonar-analysis/sonar-analysis/project/hadoop-hdfs-project/hadoop-hdfs/src/contrib/bkjournal/target/test-dir
[INFO] Executed tasks
[INFO] 
[INFO] --- hadoops:2.10.0-SNAPSHOT:protoc (compile-protoc) @ hadoop-hdfs-bkjournal ---
[INFO] Wrote protoc checksums to file /home/runner/work/sonar-analysis/sonar-analysis/project/hadoop-hdfs-project/hadoop-hdfs/src/contrib/bkjournal/target/hadoop-maven-plugins-protoc-checksums.json
[INFO] 
[INFO] --- remote-resources:1.5:process (default) @ hadoop-hdfs-bkjournal ---
[INFO] 
[INFO] --- resources:2.6:resources (default-resources) @ hadoop-hdfs-bkjournal ---
[INFO] Using 'UTF-8' encoding to copy filtered resources.
[INFO] skip non existing resourceDirectory /home/runner/work/sonar-analysis/sonar-analysis/project/hadoop-hdfs-project/hadoop-hdfs/src/contrib/bkjournal/src/main/resources
[INFO] Copying 2 resources
[INFO] 
[INFO] --- compiler:3.1:compile (default-compile) @ hadoop-hdfs-bkjournal ---
[INFO] Compiling 7 source files to /home/runner/work/sonar-analysis/sonar-analysis/project/hadoop-hdfs-project/hadoop-hdfs/src/contrib/bkjournal/target/classes
[WARNING] /home/runner/work/sonar-analysis/sonar-analysis/project/hadoop-hdfs-project/hadoop-hdfs/src/contrib/bkjournal/src/main/java/org/apache/hadoop/contrib/bkjournal/BookKeeperJournalManager.java: /home/runner/work/sonar-analysis/sonar-analysis/project/hadoop-hdfs-project/hadoop-hdfs/src/contrib/bkjournal/src/main/java/org/apache/hadoop/contrib/bkjournal/BookKeeperJournalManager.java uses unchecked or unsafe operations.
[WARNING] /home/runner/work/sonar-analysis/sonar-analysis/project/hadoop-hdfs-project/hadoop-hdfs/src/contrib/bkjournal/src/main/java/org/apache/hadoop/contrib/bkjournal/BookKeeperJournalManager.java: Recompile with -Xlint:unchecked for details.
[INFO] 
[INFO] --- resources:2.6:testResources (default-testResources) @ hadoop-hdfs-bkjournal ---
[INFO] Using 'UTF-8' encoding to copy filtered resources.
[INFO] Copying 1 resource
[INFO] Copying 2 resources
[INFO] 
[INFO] --- compiler:3.1:testCompile (default-testCompile) @ hadoop-hdfs-bkjournal ---
[INFO] Compiling 10 source files to /home/runner/work/sonar-analysis/sonar-analysis/project/hadoop-hdfs-project/hadoop-hdfs/src/contrib/bkjournal/target/test-classes
[INFO] 
[INFO] --- surefire:2.21.0:test (default-test) @ hadoop-hdfs-bkjournal ---
[INFO] Tests are skipped.
[INFO] 
[INFO] --- jar:2.5:jar (default-jar) @ hadoop-hdfs-bkjournal ---
[INFO] Building jar: /home/runner/work/sonar-analysis/sonar-analysis/project/hadoop-hdfs-project/hadoop-hdfs/src/contrib/bkjournal/target/hadoop-hdfs-bkjournal-2.10.0-SNAPSHOT.jar
[INFO] 
[INFO] --- site:3.5:attach-descriptor (attach-descriptor) @ hadoop-hdfs-bkjournal ---
[INFO] 
[INFO] --- animal-sniffer:1.16:check (signature-check) @ hadoop-hdfs-bkjournal ---
[INFO] Checking unresolved references to org.codehaus.mojo.signature:java17:1.0
[INFO] 
[INFO] --- enforcer:1.4.1:enforce (depcheck) @ hadoop-hdfs-bkjournal ---
[INFO] Skipping Rule Enforcement.
[INFO] 
[INFO] --- install:2.5.1:install (default-install) @ hadoop-hdfs-bkjournal ---
[INFO] Installing /home/runner/work/sonar-analysis/sonar-analysis/project/hadoop-hdfs-project/hadoop-hdfs/src/contrib/bkjournal/target/hadoop-hdfs-bkjournal-2.10.0-SNAPSHOT.jar to /home/runner/.m2/repository/org/apache/hadoop/contrib/hadoop-hdfs-bkjournal/2.10.0-SNAPSHOT/hadoop-hdfs-bkjournal-2.10.0-SNAPSHOT.jar
[INFO] Installing /home/runner/work/sonar-analysis/sonar-analysis/project/hadoop-hdfs-project/hadoop-hdfs/src/contrib/bkjournal/pom.xml to /home/runner/.m2/repository/org/apache/hadoop/contrib/hadoop-hdfs-bkjournal/2.10.0-SNAPSHOT/hadoop-hdfs-bkjournal-2.10.0-SNAPSHOT.pom
[INFO] 
[INFO] -----------------< org.apache.hadoop:hadoop-hdfs-nfs >------------------
[INFO] Building Apache Hadoop HDFS-NFS 2.10.0-SNAPSHOT                  [20/84]
[INFO]   from hadoop-hdfs-project/hadoop-hdfs-nfs/pom.xml
[INFO] --------------------------------[ jar ]---------------------------------
[INFO] 
[INFO] --- clean:2.5:clean (default-clean) @ hadoop-hdfs-nfs ---
[INFO] Deleting /home/runner/work/sonar-analysis/sonar-analysis/project/hadoop-hdfs-project/hadoop-hdfs-nfs/target
[INFO] 
[INFO] --- antrun:1.7:run (create-testdirs) @ hadoop-hdfs-nfs ---
[INFO] Executing tasks

main:
    [mkdir] Created dir: /home/runner/work/sonar-analysis/sonar-analysis/project/hadoop-hdfs-project/hadoop-hdfs-nfs/target/test-dir
[INFO] Executed tasks
[INFO] 
[INFO] --- remote-resources:1.5:process (default) @ hadoop-hdfs-nfs ---
[INFO] 
[INFO] --- resources:2.6:resources (default-resources) @ hadoop-hdfs-nfs ---
[INFO] Using 'UTF-8' encoding to copy filtered resources.
[INFO] skip non existing resourceDirectory /home/runner/work/sonar-analysis/sonar-analysis/project/hadoop-hdfs-project/hadoop-hdfs-nfs/src/main/resources
[INFO] Copying 2 resources
[INFO] 
[INFO] --- compiler:3.1:compile (default-compile) @ hadoop-hdfs-nfs ---
[INFO] Compiling 17 source files to /home/runner/work/sonar-analysis/sonar-analysis/project/hadoop-hdfs-project/hadoop-hdfs-nfs/target/classes
[WARNING] /home/runner/work/sonar-analysis/sonar-analysis/project/hadoop-hdfs-project/hadoop-hdfs-nfs/src/main/java/org/apache/hadoop/hdfs/nfs/nfs3/OpenFileCtx.java: /home/runner/work/sonar-analysis/sonar-analysis/project/hadoop-hdfs-project/hadoop-hdfs-nfs/src/main/java/org/apache/hadoop/hdfs/nfs/nfs3/OpenFileCtx.java uses or overrides a deprecated API.
[WARNING] /home/runner/work/sonar-analysis/sonar-analysis/project/hadoop-hdfs-project/hadoop-hdfs-nfs/src/main/java/org/apache/hadoop/hdfs/nfs/nfs3/OpenFileCtx.java: Recompile with -Xlint:deprecation for details.
[INFO] 
[INFO] --- resources:2.6:testResources (default-testResources) @ hadoop-hdfs-nfs ---
[INFO] Using 'UTF-8' encoding to copy filtered resources.
[INFO] Copying 1 resource
[INFO] Copying 2 resources
[INFO] 
[INFO] --- compiler:3.1:testCompile (default-testCompile) @ hadoop-hdfs-nfs ---
[INFO] Compiling 13 source files to /home/runner/work/sonar-analysis/sonar-analysis/project/hadoop-hdfs-project/hadoop-hdfs-nfs/target/test-classes
[INFO] 
[INFO] --- surefire:2.21.0:test (default-test) @ hadoop-hdfs-nfs ---
[INFO] Tests are skipped.
[INFO] 
[INFO] --- jar:2.5:jar (default-jar) @ hadoop-hdfs-nfs ---
[INFO] Building jar: /home/runner/work/sonar-analysis/sonar-analysis/project/hadoop-hdfs-project/hadoop-hdfs-nfs/target/hadoop-hdfs-nfs-2.10.0-SNAPSHOT.jar
[INFO] 
[INFO] --- site:3.5:attach-descriptor (attach-descriptor) @ hadoop-hdfs-nfs ---
[INFO] 
[INFO] --- animal-sniffer:1.16:check (signature-check) @ hadoop-hdfs-nfs ---
[INFO] Checking unresolved references to org.codehaus.mojo.signature:java17:1.0
[INFO] 
[INFO] --- enforcer:1.4.1:enforce (depcheck) @ hadoop-hdfs-nfs ---
[INFO] Skipping Rule Enforcement.
[INFO] 
[INFO] --- install:2.5.1:install (default-install) @ hadoop-hdfs-nfs ---
[INFO] Installing /home/runner/work/sonar-analysis/sonar-analysis/project/hadoop-hdfs-project/hadoop-hdfs-nfs/target/hadoop-hdfs-nfs-2.10.0-SNAPSHOT.jar to /home/runner/.m2/repository/org/apache/hadoop/hadoop-hdfs-nfs/2.10.0-SNAPSHOT/hadoop-hdfs-nfs-2.10.0-SNAPSHOT.jar
[INFO] Installing /home/runner/work/sonar-analysis/sonar-analysis/project/hadoop-hdfs-project/hadoop-hdfs-nfs/pom.xml to /home/runner/.m2/repository/org/apache/hadoop/hadoop-hdfs-nfs/2.10.0-SNAPSHOT/hadoop-hdfs-nfs-2.10.0-SNAPSHOT.pom
[INFO] 
[INFO] -----------------< org.apache.hadoop:hadoop-hdfs-rbf >------------------
[INFO] Building Apache Hadoop HDFS-RBF 2.10.0-SNAPSHOT                  [21/84]
[INFO]   from hadoop-hdfs-project/hadoop-hdfs-rbf/pom.xml
[INFO] --------------------------------[ jar ]---------------------------------
[WARNING] Parameter 'skipTests' is unknown for plugin 'maven-antrun-plugin:1.7:run (create-testdirs)'
[WARNING] Parameter 'skipTests' is unknown for plugin 'maven-antrun-plugin:1.7:run (create-web-xmls)'
[WARNING] Parameter 'skipTests' is unknown for plugin 'maven-antrun-plugin:1.7:run (create-log-dir)'
[INFO] 
[INFO] --- clean:2.5:clean (default-clean) @ hadoop-hdfs-rbf ---
[INFO] Deleting /home/runner/work/sonar-analysis/sonar-analysis/project/hadoop-hdfs-project/hadoop-hdfs-rbf/target
[INFO] Deleting /home/runner/work/sonar-analysis/sonar-analysis/project/hadoop-hdfs-project/hadoop-hdfs-rbf/src/site/resources (includes = [hdfs-rbf-default.xml], excludes = [])
[INFO] 
[INFO] --- antrun:1.7:run (create-testdirs) @ hadoop-hdfs-rbf ---
[INFO] Executing tasks

main:
    [mkdir] Created dir: /home/runner/work/sonar-analysis/sonar-analysis/project/hadoop-hdfs-project/hadoop-hdfs-rbf/target/test-dir
    [mkdir] Created dir: /home/runner/work/sonar-analysis/sonar-analysis/project/hadoop-hdfs-project/hadoop-hdfs-rbf/target/test/data
[INFO] Executed tasks
[INFO] 
[INFO] --- hadoops:2.10.0-SNAPSHOT:protoc (compile-protoc) @ hadoop-hdfs-rbf ---
[INFO] Wrote protoc checksums to file /home/runner/work/sonar-analysis/sonar-analysis/project/hadoop-hdfs-project/hadoop-hdfs-rbf/target/hadoop-maven-plugins-protoc-checksums.json
[INFO] 
[INFO] --- remote-resources:1.5:process (default) @ hadoop-hdfs-rbf ---
[INFO] 
[INFO] --- resources:2.6:resources (default-resources) @ hadoop-hdfs-rbf ---
[INFO] Using 'UTF-8' encoding to copy filtered resources.
[INFO] Copying 1 resource
[INFO] Copying 2 resources
[INFO] 
[INFO] --- compiler:3.1:compile (default-compile) @ hadoop-hdfs-rbf ---
[INFO] Compiling 197 source files to /home/runner/work/sonar-analysis/sonar-analysis/project/hadoop-hdfs-project/hadoop-hdfs-rbf/target/classes
[INFO] 
[INFO] --- antrun:1.7:run (create-web-xmls) @ hadoop-hdfs-rbf ---
[INFO] Executing tasks

main:
     [copy] Copying 1 file to /home/runner/work/sonar-analysis/sonar-analysis/project/hadoop-hdfs-project/hadoop-hdfs-rbf/target/webapps/router/WEB-INF
     [copy] Copying 5 files to /home/runner/work/sonar-analysis/sonar-analysis/project/hadoop-hdfs-project/hadoop-hdfs-rbf/target/webapps
[INFO] Executed tasks
[INFO] 
[INFO] --- resources:2.6:testResources (default-testResources) @ hadoop-hdfs-rbf ---
[INFO] Using 'UTF-8' encoding to copy filtered resources.
[INFO] Copying 4 resources
[INFO] Copying 2 resources
[INFO] 
[INFO] --- antrun:1.7:run (create-log-dir) @ hadoop-hdfs-rbf ---
[INFO] Executing tasks

main:
     [copy] Copying 6 files to /home/runner/work/sonar-analysis/sonar-analysis/project/hadoop-hdfs-project/hadoop-hdfs-rbf/target/test-classes/webapps
[INFO] Executed tasks
[INFO] 
[INFO] --- compiler:3.1:testCompile (default-testCompile) @ hadoop-hdfs-rbf ---
[INFO] Compiling 70 source files to /home/runner/work/sonar-analysis/sonar-analysis/project/hadoop-hdfs-project/hadoop-hdfs-rbf/target/test-classes
[INFO] 
[INFO] --- surefire:2.21.0:test (default-test) @ hadoop-hdfs-rbf ---
[INFO] Tests are skipped.
[INFO] 
[INFO] --- jar:2.5:jar (prepare-jar) @ hadoop-hdfs-rbf ---
[INFO] Building jar: /home/runner/work/sonar-analysis/sonar-analysis/project/hadoop-hdfs-project/hadoop-hdfs-rbf/target/hadoop-hdfs-rbf-2.10.0-SNAPSHOT.jar
[INFO] 
[INFO] --- jar:2.5:test-jar (prepare-test-jar) @ hadoop-hdfs-rbf ---
[INFO] Building jar: /home/runner/work/sonar-analysis/sonar-analysis/project/hadoop-hdfs-project/hadoop-hdfs-rbf/target/hadoop-hdfs-rbf-2.10.0-SNAPSHOT-tests.jar
[INFO] 
[INFO] --- jar:2.5:jar (default-jar) @ hadoop-hdfs-rbf ---
[INFO] 
[INFO] --- site:3.5:attach-descriptor (attach-descriptor) @ hadoop-hdfs-rbf ---
[INFO] 
[INFO] --- animal-sniffer:1.16:check (signature-check) @ hadoop-hdfs-rbf ---
[INFO] Checking unresolved references to org.codehaus.mojo.signature:java17:1.0
[INFO] 
[INFO] --- enforcer:1.4.1:enforce (depcheck) @ hadoop-hdfs-rbf ---
[INFO] Skipping Rule Enforcement.
[INFO] 
[INFO] --- install:2.5.1:install (default-install) @ hadoop-hdfs-rbf ---
[INFO] Installing /home/runner/work/sonar-analysis/sonar-analysis/project/hadoop-hdfs-project/hadoop-hdfs-rbf/target/hadoop-hdfs-rbf-2.10.0-SNAPSHOT.jar to /home/runner/.m2/repository/org/apache/hadoop/hadoop-hdfs-rbf/2.10.0-SNAPSHOT/hadoop-hdfs-rbf-2.10.0-SNAPSHOT.jar
[INFO] Installing /home/runner/work/sonar-analysis/sonar-analysis/project/hadoop-hdfs-project/hadoop-hdfs-rbf/pom.xml to /home/runner/.m2/repository/org/apache/hadoop/hadoop-hdfs-rbf/2.10.0-SNAPSHOT/hadoop-hdfs-rbf-2.10.0-SNAPSHOT.pom
[INFO] Installing /home/runner/work/sonar-analysis/sonar-analysis/project/hadoop-hdfs-project/hadoop-hdfs-rbf/target/hadoop-hdfs-rbf-2.10.0-SNAPSHOT-tests.jar to /home/runner/.m2/repository/org/apache/hadoop/hadoop-hdfs-rbf/2.10.0-SNAPSHOT/hadoop-hdfs-rbf-2.10.0-SNAPSHOT-tests.jar
[INFO] 
[INFO] ---------------< org.apache.hadoop:hadoop-hdfs-project >----------------
[INFO] Building Apache Hadoop HDFS Project 2.10.0-SNAPSHOT              [22/84]
[INFO]   from hadoop-hdfs-project/pom.xml
[INFO] --------------------------------[ pom ]---------------------------------
[INFO] 
[INFO] --- clean:2.5:clean (default-clean) @ hadoop-hdfs-project ---
[INFO] Deleting /home/runner/work/sonar-analysis/sonar-analysis/project/hadoop-hdfs-project/target
[INFO] 
[INFO] --- antrun:1.7:run (create-testdirs) @ hadoop-hdfs-project ---
[INFO] Executing tasks

main:
    [mkdir] Created dir: /home/runner/work/sonar-analysis/sonar-analysis/project/hadoop-hdfs-project/target/test-dir
[INFO] Executed tasks
[INFO] 
[INFO] --- remote-resources:1.5:process (default) @ hadoop-hdfs-project ---
[INFO] 
[INFO] --- site:3.5:attach-descriptor (attach-descriptor) @ hadoop-hdfs-project ---
[INFO] 
[INFO] --- animal-sniffer:1.16:check (signature-check) @ hadoop-hdfs-project ---
[INFO] Checking unresolved references to org.codehaus.mojo.signature:java17:1.0
[INFO] 
[INFO] --- enforcer:1.4.1:enforce (depcheck) @ hadoop-hdfs-project ---
[INFO] Skipping Rule Enforcement.
[INFO] 
[INFO] --- install:2.5.1:install (default-install) @ hadoop-hdfs-project ---
[INFO] Installing /home/runner/work/sonar-analysis/sonar-analysis/project/hadoop-hdfs-project/pom.xml to /home/runner/.m2/repository/org/apache/hadoop/hadoop-hdfs-project/2.10.0-SNAPSHOT/hadoop-hdfs-project-2.10.0-SNAPSHOT.pom
[INFO] 
[INFO] -------------------< org.apache.hadoop:hadoop-yarn >--------------------
[INFO] Building Apache Hadoop YARN 2.10.0-SNAPSHOT                      [23/84]
[INFO]   from hadoop-yarn-project/hadoop-yarn/pom.xml
[INFO] --------------------------------[ pom ]---------------------------------
[INFO] 
[INFO] --- clean:2.5:clean (default-clean) @ hadoop-yarn ---
[INFO] Deleting /home/runner/work/sonar-analysis/sonar-analysis/project/hadoop-yarn-project/hadoop-yarn/target
[INFO] 
[INFO] --- antrun:1.7:run (create-testdirs) @ hadoop-yarn ---
[INFO] Executing tasks

main:
    [mkdir] Created dir: /home/runner/work/sonar-analysis/sonar-analysis/project/hadoop-yarn-project/hadoop-yarn/target/test-dir
[INFO] Executed tasks
[INFO] 
[INFO] --- remote-resources:1.5:process (default) @ hadoop-yarn ---
[INFO] 
[INFO] --- site:3.5:attach-descriptor (attach-descriptor) @ hadoop-yarn ---
[INFO] 
[INFO] --- animal-sniffer:1.16:check (signature-check) @ hadoop-yarn ---
[INFO] Checking unresolved references to org.codehaus.mojo.signature:java17:1.0
[INFO] 
[INFO] --- enforcer:1.4.1:enforce (depcheck) @ hadoop-yarn ---
[INFO] Skipping Rule Enforcement.
[INFO] 
[INFO] --- install:2.5.1:install (default-install) @ hadoop-yarn ---
[INFO] Installing /home/runner/work/sonar-analysis/sonar-analysis/project/hadoop-yarn-project/hadoop-yarn/pom.xml to /home/runner/.m2/repository/org/apache/hadoop/hadoop-yarn/2.10.0-SNAPSHOT/hadoop-yarn-2.10.0-SNAPSHOT.pom
[INFO] 
[INFO] -----------------< org.apache.hadoop:hadoop-yarn-api >------------------
[INFO] Building Apache Hadoop YARN API 2.10.0-SNAPSHOT                  [24/84]
[INFO]   from hadoop-yarn-project/hadoop-yarn/hadoop-yarn-api/pom.xml
[INFO] --------------------------------[ jar ]---------------------------------
[INFO] 
[INFO] --- clean:2.5:clean (default-clean) @ hadoop-yarn-api ---
[INFO] Deleting /home/runner/work/sonar-analysis/sonar-analysis/project/hadoop-yarn-project/hadoop-yarn/hadoop-yarn-api/target
[INFO] 
[INFO] --- antrun:1.7:run (create-testdirs) @ hadoop-yarn-api ---
[INFO] Executing tasks

main:
    [mkdir] Created dir: /home/runner/work/sonar-analysis/sonar-analysis/project/hadoop-yarn-project/hadoop-yarn/hadoop-yarn-api/target/test-dir
[INFO] Executed tasks
[INFO] 
[INFO] --- hadoops:2.10.0-SNAPSHOT:protoc (compile-protoc) @ hadoop-yarn-api ---
[INFO] Wrote protoc checksums to file /home/runner/work/sonar-analysis/sonar-analysis/project/hadoop-yarn-project/hadoop-yarn/hadoop-yarn-api/target/hadoop-maven-plugins-protoc-checksums.json
[INFO] 
[INFO] --- remote-resources:1.5:process (default) @ hadoop-yarn-api ---
[INFO] 
[INFO] --- resources:2.6:resources (default-resources) @ hadoop-yarn-api ---
[INFO] Using 'UTF-8' encoding to copy filtered resources.
[INFO] Copying 1 resource
[INFO] Copying 2 resources
[INFO] 
[INFO] --- compiler:3.1:compile (default-compile) @ hadoop-yarn-api ---
[INFO] Compiling 288 source files to /home/runner/work/sonar-analysis/sonar-analysis/project/hadoop-yarn-project/hadoop-yarn/hadoop-yarn-api/target/classes
[WARNING] /home/runner/work/sonar-analysis/sonar-analysis/project/hadoop-yarn-project/hadoop-yarn/hadoop-yarn-api/src/main/java/org/apache/hadoop/yarn/api/protocolrecords/AllocateResponse.java: Some input files use or override a deprecated API.
[WARNING] /home/runner/work/sonar-analysis/sonar-analysis/project/hadoop-yarn-project/hadoop-yarn/hadoop-yarn-api/src/main/java/org/apache/hadoop/yarn/api/protocolrecords/AllocateResponse.java: Recompile with -Xlint:deprecation for details.
[INFO] 
[INFO] --- resources:2.6:testResources (default-testResources) @ hadoop-yarn-api ---
[INFO] Using 'UTF-8' encoding to copy filtered resources.
[INFO] skip non existing resourceDirectory /home/runner/work/sonar-analysis/sonar-analysis/project/hadoop-yarn-project/hadoop-yarn/hadoop-yarn-api/src/test/resources
[INFO] Copying 2 resources
[INFO] 
[INFO] --- compiler:3.1:testCompile (default-testCompile) @ hadoop-yarn-api ---
[INFO] Compiling 5 source files to /home/runner/work/sonar-analysis/sonar-analysis/project/hadoop-yarn-project/hadoop-yarn/hadoop-yarn-api/target/test-classes
[INFO] 
[INFO] --- jar:2.5:test-jar (default) @ hadoop-yarn-api ---
[INFO] Building jar: /home/runner/work/sonar-analysis/sonar-analysis/project/hadoop-yarn-project/hadoop-yarn/hadoop-yarn-api/target/hadoop-yarn-api-2.10.0-SNAPSHOT-tests.jar
[INFO] 
[INFO] --- surefire:2.21.0:test (default-test) @ hadoop-yarn-api ---
[INFO] Tests are skipped.
[INFO] 
[INFO] --- jar:2.5:jar (default-jar) @ hadoop-yarn-api ---
[INFO] Building jar: /home/runner/work/sonar-analysis/sonar-analysis/project/hadoop-yarn-project/hadoop-yarn/hadoop-yarn-api/target/hadoop-yarn-api-2.10.0-SNAPSHOT.jar
[INFO] 
[INFO] --- site:3.5:attach-descriptor (attach-descriptor) @ hadoop-yarn-api ---
[INFO] 
[INFO] --- animal-sniffer:1.16:check (signature-check) @ hadoop-yarn-api ---
[INFO] Checking unresolved references to org.codehaus.mojo.signature:java17:1.0
[INFO] 
[INFO] --- enforcer:1.4.1:enforce (depcheck) @ hadoop-yarn-api ---
[INFO] Skipping Rule Enforcement.
[INFO] 
[INFO] --- install:2.5.1:install (default-install) @ hadoop-yarn-api ---
[INFO] Installing /home/runner/work/sonar-analysis/sonar-analysis/project/hadoop-yarn-project/hadoop-yarn/hadoop-yarn-api/target/hadoop-yarn-api-2.10.0-SNAPSHOT.jar to /home/runner/.m2/repository/org/apache/hadoop/hadoop-yarn-api/2.10.0-SNAPSHOT/hadoop-yarn-api-2.10.0-SNAPSHOT.jar
[INFO] Installing /home/runner/work/sonar-analysis/sonar-analysis/project/hadoop-yarn-project/hadoop-yarn/hadoop-yarn-api/pom.xml to /home/runner/.m2/repository/org/apache/hadoop/hadoop-yarn-api/2.10.0-SNAPSHOT/hadoop-yarn-api-2.10.0-SNAPSHOT.pom
[INFO] Installing /home/runner/work/sonar-analysis/sonar-analysis/project/hadoop-yarn-project/hadoop-yarn/hadoop-yarn-api/target/hadoop-yarn-api-2.10.0-SNAPSHOT-tests.jar to /home/runner/.m2/repository/org/apache/hadoop/hadoop-yarn-api/2.10.0-SNAPSHOT/hadoop-yarn-api-2.10.0-SNAPSHOT-tests.jar
[INFO] 
[INFO] ----------------< org.apache.hadoop:hadoop-yarn-common >----------------
[INFO] Building Apache Hadoop YARN Common 2.10.0-SNAPSHOT               [25/84]
[INFO]   from hadoop-yarn-project/hadoop-yarn/hadoop-yarn-common/pom.xml
[INFO] --------------------------------[ jar ]---------------------------------
[INFO] 
[INFO] --- clean:2.5:clean (default-clean) @ hadoop-yarn-common ---
[INFO] Deleting /home/runner/work/sonar-analysis/sonar-analysis/project/hadoop-yarn-project/hadoop-yarn/hadoop-yarn-common/target
[INFO] 
[INFO] --- antrun:1.7:run (create-testdirs) @ hadoop-yarn-common ---
[INFO] Executing tasks

main:
    [mkdir] Created dir: /home/runner/work/sonar-analysis/sonar-analysis/project/hadoop-yarn-project/hadoop-yarn/hadoop-yarn-common/target/test-dir
[INFO] Executed tasks
[INFO] 
[INFO] --- hadoops:2.10.0-SNAPSHOT:protoc (compile-protoc) @ hadoop-yarn-common ---
[INFO] Wrote protoc checksums to file /home/runner/work/sonar-analysis/sonar-analysis/project/hadoop-yarn-project/hadoop-yarn/hadoop-yarn-common/target/hadoop-maven-plugins-protoc-checksums.json
[INFO] 
[INFO] --- remote-resources:1.5:process (default) @ hadoop-yarn-common ---
[INFO] 
[INFO] --- hadoops:2.10.0-SNAPSHOT:version-info (version-info) @ hadoop-yarn-common ---
[INFO] SCM: GIT
[INFO] Computed MD5: 4f4d34d765e19febfb91e6cee7c7109a
[INFO] 
[INFO] --- resources:2.6:resources (default-resources) @ hadoop-yarn-common ---
[INFO] Using 'UTF-8' encoding to copy filtered resources.
[INFO] Copying 51 resources
[INFO] Copying 1 resource
[INFO] Copying 2 resources
[INFO] 
[INFO] --- compiler:3.1:compile (default-compile) @ hadoop-yarn-common ---
[INFO] Compiling 407 source files to /home/runner/work/sonar-analysis/sonar-analysis/project/hadoop-yarn-project/hadoop-yarn/hadoop-yarn-common/target/classes
[WARNING] /home/runner/work/sonar-analysis/sonar-analysis/project/hadoop-yarn-project/hadoop-yarn/hadoop-yarn-common/src/main/java/org/apache/hadoop/yarn/api/protocolrecords/impl/pb/AllocateRequestPBImpl.java: Some input files use or override a deprecated API.
[WARNING] /home/runner/work/sonar-analysis/sonar-analysis/project/hadoop-yarn-project/hadoop-yarn/hadoop-yarn-common/src/main/java/org/apache/hadoop/yarn/api/protocolrecords/impl/pb/AllocateRequestPBImpl.java: Recompile with -Xlint:deprecation for details.
[WARNING] /home/runner/work/sonar-analysis/sonar-analysis/project/hadoop-yarn-project/hadoop-yarn/hadoop-yarn-common/src/main/java/org/apache/hadoop/yarn/state/StateMachineFactory.java: /home/runner/work/sonar-analysis/sonar-analysis/project/hadoop-yarn-project/hadoop-yarn/hadoop-yarn-common/src/main/java/org/apache/hadoop/yarn/state/StateMachineFactory.java uses unchecked or unsafe operations.
[WARNING] /home/runner/work/sonar-analysis/sonar-analysis/project/hadoop-yarn-project/hadoop-yarn/hadoop-yarn-common/src/main/java/org/apache/hadoop/yarn/state/StateMachineFactory.java: Recompile with -Xlint:unchecked for details.
[INFO] 
[INFO] --- resources:2.6:testResources (default-testResources) @ hadoop-yarn-common ---
[INFO] Using 'UTF-8' encoding to copy filtered resources.
[INFO] Copying 6 resources
[INFO] Copying 2 resources
[INFO] 
[INFO] --- compiler:3.1:testCompile (default-testCompile) @ hadoop-yarn-common ---
[INFO] Compiling 85 source files to /home/runner/work/sonar-analysis/sonar-analysis/project/hadoop-yarn-project/hadoop-yarn/hadoop-yarn-common/target/test-classes
[WARNING] /home/runner/work/sonar-analysis/sonar-analysis/project/hadoop-yarn-project/hadoop-yarn/hadoop-yarn-common/src/test/java/org/apache/hadoop/yarn/api/TestPBImplRecords.java: Some input files use or override a deprecated API.
[WARNING] /home/runner/work/sonar-analysis/sonar-analysis/project/hadoop-yarn-project/hadoop-yarn/hadoop-yarn-common/src/test/java/org/apache/hadoop/yarn/api/TestPBImplRecords.java: Recompile with -Xlint:deprecation for details.
[INFO] 
[INFO] --- jar:2.5:test-jar (default) @ hadoop-yarn-common ---
[INFO] Building jar: /home/runner/work/sonar-analysis/sonar-analysis/project/hadoop-yarn-project/hadoop-yarn/hadoop-yarn-common/target/hadoop-yarn-common-2.10.0-SNAPSHOT-tests.jar
[INFO] 
[INFO] --- surefire:2.21.0:test (default-test) @ hadoop-yarn-common ---
[INFO] Tests are skipped.
[INFO] 
[INFO] --- jar:2.5:jar (default-jar) @ hadoop-yarn-common ---
[INFO] Building jar: /home/runner/work/sonar-analysis/sonar-analysis/project/hadoop-yarn-project/hadoop-yarn/hadoop-yarn-common/target/hadoop-yarn-common-2.10.0-SNAPSHOT.jar
[INFO] 
[INFO] --- site:3.5:attach-descriptor (attach-descriptor) @ hadoop-yarn-common ---
[INFO] 
[INFO] --- animal-sniffer:1.16:check (signature-check) @ hadoop-yarn-common ---
[INFO] Checking unresolved references to org.codehaus.mojo.signature:java17:1.0
[INFO] 
[INFO] --- enforcer:1.4.1:enforce (depcheck) @ hadoop-yarn-common ---
[INFO] Skipping Rule Enforcement.
[INFO] 
[INFO] --- install:2.5.1:install (default-install) @ hadoop-yarn-common ---
[INFO] Installing /home/runner/work/sonar-analysis/sonar-analysis/project/hadoop-yarn-project/hadoop-yarn/hadoop-yarn-common/target/hadoop-yarn-common-2.10.0-SNAPSHOT.jar to /home/runner/.m2/repository/org/apache/hadoop/hadoop-yarn-common/2.10.0-SNAPSHOT/hadoop-yarn-common-2.10.0-SNAPSHOT.jar
[INFO] Installing /home/runner/work/sonar-analysis/sonar-analysis/project/hadoop-yarn-project/hadoop-yarn/hadoop-yarn-common/pom.xml to /home/runner/.m2/repository/org/apache/hadoop/hadoop-yarn-common/2.10.0-SNAPSHOT/hadoop-yarn-common-2.10.0-SNAPSHOT.pom
[INFO] Installing /home/runner/work/sonar-analysis/sonar-analysis/project/hadoop-yarn-project/hadoop-yarn/hadoop-yarn-common/target/hadoop-yarn-common-2.10.0-SNAPSHOT-tests.jar to /home/runner/.m2/repository/org/apache/hadoop/hadoop-yarn-common/2.10.0-SNAPSHOT/hadoop-yarn-common-2.10.0-SNAPSHOT-tests.jar
[INFO] 
[INFO] ---------------< org.apache.hadoop:hadoop-yarn-registry >---------------
[INFO] Building Apache Hadoop YARN Registry 2.10.0-SNAPSHOT             [26/84]
[INFO]   from hadoop-yarn-project/hadoop-yarn/hadoop-yarn-registry/pom.xml
[INFO] --------------------------------[ jar ]---------------------------------
[INFO] 
[INFO] --- clean:2.5:clean (default-clean) @ hadoop-yarn-registry ---
[INFO] Deleting /home/runner/work/sonar-analysis/sonar-analysis/project/hadoop-yarn-project/hadoop-yarn/hadoop-yarn-registry/target
[INFO] 
[INFO] --- antrun:1.7:run (create-testdirs) @ hadoop-yarn-registry ---
[INFO] Executing tasks

main:
    [mkdir] Created dir: /home/runner/work/sonar-analysis/sonar-analysis/project/hadoop-yarn-project/hadoop-yarn/hadoop-yarn-registry/target/test-dir
[INFO] Executed tasks
[INFO] 
[INFO] --- remote-resources:1.5:process (default) @ hadoop-yarn-registry ---
[INFO] 
[INFO] --- hadoops:2.10.0-SNAPSHOT:version-info (version-info) @ hadoop-yarn-registry ---
[INFO] SCM: GIT
[INFO] Computed MD5: 88de5a19c7378e8acaf1a239f2ce0fd
[INFO] 
[INFO] --- resources:2.6:resources (default-resources) @ hadoop-yarn-registry ---
[INFO] Using 'UTF-8' encoding to copy filtered resources.
[INFO] Copying 1 resource
[INFO] Copying 0 resource
[INFO] Copying 2 resources
[INFO] 
[INFO] --- compiler:3.1:compile (default-compile) @ hadoop-yarn-registry ---
[INFO] Compiling 49 source files to /home/runner/work/sonar-analysis/sonar-analysis/project/hadoop-yarn-project/hadoop-yarn/hadoop-yarn-registry/target/classes
[WARNING] /home/runner/work/sonar-analysis/sonar-analysis/project/hadoop-yarn-project/hadoop-yarn/hadoop-yarn-registry/src/main/java/org/apache/hadoop/registry/client/types/Endpoint.java: /home/runner/work/sonar-analysis/sonar-analysis/project/hadoop-yarn-project/hadoop-yarn/hadoop-yarn-registry/src/main/java/org/apache/hadoop/registry/client/types/Endpoint.java uses unchecked or unsafe operations.
[WARNING] /home/runner/work/sonar-analysis/sonar-analysis/project/hadoop-yarn-project/hadoop-yarn/hadoop-yarn-registry/src/main/java/org/apache/hadoop/registry/client/types/Endpoint.java: Recompile with -Xlint:unchecked for details.
[INFO] 
[INFO] --- resources:2.6:testResources (default-testResources) @ hadoop-yarn-registry ---
[INFO] Using 'UTF-8' encoding to copy filtered resources.
[INFO] Copying 1 resource
[INFO] Copying 2 resources
[INFO] 
[INFO] --- compiler:3.1:testCompile (default-testCompile) @ hadoop-yarn-registry ---
[INFO] Compiling 20 source files to /home/runner/work/sonar-analysis/sonar-analysis/project/hadoop-yarn-project/hadoop-yarn/hadoop-yarn-registry/target/test-classes
[INFO] 
[INFO] --- jar:2.5:test-jar (default) @ hadoop-yarn-registry ---
[INFO] Building jar: /home/runner/work/sonar-analysis/sonar-analysis/project/hadoop-yarn-project/hadoop-yarn/hadoop-yarn-registry/target/hadoop-yarn-registry-2.10.0-SNAPSHOT-tests.jar
[INFO] 
[INFO] --- surefire:2.21.0:test (default-test) @ hadoop-yarn-registry ---
[INFO] Tests are skipped.
[INFO] 
[INFO] --- jar:2.5:jar (default-jar) @ hadoop-yarn-registry ---
[INFO] Building jar: /home/runner/work/sonar-analysis/sonar-analysis/project/hadoop-yarn-project/hadoop-yarn/hadoop-yarn-registry/target/hadoop-yarn-registry-2.10.0-SNAPSHOT.jar
[INFO] 
[INFO] --- site:3.5:attach-descriptor (attach-descriptor) @ hadoop-yarn-registry ---
[INFO] 
[INFO] --- animal-sniffer:1.16:check (signature-check) @ hadoop-yarn-registry ---
[INFO] Checking unresolved references to org.codehaus.mojo.signature:java17:1.0
[INFO] 
[INFO] --- enforcer:1.4.1:enforce (depcheck) @ hadoop-yarn-registry ---
[INFO] Skipping Rule Enforcement.
[INFO] 
[INFO] --- install:2.5.1:install (default-install) @ hadoop-yarn-registry ---
[INFO] Installing /home/runner/work/sonar-analysis/sonar-analysis/project/hadoop-yarn-project/hadoop-yarn/hadoop-yarn-registry/target/hadoop-yarn-registry-2.10.0-SNAPSHOT.jar to /home/runner/.m2/repository/org/apache/hadoop/hadoop-yarn-registry/2.10.0-SNAPSHOT/hadoop-yarn-registry-2.10.0-SNAPSHOT.jar
[INFO] Installing /home/runner/work/sonar-analysis/sonar-analysis/project/hadoop-yarn-project/hadoop-yarn/hadoop-yarn-registry/pom.xml to /home/runner/.m2/repository/org/apache/hadoop/hadoop-yarn-registry/2.10.0-SNAPSHOT/hadoop-yarn-registry-2.10.0-SNAPSHOT.pom
[INFO] Installing /home/runner/work/sonar-analysis/sonar-analysis/project/hadoop-yarn-project/hadoop-yarn/hadoop-yarn-registry/target/hadoop-yarn-registry-2.10.0-SNAPSHOT-tests.jar to /home/runner/.m2/repository/org/apache/hadoop/hadoop-yarn-registry/2.10.0-SNAPSHOT/hadoop-yarn-registry-2.10.0-SNAPSHOT-tests.jar
[INFO] 
[INFO] ----------------< org.apache.hadoop:hadoop-yarn-server >----------------
[INFO] Building Apache Hadoop YARN Server 2.10.0-SNAPSHOT               [27/84]
[INFO]   from hadoop-yarn-project/hadoop-yarn/hadoop-yarn-server/pom.xml
[INFO] --------------------------------[ pom ]---------------------------------
[INFO] 
[INFO] --- clean:2.5:clean (default-clean) @ hadoop-yarn-server ---
[INFO] Deleting /home/runner/work/sonar-analysis/sonar-analysis/project/hadoop-yarn-project/hadoop-yarn/hadoop-yarn-server/target
[INFO] 
[INFO] --- antrun:1.7:run (create-testdirs) @ hadoop-yarn-server ---
[INFO] Executing tasks

main:
    [mkdir] Created dir: /home/runner/work/sonar-analysis/sonar-analysis/project/hadoop-yarn-project/hadoop-yarn/hadoop-yarn-server/target/test-dir
[INFO] Executed tasks
[INFO] 
[INFO] --- remote-resources:1.5:process (default) @ hadoop-yarn-server ---
[INFO] 
[INFO] --- site:3.5:attach-descriptor (attach-descriptor) @ hadoop-yarn-server ---
[INFO] 
[INFO] --- animal-sniffer:1.16:check (signature-check) @ hadoop-yarn-server ---
[INFO] Checking unresolved references to org.codehaus.mojo.signature:java17:1.0
[INFO] 
[INFO] --- enforcer:1.4.1:enforce (depcheck) @ hadoop-yarn-server ---
[INFO] Skipping Rule Enforcement.
[INFO] 
[INFO] --- install:2.5.1:install (default-install) @ hadoop-yarn-server ---
[INFO] Installing /home/runner/work/sonar-analysis/sonar-analysis/project/hadoop-yarn-project/hadoop-yarn/hadoop-yarn-server/pom.xml to /home/runner/.m2/repository/org/apache/hadoop/hadoop-yarn-server/2.10.0-SNAPSHOT/hadoop-yarn-server-2.10.0-SNAPSHOT.pom
[INFO] 
[INFO] ------------< org.apache.hadoop:hadoop-yarn-server-common >-------------
[INFO] Building Apache Hadoop YARN Server Common 2.10.0-SNAPSHOT        [28/84]
[INFO]   from hadoop-yarn-project/hadoop-yarn/hadoop-yarn-server/hadoop-yarn-server-common/pom.xml
[INFO] --------------------------------[ jar ]---------------------------------
[INFO] 
[INFO] --- clean:2.5:clean (default-clean) @ hadoop-yarn-server-common ---
[INFO] Deleting /home/runner/work/sonar-analysis/sonar-analysis/project/hadoop-yarn-project/hadoop-yarn/hadoop-yarn-server/hadoop-yarn-server-common/target
[INFO] 
[INFO] --- antrun:1.7:run (create-testdirs) @ hadoop-yarn-server-common ---
[INFO] Executing tasks

main:
    [mkdir] Created dir: /home/runner/work/sonar-analysis/sonar-analysis/project/hadoop-yarn-project/hadoop-yarn/hadoop-yarn-server/hadoop-yarn-server-common/target/test-dir
[INFO] Executed tasks
[INFO] 
[INFO] --- hadoops:2.10.0-SNAPSHOT:protoc (compile-protoc) @ hadoop-yarn-server-common ---
[INFO] Wrote protoc checksums to file /home/runner/work/sonar-analysis/sonar-analysis/project/hadoop-yarn-project/hadoop-yarn/hadoop-yarn-server/hadoop-yarn-server-common/target/hadoop-maven-plugins-protoc-checksums.json
[INFO] 
[INFO] --- remote-resources:1.5:process (default) @ hadoop-yarn-server-common ---
[INFO] 
[INFO] --- resources:2.6:resources (default-resources) @ hadoop-yarn-server-common ---
[INFO] Using 'UTF-8' encoding to copy filtered resources.
[INFO] Copying 1 resource
[INFO] Copying 2 resources
[INFO] 
[INFO] --- compiler:3.1:compile (default-compile) @ hadoop-yarn-server-common ---
[INFO] Compiling 268 source files to /home/runner/work/sonar-analysis/sonar-analysis/project/hadoop-yarn-project/hadoop-yarn/hadoop-yarn-server/hadoop-yarn-server-common/target/classes
[INFO] 
[INFO] --- resources:2.6:testResources (default-testResources) @ hadoop-yarn-server-common ---
[INFO] Using 'UTF-8' encoding to copy filtered resources.
[INFO] Copying 3 resources
[INFO] Copying 2 resources
[INFO] 
[INFO] --- compiler:3.1:testCompile (default-testCompile) @ hadoop-yarn-server-common ---
[INFO] Compiling 50 source files to /home/runner/work/sonar-analysis/sonar-analysis/project/hadoop-yarn-project/hadoop-yarn/hadoop-yarn-server/hadoop-yarn-server-common/target/test-classes
[INFO] 
[INFO] --- jar:2.5:test-jar (default) @ hadoop-yarn-server-common ---
[INFO] Building jar: /home/runner/work/sonar-analysis/sonar-analysis/project/hadoop-yarn-project/hadoop-yarn/hadoop-yarn-server/hadoop-yarn-server-common/target/hadoop-yarn-server-common-2.10.0-SNAPSHOT-tests.jar
[INFO] 
[INFO] --- surefire:2.21.0:test (default-test) @ hadoop-yarn-server-common ---
[INFO] Tests are skipped.
[INFO] 
[INFO] --- jar:2.5:jar (default-jar) @ hadoop-yarn-server-common ---
[INFO] Building jar: /home/runner/work/sonar-analysis/sonar-analysis/project/hadoop-yarn-project/hadoop-yarn/hadoop-yarn-server/hadoop-yarn-server-common/target/hadoop-yarn-server-common-2.10.0-SNAPSHOT.jar
[INFO] 
[INFO] --- site:3.5:attach-descriptor (attach-descriptor) @ hadoop-yarn-server-common ---
[INFO] 
[INFO] --- animal-sniffer:1.16:check (signature-check) @ hadoop-yarn-server-common ---
[INFO] Checking unresolved references to org.codehaus.mojo.signature:java17:1.0
[INFO] 
[INFO] --- enforcer:1.4.1:enforce (depcheck) @ hadoop-yarn-server-common ---
[INFO] Skipping Rule Enforcement.
[INFO] 
[INFO] --- install:2.5.1:install (default-install) @ hadoop-yarn-server-common ---
[INFO] Installing /home/runner/work/sonar-analysis/sonar-analysis/project/hadoop-yarn-project/hadoop-yarn/hadoop-yarn-server/hadoop-yarn-server-common/target/hadoop-yarn-server-common-2.10.0-SNAPSHOT.jar to /home/runner/.m2/repository/org/apache/hadoop/hadoop-yarn-server-common/2.10.0-SNAPSHOT/hadoop-yarn-server-common-2.10.0-SNAPSHOT.jar
[INFO] Installing /home/runner/work/sonar-analysis/sonar-analysis/project/hadoop-yarn-project/hadoop-yarn/hadoop-yarn-server/hadoop-yarn-server-common/pom.xml to /home/runner/.m2/repository/org/apache/hadoop/hadoop-yarn-server-common/2.10.0-SNAPSHOT/hadoop-yarn-server-common-2.10.0-SNAPSHOT.pom
[INFO] Installing /home/runner/work/sonar-analysis/sonar-analysis/project/hadoop-yarn-project/hadoop-yarn/hadoop-yarn-server/hadoop-yarn-server-common/target/hadoop-yarn-server-common-2.10.0-SNAPSHOT-tests.jar to /home/runner/.m2/repository/org/apache/hadoop/hadoop-yarn-server-common/2.10.0-SNAPSHOT/hadoop-yarn-server-common-2.10.0-SNAPSHOT-tests.jar
[INFO] 
[INFO] ----------< org.apache.hadoop:hadoop-yarn-server-nodemanager >----------
[INFO] Building Apache Hadoop YARN NodeManager 2.10.0-SNAPSHOT          [29/84]
[INFO]   from hadoop-yarn-project/hadoop-yarn/hadoop-yarn-server/hadoop-yarn-server-nodemanager/pom.xml
[INFO] --------------------------------[ jar ]---------------------------------
[INFO] 
[INFO] --- clean:2.5:clean (default-clean) @ hadoop-yarn-server-nodemanager ---
[INFO] Deleting /home/runner/work/sonar-analysis/sonar-analysis/project/hadoop-yarn-project/hadoop-yarn/hadoop-yarn-server/hadoop-yarn-server-nodemanager/target
[INFO] 
[INFO] --- antrun:1.7:run (create-testdirs) @ hadoop-yarn-server-nodemanager ---
[INFO] Executing tasks

main:
    [mkdir] Created dir: /home/runner/work/sonar-analysis/sonar-analysis/project/hadoop-yarn-project/hadoop-yarn/hadoop-yarn-server/hadoop-yarn-server-nodemanager/target/test-dir
[INFO] Executed tasks
[INFO] 
[INFO] --- hadoops:2.10.0-SNAPSHOT:protoc (compile-protoc) @ hadoop-yarn-server-nodemanager ---
[INFO] Wrote protoc checksums to file /home/runner/work/sonar-analysis/sonar-analysis/project/hadoop-yarn-project/hadoop-yarn/hadoop-yarn-server/hadoop-yarn-server-nodemanager/target/hadoop-maven-plugins-protoc-checksums.json
[INFO] 
[INFO] --- remote-resources:1.5:process (default) @ hadoop-yarn-server-nodemanager ---
[INFO] 
[INFO] --- resources:2.6:resources (default-resources) @ hadoop-yarn-server-nodemanager ---
[INFO] Using 'UTF-8' encoding to copy filtered resources.
[INFO] Copying 3 resources
[INFO] Copying 2 resources
[INFO] 
[INFO] --- compiler:3.1:compile (default-compile) @ hadoop-yarn-server-nodemanager ---
[INFO] Compiling 259 source files to /home/runner/work/sonar-analysis/sonar-analysis/project/hadoop-yarn-project/hadoop-yarn/hadoop-yarn-server/hadoop-yarn-server-nodemanager/target/classes
[WARNING] /home/runner/work/sonar-analysis/sonar-analysis/project/hadoop-yarn-project/hadoop-yarn/hadoop-yarn-server/hadoop-yarn-server-nodemanager/src/main/java/org/apache/hadoop/yarn/server/nodemanager/LinuxContainerExecutor.java: Some input files use or override a deprecated API.
[WARNING] /home/runner/work/sonar-analysis/sonar-analysis/project/hadoop-yarn-project/hadoop-yarn/hadoop-yarn-server/hadoop-yarn-server-nodemanager/src/main/java/org/apache/hadoop/yarn/server/nodemanager/LinuxContainerExecutor.java: Recompile with -Xlint:deprecation for details.
[WARNING] /home/runner/work/sonar-analysis/sonar-analysis/project/hadoop-yarn-project/hadoop-yarn/hadoop-yarn-server/hadoop-yarn-server-nodemanager/src/main/java/org/apache/hadoop/yarn/server/nodemanager/containermanager/container/ContainerImpl.java: Some input files use unchecked or unsafe operations.
[WARNING] /home/runner/work/sonar-analysis/sonar-analysis/project/hadoop-yarn-project/hadoop-yarn/hadoop-yarn-server/hadoop-yarn-server-nodemanager/src/main/java/org/apache/hadoop/yarn/server/nodemanager/containermanager/container/ContainerImpl.java: Recompile with -Xlint:unchecked for details.
[INFO] 
[INFO] --- resources:2.6:testResources (default-testResources) @ hadoop-yarn-server-nodemanager ---
[INFO] Using 'UTF-8' encoding to copy filtered resources.
[INFO] Copying 6 resources
[INFO] Copying 2 resources
[INFO] 
[INFO] --- compiler:3.1:testCompile (default-testCompile) @ hadoop-yarn-server-nodemanager ---
[INFO] Compiling 111 source files to /home/runner/work/sonar-analysis/sonar-analysis/project/hadoop-yarn-project/hadoop-yarn/hadoop-yarn-server/hadoop-yarn-server-nodemanager/target/test-classes
[WARNING] /home/runner/work/sonar-analysis/sonar-analysis/project/hadoop-yarn-project/hadoop-yarn/hadoop-yarn-server/hadoop-yarn-server-nodemanager/src/test/java/org/apache/hadoop/yarn/server/nodemanager/TestLinuxContainerExecutor.java: Some input files use or override a deprecated API.
[WARNING] /home/runner/work/sonar-analysis/sonar-analysis/project/hadoop-yarn-project/hadoop-yarn/hadoop-yarn-server/hadoop-yarn-server-nodemanager/src/test/java/org/apache/hadoop/yarn/server/nodemanager/TestLinuxContainerExecutor.java: Recompile with -Xlint:deprecation for details.
[WARNING] /home/runner/work/sonar-analysis/sonar-analysis/project/hadoop-yarn-project/hadoop-yarn/hadoop-yarn-server/hadoop-yarn-server-nodemanager/src/test/java/org/apache/hadoop/yarn/server/nodemanager/TestNodeManagerResync.java: Some input files use unchecked or unsafe operations.
[WARNING] /home/runner/work/sonar-analysis/sonar-analysis/project/hadoop-yarn-project/hadoop-yarn/hadoop-yarn-server/hadoop-yarn-server-nodemanager/src/test/java/org/apache/hadoop/yarn/server/nodemanager/TestNodeManagerResync.java: Recompile with -Xlint:unchecked for details.
[INFO] 
[INFO] --- surefire:2.21.0:test (default-test) @ hadoop-yarn-server-nodemanager ---
[INFO] Tests are skipped.
[INFO] 
[INFO] --- jar:2.5:jar (default-jar) @ hadoop-yarn-server-nodemanager ---
[INFO] Building jar: /home/runner/work/sonar-analysis/sonar-analysis/project/hadoop-yarn-project/hadoop-yarn/hadoop-yarn-server/hadoop-yarn-server-nodemanager/target/hadoop-yarn-server-nodemanager-2.10.0-SNAPSHOT.jar
[INFO] 
[INFO] --- site:3.5:attach-descriptor (attach-descriptor) @ hadoop-yarn-server-nodemanager ---
[INFO] 
[INFO] --- animal-sniffer:1.16:check (signature-check) @ hadoop-yarn-server-nodemanager ---
[INFO] Checking unresolved references to org.codehaus.mojo.signature:java17:1.0
[INFO] 
[INFO] --- enforcer:1.4.1:enforce (depcheck) @ hadoop-yarn-server-nodemanager ---
[INFO] Skipping Rule Enforcement.
[INFO] 
[INFO] --- install:2.5.1:install (default-install) @ hadoop-yarn-server-nodemanager ---
[INFO] Installing /home/runner/work/sonar-analysis/sonar-analysis/project/hadoop-yarn-project/hadoop-yarn/hadoop-yarn-server/hadoop-yarn-server-nodemanager/target/hadoop-yarn-server-nodemanager-2.10.0-SNAPSHOT.jar to /home/runner/.m2/repository/org/apache/hadoop/hadoop-yarn-server-nodemanager/2.10.0-SNAPSHOT/hadoop-yarn-server-nodemanager-2.10.0-SNAPSHOT.jar
[INFO] Installing /home/runner/work/sonar-analysis/sonar-analysis/project/hadoop-yarn-project/hadoop-yarn/hadoop-yarn-server/hadoop-yarn-server-nodemanager/pom.xml to /home/runner/.m2/repository/org/apache/hadoop/hadoop-yarn-server-nodemanager/2.10.0-SNAPSHOT/hadoop-yarn-server-nodemanager-2.10.0-SNAPSHOT.pom
[INFO] 
[INFO] -----------< org.apache.hadoop:hadoop-yarn-server-web-proxy >-----------
[INFO] Building Apache Hadoop YARN Web Proxy 2.10.0-SNAPSHOT            [30/84]
[INFO]   from hadoop-yarn-project/hadoop-yarn/hadoop-yarn-server/hadoop-yarn-server-web-proxy/pom.xml
[INFO] --------------------------------[ jar ]---------------------------------
[INFO] 
[INFO] --- clean:2.5:clean (default-clean) @ hadoop-yarn-server-web-proxy ---
[INFO] Deleting /home/runner/work/sonar-analysis/sonar-analysis/project/hadoop-yarn-project/hadoop-yarn/hadoop-yarn-server/hadoop-yarn-server-web-proxy/target
[INFO] 
[INFO] --- antrun:1.7:run (create-testdirs) @ hadoop-yarn-server-web-proxy ---
[INFO] Executing tasks

main:
    [mkdir] Created dir: /home/runner/work/sonar-analysis/sonar-analysis/project/hadoop-yarn-project/hadoop-yarn/hadoop-yarn-server/hadoop-yarn-server-web-proxy/target/test-dir
[INFO] Executed tasks
[INFO] 
[INFO] --- remote-resources:1.5:process (default) @ hadoop-yarn-server-web-proxy ---
[INFO] 
[INFO] --- resources:2.6:resources (default-resources) @ hadoop-yarn-server-web-proxy ---
[INFO] Using 'UTF-8' encoding to copy filtered resources.
[INFO] skip non existing resourceDirectory /home/runner/work/sonar-analysis/sonar-analysis/project/hadoop-yarn-project/hadoop-yarn/hadoop-yarn-server/hadoop-yarn-server-web-proxy/src/main/resources
[INFO] Copying 2 resources
[INFO] 
[INFO] --- compiler:3.1:compile (default-compile) @ hadoop-yarn-server-web-proxy ---
[INFO] Compiling 10 source files to /home/runner/work/sonar-analysis/sonar-analysis/project/hadoop-yarn-project/hadoop-yarn/hadoop-yarn-server/hadoop-yarn-server-web-proxy/target/classes
[WARNING] /home/runner/work/sonar-analysis/sonar-analysis/project/hadoop-yarn-project/hadoop-yarn/hadoop-yarn-server/hadoop-yarn-server-web-proxy/src/main/java/org/apache/hadoop/yarn/server/webproxy/WebAppProxyServlet.java: /home/runner/work/sonar-analysis/sonar-analysis/project/hadoop-yarn-project/hadoop-yarn/hadoop-yarn-server/hadoop-yarn-server-web-proxy/src/main/java/org/apache/hadoop/yarn/server/webproxy/WebAppProxyServlet.java uses or overrides a deprecated API.
[WARNING] /home/runner/work/sonar-analysis/sonar-analysis/project/hadoop-yarn-project/hadoop-yarn/hadoop-yarn-server/hadoop-yarn-server-web-proxy/src/main/java/org/apache/hadoop/yarn/server/webproxy/WebAppProxyServlet.java: Recompile with -Xlint:deprecation for details.
[INFO] 
[INFO] --- resources:2.6:testResources (default-testResources) @ hadoop-yarn-server-web-proxy ---
[INFO] Using 'UTF-8' encoding to copy filtered resources.
[INFO] skip non existing resourceDirectory /home/runner/work/sonar-analysis/sonar-analysis/project/hadoop-yarn-project/hadoop-yarn/hadoop-yarn-server/hadoop-yarn-server-web-proxy/src/test/resources
[INFO] Copying 2 resources
[INFO] 
[INFO] --- compiler:3.1:testCompile (default-testCompile) @ hadoop-yarn-server-web-proxy ---
[INFO] Compiling 6 source files to /home/runner/work/sonar-analysis/sonar-analysis/project/hadoop-yarn-project/hadoop-yarn/hadoop-yarn-server/hadoop-yarn-server-web-proxy/target/test-classes
[INFO] 
[INFO] --- jar:2.5:test-jar (default) @ hadoop-yarn-server-web-proxy ---
[INFO] Building jar: /home/runner/work/sonar-analysis/sonar-analysis/project/hadoop-yarn-project/hadoop-yarn/hadoop-yarn-server/hadoop-yarn-server-web-proxy/target/hadoop-yarn-server-web-proxy-2.10.0-SNAPSHOT-tests.jar
[INFO] 
[INFO] --- surefire:2.21.0:test (default-test) @ hadoop-yarn-server-web-proxy ---
[INFO] Tests are skipped.
[INFO] 
[INFO] --- jar:2.5:jar (default-jar) @ hadoop-yarn-server-web-proxy ---
[INFO] Building jar: /home/runner/work/sonar-analysis/sonar-analysis/project/hadoop-yarn-project/hadoop-yarn/hadoop-yarn-server/hadoop-yarn-server-web-proxy/target/hadoop-yarn-server-web-proxy-2.10.0-SNAPSHOT.jar
[INFO] 
[INFO] --- site:3.5:attach-descriptor (attach-descriptor) @ hadoop-yarn-server-web-proxy ---
[INFO] 
[INFO] --- animal-sniffer:1.16:check (signature-check) @ hadoop-yarn-server-web-proxy ---
[INFO] Checking unresolved references to org.codehaus.mojo.signature:java17:1.0
[INFO] 
[INFO] --- enforcer:1.4.1:enforce (depcheck) @ hadoop-yarn-server-web-proxy ---
[INFO] Skipping Rule Enforcement.
[INFO] 
[INFO] --- install:2.5.1:install (default-install) @ hadoop-yarn-server-web-proxy ---
[INFO] Installing /home/runner/work/sonar-analysis/sonar-analysis/project/hadoop-yarn-project/hadoop-yarn/hadoop-yarn-server/hadoop-yarn-server-web-proxy/target/hadoop-yarn-server-web-proxy-2.10.0-SNAPSHOT.jar to /home/runner/.m2/repository/org/apache/hadoop/hadoop-yarn-server-web-proxy/2.10.0-SNAPSHOT/hadoop-yarn-server-web-proxy-2.10.0-SNAPSHOT.jar
[INFO] Installing /home/runner/work/sonar-analysis/sonar-analysis/project/hadoop-yarn-project/hadoop-yarn/hadoop-yarn-server/hadoop-yarn-server-web-proxy/pom.xml to /home/runner/.m2/repository/org/apache/hadoop/hadoop-yarn-server-web-proxy/2.10.0-SNAPSHOT/hadoop-yarn-server-web-proxy-2.10.0-SNAPSHOT.pom
[INFO] Installing /home/runner/work/sonar-analysis/sonar-analysis/project/hadoop-yarn-project/hadoop-yarn/hadoop-yarn-server/hadoop-yarn-server-web-proxy/target/hadoop-yarn-server-web-proxy-2.10.0-SNAPSHOT-tests.jar to /home/runner/.m2/repository/org/apache/hadoop/hadoop-yarn-server-web-proxy/2.10.0-SNAPSHOT/hadoop-yarn-server-web-proxy-2.10.0-SNAPSHOT-tests.jar
[INFO] 
[INFO] ---< org.apache.hadoop:hadoop-yarn-server-applicationhistoryservice >---
[INFO] Building Apache Hadoop YARN ApplicationHistoryService 2.10.0-SNAPSHOT [31/84]
[INFO]   from hadoop-yarn-project/hadoop-yarn/hadoop-yarn-server/hadoop-yarn-server-applicationhistoryservice/pom.xml
[INFO] --------------------------------[ jar ]---------------------------------
[INFO] 
[INFO] --- clean:2.5:clean (default-clean) @ hadoop-yarn-server-applicationhistoryservice ---
[INFO] Deleting /home/runner/work/sonar-analysis/sonar-analysis/project/hadoop-yarn-project/hadoop-yarn/hadoop-yarn-server/hadoop-yarn-server-applicationhistoryservice/target
[INFO] 
[INFO] --- antrun:1.7:run (create-testdirs) @ hadoop-yarn-server-applicationhistoryservice ---
[INFO] Executing tasks

main:
    [mkdir] Created dir: /home/runner/work/sonar-analysis/sonar-analysis/project/hadoop-yarn-project/hadoop-yarn/hadoop-yarn-server/hadoop-yarn-server-applicationhistoryservice/target/test-dir
[INFO] Executed tasks
[INFO] 
[INFO] --- hadoops:2.10.0-SNAPSHOT:protoc (compile-protoc) @ hadoop-yarn-server-applicationhistoryservice ---
[INFO] Wrote protoc checksums to file /home/runner/work/sonar-analysis/sonar-analysis/project/hadoop-yarn-project/hadoop-yarn/hadoop-yarn-server/hadoop-yarn-server-applicationhistoryservice/target/hadoop-maven-plugins-protoc-checksums.json
[INFO] 
[INFO] --- remote-resources:1.5:process (default) @ hadoop-yarn-server-applicationhistoryservice ---
[INFO] 
[INFO] --- resources:2.6:resources (default-resources) @ hadoop-yarn-server-applicationhistoryservice ---
[INFO] Using 'UTF-8' encoding to copy filtered resources.
[INFO] skip non existing resourceDirectory /home/runner/work/sonar-analysis/sonar-analysis/project/hadoop-yarn-project/hadoop-yarn/hadoop-yarn-server/hadoop-yarn-server-applicationhistoryservice/src/main/resources
[INFO] Copying 2 resources
[INFO] 
[INFO] --- compiler:3.1:compile (default-compile) @ hadoop-yarn-server-applicationhistoryservice ---
[INFO] Compiling 65 source files to /home/runner/work/sonar-analysis/sonar-analysis/project/hadoop-yarn-project/hadoop-yarn/hadoop-yarn-server/hadoop-yarn-server-applicationhistoryservice/target/classes
[INFO] 
[INFO] --- resources:2.6:testResources (default-testResources) @ hadoop-yarn-server-applicationhistoryservice ---
[INFO] Using 'UTF-8' encoding to copy filtered resources.
[INFO] skip non existing resourceDirectory /home/runner/work/sonar-analysis/sonar-analysis/project/hadoop-yarn-project/hadoop-yarn/hadoop-yarn-server/hadoop-yarn-server-applicationhistoryservice/src/test/resources
[INFO] Copying 2 resources
[INFO] 
[INFO] --- compiler:3.1:testCompile (default-testCompile) @ hadoop-yarn-server-applicationhistoryservice ---
[INFO] Compiling 21 source files to /home/runner/work/sonar-analysis/sonar-analysis/project/hadoop-yarn-project/hadoop-yarn/hadoop-yarn-server/hadoop-yarn-server-applicationhistoryservice/target/test-classes
[INFO] 
[INFO] --- jar:2.5:test-jar (default) @ hadoop-yarn-server-applicationhistoryservice ---
[INFO] Building jar: /home/runner/work/sonar-analysis/sonar-analysis/project/hadoop-yarn-project/hadoop-yarn/hadoop-yarn-server/hadoop-yarn-server-applicationhistoryservice/target/hadoop-yarn-server-applicationhistoryservice-2.10.0-SNAPSHOT-tests.jar
[INFO] 
[INFO] --- surefire:2.21.0:test (default-test) @ hadoop-yarn-server-applicationhistoryservice ---
[INFO] Tests are skipped.
[INFO] 
[INFO] --- jar:2.5:jar (default-jar) @ hadoop-yarn-server-applicationhistoryservice ---
[INFO] Building jar: /home/runner/work/sonar-analysis/sonar-analysis/project/hadoop-yarn-project/hadoop-yarn/hadoop-yarn-server/hadoop-yarn-server-applicationhistoryservice/target/hadoop-yarn-server-applicationhistoryservice-2.10.0-SNAPSHOT.jar
[INFO] 
[INFO] --- site:3.5:attach-descriptor (attach-descriptor) @ hadoop-yarn-server-applicationhistoryservice ---
[INFO] 
[INFO] --- shade:2.4.3:shade (default) @ hadoop-yarn-server-applicationhistoryservice ---
[INFO] Excluding javax.servlet:servlet-api:jar:2.5 from the shaded jar.
[INFO] Excluding commons-cli:commons-cli:jar:1.2 from the shaded jar.
[INFO] Excluding commons-codec:commons-codec:jar:1.4 from the shaded jar.
[INFO] Excluding commons-io:commons-io:jar:2.4 from the shaded jar.
[INFO] Excluding org.mortbay.jetty:jetty-util:jar:6.1.26 from the shaded jar.
[INFO] Excluding com.sun.jersey:jersey-server:jar:1.9 from the shaded jar.
[INFO] Excluding asm:asm:jar:3.2 from the shaded jar.
[INFO] Excluding log4j:log4j:jar:1.2.17 from the shaded jar.
[INFO] Excluding commons-lang:commons-lang:jar:2.6 from the shaded jar.
[INFO] Excluding org.slf4j:slf4j-api:jar:1.7.25 from the shaded jar.
[INFO] Excluding org.slf4j:slf4j-log4j12:jar:1.7.25 from the shaded jar.
[INFO] Excluding org.codehaus.jackson:jackson-core-asl:jar:1.9.13 from the shaded jar.
[INFO] Excluding org.codehaus.jackson:jackson-mapper-asl:jar:1.9.13 from the shaded jar.
[INFO] Excluding org.apache.curator:curator-client:jar:2.7.1 from the shaded jar.
[INFO] Excluding com.google.code.findbugs:jsr305:jar:3.0.0 from the shaded jar.
[INFO] Excluding org.apache.zookeeper:zookeeper:jar:3.4.6 from the shaded jar.
[INFO] Excluding io.netty:netty:jar:3.6.2.Final from the shaded jar.
[INFO] Excluding org.apache.commons:commons-compress:jar:1.4.1 from the shaded jar.
[INFO] Excluding org.tukaani:xz:jar:1.0 from the shaded jar.
[INFO] Excluding org.apache.hadoop:hadoop-annotations:jar:2.10.0-SNAPSHOT from the shaded jar.
[INFO] Excluding com.google.inject.extensions:guice-servlet:jar:3.0 from the shaded jar.
[INFO] Excluding com.google.protobuf:protobuf-java:jar:2.5.0 from the shaded jar.
[INFO] Excluding com.google.inject:guice:jar:3.0 from the shaded jar.
[INFO] Excluding javax.inject:javax.inject:jar:1 from the shaded jar.
[INFO] Excluding aopalliance:aopalliance:jar:1.0 from the shaded jar.
[INFO] Excluding com.sun.jersey:jersey-json:jar:1.9 from the shaded jar.
[INFO] Excluding com.sun.xml.bind:jaxb-impl:jar:2.2.3-1 from the shaded jar.
[INFO] Excluding org.codehaus.jackson:jackson-jaxrs:jar:1.9.13 from the shaded jar.
[INFO] Excluding org.codehaus.jackson:jackson-xc:jar:1.9.13 from the shaded jar.
[INFO] Excluding com.sun.jersey.contribs:jersey-guice:jar:1.9 from the shaded jar.
[INFO] Excluding org.apache.hadoop:hadoop-yarn-common:jar:2.10.0-SNAPSHOT from the shaded jar.
[INFO] Excluding org.apache.hadoop:hadoop-yarn-api:jar:2.10.0-SNAPSHOT from the shaded jar.
[INFO] Excluding javax.xml.bind:jaxb-api:jar:2.2.2 from the shaded jar.
[INFO] Excluding javax.xml.stream:stax-api:jar:1.0-2 from the shaded jar.
[INFO] Excluding javax.activation:activation:jar:1.1 from the shaded jar.
[INFO] Excluding org.codehaus.jettison:jettison:jar:1.1 from the shaded jar.
[INFO] Excluding com.sun.jersey:jersey-core:jar:1.9 from the shaded jar.
[INFO] Excluding com.sun.jersey:jersey-client:jar:1.9 from the shaded jar.
[INFO] Excluding com.google.guava:guava:jar:11.0.2 from the shaded jar.
[INFO] Excluding commons-logging:commons-logging:jar:1.1.3 from the shaded jar.
[INFO] Excluding org.apache.hadoop:hadoop-yarn-server-common:jar:2.10.0-SNAPSHOT from the shaded jar.
[INFO] Excluding org.apache.hadoop:hadoop-yarn-registry:jar:2.10.0-SNAPSHOT from the shaded jar.
[INFO] Excluding org.apache.geronimo.specs:geronimo-jcache_1.0_spec:jar:1.0-alpha-1 from the shaded jar.
[INFO] Excluding org.ehcache:ehcache:jar:3.3.1 from the shaded jar.
[INFO] Excluding com.zaxxer:HikariCP-java7:jar:2.4.12 from the shaded jar.
[INFO] Excluding com.microsoft.sqlserver:mssql-jdbc:jar:6.2.1.jre7 from the shaded jar.
[INFO] Excluding commons-collections:commons-collections:jar:3.2.2 from the shaded jar.
[INFO] Excluding org.fusesource.leveldbjni:leveldbjni-all:jar:1.8 from the shaded jar.
[INFO] Excluding com.nimbusds:nimbus-jose-jwt:jar:4.41.1 from the shaded jar.
[INFO] Excluding com.github.stephenc.jcip:jcip-annotations:jar:1.0-1 from the shaded jar.
[INFO] Excluding net.minidev:json-smart:jar:1.3.1 from the shaded jar.
[INFO] Excluding org.apache.curator:curator-framework:jar:2.7.1 from the shaded jar.
[INFO] Excluding de.ruedigermoeller:fst:jar:2.50 from the shaded jar.
[INFO] Including com.fasterxml.jackson.core:jackson-core:jar:2.7.8 in the shaded jar.
[INFO] Excluding com.cedarsoftware:java-util:jar:1.9.0 from the shaded jar.
[INFO] Excluding com.cedarsoftware:json-io:jar:2.5.1 from the shaded jar.
[INFO] Replacing original artifact with shaded artifact.
[INFO] Replacing /home/runner/work/sonar-analysis/sonar-analysis/project/hadoop-yarn-project/hadoop-yarn/hadoop-yarn-server/hadoop-yarn-server-applicationhistoryservice/target/hadoop-yarn-server-applicationhistoryservice-2.10.0-SNAPSHOT.jar with /home/runner/work/sonar-analysis/sonar-analysis/project/hadoop-yarn-project/hadoop-yarn/hadoop-yarn-server/hadoop-yarn-server-applicationhistoryservice/target/hadoop-yarn-server-applicationhistoryservice-2.10.0-SNAPSHOT-shaded.jar
[INFO] 
[INFO] --- animal-sniffer:1.16:check (signature-check) @ hadoop-yarn-server-applicationhistoryservice ---
[INFO] Checking unresolved references to org.codehaus.mojo.signature:java17:1.0
[INFO] 
[INFO] --- enforcer:1.4.1:enforce (depcheck) @ hadoop-yarn-server-applicationhistoryservice ---
[INFO] Skipping Rule Enforcement.
[INFO] 
[INFO] --- install:2.5.1:install (default-install) @ hadoop-yarn-server-applicationhistoryservice ---
[INFO] Installing /home/runner/work/sonar-analysis/sonar-analysis/project/hadoop-yarn-project/hadoop-yarn/hadoop-yarn-server/hadoop-yarn-server-applicationhistoryservice/target/hadoop-yarn-server-applicationhistoryservice-2.10.0-SNAPSHOT.jar to /home/runner/.m2/repository/org/apache/hadoop/hadoop-yarn-server-applicationhistoryservice/2.10.0-SNAPSHOT/hadoop-yarn-server-applicationhistoryservice-2.10.0-SNAPSHOT.jar
[INFO] Installing /home/runner/work/sonar-analysis/sonar-analysis/project/hadoop-yarn-project/hadoop-yarn/hadoop-yarn-server/hadoop-yarn-server-applicationhistoryservice/pom.xml to /home/runner/.m2/repository/org/apache/hadoop/hadoop-yarn-server-applicationhistoryservice/2.10.0-SNAPSHOT/hadoop-yarn-server-applicationhistoryservice-2.10.0-SNAPSHOT.pom
[INFO] Installing /home/runner/work/sonar-analysis/sonar-analysis/project/hadoop-yarn-project/hadoop-yarn/hadoop-yarn-server/hadoop-yarn-server-applicationhistoryservice/target/hadoop-yarn-server-applicationhistoryservice-2.10.0-SNAPSHOT-tests.jar to /home/runner/.m2/repository/org/apache/hadoop/hadoop-yarn-server-applicationhistoryservice/2.10.0-SNAPSHOT/hadoop-yarn-server-applicationhistoryservice-2.10.0-SNAPSHOT-tests.jar
[INFO] 
[INFO] --------< org.apache.hadoop:hadoop-yarn-server-timelineservice >--------
[INFO] Building Apache Hadoop YARN Timeline Service 2.10.0-SNAPSHOT     [32/84]
[INFO]   from hadoop-yarn-project/hadoop-yarn/hadoop-yarn-server/hadoop-yarn-server-timelineservice/pom.xml
[INFO] --------------------------------[ jar ]---------------------------------
[INFO] 
[INFO] --- clean:2.5:clean (default-clean) @ hadoop-yarn-server-timelineservice ---
[INFO] Deleting /home/runner/work/sonar-analysis/sonar-analysis/project/hadoop-yarn-project/hadoop-yarn/hadoop-yarn-server/hadoop-yarn-server-timelineservice/target
[INFO] 
[INFO] --- antrun:1.7:run (create-testdirs) @ hadoop-yarn-server-timelineservice ---
[INFO] Executing tasks

main:
    [mkdir] Created dir: /home/runner/work/sonar-analysis/sonar-analysis/project/hadoop-yarn-project/hadoop-yarn/hadoop-yarn-server/hadoop-yarn-server-timelineservice/target/test-dir
[INFO] Executed tasks
[INFO] 
[INFO] --- remote-resources:1.5:process (default) @ hadoop-yarn-server-timelineservice ---
[INFO] 
[INFO] --- resources:2.6:resources (default-resources) @ hadoop-yarn-server-timelineservice ---
[INFO] Using 'UTF-8' encoding to copy filtered resources.
[INFO] Copying 1 resource
[INFO] Copying 2 resources
[INFO] 
[INFO] --- compiler:3.1:compile (default-compile) @ hadoop-yarn-server-timelineservice ---
[INFO] Compiling 62 source files to /home/runner/work/sonar-analysis/sonar-analysis/project/hadoop-yarn-project/hadoop-yarn/hadoop-yarn-server/hadoop-yarn-server-timelineservice/target/classes
[INFO] 
[INFO] --- resources:2.6:testResources (default-testResources) @ hadoop-yarn-server-timelineservice ---
[INFO] Using 'UTF-8' encoding to copy filtered resources.
[INFO] Copying 1 resource
[INFO] Copying 2 resources
[INFO] 
[INFO] --- compiler:3.1:testCompile (default-testCompile) @ hadoop-yarn-server-timelineservice ---
[INFO] Compiling 14 source files to /home/runner/work/sonar-analysis/sonar-analysis/project/hadoop-yarn-project/hadoop-yarn/hadoop-yarn-server/hadoop-yarn-server-timelineservice/target/test-classes
[INFO] 
[INFO] --- jar:2.5:test-jar (default) @ hadoop-yarn-server-timelineservice ---
[INFO] Building jar: /home/runner/work/sonar-analysis/sonar-analysis/project/hadoop-yarn-project/hadoop-yarn/hadoop-yarn-server/hadoop-yarn-server-timelineservice/target/hadoop-yarn-server-timelineservice-2.10.0-SNAPSHOT-tests.jar
[INFO] 
[INFO] --- surefire:2.21.0:test (default-test) @ hadoop-yarn-server-timelineservice ---
[INFO] Tests are skipped.
[INFO] 
[INFO] --- jar:2.5:jar (default-jar) @ hadoop-yarn-server-timelineservice ---
[INFO] Building jar: /home/runner/work/sonar-analysis/sonar-analysis/project/hadoop-yarn-project/hadoop-yarn/hadoop-yarn-server/hadoop-yarn-server-timelineservice/target/hadoop-yarn-server-timelineservice-2.10.0-SNAPSHOT.jar
[INFO] 
[INFO] --- site:3.5:attach-descriptor (attach-descriptor) @ hadoop-yarn-server-timelineservice ---
[INFO] 
[INFO] --- animal-sniffer:1.16:check (signature-check) @ hadoop-yarn-server-timelineservice ---
[INFO] Checking unresolved references to org.codehaus.mojo.signature:java17:1.0
[INFO] 
[INFO] --- enforcer:1.4.1:enforce (depcheck) @ hadoop-yarn-server-timelineservice ---
[INFO] Skipping Rule Enforcement.
[INFO] 
[INFO] --- install:2.5.1:install (default-install) @ hadoop-yarn-server-timelineservice ---
[INFO] Installing /home/runner/work/sonar-analysis/sonar-analysis/project/hadoop-yarn-project/hadoop-yarn/hadoop-yarn-server/hadoop-yarn-server-timelineservice/target/hadoop-yarn-server-timelineservice-2.10.0-SNAPSHOT.jar to /home/runner/.m2/repository/org/apache/hadoop/hadoop-yarn-server-timelineservice/2.10.0-SNAPSHOT/hadoop-yarn-server-timelineservice-2.10.0-SNAPSHOT.jar
[INFO] Installing /home/runner/work/sonar-analysis/sonar-analysis/project/hadoop-yarn-project/hadoop-yarn/hadoop-yarn-server/hadoop-yarn-server-timelineservice/pom.xml to /home/runner/.m2/repository/org/apache/hadoop/hadoop-yarn-server-timelineservice/2.10.0-SNAPSHOT/hadoop-yarn-server-timelineservice-2.10.0-SNAPSHOT.pom
[INFO] Installing /home/runner/work/sonar-analysis/sonar-analysis/project/hadoop-yarn-project/hadoop-yarn/hadoop-yarn-server/hadoop-yarn-server-timelineservice/target/hadoop-yarn-server-timelineservice-2.10.0-SNAPSHOT-tests.jar to /home/runner/.m2/repository/org/apache/hadoop/hadoop-yarn-server-timelineservice/2.10.0-SNAPSHOT/hadoop-yarn-server-timelineservice-2.10.0-SNAPSHOT-tests.jar
[INFO] 
[INFO] --------< org.apache.hadoop:hadoop-yarn-server-resourcemanager >--------
[INFO] Building Apache Hadoop YARN ResourceManager 2.10.0-SNAPSHOT      [33/84]
[INFO]   from hadoop-yarn-project/hadoop-yarn/hadoop-yarn-server/hadoop-yarn-server-resourcemanager/pom.xml
[INFO] --------------------------------[ jar ]---------------------------------
[INFO] 
[INFO] --- clean:2.5:clean (default-clean) @ hadoop-yarn-server-resourcemanager ---
[INFO] Deleting /home/runner/work/sonar-analysis/sonar-analysis/project/hadoop-yarn-project/hadoop-yarn/hadoop-yarn-server/hadoop-yarn-server-resourcemanager/target
[INFO] 
[INFO] --- antrun:1.7:run (create-testdirs) @ hadoop-yarn-server-resourcemanager ---
[INFO] Executing tasks

main:
    [mkdir] Created dir: /home/runner/work/sonar-analysis/sonar-analysis/project/hadoop-yarn-project/hadoop-yarn/hadoop-yarn-server/hadoop-yarn-server-resourcemanager/target/test-dir
[INFO] Executed tasks
[INFO] 
[INFO] --- hadoops:2.10.0-SNAPSHOT:protoc (compile-protoc) @ hadoop-yarn-server-resourcemanager ---
[INFO] Wrote protoc checksums to file /home/runner/work/sonar-analysis/sonar-analysis/project/hadoop-yarn-project/hadoop-yarn/hadoop-yarn-server/hadoop-yarn-server-resourcemanager/target/hadoop-maven-plugins-protoc-checksums.json
[INFO] 
[INFO] --- remote-resources:1.5:process (default) @ hadoop-yarn-server-resourcemanager ---
[INFO] 
[INFO] --- resources:2.6:resources (default-resources) @ hadoop-yarn-server-resourcemanager ---
[INFO] Using 'UTF-8' encoding to copy filtered resources.
[INFO] skip non existing resourceDirectory /home/runner/work/sonar-analysis/sonar-analysis/project/hadoop-yarn-project/hadoop-yarn/hadoop-yarn-server/hadoop-yarn-server-resourcemanager/src/main/resources
[INFO] Copying 2 resources
[INFO] 
[INFO] --- compiler:3.1:compile (default-compile) @ hadoop-yarn-server-resourcemanager ---
[INFO] Compiling 506 source files to /home/runner/work/sonar-analysis/sonar-analysis/project/hadoop-yarn-project/hadoop-yarn/hadoop-yarn-server/hadoop-yarn-server-resourcemanager/target/classes
[WARNING] /home/runner/work/sonar-analysis/sonar-analysis/project/hadoop-yarn-project/hadoop-yarn/hadoop-yarn-server/hadoop-yarn-server-resourcemanager/src/main/java/org/apache/hadoop/yarn/server/resourcemanager/ResourceManager.java: Some input files use or override a deprecated API.
[WARNING] /home/runner/work/sonar-analysis/sonar-analysis/project/hadoop-yarn-project/hadoop-yarn/hadoop-yarn-server/hadoop-yarn-server-resourcemanager/src/main/java/org/apache/hadoop/yarn/server/resourcemanager/ResourceManager.java: Recompile with -Xlint:deprecation for details.
[WARNING] /home/runner/work/sonar-analysis/sonar-analysis/project/hadoop-yarn-project/hadoop-yarn/hadoop-yarn-server/hadoop-yarn-server-resourcemanager/src/main/java/org/apache/hadoop/yarn/server/resourcemanager/scheduler/ClusterNodeTracker.java: Some input files use unchecked or unsafe operations.
[WARNING] /home/runner/work/sonar-analysis/sonar-analysis/project/hadoop-yarn-project/hadoop-yarn/hadoop-yarn-server/hadoop-yarn-server-resourcemanager/src/main/java/org/apache/hadoop/yarn/server/resourcemanager/scheduler/ClusterNodeTracker.java: Recompile with -Xlint:unchecked for details.
[INFO] 
[INFO] --- hadoops:2.10.0-SNAPSHOT:test-protoc (compile-test-protoc) @ hadoop-yarn-server-resourcemanager ---
[INFO] Wrote protoc checksums to file /home/runner/work/sonar-analysis/sonar-analysis/project/hadoop-yarn-project/hadoop-yarn/hadoop-yarn-server/hadoop-yarn-server-resourcemanager/target/hadoop-maven-plugins-protoc-checksums.json
[INFO] 
[INFO] --- resources:2.6:testResources (default-testResources) @ hadoop-yarn-server-resourcemanager ---
[INFO] Using 'UTF-8' encoding to copy filtered resources.
[INFO] Copying 11 resources
[INFO] Copying 1 resource
[INFO] Copying 2 resources
[INFO] 
[INFO] --- compiler:3.1:testCompile (default-testCompile) @ hadoop-yarn-server-resourcemanager ---
[INFO] Compiling 242 source files to /home/runner/work/sonar-analysis/sonar-analysis/project/hadoop-yarn-project/hadoop-yarn/hadoop-yarn-server/hadoop-yarn-server-resourcemanager/target/test-classes
[WARNING] /home/runner/work/sonar-analysis/sonar-analysis/project/hadoop-yarn-project/hadoop-yarn/hadoop-yarn-server/hadoop-yarn-server-resourcemanager/src/test/java/org/apache/hadoop/yarn/server/resourcemanager/TestRMEmbeddedElector.java: Some input files use or override a deprecated API.
[WARNING] /home/runner/work/sonar-analysis/sonar-analysis/project/hadoop-yarn-project/hadoop-yarn/hadoop-yarn-server/hadoop-yarn-server-resourcemanager/src/test/java/org/apache/hadoop/yarn/server/resourcemanager/TestRMEmbeddedElector.java: Recompile with -Xlint:deprecation for details.
[WARNING] /home/runner/work/sonar-analysis/sonar-analysis/project/hadoop-yarn-project/hadoop-yarn/hadoop-yarn-server/hadoop-yarn-server-resourcemanager/src/test/java/org/apache/hadoop/yarn/server/resourcemanager/scheduler/fair/TestFairSchedulerPreemption.java: Some input files use unchecked or unsafe operations.
[WARNING] /home/runner/work/sonar-analysis/sonar-analysis/project/hadoop-yarn-project/hadoop-yarn/hadoop-yarn-server/hadoop-yarn-server-resourcemanager/src/test/java/org/apache/hadoop/yarn/server/resourcemanager/scheduler/fair/TestFairSchedulerPreemption.java: Recompile with -Xlint:unchecked for details.
[INFO] 
[INFO] --- jar:2.5:test-jar (default) @ hadoop-yarn-server-resourcemanager ---
[INFO] Building jar: /home/runner/work/sonar-analysis/sonar-analysis/project/hadoop-yarn-project/hadoop-yarn/hadoop-yarn-server/hadoop-yarn-server-resourcemanager/target/hadoop-yarn-server-resourcemanager-2.10.0-SNAPSHOT-tests.jar
[INFO] 
[INFO] --- surefire:2.21.0:test (default-test) @ hadoop-yarn-server-resourcemanager ---
[INFO] Tests are skipped.
[INFO] 
[INFO] --- jar:2.5:jar (default-jar) @ hadoop-yarn-server-resourcemanager ---
[INFO] Building jar: /home/runner/work/sonar-analysis/sonar-analysis/project/hadoop-yarn-project/hadoop-yarn/hadoop-yarn-server/hadoop-yarn-server-resourcemanager/target/hadoop-yarn-server-resourcemanager-2.10.0-SNAPSHOT.jar
[INFO] 
[INFO] --- site:3.5:attach-descriptor (attach-descriptor) @ hadoop-yarn-server-resourcemanager ---
[INFO] 
[INFO] --- animal-sniffer:1.16:check (signature-check) @ hadoop-yarn-server-resourcemanager ---
[INFO] Checking unresolved references to org.codehaus.mojo.signature:java17:1.0
[INFO] 
[INFO] --- enforcer:1.4.1:enforce (depcheck) @ hadoop-yarn-server-resourcemanager ---
[INFO] Skipping Rule Enforcement.
[INFO] 
[INFO] --- install:2.5.1:install (default-install) @ hadoop-yarn-server-resourcemanager ---
[INFO] Installing /home/runner/work/sonar-analysis/sonar-analysis/project/hadoop-yarn-project/hadoop-yarn/hadoop-yarn-server/hadoop-yarn-server-resourcemanager/target/hadoop-yarn-server-resourcemanager-2.10.0-SNAPSHOT.jar to /home/runner/.m2/repository/org/apache/hadoop/hadoop-yarn-server-resourcemanager/2.10.0-SNAPSHOT/hadoop-yarn-server-resourcemanager-2.10.0-SNAPSHOT.jar
[INFO] Installing /home/runner/work/sonar-analysis/sonar-analysis/project/hadoop-yarn-project/hadoop-yarn/hadoop-yarn-server/hadoop-yarn-server-resourcemanager/pom.xml to /home/runner/.m2/repository/org/apache/hadoop/hadoop-yarn-server-resourcemanager/2.10.0-SNAPSHOT/hadoop-yarn-server-resourcemanager-2.10.0-SNAPSHOT.pom
[INFO] Installing /home/runner/work/sonar-analysis/sonar-analysis/project/hadoop-yarn-project/hadoop-yarn/hadoop-yarn-server/hadoop-yarn-server-resourcemanager/target/hadoop-yarn-server-resourcemanager-2.10.0-SNAPSHOT-tests.jar to /home/runner/.m2/repository/org/apache/hadoop/hadoop-yarn-server-resourcemanager/2.10.0-SNAPSHOT/hadoop-yarn-server-resourcemanager-2.10.0-SNAPSHOT-tests.jar
[INFO] 
[INFO] -------------< org.apache.hadoop:hadoop-yarn-server-tests >-------------
[INFO] Building Apache Hadoop YARN Server Tests 2.10.0-SNAPSHOT         [34/84]
[INFO]   from hadoop-yarn-project/hadoop-yarn/hadoop-yarn-server/hadoop-yarn-server-tests/pom.xml
[INFO] --------------------------------[ jar ]---------------------------------
[INFO] 
[INFO] --- clean:2.5:clean (default-clean) @ hadoop-yarn-server-tests ---
[INFO] Deleting /home/runner/work/sonar-analysis/sonar-analysis/project/hadoop-yarn-project/hadoop-yarn/hadoop-yarn-server/hadoop-yarn-server-tests/target
[INFO] 
[INFO] --- antrun:1.7:run (create-testdirs) @ hadoop-yarn-server-tests ---
[INFO] Executing tasks

main:
    [mkdir] Created dir: /home/runner/work/sonar-analysis/sonar-analysis/project/hadoop-yarn-project/hadoop-yarn/hadoop-yarn-server/hadoop-yarn-server-tests/target/test-dir
[INFO] Executed tasks
[INFO] 
[INFO] --- remote-resources:1.5:process (default) @ hadoop-yarn-server-tests ---
[INFO] 
[INFO] --- resources:2.6:resources (default-resources) @ hadoop-yarn-server-tests ---
[INFO] Using 'UTF-8' encoding to copy filtered resources.
[INFO] skip non existing resourceDirectory /home/runner/work/sonar-analysis/sonar-analysis/project/hadoop-yarn-project/hadoop-yarn/hadoop-yarn-server/hadoop-yarn-server-tests/src/main/resources
[INFO] Copying 2 resources
[INFO] 
[INFO] --- compiler:3.1:compile (default-compile) @ hadoop-yarn-server-tests ---
[INFO] No sources to compile
[INFO] 
[INFO] --- hadoops:2.10.0-SNAPSHOT:test-protoc (compile-test-protoc) @ hadoop-yarn-server-tests ---
[INFO] Wrote protoc checksums to file /home/runner/work/sonar-analysis/sonar-analysis/project/hadoop-yarn-project/hadoop-yarn/hadoop-yarn-server/hadoop-yarn-server-tests/target/hadoop-maven-plugins-protoc-checksums.json
[INFO] 
[INFO] --- resources:2.6:testResources (default-testResources) @ hadoop-yarn-server-tests ---
[INFO] Using 'UTF-8' encoding to copy filtered resources.
[INFO] Copying 3 resources
[INFO] Copying 2 resources
[INFO] 
[INFO] --- compiler:3.1:testCompile (default-testCompile) @ hadoop-yarn-server-tests ---
[INFO] Compiling 14 source files to /home/runner/work/sonar-analysis/sonar-analysis/project/hadoop-yarn-project/hadoop-yarn/hadoop-yarn-server/hadoop-yarn-server-tests/target/test-classes
[WARNING] /home/runner/work/sonar-analysis/sonar-analysis/project/hadoop-yarn-project/hadoop-yarn/hadoop-yarn-server/hadoop-yarn-server-tests/src/test/java/org/apache/hadoop/yarn/server/TestMiniYarnCluster.java: /home/runner/work/sonar-analysis/sonar-analysis/project/hadoop-yarn-project/hadoop-yarn/hadoop-yarn-server/hadoop-yarn-server-tests/src/test/java/org/apache/hadoop/yarn/server/TestMiniYarnCluster.java uses or overrides a deprecated API.
[WARNING] /home/runner/work/sonar-analysis/sonar-analysis/project/hadoop-yarn-project/hadoop-yarn/hadoop-yarn-server/hadoop-yarn-server-tests/src/test/java/org/apache/hadoop/yarn/server/TestMiniYarnCluster.java: Recompile with -Xlint:deprecation for details.
[INFO] 
[INFO] --- jar:2.5:test-jar (default) @ hadoop-yarn-server-tests ---
[INFO] Building jar: /home/runner/work/sonar-analysis/sonar-analysis/project/hadoop-yarn-project/hadoop-yarn/hadoop-yarn-server/hadoop-yarn-server-tests/target/hadoop-yarn-server-tests-2.10.0-SNAPSHOT-tests.jar
[INFO] 
[INFO] --- surefire:2.21.0:test (default-test) @ hadoop-yarn-server-tests ---
[INFO] Tests are skipped.
[INFO] 
[INFO] --- jar:2.5:jar (default-jar) @ hadoop-yarn-server-tests ---
[INFO] Building jar: /home/runner/work/sonar-analysis/sonar-analysis/project/hadoop-yarn-project/hadoop-yarn/hadoop-yarn-server/hadoop-yarn-server-tests/target/hadoop-yarn-server-tests-2.10.0-SNAPSHOT.jar
[INFO] 
[INFO] --- site:3.5:attach-descriptor (attach-descriptor) @ hadoop-yarn-server-tests ---
[INFO] 
[INFO] --- animal-sniffer:1.16:check (signature-check) @ hadoop-yarn-server-tests ---
[INFO] Checking unresolved references to org.codehaus.mojo.signature:java17:1.0
[INFO] 
[INFO] --- enforcer:1.4.1:enforce (depcheck) @ hadoop-yarn-server-tests ---
[INFO] Skipping Rule Enforcement.
[INFO] 
[INFO] --- install:2.5.1:install (default-install) @ hadoop-yarn-server-tests ---
[INFO] Installing /home/runner/work/sonar-analysis/sonar-analysis/project/hadoop-yarn-project/hadoop-yarn/hadoop-yarn-server/hadoop-yarn-server-tests/target/hadoop-yarn-server-tests-2.10.0-SNAPSHOT.jar to /home/runner/.m2/repository/org/apache/hadoop/hadoop-yarn-server-tests/2.10.0-SNAPSHOT/hadoop-yarn-server-tests-2.10.0-SNAPSHOT.jar
[INFO] Installing /home/runner/work/sonar-analysis/sonar-analysis/project/hadoop-yarn-project/hadoop-yarn/hadoop-yarn-server/hadoop-yarn-server-tests/pom.xml to /home/runner/.m2/repository/org/apache/hadoop/hadoop-yarn-server-tests/2.10.0-SNAPSHOT/hadoop-yarn-server-tests-2.10.0-SNAPSHOT.pom
[INFO] Installing /home/runner/work/sonar-analysis/sonar-analysis/project/hadoop-yarn-project/hadoop-yarn/hadoop-yarn-server/hadoop-yarn-server-tests/target/hadoop-yarn-server-tests-2.10.0-SNAPSHOT-tests.jar to /home/runner/.m2/repository/org/apache/hadoop/hadoop-yarn-server-tests/2.10.0-SNAPSHOT/hadoop-yarn-server-tests-2.10.0-SNAPSHOT-tests.jar
[INFO] 
[INFO] ----------------< org.apache.hadoop:hadoop-yarn-client >----------------
[INFO] Building Apache Hadoop YARN Client 2.10.0-SNAPSHOT               [35/84]
[INFO]   from hadoop-yarn-project/hadoop-yarn/hadoop-yarn-client/pom.xml
[INFO] --------------------------------[ jar ]---------------------------------
[INFO] 
[INFO] --- clean:2.5:clean (default-clean) @ hadoop-yarn-client ---
[INFO] Deleting /home/runner/work/sonar-analysis/sonar-analysis/project/hadoop-yarn-project/hadoop-yarn/hadoop-yarn-client/target
[INFO] 
[INFO] --- antrun:1.7:run (create-testdirs) @ hadoop-yarn-client ---
[INFO] Executing tasks

main:
    [mkdir] Created dir: /home/runner/work/sonar-analysis/sonar-analysis/project/hadoop-yarn-project/hadoop-yarn/hadoop-yarn-client/target/test-dir
[INFO] Executed tasks
[INFO] 
[INFO] --- hadoops:2.10.0-SNAPSHOT:protoc (compile-protoc) @ hadoop-yarn-client ---
[INFO] Wrote protoc checksums to file /home/runner/work/sonar-analysis/sonar-analysis/project/hadoop-yarn-project/hadoop-yarn/hadoop-yarn-client/target/hadoop-maven-plugins-protoc-checksums.json
[INFO] 
[INFO] --- remote-resources:1.5:process (default) @ hadoop-yarn-client ---
[INFO] 
[INFO] --- resources:2.6:resources (default-resources) @ hadoop-yarn-client ---
[INFO] Using 'UTF-8' encoding to copy filtered resources.
[INFO] skip non existing resourceDirectory /home/runner/work/sonar-analysis/sonar-analysis/project/hadoop-yarn-project/hadoop-yarn/hadoop-yarn-client/src/main/resources
[INFO] Copying 2 resources
[INFO] 
[INFO] --- compiler:3.1:compile (default-compile) @ hadoop-yarn-client ---
[INFO] Compiling 37 source files to /home/runner/work/sonar-analysis/sonar-analysis/project/hadoop-yarn-project/hadoop-yarn/hadoop-yarn-client/target/classes
[INFO] 
[INFO] --- resources:2.6:testResources (default-testResources) @ hadoop-yarn-client ---
[INFO] Using 'UTF-8' encoding to copy filtered resources.
[INFO] Copying 5 resources
[INFO] Copying 2 resources
[INFO] 
[INFO] --- compiler:3.1:testCompile (default-testCompile) @ hadoop-yarn-client ---
[INFO] Compiling 34 source files to /home/runner/work/sonar-analysis/sonar-analysis/project/hadoop-yarn-project/hadoop-yarn/hadoop-yarn-client/target/test-classes
[WARNING] /home/runner/work/sonar-analysis/sonar-analysis/project/hadoop-yarn-project/hadoop-yarn/hadoop-yarn-client/src/test/java/org/apache/hadoop/yarn/client/ProtocolHATestBase.java: /home/runner/work/sonar-analysis/sonar-analysis/project/hadoop-yarn-project/hadoop-yarn/hadoop-yarn-client/src/test/java/org/apache/hadoop/yarn/client/ProtocolHATestBase.java uses or overrides a deprecated API.
[WARNING] /home/runner/work/sonar-analysis/sonar-analysis/project/hadoop-yarn-project/hadoop-yarn/hadoop-yarn-client/src/test/java/org/apache/hadoop/yarn/client/ProtocolHATestBase.java: Recompile with -Xlint:deprecation for details.
[WARNING] /home/runner/work/sonar-analysis/sonar-analysis/project/hadoop-yarn-project/hadoop-yarn/hadoop-yarn-client/src/test/java/org/apache/hadoop/yarn/client/TestRMFailover.java: /home/runner/work/sonar-analysis/sonar-analysis/project/hadoop-yarn-project/hadoop-yarn/hadoop-yarn-client/src/test/java/org/apache/hadoop/yarn/client/TestRMFailover.java uses unchecked or unsafe operations.
[WARNING] /home/runner/work/sonar-analysis/sonar-analysis/project/hadoop-yarn-project/hadoop-yarn/hadoop-yarn-client/src/test/java/org/apache/hadoop/yarn/client/TestRMFailover.java: Recompile with -Xlint:unchecked for details.
[INFO] 
[INFO] --- surefire:2.21.0:test (default-test) @ hadoop-yarn-client ---
[INFO] Tests are skipped.
[INFO] 
[INFO] --- jar:2.5:jar (default-jar) @ hadoop-yarn-client ---
[INFO] Building jar: /home/runner/work/sonar-analysis/sonar-analysis/project/hadoop-yarn-project/hadoop-yarn/hadoop-yarn-client/target/hadoop-yarn-client-2.10.0-SNAPSHOT.jar
[INFO] 
[INFO] --- site:3.5:attach-descriptor (attach-descriptor) @ hadoop-yarn-client ---
[INFO] 
[INFO] --- animal-sniffer:1.16:check (signature-check) @ hadoop-yarn-client ---
[INFO] Checking unresolved references to org.codehaus.mojo.signature:java17:1.0
[INFO] 
[INFO] --- enforcer:1.4.1:enforce (depcheck) @ hadoop-yarn-client ---
[INFO] Skipping Rule Enforcement.
[INFO] 
[INFO] --- install:2.5.1:install (default-install) @ hadoop-yarn-client ---
[INFO] Installing /home/runner/work/sonar-analysis/sonar-analysis/project/hadoop-yarn-project/hadoop-yarn/hadoop-yarn-client/target/hadoop-yarn-client-2.10.0-SNAPSHOT.jar to /home/runner/.m2/repository/org/apache/hadoop/hadoop-yarn-client/2.10.0-SNAPSHOT/hadoop-yarn-client-2.10.0-SNAPSHOT.jar
[INFO] Installing /home/runner/work/sonar-analysis/sonar-analysis/project/hadoop-yarn-project/hadoop-yarn/hadoop-yarn-client/pom.xml to /home/runner/.m2/repository/org/apache/hadoop/hadoop-yarn-client/2.10.0-SNAPSHOT/hadoop-yarn-client-2.10.0-SNAPSHOT.pom
[INFO] 
[INFO] ------< org.apache.hadoop:hadoop-yarn-server-sharedcachemanager >-------
[INFO] Building Apache Hadoop YARN SharedCacheManager 2.10.0-SNAPSHOT   [36/84]
[INFO]   from hadoop-yarn-project/hadoop-yarn/hadoop-yarn-server/hadoop-yarn-server-sharedcachemanager/pom.xml
[INFO] --------------------------------[ jar ]---------------------------------
[INFO] 
[INFO] --- clean:2.5:clean (default-clean) @ hadoop-yarn-server-sharedcachemanager ---
[INFO] Deleting /home/runner/work/sonar-analysis/sonar-analysis/project/hadoop-yarn-project/hadoop-yarn/hadoop-yarn-server/hadoop-yarn-server-sharedcachemanager/target
[INFO] 
[INFO] --- antrun:1.7:run (create-testdirs) @ hadoop-yarn-server-sharedcachemanager ---
[INFO] Executing tasks

main:
    [mkdir] Created dir: /home/runner/work/sonar-analysis/sonar-analysis/project/hadoop-yarn-project/hadoop-yarn/hadoop-yarn-server/hadoop-yarn-server-sharedcachemanager/target/test-dir
[INFO] Executed tasks
[INFO] 
[INFO] --- remote-resources:1.5:process (default) @ hadoop-yarn-server-sharedcachemanager ---
[INFO] 
[INFO] --- resources:2.6:resources (default-resources) @ hadoop-yarn-server-sharedcachemanager ---
[INFO] Using 'UTF-8' encoding to copy filtered resources.
[INFO] skip non existing resourceDirectory /home/runner/work/sonar-analysis/sonar-analysis/project/hadoop-yarn-project/hadoop-yarn/hadoop-yarn-server/hadoop-yarn-server-sharedcachemanager/src/main/resources
[INFO] Copying 2 resources
[INFO] 
[INFO] --- compiler:3.1:compile (default-compile) @ hadoop-yarn-server-sharedcachemanager ---
[INFO] Compiling 19 source files to /home/runner/work/sonar-analysis/sonar-analysis/project/hadoop-yarn-project/hadoop-yarn/hadoop-yarn-server/hadoop-yarn-server-sharedcachemanager/target/classes
[INFO] 
[INFO] --- resources:2.6:testResources (default-testResources) @ hadoop-yarn-server-sharedcachemanager ---
[INFO] Using 'UTF-8' encoding to copy filtered resources.
[INFO] skip non existing resourceDirectory /home/runner/work/sonar-analysis/sonar-analysis/project/hadoop-yarn-project/hadoop-yarn/hadoop-yarn-server/hadoop-yarn-server-sharedcachemanager/src/test/resources
[INFO] Copying 2 resources
[INFO] 
[INFO] --- compiler:3.1:testCompile (default-testCompile) @ hadoop-yarn-server-sharedcachemanager ---
[INFO] Compiling 9 source files to /home/runner/work/sonar-analysis/sonar-analysis/project/hadoop-yarn-project/hadoop-yarn/hadoop-yarn-server/hadoop-yarn-server-sharedcachemanager/target/test-classes
[INFO] 
[INFO] --- jar:2.5:test-jar (default) @ hadoop-yarn-server-sharedcachemanager ---
[INFO] Building jar: /home/runner/work/sonar-analysis/sonar-analysis/project/hadoop-yarn-project/hadoop-yarn/hadoop-yarn-server/hadoop-yarn-server-sharedcachemanager/target/hadoop-yarn-server-sharedcachemanager-2.10.0-SNAPSHOT-tests.jar
[INFO] 
[INFO] --- surefire:2.21.0:test (default-test) @ hadoop-yarn-server-sharedcachemanager ---
[INFO] Tests are skipped.
[INFO] 
[INFO] --- jar:2.5:jar (default-jar) @ hadoop-yarn-server-sharedcachemanager ---
[INFO] Building jar: /home/runner/work/sonar-analysis/sonar-analysis/project/hadoop-yarn-project/hadoop-yarn/hadoop-yarn-server/hadoop-yarn-server-sharedcachemanager/target/hadoop-yarn-server-sharedcachemanager-2.10.0-SNAPSHOT.jar
[INFO] 
[INFO] --- site:3.5:attach-descriptor (attach-descriptor) @ hadoop-yarn-server-sharedcachemanager ---
[INFO] 
[INFO] --- animal-sniffer:1.16:check (signature-check) @ hadoop-yarn-server-sharedcachemanager ---
[INFO] Checking unresolved references to org.codehaus.mojo.signature:java17:1.0
[INFO] 
[INFO] --- enforcer:1.4.1:enforce (depcheck) @ hadoop-yarn-server-sharedcachemanager ---
[INFO] Skipping Rule Enforcement.
[INFO] 
[INFO] --- install:2.5.1:install (default-install) @ hadoop-yarn-server-sharedcachemanager ---
[INFO] Installing /home/runner/work/sonar-analysis/sonar-analysis/project/hadoop-yarn-project/hadoop-yarn/hadoop-yarn-server/hadoop-yarn-server-sharedcachemanager/target/hadoop-yarn-server-sharedcachemanager-2.10.0-SNAPSHOT.jar to /home/runner/.m2/repository/org/apache/hadoop/hadoop-yarn-server-sharedcachemanager/2.10.0-SNAPSHOT/hadoop-yarn-server-sharedcachemanager-2.10.0-SNAPSHOT.jar
[INFO] Installing /home/runner/work/sonar-analysis/sonar-analysis/project/hadoop-yarn-project/hadoop-yarn/hadoop-yarn-server/hadoop-yarn-server-sharedcachemanager/pom.xml to /home/runner/.m2/repository/org/apache/hadoop/hadoop-yarn-server-sharedcachemanager/2.10.0-SNAPSHOT/hadoop-yarn-server-sharedcachemanager-2.10.0-SNAPSHOT.pom
[INFO] Installing /home/runner/work/sonar-analysis/sonar-analysis/project/hadoop-yarn-project/hadoop-yarn/hadoop-yarn-server/hadoop-yarn-server-sharedcachemanager/target/hadoop-yarn-server-sharedcachemanager-2.10.0-SNAPSHOT-tests.jar to /home/runner/.m2/repository/org/apache/hadoop/hadoop-yarn-server-sharedcachemanager/2.10.0-SNAPSHOT/hadoop-yarn-server-sharedcachemanager-2.10.0-SNAPSHOT-tests.jar
[INFO] 
[INFO] ----< org.apache.hadoop:hadoop-yarn-server-timeline-pluginstorage >-----
[INFO] Building Apache Hadoop YARN Timeline Plugin Storage 2.10.0-SNAPSHOT [37/84]
[INFO]   from hadoop-yarn-project/hadoop-yarn/hadoop-yarn-server/hadoop-yarn-server-timeline-pluginstorage/pom.xml
[INFO] --------------------------------[ jar ]---------------------------------
[INFO] 
[INFO] --- clean:2.5:clean (default-clean) @ hadoop-yarn-server-timeline-pluginstorage ---
[INFO] Deleting /home/runner/work/sonar-analysis/sonar-analysis/project/hadoop-yarn-project/hadoop-yarn/hadoop-yarn-server/hadoop-yarn-server-timeline-pluginstorage/target
[INFO] 
[INFO] --- antrun:1.7:run (create-testdirs) @ hadoop-yarn-server-timeline-pluginstorage ---
[INFO] Executing tasks

main:
    [mkdir] Created dir: /home/runner/work/sonar-analysis/sonar-analysis/project/hadoop-yarn-project/hadoop-yarn/hadoop-yarn-server/hadoop-yarn-server-timeline-pluginstorage/target/test-dir
[INFO] Executed tasks
[INFO] 
[INFO] --- remote-resources:1.5:process (default) @ hadoop-yarn-server-timeline-pluginstorage ---
[INFO] 
[INFO] --- resources:2.6:resources (default-resources) @ hadoop-yarn-server-timeline-pluginstorage ---
[INFO] Using 'UTF-8' encoding to copy filtered resources.
[INFO] skip non existing resourceDirectory /home/runner/work/sonar-analysis/sonar-analysis/project/hadoop-yarn-project/hadoop-yarn/hadoop-yarn-server/hadoop-yarn-server-timeline-pluginstorage/src/main/resources
[INFO] Copying 2 resources
[INFO] 
[INFO] --- compiler:3.1:compile (default-compile) @ hadoop-yarn-server-timeline-pluginstorage ---
[INFO] Compiling 7 source files to /home/runner/work/sonar-analysis/sonar-analysis/project/hadoop-yarn-project/hadoop-yarn/hadoop-yarn-server/hadoop-yarn-server-timeline-pluginstorage/target/classes
[INFO] 
[INFO] --- resources:2.6:testResources (default-testResources) @ hadoop-yarn-server-timeline-pluginstorage ---
[INFO] Using 'UTF-8' encoding to copy filtered resources.
[INFO] skip non existing resourceDirectory /home/runner/work/sonar-analysis/sonar-analysis/project/hadoop-yarn-project/hadoop-yarn/hadoop-yarn-server/hadoop-yarn-server-timeline-pluginstorage/src/test/resources
[INFO] Copying 2 resources
[INFO] 
[INFO] --- compiler:3.1:testCompile (default-testCompile) @ hadoop-yarn-server-timeline-pluginstorage ---
[INFO] Compiling 6 source files to /home/runner/work/sonar-analysis/sonar-analysis/project/hadoop-yarn-project/hadoop-yarn/hadoop-yarn-server/hadoop-yarn-server-timeline-pluginstorage/target/test-classes
[INFO] 
[INFO] --- jar:2.5:test-jar (default) @ hadoop-yarn-server-timeline-pluginstorage ---
[INFO] Building jar: /home/runner/work/sonar-analysis/sonar-analysis/project/hadoop-yarn-project/hadoop-yarn/hadoop-yarn-server/hadoop-yarn-server-timeline-pluginstorage/target/hadoop-yarn-server-timeline-pluginstorage-2.10.0-SNAPSHOT-tests.jar
[INFO] 
[INFO] --- surefire:2.21.0:test (default-test) @ hadoop-yarn-server-timeline-pluginstorage ---
[INFO] Tests are skipped.
[INFO] 
[INFO] --- jar:2.5:jar (default-jar) @ hadoop-yarn-server-timeline-pluginstorage ---
[INFO] Building jar: /home/runner/work/sonar-analysis/sonar-analysis/project/hadoop-yarn-project/hadoop-yarn/hadoop-yarn-server/hadoop-yarn-server-timeline-pluginstorage/target/hadoop-yarn-server-timeline-pluginstorage-2.10.0-SNAPSHOT.jar
[INFO] 
[INFO] --- site:3.5:attach-descriptor (attach-descriptor) @ hadoop-yarn-server-timeline-pluginstorage ---
[INFO] 
[INFO] --- animal-sniffer:1.16:check (signature-check) @ hadoop-yarn-server-timeline-pluginstorage ---
[INFO] Checking unresolved references to org.codehaus.mojo.signature:java17:1.0
[INFO] 
[INFO] --- enforcer:1.4.1:enforce (depcheck) @ hadoop-yarn-server-timeline-pluginstorage ---
[INFO] Skipping Rule Enforcement.
[INFO] 
[INFO] --- install:2.5.1:install (default-install) @ hadoop-yarn-server-timeline-pluginstorage ---
[INFO] Installing /home/runner/work/sonar-analysis/sonar-analysis/project/hadoop-yarn-project/hadoop-yarn/hadoop-yarn-server/hadoop-yarn-server-timeline-pluginstorage/target/hadoop-yarn-server-timeline-pluginstorage-2.10.0-SNAPSHOT.jar to /home/runner/.m2/repository/org/apache/hadoop/hadoop-yarn-server-timeline-pluginstorage/2.10.0-SNAPSHOT/hadoop-yarn-server-timeline-pluginstorage-2.10.0-SNAPSHOT.jar
[INFO] Installing /home/runner/work/sonar-analysis/sonar-analysis/project/hadoop-yarn-project/hadoop-yarn/hadoop-yarn-server/hadoop-yarn-server-timeline-pluginstorage/pom.xml to /home/runner/.m2/repository/org/apache/hadoop/hadoop-yarn-server-timeline-pluginstorage/2.10.0-SNAPSHOT/hadoop-yarn-server-timeline-pluginstorage-2.10.0-SNAPSHOT.pom
[INFO] Installing /home/runner/work/sonar-analysis/sonar-analysis/project/hadoop-yarn-project/hadoop-yarn/hadoop-yarn-server/hadoop-yarn-server-timeline-pluginstorage/target/hadoop-yarn-server-timeline-pluginstorage-2.10.0-SNAPSHOT-tests.jar to /home/runner/.m2/repository/org/apache/hadoop/hadoop-yarn-server-timeline-pluginstorage/2.10.0-SNAPSHOT/hadoop-yarn-server-timeline-pluginstorage-2.10.0-SNAPSHOT-tests.jar
[INFO] 
[INFO] ------------< org.apache.hadoop:hadoop-yarn-server-router >-------------
[INFO] Building Apache Hadoop YARN Router 2.10.0-SNAPSHOT               [38/84]
[INFO]   from hadoop-yarn-project/hadoop-yarn/hadoop-yarn-server/hadoop-yarn-server-router/pom.xml
[INFO] --------------------------------[ jar ]---------------------------------
[INFO] 
[INFO] --- clean:2.5:clean (default-clean) @ hadoop-yarn-server-router ---
[INFO] Deleting /home/runner/work/sonar-analysis/sonar-analysis/project/hadoop-yarn-project/hadoop-yarn/hadoop-yarn-server/hadoop-yarn-server-router/target
[INFO] 
[INFO] --- antrun:1.7:run (create-testdirs) @ hadoop-yarn-server-router ---
[INFO] Executing tasks

main:
    [mkdir] Created dir: /home/runner/work/sonar-analysis/sonar-analysis/project/hadoop-yarn-project/hadoop-yarn/hadoop-yarn-server/hadoop-yarn-server-router/target/test-dir
[INFO] Executed tasks
[INFO] 
[INFO] --- remote-resources:1.5:process (default) @ hadoop-yarn-server-router ---
[INFO] 
[INFO] --- resources:2.6:resources (default-resources) @ hadoop-yarn-server-router ---
[INFO] Using 'UTF-8' encoding to copy filtered resources.
[INFO] skip non existing resourceDirectory /home/runner/work/sonar-analysis/sonar-analysis/project/hadoop-yarn-project/hadoop-yarn/hadoop-yarn-server/hadoop-yarn-server-router/src/main/resources
[INFO] Copying 2 resources
[INFO] 
[INFO] --- compiler:3.1:compile (default-compile) @ hadoop-yarn-server-router ---
[INFO] Compiling 35 source files to /home/runner/work/sonar-analysis/sonar-analysis/project/hadoop-yarn-project/hadoop-yarn/hadoop-yarn-server/hadoop-yarn-server-router/target/classes
[INFO] 
[INFO] --- resources:2.6:testResources (default-testResources) @ hadoop-yarn-server-router ---
[INFO] Using 'UTF-8' encoding to copy filtered resources.
[INFO] Copying 3 resources
[INFO] Copying 2 resources
[INFO] 
[INFO] --- compiler:3.1:testCompile (default-testCompile) @ hadoop-yarn-server-router ---
[INFO] Compiling 24 source files to /home/runner/work/sonar-analysis/sonar-analysis/project/hadoop-yarn-project/hadoop-yarn/hadoop-yarn-server/hadoop-yarn-server-router/target/test-classes
[INFO] 
[INFO] --- surefire:2.21.0:test (default-test) @ hadoop-yarn-server-router ---
[INFO] Tests are skipped.
[INFO] 
[INFO] --- jar:2.5:jar (default-jar) @ hadoop-yarn-server-router ---
[INFO] Building jar: /home/runner/work/sonar-analysis/sonar-analysis/project/hadoop-yarn-project/hadoop-yarn/hadoop-yarn-server/hadoop-yarn-server-router/target/hadoop-yarn-server-router-2.10.0-SNAPSHOT.jar
[INFO] 
[INFO] --- site:3.5:attach-descriptor (attach-descriptor) @ hadoop-yarn-server-router ---
[INFO] 
[INFO] --- animal-sniffer:1.16:check (signature-check) @ hadoop-yarn-server-router ---
[INFO] Checking unresolved references to org.codehaus.mojo.signature:java17:1.0
[INFO] 
[INFO] --- enforcer:1.4.1:enforce (depcheck) @ hadoop-yarn-server-router ---
[INFO] Skipping Rule Enforcement.
[INFO] 
[INFO] --- install:2.5.1:install (default-install) @ hadoop-yarn-server-router ---
[INFO] Installing /home/runner/work/sonar-analysis/sonar-analysis/project/hadoop-yarn-project/hadoop-yarn/hadoop-yarn-server/hadoop-yarn-server-router/target/hadoop-yarn-server-router-2.10.0-SNAPSHOT.jar to /home/runner/.m2/repository/org/apache/hadoop/hadoop-yarn-server-router/2.10.0-SNAPSHOT/hadoop-yarn-server-router-2.10.0-SNAPSHOT.jar
[INFO] Installing /home/runner/work/sonar-analysis/sonar-analysis/project/hadoop-yarn-project/hadoop-yarn/hadoop-yarn-server/hadoop-yarn-server-router/pom.xml to /home/runner/.m2/repository/org/apache/hadoop/hadoop-yarn-server-router/2.10.0-SNAPSHOT/hadoop-yarn-server-router-2.10.0-SNAPSHOT.pom
[INFO] 
[INFO] -----< org.apache.hadoop:hadoop-yarn-server-timelineservice-hbase >-----
[INFO] Building Apache Hadoop YARN TimelineService HBase Backend 2.10.0-SNAPSHOT [39/84]
[INFO]   from hadoop-yarn-project/hadoop-yarn/hadoop-yarn-server/hadoop-yarn-server-timelineservice-hbase/pom.xml
[INFO] --------------------------------[ pom ]---------------------------------
[INFO] 
[INFO] --- clean:2.5:clean (default-clean) @ hadoop-yarn-server-timelineservice-hbase ---
[INFO] Deleting /home/runner/work/sonar-analysis/sonar-analysis/project/hadoop-yarn-project/hadoop-yarn/hadoop-yarn-server/hadoop-yarn-server-timelineservice-hbase/target
[INFO] 
[INFO] --- antrun:1.7:run (create-testdirs) @ hadoop-yarn-server-timelineservice-hbase ---
[INFO] Executing tasks

main:
    [mkdir] Created dir: /home/runner/work/sonar-analysis/sonar-analysis/project/hadoop-yarn-project/hadoop-yarn/hadoop-yarn-server/hadoop-yarn-server-timelineservice-hbase/target/test-dir
[INFO] Executed tasks
[INFO] 
[INFO] --- remote-resources:1.5:process (default) @ hadoop-yarn-server-timelineservice-hbase ---
[INFO] 
[INFO] --- site:3.5:attach-descriptor (attach-descriptor) @ hadoop-yarn-server-timelineservice-hbase ---
[INFO] 
[INFO] --- animal-sniffer:1.16:check (signature-check) @ hadoop-yarn-server-timelineservice-hbase ---
[INFO] Checking unresolved references to org.codehaus.mojo.signature:java17:1.0
[INFO] 
[INFO] --- enforcer:1.4.1:enforce (depcheck) @ hadoop-yarn-server-timelineservice-hbase ---
[INFO] Skipping Rule Enforcement.
[INFO] 
[INFO] --- install:2.5.1:install (default-install) @ hadoop-yarn-server-timelineservice-hbase ---
[INFO] Installing /home/runner/work/sonar-analysis/sonar-analysis/project/hadoop-yarn-project/hadoop-yarn/hadoop-yarn-server/hadoop-yarn-server-timelineservice-hbase/pom.xml to /home/runner/.m2/repository/org/apache/hadoop/hadoop-yarn-server-timelineservice-hbase/2.10.0-SNAPSHOT/hadoop-yarn-server-timelineservice-hbase-2.10.0-SNAPSHOT.pom
[INFO] 
[INFO] --< org.apache.hadoop:hadoop-yarn-server-timelineservice-hbase-common >--
[INFO] Building Apache Hadoop YARN TimelineService HBase Common 2.10.0-SNAPSHOT [40/84]
[INFO]   from hadoop-yarn-project/hadoop-yarn/hadoop-yarn-server/hadoop-yarn-server-timelineservice-hbase/hadoop-yarn-server-timelineservice-hbase-common/pom.xml
[INFO] --------------------------------[ jar ]---------------------------------
[INFO] 
[INFO] --- clean:2.5:clean (default-clean) @ hadoop-yarn-server-timelineservice-hbase-common ---
[INFO] Deleting /home/runner/work/sonar-analysis/sonar-analysis/project/hadoop-yarn-project/hadoop-yarn/hadoop-yarn-server/hadoop-yarn-server-timelineservice-hbase/hadoop-yarn-server-timelineservice-hbase-common/target
[INFO] 
[INFO] --- antrun:1.7:run (create-testdirs) @ hadoop-yarn-server-timelineservice-hbase-common ---
[INFO] Executing tasks

main:
    [mkdir] Created dir: /home/runner/work/sonar-analysis/sonar-analysis/project/hadoop-yarn-project/hadoop-yarn/hadoop-yarn-server/hadoop-yarn-server-timelineservice-hbase/hadoop-yarn-server-timelineservice-hbase-common/target/test-dir
[INFO] Executed tasks
[INFO] 
[INFO] --- remote-resources:1.5:process (default) @ hadoop-yarn-server-timelineservice-hbase-common ---
[INFO] 
[INFO] --- resources:2.6:resources (default-resources) @ hadoop-yarn-server-timelineservice-hbase-common ---
[INFO] Using 'UTF-8' encoding to copy filtered resources.
[INFO] skip non existing resourceDirectory /home/runner/work/sonar-analysis/sonar-analysis/project/hadoop-yarn-project/hadoop-yarn/hadoop-yarn-server/hadoop-yarn-server-timelineservice-hbase/hadoop-yarn-server-timelineservice-hbase-common/src/main/resources
[INFO] Copying 2 resources
[INFO] 
[INFO] --- compiler:3.1:compile (default-compile) @ hadoop-yarn-server-timelineservice-hbase-common ---
[INFO] Compiling 65 source files to /home/runner/work/sonar-analysis/sonar-analysis/project/hadoop-yarn-project/hadoop-yarn/hadoop-yarn-server/hadoop-yarn-server-timelineservice-hbase/hadoop-yarn-server-timelineservice-hbase-common/target/classes
[INFO] 
[INFO] --- resources:2.6:testResources (default-testResources) @ hadoop-yarn-server-timelineservice-hbase-common ---
[INFO] Using 'UTF-8' encoding to copy filtered resources.
[INFO] skip non existing resourceDirectory /home/runner/work/sonar-analysis/sonar-analysis/project/hadoop-yarn-project/hadoop-yarn/hadoop-yarn-server/hadoop-yarn-server-timelineservice-hbase/hadoop-yarn-server-timelineservice-hbase-common/src/test/resources
[INFO] Copying 2 resources
[INFO] 
[INFO] --- compiler:3.1:testCompile (default-testCompile) @ hadoop-yarn-server-timelineservice-hbase-common ---
[INFO] Compiling 5 source files to /home/runner/work/sonar-analysis/sonar-analysis/project/hadoop-yarn-project/hadoop-yarn/hadoop-yarn-server/hadoop-yarn-server-timelineservice-hbase/hadoop-yarn-server-timelineservice-hbase-common/target/test-classes
[INFO] 
[INFO] --- jar:2.5:test-jar (default) @ hadoop-yarn-server-timelineservice-hbase-common ---
[INFO] Building jar: /home/runner/work/sonar-analysis/sonar-analysis/project/hadoop-yarn-project/hadoop-yarn/hadoop-yarn-server/hadoop-yarn-server-timelineservice-hbase/hadoop-yarn-server-timelineservice-hbase-common/target/hadoop-yarn-server-timelineservice-hbase-common-2.10.0-SNAPSHOT-tests.jar
[INFO] 
[INFO] --- surefire:2.21.0:test (default-test) @ hadoop-yarn-server-timelineservice-hbase-common ---
[INFO] Tests are skipped.
[INFO] 
[INFO] --- jar:2.5:jar (default-jar) @ hadoop-yarn-server-timelineservice-hbase-common ---
[INFO] Building jar: /home/runner/work/sonar-analysis/sonar-analysis/project/hadoop-yarn-project/hadoop-yarn/hadoop-yarn-server/hadoop-yarn-server-timelineservice-hbase/hadoop-yarn-server-timelineservice-hbase-common/target/hadoop-yarn-server-timelineservice-hbase-common-2.10.0-SNAPSHOT.jar
[INFO] 
[INFO] --- site:3.5:attach-descriptor (attach-descriptor) @ hadoop-yarn-server-timelineservice-hbase-common ---
[INFO] 
[INFO] --- dependency:2.2:copy-dependencies (default) @ hadoop-yarn-server-timelineservice-hbase-common ---
[INFO] Copying commons-lang3-3.4.jar to /home/runner/work/sonar-analysis/sonar-analysis/project/hadoop-yarn-project/hadoop-yarn/hadoop-yarn-server/hadoop-yarn-server-timelineservice-hbase/hadoop-yarn-server-timelineservice-hbase-common/target/lib/commons-lang3-3.4.jar
[INFO] Copying log4j-1.2.17.jar to /home/runner/work/sonar-analysis/sonar-analysis/project/hadoop-yarn-project/hadoop-yarn/hadoop-yarn-server/hadoop-yarn-server-timelineservice-hbase/hadoop-yarn-server-timelineservice-hbase-common/target/lib/log4j-1.2.17.jar
[INFO] Copying htrace-core-3.1.0-incubating.jar to /home/runner/work/sonar-analysis/sonar-analysis/project/hadoop-yarn-project/hadoop-yarn/hadoop-yarn-server/hadoop-yarn-server-timelineservice-hbase/hadoop-yarn-server-timelineservice-hbase-common/target/lib/htrace-core-3.1.0-incubating.jar
[INFO] Copying protobuf-java-2.5.0.jar to /home/runner/work/sonar-analysis/sonar-analysis/project/hadoop-yarn-project/hadoop-yarn/hadoop-yarn-server/hadoop-yarn-server-timelineservice-hbase/hadoop-yarn-server-timelineservice-hbase-common/target/lib/protobuf-java-2.5.0.jar
[INFO] Copying aopalliance-1.0.jar to /home/runner/work/sonar-analysis/sonar-analysis/project/hadoop-yarn-project/hadoop-yarn/hadoop-yarn-server/hadoop-yarn-server-timelineservice-hbase/hadoop-yarn-server-timelineservice-hbase-common/target/lib/aopalliance-1.0.jar
[INFO] Copying curator-framework-2.7.1.jar to /home/runner/work/sonar-analysis/sonar-analysis/project/hadoop-yarn-project/hadoop-yarn/hadoop-yarn-server/hadoop-yarn-server-timelineservice-hbase/hadoop-yarn-server-timelineservice-hbase-common/target/lib/curator-framework-2.7.1.jar
[INFO] Copying curator-recipes-2.7.1.jar to /home/runner/work/sonar-analysis/sonar-analysis/project/hadoop-yarn-project/hadoop-yarn/hadoop-yarn-server/hadoop-yarn-server-timelineservice-hbase/hadoop-yarn-server-timelineservice-hbase-common/target/lib/curator-recipes-2.7.1.jar
[INFO] Copying jersey-json-1.9.jar to /home/runner/work/sonar-analysis/sonar-analysis/project/hadoop-yarn-project/hadoop-yarn/hadoop-yarn-server/hadoop-yarn-server-timelineservice-hbase/hadoop-yarn-server-timelineservice-hbase-common/target/lib/jersey-json-1.9.jar
[INFO] Copying json-smart-1.3.1.jar to /home/runner/work/sonar-analysis/sonar-analysis/project/hadoop-yarn-project/hadoop-yarn/hadoop-yarn-server/hadoop-yarn-server-timelineservice-hbase/hadoop-yarn-server-timelineservice-hbase-common/target/lib/json-smart-1.3.1.jar
[INFO] Copying commons-compress-1.4.1.jar to /home/runner/work/sonar-analysis/sonar-analysis/project/hadoop-yarn-project/hadoop-yarn/hadoop-yarn-server/hadoop-yarn-server-timelineservice-hbase/hadoop-yarn-server-timelineservice-hbase-common/target/lib/commons-compress-1.4.1.jar
[INFO] Copying apacheds-kerberos-codec-2.0.0-M15.jar to /home/runner/work/sonar-analysis/sonar-analysis/project/hadoop-yarn-project/hadoop-yarn/hadoop-yarn-server/hadoop-yarn-server-timelineservice-hbase/hadoop-yarn-server-timelineservice-hbase-common/target/lib/apacheds-kerberos-codec-2.0.0-M15.jar
[INFO] Copying jaxb-impl-2.2.3-1.jar to /home/runner/work/sonar-analysis/sonar-analysis/project/hadoop-yarn-project/hadoop-yarn/hadoop-yarn-server/hadoop-yarn-server-timelineservice-hbase/hadoop-yarn-server-timelineservice-hbase-common/target/lib/jaxb-impl-2.2.3-1.jar
[INFO] Copying commons-math3-3.1.1.jar to /home/runner/work/sonar-analysis/sonar-analysis/project/hadoop-yarn-project/hadoop-yarn/hadoop-yarn-server/hadoop-yarn-server-timelineservice-hbase/hadoop-yarn-server-timelineservice-hbase-common/target/lib/commons-math3-3.1.1.jar
[INFO] Copying leveldbjni-all-1.8.jar to /home/runner/work/sonar-analysis/sonar-analysis/project/hadoop-yarn-project/hadoop-yarn/hadoop-yarn-server/hadoop-yarn-server-timelineservice-hbase/hadoop-yarn-server-timelineservice-hbase-common/target/lib/leveldbjni-all-1.8.jar
[INFO] Copying hbase-annotations-1.2.6.jar to /home/runner/work/sonar-analysis/sonar-analysis/project/hadoop-yarn-project/hadoop-yarn/hadoop-yarn-server/hadoop-yarn-server-timelineservice-hbase/hadoop-yarn-server-timelineservice-hbase-common/target/lib/hbase-annotations-1.2.6.jar
[INFO] Copying httpclient-4.5.2.jar to /home/runner/work/sonar-analysis/sonar-analysis/project/hadoop-yarn-project/hadoop-yarn/hadoop-yarn-server/hadoop-yarn-server-timelineservice-hbase/hadoop-yarn-server-timelineservice-hbase-common/target/lib/httpclient-4.5.2.jar
[INFO] Copying jetty-util-6.1.26.jar to /home/runner/work/sonar-analysis/sonar-analysis/project/hadoop-yarn-project/hadoop-yarn/hadoop-yarn-server/hadoop-yarn-server-timelineservice-hbase/hadoop-yarn-server-timelineservice-hbase-common/target/lib/jetty-util-6.1.26.jar
[INFO] Copying htrace-core4-4.1.0-incubating.jar to /home/runner/work/sonar-analysis/sonar-analysis/project/hadoop-yarn-project/hadoop-yarn/hadoop-yarn-server/hadoop-yarn-server-timelineservice-hbase/hadoop-yarn-server-timelineservice-hbase-common/target/lib/htrace-core4-4.1.0-incubating.jar
[INFO] Copying guice-3.0.jar to /home/runner/work/sonar-analysis/sonar-analysis/project/hadoop-yarn-project/hadoop-yarn/hadoop-yarn-server/hadoop-yarn-server-timelineservice-hbase/hadoop-yarn-server-timelineservice-hbase-common/target/lib/guice-3.0.jar
[INFO] Copying commons-io-2.4.jar to /home/runner/work/sonar-analysis/sonar-analysis/project/hadoop-yarn-project/hadoop-yarn/hadoop-yarn-server/hadoop-yarn-server-timelineservice-hbase/hadoop-yarn-server-timelineservice-hbase-common/target/lib/commons-io-2.4.jar
[INFO] Copying jackson-mapper-asl-1.9.13.jar to /home/runner/work/sonar-analysis/sonar-analysis/project/hadoop-yarn-project/hadoop-yarn/hadoop-yarn-server/hadoop-yarn-server-timelineservice-hbase/hadoop-yarn-server-timelineservice-hbase-common/target/lib/jackson-mapper-asl-1.9.13.jar
[INFO] Copying jackson-jaxrs-1.9.13.jar to /home/runner/work/sonar-analysis/sonar-analysis/project/hadoop-yarn-project/hadoop-yarn/hadoop-yarn-server/hadoop-yarn-server-timelineservice-hbase/hadoop-yarn-server-timelineservice-hbase-common/target/lib/jackson-jaxrs-1.9.13.jar
[INFO] Copying jersey-core-1.9.jar to /home/runner/work/sonar-analysis/sonar-analysis/project/hadoop-yarn-project/hadoop-yarn/hadoop-yarn-server/hadoop-yarn-server-timelineservice-hbase/hadoop-yarn-server-timelineservice-hbase-common/target/lib/jersey-core-1.9.jar
[INFO] Copying jsch-0.1.54.jar to /home/runner/work/sonar-analysis/sonar-analysis/project/hadoop-yarn-project/hadoop-yarn/hadoop-yarn-server/hadoop-yarn-server-timelineservice-hbase/hadoop-yarn-server-timelineservice-hbase-common/target/lib/jsch-0.1.54.jar
[INFO] Copying jersey-server-1.9.jar to /home/runner/work/sonar-analysis/sonar-analysis/project/hadoop-yarn-project/hadoop-yarn/hadoop-yarn-server/hadoop-yarn-server-timelineservice-hbase/hadoop-yarn-server-timelineservice-hbase-common/target/lib/jersey-server-1.9.jar
[INFO] Copying xmlenc-0.52.jar to /home/runner/work/sonar-analysis/sonar-analysis/project/hadoop-yarn-project/hadoop-yarn/hadoop-yarn-server/hadoop-yarn-server-timelineservice-hbase/hadoop-yarn-server-timelineservice-hbase-common/target/lib/xmlenc-0.52.jar
[INFO] Copying paranamer-2.3.jar to /home/runner/work/sonar-analysis/sonar-analysis/project/hadoop-yarn-project/hadoop-yarn/hadoop-yarn-server/hadoop-yarn-server-timelineservice-hbase/hadoop-yarn-server-timelineservice-hbase-common/target/lib/paranamer-2.3.jar
[INFO] Copying jackson-core-asl-1.9.13.jar to /home/runner/work/sonar-analysis/sonar-analysis/project/hadoop-yarn-project/hadoop-yarn/hadoop-yarn-server/hadoop-yarn-server-timelineservice-hbase/hadoop-yarn-server-timelineservice-hbase-common/target/lib/jackson-core-asl-1.9.13.jar
[INFO] Copying api-util-1.0.0-M20.jar to /home/runner/work/sonar-analysis/sonar-analysis/project/hadoop-yarn-project/hadoop-yarn/hadoop-yarn-server/hadoop-yarn-server-timelineservice-hbase/hadoop-yarn-server-timelineservice-hbase-common/target/lib/api-util-1.0.0-M20.jar
[INFO] Copying gson-2.2.4.jar to /home/runner/work/sonar-analysis/sonar-analysis/project/hadoop-yarn-project/hadoop-yarn/hadoop-yarn-server/hadoop-yarn-server-timelineservice-hbase/hadoop-yarn-server-timelineservice-hbase-common/target/lib/gson-2.2.4.jar
[INFO] Copying jersey-guice-1.9.jar to /home/runner/work/sonar-analysis/sonar-analysis/project/hadoop-yarn-project/hadoop-yarn/hadoop-yarn-server/hadoop-yarn-server-timelineservice-hbase/hadoop-yarn-server-timelineservice-hbase-common/target/lib/jersey-guice-1.9.jar
[INFO] Copying api-asn1-api-1.0.0-M20.jar to /home/runner/work/sonar-analysis/sonar-analysis/project/hadoop-yarn-project/hadoop-yarn/hadoop-yarn-server/hadoop-yarn-server-timelineservice-hbase/hadoop-yarn-server-timelineservice-hbase-common/target/lib/api-asn1-api-1.0.0-M20.jar
[INFO] Copying jcip-annotations-1.0-1.jar to /home/runner/work/sonar-analysis/sonar-analysis/project/hadoop-yarn-project/hadoop-yarn/hadoop-yarn-server/hadoop-yarn-server-timelineservice-hbase/hadoop-yarn-server-timelineservice-hbase-common/target/lib/jcip-annotations-1.0-1.jar
[INFO] Copying jersey-client-1.9.jar to /home/runner/work/sonar-analysis/sonar-analysis/project/hadoop-yarn-project/hadoop-yarn/hadoop-yarn-server/hadoop-yarn-server-timelineservice-hbase/hadoop-yarn-server-timelineservice-hbase-common/target/lib/jersey-client-1.9.jar
[INFO] Copying hbase-common-1.2.6.jar to /home/runner/work/sonar-analysis/sonar-analysis/project/hadoop-yarn-project/hadoop-yarn/hadoop-yarn-server/hadoop-yarn-server-timelineservice-hbase/hadoop-yarn-server-timelineservice-hbase-common/target/lib/hbase-common-1.2.6.jar
[INFO] Copying commons-net-3.1.jar to /home/runner/work/sonar-analysis/sonar-analysis/project/hadoop-yarn-project/hadoop-yarn/hadoop-yarn-server/hadoop-yarn-server-timelineservice-hbase/hadoop-yarn-server-timelineservice-hbase-common/target/lib/commons-net-3.1.jar
[INFO] Copying commons-configuration-1.6.jar to /home/runner/work/sonar-analysis/sonar-analysis/project/hadoop-yarn-project/hadoop-yarn/hadoop-yarn-server/hadoop-yarn-server-timelineservice-hbase/hadoop-yarn-server-timelineservice-hbase-common/target/lib/commons-configuration-1.6.jar
[INFO] Copying commons-digester-1.8.jar to /home/runner/work/sonar-analysis/sonar-analysis/project/hadoop-yarn-project/hadoop-yarn/hadoop-yarn-server/hadoop-yarn-server-timelineservice-hbase/hadoop-yarn-server-timelineservice-hbase-common/target/lib/commons-digester-1.8.jar
[INFO] Copying apacheds-i18n-2.0.0-M15.jar to /home/runner/work/sonar-analysis/sonar-analysis/project/hadoop-yarn-project/hadoop-yarn/hadoop-yarn-server/hadoop-yarn-server-timelineservice-hbase/hadoop-yarn-server-timelineservice-hbase-common/target/lib/apacheds-i18n-2.0.0-M15.jar
[INFO] Copying commons-beanutils-1.7.0.jar to /home/runner/work/sonar-analysis/sonar-analysis/project/hadoop-yarn-project/hadoop-yarn/hadoop-yarn-server/hadoop-yarn-server-timelineservice-hbase/hadoop-yarn-server-timelineservice-hbase-common/target/lib/commons-beanutils-1.7.0.jar
[INFO] Copying jaxb-api-2.2.2.jar to /home/runner/work/sonar-analysis/sonar-analysis/project/hadoop-yarn-project/hadoop-yarn/hadoop-yarn-server/hadoop-yarn-server-timelineservice-hbase/hadoop-yarn-server-timelineservice-hbase-common/target/lib/jaxb-api-2.2.2.jar
[INFO] Copying geronimo-jcache_1.0_spec-1.0-alpha-1.jar to /home/runner/work/sonar-analysis/sonar-analysis/project/hadoop-yarn-project/hadoop-yarn/hadoop-yarn-server/hadoop-yarn-server-timelineservice-hbase/hadoop-yarn-server-timelineservice-hbase-common/target/lib/geronimo-jcache_1.0_spec-1.0-alpha-1.jar
[INFO] Copying commons-lang-2.6.jar to /home/runner/work/sonar-analysis/sonar-analysis/project/hadoop-yarn-project/hadoop-yarn/hadoop-yarn-server/hadoop-yarn-server-timelineservice-hbase/hadoop-yarn-server-timelineservice-hbase-common/target/lib/commons-lang-2.6.jar
[INFO] Copying activation-1.1.jar to /home/runner/work/sonar-analysis/sonar-analysis/project/hadoop-yarn-project/hadoop-yarn/hadoop-yarn-server/hadoop-yarn-server-timelineservice-hbase/hadoop-yarn-server-timelineservice-hbase-common/target/lib/activation-1.1.jar
[INFO] Copying jetty-sslengine-6.1.26.jar to /home/runner/work/sonar-analysis/sonar-analysis/project/hadoop-yarn-project/hadoop-yarn/hadoop-yarn-server/hadoop-yarn-server-timelineservice-hbase/hadoop-yarn-server-timelineservice-hbase-common/target/lib/jetty-sslengine-6.1.26.jar
[INFO] Copying curator-client-2.7.1.jar to /home/runner/work/sonar-analysis/sonar-analysis/project/hadoop-yarn-project/hadoop-yarn/hadoop-yarn-server/hadoop-yarn-server-timelineservice-hbase/hadoop-yarn-server-timelineservice-hbase-common/target/lib/curator-client-2.7.1.jar
[INFO] Copying zookeeper-3.4.6.jar to /home/runner/work/sonar-analysis/sonar-analysis/project/hadoop-yarn-project/hadoop-yarn/hadoop-yarn-server/hadoop-yarn-server-timelineservice-hbase/hadoop-yarn-server-timelineservice-hbase-common/target/lib/zookeeper-3.4.6.jar
[INFO] Copying xz-1.0.jar to /home/runner/work/sonar-analysis/sonar-analysis/project/hadoop-yarn-project/hadoop-yarn/hadoop-yarn-server/hadoop-yarn-server-timelineservice-hbase/hadoop-yarn-server-timelineservice-hbase-common/target/lib/xz-1.0.jar
[INFO] Copying nimbus-jose-jwt-4.41.1.jar to /home/runner/work/sonar-analysis/sonar-analysis/project/hadoop-yarn-project/hadoop-yarn/hadoop-yarn-server/hadoop-yarn-server-timelineservice-hbase/hadoop-yarn-server-timelineservice-hbase-common/target/lib/nimbus-jose-jwt-4.41.1.jar
[INFO] Copying commons-cli-1.2.jar to /home/runner/work/sonar-analysis/sonar-analysis/project/hadoop-yarn-project/hadoop-yarn/hadoop-yarn-server/hadoop-yarn-server-timelineservice-hbase/hadoop-yarn-server-timelineservice-hbase-common/target/lib/commons-cli-1.2.jar
[INFO] Copying commons-csv-1.0.jar to /home/runner/work/sonar-analysis/sonar-analysis/project/hadoop-yarn-project/hadoop-yarn/hadoop-yarn-server/hadoop-yarn-server-timelineservice-hbase/hadoop-yarn-server-timelineservice-hbase-common/target/lib/commons-csv-1.0.jar
[INFO] Copying woodstox-core-5.0.3.jar to /home/runner/work/sonar-analysis/sonar-analysis/project/hadoop-yarn-project/hadoop-yarn/hadoop-yarn-server/hadoop-yarn-server-timelineservice-hbase/hadoop-yarn-server-timelineservice-hbase-common/target/lib/woodstox-core-5.0.3.jar
[INFO] Copying ehcache-3.3.1.jar to /home/runner/work/sonar-analysis/sonar-analysis/project/hadoop-yarn-project/hadoop-yarn/hadoop-yarn-server/hadoop-yarn-server-timelineservice-hbase/hadoop-yarn-server-timelineservice-hbase-common/target/lib/ehcache-3.3.1.jar
[INFO] Copying jsr311-api-1.1.1.jar to /home/runner/work/sonar-analysis/sonar-analysis/project/hadoop-yarn-project/hadoop-yarn/hadoop-yarn-server/hadoop-yarn-server-timelineservice-hbase/hadoop-yarn-server-timelineservice-hbase-common/target/lib/jsr311-api-1.1.1.jar
[INFO] Copying snappy-java-1.0.5.jar to /home/runner/work/sonar-analysis/sonar-analysis/project/hadoop-yarn-project/hadoop-yarn/hadoop-yarn-server/hadoop-yarn-server-timelineservice-hbase/hadoop-yarn-server-timelineservice-hbase-common/target/lib/snappy-java-1.0.5.jar
[INFO] Copying HikariCP-java7-2.4.12.jar to /home/runner/work/sonar-analysis/sonar-analysis/project/hadoop-yarn-project/hadoop-yarn/hadoop-yarn-server/hadoop-yarn-server-timelineservice-hbase/hadoop-yarn-server-timelineservice-hbase-common/target/lib/HikariCP-java7-2.4.12.jar
[INFO] Copying commons-codec-1.4.jar to /home/runner/work/sonar-analysis/sonar-analysis/project/hadoop-yarn-project/hadoop-yarn/hadoop-yarn-server/hadoop-yarn-server-timelineservice-hbase/hadoop-yarn-server-timelineservice-hbase-common/target/lib/commons-codec-1.4.jar
[INFO] Copying javax.inject-1.jar to /home/runner/work/sonar-analysis/sonar-analysis/project/hadoop-yarn-project/hadoop-yarn/hadoop-yarn-server/hadoop-yarn-server-timelineservice-hbase/hadoop-yarn-server-timelineservice-hbase-common/target/lib/javax.inject-1.jar
[INFO] Copying java-xmlbuilder-0.4.jar to /home/runner/work/sonar-analysis/sonar-analysis/project/hadoop-yarn-project/hadoop-yarn/hadoop-yarn-server/hadoop-yarn-server-timelineservice-hbase/hadoop-yarn-server-timelineservice-hbase-common/target/lib/java-xmlbuilder-0.4.jar
[INFO] Copying commons-beanutils-core-1.8.0.jar to /home/runner/work/sonar-analysis/sonar-analysis/project/hadoop-yarn-project/hadoop-yarn/hadoop-yarn-server/hadoop-yarn-server-timelineservice-hbase/hadoop-yarn-server-timelineservice-hbase-common/target/lib/commons-beanutils-core-1.8.0.jar
[INFO] Copying stax2-api-3.1.4.jar to /home/runner/work/sonar-analysis/sonar-analysis/project/hadoop-yarn-project/hadoop-yarn/hadoop-yarn-server/hadoop-yarn-server-timelineservice-hbase/hadoop-yarn-server-timelineservice-hbase-common/target/lib/stax2-api-3.1.4.jar
[INFO] Copying commons-collections-3.2.2.jar to /home/runner/work/sonar-analysis/sonar-analysis/project/hadoop-yarn-project/hadoop-yarn/hadoop-yarn-server/hadoop-yarn-server-timelineservice-hbase/hadoop-yarn-server-timelineservice-hbase-common/target/lib/commons-collections-3.2.2.jar
[INFO] Copying jettison-1.1.jar to /home/runner/work/sonar-analysis/sonar-analysis/project/hadoop-yarn-project/hadoop-yarn/hadoop-yarn-server/hadoop-yarn-server-timelineservice-hbase/hadoop-yarn-server-timelineservice-hbase-common/target/lib/jettison-1.1.jar
[INFO] Copying stax-api-1.0-2.jar to /home/runner/work/sonar-analysis/sonar-analysis/project/hadoop-yarn-project/hadoop-yarn/hadoop-yarn-server/hadoop-yarn-server-timelineservice-hbase/hadoop-yarn-server-timelineservice-hbase-common/target/lib/stax-api-1.0-2.jar
[INFO] Copying jetty-6.1.26.jar to /home/runner/work/sonar-analysis/sonar-analysis/project/hadoop-yarn-project/hadoop-yarn/hadoop-yarn-server/hadoop-yarn-server-timelineservice-hbase/hadoop-yarn-server-timelineservice-hbase-common/target/lib/jetty-6.1.26.jar
[INFO] Copying avro-1.7.7.jar to /home/runner/work/sonar-analysis/sonar-analysis/project/hadoop-yarn-project/hadoop-yarn/hadoop-yarn-server/hadoop-yarn-server-timelineservice-hbase/hadoop-yarn-server-timelineservice-hbase-common/target/lib/avro-1.7.7.jar
[INFO] Copying jackson-xc-1.9.13.jar to /home/runner/work/sonar-analysis/sonar-analysis/project/hadoop-yarn-project/hadoop-yarn/hadoop-yarn-server/hadoop-yarn-server-timelineservice-hbase/hadoop-yarn-server-timelineservice-hbase-common/target/lib/jackson-xc-1.9.13.jar
[INFO] Copying commons-logging-1.1.3.jar to /home/runner/work/sonar-analysis/sonar-analysis/project/hadoop-yarn-project/hadoop-yarn/hadoop-yarn-server/hadoop-yarn-server-timelineservice-hbase/hadoop-yarn-server-timelineservice-hbase-common/target/lib/commons-logging-1.1.3.jar
[INFO] Copying guice-servlet-3.0.jar to /home/runner/work/sonar-analysis/sonar-analysis/project/hadoop-yarn-project/hadoop-yarn/hadoop-yarn-server/hadoop-yarn-server-timelineservice-hbase/hadoop-yarn-server-timelineservice-hbase-common/target/lib/guice-servlet-3.0.jar
[INFO] Copying servlet-api-2.5.jar to /home/runner/work/sonar-analysis/sonar-analysis/project/hadoop-yarn-project/hadoop-yarn/hadoop-yarn-server/hadoop-yarn-server-timelineservice-hbase/hadoop-yarn-server-timelineservice-hbase-common/target/lib/servlet-api-2.5.jar
[INFO] Copying mssql-jdbc-6.2.1.jre7.jar to /home/runner/work/sonar-analysis/sonar-analysis/project/hadoop-yarn-project/hadoop-yarn/hadoop-yarn-server/hadoop-yarn-server-timelineservice-hbase/hadoop-yarn-server-timelineservice-hbase-common/target/lib/mssql-jdbc-6.2.1.jre7.jar
[INFO] Copying jets3t-0.9.0.jar to /home/runner/work/sonar-analysis/sonar-analysis/project/hadoop-yarn-project/hadoop-yarn/hadoop-yarn-server/hadoop-yarn-server-timelineservice-hbase/hadoop-yarn-server-timelineservice-hbase-common/target/lib/jets3t-0.9.0.jar
[INFO] Copying netty-3.6.2.Final.jar to /home/runner/work/sonar-analysis/sonar-analysis/project/hadoop-yarn-project/hadoop-yarn/hadoop-yarn-server/hadoop-yarn-server-timelineservice-hbase/hadoop-yarn-server-timelineservice-hbase-common/target/lib/netty-3.6.2.Final.jar
[INFO] Copying hbase-protocol-1.2.6.jar to /home/runner/work/sonar-analysis/sonar-analysis/project/hadoop-yarn-project/hadoop-yarn/hadoop-yarn-server/hadoop-yarn-server-timelineservice-hbase/hadoop-yarn-server-timelineservice-hbase-common/target/lib/hbase-protocol-1.2.6.jar
[INFO] Copying httpcore-4.4.4.jar to /home/runner/work/sonar-analysis/sonar-analysis/project/hadoop-yarn-project/hadoop-yarn/hadoop-yarn-server/hadoop-yarn-server-timelineservice-hbase/hadoop-yarn-server-timelineservice-hbase-common/target/lib/httpcore-4.4.4.jar
[INFO] Copying asm-3.2.jar to /home/runner/work/sonar-analysis/sonar-analysis/project/hadoop-yarn-project/hadoop-yarn/hadoop-yarn-server/hadoop-yarn-server-timelineservice-hbase/hadoop-yarn-server-timelineservice-hbase-common/target/lib/asm-3.2.jar
[INFO] 
[INFO] --- animal-sniffer:1.16:check (signature-check) @ hadoop-yarn-server-timelineservice-hbase-common ---
[INFO] Checking unresolved references to org.codehaus.mojo.signature:java17:1.0
[INFO] 
[INFO] --- enforcer:1.4.1:enforce (depcheck) @ hadoop-yarn-server-timelineservice-hbase-common ---
[INFO] Skipping Rule Enforcement.
[INFO] 
[INFO] --- install:2.5.1:install (default-install) @ hadoop-yarn-server-timelineservice-hbase-common ---
[INFO] Installing /home/runner/work/sonar-analysis/sonar-analysis/project/hadoop-yarn-project/hadoop-yarn/hadoop-yarn-server/hadoop-yarn-server-timelineservice-hbase/hadoop-yarn-server-timelineservice-hbase-common/target/hadoop-yarn-server-timelineservice-hbase-common-2.10.0-SNAPSHOT.jar to /home/runner/.m2/repository/org/apache/hadoop/hadoop-yarn-server-timelineservice-hbase-common/2.10.0-SNAPSHOT/hadoop-yarn-server-timelineservice-hbase-common-2.10.0-SNAPSHOT.jar
[INFO] Installing /home/runner/work/sonar-analysis/sonar-analysis/project/hadoop-yarn-project/hadoop-yarn/hadoop-yarn-server/hadoop-yarn-server-timelineservice-hbase/hadoop-yarn-server-timelineservice-hbase-common/pom.xml to /home/runner/.m2/repository/org/apache/hadoop/hadoop-yarn-server-timelineservice-hbase-common/2.10.0-SNAPSHOT/hadoop-yarn-server-timelineservice-hbase-common-2.10.0-SNAPSHOT.pom
[INFO] Installing /home/runner/work/sonar-analysis/sonar-analysis/project/hadoop-yarn-project/hadoop-yarn/hadoop-yarn-server/hadoop-yarn-server-timelineservice-hbase/hadoop-yarn-server-timelineservice-hbase-common/target/hadoop-yarn-server-timelineservice-hbase-common-2.10.0-SNAPSHOT-tests.jar to /home/runner/.m2/repository/org/apache/hadoop/hadoop-yarn-server-timelineservice-hbase-common/2.10.0-SNAPSHOT/hadoop-yarn-server-timelineservice-hbase-common-2.10.0-SNAPSHOT-tests.jar
[INFO] 
[INFO] --< org.apache.hadoop:hadoop-yarn-server-timelineservice-hbase-client >--
[INFO] Building Apache Hadoop YARN TimelineService HBase Client 2.10.0-SNAPSHOT [41/84]
[INFO]   from hadoop-yarn-project/hadoop-yarn/hadoop-yarn-server/hadoop-yarn-server-timelineservice-hbase/hadoop-yarn-server-timelineservice-hbase-client/pom.xml
[INFO] --------------------------------[ jar ]---------------------------------
[INFO] 
[INFO] --- clean:2.5:clean (default-clean) @ hadoop-yarn-server-timelineservice-hbase-client ---
[INFO] Deleting /home/runner/work/sonar-analysis/sonar-analysis/project/hadoop-yarn-project/hadoop-yarn/hadoop-yarn-server/hadoop-yarn-server-timelineservice-hbase/hadoop-yarn-server-timelineservice-hbase-client/target
[INFO] 
[INFO] --- antrun:1.7:run (create-testdirs) @ hadoop-yarn-server-timelineservice-hbase-client ---
[INFO] Executing tasks

main:
    [mkdir] Created dir: /home/runner/work/sonar-analysis/sonar-analysis/project/hadoop-yarn-project/hadoop-yarn/hadoop-yarn-server/hadoop-yarn-server-timelineservice-hbase/hadoop-yarn-server-timelineservice-hbase-client/target/test-dir
[INFO] Executed tasks
[INFO] 
[INFO] --- remote-resources:1.5:process (default) @ hadoop-yarn-server-timelineservice-hbase-client ---
[INFO] 
[INFO] --- resources:2.6:resources (default-resources) @ hadoop-yarn-server-timelineservice-hbase-client ---
[INFO] Using 'UTF-8' encoding to copy filtered resources.
[INFO] skip non existing resourceDirectory /home/runner/work/sonar-analysis/sonar-analysis/project/hadoop-yarn-project/hadoop-yarn/hadoop-yarn-server/hadoop-yarn-server-timelineservice-hbase/hadoop-yarn-server-timelineservice-hbase-client/src/main/resources
[INFO] Copying 2 resources
[INFO] 
[INFO] --- compiler:3.1:compile (default-compile) @ hadoop-yarn-server-timelineservice-hbase-client ---
[INFO] Compiling 33 source files to /home/runner/work/sonar-analysis/sonar-analysis/project/hadoop-yarn-project/hadoop-yarn/hadoop-yarn-server/hadoop-yarn-server-timelineservice-hbase/hadoop-yarn-server-timelineservice-hbase-client/target/classes
[INFO] 
[INFO] --- resources:2.6:testResources (default-testResources) @ hadoop-yarn-server-timelineservice-hbase-client ---
[INFO] Using 'UTF-8' encoding to copy filtered resources.
[INFO] skip non existing resourceDirectory /home/runner/work/sonar-analysis/sonar-analysis/project/hadoop-yarn-project/hadoop-yarn/hadoop-yarn-server/hadoop-yarn-server-timelineservice-hbase/hadoop-yarn-server-timelineservice-hbase-client/src/test/resources
[INFO] Copying 2 resources
[INFO] 
[INFO] --- compiler:3.1:testCompile (default-testCompile) @ hadoop-yarn-server-timelineservice-hbase-client ---
[INFO] Compiling 1 source file to /home/runner/work/sonar-analysis/sonar-analysis/project/hadoop-yarn-project/hadoop-yarn/hadoop-yarn-server/hadoop-yarn-server-timelineservice-hbase/hadoop-yarn-server-timelineservice-hbase-client/target/test-classes
[INFO] 
[INFO] --- jar:2.5:test-jar (default) @ hadoop-yarn-server-timelineservice-hbase-client ---
[INFO] Building jar: /home/runner/work/sonar-analysis/sonar-analysis/project/hadoop-yarn-project/hadoop-yarn/hadoop-yarn-server/hadoop-yarn-server-timelineservice-hbase/hadoop-yarn-server-timelineservice-hbase-client/target/hadoop-yarn-server-timelineservice-hbase-client-2.10.0-SNAPSHOT-tests.jar
[INFO] 
[INFO] --- surefire:2.21.0:test (default-test) @ hadoop-yarn-server-timelineservice-hbase-client ---
[INFO] Tests are skipped.
[INFO] 
[INFO] --- jar:2.5:jar (default-jar) @ hadoop-yarn-server-timelineservice-hbase-client ---
[INFO] Building jar: /home/runner/work/sonar-analysis/sonar-analysis/project/hadoop-yarn-project/hadoop-yarn/hadoop-yarn-server/hadoop-yarn-server-timelineservice-hbase/hadoop-yarn-server-timelineservice-hbase-client/target/hadoop-yarn-server-timelineservice-hbase-client-2.10.0-SNAPSHOT.jar
[INFO] 
[INFO] --- site:3.5:attach-descriptor (attach-descriptor) @ hadoop-yarn-server-timelineservice-hbase-client ---
[INFO] 
[INFO] --- dependency:2.2:copy-dependencies (default) @ hadoop-yarn-server-timelineservice-hbase-client ---
[INFO] Copying log4j-1.2.17.jar to /home/runner/work/sonar-analysis/sonar-analysis/project/hadoop-yarn-project/hadoop-yarn/hadoop-yarn-server/hadoop-yarn-server-timelineservice-hbase/hadoop-yarn-server-timelineservice-hbase-client/target/lib/log4j-1.2.17.jar
[INFO] Copying htrace-core-3.1.0-incubating.jar to /home/runner/work/sonar-analysis/sonar-analysis/project/hadoop-yarn-project/hadoop-yarn/hadoop-yarn-server/hadoop-yarn-server-timelineservice-hbase/hadoop-yarn-server-timelineservice-hbase-client/target/lib/htrace-core-3.1.0-incubating.jar
[INFO] Copying protobuf-java-2.5.0.jar to /home/runner/work/sonar-analysis/sonar-analysis/project/hadoop-yarn-project/hadoop-yarn/hadoop-yarn-server/hadoop-yarn-server-timelineservice-hbase/hadoop-yarn-server-timelineservice-hbase-client/target/lib/protobuf-java-2.5.0.jar
[INFO] Copying aopalliance-1.0.jar to /home/runner/work/sonar-analysis/sonar-analysis/project/hadoop-yarn-project/hadoop-yarn/hadoop-yarn-server/hadoop-yarn-server-timelineservice-hbase/hadoop-yarn-server-timelineservice-hbase-client/target/lib/aopalliance-1.0.jar
[INFO] Copying curator-framework-2.7.1.jar to /home/runner/work/sonar-analysis/sonar-analysis/project/hadoop-yarn-project/hadoop-yarn/hadoop-yarn-server/hadoop-yarn-server-timelineservice-hbase/hadoop-yarn-server-timelineservice-hbase-client/target/lib/curator-framework-2.7.1.jar
[INFO] Copying jersey-json-1.9.jar to /home/runner/work/sonar-analysis/sonar-analysis/project/hadoop-yarn-project/hadoop-yarn/hadoop-yarn-server/hadoop-yarn-server-timelineservice-hbase/hadoop-yarn-server-timelineservice-hbase-client/target/lib/jersey-json-1.9.jar
[INFO] Copying json-smart-1.3.1.jar to /home/runner/work/sonar-analysis/sonar-analysis/project/hadoop-yarn-project/hadoop-yarn/hadoop-yarn-server/hadoop-yarn-server-timelineservice-hbase/hadoop-yarn-server-timelineservice-hbase-client/target/lib/json-smart-1.3.1.jar
[INFO] Copying apacheds-kerberos-codec-2.0.0-M15.jar to /home/runner/work/sonar-analysis/sonar-analysis/project/hadoop-yarn-project/hadoop-yarn/hadoop-yarn-server/hadoop-yarn-server-timelineservice-hbase/hadoop-yarn-server-timelineservice-hbase-client/target/lib/apacheds-kerberos-codec-2.0.0-M15.jar
[INFO] Copying jaxb-impl-2.2.3-1.jar to /home/runner/work/sonar-analysis/sonar-analysis/project/hadoop-yarn-project/hadoop-yarn/hadoop-yarn-server/hadoop-yarn-server-timelineservice-hbase/hadoop-yarn-server-timelineservice-hbase-client/target/lib/jaxb-impl-2.2.3-1.jar
[INFO] Copying joni-2.1.2.jar to /home/runner/work/sonar-analysis/sonar-analysis/project/hadoop-yarn-project/hadoop-yarn/hadoop-yarn-server/hadoop-yarn-server-timelineservice-hbase/hadoop-yarn-server-timelineservice-hbase-client/target/lib/joni-2.1.2.jar
[INFO] Copying fst-2.50.jar to /home/runner/work/sonar-analysis/sonar-analysis/project/hadoop-yarn-project/hadoop-yarn/hadoop-yarn-server/hadoop-yarn-server-timelineservice-hbase/hadoop-yarn-server-timelineservice-hbase-client/target/lib/fst-2.50.jar
[INFO] Copying hbase-client-1.2.6.jar to /home/runner/work/sonar-analysis/sonar-analysis/project/hadoop-yarn-project/hadoop-yarn/hadoop-yarn-server/hadoop-yarn-server-timelineservice-hbase/hadoop-yarn-server-timelineservice-hbase-client/target/lib/hbase-client-1.2.6.jar
[INFO] Copying jsr305-3.0.0.jar to /home/runner/work/sonar-analysis/sonar-analysis/project/hadoop-yarn-project/hadoop-yarn/hadoop-yarn-server/hadoop-yarn-server-timelineservice-hbase/hadoop-yarn-server-timelineservice-hbase-client/target/lib/jsr305-3.0.0.jar
[INFO] Copying leveldbjni-all-1.8.jar to /home/runner/work/sonar-analysis/sonar-analysis/project/hadoop-yarn-project/hadoop-yarn/hadoop-yarn-server/hadoop-yarn-server-timelineservice-hbase/hadoop-yarn-server-timelineservice-hbase-client/target/lib/leveldbjni-all-1.8.jar
[INFO] Copying hbase-annotations-1.2.6.jar to /home/runner/work/sonar-analysis/sonar-analysis/project/hadoop-yarn-project/hadoop-yarn/hadoop-yarn-server/hadoop-yarn-server-timelineservice-hbase/hadoop-yarn-server-timelineservice-hbase-client/target/lib/hbase-annotations-1.2.6.jar
[INFO] Copying httpclient-4.5.2.jar to /home/runner/work/sonar-analysis/sonar-analysis/project/hadoop-yarn-project/hadoop-yarn/hadoop-yarn-server/hadoop-yarn-server-timelineservice-hbase/hadoop-yarn-server-timelineservice-hbase-client/target/lib/httpclient-4.5.2.jar
[INFO] Copying guice-3.0.jar to /home/runner/work/sonar-analysis/sonar-analysis/project/hadoop-yarn-project/hadoop-yarn/hadoop-yarn-server/hadoop-yarn-server-timelineservice-hbase/hadoop-yarn-server-timelineservice-hbase-client/target/lib/guice-3.0.jar
[INFO] Copying commons-io-2.4.jar to /home/runner/work/sonar-analysis/sonar-analysis/project/hadoop-yarn-project/hadoop-yarn/hadoop-yarn-server/hadoop-yarn-server-timelineservice-hbase/hadoop-yarn-server-timelineservice-hbase-client/target/lib/commons-io-2.4.jar
[INFO] Copying jackson-mapper-asl-1.9.13.jar to /home/runner/work/sonar-analysis/sonar-analysis/project/hadoop-yarn-project/hadoop-yarn/hadoop-yarn-server/hadoop-yarn-server-timelineservice-hbase/hadoop-yarn-server-timelineservice-hbase-client/target/lib/jackson-mapper-asl-1.9.13.jar
[INFO] Copying jersey-core-1.9.jar to /home/runner/work/sonar-analysis/sonar-analysis/project/hadoop-yarn-project/hadoop-yarn/hadoop-yarn-server/hadoop-yarn-server-timelineservice-hbase/hadoop-yarn-server-timelineservice-hbase-client/target/lib/jersey-core-1.9.jar
[INFO] Copying jackson-jaxrs-1.9.13.jar to /home/runner/work/sonar-analysis/sonar-analysis/project/hadoop-yarn-project/hadoop-yarn/hadoop-yarn-server/hadoop-yarn-server-timelineservice-hbase/hadoop-yarn-server-timelineservice-hbase-client/target/lib/jackson-jaxrs-1.9.13.jar
[INFO] Copying java-util-1.9.0.jar to /home/runner/work/sonar-analysis/sonar-analysis/project/hadoop-yarn-project/hadoop-yarn/hadoop-yarn-server/hadoop-yarn-server-timelineservice-hbase/hadoop-yarn-server-timelineservice-hbase-client/target/lib/java-util-1.9.0.jar
[INFO] Copying jersey-server-1.9.jar to /home/runner/work/sonar-analysis/sonar-analysis/project/hadoop-yarn-project/hadoop-yarn/hadoop-yarn-server/hadoop-yarn-server-timelineservice-hbase/hadoop-yarn-server-timelineservice-hbase-client/target/lib/jersey-server-1.9.jar
[INFO] Copying jackson-core-asl-1.9.13.jar to /home/runner/work/sonar-analysis/sonar-analysis/project/hadoop-yarn-project/hadoop-yarn/hadoop-yarn-server/hadoop-yarn-server-timelineservice-hbase/hadoop-yarn-server-timelineservice-hbase-client/target/lib/jackson-core-asl-1.9.13.jar
[INFO] Copying api-util-1.0.0-M20.jar to /home/runner/work/sonar-analysis/sonar-analysis/project/hadoop-yarn-project/hadoop-yarn/hadoop-yarn-server/hadoop-yarn-server-timelineservice-hbase/hadoop-yarn-server-timelineservice-hbase-client/target/lib/api-util-1.0.0-M20.jar
[INFO] Copying json-io-2.5.1.jar to /home/runner/work/sonar-analysis/sonar-analysis/project/hadoop-yarn-project/hadoop-yarn/hadoop-yarn-server/hadoop-yarn-server-timelineservice-hbase/hadoop-yarn-server-timelineservice-hbase-client/target/lib/json-io-2.5.1.jar
[INFO] Copying jersey-guice-1.9.jar to /home/runner/work/sonar-analysis/sonar-analysis/project/hadoop-yarn-project/hadoop-yarn/hadoop-yarn-server/hadoop-yarn-server-timelineservice-hbase/hadoop-yarn-server-timelineservice-hbase-client/target/lib/jersey-guice-1.9.jar
[INFO] Copying api-asn1-api-1.0.0-M20.jar to /home/runner/work/sonar-analysis/sonar-analysis/project/hadoop-yarn-project/hadoop-yarn/hadoop-yarn-server/hadoop-yarn-server-timelineservice-hbase/hadoop-yarn-server-timelineservice-hbase-client/target/lib/api-asn1-api-1.0.0-M20.jar
[INFO] Copying jcip-annotations-1.0-1.jar to /home/runner/work/sonar-analysis/sonar-analysis/project/hadoop-yarn-project/hadoop-yarn/hadoop-yarn-server/hadoop-yarn-server-timelineservice-hbase/hadoop-yarn-server-timelineservice-hbase-client/target/lib/jcip-annotations-1.0-1.jar
[INFO] Copying jersey-client-1.9.jar to /home/runner/work/sonar-analysis/sonar-analysis/project/hadoop-yarn-project/hadoop-yarn/hadoop-yarn-server/hadoop-yarn-server-timelineservice-hbase/hadoop-yarn-server-timelineservice-hbase-client/target/lib/jersey-client-1.9.jar
[INFO] Copying hbase-common-1.2.6.jar to /home/runner/work/sonar-analysis/sonar-analysis/project/hadoop-yarn-project/hadoop-yarn/hadoop-yarn-server/hadoop-yarn-server-timelineservice-hbase/hadoop-yarn-server-timelineservice-hbase-client/target/lib/hbase-common-1.2.6.jar
[INFO] Copying apacheds-i18n-2.0.0-M15.jar to /home/runner/work/sonar-analysis/sonar-analysis/project/hadoop-yarn-project/hadoop-yarn/hadoop-yarn-server/hadoop-yarn-server-timelineservice-hbase/hadoop-yarn-server-timelineservice-hbase-client/target/lib/apacheds-i18n-2.0.0-M15.jar
[INFO] Copying jaxb-api-2.2.2.jar to /home/runner/work/sonar-analysis/sonar-analysis/project/hadoop-yarn-project/hadoop-yarn/hadoop-yarn-server/hadoop-yarn-server-timelineservice-hbase/hadoop-yarn-server-timelineservice-hbase-client/target/lib/jaxb-api-2.2.2.jar
[INFO] Copying commons-lang-2.6.jar to /home/runner/work/sonar-analysis/sonar-analysis/project/hadoop-yarn-project/hadoop-yarn/hadoop-yarn-server/hadoop-yarn-server-timelineservice-hbase/hadoop-yarn-server-timelineservice-hbase-client/target/lib/commons-lang-2.6.jar
[INFO] Copying activation-1.1.jar to /home/runner/work/sonar-analysis/sonar-analysis/project/hadoop-yarn-project/hadoop-yarn/hadoop-yarn-server/hadoop-yarn-server-timelineservice-hbase/hadoop-yarn-server-timelineservice-hbase-client/target/lib/activation-1.1.jar
[INFO] Copying metrics-core-2.2.0.jar to /home/runner/work/sonar-analysis/sonar-analysis/project/hadoop-yarn-project/hadoop-yarn/hadoop-yarn-server/hadoop-yarn-server-timelineservice-hbase/hadoop-yarn-server-timelineservice-hbase-client/target/lib/metrics-core-2.2.0.jar
[INFO] Copying curator-client-2.7.1.jar to /home/runner/work/sonar-analysis/sonar-analysis/project/hadoop-yarn-project/hadoop-yarn/hadoop-yarn-server/hadoop-yarn-server-timelineservice-hbase/hadoop-yarn-server-timelineservice-hbase-client/target/lib/curator-client-2.7.1.jar
[INFO] Copying zookeeper-3.4.6.jar to /home/runner/work/sonar-analysis/sonar-analysis/project/hadoop-yarn-project/hadoop-yarn/hadoop-yarn-server/hadoop-yarn-server-timelineservice-hbase/hadoop-yarn-server-timelineservice-hbase-client/target/lib/zookeeper-3.4.6.jar
[INFO] Copying nimbus-jose-jwt-4.41.1.jar to /home/runner/work/sonar-analysis/sonar-analysis/project/hadoop-yarn-project/hadoop-yarn/hadoop-yarn-server/hadoop-yarn-server-timelineservice-hbase/hadoop-yarn-server-timelineservice-hbase-client/target/lib/nimbus-jose-jwt-4.41.1.jar
[INFO] Copying commons-cli-1.2.jar to /home/runner/work/sonar-analysis/sonar-analysis/project/hadoop-yarn-project/hadoop-yarn/hadoop-yarn-server/hadoop-yarn-server-timelineservice-hbase/hadoop-yarn-server-timelineservice-hbase-client/target/lib/commons-cli-1.2.jar
[INFO] Copying commons-csv-1.0.jar to /home/runner/work/sonar-analysis/sonar-analysis/project/hadoop-yarn-project/hadoop-yarn/hadoop-yarn-server/hadoop-yarn-server-timelineservice-hbase/hadoop-yarn-server-timelineservice-hbase-client/target/lib/commons-csv-1.0.jar
[INFO] Copying jsr311-api-1.1.1.jar to /home/runner/work/sonar-analysis/sonar-analysis/project/hadoop-yarn-project/hadoop-yarn/hadoop-yarn-server/hadoop-yarn-server-timelineservice-hbase/hadoop-yarn-server-timelineservice-hbase-client/target/lib/jsr311-api-1.1.1.jar
[INFO] Copying commons-codec-1.4.jar to /home/runner/work/sonar-analysis/sonar-analysis/project/hadoop-yarn-project/hadoop-yarn/hadoop-yarn-server/hadoop-yarn-server-timelineservice-hbase/hadoop-yarn-server-timelineservice-hbase-client/target/lib/commons-codec-1.4.jar
[INFO] Copying javax.inject-1.jar to /home/runner/work/sonar-analysis/sonar-analysis/project/hadoop-yarn-project/hadoop-yarn/hadoop-yarn-server/hadoop-yarn-server-timelineservice-hbase/hadoop-yarn-server-timelineservice-hbase-client/target/lib/javax.inject-1.jar
[INFO] Copying jackson-core-2.7.8.jar to /home/runner/work/sonar-analysis/sonar-analysis/project/hadoop-yarn-project/hadoop-yarn/hadoop-yarn-server/hadoop-yarn-server-timelineservice-hbase/hadoop-yarn-server-timelineservice-hbase-client/target/lib/jackson-core-2.7.8.jar
[INFO] Copying commons-collections-3.2.2.jar to /home/runner/work/sonar-analysis/sonar-analysis/project/hadoop-yarn-project/hadoop-yarn/hadoop-yarn-server/hadoop-yarn-server-timelineservice-hbase/hadoop-yarn-server-timelineservice-hbase-client/target/lib/commons-collections-3.2.2.jar
[INFO] Copying jettison-1.1.jar to /home/runner/work/sonar-analysis/sonar-analysis/project/hadoop-yarn-project/hadoop-yarn/hadoop-yarn-server/hadoop-yarn-server-timelineservice-hbase/hadoop-yarn-server-timelineservice-hbase-client/target/lib/jettison-1.1.jar
[INFO] Copying stax-api-1.0-2.jar to /home/runner/work/sonar-analysis/sonar-analysis/project/hadoop-yarn-project/hadoop-yarn/hadoop-yarn-server/hadoop-yarn-server-timelineservice-hbase/hadoop-yarn-server-timelineservice-hbase-client/target/lib/stax-api-1.0-2.jar
[INFO] Copying jackson-xc-1.9.13.jar to /home/runner/work/sonar-analysis/sonar-analysis/project/hadoop-yarn-project/hadoop-yarn/hadoop-yarn-server/hadoop-yarn-server-timelineservice-hbase/hadoop-yarn-server-timelineservice-hbase-client/target/lib/jackson-xc-1.9.13.jar
[INFO] Copying commons-logging-1.1.3.jar to /home/runner/work/sonar-analysis/sonar-analysis/project/hadoop-yarn-project/hadoop-yarn/hadoop-yarn-server/hadoop-yarn-server-timelineservice-hbase/hadoop-yarn-server-timelineservice-hbase-client/target/lib/commons-logging-1.1.3.jar
[INFO] Copying guice-servlet-3.0.jar to /home/runner/work/sonar-analysis/sonar-analysis/project/hadoop-yarn-project/hadoop-yarn/hadoop-yarn-server/hadoop-yarn-server-timelineservice-hbase/hadoop-yarn-server-timelineservice-hbase-client/target/lib/guice-servlet-3.0.jar
[INFO] Copying servlet-api-2.5.jar to /home/runner/work/sonar-analysis/sonar-analysis/project/hadoop-yarn-project/hadoop-yarn/hadoop-yarn-server/hadoop-yarn-server-timelineservice-hbase/hadoop-yarn-server-timelineservice-hbase-client/target/lib/servlet-api-2.5.jar
[INFO] Copying netty-all-4.0.23.Final.jar to /home/runner/work/sonar-analysis/sonar-analysis/project/hadoop-yarn-project/hadoop-yarn/hadoop-yarn-server/hadoop-yarn-server-timelineservice-hbase/hadoop-yarn-server-timelineservice-hbase-client/target/lib/netty-all-4.0.23.Final.jar
[INFO] Copying guava-11.0.2.jar to /home/runner/work/sonar-analysis/sonar-analysis/project/hadoop-yarn-project/hadoop-yarn/hadoop-yarn-server/hadoop-yarn-server-timelineservice-hbase/hadoop-yarn-server-timelineservice-hbase-client/target/lib/guava-11.0.2.jar
[INFO] Copying netty-3.6.2.Final.jar to /home/runner/work/sonar-analysis/sonar-analysis/project/hadoop-yarn-project/hadoop-yarn/hadoop-yarn-server/hadoop-yarn-server-timelineservice-hbase/hadoop-yarn-server-timelineservice-hbase-client/target/lib/netty-3.6.2.Final.jar
[INFO] Copying hbase-protocol-1.2.6.jar to /home/runner/work/sonar-analysis/sonar-analysis/project/hadoop-yarn-project/hadoop-yarn/hadoop-yarn-server/hadoop-yarn-server-timelineservice-hbase/hadoop-yarn-server-timelineservice-hbase-client/target/lib/hbase-protocol-1.2.6.jar
[INFO] Copying jcodings-1.0.8.jar to /home/runner/work/sonar-analysis/sonar-analysis/project/hadoop-yarn-project/hadoop-yarn/hadoop-yarn-server/hadoop-yarn-server-timelineservice-hbase/hadoop-yarn-server-timelineservice-hbase-client/target/lib/jcodings-1.0.8.jar
[INFO] Copying httpcore-4.4.4.jar to /home/runner/work/sonar-analysis/sonar-analysis/project/hadoop-yarn-project/hadoop-yarn/hadoop-yarn-server/hadoop-yarn-server-timelineservice-hbase/hadoop-yarn-server-timelineservice-hbase-client/target/lib/httpcore-4.4.4.jar
[INFO] Copying asm-3.2.jar to /home/runner/work/sonar-analysis/sonar-analysis/project/hadoop-yarn-project/hadoop-yarn/hadoop-yarn-server/hadoop-yarn-server-timelineservice-hbase/hadoop-yarn-server-timelineservice-hbase-client/target/lib/asm-3.2.jar
[INFO] 
[INFO] --- animal-sniffer:1.16:check (signature-check) @ hadoop-yarn-server-timelineservice-hbase-client ---
[INFO] Checking unresolved references to org.codehaus.mojo.signature:java17:1.0
[INFO] 
[INFO] --- enforcer:1.4.1:enforce (depcheck) @ hadoop-yarn-server-timelineservice-hbase-client ---
[INFO] Skipping Rule Enforcement.
[INFO] 
[INFO] --- install:2.5.1:install (default-install) @ hadoop-yarn-server-timelineservice-hbase-client ---
[INFO] Installing /home/runner/work/sonar-analysis/sonar-analysis/project/hadoop-yarn-project/hadoop-yarn/hadoop-yarn-server/hadoop-yarn-server-timelineservice-hbase/hadoop-yarn-server-timelineservice-hbase-client/target/hadoop-yarn-server-timelineservice-hbase-client-2.10.0-SNAPSHOT.jar to /home/runner/.m2/repository/org/apache/hadoop/hadoop-yarn-server-timelineservice-hbase-client/2.10.0-SNAPSHOT/hadoop-yarn-server-timelineservice-hbase-client-2.10.0-SNAPSHOT.jar
[INFO] Installing /home/runner/work/sonar-analysis/sonar-analysis/project/hadoop-yarn-project/hadoop-yarn/hadoop-yarn-server/hadoop-yarn-server-timelineservice-hbase/hadoop-yarn-server-timelineservice-hbase-client/pom.xml to /home/runner/.m2/repository/org/apache/hadoop/hadoop-yarn-server-timelineservice-hbase-client/2.10.0-SNAPSHOT/hadoop-yarn-server-timelineservice-hbase-client-2.10.0-SNAPSHOT.pom
[INFO] Installing /home/runner/work/sonar-analysis/sonar-analysis/project/hadoop-yarn-project/hadoop-yarn/hadoop-yarn-server/hadoop-yarn-server-timelineservice-hbase/hadoop-yarn-server-timelineservice-hbase-client/target/hadoop-yarn-server-timelineservice-hbase-client-2.10.0-SNAPSHOT-tests.jar to /home/runner/.m2/repository/org/apache/hadoop/hadoop-yarn-server-timelineservice-hbase-client/2.10.0-SNAPSHOT/hadoop-yarn-server-timelineservice-hbase-client-2.10.0-SNAPSHOT-tests.jar
[INFO] 
[INFO] --< org.apache.hadoop:hadoop-yarn-server-timelineservice-hbase-server >--
[INFO] Building Apache Hadoop YARN TimelineService HBase Servers 2.10.0-SNAPSHOT [42/84]
[INFO]   from hadoop-yarn-project/hadoop-yarn/hadoop-yarn-server/hadoop-yarn-server-timelineservice-hbase/hadoop-yarn-server-timelineservice-hbase-server/pom.xml
[INFO] --------------------------------[ pom ]---------------------------------
[INFO] 
[INFO] --- clean:2.5:clean (default-clean) @ hadoop-yarn-server-timelineservice-hbase-server ---
[INFO] Deleting /home/runner/work/sonar-analysis/sonar-analysis/project/hadoop-yarn-project/hadoop-yarn/hadoop-yarn-server/hadoop-yarn-server-timelineservice-hbase/hadoop-yarn-server-timelineservice-hbase-server/target
[INFO] 
[INFO] --- antrun:1.7:run (create-testdirs) @ hadoop-yarn-server-timelineservice-hbase-server ---
[INFO] Executing tasks

main:
    [mkdir] Created dir: /home/runner/work/sonar-analysis/sonar-analysis/project/hadoop-yarn-project/hadoop-yarn/hadoop-yarn-server/hadoop-yarn-server-timelineservice-hbase/hadoop-yarn-server-timelineservice-hbase-server/target/test-dir
[INFO] Executed tasks
[INFO] 
[INFO] --- remote-resources:1.5:process (default) @ hadoop-yarn-server-timelineservice-hbase-server ---
[INFO] 
[INFO] --- site:3.5:attach-descriptor (attach-descriptor) @ hadoop-yarn-server-timelineservice-hbase-server ---
[INFO] 
[INFO] --- animal-sniffer:1.16:check (signature-check) @ hadoop-yarn-server-timelineservice-hbase-server ---
[INFO] Checking unresolved references to org.codehaus.mojo.signature:java17:1.0
[INFO] 
[INFO] --- enforcer:1.4.1:enforce (depcheck) @ hadoop-yarn-server-timelineservice-hbase-server ---
[INFO] Skipping Rule Enforcement.
[INFO] 
[INFO] --- install:2.5.1:install (default-install) @ hadoop-yarn-server-timelineservice-hbase-server ---
[INFO] Installing /home/runner/work/sonar-analysis/sonar-analysis/project/hadoop-yarn-project/hadoop-yarn/hadoop-yarn-server/hadoop-yarn-server-timelineservice-hbase/hadoop-yarn-server-timelineservice-hbase-server/pom.xml to /home/runner/.m2/repository/org/apache/hadoop/hadoop-yarn-server-timelineservice-hbase-server/2.10.0-SNAPSHOT/hadoop-yarn-server-timelineservice-hbase-server-2.10.0-SNAPSHOT.pom
[INFO] 
[INFO] --< org.apache.hadoop:hadoop-yarn-server-timelineservice-hbase-server-1 >--
[INFO] Building Apache Hadoop YARN TimelineService HBase Server 1.2 2.10.0-SNAPSHOT [43/84]
[INFO]   from hadoop-yarn-project/hadoop-yarn/hadoop-yarn-server/hadoop-yarn-server-timelineservice-hbase/hadoop-yarn-server-timelineservice-hbase-server/hadoop-yarn-server-timelineservice-hbase-server-1/pom.xml
[INFO] --------------------------------[ jar ]---------------------------------
[INFO] 
[INFO] --- clean:2.5:clean (default-clean) @ hadoop-yarn-server-timelineservice-hbase-server-1 ---
[INFO] Deleting /home/runner/work/sonar-analysis/sonar-analysis/project/hadoop-yarn-project/hadoop-yarn/hadoop-yarn-server/hadoop-yarn-server-timelineservice-hbase/hadoop-yarn-server-timelineservice-hbase-server/hadoop-yarn-server-timelineservice-hbase-server-1/target
[INFO] 
[INFO] --- antrun:1.7:run (create-testdirs) @ hadoop-yarn-server-timelineservice-hbase-server-1 ---
[INFO] Executing tasks

main:
    [mkdir] Created dir: /home/runner/work/sonar-analysis/sonar-analysis/project/hadoop-yarn-project/hadoop-yarn/hadoop-yarn-server/hadoop-yarn-server-timelineservice-hbase/hadoop-yarn-server-timelineservice-hbase-server/hadoop-yarn-server-timelineservice-hbase-server-1/target/test-dir
[INFO] Executed tasks
[INFO] 
[INFO] --- remote-resources:1.5:process (default) @ hadoop-yarn-server-timelineservice-hbase-server-1 ---
[INFO] 
[INFO] --- resources:2.6:resources (default-resources) @ hadoop-yarn-server-timelineservice-hbase-server-1 ---
[INFO] Using 'UTF-8' encoding to copy filtered resources.
[INFO] skip non existing resourceDirectory /home/runner/work/sonar-analysis/sonar-analysis/project/hadoop-yarn-project/hadoop-yarn/hadoop-yarn-server/hadoop-yarn-server-timelineservice-hbase/hadoop-yarn-server-timelineservice-hbase-server/hadoop-yarn-server-timelineservice-hbase-server-1/src/main/resources
[INFO] Copying 2 resources
[INFO] 
[INFO] --- compiler:3.1:compile (default-compile) @ hadoop-yarn-server-timelineservice-hbase-server-1 ---
[INFO] Compiling 7 source files to /home/runner/work/sonar-analysis/sonar-analysis/project/hadoop-yarn-project/hadoop-yarn/hadoop-yarn-server/hadoop-yarn-server-timelineservice-hbase/hadoop-yarn-server-timelineservice-hbase-server/hadoop-yarn-server-timelineservice-hbase-server-1/target/classes
[INFO] 
[INFO] --- resources:2.6:testResources (default-testResources) @ hadoop-yarn-server-timelineservice-hbase-server-1 ---
[INFO] Using 'UTF-8' encoding to copy filtered resources.
[INFO] skip non existing resourceDirectory /home/runner/work/sonar-analysis/sonar-analysis/project/hadoop-yarn-project/hadoop-yarn/hadoop-yarn-server/hadoop-yarn-server-timelineservice-hbase/hadoop-yarn-server-timelineservice-hbase-server/hadoop-yarn-server-timelineservice-hbase-server-1/src/test/resources
[INFO] Copying 2 resources
[INFO] 
[INFO] --- compiler:3.1:testCompile (default-testCompile) @ hadoop-yarn-server-timelineservice-hbase-server-1 ---
[INFO] No sources to compile
[INFO] 
[INFO] --- surefire:2.21.0:test (default-test) @ hadoop-yarn-server-timelineservice-hbase-server-1 ---
[INFO] Tests are skipped.
[INFO] 
[INFO] --- assembly:2.4:single (create-coprocessor-jar) @ hadoop-yarn-server-timelineservice-hbase-server-1 ---
[WARNING]  Parameter 'descriptor' (user property 'descriptor') is deprecated: Please use descriptors instead
[INFO] Building jar: /home/runner/work/sonar-analysis/sonar-analysis/project/hadoop-yarn-project/hadoop-yarn/hadoop-yarn-server/hadoop-yarn-server-timelineservice-hbase/hadoop-yarn-server-timelineservice-hbase-server/hadoop-yarn-server-timelineservice-hbase-server-1/target/hadoop-yarn-server-timelineservice-hbase-server-1-2.10.0-SNAPSHOT-coprocessor.jar
[INFO] 
[INFO] --- jar:2.5:jar (default-jar) @ hadoop-yarn-server-timelineservice-hbase-server-1 ---
[INFO] Building jar: /home/runner/work/sonar-analysis/sonar-analysis/project/hadoop-yarn-project/hadoop-yarn/hadoop-yarn-server/hadoop-yarn-server-timelineservice-hbase/hadoop-yarn-server-timelineservice-hbase-server/hadoop-yarn-server-timelineservice-hbase-server-1/target/hadoop-yarn-server-timelineservice-hbase-server-1-2.10.0-SNAPSHOT.jar
[INFO] 
[INFO] --- site:3.5:attach-descriptor (attach-descriptor) @ hadoop-yarn-server-timelineservice-hbase-server-1 ---
[INFO] 
[INFO] --- animal-sniffer:1.16:check (signature-check) @ hadoop-yarn-server-timelineservice-hbase-server-1 ---
[INFO] Checking unresolved references to org.codehaus.mojo.signature:java17:1.0
[INFO] 
[INFO] --- enforcer:1.4.1:enforce (depcheck) @ hadoop-yarn-server-timelineservice-hbase-server-1 ---
[INFO] Skipping Rule Enforcement.
[INFO] 
[INFO] --- install:2.5.1:install (default-install) @ hadoop-yarn-server-timelineservice-hbase-server-1 ---
[INFO] Installing /home/runner/work/sonar-analysis/sonar-analysis/project/hadoop-yarn-project/hadoop-yarn/hadoop-yarn-server/hadoop-yarn-server-timelineservice-hbase/hadoop-yarn-server-timelineservice-hbase-server/hadoop-yarn-server-timelineservice-hbase-server-1/target/hadoop-yarn-server-timelineservice-hbase-server-1-2.10.0-SNAPSHOT.jar to /home/runner/.m2/repository/org/apache/hadoop/hadoop-yarn-server-timelineservice-hbase-server-1/2.10.0-SNAPSHOT/hadoop-yarn-server-timelineservice-hbase-server-1-2.10.0-SNAPSHOT.jar
[INFO] Installing /home/runner/work/sonar-analysis/sonar-analysis/project/hadoop-yarn-project/hadoop-yarn/hadoop-yarn-server/hadoop-yarn-server-timelineservice-hbase/hadoop-yarn-server-timelineservice-hbase-server/hadoop-yarn-server-timelineservice-hbase-server-1/pom.xml to /home/runner/.m2/repository/org/apache/hadoop/hadoop-yarn-server-timelineservice-hbase-server-1/2.10.0-SNAPSHOT/hadoop-yarn-server-timelineservice-hbase-server-1-2.10.0-SNAPSHOT.pom
[INFO] Installing /home/runner/work/sonar-analysis/sonar-analysis/project/hadoop-yarn-project/hadoop-yarn/hadoop-yarn-server/hadoop-yarn-server-timelineservice-hbase/hadoop-yarn-server-timelineservice-hbase-server/hadoop-yarn-server-timelineservice-hbase-server-1/target/hadoop-yarn-server-timelineservice-hbase-server-1-2.10.0-SNAPSHOT-coprocessor.jar to /home/runner/.m2/repository/org/apache/hadoop/hadoop-yarn-server-timelineservice-hbase-server-1/2.10.0-SNAPSHOT/hadoop-yarn-server-timelineservice-hbase-server-1-2.10.0-SNAPSHOT-coprocessor.jar
[INFO] 
[INFO] --< org.apache.hadoop:hadoop-yarn-server-timelineservice-hbase-tests >--
[INFO] Building Apache Hadoop YARN TimelineService HBase tests 2.10.0-SNAPSHOT [44/84]
[INFO]   from hadoop-yarn-project/hadoop-yarn/hadoop-yarn-server/hadoop-yarn-server-timelineservice-hbase-tests/pom.xml
[INFO] --------------------------------[ jar ]---------------------------------
[INFO] 
[INFO] --- clean:2.5:clean (default-clean) @ hadoop-yarn-server-timelineservice-hbase-tests ---
[INFO] Deleting /home/runner/work/sonar-analysis/sonar-analysis/project/hadoop-yarn-project/hadoop-yarn/hadoop-yarn-server/hadoop-yarn-server-timelineservice-hbase-tests/target
[INFO] 
[INFO] --- antrun:1.7:run (create-testdirs) @ hadoop-yarn-server-timelineservice-hbase-tests ---
[INFO] Executing tasks

main:
    [mkdir] Created dir: /home/runner/work/sonar-analysis/sonar-analysis/project/hadoop-yarn-project/hadoop-yarn/hadoop-yarn-server/hadoop-yarn-server-timelineservice-hbase-tests/target/test-dir
[INFO] Executed tasks
[INFO] 
[INFO] --- remote-resources:1.5:process (default) @ hadoop-yarn-server-timelineservice-hbase-tests ---
[INFO] 
[INFO] --- resources:2.6:resources (default-resources) @ hadoop-yarn-server-timelineservice-hbase-tests ---
[INFO] Using 'UTF-8' encoding to copy filtered resources.
[INFO] skip non existing resourceDirectory /home/runner/work/sonar-analysis/sonar-analysis/project/hadoop-yarn-project/hadoop-yarn/hadoop-yarn-server/hadoop-yarn-server-timelineservice-hbase-tests/src/main/resources
[INFO] Copying 2 resources
[INFO] 
[INFO] --- compiler:3.1:compile (default-compile) @ hadoop-yarn-server-timelineservice-hbase-tests ---
[INFO] No sources to compile
[INFO] 
[INFO] --- resources:2.6:testResources (default-testResources) @ hadoop-yarn-server-timelineservice-hbase-tests ---
[INFO] Using 'UTF-8' encoding to copy filtered resources.
[INFO] Copying 1 resource
[INFO] Copying 2 resources
[INFO] 
[INFO] --- compiler:3.1:testCompile (default-testCompile) @ hadoop-yarn-server-timelineservice-hbase-tests ---
[INFO] Compiling 10 source files to /home/runner/work/sonar-analysis/sonar-analysis/project/hadoop-yarn-project/hadoop-yarn/hadoop-yarn-server/hadoop-yarn-server-timelineservice-hbase-tests/target/test-classes
[INFO] 
[INFO] --- jar:2.5:test-jar (default) @ hadoop-yarn-server-timelineservice-hbase-tests ---
[INFO] Building jar: /home/runner/work/sonar-analysis/sonar-analysis/project/hadoop-yarn-project/hadoop-yarn/hadoop-yarn-server/hadoop-yarn-server-timelineservice-hbase-tests/target/hadoop-yarn-server-timelineservice-hbase-tests-2.10.0-SNAPSHOT-tests.jar
[INFO] 
[INFO] --- surefire:2.21.0:test (default-test) @ hadoop-yarn-server-timelineservice-hbase-tests ---
[INFO] Tests are skipped.
[INFO] 
[INFO] --- jar:2.5:jar (default-jar) @ hadoop-yarn-server-timelineservice-hbase-tests ---
[INFO] Building jar: /home/runner/work/sonar-analysis/sonar-analysis/project/hadoop-yarn-project/hadoop-yarn/hadoop-yarn-server/hadoop-yarn-server-timelineservice-hbase-tests/target/hadoop-yarn-server-timelineservice-hbase-tests-2.10.0-SNAPSHOT.jar
[INFO] 
[INFO] --- site:3.5:attach-descriptor (attach-descriptor) @ hadoop-yarn-server-timelineservice-hbase-tests ---
[INFO] 
[INFO] --- animal-sniffer:1.16:check (signature-check) @ hadoop-yarn-server-timelineservice-hbase-tests ---
[INFO] Checking unresolved references to org.codehaus.mojo.signature:java17:1.0
[INFO] 
[INFO] --- enforcer:1.4.1:enforce (depcheck) @ hadoop-yarn-server-timelineservice-hbase-tests ---
[INFO] Skipping Rule Enforcement.
[INFO] 
[INFO] --- install:2.5.1:install (default-install) @ hadoop-yarn-server-timelineservice-hbase-tests ---
[INFO] Installing /home/runner/work/sonar-analysis/sonar-analysis/project/hadoop-yarn-project/hadoop-yarn/hadoop-yarn-server/hadoop-yarn-server-timelineservice-hbase-tests/target/hadoop-yarn-server-timelineservice-hbase-tests-2.10.0-SNAPSHOT.jar to /home/runner/.m2/repository/org/apache/hadoop/hadoop-yarn-server-timelineservice-hbase-tests/2.10.0-SNAPSHOT/hadoop-yarn-server-timelineservice-hbase-tests-2.10.0-SNAPSHOT.jar
[INFO] Installing /home/runner/work/sonar-analysis/sonar-analysis/project/hadoop-yarn-project/hadoop-yarn/hadoop-yarn-server/hadoop-yarn-server-timelineservice-hbase-tests/pom.xml to /home/runner/.m2/repository/org/apache/hadoop/hadoop-yarn-server-timelineservice-hbase-tests/2.10.0-SNAPSHOT/hadoop-yarn-server-timelineservice-hbase-tests-2.10.0-SNAPSHOT.pom
[INFO] Installing /home/runner/work/sonar-analysis/sonar-analysis/project/hadoop-yarn-project/hadoop-yarn/hadoop-yarn-server/hadoop-yarn-server-timelineservice-hbase-tests/target/hadoop-yarn-server-timelineservice-hbase-tests-2.10.0-SNAPSHOT-tests.jar to /home/runner/.m2/repository/org/apache/hadoop/hadoop-yarn-server-timelineservice-hbase-tests/2.10.0-SNAPSHOT/hadoop-yarn-server-timelineservice-hbase-tests-2.10.0-SNAPSHOT-tests.jar
[INFO] 
[INFO] -------------< org.apache.hadoop:hadoop-yarn-applications >-------------
[INFO] Building Apache Hadoop YARN Applications 2.10.0-SNAPSHOT         [45/84]
[INFO]   from hadoop-yarn-project/hadoop-yarn/hadoop-yarn-applications/pom.xml
[INFO] --------------------------------[ pom ]---------------------------------
[INFO] 
[INFO] --- clean:2.5:clean (default-clean) @ hadoop-yarn-applications ---
[INFO] Deleting /home/runner/work/sonar-analysis/sonar-analysis/project/hadoop-yarn-project/hadoop-yarn/hadoop-yarn-applications/target
[INFO] 
[INFO] --- antrun:1.7:run (create-testdirs) @ hadoop-yarn-applications ---
[INFO] Executing tasks

main:
    [mkdir] Created dir: /home/runner/work/sonar-analysis/sonar-analysis/project/hadoop-yarn-project/hadoop-yarn/hadoop-yarn-applications/target/test-dir
[INFO] Executed tasks
[INFO] 
[INFO] --- remote-resources:1.5:process (default) @ hadoop-yarn-applications ---
[INFO] 
[INFO] --- site:3.5:attach-descriptor (attach-descriptor) @ hadoop-yarn-applications ---
[INFO] 
[INFO] --- animal-sniffer:1.16:check (signature-check) @ hadoop-yarn-applications ---
[INFO] Checking unresolved references to org.codehaus.mojo.signature:java17:1.0
[INFO] 
[INFO] --- enforcer:1.4.1:enforce (depcheck) @ hadoop-yarn-applications ---
[INFO] Skipping Rule Enforcement.
[INFO] 
[INFO] --- install:2.5.1:install (default-install) @ hadoop-yarn-applications ---
[INFO] Installing /home/runner/work/sonar-analysis/sonar-analysis/project/hadoop-yarn-project/hadoop-yarn/hadoop-yarn-applications/pom.xml to /home/runner/.m2/repository/org/apache/hadoop/hadoop-yarn-applications/2.10.0-SNAPSHOT/hadoop-yarn-applications-2.10.0-SNAPSHOT.pom
[INFO] 
[INFO] ----< org.apache.hadoop:hadoop-yarn-applications-distributedshell >-----
[INFO] Building Apache Hadoop YARN DistributedShell 2.10.0-SNAPSHOT     [46/84]
[INFO]   from hadoop-yarn-project/hadoop-yarn/hadoop-yarn-applications/hadoop-yarn-applications-distributedshell/pom.xml
[INFO] --------------------------------[ jar ]---------------------------------
[INFO] 
[INFO] --- clean:2.5:clean (default-clean) @ hadoop-yarn-applications-distributedshell ---
[INFO] Deleting /home/runner/work/sonar-analysis/sonar-analysis/project/hadoop-yarn-project/hadoop-yarn/hadoop-yarn-applications/hadoop-yarn-applications-distributedshell/target
[INFO] 
[INFO] --- antrun:1.7:run (create-testdirs) @ hadoop-yarn-applications-distributedshell ---
[INFO] Executing tasks

main:
    [mkdir] Created dir: /home/runner/work/sonar-analysis/sonar-analysis/project/hadoop-yarn-project/hadoop-yarn/hadoop-yarn-applications/hadoop-yarn-applications-distributedshell/target/test-dir
[INFO] Executed tasks
[INFO] 
[INFO] --- remote-resources:1.5:process (default) @ hadoop-yarn-applications-distributedshell ---
[INFO] 
[INFO] --- resources:2.6:resources (default-resources) @ hadoop-yarn-applications-distributedshell ---
[INFO] Using 'UTF-8' encoding to copy filtered resources.
[INFO] skip non existing resourceDirectory /home/runner/work/sonar-analysis/sonar-analysis/project/hadoop-yarn-project/hadoop-yarn/hadoop-yarn-applications/hadoop-yarn-applications-distributedshell/src/main/resources
[INFO] Copying 2 resources
[INFO] 
[INFO] --- compiler:3.1:compile (default-compile) @ hadoop-yarn-applications-distributedshell ---
[INFO] Compiling 6 source files to /home/runner/work/sonar-analysis/sonar-analysis/project/hadoop-yarn-project/hadoop-yarn/hadoop-yarn-applications/hadoop-yarn-applications-distributedshell/target/classes
[WARNING] /home/runner/work/sonar-analysis/sonar-analysis/project/hadoop-yarn-project/hadoop-yarn/hadoop-yarn-applications/hadoop-yarn-applications-distributedshell/src/main/java/org/apache/hadoop/yarn/applications/distributedshell/ApplicationMaster.java: /home/runner/work/sonar-analysis/sonar-analysis/project/hadoop-yarn-project/hadoop-yarn/hadoop-yarn-applications/hadoop-yarn-applications-distributedshell/src/main/java/org/apache/hadoop/yarn/applications/distributedshell/ApplicationMaster.java uses or overrides a deprecated API.
[WARNING] /home/runner/work/sonar-analysis/sonar-analysis/project/hadoop-yarn-project/hadoop-yarn/hadoop-yarn-applications/hadoop-yarn-applications-distributedshell/src/main/java/org/apache/hadoop/yarn/applications/distributedshell/ApplicationMaster.java: Recompile with -Xlint:deprecation for details.
[INFO] 
[INFO] --- resources:2.6:testResources (default-testResources) @ hadoop-yarn-applications-distributedshell ---
[INFO] Using 'UTF-8' encoding to copy filtered resources.
[INFO] Copying 2 resources
[INFO] Copying 2 resources
[INFO] 
[INFO] --- compiler:3.1:testCompile (default-testCompile) @ hadoop-yarn-applications-distributedshell ---
[INFO] Compiling 6 source files to /home/runner/work/sonar-analysis/sonar-analysis/project/hadoop-yarn-project/hadoop-yarn/hadoop-yarn-applications/hadoop-yarn-applications-distributedshell/target/test-classes
[INFO] 
[INFO] --- jar:2.5:jar (default) @ hadoop-yarn-applications-distributedshell ---
[INFO] Building jar: /home/runner/work/sonar-analysis/sonar-analysis/project/hadoop-yarn-project/hadoop-yarn/hadoop-yarn-applications/hadoop-yarn-applications-distributedshell/target/hadoop-yarn-applications-distributedshell-2.10.0-SNAPSHOT.jar
[INFO] 
[INFO] --- surefire:2.21.0:test (default-test) @ hadoop-yarn-applications-distributedshell ---
[INFO] Tests are skipped.
[INFO] 
[INFO] --- jar:2.5:jar (default-jar) @ hadoop-yarn-applications-distributedshell ---
[INFO] 
[INFO] --- site:3.5:attach-descriptor (attach-descriptor) @ hadoop-yarn-applications-distributedshell ---
[INFO] 
[INFO] --- animal-sniffer:1.16:check (signature-check) @ hadoop-yarn-applications-distributedshell ---
[INFO] Checking unresolved references to org.codehaus.mojo.signature:java17:1.0
[INFO] 
[INFO] --- enforcer:1.4.1:enforce (depcheck) @ hadoop-yarn-applications-distributedshell ---
[INFO] Skipping Rule Enforcement.
[INFO] 
[INFO] --- install:2.5.1:install (default-install) @ hadoop-yarn-applications-distributedshell ---
[INFO] Installing /home/runner/work/sonar-analysis/sonar-analysis/project/hadoop-yarn-project/hadoop-yarn/hadoop-yarn-applications/hadoop-yarn-applications-distributedshell/target/hadoop-yarn-applications-distributedshell-2.10.0-SNAPSHOT.jar to /home/runner/.m2/repository/org/apache/hadoop/hadoop-yarn-applications-distributedshell/2.10.0-SNAPSHOT/hadoop-yarn-applications-distributedshell-2.10.0-SNAPSHOT.jar
[INFO] Installing /home/runner/work/sonar-analysis/sonar-analysis/project/hadoop-yarn-project/hadoop-yarn/hadoop-yarn-applications/hadoop-yarn-applications-distributedshell/pom.xml to /home/runner/.m2/repository/org/apache/hadoop/hadoop-yarn-applications-distributedshell/2.10.0-SNAPSHOT/hadoop-yarn-applications-distributedshell-2.10.0-SNAPSHOT.pom
[INFO] 
[INFO] --< org.apache.hadoop:hadoop-yarn-applications-unmanaged-am-launcher >--
[INFO] Building Apache Hadoop YARN Unmanaged Am Launcher 2.10.0-SNAPSHOT [47/84]
[INFO]   from hadoop-yarn-project/hadoop-yarn/hadoop-yarn-applications/hadoop-yarn-applications-unmanaged-am-launcher/pom.xml
[INFO] --------------------------------[ jar ]---------------------------------
[INFO] 
[INFO] --- clean:2.5:clean (default-clean) @ hadoop-yarn-applications-unmanaged-am-launcher ---
[INFO] Deleting /home/runner/work/sonar-analysis/sonar-analysis/project/hadoop-yarn-project/hadoop-yarn/hadoop-yarn-applications/hadoop-yarn-applications-unmanaged-am-launcher/target
[INFO] 
[INFO] --- antrun:1.7:run (create-testdirs) @ hadoop-yarn-applications-unmanaged-am-launcher ---
[INFO] Executing tasks

main:
    [mkdir] Created dir: /home/runner/work/sonar-analysis/sonar-analysis/project/hadoop-yarn-project/hadoop-yarn/hadoop-yarn-applications/hadoop-yarn-applications-unmanaged-am-launcher/target/test-dir
[INFO] Executed tasks
[INFO] 
[INFO] --- remote-resources:1.5:process (default) @ hadoop-yarn-applications-unmanaged-am-launcher ---
[INFO] 
[INFO] --- resources:2.6:resources (default-resources) @ hadoop-yarn-applications-unmanaged-am-launcher ---
[INFO] Using 'UTF-8' encoding to copy filtered resources.
[INFO] skip non existing resourceDirectory /home/runner/work/sonar-analysis/sonar-analysis/project/hadoop-yarn-project/hadoop-yarn/hadoop-yarn-applications/hadoop-yarn-applications-unmanaged-am-launcher/src/main/resources
[INFO] Copying 2 resources
[INFO] 
[INFO] --- compiler:3.1:compile (default-compile) @ hadoop-yarn-applications-unmanaged-am-launcher ---
[INFO] Compiling 1 source file to /home/runner/work/sonar-analysis/sonar-analysis/project/hadoop-yarn-project/hadoop-yarn/hadoop-yarn-applications/hadoop-yarn-applications-unmanaged-am-launcher/target/classes
[INFO] 
[INFO] --- resources:2.6:testResources (default-testResources) @ hadoop-yarn-applications-unmanaged-am-launcher ---
[INFO] Using 'UTF-8' encoding to copy filtered resources.
[INFO] Copying 2 resources
[INFO] Copying 2 resources
[INFO] 
[INFO] --- compiler:3.1:testCompile (default-testCompile) @ hadoop-yarn-applications-unmanaged-am-launcher ---
[INFO] Compiling 1 source file to /home/runner/work/sonar-analysis/sonar-analysis/project/hadoop-yarn-project/hadoop-yarn/hadoop-yarn-applications/hadoop-yarn-applications-unmanaged-am-launcher/target/test-classes
[INFO] 
[INFO] --- surefire:2.21.0:test (default-test) @ hadoop-yarn-applications-unmanaged-am-launcher ---
[INFO] Tests are skipped.
[INFO] 
[INFO] --- jar:2.5:jar (default-jar) @ hadoop-yarn-applications-unmanaged-am-launcher ---
[INFO] Building jar: /home/runner/work/sonar-analysis/sonar-analysis/project/hadoop-yarn-project/hadoop-yarn/hadoop-yarn-applications/hadoop-yarn-applications-unmanaged-am-launcher/target/hadoop-yarn-applications-unmanaged-am-launcher-2.10.0-SNAPSHOT.jar
[INFO] 
[INFO] --- site:3.5:attach-descriptor (attach-descriptor) @ hadoop-yarn-applications-unmanaged-am-launcher ---
[INFO] 
[INFO] --- animal-sniffer:1.16:check (signature-check) @ hadoop-yarn-applications-unmanaged-am-launcher ---
[INFO] Checking unresolved references to org.codehaus.mojo.signature:java17:1.0
[INFO] 
[INFO] --- enforcer:1.4.1:enforce (depcheck) @ hadoop-yarn-applications-unmanaged-am-launcher ---
[INFO] Skipping Rule Enforcement.
[INFO] 
[INFO] --- install:2.5.1:install (default-install) @ hadoop-yarn-applications-unmanaged-am-launcher ---
[INFO] Installing /home/runner/work/sonar-analysis/sonar-analysis/project/hadoop-yarn-project/hadoop-yarn/hadoop-yarn-applications/hadoop-yarn-applications-unmanaged-am-launcher/target/hadoop-yarn-applications-unmanaged-am-launcher-2.10.0-SNAPSHOT.jar to /home/runner/.m2/repository/org/apache/hadoop/hadoop-yarn-applications-unmanaged-am-launcher/2.10.0-SNAPSHOT/hadoop-yarn-applications-unmanaged-am-launcher-2.10.0-SNAPSHOT.jar
[INFO] Installing /home/runner/work/sonar-analysis/sonar-analysis/project/hadoop-yarn-project/hadoop-yarn/hadoop-yarn-applications/hadoop-yarn-applications-unmanaged-am-launcher/pom.xml to /home/runner/.m2/repository/org/apache/hadoop/hadoop-yarn-applications-unmanaged-am-launcher/2.10.0-SNAPSHOT/hadoop-yarn-applications-unmanaged-am-launcher-2.10.0-SNAPSHOT.pom
[INFO] 
[INFO] -----------------< org.apache.hadoop:hadoop-yarn-site >-----------------
[INFO] Building Apache Hadoop YARN Site 2.10.0-SNAPSHOT                 [48/84]
[INFO]   from hadoop-yarn-project/hadoop-yarn/hadoop-yarn-site/pom.xml
[INFO] --------------------------------[ pom ]---------------------------------
[INFO] 
[INFO] --- clean:2.5:clean (default-clean) @ hadoop-yarn-site ---
[INFO] Deleting /home/runner/work/sonar-analysis/sonar-analysis/project/hadoop-yarn-project/hadoop-yarn/hadoop-yarn-site/target
[INFO] 
[INFO] --- antrun:1.7:run (create-testdirs) @ hadoop-yarn-site ---
[INFO] Executing tasks

main:
    [mkdir] Created dir: /home/runner/work/sonar-analysis/sonar-analysis/project/hadoop-yarn-project/hadoop-yarn/hadoop-yarn-site/target/test-dir
[INFO] Executed tasks
[INFO] 
[INFO] --- remote-resources:1.5:process (default) @ hadoop-yarn-site ---
[INFO] 
[INFO] --- site:3.5:attach-descriptor (attach-descriptor) @ hadoop-yarn-site ---
[INFO] 
[INFO] --- animal-sniffer:1.16:check (signature-check) @ hadoop-yarn-site ---
[INFO] Checking unresolved references to org.codehaus.mojo.signature:java17:1.0
[INFO] 
[INFO] --- enforcer:1.4.1:enforce (depcheck) @ hadoop-yarn-site ---
[INFO] Skipping Rule Enforcement.
[INFO] 
[INFO] --- install:2.5.1:install (default-install) @ hadoop-yarn-site ---
[INFO] Installing /home/runner/work/sonar-analysis/sonar-analysis/project/hadoop-yarn-project/hadoop-yarn/hadoop-yarn-site/pom.xml to /home/runner/.m2/repository/org/apache/hadoop/hadoop-yarn-site/2.10.0-SNAPSHOT/hadoop-yarn-site-2.10.0-SNAPSHOT.pom
[INFO] Installing /home/runner/work/sonar-analysis/sonar-analysis/project/hadoop-yarn-project/hadoop-yarn/hadoop-yarn-site/target/hadoop-yarn-site-2.10.0-SNAPSHOT-site.xml to /home/runner/.m2/repository/org/apache/hadoop/hadoop-yarn-site/2.10.0-SNAPSHOT/hadoop-yarn-site-2.10.0-SNAPSHOT-site.xml
[INFO] 
[INFO] ------------------< org.apache.hadoop:hadoop-yarn-ui >------------------
[INFO] Building Apache Hadoop YARN UI 2.10.0-SNAPSHOT                   [49/84]
[INFO]   from hadoop-yarn-project/hadoop-yarn/hadoop-yarn-ui/pom.xml
[INFO] --------------------------------[ pom ]---------------------------------
[INFO] 
[INFO] --- clean:3.0.0:clean (default-clean) @ hadoop-yarn-ui ---
[INFO] Deleting /home/runner/work/sonar-analysis/sonar-analysis/project/hadoop-yarn-project/hadoop-yarn/hadoop-yarn-ui/target
[INFO] 
[INFO] --- antrun:1.7:run (create-testdirs) @ hadoop-yarn-ui ---
[INFO] Executing tasks

main:
    [mkdir] Created dir: /home/runner/work/sonar-analysis/sonar-analysis/project/hadoop-yarn-project/hadoop-yarn/hadoop-yarn-ui/target/test-dir
[INFO] Executed tasks
[INFO] 
[INFO] --- remote-resources:1.5:process (default) @ hadoop-yarn-ui ---
[INFO] 
[INFO] --- site:3.5:attach-descriptor (attach-descriptor) @ hadoop-yarn-ui ---
[INFO] 
[INFO] --- animal-sniffer:1.16:check (signature-check) @ hadoop-yarn-ui ---
[INFO] Checking unresolved references to org.codehaus.mojo.signature:java17:1.0
[INFO] 
[INFO] --- enforcer:1.4.1:enforce (depcheck) @ hadoop-yarn-ui ---
[INFO] Skipping Rule Enforcement.
[INFO] 
[INFO] --- install:2.5.1:install (default-install) @ hadoop-yarn-ui ---
[INFO] Installing /home/runner/work/sonar-analysis/sonar-analysis/project/hadoop-yarn-project/hadoop-yarn/hadoop-yarn-ui/pom.xml to /home/runner/.m2/repository/org/apache/hadoop/hadoop-yarn-ui/2.10.0-SNAPSHOT/hadoop-yarn-ui-2.10.0-SNAPSHOT.pom
[INFO] 
[INFO] ---------------< org.apache.hadoop:hadoop-yarn-project >----------------
[INFO] Building Apache Hadoop YARN Project 2.10.0-SNAPSHOT              [50/84]
[INFO]   from hadoop-yarn-project/pom.xml
[INFO] --------------------------------[ pom ]---------------------------------
[INFO] 
[INFO] --- clean:2.5:clean (default-clean) @ hadoop-yarn-project ---
[INFO] Deleting /home/runner/work/sonar-analysis/sonar-analysis/project/hadoop-yarn-project/target
[INFO] 
[INFO] --- antrun:1.7:run (create-testdirs) @ hadoop-yarn-project ---
[INFO] Executing tasks

main:
    [mkdir] Created dir: /home/runner/work/sonar-analysis/sonar-analysis/project/hadoop-yarn-project/target/test-dir
[INFO] Executed tasks
[INFO] 
[INFO] --- remote-resources:1.5:process (default) @ hadoop-yarn-project ---
[INFO] 
[INFO] --- antrun:1.7:run (tar) @ hadoop-yarn-project ---
[INFO] Executing tasks

main:
[INFO] Executed tasks
[INFO] 
[INFO] --- site:3.5:attach-descriptor (attach-descriptor) @ hadoop-yarn-project ---
[INFO] 
[INFO] --- animal-sniffer:1.16:check (signature-check) @ hadoop-yarn-project ---
[INFO] Checking unresolved references to org.codehaus.mojo.signature:java17:1.0
[INFO] 
[INFO] --- enforcer:1.4.1:enforce (depcheck) @ hadoop-yarn-project ---
[INFO] Skipping Rule Enforcement.
[INFO] 
[INFO] --- install:2.5.1:install (default-install) @ hadoop-yarn-project ---
[INFO] Installing /home/runner/work/sonar-analysis/sonar-analysis/project/hadoop-yarn-project/pom.xml to /home/runner/.m2/repository/org/apache/hadoop/hadoop-yarn-project/2.10.0-SNAPSHOT/hadoop-yarn-project-2.10.0-SNAPSHOT.pom
[INFO] 
[INFO] -------------< org.apache.hadoop:hadoop-mapreduce-client >--------------
[INFO] Building Apache Hadoop MapReduce Client 2.10.0-SNAPSHOT          [51/84]
[INFO]   from hadoop-mapreduce-project/hadoop-mapreduce-client/pom.xml
[INFO] --------------------------------[ pom ]---------------------------------
[INFO] 
[INFO] --- clean:2.5:clean (default-clean) @ hadoop-mapreduce-client ---
[INFO] Deleting /home/runner/work/sonar-analysis/sonar-analysis/project/hadoop-mapreduce-project/hadoop-mapreduce-client/target
[INFO] 
[INFO] --- antrun:1.7:run (create-testdirs) @ hadoop-mapreduce-client ---
[INFO] Executing tasks

main:
    [mkdir] Created dir: /home/runner/work/sonar-analysis/sonar-analysis/project/hadoop-mapreduce-project/hadoop-mapreduce-client/target/test-dir
[INFO] Executed tasks
[INFO] 
[INFO] --- remote-resources:1.5:process (default) @ hadoop-mapreduce-client ---
[INFO] 
[INFO] --- site:3.5:attach-descriptor (attach-descriptor) @ hadoop-mapreduce-client ---
[INFO] 
[INFO] --- animal-sniffer:1.16:check (signature-check) @ hadoop-mapreduce-client ---
[INFO] Checking unresolved references to org.codehaus.mojo.signature:java17:1.0
[INFO] 
[INFO] --- enforcer:1.4.1:enforce (depcheck) @ hadoop-mapreduce-client ---
[INFO] Skipping Rule Enforcement.
[INFO] 
[INFO] --- install:2.5.1:install (default-install) @ hadoop-mapreduce-client ---
[INFO] Installing /home/runner/work/sonar-analysis/sonar-analysis/project/hadoop-mapreduce-project/hadoop-mapreduce-client/pom.xml to /home/runner/.m2/repository/org/apache/hadoop/hadoop-mapreduce-client/2.10.0-SNAPSHOT/hadoop-mapreduce-client-2.10.0-SNAPSHOT.pom
[INFO] 
[INFO] -----------< org.apache.hadoop:hadoop-mapreduce-client-core >-----------
[INFO] Building Apache Hadoop MapReduce Core 2.10.0-SNAPSHOT            [52/84]
[INFO]   from hadoop-mapreduce-project/hadoop-mapreduce-client/hadoop-mapreduce-client-core/pom.xml
[INFO] --------------------------------[ jar ]---------------------------------
[INFO] 
[INFO] --- clean:2.5:clean (default-clean) @ hadoop-mapreduce-client-core ---
[INFO] Deleting /home/runner/work/sonar-analysis/sonar-analysis/project/hadoop-mapreduce-project/hadoop-mapreduce-client/hadoop-mapreduce-client-core/target
[INFO] Deleting /home/runner/work/sonar-analysis/sonar-analysis/project/hadoop-mapreduce-project/hadoop-mapreduce-client/hadoop-mapreduce-client-core/src/site/resources (includes = [configuration.xsl, mapred-default.xml], excludes = [])
[INFO] 
[INFO] --- antrun:1.7:run (create-testdirs) @ hadoop-mapreduce-client-core ---
[INFO] Executing tasks

main:
    [mkdir] Created dir: /home/runner/work/sonar-analysis/sonar-analysis/project/hadoop-mapreduce-project/hadoop-mapreduce-client/hadoop-mapreduce-client-core/target/test-dir
[INFO] Executed tasks
[INFO] 
[INFO] --- avro:1.7.7:protocol (default) @ hadoop-mapreduce-client-core ---
[INFO] 
[INFO] --- remote-resources:1.5:process (default) @ hadoop-mapreduce-client-core ---
[INFO] 
[INFO] --- resources:2.6:resources (default-resources) @ hadoop-mapreduce-client-core ---
[INFO] Using 'UTF-8' encoding to copy filtered resources.
[INFO] Copying 8 resources
[INFO] Copying 2 resources
[INFO] 
[INFO] --- compiler:3.1:compile (default-compile) @ hadoop-mapreduce-client-core ---
[INFO] Compiling 502 source files to /home/runner/work/sonar-analysis/sonar-analysis/project/hadoop-mapreduce-project/hadoop-mapreduce-client/hadoop-mapreduce-client-core/target/classes
[WARNING] /home/runner/work/sonar-analysis/sonar-analysis/project/hadoop-mapreduce-project/hadoop-mapreduce-client/hadoop-mapreduce-client-core/src/main/java/org/apache/hadoop/mapred/Mapper.java: Some input files use or override a deprecated API.
[WARNING] /home/runner/work/sonar-analysis/sonar-analysis/project/hadoop-mapreduce-project/hadoop-mapreduce-client/hadoop-mapreduce-client-core/src/main/java/org/apache/hadoop/mapred/Mapper.java: Recompile with -Xlint:deprecation for details.
[WARNING] /home/runner/work/sonar-analysis/sonar-analysis/project/hadoop-mapreduce-project/hadoop-mapreduce-client/hadoop-mapreduce-client-core/target/generated-sources/avro/org/apache/hadoop/mapreduce/jobhistory/JhCounterGroup.java: Some input files use unchecked or unsafe operations.
[WARNING] /home/runner/work/sonar-analysis/sonar-analysis/project/hadoop-mapreduce-project/hadoop-mapreduce-client/hadoop-mapreduce-client-core/target/generated-sources/avro/org/apache/hadoop/mapreduce/jobhistory/JhCounterGroup.java: Recompile with -Xlint:unchecked for details.
[INFO] 
[INFO] --- resources:2.6:testResources (default-testResources) @ hadoop-mapreduce-client-core ---
[INFO] Using 'UTF-8' encoding to copy filtered resources.
[INFO] Copying 9 resources
[INFO] Copying 2 resources
[INFO] 
[INFO] --- compiler:3.1:testCompile (default-testCompile) @ hadoop-mapreduce-client-core ---
[INFO] Compiling 51 source files to /home/runner/work/sonar-analysis/sonar-analysis/project/hadoop-mapreduce-project/hadoop-mapreduce-client/hadoop-mapreduce-client-core/target/test-classes
[WARNING] /home/runner/work/sonar-analysis/sonar-analysis/project/hadoop-mapreduce-project/hadoop-mapreduce-client/hadoop-mapreduce-client-core/src/test/java/org/apache/hadoop/mapreduce/filecache/TestDistributedCache.java: Some input files use or override a deprecated API.
[WARNING] /home/runner/work/sonar-analysis/sonar-analysis/project/hadoop-mapreduce-project/hadoop-mapreduce-client/hadoop-mapreduce-client-core/src/test/java/org/apache/hadoop/mapreduce/filecache/TestDistributedCache.java: Recompile with -Xlint:deprecation for details.
[INFO] 
[INFO] --- surefire:2.21.0:test (default-test) @ hadoop-mapreduce-client-core ---
[INFO] Tests are skipped.
[INFO] 
[INFO] --- jar:2.5:jar (default-jar) @ hadoop-mapreduce-client-core ---
[INFO] Building jar: /home/runner/work/sonar-analysis/sonar-analysis/project/hadoop-mapreduce-project/hadoop-mapreduce-client/hadoop-mapreduce-client-core/target/hadoop-mapreduce-client-core-2.10.0-SNAPSHOT.jar
[INFO] 
[INFO] --- site:3.5:attach-descriptor (attach-descriptor) @ hadoop-mapreduce-client-core ---
[INFO] 
[INFO] --- animal-sniffer:1.16:check (signature-check) @ hadoop-mapreduce-client-core ---
[INFO] Checking unresolved references to org.codehaus.mojo.signature:java17:1.0
[INFO] 
[INFO] --- enforcer:1.4.1:enforce (depcheck) @ hadoop-mapreduce-client-core ---
[INFO] Skipping Rule Enforcement.
[INFO] 
[INFO] --- install:2.5.1:install (default-install) @ hadoop-mapreduce-client-core ---
[INFO] Installing /home/runner/work/sonar-analysis/sonar-analysis/project/hadoop-mapreduce-project/hadoop-mapreduce-client/hadoop-mapreduce-client-core/target/hadoop-mapreduce-client-core-2.10.0-SNAPSHOT.jar to /home/runner/.m2/repository/org/apache/hadoop/hadoop-mapreduce-client-core/2.10.0-SNAPSHOT/hadoop-mapreduce-client-core-2.10.0-SNAPSHOT.jar
[INFO] Installing /home/runner/work/sonar-analysis/sonar-analysis/project/hadoop-mapreduce-project/hadoop-mapreduce-client/hadoop-mapreduce-client-core/pom.xml to /home/runner/.m2/repository/org/apache/hadoop/hadoop-mapreduce-client-core/2.10.0-SNAPSHOT/hadoop-mapreduce-client-core-2.10.0-SNAPSHOT.pom
[INFO] 
[INFO] ----------< org.apache.hadoop:hadoop-mapreduce-client-common >----------
[INFO] Building Apache Hadoop MapReduce Common 2.10.0-SNAPSHOT          [53/84]
[INFO]   from hadoop-mapreduce-project/hadoop-mapreduce-client/hadoop-mapreduce-client-common/pom.xml
[INFO] --------------------------------[ jar ]---------------------------------
[INFO] 
[INFO] --- clean:2.5:clean (default-clean) @ hadoop-mapreduce-client-common ---
[INFO] Deleting /home/runner/work/sonar-analysis/sonar-analysis/project/hadoop-mapreduce-project/hadoop-mapreduce-client/hadoop-mapreduce-client-common/target
[INFO] 
[INFO] --- antrun:1.7:run (create-testdirs) @ hadoop-mapreduce-client-common ---
[INFO] Executing tasks

main:
    [mkdir] Created dir: /home/runner/work/sonar-analysis/sonar-analysis/project/hadoop-mapreduce-project/hadoop-mapreduce-client/hadoop-mapreduce-client-common/target/test-dir
[INFO] Executed tasks
[INFO] 
[INFO] --- hadoops:2.10.0-SNAPSHOT:protoc (compile-protoc) @ hadoop-mapreduce-client-common ---
[INFO] Wrote protoc checksums to file /home/runner/work/sonar-analysis/sonar-analysis/project/hadoop-mapreduce-project/hadoop-mapreduce-client/hadoop-mapreduce-client-common/target/hadoop-maven-plugins-protoc-checksums.json
[INFO] 
[INFO] --- remote-resources:1.5:process (default) @ hadoop-mapreduce-client-common ---
[INFO] 
[INFO] --- resources:2.6:resources (default-resources) @ hadoop-mapreduce-client-common ---
[INFO] Using 'UTF-8' encoding to copy filtered resources.
[INFO] Copying 3 resources
[INFO] Copying 2 resources
[INFO] 
[INFO] --- compiler:3.1:compile (default-compile) @ hadoop-mapreduce-client-common ---
[INFO] Compiling 130 source files to /home/runner/work/sonar-analysis/sonar-analysis/project/hadoop-mapreduce-project/hadoop-mapreduce-client/hadoop-mapreduce-client-common/target/classes
[WARNING] /home/runner/work/sonar-analysis/sonar-analysis/project/hadoop-mapreduce-project/hadoop-mapreduce-client/hadoop-mapreduce-client-common/src/main/java/org/apache/hadoop/mapreduce/v2/util/MRApps.java: Some input files use or override a deprecated API.
[WARNING] /home/runner/work/sonar-analysis/sonar-analysis/project/hadoop-mapreduce-project/hadoop-mapreduce-client/hadoop-mapreduce-client-common/src/main/java/org/apache/hadoop/mapreduce/v2/util/MRApps.java: Recompile with -Xlint:deprecation for details.
[INFO] 
[INFO] --- resources:2.6:testResources (default-testResources) @ hadoop-mapreduce-client-common ---
[INFO] Using 'UTF-8' encoding to copy filtered resources.
[INFO] Copying 1 resource
[INFO] Copying 2 resources
[INFO] 
[INFO] --- compiler:3.1:testCompile (default-testCompile) @ hadoop-mapreduce-client-common ---
[INFO] Compiling 12 source files to /home/runner/work/sonar-analysis/sonar-analysis/project/hadoop-mapreduce-project/hadoop-mapreduce-client/hadoop-mapreduce-client-common/target/test-classes
[WARNING] /home/runner/work/sonar-analysis/sonar-analysis/project/hadoop-mapreduce-project/hadoop-mapreduce-client/hadoop-mapreduce-client-common/src/test/java/org/apache/hadoop/mapreduce/v2/util/TestMRApps.java: Some input files use or override a deprecated API.
[WARNING] /home/runner/work/sonar-analysis/sonar-analysis/project/hadoop-mapreduce-project/hadoop-mapreduce-client/hadoop-mapreduce-client-common/src/test/java/org/apache/hadoop/mapreduce/v2/util/TestMRApps.java: Recompile with -Xlint:deprecation for details.
[INFO] 
[INFO] --- surefire:2.21.0:test (default-test) @ hadoop-mapreduce-client-common ---
[INFO] Tests are skipped.
[INFO] 
[INFO] --- jar:2.5:jar (default-jar) @ hadoop-mapreduce-client-common ---
[INFO] Building jar: /home/runner/work/sonar-analysis/sonar-analysis/project/hadoop-mapreduce-project/hadoop-mapreduce-client/hadoop-mapreduce-client-common/target/hadoop-mapreduce-client-common-2.10.0-SNAPSHOT.jar
[INFO] 
[INFO] --- site:3.5:attach-descriptor (attach-descriptor) @ hadoop-mapreduce-client-common ---
[INFO] 
[INFO] --- animal-sniffer:1.16:check (signature-check) @ hadoop-mapreduce-client-common ---
[INFO] Checking unresolved references to org.codehaus.mojo.signature:java17:1.0
[INFO] 
[INFO] --- enforcer:1.4.1:enforce (depcheck) @ hadoop-mapreduce-client-common ---
[INFO] Skipping Rule Enforcement.
[INFO] 
[INFO] --- install:2.5.1:install (default-install) @ hadoop-mapreduce-client-common ---
[INFO] Installing /home/runner/work/sonar-analysis/sonar-analysis/project/hadoop-mapreduce-project/hadoop-mapreduce-client/hadoop-mapreduce-client-common/target/hadoop-mapreduce-client-common-2.10.0-SNAPSHOT.jar to /home/runner/.m2/repository/org/apache/hadoop/hadoop-mapreduce-client-common/2.10.0-SNAPSHOT/hadoop-mapreduce-client-common-2.10.0-SNAPSHOT.jar
[INFO] Installing /home/runner/work/sonar-analysis/sonar-analysis/project/hadoop-mapreduce-project/hadoop-mapreduce-client/hadoop-mapreduce-client-common/pom.xml to /home/runner/.m2/repository/org/apache/hadoop/hadoop-mapreduce-client-common/2.10.0-SNAPSHOT/hadoop-mapreduce-client-common-2.10.0-SNAPSHOT.pom
[INFO] 
[INFO] ---------< org.apache.hadoop:hadoop-mapreduce-client-shuffle >----------
[INFO] Building Apache Hadoop MapReduce Shuffle 2.10.0-SNAPSHOT         [54/84]
[INFO]   from hadoop-mapreduce-project/hadoop-mapreduce-client/hadoop-mapreduce-client-shuffle/pom.xml
[INFO] --------------------------------[ jar ]---------------------------------
[INFO] 
[INFO] --- clean:2.5:clean (default-clean) @ hadoop-mapreduce-client-shuffle ---
[INFO] Deleting /home/runner/work/sonar-analysis/sonar-analysis/project/hadoop-mapreduce-project/hadoop-mapreduce-client/hadoop-mapreduce-client-shuffle/target
[INFO] 
[INFO] --- antrun:1.7:run (create-testdirs) @ hadoop-mapreduce-client-shuffle ---
[INFO] Executing tasks

main:
    [mkdir] Created dir: /home/runner/work/sonar-analysis/sonar-analysis/project/hadoop-mapreduce-project/hadoop-mapreduce-client/hadoop-mapreduce-client-shuffle/target/test-dir
[INFO] Executed tasks
[INFO] 
[INFO] --- hadoops:2.10.0-SNAPSHOT:protoc (compile-protoc) @ hadoop-mapreduce-client-shuffle ---
[INFO] Wrote protoc checksums to file /home/runner/work/sonar-analysis/sonar-analysis/project/hadoop-mapreduce-project/hadoop-mapreduce-client/hadoop-mapreduce-client-shuffle/target/hadoop-maven-plugins-protoc-checksums.json
[INFO] 
[INFO] --- remote-resources:1.5:process (default) @ hadoop-mapreduce-client-shuffle ---
[INFO] 
[INFO] --- resources:2.6:resources (default-resources) @ hadoop-mapreduce-client-shuffle ---
[INFO] Using 'UTF-8' encoding to copy filtered resources.
[INFO] skip non existing resourceDirectory /home/runner/work/sonar-analysis/sonar-analysis/project/hadoop-mapreduce-project/hadoop-mapreduce-client/hadoop-mapreduce-client-shuffle/src/main/resources
[INFO] Copying 2 resources
[INFO] 
[INFO] --- compiler:3.1:compile (default-compile) @ hadoop-mapreduce-client-shuffle ---
[INFO] Compiling 4 source files to /home/runner/work/sonar-analysis/sonar-analysis/project/hadoop-mapreduce-project/hadoop-mapreduce-client/hadoop-mapreduce-client-shuffle/target/classes
[INFO] 
[INFO] --- resources:2.6:testResources (default-testResources) @ hadoop-mapreduce-client-shuffle ---
[INFO] Using 'UTF-8' encoding to copy filtered resources.
[INFO] Copying 2 resources
[INFO] Copying 2 resources
[INFO] 
[INFO] --- compiler:3.1:testCompile (default-testCompile) @ hadoop-mapreduce-client-shuffle ---
[INFO] Compiling 2 source files to /home/runner/work/sonar-analysis/sonar-analysis/project/hadoop-mapreduce-project/hadoop-mapreduce-client/hadoop-mapreduce-client-shuffle/target/test-classes
[WARNING] /home/runner/work/sonar-analysis/sonar-analysis/project/hadoop-mapreduce-project/hadoop-mapreduce-client/hadoop-mapreduce-client-shuffle/src/test/java/org/apache/hadoop/mapred/TestFadvisedFileRegion.java: /home/runner/work/sonar-analysis/sonar-analysis/project/hadoop-mapreduce-project/hadoop-mapreduce-client/hadoop-mapreduce-client-shuffle/src/test/java/org/apache/hadoop/mapred/TestFadvisedFileRegion.java uses or overrides a deprecated API.
[WARNING] /home/runner/work/sonar-analysis/sonar-analysis/project/hadoop-mapreduce-project/hadoop-mapreduce-client/hadoop-mapreduce-client-shuffle/src/test/java/org/apache/hadoop/mapred/TestFadvisedFileRegion.java: Recompile with -Xlint:deprecation for details.
[INFO] 
[INFO] --- surefire:2.21.0:test (default-test) @ hadoop-mapreduce-client-shuffle ---
[INFO] Tests are skipped.
[INFO] 
[INFO] --- jar:2.5:jar (default-jar) @ hadoop-mapreduce-client-shuffle ---
[INFO] Building jar: /home/runner/work/sonar-analysis/sonar-analysis/project/hadoop-mapreduce-project/hadoop-mapreduce-client/hadoop-mapreduce-client-shuffle/target/hadoop-mapreduce-client-shuffle-2.10.0-SNAPSHOT.jar
[INFO] 
[INFO] --- site:3.5:attach-descriptor (attach-descriptor) @ hadoop-mapreduce-client-shuffle ---
[INFO] 
[INFO] --- animal-sniffer:1.16:check (signature-check) @ hadoop-mapreduce-client-shuffle ---
[INFO] Checking unresolved references to org.codehaus.mojo.signature:java17:1.0
[INFO] 
[INFO] --- enforcer:1.4.1:enforce (depcheck) @ hadoop-mapreduce-client-shuffle ---
[INFO] Skipping Rule Enforcement.
[INFO] 
[INFO] --- install:2.5.1:install (default-install) @ hadoop-mapreduce-client-shuffle ---
[INFO] Installing /home/runner/work/sonar-analysis/sonar-analysis/project/hadoop-mapreduce-project/hadoop-mapreduce-client/hadoop-mapreduce-client-shuffle/target/hadoop-mapreduce-client-shuffle-2.10.0-SNAPSHOT.jar to /home/runner/.m2/repository/org/apache/hadoop/hadoop-mapreduce-client-shuffle/2.10.0-SNAPSHOT/hadoop-mapreduce-client-shuffle-2.10.0-SNAPSHOT.jar
[INFO] Installing /home/runner/work/sonar-analysis/sonar-analysis/project/hadoop-mapreduce-project/hadoop-mapreduce-client/hadoop-mapreduce-client-shuffle/pom.xml to /home/runner/.m2/repository/org/apache/hadoop/hadoop-mapreduce-client-shuffle/2.10.0-SNAPSHOT/hadoop-mapreduce-client-shuffle-2.10.0-SNAPSHOT.pom
[INFO] 
[INFO] -----------< org.apache.hadoop:hadoop-mapreduce-client-app >------------
[INFO] Building Apache Hadoop MapReduce App 2.10.0-SNAPSHOT             [55/84]
[INFO]   from hadoop-mapreduce-project/hadoop-mapreduce-client/hadoop-mapreduce-client-app/pom.xml
[INFO] --------------------------------[ jar ]---------------------------------
[INFO] 
[INFO] --- clean:2.5:clean (default-clean) @ hadoop-mapreduce-client-app ---
[INFO] Deleting /home/runner/work/sonar-analysis/sonar-analysis/project/hadoop-mapreduce-project/hadoop-mapreduce-client/hadoop-mapreduce-client-app/target
[INFO] 
[INFO] --- antrun:1.7:run (create-testdirs) @ hadoop-mapreduce-client-app ---
[INFO] Executing tasks

main:
    [mkdir] Created dir: /home/runner/work/sonar-analysis/sonar-analysis/project/hadoop-mapreduce-project/hadoop-mapreduce-client/hadoop-mapreduce-client-app/target/test-dir
[INFO] Executed tasks
[INFO] 
[INFO] --- remote-resources:1.5:process (default) @ hadoop-mapreduce-client-app ---
[INFO] 
[INFO] --- resources:2.6:resources (default-resources) @ hadoop-mapreduce-client-app ---
[INFO] Using 'UTF-8' encoding to copy filtered resources.
[INFO] Copying 1 resource
[INFO] Copying 2 resources
[INFO] 
[INFO] --- compiler:3.1:compile (default-compile) @ hadoop-mapreduce-client-app ---
[INFO] Compiling 157 source files to /home/runner/work/sonar-analysis/sonar-analysis/project/hadoop-mapreduce-project/hadoop-mapreduce-client/hadoop-mapreduce-client-app/target/classes
[WARNING] /home/runner/work/sonar-analysis/sonar-analysis/project/hadoop-mapreduce-project/hadoop-mapreduce-client/hadoop-mapreduce-client-app/src/main/java/org/apache/hadoop/mapreduce/jobhistory/JobHistoryEventHandler.java: Some input files use or override a deprecated API.
[WARNING] /home/runner/work/sonar-analysis/sonar-analysis/project/hadoop-mapreduce-project/hadoop-mapreduce-client/hadoop-mapreduce-client-app/src/main/java/org/apache/hadoop/mapreduce/jobhistory/JobHistoryEventHandler.java: Recompile with -Xlint:deprecation for details.
[WARNING] /home/runner/work/sonar-analysis/sonar-analysis/project/hadoop-mapreduce-project/hadoop-mapreduce-client/hadoop-mapreduce-client-app/src/main/java/org/apache/hadoop/mapreduce/jobhistory/JobHistoryEventHandler.java: Some input files use unchecked or unsafe operations.
[WARNING] /home/runner/work/sonar-analysis/sonar-analysis/project/hadoop-mapreduce-project/hadoop-mapreduce-client/hadoop-mapreduce-client-app/src/main/java/org/apache/hadoop/mapreduce/jobhistory/JobHistoryEventHandler.java: Recompile with -Xlint:unchecked for details.
[INFO] 
[INFO] --- resources:2.6:testResources (default-testResources) @ hadoop-mapreduce-client-app ---
[INFO] Using 'UTF-8' encoding to copy filtered resources.
[INFO] Copying 2 resources
[INFO] Copying 2 resources
[INFO] 
[INFO] --- compiler:3.1:testCompile (default-testCompile) @ hadoop-mapreduce-client-app ---
[INFO] Compiling 56 source files to /home/runner/work/sonar-analysis/sonar-analysis/project/hadoop-mapreduce-project/hadoop-mapreduce-client/hadoop-mapreduce-client-app/target/test-classes
[WARNING] /home/runner/work/sonar-analysis/sonar-analysis/project/hadoop-mapreduce-project/hadoop-mapreduce-client/hadoop-mapreduce-client-app/src/test/java/org/apache/hadoop/mapreduce/v2/app/job/impl/TestTaskAttempt.java: Some input files use or override a deprecated API.
[WARNING] /home/runner/work/sonar-analysis/sonar-analysis/project/hadoop-mapreduce-project/hadoop-mapreduce-client/hadoop-mapreduce-client-app/src/test/java/org/apache/hadoop/mapreduce/v2/app/job/impl/TestTaskAttempt.java: Recompile with -Xlint:deprecation for details.
[WARNING] /home/runner/work/sonar-analysis/sonar-analysis/project/hadoop-mapreduce-project/hadoop-mapreduce-client/hadoop-mapreduce-client-app/src/test/java/org/apache/hadoop/mapreduce/v2/app/TestFetchFailure.java: Some input files use unchecked or unsafe operations.
[WARNING] /home/runner/work/sonar-analysis/sonar-analysis/project/hadoop-mapreduce-project/hadoop-mapreduce-client/hadoop-mapreduce-client-app/src/test/java/org/apache/hadoop/mapreduce/v2/app/TestFetchFailure.java: Recompile with -Xlint:unchecked for details.
[INFO] 
[INFO] --- jar:2.5:test-jar (default) @ hadoop-mapreduce-client-app ---
[INFO] Building jar: /home/runner/work/sonar-analysis/sonar-analysis/project/hadoop-mapreduce-project/hadoop-mapreduce-client/hadoop-mapreduce-client-app/target/hadoop-mapreduce-client-app-2.10.0-SNAPSHOT-tests.jar
[INFO] 
[INFO] --- surefire:2.21.0:test (default-test) @ hadoop-mapreduce-client-app ---
[INFO] Tests are skipped.
[INFO] 
[INFO] --- jar:2.5:jar (default-jar) @ hadoop-mapreduce-client-app ---
[INFO] Building jar: /home/runner/work/sonar-analysis/sonar-analysis/project/hadoop-mapreduce-project/hadoop-mapreduce-client/hadoop-mapreduce-client-app/target/hadoop-mapreduce-client-app-2.10.0-SNAPSHOT.jar
[INFO] 
[INFO] --- site:3.5:attach-descriptor (attach-descriptor) @ hadoop-mapreduce-client-app ---
[INFO] 
[INFO] --- animal-sniffer:1.16:check (signature-check) @ hadoop-mapreduce-client-app ---
[INFO] Checking unresolved references to org.codehaus.mojo.signature:java17:1.0
[INFO] 
[INFO] --- enforcer:1.4.1:enforce (depcheck) @ hadoop-mapreduce-client-app ---
[INFO] Skipping Rule Enforcement.
[INFO] 
[INFO] --- install:2.5.1:install (default-install) @ hadoop-mapreduce-client-app ---
[INFO] Installing /home/runner/work/sonar-analysis/sonar-analysis/project/hadoop-mapreduce-project/hadoop-mapreduce-client/hadoop-mapreduce-client-app/target/hadoop-mapreduce-client-app-2.10.0-SNAPSHOT.jar to /home/runner/.m2/repository/org/apache/hadoop/hadoop-mapreduce-client-app/2.10.0-SNAPSHOT/hadoop-mapreduce-client-app-2.10.0-SNAPSHOT.jar
[INFO] Installing /home/runner/work/sonar-analysis/sonar-analysis/project/hadoop-mapreduce-project/hadoop-mapreduce-client/hadoop-mapreduce-client-app/pom.xml to /home/runner/.m2/repository/org/apache/hadoop/hadoop-mapreduce-client-app/2.10.0-SNAPSHOT/hadoop-mapreduce-client-app-2.10.0-SNAPSHOT.pom
[INFO] Installing /home/runner/work/sonar-analysis/sonar-analysis/project/hadoop-mapreduce-project/hadoop-mapreduce-client/hadoop-mapreduce-client-app/target/hadoop-mapreduce-client-app-2.10.0-SNAPSHOT-tests.jar to /home/runner/.m2/repository/org/apache/hadoop/hadoop-mapreduce-client-app/2.10.0-SNAPSHOT/hadoop-mapreduce-client-app-2.10.0-SNAPSHOT-tests.jar
[INFO] 
[INFO] ------------< org.apache.hadoop:hadoop-mapreduce-client-hs >------------
[INFO] Building Apache Hadoop MapReduce HistoryServer 2.10.0-SNAPSHOT   [56/84]
[INFO]   from hadoop-mapreduce-project/hadoop-mapreduce-client/hadoop-mapreduce-client-hs/pom.xml
[INFO] --------------------------------[ jar ]---------------------------------
[INFO] 
[INFO] --- clean:2.5:clean (default-clean) @ hadoop-mapreduce-client-hs ---
[INFO] Deleting /home/runner/work/sonar-analysis/sonar-analysis/project/hadoop-mapreduce-project/hadoop-mapreduce-client/hadoop-mapreduce-client-hs/target
[INFO] 
[INFO] --- antrun:1.7:run (create-testdirs) @ hadoop-mapreduce-client-hs ---
[INFO] Executing tasks

main:
    [mkdir] Created dir: /home/runner/work/sonar-analysis/sonar-analysis/project/hadoop-mapreduce-project/hadoop-mapreduce-client/hadoop-mapreduce-client-hs/target/test-dir
[INFO] Executed tasks
[INFO] 
[INFO] --- remote-resources:1.5:process (default) @ hadoop-mapreduce-client-hs ---
[INFO] 
[INFO] --- resources:2.6:resources (default-resources) @ hadoop-mapreduce-client-hs ---
[INFO] Using 'UTF-8' encoding to copy filtered resources.
[INFO] skip non existing resourceDirectory /home/runner/work/sonar-analysis/sonar-analysis/project/hadoop-mapreduce-project/hadoop-mapreduce-client/hadoop-mapreduce-client-hs/src/main/resources
[INFO] Copying 2 resources
[INFO] 
[INFO] --- compiler:3.1:compile (default-compile) @ hadoop-mapreduce-client-hs ---
[INFO] Compiling 49 source files to /home/runner/work/sonar-analysis/sonar-analysis/project/hadoop-mapreduce-project/hadoop-mapreduce-client/hadoop-mapreduce-client-hs/target/classes
[WARNING] /home/runner/work/sonar-analysis/sonar-analysis/project/hadoop-mapreduce-project/hadoop-mapreduce-client/hadoop-mapreduce-client-hs/src/main/java/org/apache/hadoop/mapreduce/v2/hs/HistoryServerFileSystemStateStoreService.java: Some input files use or override a deprecated API.
[WARNING] /home/runner/work/sonar-analysis/sonar-analysis/project/hadoop-mapreduce-project/hadoop-mapreduce-client/hadoop-mapreduce-client-hs/src/main/java/org/apache/hadoop/mapreduce/v2/hs/HistoryServerFileSystemStateStoreService.java: Recompile with -Xlint:deprecation for details.
[INFO] 
[INFO] --- resources:2.6:testResources (default-testResources) @ hadoop-mapreduce-client-hs ---
[INFO] Using 'UTF-8' encoding to copy filtered resources.
[INFO] Copying 8 resources
[INFO] Copying 2 resources
[INFO] 
[INFO] --- compiler:3.1:testCompile (default-testCompile) @ hadoop-mapreduce-client-hs ---
[INFO] Compiling 30 source files to /home/runner/work/sonar-analysis/sonar-analysis/project/hadoop-mapreduce-project/hadoop-mapreduce-client/hadoop-mapreduce-client-hs/target/test-classes
[INFO] 
[INFO] --- surefire:2.21.0:test (default-test) @ hadoop-mapreduce-client-hs ---
[INFO] Tests are skipped.
[INFO] 
[INFO] --- jar:2.5:jar (default-jar) @ hadoop-mapreduce-client-hs ---
[INFO] Building jar: /home/runner/work/sonar-analysis/sonar-analysis/project/hadoop-mapreduce-project/hadoop-mapreduce-client/hadoop-mapreduce-client-hs/target/hadoop-mapreduce-client-hs-2.10.0-SNAPSHOT.jar
[INFO] 
[INFO] --- site:3.5:attach-descriptor (attach-descriptor) @ hadoop-mapreduce-client-hs ---
[INFO] 
[INFO] --- animal-sniffer:1.16:check (signature-check) @ hadoop-mapreduce-client-hs ---
[INFO] Checking unresolved references to org.codehaus.mojo.signature:java17:1.0
[INFO] 
[INFO] --- enforcer:1.4.1:enforce (depcheck) @ hadoop-mapreduce-client-hs ---
[INFO] Skipping Rule Enforcement.
[INFO] 
[INFO] --- install:2.5.1:install (default-install) @ hadoop-mapreduce-client-hs ---
[INFO] Installing /home/runner/work/sonar-analysis/sonar-analysis/project/hadoop-mapreduce-project/hadoop-mapreduce-client/hadoop-mapreduce-client-hs/target/hadoop-mapreduce-client-hs-2.10.0-SNAPSHOT.jar to /home/runner/.m2/repository/org/apache/hadoop/hadoop-mapreduce-client-hs/2.10.0-SNAPSHOT/hadoop-mapreduce-client-hs-2.10.0-SNAPSHOT.jar
[INFO] Installing /home/runner/work/sonar-analysis/sonar-analysis/project/hadoop-mapreduce-project/hadoop-mapreduce-client/hadoop-mapreduce-client-hs/pom.xml to /home/runner/.m2/repository/org/apache/hadoop/hadoop-mapreduce-client-hs/2.10.0-SNAPSHOT/hadoop-mapreduce-client-hs-2.10.0-SNAPSHOT.pom
[INFO] 
[INFO] --------< org.apache.hadoop:hadoop-mapreduce-client-jobclient >---------
[INFO] Building Apache Hadoop MapReduce JobClient 2.10.0-SNAPSHOT       [57/84]
[INFO]   from hadoop-mapreduce-project/hadoop-mapreduce-client/hadoop-mapreduce-client-jobclient/pom.xml
[INFO] --------------------------------[ jar ]---------------------------------
[INFO] 
[INFO] --- clean:2.5:clean (default-clean) @ hadoop-mapreduce-client-jobclient ---
[INFO] Deleting /home/runner/work/sonar-analysis/sonar-analysis/project/hadoop-mapreduce-project/hadoop-mapreduce-client/hadoop-mapreduce-client-jobclient/target
[INFO] 
[INFO] --- antrun:1.7:run (create-testdirs) @ hadoop-mapreduce-client-jobclient ---
[INFO] Executing tasks

main:
    [mkdir] Created dir: /home/runner/work/sonar-analysis/sonar-analysis/project/hadoop-mapreduce-project/hadoop-mapreduce-client/hadoop-mapreduce-client-jobclient/target/test-dir
[INFO] Executed tasks
[INFO] 
[INFO] --- remote-resources:1.5:process (default) @ hadoop-mapreduce-client-jobclient ---
[INFO] 
[INFO] --- resources:2.6:resources (default-resources) @ hadoop-mapreduce-client-jobclient ---
[INFO] Using 'UTF-8' encoding to copy filtered resources.
[INFO] Copying 2 resources
[INFO] Copying 2 resources
[INFO] 
[INFO] --- compiler:3.1:compile (default-compile) @ hadoop-mapreduce-client-jobclient ---
[INFO] Compiling 6 source files to /home/runner/work/sonar-analysis/sonar-analysis/project/hadoop-mapreduce-project/hadoop-mapreduce-client/hadoop-mapreduce-client-jobclient/target/classes
[INFO] 
[INFO] --- resources:2.6:testResources (default-testResources) @ hadoop-mapreduce-client-jobclient ---
[INFO] Using 'UTF-8' encoding to copy filtered resources.
[INFO] Copying 3 resources
[INFO] Copying 2 resources
[INFO] 
[INFO] --- compiler:3.1:testCompile (default-testCompile) @ hadoop-mapreduce-client-jobclient ---
[INFO] Compiling 298 source files to /home/runner/work/sonar-analysis/sonar-analysis/project/hadoop-mapreduce-project/hadoop-mapreduce-client/hadoop-mapreduce-client-jobclient/target/test-classes
[WARNING] /home/runner/work/sonar-analysis/sonar-analysis/project/hadoop-mapreduce-project/hadoop-mapreduce-client/hadoop-mapreduce-client-jobclient/src/test/java/org/apache/hadoop/mapreduce/TestMapReduceLazyOutput.java: Some input files use or override a deprecated API.
[WARNING] /home/runner/work/sonar-analysis/sonar-analysis/project/hadoop-mapreduce-project/hadoop-mapreduce-client/hadoop-mapreduce-client-jobclient/src/test/java/org/apache/hadoop/mapreduce/TestMapReduceLazyOutput.java: Recompile with -Xlint:deprecation for details.
[INFO] 
[INFO] --- jar:2.5:test-jar (default) @ hadoop-mapreduce-client-jobclient ---
[INFO] Building jar: /home/runner/work/sonar-analysis/sonar-analysis/project/hadoop-mapreduce-project/hadoop-mapreduce-client/hadoop-mapreduce-client-jobclient/target/hadoop-mapreduce-client-jobclient-2.10.0-SNAPSHOT-tests.jar
[INFO] 
[INFO] --- surefire:2.21.0:test (default-test) @ hadoop-mapreduce-client-jobclient ---
[INFO] Tests are skipped.
[INFO] 
[INFO] --- jar:2.5:jar (default-jar) @ hadoop-mapreduce-client-jobclient ---
[INFO] Building jar: /home/runner/work/sonar-analysis/sonar-analysis/project/hadoop-mapreduce-project/hadoop-mapreduce-client/hadoop-mapreduce-client-jobclient/target/hadoop-mapreduce-client-jobclient-2.10.0-SNAPSHOT.jar
[INFO] 
[INFO] --- site:3.5:attach-descriptor (attach-descriptor) @ hadoop-mapreduce-client-jobclient ---
[INFO] 
[INFO] --- animal-sniffer:1.16:check (signature-check) @ hadoop-mapreduce-client-jobclient ---
[INFO] Checking unresolved references to org.codehaus.mojo.signature:java17:1.0
[INFO] 
[INFO] --- enforcer:1.4.1:enforce (depcheck) @ hadoop-mapreduce-client-jobclient ---
[INFO] Skipping Rule Enforcement.
[INFO] 
[INFO] --- install:2.5.1:install (default-install) @ hadoop-mapreduce-client-jobclient ---
[INFO] Installing /home/runner/work/sonar-analysis/sonar-analysis/project/hadoop-mapreduce-project/hadoop-mapreduce-client/hadoop-mapreduce-client-jobclient/target/hadoop-mapreduce-client-jobclient-2.10.0-SNAPSHOT.jar to /home/runner/.m2/repository/org/apache/hadoop/hadoop-mapreduce-client-jobclient/2.10.0-SNAPSHOT/hadoop-mapreduce-client-jobclient-2.10.0-SNAPSHOT.jar
[INFO] Installing /home/runner/work/sonar-analysis/sonar-analysis/project/hadoop-mapreduce-project/hadoop-mapreduce-client/hadoop-mapreduce-client-jobclient/pom.xml to /home/runner/.m2/repository/org/apache/hadoop/hadoop-mapreduce-client-jobclient/2.10.0-SNAPSHOT/hadoop-mapreduce-client-jobclient-2.10.0-SNAPSHOT.pom
[INFO] Installing /home/runner/work/sonar-analysis/sonar-analysis/project/hadoop-mapreduce-project/hadoop-mapreduce-client/hadoop-mapreduce-client-jobclient/target/hadoop-mapreduce-client-jobclient-2.10.0-SNAPSHOT-tests.jar to /home/runner/.m2/repository/org/apache/hadoop/hadoop-mapreduce-client-jobclient/2.10.0-SNAPSHOT/hadoop-mapreduce-client-jobclient-2.10.0-SNAPSHOT-tests.jar
[INFO] 
[INFO] --------< org.apache.hadoop:hadoop-mapreduce-client-hs-plugins >--------
[INFO] Building Apache Hadoop MapReduce HistoryServer Plugins 2.10.0-SNAPSHOT [58/84]
[INFO]   from hadoop-mapreduce-project/hadoop-mapreduce-client/hadoop-mapreduce-client-hs-plugins/pom.xml
[INFO] --------------------------------[ jar ]---------------------------------
[INFO] 
[INFO] --- clean:2.5:clean (default-clean) @ hadoop-mapreduce-client-hs-plugins ---
[INFO] Deleting /home/runner/work/sonar-analysis/sonar-analysis/project/hadoop-mapreduce-project/hadoop-mapreduce-client/hadoop-mapreduce-client-hs-plugins/target
[INFO] 
[INFO] --- antrun:1.7:run (create-testdirs) @ hadoop-mapreduce-client-hs-plugins ---
[INFO] Executing tasks

main:
    [mkdir] Created dir: /home/runner/work/sonar-analysis/sonar-analysis/project/hadoop-mapreduce-project/hadoop-mapreduce-client/hadoop-mapreduce-client-hs-plugins/target/test-dir
[INFO] Executed tasks
[INFO] 
[INFO] --- remote-resources:1.5:process (default) @ hadoop-mapreduce-client-hs-plugins ---
[INFO] 
[INFO] --- resources:2.6:resources (default-resources) @ hadoop-mapreduce-client-hs-plugins ---
[INFO] Using 'UTF-8' encoding to copy filtered resources.
[INFO] skip non existing resourceDirectory /home/runner/work/sonar-analysis/sonar-analysis/project/hadoop-mapreduce-project/hadoop-mapreduce-client/hadoop-mapreduce-client-hs-plugins/src/main/resources
[INFO] Copying 2 resources
[INFO] 
[INFO] --- compiler:3.1:compile (default-compile) @ hadoop-mapreduce-client-hs-plugins ---
[INFO] Compiling 1 source file to /home/runner/work/sonar-analysis/sonar-analysis/project/hadoop-mapreduce-project/hadoop-mapreduce-client/hadoop-mapreduce-client-hs-plugins/target/classes
[INFO] 
[INFO] --- resources:2.6:testResources (default-testResources) @ hadoop-mapreduce-client-hs-plugins ---
[INFO] Using 'UTF-8' encoding to copy filtered resources.
[INFO] skip non existing resourceDirectory /home/runner/work/sonar-analysis/sonar-analysis/project/hadoop-mapreduce-project/hadoop-mapreduce-client/hadoop-mapreduce-client-hs-plugins/src/test/resources
[INFO] Copying 2 resources
[INFO] 
[INFO] --- compiler:3.1:testCompile (default-testCompile) @ hadoop-mapreduce-client-hs-plugins ---
[INFO] Compiling 1 source file to /home/runner/work/sonar-analysis/sonar-analysis/project/hadoop-mapreduce-project/hadoop-mapreduce-client/hadoop-mapreduce-client-hs-plugins/target/test-classes
[INFO] 
[INFO] --- surefire:2.21.0:test (default-test) @ hadoop-mapreduce-client-hs-plugins ---
[INFO] Tests are skipped.
[INFO] 
[INFO] --- jar:2.5:jar (default-jar) @ hadoop-mapreduce-client-hs-plugins ---
[INFO] Building jar: /home/runner/work/sonar-analysis/sonar-analysis/project/hadoop-mapreduce-project/hadoop-mapreduce-client/hadoop-mapreduce-client-hs-plugins/target/hadoop-mapreduce-client-hs-plugins-2.10.0-SNAPSHOT.jar
[INFO] 
[INFO] --- site:3.5:attach-descriptor (attach-descriptor) @ hadoop-mapreduce-client-hs-plugins ---
[INFO] 
[INFO] --- animal-sniffer:1.16:check (signature-check) @ hadoop-mapreduce-client-hs-plugins ---
[INFO] Checking unresolved references to org.codehaus.mojo.signature:java17:1.0
[INFO] 
[INFO] --- enforcer:1.4.1:enforce (depcheck) @ hadoop-mapreduce-client-hs-plugins ---
[INFO] Skipping Rule Enforcement.
[INFO] 
[INFO] --- install:2.5.1:install (default-install) @ hadoop-mapreduce-client-hs-plugins ---
[INFO] Installing /home/runner/work/sonar-analysis/sonar-analysis/project/hadoop-mapreduce-project/hadoop-mapreduce-client/hadoop-mapreduce-client-hs-plugins/target/hadoop-mapreduce-client-hs-plugins-2.10.0-SNAPSHOT.jar to /home/runner/.m2/repository/org/apache/hadoop/hadoop-mapreduce-client-hs-plugins/2.10.0-SNAPSHOT/hadoop-mapreduce-client-hs-plugins-2.10.0-SNAPSHOT.jar
[INFO] Installing /home/runner/work/sonar-analysis/sonar-analysis/project/hadoop-mapreduce-project/hadoop-mapreduce-client/hadoop-mapreduce-client-hs-plugins/pom.xml to /home/runner/.m2/repository/org/apache/hadoop/hadoop-mapreduce-client-hs-plugins/2.10.0-SNAPSHOT/hadoop-mapreduce-client-hs-plugins-2.10.0-SNAPSHOT.pom
[INFO] 
[INFO] ------------< org.apache.hadoop:hadoop-mapreduce-examples >-------------
[INFO] Building Apache Hadoop MapReduce Examples 2.10.0-SNAPSHOT        [59/84]
[INFO]   from hadoop-mapreduce-project/hadoop-mapreduce-examples/pom.xml
[INFO] --------------------------------[ jar ]---------------------------------
[INFO] 
[INFO] --- clean:2.5:clean (default-clean) @ hadoop-mapreduce-examples ---
[INFO] Deleting /home/runner/work/sonar-analysis/sonar-analysis/project/hadoop-mapreduce-project/hadoop-mapreduce-examples/target
[INFO] 
[INFO] --- antrun:1.7:run (create-testdirs) @ hadoop-mapreduce-examples ---
[INFO] Executing tasks

main:
    [mkdir] Created dir: /home/runner/work/sonar-analysis/sonar-analysis/project/hadoop-mapreduce-project/hadoop-mapreduce-examples/target/test-dir
[INFO] Executed tasks
[INFO] 
[INFO] --- remote-resources:1.5:process (default) @ hadoop-mapreduce-examples ---
[INFO] 
[INFO] --- resources:2.6:resources (default-resources) @ hadoop-mapreduce-examples ---
[INFO] Using 'UTF-8' encoding to copy filtered resources.
[INFO] skip non existing resourceDirectory /home/runner/work/sonar-analysis/sonar-analysis/project/hadoop-mapreduce-project/hadoop-mapreduce-examples/src/main/resources
[INFO] Copying 2 resources
[INFO] 
[INFO] --- compiler:3.1:compile (default-compile) @ hadoop-mapreduce-examples ---
[INFO] Compiling 47 source files to /home/runner/work/sonar-analysis/sonar-analysis/project/hadoop-mapreduce-project/hadoop-mapreduce-examples/target/classes
[WARNING] /home/runner/work/sonar-analysis/sonar-analysis/project/hadoop-mapreduce-project/hadoop-mapreduce-examples/src/main/java/org/apache/hadoop/examples/QuasiMonteCarlo.java: Some input files use or override a deprecated API.
[WARNING] /home/runner/work/sonar-analysis/sonar-analysis/project/hadoop-mapreduce-project/hadoop-mapreduce-examples/src/main/java/org/apache/hadoop/examples/QuasiMonteCarlo.java: Recompile with -Xlint:deprecation for details.
[INFO] 
[INFO] --- resources:2.6:testResources (default-testResources) @ hadoop-mapreduce-examples ---
[INFO] Using 'UTF-8' encoding to copy filtered resources.
[INFO] skip non existing resourceDirectory /home/runner/work/sonar-analysis/sonar-analysis/project/hadoop-mapreduce-project/hadoop-mapreduce-examples/src/test/resources
[INFO] Copying 2 resources
[INFO] 
[INFO] --- compiler:3.1:testCompile (default-testCompile) @ hadoop-mapreduce-examples ---
[INFO] Compiling 7 source files to /home/runner/work/sonar-analysis/sonar-analysis/project/hadoop-mapreduce-project/hadoop-mapreduce-examples/target/test-classes
[INFO] 
[INFO] --- surefire:2.21.0:test (default-test) @ hadoop-mapreduce-examples ---
[INFO] Tests are skipped.
[INFO] 
[INFO] --- jar:2.5:jar (default-jar) @ hadoop-mapreduce-examples ---
[INFO] Building jar: /home/runner/work/sonar-analysis/sonar-analysis/project/hadoop-mapreduce-project/hadoop-mapreduce-examples/target/hadoop-mapreduce-examples-2.10.0-SNAPSHOT.jar
[INFO] 
[INFO] --- site:3.5:attach-descriptor (attach-descriptor) @ hadoop-mapreduce-examples ---
[INFO] 
[INFO] --- animal-sniffer:1.16:check (signature-check) @ hadoop-mapreduce-examples ---
[INFO] Checking unresolved references to org.codehaus.mojo.signature:java17:1.0
[INFO] 
[INFO] --- enforcer:1.4.1:enforce (depcheck) @ hadoop-mapreduce-examples ---
[INFO] Skipping Rule Enforcement.
[INFO] 
[INFO] --- install:2.5.1:install (default-install) @ hadoop-mapreduce-examples ---
[INFO] Installing /home/runner/work/sonar-analysis/sonar-analysis/project/hadoop-mapreduce-project/hadoop-mapreduce-examples/target/hadoop-mapreduce-examples-2.10.0-SNAPSHOT.jar to /home/runner/.m2/repository/org/apache/hadoop/hadoop-mapreduce-examples/2.10.0-SNAPSHOT/hadoop-mapreduce-examples-2.10.0-SNAPSHOT.jar
[INFO] Installing /home/runner/work/sonar-analysis/sonar-analysis/project/hadoop-mapreduce-project/hadoop-mapreduce-examples/pom.xml to /home/runner/.m2/repository/org/apache/hadoop/hadoop-mapreduce-examples/2.10.0-SNAPSHOT/hadoop-mapreduce-examples-2.10.0-SNAPSHOT.pom
[INFO] 
[INFO] -----------------< org.apache.hadoop:hadoop-mapreduce >-----------------
[INFO] Building Apache Hadoop MapReduce 2.10.0-SNAPSHOT                 [60/84]
[INFO]   from hadoop-mapreduce-project/pom.xml
[INFO] --------------------------------[ pom ]---------------------------------
[INFO] 
[INFO] --- clean:2.5:clean (default-clean) @ hadoop-mapreduce ---
[INFO] Deleting /home/runner/work/sonar-analysis/sonar-analysis/project/hadoop-mapreduce-project/target
[INFO] 
[INFO] --- antrun:1.7:run (create-testdirs) @ hadoop-mapreduce ---
[INFO] Executing tasks

main:
    [mkdir] Created dir: /home/runner/work/sonar-analysis/sonar-analysis/project/hadoop-mapreduce-project/target/test-dir
[INFO] Executed tasks
[INFO] 
[INFO] --- remote-resources:1.5:process (default) @ hadoop-mapreduce ---
[INFO] 
[INFO] --- antrun:1.7:run (tar) @ hadoop-mapreduce ---
[INFO] Executing tasks

main:
[INFO] Executed tasks
[INFO] 
[INFO] --- site:3.5:attach-descriptor (attach-descriptor) @ hadoop-mapreduce ---
[INFO] 
[INFO] --- animal-sniffer:1.16:check (signature-check) @ hadoop-mapreduce ---
[INFO] Checking unresolved references to org.codehaus.mojo.signature:java17:1.0
[INFO] 
[INFO] --- enforcer:1.4.1:enforce (depcheck) @ hadoop-mapreduce ---
[INFO] Skipping Rule Enforcement.
[INFO] 
[INFO] --- install:2.5.1:install (default-install) @ hadoop-mapreduce ---
[INFO] Installing /home/runner/work/sonar-analysis/sonar-analysis/project/hadoop-mapreduce-project/pom.xml to /home/runner/.m2/repository/org/apache/hadoop/hadoop-mapreduce/2.10.0-SNAPSHOT/hadoop-mapreduce-2.10.0-SNAPSHOT.pom
[INFO] 
[INFO] -----------------< org.apache.hadoop:hadoop-streaming >-----------------
[INFO] Building Apache Hadoop MapReduce Streaming 2.10.0-SNAPSHOT       [61/84]
[INFO]   from hadoop-tools/hadoop-streaming/pom.xml
[INFO] --------------------------------[ jar ]---------------------------------
[INFO] 
[INFO] --- clean:2.5:clean (default-clean) @ hadoop-streaming ---
[INFO] Deleting /home/runner/work/sonar-analysis/sonar-analysis/project/hadoop-tools/hadoop-streaming/target
[INFO] 
[INFO] --- antrun:1.7:run (create-testdirs) @ hadoop-streaming ---
[INFO] Executing tasks

main:
    [mkdir] Created dir: /home/runner/work/sonar-analysis/sonar-analysis/project/hadoop-tools/hadoop-streaming/target/test-dir
[INFO] Executed tasks
[INFO] 
[INFO] --- remote-resources:1.5:process (default) @ hadoop-streaming ---
[INFO] 
[INFO] --- resources:2.6:resources (default-resources) @ hadoop-streaming ---
[INFO] Using 'UTF-8' encoding to copy filtered resources.
[INFO] skip non existing resourceDirectory /home/runner/work/sonar-analysis/sonar-analysis/project/hadoop-tools/hadoop-streaming/src/main/resources
[INFO] Copying 2 resources
[INFO] 
[INFO] --- compiler:3.1:compile (default-compile) @ hadoop-streaming ---
[INFO] Compiling 37 source files to /home/runner/work/sonar-analysis/sonar-analysis/project/hadoop-tools/hadoop-streaming/target/classes
[WARNING] /home/runner/work/sonar-analysis/sonar-analysis/project/hadoop-tools/hadoop-streaming/src/main/java/org/apache/hadoop/typedbytes/TypedBytesRecordOutput.java: Some input files use or override a deprecated API.
[WARNING] /home/runner/work/sonar-analysis/sonar-analysis/project/hadoop-tools/hadoop-streaming/src/main/java/org/apache/hadoop/typedbytes/TypedBytesRecordOutput.java: Recompile with -Xlint:deprecation for details.
[WARNING] /home/runner/work/sonar-analysis/sonar-analysis/project/hadoop-tools/hadoop-streaming/src/main/java/org/apache/hadoop/streaming/PipeMapRed.java: Some input files use unchecked or unsafe operations.
[WARNING] /home/runner/work/sonar-analysis/sonar-analysis/project/hadoop-tools/hadoop-streaming/src/main/java/org/apache/hadoop/streaming/PipeMapRed.java: Recompile with -Xlint:unchecked for details.
[INFO] 
[INFO] --- resources:2.6:testResources (default-testResources) @ hadoop-streaming ---
[INFO] Using 'UTF-8' encoding to copy filtered resources.
[INFO] Copying 1 resource
[INFO] Copying 2 resources
[INFO] 
[INFO] --- antrun:1.7:run (create-log-dir) @ hadoop-streaming ---
[INFO] Executing tasks

main:
   [delete] Deleting directory /home/runner/work/sonar-analysis/sonar-analysis/project/hadoop-tools/hadoop-streaming/target/test-dir
    [mkdir] Created dir: /home/runner/work/sonar-analysis/sonar-analysis/project/hadoop-tools/hadoop-streaming/target/test-dir
    [mkdir] Created dir: /home/runner/work/sonar-analysis/sonar-analysis/project/hadoop-tools/hadoop-streaming/target/log
[INFO] Executed tasks
[INFO] 
[INFO] --- antrun:1.7:run (copy-test-bin) @ hadoop-streaming ---
[INFO] Executing tasks

main:
     [copy] Copying 2 files to /home/runner/work/sonar-analysis/sonar-analysis/project/hadoop-tools/hadoop-streaming/target/bin
[INFO] Executed tasks
[INFO] 
[INFO] --- compiler:3.1:testCompile (default-testCompile) @ hadoop-streaming ---
[INFO] Compiling 49 source files to /home/runner/work/sonar-analysis/sonar-analysis/project/hadoop-tools/hadoop-streaming/target/test-classes
[WARNING] /home/runner/work/sonar-analysis/sonar-analysis/project/hadoop-tools/hadoop-streaming/src/test/java/org/apache/hadoop/streaming/TestStreamingStatus.java: Some input files use or override a deprecated API.
[WARNING] /home/runner/work/sonar-analysis/sonar-analysis/project/hadoop-tools/hadoop-streaming/src/test/java/org/apache/hadoop/streaming/TestStreamingStatus.java: Recompile with -Xlint:deprecation for details.
[WARNING] /home/runner/work/sonar-analysis/sonar-analysis/project/hadoop-tools/hadoop-streaming/src/test/java/org/apache/hadoop/streaming/ValueCountReduce.java: /home/runner/work/sonar-analysis/sonar-analysis/project/hadoop-tools/hadoop-streaming/src/test/java/org/apache/hadoop/streaming/ValueCountReduce.java uses unchecked or unsafe operations.
[WARNING] /home/runner/work/sonar-analysis/sonar-analysis/project/hadoop-tools/hadoop-streaming/src/test/java/org/apache/hadoop/streaming/ValueCountReduce.java: Recompile with -Xlint:unchecked for details.
[INFO] 
[INFO] --- surefire:2.21.0:test (default-test) @ hadoop-streaming ---
[INFO] Tests are skipped.
[INFO] 
[INFO] --- jar:2.5:jar (default-jar) @ hadoop-streaming ---
[INFO] Building jar: /home/runner/work/sonar-analysis/sonar-analysis/project/hadoop-tools/hadoop-streaming/target/hadoop-streaming-2.10.0-SNAPSHOT.jar
[INFO] 
[INFO] --- site:3.5:attach-descriptor (attach-descriptor) @ hadoop-streaming ---
[INFO] 
[INFO] --- animal-sniffer:1.16:check (signature-check) @ hadoop-streaming ---
[INFO] Checking unresolved references to org.codehaus.mojo.signature:java17:1.0
[INFO] 
[INFO] --- enforcer:1.4.1:enforce (depcheck) @ hadoop-streaming ---
[INFO] Skipping Rule Enforcement.
[INFO] 
[INFO] --- install:2.5.1:install (default-install) @ hadoop-streaming ---
[INFO] Installing /home/runner/work/sonar-analysis/sonar-analysis/project/hadoop-tools/hadoop-streaming/target/hadoop-streaming-2.10.0-SNAPSHOT.jar to /home/runner/.m2/repository/org/apache/hadoop/hadoop-streaming/2.10.0-SNAPSHOT/hadoop-streaming-2.10.0-SNAPSHOT.jar
[INFO] Installing /home/runner/work/sonar-analysis/sonar-analysis/project/hadoop-tools/hadoop-streaming/pom.xml to /home/runner/.m2/repository/org/apache/hadoop/hadoop-streaming/2.10.0-SNAPSHOT/hadoop-streaming-2.10.0-SNAPSHOT.pom
[INFO] 
[INFO] ------------------< org.apache.hadoop:hadoop-distcp >-------------------
[INFO] Building Apache Hadoop Distributed Copy 2.10.0-SNAPSHOT          [62/84]
[INFO]   from hadoop-tools/hadoop-distcp/pom.xml
[INFO] --------------------------------[ jar ]---------------------------------
[INFO] 
[INFO] --- clean:2.5:clean (default-clean) @ hadoop-distcp ---
[INFO] Deleting /home/runner/work/sonar-analysis/sonar-analysis/project/hadoop-tools/hadoop-distcp/target
[INFO] 
[INFO] --- antrun:1.7:run (create-testdirs) @ hadoop-distcp ---
[INFO] Executing tasks

main:
    [mkdir] Created dir: /home/runner/work/sonar-analysis/sonar-analysis/project/hadoop-tools/hadoop-distcp/target/test-dir
[INFO] Executed tasks
[INFO] 
[INFO] --- remote-resources:1.5:process (default) @ hadoop-distcp ---
[INFO] 
[INFO] --- resources:2.6:resources (default-resources) @ hadoop-distcp ---
[INFO] Using 'UTF-8' encoding to copy filtered resources.
[INFO] Copying 2 resources
[INFO] Copying 2 resources
[INFO] 
[INFO] --- compiler:3.1:compile (default-compile) @ hadoop-distcp ---
[INFO] Compiling 33 source files to /home/runner/work/sonar-analysis/sonar-analysis/project/hadoop-tools/hadoop-distcp/target/classes
[WARNING] /home/runner/work/sonar-analysis/sonar-analysis/project/hadoop-tools/hadoop-distcp/src/main/java/org/apache/hadoop/tools/RegexCopyFilter.java: Some input files use or override a deprecated API.
[WARNING] /home/runner/work/sonar-analysis/sonar-analysis/project/hadoop-tools/hadoop-distcp/src/main/java/org/apache/hadoop/tools/RegexCopyFilter.java: Recompile with -Xlint:deprecation for details.
[WARNING] /home/runner/work/sonar-analysis/sonar-analysis/project/hadoop-tools/hadoop-distcp/src/main/java/org/apache/hadoop/tools/mapred/lib/DynamicRecordReader.java: /home/runner/work/sonar-analysis/sonar-analysis/project/hadoop-tools/hadoop-distcp/src/main/java/org/apache/hadoop/tools/mapred/lib/DynamicRecordReader.java uses unchecked or unsafe operations.
[WARNING] /home/runner/work/sonar-analysis/sonar-analysis/project/hadoop-tools/hadoop-distcp/src/main/java/org/apache/hadoop/tools/mapred/lib/DynamicRecordReader.java: Recompile with -Xlint:unchecked for details.
[INFO] 
[INFO] --- resources:2.6:testResources (default-testResources) @ hadoop-distcp ---
[INFO] Using 'UTF-8' encoding to copy filtered resources.
[INFO] Copying 2 resources
[INFO] Copying 2 resources
[INFO] 
[INFO] --- compiler:3.1:testCompile (default-testCompile) @ hadoop-distcp ---
[INFO] Compiling 32 source files to /home/runner/work/sonar-analysis/sonar-analysis/project/hadoop-tools/hadoop-distcp/target/test-classes
[WARNING] /home/runner/work/sonar-analysis/sonar-analysis/project/hadoop-tools/hadoop-distcp/src/test/java/org/apache/hadoop/tools/TestDistCpSync.java: Some input files use or override a deprecated API.
[WARNING] /home/runner/work/sonar-analysis/sonar-analysis/project/hadoop-tools/hadoop-distcp/src/test/java/org/apache/hadoop/tools/TestDistCpSync.java: Recompile with -Xlint:deprecation for details.
[INFO] 
[INFO] --- surefire:2.21.0:test (default-test) @ hadoop-distcp ---
[WARNING]  Parameter 'systemProperties' is deprecated: Use systemPropertyVariables instead.
[INFO] Tests are skipped.
[INFO] 
[INFO] --- jar:2.5:jar (prepare-jar) @ hadoop-distcp ---
[INFO] Building jar: /home/runner/work/sonar-analysis/sonar-analysis/project/hadoop-tools/hadoop-distcp/target/hadoop-distcp-2.10.0-SNAPSHOT.jar
[INFO] 
[INFO] --- jar:2.5:test-jar (prepare-test-jar) @ hadoop-distcp ---
[INFO] Building jar: /home/runner/work/sonar-analysis/sonar-analysis/project/hadoop-tools/hadoop-distcp/target/hadoop-distcp-2.10.0-SNAPSHOT-tests.jar
[INFO] 
[INFO] --- jar:2.5:jar (default-jar) @ hadoop-distcp ---
[INFO] 
[INFO] --- site:3.5:attach-descriptor (attach-descriptor) @ hadoop-distcp ---
[INFO] 
[INFO] --- dependency:2.2:copy-dependencies (default) @ hadoop-distcp ---
[INFO] Copying commons-lang3-3.4.jar to /home/runner/work/sonar-analysis/sonar-analysis/project/hadoop-tools/hadoop-distcp/target/lib/commons-lang3-3.4.jar
[INFO] Copying protobuf-java-2.5.0.jar to /home/runner/work/sonar-analysis/sonar-analysis/project/hadoop-tools/hadoop-distcp/target/lib/protobuf-java-2.5.0.jar
[INFO] Copying aopalliance-1.0.jar to /home/runner/work/sonar-analysis/sonar-analysis/project/hadoop-tools/hadoop-distcp/target/lib/aopalliance-1.0.jar
[INFO] Copying jersey-json-1.9.jar to /home/runner/work/sonar-analysis/sonar-analysis/project/hadoop-tools/hadoop-distcp/target/lib/jersey-json-1.9.jar
[INFO] Copying hadoop-mapreduce-client-common-2.10.0-SNAPSHOT.jar to /home/runner/work/sonar-analysis/sonar-analysis/project/hadoop-tools/hadoop-distcp/target/lib/hadoop-mapreduce-client-common-2.10.0-SNAPSHOT.jar
[INFO] Copying hadoop-common-2.10.0-SNAPSHOT-tests.jar to /home/runner/work/sonar-analysis/sonar-analysis/project/hadoop-tools/hadoop-distcp/target/lib/hadoop-common-2.10.0-SNAPSHOT-tests.jar
[INFO] Copying okio-1.6.0.jar to /home/runner/work/sonar-analysis/sonar-analysis/project/hadoop-tools/hadoop-distcp/target/lib/okio-1.6.0.jar
[INFO] Copying jsr305-3.0.0.jar to /home/runner/work/sonar-analysis/sonar-analysis/project/hadoop-tools/hadoop-distcp/target/lib/jsr305-3.0.0.jar
[INFO] Copying leveldbjni-all-1.8.jar to /home/runner/work/sonar-analysis/sonar-analysis/project/hadoop-tools/hadoop-distcp/target/lib/leveldbjni-all-1.8.jar
[INFO] Copying htrace-core4-4.1.0-incubating.jar to /home/runner/work/sonar-analysis/sonar-analysis/project/hadoop-tools/hadoop-distcp/target/lib/htrace-core4-4.1.0-incubating.jar
[INFO] Copying guice-3.0.jar to /home/runner/work/sonar-analysis/sonar-analysis/project/hadoop-tools/hadoop-distcp/target/lib/guice-3.0.jar
[INFO] Copying commons-io-2.4.jar to /home/runner/work/sonar-analysis/sonar-analysis/project/hadoop-tools/hadoop-distcp/target/lib/commons-io-2.4.jar
[INFO] Copying hadoop-hdfs-2.10.0-SNAPSHOT-tests.jar to /home/runner/work/sonar-analysis/sonar-analysis/project/hadoop-tools/hadoop-distcp/target/lib/hadoop-hdfs-2.10.0-SNAPSHOT-tests.jar
[INFO] Copying hadoop-yarn-registry-2.10.0-SNAPSHOT.jar to /home/runner/work/sonar-analysis/sonar-analysis/project/hadoop-tools/hadoop-distcp/target/lib/hadoop-yarn-registry-2.10.0-SNAPSHOT.jar
[INFO] Copying jersey-core-1.9.jar to /home/runner/work/sonar-analysis/sonar-analysis/project/hadoop-tools/hadoop-distcp/target/lib/jersey-core-1.9.jar
[INFO] Copying jackson-jaxrs-1.9.13.jar to /home/runner/work/sonar-analysis/sonar-analysis/project/hadoop-tools/hadoop-distcp/target/lib/jackson-jaxrs-1.9.13.jar
[INFO] Copying hadoop-yarn-server-web-proxy-2.10.0-SNAPSHOT.jar to /home/runner/work/sonar-analysis/sonar-analysis/project/hadoop-tools/hadoop-distcp/target/lib/hadoop-yarn-server-web-proxy-2.10.0-SNAPSHOT.jar
[INFO] Copying hadoop-mapreduce-client-jobclient-2.10.0-SNAPSHOT.jar to /home/runner/work/sonar-analysis/sonar-analysis/project/hadoop-tools/hadoop-distcp/target/lib/hadoop-mapreduce-client-jobclient-2.10.0-SNAPSHOT.jar
[INFO] Copying xml-apis-1.3.04.jar to /home/runner/work/sonar-analysis/sonar-analysis/project/hadoop-tools/hadoop-distcp/target/lib/xml-apis-1.3.04.jar
[INFO] Copying jackson-core-asl-1.9.13.jar to /home/runner/work/sonar-analysis/sonar-analysis/project/hadoop-tools/hadoop-distcp/target/lib/jackson-core-asl-1.9.13.jar
[INFO] Copying jersey-guice-1.9.jar to /home/runner/work/sonar-analysis/sonar-analysis/project/hadoop-tools/hadoop-distcp/target/lib/jersey-guice-1.9.jar
[INFO] Copying hadoop-hdfs-client-2.10.0-SNAPSHOT.jar to /home/runner/work/sonar-analysis/sonar-analysis/project/hadoop-tools/hadoop-distcp/target/lib/hadoop-hdfs-client-2.10.0-SNAPSHOT.jar
[INFO] Copying tools.jar to /home/runner/work/sonar-analysis/sonar-analysis/project/hadoop-tools/hadoop-distcp/target/lib/jdk.tools-1.8.jar
[INFO] Copying jersey-client-1.9.jar to /home/runner/work/sonar-analysis/sonar-analysis/project/hadoop-tools/hadoop-distcp/target/lib/jersey-client-1.9.jar
[INFO] Copying commons-net-3.1.jar to /home/runner/work/sonar-analysis/sonar-analysis/project/hadoop-tools/hadoop-distcp/target/lib/commons-net-3.1.jar
[INFO] Copying slf4j-log4j12-1.7.25.jar to /home/runner/work/sonar-analysis/sonar-analysis/project/hadoop-tools/hadoop-distcp/target/lib/slf4j-log4j12-1.7.25.jar
[INFO] Copying jaxb-api-2.2.2.jar to /home/runner/work/sonar-analysis/sonar-analysis/project/hadoop-tools/hadoop-distcp/target/lib/jaxb-api-2.2.2.jar
[INFO] Copying geronimo-jcache_1.0_spec-1.0-alpha-1.jar to /home/runner/work/sonar-analysis/sonar-analysis/project/hadoop-tools/hadoop-distcp/target/lib/geronimo-jcache_1.0_spec-1.0-alpha-1.jar
[INFO] Copying hadoop-hdfs-2.10.0-SNAPSHOT.jar to /home/runner/work/sonar-analysis/sonar-analysis/project/hadoop-tools/hadoop-distcp/target/lib/hadoop-hdfs-2.10.0-SNAPSHOT.jar
[INFO] Copying commons-lang-2.6.jar to /home/runner/work/sonar-analysis/sonar-analysis/project/hadoop-tools/hadoop-distcp/target/lib/commons-lang-2.6.jar
[INFO] Copying activation-1.1.jar to /home/runner/work/sonar-analysis/sonar-analysis/project/hadoop-tools/hadoop-distcp/target/lib/activation-1.1.jar
[INFO] Copying jetty-sslengine-6.1.26.jar to /home/runner/work/sonar-analysis/sonar-analysis/project/hadoop-tools/hadoop-distcp/target/lib/jetty-sslengine-6.1.26.jar
[INFO] Copying zookeeper-3.4.6.jar to /home/runner/work/sonar-analysis/sonar-analysis/project/hadoop-tools/hadoop-distcp/target/lib/zookeeper-3.4.6.jar
[INFO] Copying xz-1.0.jar to /home/runner/work/sonar-analysis/sonar-analysis/project/hadoop-tools/hadoop-distcp/target/lib/xz-1.0.jar
[INFO] Copying hadoop-mapreduce-client-jobclient-2.10.0-SNAPSHOT-tests.jar to /home/runner/work/sonar-analysis/sonar-analysis/project/hadoop-tools/hadoop-distcp/target/lib/hadoop-mapreduce-client-jobclient-2.10.0-SNAPSHOT-tests.jar
[INFO] Copying nimbus-jose-jwt-4.41.1.jar to /home/runner/work/sonar-analysis/sonar-analysis/project/hadoop-tools/hadoop-distcp/target/lib/nimbus-jose-jwt-4.41.1.jar
[INFO] Copying metrics-core-3.0.1.jar to /home/runner/work/sonar-analysis/sonar-analysis/project/hadoop-tools/hadoop-distcp/target/lib/metrics-core-3.0.1.jar
[INFO] Copying commons-codec-1.4.jar to /home/runner/work/sonar-analysis/sonar-analysis/project/hadoop-tools/hadoop-distcp/target/lib/commons-codec-1.4.jar
[INFO] Copying hadoop-yarn-client-2.10.0-SNAPSHOT.jar to /home/runner/work/sonar-analysis/sonar-analysis/project/hadoop-tools/hadoop-distcp/target/lib/hadoop-yarn-client-2.10.0-SNAPSHOT.jar
[INFO] Copying javax.inject-1.jar to /home/runner/work/sonar-analysis/sonar-analysis/project/hadoop-tools/hadoop-distcp/target/lib/javax.inject-1.jar
[INFO] Copying java-xmlbuilder-0.4.jar to /home/runner/work/sonar-analysis/sonar-analysis/project/hadoop-tools/hadoop-distcp/target/lib/java-xmlbuilder-0.4.jar
[INFO] Copying jackson-core-2.7.8.jar to /home/runner/work/sonar-analysis/sonar-analysis/project/hadoop-tools/hadoop-distcp/target/lib/jackson-core-2.7.8.jar
[INFO] Copying commons-beanutils-core-1.8.0.jar to /home/runner/work/sonar-analysis/sonar-analysis/project/hadoop-tools/hadoop-distcp/target/lib/commons-beanutils-core-1.8.0.jar
[INFO] Copying hadoop-mapreduce-client-hs-2.10.0-SNAPSHOT.jar to /home/runner/work/sonar-analysis/sonar-analysis/project/hadoop-tools/hadoop-distcp/target/lib/hadoop-mapreduce-client-hs-2.10.0-SNAPSHOT.jar
[INFO] Copying stax-api-1.0-2.jar to /home/runner/work/sonar-analysis/sonar-analysis/project/hadoop-tools/hadoop-distcp/target/lib/stax-api-1.0-2.jar
[INFO] Copying jetty-6.1.26.jar to /home/runner/work/sonar-analysis/sonar-analysis/project/hadoop-tools/hadoop-distcp/target/lib/jetty-6.1.26.jar
[INFO] Copying avro-1.7.7.jar to /home/runner/work/sonar-analysis/sonar-analysis/project/hadoop-tools/hadoop-distcp/target/lib/avro-1.7.7.jar
[INFO] Copying jackson-xc-1.9.13.jar to /home/runner/work/sonar-analysis/sonar-analysis/project/hadoop-tools/hadoop-distcp/target/lib/jackson-xc-1.9.13.jar
[INFO] Copying servlet-api-2.5.jar to /home/runner/work/sonar-analysis/sonar-analysis/project/hadoop-tools/hadoop-distcp/target/lib/servlet-api-2.5.jar
[INFO] Copying guava-11.0.2.jar to /home/runner/work/sonar-analysis/sonar-analysis/project/hadoop-tools/hadoop-distcp/target/lib/guava-11.0.2.jar
[INFO] Copying mssql-jdbc-6.2.1.jre7.jar to /home/runner/work/sonar-analysis/sonar-analysis/project/hadoop-tools/hadoop-distcp/target/lib/mssql-jdbc-6.2.1.jre7.jar
[INFO] Copying jets3t-0.9.0.jar to /home/runner/work/sonar-analysis/sonar-analysis/project/hadoop-tools/hadoop-distcp/target/lib/jets3t-0.9.0.jar
[INFO] Copying asm-3.2.jar to /home/runner/work/sonar-analysis/sonar-analysis/project/hadoop-tools/hadoop-distcp/target/lib/asm-3.2.jar
[INFO] Copying log4j-1.2.17.jar to /home/runner/work/sonar-analysis/sonar-analysis/project/hadoop-tools/hadoop-distcp/target/lib/log4j-1.2.17.jar
[INFO] Copying commons-daemon-1.0.13.jar to /home/runner/work/sonar-analysis/sonar-analysis/project/hadoop-tools/hadoop-distcp/target/lib/commons-daemon-1.0.13.jar
[INFO] Copying curator-framework-2.7.1.jar to /home/runner/work/sonar-analysis/sonar-analysis/project/hadoop-tools/hadoop-distcp/target/lib/curator-framework-2.7.1.jar
[INFO] Copying curator-recipes-2.7.1.jar to /home/runner/work/sonar-analysis/sonar-analysis/project/hadoop-tools/hadoop-distcp/target/lib/curator-recipes-2.7.1.jar
[INFO] Copying json-smart-1.3.1.jar to /home/runner/work/sonar-analysis/sonar-analysis/project/hadoop-tools/hadoop-distcp/target/lib/json-smart-1.3.1.jar
[INFO] Copying hadoop-yarn-server-nodemanager-2.10.0-SNAPSHOT.jar to /home/runner/work/sonar-analysis/sonar-analysis/project/hadoop-tools/hadoop-distcp/target/lib/hadoop-yarn-server-nodemanager-2.10.0-SNAPSHOT.jar
[INFO] Copying commons-compress-1.4.1.jar to /home/runner/work/sonar-analysis/sonar-analysis/project/hadoop-tools/hadoop-distcp/target/lib/commons-compress-1.4.1.jar
[INFO] Copying apacheds-kerberos-codec-2.0.0-M15.jar to /home/runner/work/sonar-analysis/sonar-analysis/project/hadoop-tools/hadoop-distcp/target/lib/apacheds-kerberos-codec-2.0.0-M15.jar
[INFO] Copying jaxb-impl-2.2.3-1.jar to /home/runner/work/sonar-analysis/sonar-analysis/project/hadoop-tools/hadoop-distcp/target/lib/jaxb-impl-2.2.3-1.jar
[INFO] Copying commons-math3-3.1.1.jar to /home/runner/work/sonar-analysis/sonar-analysis/project/hadoop-tools/hadoop-distcp/target/lib/commons-math3-3.1.1.jar
[INFO] Copying httpclient-4.5.2.jar to /home/runner/work/sonar-analysis/sonar-analysis/project/hadoop-tools/hadoop-distcp/target/lib/httpclient-4.5.2.jar
[INFO] Copying jetty-util-6.1.26.jar to /home/runner/work/sonar-analysis/sonar-analysis/project/hadoop-tools/hadoop-distcp/target/lib/jetty-util-6.1.26.jar
[INFO] Copying hamcrest-core-1.3.jar to /home/runner/work/sonar-analysis/sonar-analysis/project/hadoop-tools/hadoop-distcp/target/lib/hamcrest-core-1.3.jar
[INFO] Copying jackson-mapper-asl-1.9.13.jar to /home/runner/work/sonar-analysis/sonar-analysis/project/hadoop-tools/hadoop-distcp/target/lib/jackson-mapper-asl-1.9.13.jar
[INFO] Copying jsp-api-2.1.jar to /home/runner/work/sonar-analysis/sonar-analysis/project/hadoop-tools/hadoop-distcp/target/lib/jsp-api-2.1.jar
[INFO] Copying hadoop-mapreduce-client-core-2.10.0-SNAPSHOT.jar to /home/runner/work/sonar-analysis/sonar-analysis/project/hadoop-tools/hadoop-distcp/target/lib/hadoop-mapreduce-client-core-2.10.0-SNAPSHOT.jar
[INFO] Copying jsch-0.1.54.jar to /home/runner/work/sonar-analysis/sonar-analysis/project/hadoop-tools/hadoop-distcp/target/lib/jsch-0.1.54.jar
[INFO] Copying jersey-server-1.9.jar to /home/runner/work/sonar-analysis/sonar-analysis/project/hadoop-tools/hadoop-distcp/target/lib/jersey-server-1.9.jar
[INFO] Copying xmlenc-0.52.jar to /home/runner/work/sonar-analysis/sonar-analysis/project/hadoop-tools/hadoop-distcp/target/lib/xmlenc-0.52.jar
[INFO] Copying paranamer-2.3.jar to /home/runner/work/sonar-analysis/sonar-analysis/project/hadoop-tools/hadoop-distcp/target/lib/paranamer-2.3.jar
[INFO] Copying api-util-1.0.0-M20.jar to /home/runner/work/sonar-analysis/sonar-analysis/project/hadoop-tools/hadoop-distcp/target/lib/api-util-1.0.0-M20.jar
[INFO] Copying gson-2.2.4.jar to /home/runner/work/sonar-analysis/sonar-analysis/project/hadoop-tools/hadoop-distcp/target/lib/gson-2.2.4.jar
[INFO] Copying api-asn1-api-1.0.0-M20.jar to /home/runner/work/sonar-analysis/sonar-analysis/project/hadoop-tools/hadoop-distcp/target/lib/api-asn1-api-1.0.0-M20.jar
[INFO] Copying jcip-annotations-1.0-1.jar to /home/runner/work/sonar-analysis/sonar-analysis/project/hadoop-tools/hadoop-distcp/target/lib/jcip-annotations-1.0-1.jar
[INFO] Copying commons-configuration-1.6.jar to /home/runner/work/sonar-analysis/sonar-analysis/project/hadoop-tools/hadoop-distcp/target/lib/commons-configuration-1.6.jar
[INFO] Copying commons-digester-1.8.jar to /home/runner/work/sonar-analysis/sonar-analysis/project/hadoop-tools/hadoop-distcp/target/lib/commons-digester-1.8.jar
[INFO] Copying apacheds-i18n-2.0.0-M15.jar to /home/runner/work/sonar-analysis/sonar-analysis/project/hadoop-tools/hadoop-distcp/target/lib/apacheds-i18n-2.0.0-M15.jar
[INFO] Copying commons-beanutils-1.7.0.jar to /home/runner/work/sonar-analysis/sonar-analysis/project/hadoop-tools/hadoop-distcp/target/lib/commons-beanutils-1.7.0.jar
[INFO] Copying jackson-annotations-2.7.8.jar to /home/runner/work/sonar-analysis/sonar-analysis/project/hadoop-tools/hadoop-distcp/target/lib/jackson-annotations-2.7.8.jar
[INFO] Copying hadoop-auth-2.10.0-SNAPSHOT.jar to /home/runner/work/sonar-analysis/sonar-analysis/project/hadoop-tools/hadoop-distcp/target/lib/hadoop-auth-2.10.0-SNAPSHOT.jar
[INFO] Copying junit-4.11.jar to /home/runner/work/sonar-analysis/sonar-analysis/project/hadoop-tools/hadoop-distcp/target/lib/junit-4.11.jar
[INFO] Copying curator-client-2.7.1.jar to /home/runner/work/sonar-analysis/sonar-analysis/project/hadoop-tools/hadoop-distcp/target/lib/curator-client-2.7.1.jar
[INFO] Copying jackson-databind-2.7.8.jar to /home/runner/work/sonar-analysis/sonar-analysis/project/hadoop-tools/hadoop-distcp/target/lib/jackson-databind-2.7.8.jar
[INFO] Copying commons-cli-1.2.jar to /home/runner/work/sonar-analysis/sonar-analysis/project/hadoop-tools/hadoop-distcp/target/lib/commons-cli-1.2.jar
[INFO] Copying woodstox-core-5.0.3.jar to /home/runner/work/sonar-analysis/sonar-analysis/project/hadoop-tools/hadoop-distcp/target/lib/woodstox-core-5.0.3.jar
[INFO] Copying xercesImpl-2.9.1.jar to /home/runner/work/sonar-analysis/sonar-analysis/project/hadoop-tools/hadoop-distcp/target/lib/xercesImpl-2.9.1.jar
[INFO] Copying snappy-java-1.0.5.jar to /home/runner/work/sonar-analysis/sonar-analysis/project/hadoop-tools/hadoop-distcp/target/lib/snappy-java-1.0.5.jar
[INFO] Copying ehcache-3.3.1.jar to /home/runner/work/sonar-analysis/sonar-analysis/project/hadoop-tools/hadoop-distcp/target/lib/ehcache-3.3.1.jar
[INFO] Copying HikariCP-java7-2.4.12.jar to /home/runner/work/sonar-analysis/sonar-analysis/project/hadoop-tools/hadoop-distcp/target/lib/HikariCP-java7-2.4.12.jar
[INFO] Copying hadoop-mapreduce-client-app-2.10.0-SNAPSHOT.jar to /home/runner/work/sonar-analysis/sonar-analysis/project/hadoop-tools/hadoop-distcp/target/lib/hadoop-mapreduce-client-app-2.10.0-SNAPSHOT.jar
[INFO] Copying mockito-all-1.8.5.jar to /home/runner/work/sonar-analysis/sonar-analysis/project/hadoop-tools/hadoop-distcp/target/lib/mockito-all-1.8.5.jar
[INFO] Copying stax2-api-3.1.4.jar to /home/runner/work/sonar-analysis/sonar-analysis/project/hadoop-tools/hadoop-distcp/target/lib/stax2-api-3.1.4.jar
[INFO] Copying commons-collections-3.2.2.jar to /home/runner/work/sonar-analysis/sonar-analysis/project/hadoop-tools/hadoop-distcp/target/lib/commons-collections-3.2.2.jar
[INFO] Copying jettison-1.1.jar to /home/runner/work/sonar-analysis/sonar-analysis/project/hadoop-tools/hadoop-distcp/target/lib/jettison-1.1.jar
[INFO] Copying hadoop-annotations-2.10.0-SNAPSHOT.jar to /home/runner/work/sonar-analysis/sonar-analysis/project/hadoop-tools/hadoop-distcp/target/lib/hadoop-annotations-2.10.0-SNAPSHOT.jar
[INFO] Copying hadoop-yarn-api-2.10.0-SNAPSHOT.jar to /home/runner/work/sonar-analysis/sonar-analysis/project/hadoop-tools/hadoop-distcp/target/lib/hadoop-yarn-api-2.10.0-SNAPSHOT.jar
[INFO] Copying hadoop-mapreduce-client-shuffle-2.10.0-SNAPSHOT.jar to /home/runner/work/sonar-analysis/sonar-analysis/project/hadoop-tools/hadoop-distcp/target/lib/hadoop-mapreduce-client-shuffle-2.10.0-SNAPSHOT.jar
[INFO] Copying slf4j-api-1.7.25.jar to /home/runner/work/sonar-analysis/sonar-analysis/project/hadoop-tools/hadoop-distcp/target/lib/slf4j-api-1.7.25.jar
[INFO] Copying hadoop-yarn-common-2.10.0-SNAPSHOT.jar to /home/runner/work/sonar-analysis/sonar-analysis/project/hadoop-tools/hadoop-distcp/target/lib/hadoop-yarn-common-2.10.0-SNAPSHOT.jar
[INFO] Copying okhttp-2.7.5.jar to /home/runner/work/sonar-analysis/sonar-analysis/project/hadoop-tools/hadoop-distcp/target/lib/okhttp-2.7.5.jar
[INFO] Copying hadoop-common-2.10.0-SNAPSHOT.jar to /home/runner/work/sonar-analysis/sonar-analysis/project/hadoop-tools/hadoop-distcp/target/lib/hadoop-common-2.10.0-SNAPSHOT.jar
[INFO] Copying commons-logging-1.1.3.jar to /home/runner/work/sonar-analysis/sonar-analysis/project/hadoop-tools/hadoop-distcp/target/lib/commons-logging-1.1.3.jar
[INFO] Copying guice-servlet-3.0.jar to /home/runner/work/sonar-analysis/sonar-analysis/project/hadoop-tools/hadoop-distcp/target/lib/guice-servlet-3.0.jar
[INFO] Copying netty-all-4.0.23.Final.jar to /home/runner/work/sonar-analysis/sonar-analysis/project/hadoop-tools/hadoop-distcp/target/lib/netty-all-4.0.23.Final.jar
[INFO] Copying hadoop-yarn-server-common-2.10.0-SNAPSHOT.jar to /home/runner/work/sonar-analysis/sonar-analysis/project/hadoop-tools/hadoop-distcp/target/lib/hadoop-yarn-server-common-2.10.0-SNAPSHOT.jar
[INFO] Copying netty-3.6.2.Final.jar to /home/runner/work/sonar-analysis/sonar-analysis/project/hadoop-tools/hadoop-distcp/target/lib/netty-3.6.2.Final.jar
[INFO] Copying httpcore-4.4.4.jar to /home/runner/work/sonar-analysis/sonar-analysis/project/hadoop-tools/hadoop-distcp/target/lib/httpcore-4.4.4.jar
[INFO] 
[INFO] >>> source:2.3:jar (default) > generate-sources @ hadoop-distcp >>>
[INFO] 
[INFO] --- antrun:1.7:run (create-testdirs) @ hadoop-distcp ---
[INFO] Executing tasks

main:
[INFO] Executed tasks
[INFO] 
[INFO] <<< source:2.3:jar (default) < generate-sources @ hadoop-distcp <<<
[INFO] 
[INFO] 
[INFO] --- source:2.3:jar (default) @ hadoop-distcp ---
[INFO] Building jar: /home/runner/work/sonar-analysis/sonar-analysis/project/hadoop-tools/hadoop-distcp/target/hadoop-distcp-2.10.0-SNAPSHOT-sources.jar
[INFO] 
[INFO] --- animal-sniffer:1.16:check (signature-check) @ hadoop-distcp ---
[INFO] Checking unresolved references to org.codehaus.mojo.signature:java17:1.0
[INFO] 
[INFO] --- enforcer:1.4.1:enforce (depcheck) @ hadoop-distcp ---
[INFO] Skipping Rule Enforcement.
[INFO] 
[INFO] --- install:2.5.1:install (default-install) @ hadoop-distcp ---
[INFO] Installing /home/runner/work/sonar-analysis/sonar-analysis/project/hadoop-tools/hadoop-distcp/target/hadoop-distcp-2.10.0-SNAPSHOT.jar to /home/runner/.m2/repository/org/apache/hadoop/hadoop-distcp/2.10.0-SNAPSHOT/hadoop-distcp-2.10.0-SNAPSHOT.jar
[INFO] Installing /home/runner/work/sonar-analysis/sonar-analysis/project/hadoop-tools/hadoop-distcp/pom.xml to /home/runner/.m2/repository/org/apache/hadoop/hadoop-distcp/2.10.0-SNAPSHOT/hadoop-distcp-2.10.0-SNAPSHOT.pom
[INFO] Installing /home/runner/work/sonar-analysis/sonar-analysis/project/hadoop-tools/hadoop-distcp/target/hadoop-distcp-2.10.0-SNAPSHOT-tests.jar to /home/runner/.m2/repository/org/apache/hadoop/hadoop-distcp/2.10.0-SNAPSHOT/hadoop-distcp-2.10.0-SNAPSHOT-tests.jar
[INFO] Installing /home/runner/work/sonar-analysis/sonar-analysis/project/hadoop-tools/hadoop-distcp/target/hadoop-distcp-2.10.0-SNAPSHOT-sources.jar to /home/runner/.m2/repository/org/apache/hadoop/hadoop-distcp/2.10.0-SNAPSHOT/hadoop-distcp-2.10.0-SNAPSHOT-sources.jar
[INFO] 
[INFO] -----------------< org.apache.hadoop:hadoop-archives >------------------
[INFO] Building Apache Hadoop Archives 2.10.0-SNAPSHOT                  [63/84]
[INFO]   from hadoop-tools/hadoop-archives/pom.xml
[INFO] --------------------------------[ jar ]---------------------------------
[INFO] 
[INFO] --- clean:2.5:clean (default-clean) @ hadoop-archives ---
[INFO] Deleting /home/runner/work/sonar-analysis/sonar-analysis/project/hadoop-tools/hadoop-archives/target
[INFO] 
[INFO] --- antrun:1.7:run (create-testdirs) @ hadoop-archives ---
[INFO] Executing tasks

main:
    [mkdir] Created dir: /home/runner/work/sonar-analysis/sonar-analysis/project/hadoop-tools/hadoop-archives/target/test-dir
[INFO] Executed tasks
[INFO] 
[INFO] --- remote-resources:1.5:process (default) @ hadoop-archives ---
[INFO] 
[INFO] --- resources:2.6:resources (default-resources) @ hadoop-archives ---
[INFO] Using 'UTF-8' encoding to copy filtered resources.
[INFO] skip non existing resourceDirectory /home/runner/work/sonar-analysis/sonar-analysis/project/hadoop-tools/hadoop-archives/src/main/resources
[INFO] Copying 2 resources
[INFO] 
[INFO] --- compiler:3.1:compile (default-compile) @ hadoop-archives ---
[INFO] Compiling 1 source file to /home/runner/work/sonar-analysis/sonar-analysis/project/hadoop-tools/hadoop-archives/target/classes
[WARNING] /home/runner/work/sonar-analysis/sonar-analysis/project/hadoop-tools/hadoop-archives/src/main/java/org/apache/hadoop/tools/HadoopArchives.java: /home/runner/work/sonar-analysis/sonar-analysis/project/hadoop-tools/hadoop-archives/src/main/java/org/apache/hadoop/tools/HadoopArchives.java uses or overrides a deprecated API.
[WARNING] /home/runner/work/sonar-analysis/sonar-analysis/project/hadoop-tools/hadoop-archives/src/main/java/org/apache/hadoop/tools/HadoopArchives.java: Recompile with -Xlint:deprecation for details.
[INFO] 
[INFO] --- resources:2.6:testResources (default-testResources) @ hadoop-archives ---
[INFO] Using 'UTF-8' encoding to copy filtered resources.
[INFO] skip non existing resourceDirectory /home/runner/work/sonar-analysis/sonar-analysis/project/hadoop-tools/hadoop-archives/src/test/resources
[INFO] Copying 2 resources
[INFO] 
[INFO] --- antrun:1.7:run (create-log-dir) @ hadoop-archives ---
[INFO] Executing tasks

main:
   [delete] Deleting directory /home/runner/work/sonar-analysis/sonar-analysis/project/hadoop-tools/hadoop-archives/target/test-dir
    [mkdir] Created dir: /home/runner/work/sonar-analysis/sonar-analysis/project/hadoop-tools/hadoop-archives/target/test-dir
    [mkdir] Created dir: /home/runner/work/sonar-analysis/sonar-analysis/project/hadoop-tools/hadoop-archives/target/log
[INFO] Executed tasks
[INFO] 
[INFO] --- compiler:3.1:testCompile (default-testCompile) @ hadoop-archives ---
[INFO] Compiling 1 source file to /home/runner/work/sonar-analysis/sonar-analysis/project/hadoop-tools/hadoop-archives/target/test-classes
[INFO] 
[INFO] --- surefire:2.21.0:test (default-test) @ hadoop-archives ---
[INFO] Tests are skipped.
[INFO] 
[INFO] --- jar:2.5:jar (default-jar) @ hadoop-archives ---
[INFO] Building jar: /home/runner/work/sonar-analysis/sonar-analysis/project/hadoop-tools/hadoop-archives/target/hadoop-archives-2.10.0-SNAPSHOT.jar
[INFO] 
[INFO] --- site:3.5:attach-descriptor (attach-descriptor) @ hadoop-archives ---
[INFO] 
[INFO] --- animal-sniffer:1.16:check (signature-check) @ hadoop-archives ---
[INFO] Checking unresolved references to org.codehaus.mojo.signature:java17:1.0
[INFO] 
[INFO] --- enforcer:1.4.1:enforce (depcheck) @ hadoop-archives ---
[INFO] Skipping Rule Enforcement.
[INFO] 
[INFO] --- install:2.5.1:install (default-install) @ hadoop-archives ---
[INFO] Installing /home/runner/work/sonar-analysis/sonar-analysis/project/hadoop-tools/hadoop-archives/target/hadoop-archives-2.10.0-SNAPSHOT.jar to /home/runner/.m2/repository/org/apache/hadoop/hadoop-archives/2.10.0-SNAPSHOT/hadoop-archives-2.10.0-SNAPSHOT.jar
[INFO] Installing /home/runner/work/sonar-analysis/sonar-analysis/project/hadoop-tools/hadoop-archives/pom.xml to /home/runner/.m2/repository/org/apache/hadoop/hadoop-archives/2.10.0-SNAPSHOT/hadoop-archives-2.10.0-SNAPSHOT.pom
[INFO] 
[INFO] ---------------< org.apache.hadoop:hadoop-archive-logs >----------------
[INFO] Building Apache Hadoop Archive Logs 2.10.0-SNAPSHOT              [64/84]
[INFO]   from hadoop-tools/hadoop-archive-logs/pom.xml
[INFO] --------------------------------[ jar ]---------------------------------
[INFO] 
[INFO] --- clean:2.5:clean (default-clean) @ hadoop-archive-logs ---
[INFO] Deleting /home/runner/work/sonar-analysis/sonar-analysis/project/hadoop-tools/hadoop-archive-logs/target
[INFO] 
[INFO] --- antrun:1.7:run (create-testdirs) @ hadoop-archive-logs ---
[INFO] Executing tasks

main:
    [mkdir] Created dir: /home/runner/work/sonar-analysis/sonar-analysis/project/hadoop-tools/hadoop-archive-logs/target/test-dir
[INFO] Executed tasks
[INFO] 
[INFO] --- remote-resources:1.5:process (default) @ hadoop-archive-logs ---
[INFO] 
[INFO] --- resources:2.6:resources (default-resources) @ hadoop-archive-logs ---
[INFO] Using 'UTF-8' encoding to copy filtered resources.
[INFO] skip non existing resourceDirectory /home/runner/work/sonar-analysis/sonar-analysis/project/hadoop-tools/hadoop-archive-logs/src/main/resources
[INFO] Copying 2 resources
[INFO] 
[INFO] --- compiler:3.1:compile (default-compile) @ hadoop-archive-logs ---
[INFO] Compiling 2 source files to /home/runner/work/sonar-analysis/sonar-analysis/project/hadoop-tools/hadoop-archive-logs/target/classes
[INFO] 
[INFO] --- resources:2.6:testResources (default-testResources) @ hadoop-archive-logs ---
[INFO] Using 'UTF-8' encoding to copy filtered resources.
[INFO] skip non existing resourceDirectory /home/runner/work/sonar-analysis/sonar-analysis/project/hadoop-tools/hadoop-archive-logs/src/test/resources
[INFO] Copying 2 resources
[INFO] 
[INFO] --- antrun:1.7:run (create-log-dir) @ hadoop-archive-logs ---
[INFO] Executing tasks

main:
   [delete] Deleting directory /home/runner/work/sonar-analysis/sonar-analysis/project/hadoop-tools/hadoop-archive-logs/target/test-dir
    [mkdir] Created dir: /home/runner/work/sonar-analysis/sonar-analysis/project/hadoop-tools/hadoop-archive-logs/target/test-dir
    [mkdir] Created dir: /home/runner/work/sonar-analysis/sonar-analysis/project/hadoop-tools/hadoop-archive-logs/target/log
[INFO] Executed tasks
[INFO] 
[INFO] --- compiler:3.1:testCompile (default-testCompile) @ hadoop-archive-logs ---
[INFO] Compiling 2 source files to /home/runner/work/sonar-analysis/sonar-analysis/project/hadoop-tools/hadoop-archive-logs/target/test-classes
[INFO] 
[INFO] --- surefire:2.21.0:test (default-test) @ hadoop-archive-logs ---
[INFO] Tests are skipped.
[INFO] 
[INFO] --- jar:2.5:jar (default-jar) @ hadoop-archive-logs ---
[INFO] Building jar: /home/runner/work/sonar-analysis/sonar-analysis/project/hadoop-tools/hadoop-archive-logs/target/hadoop-archive-logs-2.10.0-SNAPSHOT.jar
[INFO] 
[INFO] --- site:3.5:attach-descriptor (attach-descriptor) @ hadoop-archive-logs ---
[INFO] 
[INFO] --- animal-sniffer:1.16:check (signature-check) @ hadoop-archive-logs ---
[INFO] Checking unresolved references to org.codehaus.mojo.signature:java17:1.0
[INFO] 
[INFO] --- enforcer:1.4.1:enforce (depcheck) @ hadoop-archive-logs ---
[INFO] Skipping Rule Enforcement.
[INFO] 
[INFO] --- install:2.5.1:install (default-install) @ hadoop-archive-logs ---
[INFO] Installing /home/runner/work/sonar-analysis/sonar-analysis/project/hadoop-tools/hadoop-archive-logs/target/hadoop-archive-logs-2.10.0-SNAPSHOT.jar to /home/runner/.m2/repository/org/apache/hadoop/hadoop-archive-logs/2.10.0-SNAPSHOT/hadoop-archive-logs-2.10.0-SNAPSHOT.jar
[INFO] Installing /home/runner/work/sonar-analysis/sonar-analysis/project/hadoop-tools/hadoop-archive-logs/pom.xml to /home/runner/.m2/repository/org/apache/hadoop/hadoop-archive-logs/2.10.0-SNAPSHOT/hadoop-archive-logs-2.10.0-SNAPSHOT.pom
[INFO] 
[INFO] -------------------< org.apache.hadoop:hadoop-rumen >-------------------
[INFO] Building Apache Hadoop Rumen 2.10.0-SNAPSHOT                     [65/84]
[INFO]   from hadoop-tools/hadoop-rumen/pom.xml
[INFO] --------------------------------[ jar ]---------------------------------
[INFO] 
[INFO] --- clean:2.5:clean (default-clean) @ hadoop-rumen ---
[INFO] Deleting /home/runner/work/sonar-analysis/sonar-analysis/project/hadoop-tools/hadoop-rumen/target
[INFO] 
[INFO] --- antrun:1.7:run (create-testdirs) @ hadoop-rumen ---
[INFO] Executing tasks

main:
    [mkdir] Created dir: /home/runner/work/sonar-analysis/sonar-analysis/project/hadoop-tools/hadoop-rumen/target/test-dir
[INFO] Executed tasks
[INFO] 
[INFO] --- remote-resources:1.5:process (default) @ hadoop-rumen ---
[INFO] 
[INFO] --- resources:2.6:resources (default-resources) @ hadoop-rumen ---
[INFO] Using 'UTF-8' encoding to copy filtered resources.
[INFO] skip non existing resourceDirectory /home/runner/work/sonar-analysis/sonar-analysis/project/hadoop-tools/hadoop-rumen/src/main/resources
[INFO] Copying 2 resources
[INFO] 
[INFO] --- compiler:3.1:compile (default-compile) @ hadoop-rumen ---
[INFO] Compiling 95 source files to /home/runner/work/sonar-analysis/sonar-analysis/project/hadoop-tools/hadoop-rumen/target/classes
[WARNING] /home/runner/work/sonar-analysis/sonar-analysis/project/hadoop-tools/hadoop-rumen/src/main/java/org/apache/hadoop/tools/rumen/LoggedTask.java: Some input files use or override a deprecated API.
[WARNING] /home/runner/work/sonar-analysis/sonar-analysis/project/hadoop-tools/hadoop-rumen/src/main/java/org/apache/hadoop/tools/rumen/LoggedTask.java: Recompile with -Xlint:deprecation for details.
[INFO] 
[INFO] --- resources:2.6:testResources (default-testResources) @ hadoop-rumen ---
[INFO] Using 'UTF-8' encoding to copy filtered resources.
[INFO] skip non existing resourceDirectory /home/runner/work/sonar-analysis/sonar-analysis/project/hadoop-tools/hadoop-rumen/src/test/resources
[INFO] Copying 2 resources
[INFO] 
[INFO] --- antrun:1.7:run (create-log-dir) @ hadoop-rumen ---
[INFO] Executing tasks

main:
   [delete] Deleting directory /home/runner/work/sonar-analysis/sonar-analysis/project/hadoop-tools/hadoop-rumen/target/test-dir
    [mkdir] Created dir: /home/runner/work/sonar-analysis/sonar-analysis/project/hadoop-tools/hadoop-rumen/target/test-dir
    [mkdir] Created dir: /home/runner/work/sonar-analysis/sonar-analysis/project/hadoop-tools/hadoop-rumen/target/log
[INFO] Executed tasks
[INFO] 
[INFO] --- compiler:3.1:testCompile (default-testCompile) @ hadoop-rumen ---
[INFO] Compiling 5 source files to /home/runner/work/sonar-analysis/sonar-analysis/project/hadoop-tools/hadoop-rumen/target/test-classes
[WARNING] /home/runner/work/sonar-analysis/sonar-analysis/project/hadoop-tools/hadoop-rumen/src/test/java/org/apache/hadoop/tools/rumen/TestHistograms.java: /home/runner/work/sonar-analysis/sonar-analysis/project/hadoop-tools/hadoop-rumen/src/test/java/org/apache/hadoop/tools/rumen/TestHistograms.java uses or overrides a deprecated API.
[WARNING] /home/runner/work/sonar-analysis/sonar-analysis/project/hadoop-tools/hadoop-rumen/src/test/java/org/apache/hadoop/tools/rumen/TestHistograms.java: Recompile with -Xlint:deprecation for details.
[INFO] 
[INFO] --- surefire:2.21.0:test (default-test) @ hadoop-rumen ---
[INFO] Tests are skipped.
[INFO] 
[INFO] --- jar:2.5:jar (default-jar) @ hadoop-rumen ---
[INFO] Building jar: /home/runner/work/sonar-analysis/sonar-analysis/project/hadoop-tools/hadoop-rumen/target/hadoop-rumen-2.10.0-SNAPSHOT.jar
[INFO] 
[INFO] --- site:3.5:attach-descriptor (attach-descriptor) @ hadoop-rumen ---
[INFO] 
[INFO] --- animal-sniffer:1.16:check (signature-check) @ hadoop-rumen ---
[INFO] Checking unresolved references to org.codehaus.mojo.signature:java17:1.0
[INFO] 
[INFO] --- enforcer:1.4.1:enforce (depcheck) @ hadoop-rumen ---
[INFO] Skipping Rule Enforcement.
[INFO] 
[INFO] --- install:2.5.1:install (default-install) @ hadoop-rumen ---
[INFO] Installing /home/runner/work/sonar-analysis/sonar-analysis/project/hadoop-tools/hadoop-rumen/target/hadoop-rumen-2.10.0-SNAPSHOT.jar to /home/runner/.m2/repository/org/apache/hadoop/hadoop-rumen/2.10.0-SNAPSHOT/hadoop-rumen-2.10.0-SNAPSHOT.jar
[INFO] Installing /home/runner/work/sonar-analysis/sonar-analysis/project/hadoop-tools/hadoop-rumen/pom.xml to /home/runner/.m2/repository/org/apache/hadoop/hadoop-rumen/2.10.0-SNAPSHOT/hadoop-rumen-2.10.0-SNAPSHOT.pom
[INFO] 
[INFO] ------------------< org.apache.hadoop:hadoop-gridmix >------------------
[INFO] Building Apache Hadoop Gridmix 2.10.0-SNAPSHOT                   [66/84]
[INFO]   from hadoop-tools/hadoop-gridmix/pom.xml
[INFO] --------------------------------[ jar ]---------------------------------
[INFO] 
[INFO] --- clean:2.5:clean (default-clean) @ hadoop-gridmix ---
[INFO] Deleting /home/runner/work/sonar-analysis/sonar-analysis/project/hadoop-tools/hadoop-gridmix/target
[INFO] 
[INFO] --- antrun:1.7:run (create-testdirs) @ hadoop-gridmix ---
[INFO] Executing tasks

main:
    [mkdir] Created dir: /home/runner/work/sonar-analysis/sonar-analysis/project/hadoop-tools/hadoop-gridmix/target/test-dir
[INFO] Executed tasks
[INFO] 
[INFO] --- remote-resources:1.5:process (default) @ hadoop-gridmix ---
[INFO] 
[INFO] --- resources:2.6:resources (default-resources) @ hadoop-gridmix ---
[INFO] Using 'UTF-8' encoding to copy filtered resources.
[INFO] skip non existing resourceDirectory /home/runner/work/sonar-analysis/sonar-analysis/project/hadoop-tools/hadoop-gridmix/src/main/resources
[INFO] Copying 2 resources
[INFO] 
[INFO] --- compiler:3.1:compile (default-compile) @ hadoop-gridmix ---
[INFO] Compiling 44 source files to /home/runner/work/sonar-analysis/sonar-analysis/project/hadoop-tools/hadoop-gridmix/target/classes
[WARNING] /home/runner/work/sonar-analysis/sonar-analysis/project/hadoop-tools/hadoop-gridmix/src/main/java/org/apache/hadoop/mapred/gridmix/GenerateDistCacheData.java: Some input files use or override a deprecated API.
[WARNING] /home/runner/work/sonar-analysis/sonar-analysis/project/hadoop-tools/hadoop-gridmix/src/main/java/org/apache/hadoop/mapred/gridmix/GenerateDistCacheData.java: Recompile with -Xlint:deprecation for details.
[WARNING] /home/runner/work/sonar-analysis/sonar-analysis/project/hadoop-tools/hadoop-gridmix/src/main/java/org/apache/hadoop/mapred/gridmix/DistributedCacheEmulator.java: /home/runner/work/sonar-analysis/sonar-analysis/project/hadoop-tools/hadoop-gridmix/src/main/java/org/apache/hadoop/mapred/gridmix/DistributedCacheEmulator.java uses unchecked or unsafe operations.
[WARNING] /home/runner/work/sonar-analysis/sonar-analysis/project/hadoop-tools/hadoop-gridmix/src/main/java/org/apache/hadoop/mapred/gridmix/DistributedCacheEmulator.java: Recompile with -Xlint:unchecked for details.
[INFO] 
[INFO] --- resources:2.6:testResources (default-testResources) @ hadoop-gridmix ---
[INFO] Using 'UTF-8' encoding to copy filtered resources.
[INFO] Copying 3 resources
[INFO] Copying 2 resources
[INFO] 
[INFO] --- antrun:1.7:run (create-log-dir) @ hadoop-gridmix ---
[INFO] Executing tasks

main:
   [delete] Deleting directory /home/runner/work/sonar-analysis/sonar-analysis/project/hadoop-tools/hadoop-gridmix/target/test-dir
    [mkdir] Created dir: /home/runner/work/sonar-analysis/sonar-analysis/project/hadoop-tools/hadoop-gridmix/target/test-dir
    [mkdir] Created dir: /home/runner/work/sonar-analysis/sonar-analysis/project/hadoop-tools/hadoop-gridmix/target/log
[INFO] Executed tasks
[INFO] 
[INFO] --- compiler:3.1:testCompile (default-testCompile) @ hadoop-gridmix ---
[INFO] Compiling 24 source files to /home/runner/work/sonar-analysis/sonar-analysis/project/hadoop-tools/hadoop-gridmix/target/test-classes
[WARNING] /home/runner/work/sonar-analysis/sonar-analysis/project/hadoop-tools/hadoop-gridmix/src/test/java/org/apache/hadoop/mapred/gridmix/TestFileQueue.java: Some input files use or override a deprecated API.
[WARNING] /home/runner/work/sonar-analysis/sonar-analysis/project/hadoop-tools/hadoop-gridmix/src/test/java/org/apache/hadoop/mapred/gridmix/TestFileQueue.java: Recompile with -Xlint:deprecation for details.
[WARNING] /home/runner/work/sonar-analysis/sonar-analysis/project/hadoop-tools/hadoop-gridmix/src/test/java/org/apache/hadoop/mapred/gridmix/TestRandomTextDataGenerator.java: /home/runner/work/sonar-analysis/sonar-analysis/project/hadoop-tools/hadoop-gridmix/src/test/java/org/apache/hadoop/mapred/gridmix/TestRandomTextDataGenerator.java uses unchecked or unsafe operations.
[WARNING] /home/runner/work/sonar-analysis/sonar-analysis/project/hadoop-tools/hadoop-gridmix/src/test/java/org/apache/hadoop/mapred/gridmix/TestRandomTextDataGenerator.java: Recompile with -Xlint:unchecked for details.
[INFO] 
[INFO] --- surefire:2.21.0:test (default-test) @ hadoop-gridmix ---
[INFO] Tests are skipped.
[INFO] 
[INFO] --- jar:2.5:jar (default-jar) @ hadoop-gridmix ---
[INFO] Building jar: /home/runner/work/sonar-analysis/sonar-analysis/project/hadoop-tools/hadoop-gridmix/target/hadoop-gridmix-2.10.0-SNAPSHOT.jar
[INFO] 
[INFO] --- site:3.5:attach-descriptor (attach-descriptor) @ hadoop-gridmix ---
[INFO] 
[INFO] --- animal-sniffer:1.16:check (signature-check) @ hadoop-gridmix ---
[INFO] Checking unresolved references to org.codehaus.mojo.signature:java17:1.0
[INFO] 
[INFO] --- enforcer:1.4.1:enforce (depcheck) @ hadoop-gridmix ---
[INFO] Skipping Rule Enforcement.
[INFO] 
[INFO] --- install:2.5.1:install (default-install) @ hadoop-gridmix ---
[INFO] Installing /home/runner/work/sonar-analysis/sonar-analysis/project/hadoop-tools/hadoop-gridmix/target/hadoop-gridmix-2.10.0-SNAPSHOT.jar to /home/runner/.m2/repository/org/apache/hadoop/hadoop-gridmix/2.10.0-SNAPSHOT/hadoop-gridmix-2.10.0-SNAPSHOT.jar
[INFO] Installing /home/runner/work/sonar-analysis/sonar-analysis/project/hadoop-tools/hadoop-gridmix/pom.xml to /home/runner/.m2/repository/org/apache/hadoop/hadoop-gridmix/2.10.0-SNAPSHOT/hadoop-gridmix-2.10.0-SNAPSHOT.pom
[INFO] 
[INFO] -----------------< org.apache.hadoop:hadoop-datajoin >------------------
[INFO] Building Apache Hadoop Data Join 2.10.0-SNAPSHOT                 [67/84]
[INFO]   from hadoop-tools/hadoop-datajoin/pom.xml
[INFO] --------------------------------[ jar ]---------------------------------
[INFO] 
[INFO] --- clean:2.5:clean (default-clean) @ hadoop-datajoin ---
[INFO] Deleting /home/runner/work/sonar-analysis/sonar-analysis/project/hadoop-tools/hadoop-datajoin/target
[INFO] 
[INFO] --- antrun:1.7:run (create-testdirs) @ hadoop-datajoin ---
[INFO] Executing tasks

main:
    [mkdir] Created dir: /home/runner/work/sonar-analysis/sonar-analysis/project/hadoop-tools/hadoop-datajoin/target/test-dir
[INFO] Executed tasks
[INFO] 
[INFO] --- remote-resources:1.5:process (default) @ hadoop-datajoin ---
[INFO] 
[INFO] --- resources:2.6:resources (default-resources) @ hadoop-datajoin ---
[INFO] Using 'UTF-8' encoding to copy filtered resources.
[INFO] skip non existing resourceDirectory /home/runner/work/sonar-analysis/sonar-analysis/project/hadoop-tools/hadoop-datajoin/src/main/resources
[INFO] Copying 2 resources
[INFO] 
[INFO] --- compiler:3.1:compile (default-compile) @ hadoop-datajoin ---
[INFO] Compiling 7 source files to /home/runner/work/sonar-analysis/sonar-analysis/project/hadoop-tools/hadoop-datajoin/target/classes
[WARNING] /home/runner/work/sonar-analysis/sonar-analysis/project/hadoop-tools/hadoop-datajoin/src/main/java/org/apache/hadoop/contrib/utils/join/DataJoinJob.java: Some input files use unchecked or unsafe operations.
[WARNING] /home/runner/work/sonar-analysis/sonar-analysis/project/hadoop-tools/hadoop-datajoin/src/main/java/org/apache/hadoop/contrib/utils/join/DataJoinJob.java: Recompile with -Xlint:unchecked for details.
[INFO] 
[INFO] --- resources:2.6:testResources (default-testResources) @ hadoop-datajoin ---
[INFO] Using 'UTF-8' encoding to copy filtered resources.
[INFO] skip non existing resourceDirectory /home/runner/work/sonar-analysis/sonar-analysis/project/hadoop-tools/hadoop-datajoin/src/test/resources
[INFO] Copying 2 resources
[INFO] 
[INFO] --- antrun:1.7:run (create-log-dir) @ hadoop-datajoin ---
[INFO] Executing tasks

main:
   [delete] Deleting directory /home/runner/work/sonar-analysis/sonar-analysis/project/hadoop-tools/hadoop-datajoin/target/test-dir
    [mkdir] Created dir: /home/runner/work/sonar-analysis/sonar-analysis/project/hadoop-tools/hadoop-datajoin/target/test-dir
    [mkdir] Created dir: /home/runner/work/sonar-analysis/sonar-analysis/project/hadoop-tools/hadoop-datajoin/target/log
[INFO] Executed tasks
[INFO] 
[INFO] --- compiler:3.1:testCompile (default-testCompile) @ hadoop-datajoin ---
[INFO] Compiling 4 source files to /home/runner/work/sonar-analysis/sonar-analysis/project/hadoop-tools/hadoop-datajoin/target/test-classes
[WARNING] /home/runner/work/sonar-analysis/sonar-analysis/project/hadoop-tools/hadoop-datajoin/src/test/java/org/apache/hadoop/contrib/utils/join/TestDataJoin.java: /home/runner/work/sonar-analysis/sonar-analysis/project/hadoop-tools/hadoop-datajoin/src/test/java/org/apache/hadoop/contrib/utils/join/TestDataJoin.java uses or overrides a deprecated API.
[WARNING] /home/runner/work/sonar-analysis/sonar-analysis/project/hadoop-tools/hadoop-datajoin/src/test/java/org/apache/hadoop/contrib/utils/join/TestDataJoin.java: Recompile with -Xlint:deprecation for details.
[INFO] 
[INFO] --- surefire:2.21.0:test (default-test) @ hadoop-datajoin ---
[INFO] Tests are skipped.
[INFO] 
[INFO] --- jar:2.5:jar (default-jar) @ hadoop-datajoin ---
[INFO] Building jar: /home/runner/work/sonar-analysis/sonar-analysis/project/hadoop-tools/hadoop-datajoin/target/hadoop-datajoin-2.10.0-SNAPSHOT.jar
[INFO] 
[INFO] --- site:3.5:attach-descriptor (attach-descriptor) @ hadoop-datajoin ---
[INFO] 
[INFO] --- animal-sniffer:1.16:check (signature-check) @ hadoop-datajoin ---
[INFO] Checking unresolved references to org.codehaus.mojo.signature:java17:1.0
[INFO] 
[INFO] --- enforcer:1.4.1:enforce (depcheck) @ hadoop-datajoin ---
[INFO] Skipping Rule Enforcement.
[INFO] 
[INFO] --- install:2.5.1:install (default-install) @ hadoop-datajoin ---
[INFO] Installing /home/runner/work/sonar-analysis/sonar-analysis/project/hadoop-tools/hadoop-datajoin/target/hadoop-datajoin-2.10.0-SNAPSHOT.jar to /home/runner/.m2/repository/org/apache/hadoop/hadoop-datajoin/2.10.0-SNAPSHOT/hadoop-datajoin-2.10.0-SNAPSHOT.jar
[INFO] Installing /home/runner/work/sonar-analysis/sonar-analysis/project/hadoop-tools/hadoop-datajoin/pom.xml to /home/runner/.m2/repository/org/apache/hadoop/hadoop-datajoin/2.10.0-SNAPSHOT/hadoop-datajoin-2.10.0-SNAPSHOT.pom
[INFO] 
[INFO] --------------------< org.apache.hadoop:hadoop-ant >--------------------
[INFO] Building Apache Hadoop Ant Tasks 2.10.0-SNAPSHOT                 [68/84]
[INFO]   from hadoop-tools/hadoop-ant/pom.xml
[INFO] --------------------------------[ jar ]---------------------------------
[INFO] 
[INFO] --- clean:2.5:clean (default-clean) @ hadoop-ant ---
[INFO] Deleting /home/runner/work/sonar-analysis/sonar-analysis/project/hadoop-tools/hadoop-ant/target
[INFO] 
[INFO] --- antrun:1.7:run (create-testdirs) @ hadoop-ant ---
[INFO] Executing tasks

main:
    [mkdir] Created dir: /home/runner/work/sonar-analysis/sonar-analysis/project/hadoop-tools/hadoop-ant/target/test-dir
[INFO] Executed tasks
[INFO] 
[INFO] --- remote-resources:1.5:process (default) @ hadoop-ant ---
[INFO] 
[INFO] --- resources:2.6:resources (default-resources) @ hadoop-ant ---
[INFO] Using 'UTF-8' encoding to copy filtered resources.
[INFO] Copying 1 resource
[INFO] Copying 2 resources
[INFO] 
[INFO] --- compiler:3.1:compile (default-compile) @ hadoop-ant ---
[INFO] Compiling 5 source files to /home/runner/work/sonar-analysis/sonar-analysis/project/hadoop-tools/hadoop-ant/target/classes
[INFO] 
[INFO] --- resources:2.6:testResources (default-testResources) @ hadoop-ant ---
[INFO] Using 'UTF-8' encoding to copy filtered resources.
[INFO] skip non existing resourceDirectory /home/runner/work/sonar-analysis/sonar-analysis/project/hadoop-tools/hadoop-ant/src/test/resources
[INFO] Copying 2 resources
[INFO] 
[INFO] --- compiler:3.1:testCompile (default-testCompile) @ hadoop-ant ---
[INFO] No sources to compile
[INFO] 
[INFO] --- surefire:2.21.0:test (default-test) @ hadoop-ant ---
[INFO] Tests are skipped.
[INFO] 
[INFO] --- jar:2.5:jar (default-jar) @ hadoop-ant ---
[INFO] Building jar: /home/runner/work/sonar-analysis/sonar-analysis/project/hadoop-tools/hadoop-ant/target/hadoop-ant-2.10.0-SNAPSHOT.jar
[INFO] 
[INFO] --- site:3.5:attach-descriptor (attach-descriptor) @ hadoop-ant ---
[INFO] 
[INFO] --- animal-sniffer:1.16:check (signature-check) @ hadoop-ant ---
[INFO] Checking unresolved references to org.codehaus.mojo.signature:java17:1.0
[INFO] 
[INFO] --- enforcer:1.4.1:enforce (depcheck) @ hadoop-ant ---
[INFO] Skipping Rule Enforcement.
[INFO] 
[INFO] --- install:2.5.1:install (default-install) @ hadoop-ant ---
[INFO] Installing /home/runner/work/sonar-analysis/sonar-analysis/project/hadoop-tools/hadoop-ant/target/hadoop-ant-2.10.0-SNAPSHOT.jar to /home/runner/.m2/repository/org/apache/hadoop/hadoop-ant/2.10.0-SNAPSHOT/hadoop-ant-2.10.0-SNAPSHOT.jar
[INFO] Installing /home/runner/work/sonar-analysis/sonar-analysis/project/hadoop-tools/hadoop-ant/pom.xml to /home/runner/.m2/repository/org/apache/hadoop/hadoop-ant/2.10.0-SNAPSHOT/hadoop-ant-2.10.0-SNAPSHOT.pom
[INFO] 
[INFO] ------------------< org.apache.hadoop:hadoop-extras >-------------------
[INFO] Building Apache Hadoop Extras 2.10.0-SNAPSHOT                    [69/84]
[INFO]   from hadoop-tools/hadoop-extras/pom.xml
[INFO] --------------------------------[ jar ]---------------------------------
[INFO] 
[INFO] --- clean:2.5:clean (default-clean) @ hadoop-extras ---
[INFO] Deleting /home/runner/work/sonar-analysis/sonar-analysis/project/hadoop-tools/hadoop-extras/target
[INFO] 
[INFO] --- antrun:1.7:run (create-testdirs) @ hadoop-extras ---
[INFO] Executing tasks

main:
    [mkdir] Created dir: /home/runner/work/sonar-analysis/sonar-analysis/project/hadoop-tools/hadoop-extras/target/test-dir
[INFO] Executed tasks
[INFO] 
[INFO] --- remote-resources:1.5:process (default) @ hadoop-extras ---
[INFO] 
[INFO] --- resources:2.6:resources (default-resources) @ hadoop-extras ---
[INFO] Using 'UTF-8' encoding to copy filtered resources.
[INFO] skip non existing resourceDirectory /home/runner/work/sonar-analysis/sonar-analysis/project/hadoop-tools/hadoop-extras/src/main/resources
[INFO] Copying 2 resources
[INFO] 
[INFO] --- compiler:3.1:compile (default-compile) @ hadoop-extras ---
[INFO] Compiling 7 source files to /home/runner/work/sonar-analysis/sonar-analysis/project/hadoop-tools/hadoop-extras/target/classes
[WARNING] /home/runner/work/sonar-analysis/sonar-analysis/project/hadoop-tools/hadoop-extras/src/main/java/org/apache/hadoop/tools/DistCh.java: /home/runner/work/sonar-analysis/sonar-analysis/project/hadoop-tools/hadoop-extras/src/main/java/org/apache/hadoop/tools/DistCh.java uses or overrides a deprecated API.
[WARNING] /home/runner/work/sonar-analysis/sonar-analysis/project/hadoop-tools/hadoop-extras/src/main/java/org/apache/hadoop/tools/DistCh.java: Recompile with -Xlint:deprecation for details.
[INFO] 
[INFO] --- resources:2.6:testResources (default-testResources) @ hadoop-extras ---
[INFO] Using 'UTF-8' encoding to copy filtered resources.
[INFO] skip non existing resourceDirectory /home/runner/work/sonar-analysis/sonar-analysis/project/hadoop-tools/hadoop-extras/src/test/resources
[INFO] Copying 2 resources
[INFO] 
[INFO] --- antrun:1.7:run (create-log-dir) @ hadoop-extras ---
[INFO] Executing tasks

main:
   [delete] Deleting directory /home/runner/work/sonar-analysis/sonar-analysis/project/hadoop-tools/hadoop-extras/target/test-dir
    [mkdir] Created dir: /home/runner/work/sonar-analysis/sonar-analysis/project/hadoop-tools/hadoop-extras/target/test-dir
    [mkdir] Created dir: /home/runner/work/sonar-analysis/sonar-analysis/project/hadoop-tools/hadoop-extras/target/log
[INFO] Executed tasks
[INFO] 
[INFO] --- compiler:3.1:testCompile (default-testCompile) @ hadoop-extras ---
[INFO] Compiling 4 source files to /home/runner/work/sonar-analysis/sonar-analysis/project/hadoop-tools/hadoop-extras/target/test-classes
[WARNING] /home/runner/work/sonar-analysis/sonar-analysis/project/hadoop-tools/hadoop-extras/src/test/java/org/apache/hadoop/mapred/tools/TestGetGroups.java: /home/runner/work/sonar-analysis/sonar-analysis/project/hadoop-tools/hadoop-extras/src/test/java/org/apache/hadoop/mapred/tools/TestGetGroups.java uses or overrides a deprecated API.
[WARNING] /home/runner/work/sonar-analysis/sonar-analysis/project/hadoop-tools/hadoop-extras/src/test/java/org/apache/hadoop/mapred/tools/TestGetGroups.java: Recompile with -Xlint:deprecation for details.
[INFO] 
[INFO] --- surefire:2.21.0:test (default-test) @ hadoop-extras ---
[INFO] Tests are skipped.
[INFO] 
[INFO] --- jar:2.5:jar (default-jar) @ hadoop-extras ---
[INFO] Building jar: /home/runner/work/sonar-analysis/sonar-analysis/project/hadoop-tools/hadoop-extras/target/hadoop-extras-2.10.0-SNAPSHOT.jar
[INFO] 
[INFO] --- site:3.5:attach-descriptor (attach-descriptor) @ hadoop-extras ---
[INFO] 
[INFO] --- animal-sniffer:1.16:check (signature-check) @ hadoop-extras ---
[INFO] Checking unresolved references to org.codehaus.mojo.signature:java17:1.0
[INFO] 
[INFO] --- enforcer:1.4.1:enforce (depcheck) @ hadoop-extras ---
[INFO] Skipping Rule Enforcement.
[INFO] 
[INFO] --- install:2.5.1:install (default-install) @ hadoop-extras ---
[INFO] Installing /home/runner/work/sonar-analysis/sonar-analysis/project/hadoop-tools/hadoop-extras/target/hadoop-extras-2.10.0-SNAPSHOT.jar to /home/runner/.m2/repository/org/apache/hadoop/hadoop-extras/2.10.0-SNAPSHOT/hadoop-extras-2.10.0-SNAPSHOT.jar
[INFO] Installing /home/runner/work/sonar-analysis/sonar-analysis/project/hadoop-tools/hadoop-extras/pom.xml to /home/runner/.m2/repository/org/apache/hadoop/hadoop-extras/2.10.0-SNAPSHOT/hadoop-extras-2.10.0-SNAPSHOT.pom
[INFO] 
[INFO] -------------------< org.apache.hadoop:hadoop-pipes >-------------------
[INFO] Building Apache Hadoop Pipes 2.10.0-SNAPSHOT                     [70/84]
[INFO]   from hadoop-tools/hadoop-pipes/pom.xml
[INFO] --------------------------------[ pom ]---------------------------------
[INFO] 
[INFO] --- clean:2.5:clean (default-clean) @ hadoop-pipes ---
[INFO] Deleting /home/runner/work/sonar-analysis/sonar-analysis/project/hadoop-tools/hadoop-pipes/target
[INFO] 
[INFO] --- antrun:1.7:run (create-testdirs) @ hadoop-pipes ---
[INFO] Executing tasks

main:
    [mkdir] Created dir: /home/runner/work/sonar-analysis/sonar-analysis/project/hadoop-tools/hadoop-pipes/target/test-dir
[INFO] Executed tasks
[INFO] 
[INFO] --- remote-resources:1.5:process (default) @ hadoop-pipes ---
[INFO] 
[INFO] --- site:3.5:attach-descriptor (attach-descriptor) @ hadoop-pipes ---
[INFO] 
[INFO] --- animal-sniffer:1.16:check (signature-check) @ hadoop-pipes ---
[INFO] Checking unresolved references to org.codehaus.mojo.signature:java17:1.0
[INFO] 
[INFO] --- enforcer:1.4.1:enforce (depcheck) @ hadoop-pipes ---
[INFO] Skipping Rule Enforcement.
[INFO] 
[INFO] --- install:2.5.1:install (default-install) @ hadoop-pipes ---
[INFO] Installing /home/runner/work/sonar-analysis/sonar-analysis/project/hadoop-tools/hadoop-pipes/pom.xml to /home/runner/.m2/repository/org/apache/hadoop/hadoop-pipes/2.10.0-SNAPSHOT/hadoop-pipes-2.10.0-SNAPSHOT.pom
[INFO] 
[INFO] -----------------< org.apache.hadoop:hadoop-openstack >-----------------
[INFO] Building Apache Hadoop OpenStack support 2.10.0-SNAPSHOT         [71/84]
[INFO]   from hadoop-tools/hadoop-openstack/pom.xml
[INFO] --------------------------------[ jar ]---------------------------------
[INFO] 
[INFO] --- clean:2.5:clean (default-clean) @ hadoop-openstack ---
[INFO] Deleting /home/runner/work/sonar-analysis/sonar-analysis/project/hadoop-tools/hadoop-openstack/target
[INFO] 
[INFO] --- antrun:1.7:run (create-testdirs) @ hadoop-openstack ---
[INFO] Executing tasks

main:
    [mkdir] Created dir: /home/runner/work/sonar-analysis/sonar-analysis/project/hadoop-tools/hadoop-openstack/target/test-dir
[INFO] Executed tasks
[INFO] 
[INFO] --- remote-resources:1.5:process (default) @ hadoop-openstack ---
[INFO] 
[INFO] --- resources:2.6:resources (default-resources) @ hadoop-openstack ---
[INFO] Using 'UTF-8' encoding to copy filtered resources.
[INFO] skip non existing resourceDirectory /home/runner/work/sonar-analysis/sonar-analysis/project/hadoop-tools/hadoop-openstack/src/main/resources
[INFO] Copying 2 resources
[INFO] 
[INFO] --- compiler:3.1:compile (default-compile) @ hadoop-openstack ---
[INFO] Compiling 49 source files to /home/runner/work/sonar-analysis/sonar-analysis/project/hadoop-tools/hadoop-openstack/target/classes
[WARNING] /home/runner/work/sonar-analysis/sonar-analysis/project/hadoop-tools/hadoop-openstack/src/main/java/org/apache/hadoop/fs/swift/http/SwiftRestClient.java: Some input files use or override a deprecated API.
[WARNING] /home/runner/work/sonar-analysis/sonar-analysis/project/hadoop-tools/hadoop-openstack/src/main/java/org/apache/hadoop/fs/swift/http/SwiftRestClient.java: Recompile with -Xlint:deprecation for details.
[INFO] 
[INFO] --- resources:2.6:testResources (default-testResources) @ hadoop-openstack ---
[INFO] Not copying test resources
[INFO] 
[INFO] --- compiler:3.1:testCompile (default-testCompile) @ hadoop-openstack ---
[INFO] Not compiling test sources
[INFO] 
[INFO] --- surefire:2.21.0:test (default-test) @ hadoop-openstack ---
[INFO] Tests are skipped.
[INFO] 
[INFO] --- jar:2.5:jar (default-jar) @ hadoop-openstack ---
[INFO] Building jar: /home/runner/work/sonar-analysis/sonar-analysis/project/hadoop-tools/hadoop-openstack/target/hadoop-openstack-2.10.0-SNAPSHOT.jar
[INFO] 
[INFO] --- site:3.5:attach-descriptor (attach-descriptor) @ hadoop-openstack ---
[INFO] 
[INFO] --- animal-sniffer:1.16:check (signature-check) @ hadoop-openstack ---
[INFO] Checking unresolved references to org.codehaus.mojo.signature:java17:1.0
[INFO] 
[INFO] --- enforcer:1.4.1:enforce (depcheck) @ hadoop-openstack ---
[INFO] Skipping Rule Enforcement.
[INFO] 
[INFO] --- install:2.5.1:install (default-install) @ hadoop-openstack ---
[INFO] Installing /home/runner/work/sonar-analysis/sonar-analysis/project/hadoop-tools/hadoop-openstack/target/hadoop-openstack-2.10.0-SNAPSHOT.jar to /home/runner/.m2/repository/org/apache/hadoop/hadoop-openstack/2.10.0-SNAPSHOT/hadoop-openstack-2.10.0-SNAPSHOT.jar
[INFO] Installing /home/runner/work/sonar-analysis/sonar-analysis/project/hadoop-tools/hadoop-openstack/pom.xml to /home/runner/.m2/repository/org/apache/hadoop/hadoop-openstack/2.10.0-SNAPSHOT/hadoop-openstack-2.10.0-SNAPSHOT.pom
[INFO] 
[INFO] --------------------< org.apache.hadoop:hadoop-aws >--------------------
[INFO] Building Apache Hadoop Amazon Web Services support 2.10.0-SNAPSHOT [72/84]
[INFO]   from hadoop-tools/hadoop-aws/pom.xml
[INFO] --------------------------------[ jar ]---------------------------------
[INFO] 
[INFO] --- clean:2.5:clean (default-clean) @ hadoop-aws ---
[INFO] Deleting /home/runner/work/sonar-analysis/sonar-analysis/project/hadoop-tools/hadoop-aws/target
[INFO] 
[INFO] --- antrun:1.7:run (create-testdirs) @ hadoop-aws ---
[INFO] Executing tasks

main:
    [mkdir] Created dir: /home/runner/work/sonar-analysis/sonar-analysis/project/hadoop-tools/hadoop-aws/target/test-dir
[INFO] Executed tasks
[INFO] 
[INFO] --- remote-resources:1.5:process (default) @ hadoop-aws ---
[INFO] 
[INFO] --- resources:2.6:resources (default-resources) @ hadoop-aws ---
[INFO] Using 'UTF-8' encoding to copy filtered resources.
[INFO] Copying 1 resource
[INFO] Copying 2 resources
[INFO] 
[INFO] --- compiler:3.1:compile (default-compile) @ hadoop-aws ---
[INFO] Compiling 69 source files to /home/runner/work/sonar-analysis/sonar-analysis/project/hadoop-tools/hadoop-aws/target/classes
[WARNING] /home/runner/work/sonar-analysis/sonar-analysis/project/hadoop-tools/hadoop-aws/src/main/java/org/apache/hadoop/fs/s3/Jets3tFileSystemStore.java: Some input files use or override a deprecated API.
[WARNING] /home/runner/work/sonar-analysis/sonar-analysis/project/hadoop-tools/hadoop-aws/src/main/java/org/apache/hadoop/fs/s3/Jets3tFileSystemStore.java: Recompile with -Xlint:deprecation for details.
[WARNING] /home/runner/work/sonar-analysis/sonar-analysis/project/hadoop-tools/hadoop-aws/src/main/java/org/apache/hadoop/fs/s3a/Listing.java: Some input files use unchecked or unsafe operations.
[WARNING] /home/runner/work/sonar-analysis/sonar-analysis/project/hadoop-tools/hadoop-aws/src/main/java/org/apache/hadoop/fs/s3a/Listing.java: Recompile with -Xlint:unchecked for details.
[INFO] 
[INFO] --- resources:2.6:testResources (default-testResources) @ hadoop-aws ---
[INFO] Using 'UTF-8' encoding to copy filtered resources.
[INFO] Copying 5 resources
[INFO] Copying 2 resources
[INFO] 
[INFO] --- compiler:3.1:testCompile (default-testCompile) @ hadoop-aws ---
[INFO] Compiling 123 source files to /home/runner/work/sonar-analysis/sonar-analysis/project/hadoop-tools/hadoop-aws/target/test-classes
[WARNING] /home/runner/work/sonar-analysis/sonar-analysis/project/hadoop-tools/hadoop-aws/src/test/java/org/apache/hadoop/fs/s3/S3InMemoryFileSystem.java: Some input files use or override a deprecated API.
[WARNING] /home/runner/work/sonar-analysis/sonar-analysis/project/hadoop-tools/hadoop-aws/src/test/java/org/apache/hadoop/fs/s3/S3InMemoryFileSystem.java: Recompile with -Xlint:deprecation for details.
[WARNING] /home/runner/work/sonar-analysis/sonar-analysis/project/hadoop-tools/hadoop-aws/src/test/java/org/apache/hadoop/fs/s3a/s3guard/ITestS3GuardConcurrentOps.java: Some input files use unchecked or unsafe operations.
[WARNING] /home/runner/work/sonar-analysis/sonar-analysis/project/hadoop-tools/hadoop-aws/src/test/java/org/apache/hadoop/fs/s3a/s3guard/ITestS3GuardConcurrentOps.java: Recompile with -Xlint:unchecked for details.
[INFO] 
[INFO] --- dependency:2.2:copy-dependencies (copy) @ hadoop-aws ---
[INFO] Copying sqlite4java-win32-x64-1.0.392.dll to /home/runner/work/sonar-analysis/sonar-analysis/project/hadoop-tools/hadoop-aws/target/native-libs/sqlite4java-win32-x64-1.0.392.dll
[INFO] Copying sqlite4java-win32-x86-1.0.392.dll to /home/runner/work/sonar-analysis/sonar-analysis/project/hadoop-tools/hadoop-aws/target/native-libs/sqlite4java-win32-x86-1.0.392.dll
[INFO] Copying libsqlite4java-linux-i386-1.0.392.so to /home/runner/work/sonar-analysis/sonar-analysis/project/hadoop-tools/hadoop-aws/target/native-libs/libsqlite4java-linux-i386-1.0.392.so
[INFO] Copying libsqlite4java-osx-1.0.392.dylib to /home/runner/work/sonar-analysis/sonar-analysis/project/hadoop-tools/hadoop-aws/target/native-libs/libsqlite4java-osx-1.0.392.dylib
[INFO] Copying libsqlite4java-linux-amd64-1.0.392.so to /home/runner/work/sonar-analysis/sonar-analysis/project/hadoop-tools/hadoop-aws/target/native-libs/libsqlite4java-linux-amd64-1.0.392.so
[INFO] 
[INFO] --- surefire:2.21.0:test (default-test) @ hadoop-aws ---
[INFO] Tests are skipped.
[INFO] 
[INFO] --- jar:2.5:jar (default-jar) @ hadoop-aws ---
[INFO] Building jar: /home/runner/work/sonar-analysis/sonar-analysis/project/hadoop-tools/hadoop-aws/target/hadoop-aws-2.10.0-SNAPSHOT.jar
[INFO] 
[INFO] --- site:3.5:attach-descriptor (attach-descriptor) @ hadoop-aws ---
[INFO] 
[INFO] --- dependency:2.2:copy-dependencies (default) @ hadoop-aws ---
[INFO] Copying commons-lang3-3.4.jar to /home/runner/work/sonar-analysis/sonar-analysis/project/hadoop-tools/hadoop-aws/target/lib/commons-lang3-3.4.jar
[INFO] Copying sqlite4java-win32-x64-1.0.392.dll to /home/runner/work/sonar-analysis/sonar-analysis/project/hadoop-tools/hadoop-aws/target/lib/sqlite4java-win32-x64-1.0.392.dll
[INFO] Copying protobuf-java-2.5.0.jar to /home/runner/work/sonar-analysis/sonar-analysis/project/hadoop-tools/hadoop-aws/target/lib/protobuf-java-2.5.0.jar
[INFO] Copying aopalliance-1.0.jar to /home/runner/work/sonar-analysis/sonar-analysis/project/hadoop-tools/hadoop-aws/target/lib/aopalliance-1.0.jar
[INFO] Copying jersey-json-1.9.jar to /home/runner/work/sonar-analysis/sonar-analysis/project/hadoop-tools/hadoop-aws/target/lib/jersey-json-1.9.jar
[INFO] Copying hadoop-common-2.10.0-SNAPSHOT-tests.jar to /home/runner/work/sonar-analysis/sonar-analysis/project/hadoop-tools/hadoop-aws/target/lib/hadoop-common-2.10.0-SNAPSHOT-tests.jar
[INFO] Copying hadoop-mapreduce-client-common-2.10.0-SNAPSHOT.jar to /home/runner/work/sonar-analysis/sonar-analysis/project/hadoop-tools/hadoop-aws/target/lib/hadoop-mapreduce-client-common-2.10.0-SNAPSHOT.jar
[INFO] Copying okio-1.6.0.jar to /home/runner/work/sonar-analysis/sonar-analysis/project/hadoop-tools/hadoop-aws/target/lib/okio-1.6.0.jar
[INFO] Copying mockito-core-1.10.19.jar to /home/runner/work/sonar-analysis/sonar-analysis/project/hadoop-tools/hadoop-aws/target/lib/mockito-core-1.10.19.jar
[INFO] Copying fst-2.50.jar to /home/runner/work/sonar-analysis/sonar-analysis/project/hadoop-tools/hadoop-aws/target/lib/fst-2.50.jar
[INFO] Copying jsr305-3.0.0.jar to /home/runner/work/sonar-analysis/sonar-analysis/project/hadoop-tools/hadoop-aws/target/lib/jsr305-3.0.0.jar
[INFO] Copying sqlite4java-win32-x86-1.0.392.dll to /home/runner/work/sonar-analysis/sonar-analysis/project/hadoop-tools/hadoop-aws/target/lib/sqlite4java-win32-x86-1.0.392.dll
[INFO] Copying leveldbjni-all-1.8.jar to /home/runner/work/sonar-analysis/sonar-analysis/project/hadoop-tools/hadoop-aws/target/lib/leveldbjni-all-1.8.jar
[INFO] Copying jetty-client-8.1.12.v20130726.jar to /home/runner/work/sonar-analysis/sonar-analysis/project/hadoop-tools/hadoop-aws/target/lib/jetty-client-8.1.12.v20130726.jar
[INFO] Copying hadoop-distcp-2.10.0-SNAPSHOT-tests.jar to /home/runner/work/sonar-analysis/sonar-analysis/project/hadoop-tools/hadoop-aws/target/lib/hadoop-distcp-2.10.0-SNAPSHOT-tests.jar
[INFO] Copying htrace-core4-4.1.0-incubating.jar to /home/runner/work/sonar-analysis/sonar-analysis/project/hadoop-tools/hadoop-aws/target/lib/htrace-core4-4.1.0-incubating.jar
[INFO] Copying guice-3.0.jar to /home/runner/work/sonar-analysis/sonar-analysis/project/hadoop-tools/hadoop-aws/target/lib/guice-3.0.jar
[INFO] Copying commons-io-2.4.jar to /home/runner/work/sonar-analysis/sonar-analysis/project/hadoop-tools/hadoop-aws/target/lib/commons-io-2.4.jar
[INFO] Copying hadoop-mapreduce-examples-2.10.0-SNAPSHOT.jar to /home/runner/work/sonar-analysis/sonar-analysis/project/hadoop-tools/hadoop-aws/target/lib/hadoop-mapreduce-examples-2.10.0-SNAPSHOT.jar
[INFO] Copying javax.servlet-3.0.0.v201112011016.jar to /home/runner/work/sonar-analysis/sonar-analysis/project/hadoop-tools/hadoop-aws/target/lib/javax.servlet-3.0.0.v201112011016.jar
[INFO] Copying hadoop-yarn-registry-2.10.0-SNAPSHOT.jar to /home/runner/work/sonar-analysis/sonar-analysis/project/hadoop-tools/hadoop-aws/target/lib/hadoop-yarn-registry-2.10.0-SNAPSHOT.jar
[INFO] Copying jersey-core-1.9.jar to /home/runner/work/sonar-analysis/sonar-analysis/project/hadoop-tools/hadoop-aws/target/lib/jersey-core-1.9.jar
[INFO] Copying jackson-jaxrs-1.9.13.jar to /home/runner/work/sonar-analysis/sonar-analysis/project/hadoop-tools/hadoop-aws/target/lib/jackson-jaxrs-1.9.13.jar
[INFO] Copying hadoop-mapreduce-client-jobclient-2.10.0-SNAPSHOT.jar to /home/runner/work/sonar-analysis/sonar-analysis/project/hadoop-tools/hadoop-aws/target/lib/hadoop-mapreduce-client-jobclient-2.10.0-SNAPSHOT.jar
[INFO] Copying hadoop-yarn-server-web-proxy-2.10.0-SNAPSHOT.jar to /home/runner/work/sonar-analysis/sonar-analysis/project/hadoop-tools/hadoop-aws/target/lib/hadoop-yarn-server-web-proxy-2.10.0-SNAPSHOT.jar
[INFO] Copying log4j-api-2.6.2.jar to /home/runner/work/sonar-analysis/sonar-analysis/project/hadoop-tools/hadoop-aws/target/lib/log4j-api-2.6.2.jar
[INFO] Copying jackson-core-asl-1.9.13.jar to /home/runner/work/sonar-analysis/sonar-analysis/project/hadoop-tools/hadoop-aws/target/lib/jackson-core-asl-1.9.13.jar
[INFO] Copying json-io-2.5.1.jar to /home/runner/work/sonar-analysis/sonar-analysis/project/hadoop-tools/hadoop-aws/target/lib/json-io-2.5.1.jar
[INFO] Copying jetty-continuation-8.1.12.v20130726.jar to /home/runner/work/sonar-analysis/sonar-analysis/project/hadoop-tools/hadoop-aws/target/lib/jetty-continuation-8.1.12.v20130726.jar
[INFO] Copying jersey-guice-1.9.jar to /home/runner/work/sonar-analysis/sonar-analysis/project/hadoop-tools/hadoop-aws/target/lib/jersey-guice-1.9.jar
[INFO] Copying hadoop-hdfs-client-2.10.0-SNAPSHOT.jar to /home/runner/work/sonar-analysis/sonar-analysis/project/hadoop-tools/hadoop-aws/target/lib/hadoop-hdfs-client-2.10.0-SNAPSHOT.jar
[INFO] Copying hadoop-distcp-2.10.0-SNAPSHOT.jar to /home/runner/work/sonar-analysis/sonar-analysis/project/hadoop-tools/hadoop-aws/target/lib/hadoop-distcp-2.10.0-SNAPSHOT.jar
[INFO] Copying tools.jar to /home/runner/work/sonar-analysis/sonar-analysis/project/hadoop-tools/hadoop-aws/target/lib/jdk.tools-1.8.jar
[INFO] Copying jersey-client-1.9.jar to /home/runner/work/sonar-analysis/sonar-analysis/project/hadoop-tools/hadoop-aws/target/lib/jersey-client-1.9.jar
[INFO] Copying commons-net-3.1.jar to /home/runner/work/sonar-analysis/sonar-analysis/project/hadoop-tools/hadoop-aws/target/lib/commons-net-3.1.jar
[INFO] Copying aws-java-sdk-bundle-1.11.271.jar to /home/runner/work/sonar-analysis/sonar-analysis/project/hadoop-tools/hadoop-aws/target/lib/aws-java-sdk-bundle-1.11.271.jar
[INFO] Copying slf4j-log4j12-1.7.25.jar to /home/runner/work/sonar-analysis/sonar-analysis/project/hadoop-tools/hadoop-aws/target/lib/slf4j-log4j12-1.7.25.jar
[INFO] Copying jaxb-api-2.2.2.jar to /home/runner/work/sonar-analysis/sonar-analysis/project/hadoop-tools/hadoop-aws/target/lib/jaxb-api-2.2.2.jar
[INFO] Copying antlr4-runtime-4.1.jar to /home/runner/work/sonar-analysis/sonar-analysis/project/hadoop-tools/hadoop-aws/target/lib/antlr4-runtime-4.1.jar
[INFO] Copying geronimo-jcache_1.0_spec-1.0-alpha-1.jar to /home/runner/work/sonar-analysis/sonar-analysis/project/hadoop-tools/hadoop-aws/target/lib/geronimo-jcache_1.0_spec-1.0-alpha-1.jar
[INFO] Copying commons-lang-2.6.jar to /home/runner/work/sonar-analysis/sonar-analysis/project/hadoop-tools/hadoop-aws/target/lib/commons-lang-2.6.jar
[INFO] Copying DynamoDBLocal-1.11.86.jar to /home/runner/work/sonar-analysis/sonar-analysis/project/hadoop-tools/hadoop-aws/target/lib/DynamoDBLocal-1.11.86.jar
[INFO] Copying hadoop-yarn-server-applicationhistoryservice-2.10.0-SNAPSHOT.jar to /home/runner/work/sonar-analysis/sonar-analysis/project/hadoop-tools/hadoop-aws/target/lib/hadoop-yarn-server-applicationhistoryservice-2.10.0-SNAPSHOT.jar
[INFO] Copying activation-1.1.jar to /home/runner/work/sonar-analysis/sonar-analysis/project/hadoop-tools/hadoop-aws/target/lib/activation-1.1.jar
[INFO] Copying jetty-sslengine-6.1.26.jar to /home/runner/work/sonar-analysis/sonar-analysis/project/hadoop-tools/hadoop-aws/target/lib/jetty-sslengine-6.1.26.jar
[INFO] Copying zookeeper-3.4.6.jar to /home/runner/work/sonar-analysis/sonar-analysis/project/hadoop-tools/hadoop-aws/target/lib/zookeeper-3.4.6.jar
[INFO] Copying xz-1.0.jar to /home/runner/work/sonar-analysis/sonar-analysis/project/hadoop-tools/hadoop-aws/target/lib/xz-1.0.jar
[INFO] Copying nimbus-jose-jwt-4.41.1.jar to /home/runner/work/sonar-analysis/sonar-analysis/project/hadoop-tools/hadoop-aws/target/lib/nimbus-jose-jwt-4.41.1.jar
[INFO] Copying metrics-core-3.0.1.jar to /home/runner/work/sonar-analysis/sonar-analysis/project/hadoop-tools/hadoop-aws/target/lib/metrics-core-3.0.1.jar
[INFO] Copying commons-csv-1.0.jar to /home/runner/work/sonar-analysis/sonar-analysis/project/hadoop-tools/hadoop-aws/target/lib/commons-csv-1.0.jar
[INFO] Copying jsr311-api-1.1.1.jar to /home/runner/work/sonar-analysis/sonar-analysis/project/hadoop-tools/hadoop-aws/target/lib/jsr311-api-1.1.1.jar
[INFO] Copying commons-codec-1.4.jar to /home/runner/work/sonar-analysis/sonar-analysis/project/hadoop-tools/hadoop-aws/target/lib/commons-codec-1.4.jar
[INFO] Copying log4j-core-2.6.2.jar to /home/runner/work/sonar-analysis/sonar-analysis/project/hadoop-tools/hadoop-aws/target/lib/log4j-core-2.6.2.jar
[INFO] Copying hadoop-yarn-client-2.10.0-SNAPSHOT.jar to /home/runner/work/sonar-analysis/sonar-analysis/project/hadoop-tools/hadoop-aws/target/lib/hadoop-yarn-client-2.10.0-SNAPSHOT.jar
[INFO] Copying javax.inject-1.jar to /home/runner/work/sonar-analysis/sonar-analysis/project/hadoop-tools/hadoop-aws/target/lib/javax.inject-1.jar
[INFO] Copying java-xmlbuilder-0.4.jar to /home/runner/work/sonar-analysis/sonar-analysis/project/hadoop-tools/hadoop-aws/target/lib/java-xmlbuilder-0.4.jar
[INFO] Copying jackson-core-2.7.8.jar to /home/runner/work/sonar-analysis/sonar-analysis/project/hadoop-tools/hadoop-aws/target/lib/jackson-core-2.7.8.jar
[INFO] Copying commons-beanutils-core-1.8.0.jar to /home/runner/work/sonar-analysis/sonar-analysis/project/hadoop-tools/hadoop-aws/target/lib/commons-beanutils-core-1.8.0.jar
[INFO] Copying hadoop-yarn-server-resourcemanager-2.10.0-SNAPSHOT.jar to /home/runner/work/sonar-analysis/sonar-analysis/project/hadoop-tools/hadoop-aws/target/lib/hadoop-yarn-server-resourcemanager-2.10.0-SNAPSHOT.jar
[INFO] Copying stax-api-1.0-2.jar to /home/runner/work/sonar-analysis/sonar-analysis/project/hadoop-tools/hadoop-aws/target/lib/stax-api-1.0-2.jar
[INFO] Copying jetty-6.1.26.jar to /home/runner/work/sonar-analysis/sonar-analysis/project/hadoop-tools/hadoop-aws/target/lib/jetty-6.1.26.jar
[INFO] Copying avro-1.7.7.jar to /home/runner/work/sonar-analysis/sonar-analysis/project/hadoop-tools/hadoop-aws/target/lib/avro-1.7.7.jar
[INFO] Copying jackson-xc-1.9.13.jar to /home/runner/work/sonar-analysis/sonar-analysis/project/hadoop-tools/hadoop-aws/target/lib/jackson-xc-1.9.13.jar
[INFO] Copying org.abego.treelayout.core-1.0.1.jar to /home/runner/work/sonar-analysis/sonar-analysis/project/hadoop-tools/hadoop-aws/target/lib/org.abego.treelayout.core-1.0.1.jar
[INFO] Copying servlet-api-2.5.jar to /home/runner/work/sonar-analysis/sonar-analysis/project/hadoop-tools/hadoop-aws/target/lib/servlet-api-2.5.jar
[INFO] Copying guava-11.0.2.jar to /home/runner/work/sonar-analysis/sonar-analysis/project/hadoop-tools/hadoop-aws/target/lib/guava-11.0.2.jar
[INFO] Copying mssql-jdbc-6.2.1.jre7.jar to /home/runner/work/sonar-analysis/sonar-analysis/project/hadoop-tools/hadoop-aws/target/lib/mssql-jdbc-6.2.1.jre7.jar
[INFO] Copying jets3t-0.9.0.jar to /home/runner/work/sonar-analysis/sonar-analysis/project/hadoop-tools/hadoop-aws/target/lib/jets3t-0.9.0.jar
[INFO] Copying asm-3.2.jar to /home/runner/work/sonar-analysis/sonar-analysis/project/hadoop-tools/hadoop-aws/target/lib/asm-3.2.jar
[INFO] Copying log4j-1.2.17.jar to /home/runner/work/sonar-analysis/sonar-analysis/project/hadoop-tools/hadoop-aws/target/lib/log4j-1.2.17.jar
[INFO] Copying jmespath-java-1.11.86.jar to /home/runner/work/sonar-analysis/sonar-analysis/project/hadoop-tools/hadoop-aws/target/lib/jmespath-java-1.11.86.jar
[INFO] Copying jetty-http-8.1.12.v20130726.jar to /home/runner/work/sonar-analysis/sonar-analysis/project/hadoop-tools/hadoop-aws/target/lib/jetty-http-8.1.12.v20130726.jar
[INFO] Copying curator-framework-2.7.1.jar to /home/runner/work/sonar-analysis/sonar-analysis/project/hadoop-tools/hadoop-aws/target/lib/curator-framework-2.7.1.jar
[INFO] Copying curator-recipes-2.7.1.jar to /home/runner/work/sonar-analysis/sonar-analysis/project/hadoop-tools/hadoop-aws/target/lib/curator-recipes-2.7.1.jar
[INFO] Copying libsqlite4java-osx-1.0.392.dylib to /home/runner/work/sonar-analysis/sonar-analysis/project/hadoop-tools/hadoop-aws/target/lib/libsqlite4java-osx-1.0.392.dylib
[INFO] Copying json-smart-1.3.1.jar to /home/runner/work/sonar-analysis/sonar-analysis/project/hadoop-tools/hadoop-aws/target/lib/json-smart-1.3.1.jar
[INFO] Copying jetty-io-8.1.12.v20130726.jar to /home/runner/work/sonar-analysis/sonar-analysis/project/hadoop-tools/hadoop-aws/target/lib/jetty-io-8.1.12.v20130726.jar
[INFO] Copying jetty-util-8.1.12.v20130726.jar to /home/runner/work/sonar-analysis/sonar-analysis/project/hadoop-tools/hadoop-aws/target/lib/jetty-util-8.1.12.v20130726.jar
[INFO] Copying hadoop-yarn-server-nodemanager-2.10.0-SNAPSHOT.jar to /home/runner/work/sonar-analysis/sonar-analysis/project/hadoop-tools/hadoop-aws/target/lib/hadoop-yarn-server-nodemanager-2.10.0-SNAPSHOT.jar
[INFO] Copying commons-compress-1.4.1.jar to /home/runner/work/sonar-analysis/sonar-analysis/project/hadoop-tools/hadoop-aws/target/lib/commons-compress-1.4.1.jar
[INFO] Copying apacheds-kerberos-codec-2.0.0-M15.jar to /home/runner/work/sonar-analysis/sonar-analysis/project/hadoop-tools/hadoop-aws/target/lib/apacheds-kerberos-codec-2.0.0-M15.jar
[INFO] Copying jaxb-impl-2.2.3-1.jar to /home/runner/work/sonar-analysis/sonar-analysis/project/hadoop-tools/hadoop-aws/target/lib/jaxb-impl-2.2.3-1.jar
[INFO] Copying commons-math3-3.1.1.jar to /home/runner/work/sonar-analysis/sonar-analysis/project/hadoop-tools/hadoop-aws/target/lib/commons-math3-3.1.1.jar
[INFO] Copying httpclient-4.5.2.jar to /home/runner/work/sonar-analysis/sonar-analysis/project/hadoop-tools/hadoop-aws/target/lib/httpclient-4.5.2.jar
[INFO] Copying jetty-util-6.1.26.jar to /home/runner/work/sonar-analysis/sonar-analysis/project/hadoop-tools/hadoop-aws/target/lib/jetty-util-6.1.26.jar
[INFO] Copying joda-time-2.9.4.jar to /home/runner/work/sonar-analysis/sonar-analysis/project/hadoop-tools/hadoop-aws/target/lib/joda-time-2.9.4.jar
[INFO] Copying aws-java-sdk-core-1.11.86.jar to /home/runner/work/sonar-analysis/sonar-analysis/project/hadoop-tools/hadoop-aws/target/lib/aws-java-sdk-core-1.11.86.jar
[INFO] Copying hamcrest-core-1.3.jar to /home/runner/work/sonar-analysis/sonar-analysis/project/hadoop-tools/hadoop-aws/target/lib/hamcrest-core-1.3.jar
[INFO] Copying jackson-mapper-asl-1.9.13.jar to /home/runner/work/sonar-analysis/sonar-analysis/project/hadoop-tools/hadoop-aws/target/lib/jackson-mapper-asl-1.9.13.jar
[INFO] Copying aws-java-sdk-s3-1.11.86.jar to /home/runner/work/sonar-analysis/sonar-analysis/project/hadoop-tools/hadoop-aws/target/lib/aws-java-sdk-s3-1.11.86.jar
[INFO] Copying jsp-api-2.1.jar to /home/runner/work/sonar-analysis/sonar-analysis/project/hadoop-tools/hadoop-aws/target/lib/jsp-api-2.1.jar
[INFO] Copying java-util-1.9.0.jar to /home/runner/work/sonar-analysis/sonar-analysis/project/hadoop-tools/hadoop-aws/target/lib/java-util-1.9.0.jar
[INFO] Copying hadoop-mapreduce-client-core-2.10.0-SNAPSHOT.jar to /home/runner/work/sonar-analysis/sonar-analysis/project/hadoop-tools/hadoop-aws/target/lib/hadoop-mapreduce-client-core-2.10.0-SNAPSHOT.jar
[INFO] Copying jsch-0.1.54.jar to /home/runner/work/sonar-analysis/sonar-analysis/project/hadoop-tools/hadoop-aws/target/lib/jsch-0.1.54.jar
[INFO] Copying jersey-server-1.9.jar to /home/runner/work/sonar-analysis/sonar-analysis/project/hadoop-tools/hadoop-aws/target/lib/jersey-server-1.9.jar
[INFO] Copying xmlenc-0.52.jar to /home/runner/work/sonar-analysis/sonar-analysis/project/hadoop-tools/hadoop-aws/target/lib/xmlenc-0.52.jar
[INFO] Copying paranamer-2.3.jar to /home/runner/work/sonar-analysis/sonar-analysis/project/hadoop-tools/hadoop-aws/target/lib/paranamer-2.3.jar
[INFO] Copying api-util-1.0.0-M20.jar to /home/runner/work/sonar-analysis/sonar-analysis/project/hadoop-tools/hadoop-aws/target/lib/api-util-1.0.0-M20.jar
[INFO] Copying jetty-server-8.1.12.v20130726.jar to /home/runner/work/sonar-analysis/sonar-analysis/project/hadoop-tools/hadoop-aws/target/lib/jetty-server-8.1.12.v20130726.jar
[INFO] Copying gson-2.2.4.jar to /home/runner/work/sonar-analysis/sonar-analysis/project/hadoop-tools/hadoop-aws/target/lib/gson-2.2.4.jar
[INFO] Copying api-asn1-api-1.0.0-M20.jar to /home/runner/work/sonar-analysis/sonar-analysis/project/hadoop-tools/hadoop-aws/target/lib/api-asn1-api-1.0.0-M20.jar
[INFO] Copying jcip-annotations-1.0-1.jar to /home/runner/work/sonar-analysis/sonar-analysis/project/hadoop-tools/hadoop-aws/target/lib/jcip-annotations-1.0-1.jar
[INFO] Copying jackson-dataformat-cbor-2.7.8.jar to /home/runner/work/sonar-analysis/sonar-analysis/project/hadoop-tools/hadoop-aws/target/lib/jackson-dataformat-cbor-2.7.8.jar
[INFO] Copying commons-configuration-1.6.jar to /home/runner/work/sonar-analysis/sonar-analysis/project/hadoop-tools/hadoop-aws/target/lib/commons-configuration-1.6.jar
[INFO] Copying commons-digester-1.8.jar to /home/runner/work/sonar-analysis/sonar-analysis/project/hadoop-tools/hadoop-aws/target/lib/commons-digester-1.8.jar
[INFO] Copying apacheds-i18n-2.0.0-M15.jar to /home/runner/work/sonar-analysis/sonar-analysis/project/hadoop-tools/hadoop-aws/target/lib/apacheds-i18n-2.0.0-M15.jar
[INFO] Copying commons-beanutils-1.7.0.jar to /home/runner/work/sonar-analysis/sonar-analysis/project/hadoop-tools/hadoop-aws/target/lib/commons-beanutils-1.7.0.jar
[INFO] Copying jackson-annotations-2.7.8.jar to /home/runner/work/sonar-analysis/sonar-analysis/project/hadoop-tools/hadoop-aws/target/lib/jackson-annotations-2.7.8.jar
[INFO] Copying hadoop-auth-2.10.0-SNAPSHOT.jar to /home/runner/work/sonar-analysis/sonar-analysis/project/hadoop-tools/hadoop-aws/target/lib/hadoop-auth-2.10.0-SNAPSHOT.jar
[INFO] Copying junit-4.11.jar to /home/runner/work/sonar-analysis/sonar-analysis/project/hadoop-tools/hadoop-aws/target/lib/junit-4.11.jar
[INFO] Copying curator-client-2.7.1.jar to /home/runner/work/sonar-analysis/sonar-analysis/project/hadoop-tools/hadoop-aws/target/lib/curator-client-2.7.1.jar
[INFO] Copying jackson-databind-2.7.8.jar to /home/runner/work/sonar-analysis/sonar-analysis/project/hadoop-tools/hadoop-aws/target/lib/jackson-databind-2.7.8.jar
[INFO] Copying ion-java-1.0.1.jar to /home/runner/work/sonar-analysis/sonar-analysis/project/hadoop-tools/hadoop-aws/target/lib/ion-java-1.0.1.jar
[INFO] Copying commons-cli-1.2.jar to /home/runner/work/sonar-analysis/sonar-analysis/project/hadoop-tools/hadoop-aws/target/lib/commons-cli-1.2.jar
[INFO] Copying woodstox-core-5.0.3.jar to /home/runner/work/sonar-analysis/sonar-analysis/project/hadoop-tools/hadoop-aws/target/lib/woodstox-core-5.0.3.jar
[INFO] Copying aws-java-sdk-dynamodb-1.11.86.jar to /home/runner/work/sonar-analysis/sonar-analysis/project/hadoop-tools/hadoop-aws/target/lib/aws-java-sdk-dynamodb-1.11.86.jar
[INFO] Copying hadoop-yarn-server-timelineservice-2.10.0-SNAPSHOT.jar to /home/runner/work/sonar-analysis/sonar-analysis/project/hadoop-tools/hadoop-aws/target/lib/hadoop-yarn-server-timelineservice-2.10.0-SNAPSHOT.jar
[INFO] Copying snappy-java-1.0.5.jar to /home/runner/work/sonar-analysis/sonar-analysis/project/hadoop-tools/hadoop-aws/target/lib/snappy-java-1.0.5.jar
[INFO] Copying objenesis-2.1.jar to /home/runner/work/sonar-analysis/sonar-analysis/project/hadoop-tools/hadoop-aws/target/lib/objenesis-2.1.jar
[INFO] Copying ehcache-3.3.1.jar to /home/runner/work/sonar-analysis/sonar-analysis/project/hadoop-tools/hadoop-aws/target/lib/ehcache-3.3.1.jar
[INFO] Copying HikariCP-java7-2.4.12.jar to /home/runner/work/sonar-analysis/sonar-analysis/project/hadoop-tools/hadoop-aws/target/lib/HikariCP-java7-2.4.12.jar
[INFO] Copying mockito-all-1.8.5.jar to /home/runner/work/sonar-analysis/sonar-analysis/project/hadoop-tools/hadoop-aws/target/lib/mockito-all-1.8.5.jar
[INFO] Copying stax2-api-3.1.4.jar to /home/runner/work/sonar-analysis/sonar-analysis/project/hadoop-tools/hadoop-aws/target/lib/stax2-api-3.1.4.jar
[INFO] Copying commons-collections-3.2.2.jar to /home/runner/work/sonar-analysis/sonar-analysis/project/hadoop-tools/hadoop-aws/target/lib/commons-collections-3.2.2.jar
[INFO] Copying libsqlite4java-linux-i386-1.0.392.so to /home/runner/work/sonar-analysis/sonar-analysis/project/hadoop-tools/hadoop-aws/target/lib/libsqlite4java-linux-i386-1.0.392.so
[INFO] Copying hadoop-annotations-2.10.0-SNAPSHOT.jar to /home/runner/work/sonar-analysis/sonar-analysis/project/hadoop-tools/hadoop-aws/target/lib/hadoop-annotations-2.10.0-SNAPSHOT.jar
[INFO] Copying jettison-1.1.jar to /home/runner/work/sonar-analysis/sonar-analysis/project/hadoop-tools/hadoop-aws/target/lib/jettison-1.1.jar
[INFO] Copying hadoop-mapreduce-client-shuffle-2.10.0-SNAPSHOT.jar to /home/runner/work/sonar-analysis/sonar-analysis/project/hadoop-tools/hadoop-aws/target/lib/hadoop-mapreduce-client-shuffle-2.10.0-SNAPSHOT.jar
[INFO] Copying hadoop-yarn-api-2.10.0-SNAPSHOT.jar to /home/runner/work/sonar-analysis/sonar-analysis/project/hadoop-tools/hadoop-aws/target/lib/hadoop-yarn-api-2.10.0-SNAPSHOT.jar
[INFO] Copying slf4j-api-1.7.25.jar to /home/runner/work/sonar-analysis/sonar-analysis/project/hadoop-tools/hadoop-aws/target/lib/slf4j-api-1.7.25.jar
[INFO] Copying hadoop-yarn-common-2.10.0-SNAPSHOT.jar to /home/runner/work/sonar-analysis/sonar-analysis/project/hadoop-tools/hadoop-aws/target/lib/hadoop-yarn-common-2.10.0-SNAPSHOT.jar
[INFO] Copying okhttp-2.7.5.jar to /home/runner/work/sonar-analysis/sonar-analysis/project/hadoop-tools/hadoop-aws/target/lib/okhttp-2.7.5.jar
[INFO] Copying hadoop-common-2.10.0-SNAPSHOT.jar to /home/runner/work/sonar-analysis/sonar-analysis/project/hadoop-tools/hadoop-aws/target/lib/hadoop-common-2.10.0-SNAPSHOT.jar
[INFO] Copying commons-logging-1.1.3.jar to /home/runner/work/sonar-analysis/sonar-analysis/project/hadoop-tools/hadoop-aws/target/lib/commons-logging-1.1.3.jar
[INFO] Copying guice-servlet-3.0.jar to /home/runner/work/sonar-analysis/sonar-analysis/project/hadoop-tools/hadoop-aws/target/lib/guice-servlet-3.0.jar
[INFO] Copying sqlite4java-1.0.392.jar to /home/runner/work/sonar-analysis/sonar-analysis/project/hadoop-tools/hadoop-aws/target/lib/sqlite4java-1.0.392.jar
[INFO] Copying aws-java-sdk-kms-1.11.86.jar to /home/runner/work/sonar-analysis/sonar-analysis/project/hadoop-tools/hadoop-aws/target/lib/aws-java-sdk-kms-1.11.86.jar
[INFO] Copying netty-3.6.2.Final.jar to /home/runner/work/sonar-analysis/sonar-analysis/project/hadoop-tools/hadoop-aws/target/lib/netty-3.6.2.Final.jar
[INFO] Copying hadoop-yarn-server-common-2.10.0-SNAPSHOT.jar to /home/runner/work/sonar-analysis/sonar-analysis/project/hadoop-tools/hadoop-aws/target/lib/hadoop-yarn-server-common-2.10.0-SNAPSHOT.jar
[INFO] Copying httpcore-4.4.4.jar to /home/runner/work/sonar-analysis/sonar-analysis/project/hadoop-tools/hadoop-aws/target/lib/httpcore-4.4.4.jar
[INFO] Copying hadoop-yarn-server-tests-2.10.0-SNAPSHOT-tests.jar to /home/runner/work/sonar-analysis/sonar-analysis/project/hadoop-tools/hadoop-aws/target/lib/hadoop-yarn-server-tests-2.10.0-SNAPSHOT-tests.jar
[INFO] Copying libsqlite4java-linux-amd64-1.0.392.so to /home/runner/work/sonar-analysis/sonar-analysis/project/hadoop-tools/hadoop-aws/target/lib/libsqlite4java-linux-amd64-1.0.392.so
[INFO] 
[INFO] --- failsafe:2.21.0:integration-test (default) @ hadoop-aws ---
[INFO] Tests are skipped.
[INFO] 
[INFO] --- animal-sniffer:1.16:check (signature-check) @ hadoop-aws ---
[INFO] Checking unresolved references to org.codehaus.mojo.signature:java17:1.0
[INFO] 
[INFO] --- enforcer:1.4.1:enforce (depcheck) @ hadoop-aws ---
[INFO] Skipping Rule Enforcement.
[INFO] 
[INFO] --- failsafe:2.21.0:verify (default) @ hadoop-aws ---
[INFO] Tests are skipped.
[INFO] 
[INFO] --- install:2.5.1:install (default-install) @ hadoop-aws ---
[INFO] Installing /home/runner/work/sonar-analysis/sonar-analysis/project/hadoop-tools/hadoop-aws/target/hadoop-aws-2.10.0-SNAPSHOT.jar to /home/runner/.m2/repository/org/apache/hadoop/hadoop-aws/2.10.0-SNAPSHOT/hadoop-aws-2.10.0-SNAPSHOT.jar
[INFO] Installing /home/runner/work/sonar-analysis/sonar-analysis/project/hadoop-tools/hadoop-aws/pom.xml to /home/runner/.m2/repository/org/apache/hadoop/hadoop-aws/2.10.0-SNAPSHOT/hadoop-aws-2.10.0-SNAPSHOT.pom
[INFO] 
[INFO] -------------------< org.apache.hadoop:hadoop-azure >-------------------
[INFO] Building Apache Hadoop Azure support 2.10.0-SNAPSHOT             [73/84]
[INFO]   from hadoop-tools/hadoop-azure/pom.xml
[INFO] --------------------------------[ jar ]---------------------------------
[INFO] 
[INFO] --- clean:2.5:clean (default-clean) @ hadoop-azure ---
[INFO] Deleting /home/runner/work/sonar-analysis/sonar-analysis/project/hadoop-tools/hadoop-azure/target
[INFO] 
[INFO] --- antrun:1.7:run (create-testdirs) @ hadoop-azure ---
[INFO] Executing tasks

main:
    [mkdir] Created dir: /home/runner/work/sonar-analysis/sonar-analysis/project/hadoop-tools/hadoop-azure/target/test-dir
[INFO] Executed tasks
[INFO] 
[INFO] --- remote-resources:1.5:process (default) @ hadoop-azure ---
[INFO] 
[INFO] --- resources:2.6:resources (default-resources) @ hadoop-azure ---
[INFO] Using 'UTF-8' encoding to copy filtered resources.
[INFO] Copying 2 resources
[INFO] Copying 2 resources
[INFO] 
[INFO] --- compiler:3.1:compile (default-compile) @ hadoop-azure ---
[INFO] Compiling 151 source files to /home/runner/work/sonar-analysis/sonar-analysis/project/hadoop-tools/hadoop-azure/target/classes
[WARNING] /home/runner/work/sonar-analysis/sonar-analysis/project/hadoop-tools/hadoop-azure/src/main/java/org/apache/hadoop/fs/azure/NativeAzureFileSystem.java: Some input files use or override a deprecated API.
[WARNING] /home/runner/work/sonar-analysis/sonar-analysis/project/hadoop-tools/hadoop-azure/src/main/java/org/apache/hadoop/fs/azure/NativeAzureFileSystem.java: Recompile with -Xlint:deprecation for details.
[WARNING] /home/runner/work/sonar-analysis/sonar-analysis/project/hadoop-tools/hadoop-azure/src/main/java/org/apache/hadoop/fs/azure/security/TokenUtils.java: /home/runner/work/sonar-analysis/sonar-analysis/project/hadoop-tools/hadoop-azure/src/main/java/org/apache/hadoop/fs/azure/security/TokenUtils.java uses unchecked or unsafe operations.
[WARNING] /home/runner/work/sonar-analysis/sonar-analysis/project/hadoop-tools/hadoop-azure/src/main/java/org/apache/hadoop/fs/azure/security/TokenUtils.java: Recompile with -Xlint:unchecked for details.
[INFO] 
[INFO] --- resources:2.6:testResources (default-testResources) @ hadoop-azure ---
[INFO] Using 'UTF-8' encoding to copy filtered resources.
[INFO] Copying 5 resources
[INFO] Copying 2 resources
[INFO] 
[INFO] --- compiler:3.1:testCompile (default-testCompile) @ hadoop-azure ---
[INFO] Compiling 143 source files to /home/runner/work/sonar-analysis/sonar-analysis/project/hadoop-tools/hadoop-azure/target/test-classes
[WARNING] /home/runner/work/sonar-analysis/sonar-analysis/project/hadoop-tools/hadoop-azure/src/test/java/org/apache/hadoop/fs/azurebfs/TestAccountConfiguration.java: /home/runner/work/sonar-analysis/sonar-analysis/project/hadoop-tools/hadoop-azure/src/test/java/org/apache/hadoop/fs/azurebfs/TestAccountConfiguration.java uses unchecked or unsafe operations.
[WARNING] /home/runner/work/sonar-analysis/sonar-analysis/project/hadoop-tools/hadoop-azure/src/test/java/org/apache/hadoop/fs/azurebfs/TestAccountConfiguration.java: Recompile with -Xlint:unchecked for details.
[INFO] 
[INFO] --- surefire:2.21.0:test (default-test) @ hadoop-azure ---
[INFO] Tests are skipped.
[INFO] 
[INFO] --- jar:2.5:jar (default-jar) @ hadoop-azure ---
[INFO] Building jar: /home/runner/work/sonar-analysis/sonar-analysis/project/hadoop-tools/hadoop-azure/target/hadoop-azure-2.10.0-SNAPSHOT.jar
[INFO] 
[INFO] --- site:3.5:attach-descriptor (attach-descriptor) @ hadoop-azure ---
[INFO] 
[INFO] --- jar:2.5:test-jar (default) @ hadoop-azure ---
[INFO] Building jar: /home/runner/work/sonar-analysis/sonar-analysis/project/hadoop-tools/hadoop-azure/target/hadoop-azure-2.10.0-SNAPSHOT-tests.jar
[INFO] 
[INFO] --- failsafe:2.21.0:integration-test (default) @ hadoop-azure ---
[INFO] Tests are skipped.
[INFO] 
[INFO] --- animal-sniffer:1.16:check (signature-check) @ hadoop-azure ---
[INFO] Checking unresolved references to org.codehaus.mojo.signature:java17:1.0
[INFO] 
[INFO] --- enforcer:1.4.1:enforce (depcheck) @ hadoop-azure ---
[INFO] Skipping Rule Enforcement.
[INFO] 
[INFO] --- failsafe:2.21.0:verify (default) @ hadoop-azure ---
[INFO] Tests are skipped.
[INFO] 
[INFO] --- install:2.5.1:install (default-install) @ hadoop-azure ---
[INFO] Installing /home/runner/work/sonar-analysis/sonar-analysis/project/hadoop-tools/hadoop-azure/target/hadoop-azure-2.10.0-SNAPSHOT.jar to /home/runner/.m2/repository/org/apache/hadoop/hadoop-azure/2.10.0-SNAPSHOT/hadoop-azure-2.10.0-SNAPSHOT.jar
[INFO] Installing /home/runner/work/sonar-analysis/sonar-analysis/project/hadoop-tools/hadoop-azure/pom.xml to /home/runner/.m2/repository/org/apache/hadoop/hadoop-azure/2.10.0-SNAPSHOT/hadoop-azure-2.10.0-SNAPSHOT.pom
[INFO] Installing /home/runner/work/sonar-analysis/sonar-analysis/project/hadoop-tools/hadoop-azure/target/hadoop-azure-2.10.0-SNAPSHOT-tests.jar to /home/runner/.m2/repository/org/apache/hadoop/hadoop-azure/2.10.0-SNAPSHOT/hadoop-azure-2.10.0-SNAPSHOT-tests.jar
[INFO] 
[INFO] ------------------< org.apache.hadoop:hadoop-aliyun >-------------------
[INFO] Building Apache Hadoop Aliyun OSS support 2.10.0-SNAPSHOT        [74/84]
[INFO]   from hadoop-tools/hadoop-aliyun/pom.xml
[INFO] --------------------------------[ jar ]---------------------------------
[INFO] 
[INFO] --- clean:2.5:clean (default-clean) @ hadoop-aliyun ---
[INFO] Deleting /home/runner/work/sonar-analysis/sonar-analysis/project/hadoop-tools/hadoop-aliyun/target
[INFO] 
[INFO] --- antrun:1.7:run (create-testdirs) @ hadoop-aliyun ---
[INFO] Executing tasks

main:
    [mkdir] Created dir: /home/runner/work/sonar-analysis/sonar-analysis/project/hadoop-tools/hadoop-aliyun/target/test-dir
[INFO] Executed tasks
[INFO] 
[INFO] --- remote-resources:1.5:process (default) @ hadoop-aliyun ---
[INFO] 
[INFO] --- resources:2.6:resources (default-resources) @ hadoop-aliyun ---
[INFO] Using 'UTF-8' encoding to copy filtered resources.
[INFO] skip non existing resourceDirectory /home/runner/work/sonar-analysis/sonar-analysis/project/hadoop-tools/hadoop-aliyun/src/main/resources
[INFO] Copying 2 resources
[INFO] 
[INFO] --- compiler:3.1:compile (default-compile) @ hadoop-aliyun ---
[INFO] Compiling 15 source files to /home/runner/work/sonar-analysis/sonar-analysis/project/hadoop-tools/hadoop-aliyun/target/classes
[INFO] 
[INFO] --- dependency:2.2:list (deplist) @ hadoop-aliyun ---
[INFO] 
[INFO] --- resources:2.6:testResources (default-testResources) @ hadoop-aliyun ---
[INFO] Not copying test resources
[INFO] 
[INFO] --- compiler:3.1:testCompile (default-testCompile) @ hadoop-aliyun ---
[INFO] Not compiling test sources
[INFO] 
[INFO] --- surefire:2.21.0:test (default-test) @ hadoop-aliyun ---
[INFO] Tests are skipped.
[INFO] 
[INFO] --- jar:2.5:jar (default-jar) @ hadoop-aliyun ---
[INFO] Building jar: /home/runner/work/sonar-analysis/sonar-analysis/project/hadoop-tools/hadoop-aliyun/target/hadoop-aliyun-2.10.0-SNAPSHOT.jar
[INFO] 
[INFO] --- site:3.5:attach-descriptor (attach-descriptor) @ hadoop-aliyun ---
[INFO] 
[INFO] --- animal-sniffer:1.16:check (signature-check) @ hadoop-aliyun ---
[INFO] Checking unresolved references to org.codehaus.mojo.signature:java17:1.0
[INFO] 
[INFO] --- enforcer:1.4.1:enforce (depcheck) @ hadoop-aliyun ---
[INFO] Skipping Rule Enforcement.
[INFO] 
[INFO] --- install:2.5.1:install (default-install) @ hadoop-aliyun ---
[INFO] Installing /home/runner/work/sonar-analysis/sonar-analysis/project/hadoop-tools/hadoop-aliyun/target/hadoop-aliyun-2.10.0-SNAPSHOT.jar to /home/runner/.m2/repository/org/apache/hadoop/hadoop-aliyun/2.10.0-SNAPSHOT/hadoop-aliyun-2.10.0-SNAPSHOT.jar
[INFO] Installing /home/runner/work/sonar-analysis/sonar-analysis/project/hadoop-tools/hadoop-aliyun/pom.xml to /home/runner/.m2/repository/org/apache/hadoop/hadoop-aliyun/2.10.0-SNAPSHOT/hadoop-aliyun-2.10.0-SNAPSHOT.pom
[INFO] 
[INFO] ------------------< org.apache.hadoop:hadoop-client >-------------------
[INFO] Building Apache Hadoop Client 2.10.0-SNAPSHOT                    [75/84]
[INFO]   from hadoop-client/pom.xml
[INFO] --------------------------------[ jar ]---------------------------------
[INFO] 
[INFO] --- clean:2.5:clean (default-clean) @ hadoop-client ---
[INFO] Deleting /home/runner/work/sonar-analysis/sonar-analysis/project/hadoop-client/target
[INFO] 
[INFO] --- antrun:1.7:run (create-testdirs) @ hadoop-client ---
[INFO] Executing tasks

main:
    [mkdir] Created dir: /home/runner/work/sonar-analysis/sonar-analysis/project/hadoop-client/target/test-dir
    [mkdir] Created dir: /home/runner/work/sonar-analysis/sonar-analysis/project/hadoop-client/target/test/data
[INFO] Executed tasks
[INFO] 
[INFO] --- remote-resources:1.5:process (default) @ hadoop-client ---
[INFO] 
[INFO] --- resources:2.6:resources (default-resources) @ hadoop-client ---
[INFO] Using 'UTF-8' encoding to copy filtered resources.
[INFO] skip non existing resourceDirectory /home/runner/work/sonar-analysis/sonar-analysis/project/hadoop-client/src/main/resources
[INFO] Copying 2 resources
[INFO] 
[INFO] --- compiler:3.1:compile (default-compile) @ hadoop-client ---
[INFO] No sources to compile
[INFO] 
[INFO] --- resources:2.6:testResources (default-testResources) @ hadoop-client ---
[INFO] Using 'UTF-8' encoding to copy filtered resources.
[INFO] skip non existing resourceDirectory /home/runner/work/sonar-analysis/sonar-analysis/project/hadoop-client/src/test/resources
[INFO] Copying 2 resources
[INFO] 
[INFO] --- compiler:3.1:testCompile (default-testCompile) @ hadoop-client ---
[INFO] No sources to compile
[INFO] 
[INFO] --- surefire:2.21.0:test (default-test) @ hadoop-client ---
[INFO] Tests are skipped.
[INFO] 
[INFO] --- jar:2.5:jar (prepare-jar) @ hadoop-client ---
[INFO] Building jar: /home/runner/work/sonar-analysis/sonar-analysis/project/hadoop-client/target/hadoop-client-2.10.0-SNAPSHOT.jar
[INFO] 
[INFO] --- jar:2.5:test-jar (prepare-test-jar) @ hadoop-client ---
[INFO] Building jar: /home/runner/work/sonar-analysis/sonar-analysis/project/hadoop-client/target/hadoop-client-2.10.0-SNAPSHOT-tests.jar
[INFO] 
[INFO] --- jar:2.5:jar (default-jar) @ hadoop-client ---
[INFO] 
[INFO] --- site:3.5:attach-descriptor (attach-descriptor) @ hadoop-client ---
[INFO] 
[INFO] --- animal-sniffer:1.16:check (signature-check) @ hadoop-client ---
[INFO] Checking unresolved references to org.codehaus.mojo.signature:java17:1.0
[INFO] 
[INFO] --- enforcer:1.4.1:enforce (depcheck) @ hadoop-client ---
[INFO] Skipping Rule Enforcement.
[INFO] 
[INFO] --- install:2.5.1:install (default-install) @ hadoop-client ---
[INFO] Installing /home/runner/work/sonar-analysis/sonar-analysis/project/hadoop-client/target/hadoop-client-2.10.0-SNAPSHOT.jar to /home/runner/.m2/repository/org/apache/hadoop/hadoop-client/2.10.0-SNAPSHOT/hadoop-client-2.10.0-SNAPSHOT.jar
[INFO] Installing /home/runner/work/sonar-analysis/sonar-analysis/project/hadoop-client/pom.xml to /home/runner/.m2/repository/org/apache/hadoop/hadoop-client/2.10.0-SNAPSHOT/hadoop-client-2.10.0-SNAPSHOT.pom
[INFO] Installing /home/runner/work/sonar-analysis/sonar-analysis/project/hadoop-client/target/hadoop-client-2.10.0-SNAPSHOT-tests.jar to /home/runner/.m2/repository/org/apache/hadoop/hadoop-client/2.10.0-SNAPSHOT/hadoop-client-2.10.0-SNAPSHOT-tests.jar
[INFO] 
[INFO] ----------------< org.apache.hadoop:hadoop-minicluster >----------------
[INFO] Building Apache Hadoop Mini-Cluster 2.10.0-SNAPSHOT              [76/84]
[INFO]   from hadoop-minicluster/pom.xml
[INFO] --------------------------------[ jar ]---------------------------------
[INFO] 
[INFO] --- clean:2.5:clean (default-clean) @ hadoop-minicluster ---
[INFO] Deleting /home/runner/work/sonar-analysis/sonar-analysis/project/hadoop-minicluster/target
[INFO] 
[INFO] --- antrun:1.7:run (create-testdirs) @ hadoop-minicluster ---
[INFO] Executing tasks

main:
    [mkdir] Created dir: /home/runner/work/sonar-analysis/sonar-analysis/project/hadoop-minicluster/target/test-dir
[INFO] Executed tasks
[INFO] 
[INFO] --- remote-resources:1.5:process (default) @ hadoop-minicluster ---
[INFO] 
[INFO] --- resources:2.6:resources (default-resources) @ hadoop-minicluster ---
[INFO] Using 'UTF-8' encoding to copy filtered resources.
[INFO] skip non existing resourceDirectory /home/runner/work/sonar-analysis/sonar-analysis/project/hadoop-minicluster/src/main/resources
[INFO] Copying 2 resources
[INFO] 
[INFO] --- compiler:3.1:compile (default-compile) @ hadoop-minicluster ---
[INFO] No sources to compile
[INFO] 
[INFO] --- resources:2.6:testResources (default-testResources) @ hadoop-minicluster ---
[INFO] Using 'UTF-8' encoding to copy filtered resources.
[INFO] skip non existing resourceDirectory /home/runner/work/sonar-analysis/sonar-analysis/project/hadoop-minicluster/src/test/resources
[INFO] Copying 2 resources
[INFO] 
[INFO] --- compiler:3.1:testCompile (default-testCompile) @ hadoop-minicluster ---
[INFO] No sources to compile
[INFO] 
[INFO] --- surefire:2.21.0:test (default-test) @ hadoop-minicluster ---
[INFO] Tests are skipped.
[INFO] 
[INFO] --- jar:2.5:jar (default-jar) @ hadoop-minicluster ---
[INFO] Building jar: /home/runner/work/sonar-analysis/sonar-analysis/project/hadoop-minicluster/target/hadoop-minicluster-2.10.0-SNAPSHOT.jar
[INFO] 
[INFO] --- site:3.5:attach-descriptor (attach-descriptor) @ hadoop-minicluster ---
[INFO] 
[INFO] --- animal-sniffer:1.16:check (signature-check) @ hadoop-minicluster ---
[INFO] Checking unresolved references to org.codehaus.mojo.signature:java17:1.0
[INFO] 
[INFO] --- enforcer:1.4.1:enforce (depcheck) @ hadoop-minicluster ---
[INFO] Skipping Rule Enforcement.
[INFO] 
[INFO] --- install:2.5.1:install (default-install) @ hadoop-minicluster ---
[INFO] Installing /home/runner/work/sonar-analysis/sonar-analysis/project/hadoop-minicluster/target/hadoop-minicluster-2.10.0-SNAPSHOT.jar to /home/runner/.m2/repository/org/apache/hadoop/hadoop-minicluster/2.10.0-SNAPSHOT/hadoop-minicluster-2.10.0-SNAPSHOT.jar
[INFO] Installing /home/runner/work/sonar-analysis/sonar-analysis/project/hadoop-minicluster/pom.xml to /home/runner/.m2/repository/org/apache/hadoop/hadoop-minicluster/2.10.0-SNAPSHOT/hadoop-minicluster-2.10.0-SNAPSHOT.pom
[INFO] 
[INFO] --------------------< org.apache.hadoop:hadoop-sls >--------------------
[INFO] Building Apache Hadoop Scheduler Load Simulator 2.10.0-SNAPSHOT  [77/84]
[INFO]   from hadoop-tools/hadoop-sls/pom.xml
[INFO] --------------------------------[ jar ]---------------------------------
[INFO] 
[INFO] --- clean:2.5:clean (default-clean) @ hadoop-sls ---
[INFO] Deleting /home/runner/work/sonar-analysis/sonar-analysis/project/hadoop-tools/hadoop-sls/target
[INFO] 
[INFO] --- antrun:1.7:run (create-testdirs) @ hadoop-sls ---
[INFO] Executing tasks

main:
    [mkdir] Created dir: /home/runner/work/sonar-analysis/sonar-analysis/project/hadoop-tools/hadoop-sls/target/test-dir
[INFO] Executed tasks
[INFO] 
[INFO] --- remote-resources:1.5:process (default) @ hadoop-sls ---
[INFO] 
[INFO] --- resources:2.6:resources (default-resources) @ hadoop-sls ---
[INFO] Using 'UTF-8' encoding to copy filtered resources.
[INFO] Copying 9 resources
[INFO] Copying 2 resources
[INFO] 
[INFO] --- compiler:3.1:compile (default-compile) @ hadoop-sls ---
[INFO] Compiling 29 source files to /home/runner/work/sonar-analysis/sonar-analysis/project/hadoop-tools/hadoop-sls/target/classes
[INFO] 
[INFO] --- resources:2.6:testResources (default-testResources) @ hadoop-sls ---
[INFO] Using 'UTF-8' encoding to copy filtered resources.
[INFO] Copying 13 resources
[INFO] Copying 2 resources
[INFO] 
[INFO] --- compiler:3.1:testCompile (default-testCompile) @ hadoop-sls ---
[INFO] Compiling 9 source files to /home/runner/work/sonar-analysis/sonar-analysis/project/hadoop-tools/hadoop-sls/target/test-classes
[INFO] 
[INFO] --- surefire:2.21.0:test (default-test) @ hadoop-sls ---
[INFO] Tests are skipped.
[INFO] 
[INFO] --- jar:2.5:jar (default-jar) @ hadoop-sls ---
[INFO] Building jar: /home/runner/work/sonar-analysis/sonar-analysis/project/hadoop-tools/hadoop-sls/target/hadoop-sls-2.10.0-SNAPSHOT.jar
[INFO] 
[INFO] >>> source:2.3:jar (default) > generate-sources @ hadoop-sls >>>
[INFO] 
[INFO] --- antrun:1.7:run (create-testdirs) @ hadoop-sls ---
[INFO] Executing tasks

main:
[INFO] Executed tasks
[INFO] 
[INFO] <<< source:2.3:jar (default) < generate-sources @ hadoop-sls <<<
[INFO] 
[INFO] 
[INFO] --- source:2.3:jar (default) @ hadoop-sls ---
[INFO] Building jar: /home/runner/work/sonar-analysis/sonar-analysis/project/hadoop-tools/hadoop-sls/target/hadoop-sls-2.10.0-SNAPSHOT-sources.jar
[INFO] 
[INFO] --- site:3.5:attach-descriptor (attach-descriptor) @ hadoop-sls ---
[INFO] 
[INFO] --- animal-sniffer:1.16:check (signature-check) @ hadoop-sls ---
[INFO] Checking unresolved references to org.codehaus.mojo.signature:java17:1.0
[INFO] 
[INFO] --- enforcer:1.4.1:enforce (depcheck) @ hadoop-sls ---
[INFO] Skipping Rule Enforcement.
[INFO] 
[INFO] --- install:2.5.1:install (default-install) @ hadoop-sls ---
[INFO] Installing /home/runner/work/sonar-analysis/sonar-analysis/project/hadoop-tools/hadoop-sls/target/hadoop-sls-2.10.0-SNAPSHOT.jar to /home/runner/.m2/repository/org/apache/hadoop/hadoop-sls/2.10.0-SNAPSHOT/hadoop-sls-2.10.0-SNAPSHOT.jar
[INFO] Installing /home/runner/work/sonar-analysis/sonar-analysis/project/hadoop-tools/hadoop-sls/pom.xml to /home/runner/.m2/repository/org/apache/hadoop/hadoop-sls/2.10.0-SNAPSHOT/hadoop-sls-2.10.0-SNAPSHOT.pom
[INFO] Installing /home/runner/work/sonar-analysis/sonar-analysis/project/hadoop-tools/hadoop-sls/target/hadoop-sls-2.10.0-SNAPSHOT-sources.jar to /home/runner/.m2/repository/org/apache/hadoop/hadoop-sls/2.10.0-SNAPSHOT/hadoop-sls-2.10.0-SNAPSHOT-sources.jar
[INFO] 
[INFO] -------------< org.apache.hadoop:hadoop-resourceestimator >-------------
[INFO] Building Apache Hadoop Resource Estimator Service 2.10.0-SNAPSHOT [78/84]
[INFO]   from hadoop-tools/hadoop-resourceestimator/pom.xml
[INFO] --------------------------------[ jar ]---------------------------------
[INFO] 
[INFO] --- clean:2.5:clean (default-clean) @ hadoop-resourceestimator ---
[INFO] Deleting /home/runner/work/sonar-analysis/sonar-analysis/project/hadoop-tools/hadoop-resourceestimator/target
[INFO] 
[INFO] --- antrun:1.7:run (create-testdirs) @ hadoop-resourceestimator ---
[INFO] Executing tasks

main:
    [mkdir] Created dir: /home/runner/work/sonar-analysis/sonar-analysis/project/hadoop-tools/hadoop-resourceestimator/target/test-dir
[INFO] Executed tasks
[INFO] 
[INFO] --- remote-resources:1.5:process (default) @ hadoop-resourceestimator ---
[INFO] 
[INFO] --- resources:2.6:resources (default-resources) @ hadoop-resourceestimator ---
[INFO] Using 'UTF-8' encoding to copy filtered resources.
[INFO] Copying 1 resource
[INFO] Copying 2 resources
[INFO] 
[INFO] --- compiler:3.1:compile (default-compile) @ hadoop-resourceestimator ---
[INFO] Compiling 56 source files to /home/runner/work/sonar-analysis/sonar-analysis/project/hadoop-tools/hadoop-resourceestimator/target/classes
[INFO] 
[INFO] --- resources:2.6:testResources (default-testResources) @ hadoop-resourceestimator ---
[INFO] Using 'UTF-8' encoding to copy filtered resources.
[INFO] Copying 17 resources
[INFO] Copying 2 resources
[INFO] 
[INFO] --- compiler:3.1:testCompile (default-testCompile) @ hadoop-resourceestimator ---
[INFO] Compiling 14 source files to /home/runner/work/sonar-analysis/sonar-analysis/project/hadoop-tools/hadoop-resourceestimator/target/test-classes
[INFO] 
[INFO] --- surefire:2.21.0:test (default-test) @ hadoop-resourceestimator ---
[INFO] Tests are skipped.
[INFO] 
[INFO] --- jar:2.5:jar (default-jar) @ hadoop-resourceestimator ---
[INFO] Building jar: /home/runner/work/sonar-analysis/sonar-analysis/project/hadoop-tools/hadoop-resourceestimator/target/hadoop-resourceestimator-2.10.0-SNAPSHOT.jar
[INFO] 
[INFO] --- site:3.5:attach-descriptor (attach-descriptor) @ hadoop-resourceestimator ---
[INFO] 
[INFO] --- animal-sniffer:1.16:check (signature-check) @ hadoop-resourceestimator ---
[INFO] Checking unresolved references to org.codehaus.mojo.signature:java17:1.0
[INFO] 
[INFO] --- enforcer:1.4.1:enforce (depcheck) @ hadoop-resourceestimator ---
[INFO] Skipping Rule Enforcement.
[INFO] 
[INFO] --- install:2.5.1:install (default-install) @ hadoop-resourceestimator ---
[INFO] Installing /home/runner/work/sonar-analysis/sonar-analysis/project/hadoop-tools/hadoop-resourceestimator/target/hadoop-resourceestimator-2.10.0-SNAPSHOT.jar to /home/runner/.m2/repository/org/apache/hadoop/hadoop-resourceestimator/2.10.0-SNAPSHOT/hadoop-resourceestimator-2.10.0-SNAPSHOT.jar
[INFO] Installing /home/runner/work/sonar-analysis/sonar-analysis/project/hadoop-tools/hadoop-resourceestimator/pom.xml to /home/runner/.m2/repository/org/apache/hadoop/hadoop-resourceestimator/2.10.0-SNAPSHOT/hadoop-resourceestimator-2.10.0-SNAPSHOT.pom
[INFO] 
[INFO] --------------< org.apache.hadoop:hadoop-azure-datalake >---------------
[INFO] Building Apache Hadoop Azure Data Lake support 2.10.0-SNAPSHOT   [79/84]
[INFO]   from hadoop-tools/hadoop-azure-datalake/pom.xml
[INFO] --------------------------------[ jar ]---------------------------------
[INFO] 
[INFO] --- clean:2.5:clean (default-clean) @ hadoop-azure-datalake ---
[INFO] Deleting /home/runner/work/sonar-analysis/sonar-analysis/project/hadoop-tools/hadoop-azure-datalake/target
[INFO] 
[INFO] --- antrun:1.7:run (create-testdirs) @ hadoop-azure-datalake ---
[INFO] Executing tasks

main:
    [mkdir] Created dir: /home/runner/work/sonar-analysis/sonar-analysis/project/hadoop-tools/hadoop-azure-datalake/target/test-dir
[INFO] Executed tasks
[INFO] 
[INFO] --- remote-resources:1.5:process (default) @ hadoop-azure-datalake ---
[INFO] 
[INFO] --- resources:2.6:resources (default-resources) @ hadoop-azure-datalake ---
[INFO] Using 'UTF-8' encoding to copy filtered resources.
[INFO] skip non existing resourceDirectory /home/runner/work/sonar-analysis/sonar-analysis/project/hadoop-tools/hadoop-azure-datalake/src/main/resources
[INFO] Copying 2 resources
[INFO] 
[INFO] --- compiler:3.1:compile (default-compile) @ hadoop-azure-datalake ---
[INFO] Compiling 11 source files to /home/runner/work/sonar-analysis/sonar-analysis/project/hadoop-tools/hadoop-azure-datalake/target/classes
[WARNING] /home/runner/work/sonar-analysis/sonar-analysis/project/hadoop-tools/hadoop-azure-datalake/src/main/java/org/apache/hadoop/fs/adl/AdlFsOutputStream.java: /home/runner/work/sonar-analysis/sonar-analysis/project/hadoop-tools/hadoop-azure-datalake/src/main/java/org/apache/hadoop/fs/adl/AdlFsOutputStream.java uses or overrides a deprecated API.
[WARNING] /home/runner/work/sonar-analysis/sonar-analysis/project/hadoop-tools/hadoop-azure-datalake/src/main/java/org/apache/hadoop/fs/adl/AdlFsOutputStream.java: Recompile with -Xlint:deprecation for details.
[INFO] 
[INFO] --- dependency:2.2:list (deplist) @ hadoop-azure-datalake ---
[INFO] 
[INFO] --- resources:2.6:testResources (default-testResources) @ hadoop-azure-datalake ---
[INFO] Using 'UTF-8' encoding to copy filtered resources.
[INFO] Copying 2 resources
[INFO] Copying 2 resources
[INFO] 
[INFO] --- compiler:3.1:testCompile (default-testCompile) @ hadoop-azure-datalake ---
[INFO] Compiling 36 source files to /home/runner/work/sonar-analysis/sonar-analysis/project/hadoop-tools/hadoop-azure-datalake/target/test-classes
[WARNING] /home/runner/work/sonar-analysis/sonar-analysis/project/hadoop-tools/hadoop-azure-datalake/src/test/java/org/apache/hadoop/fs/adl/AdlMockWebServer.java: /home/runner/work/sonar-analysis/sonar-analysis/project/hadoop-tools/hadoop-azure-datalake/src/test/java/org/apache/hadoop/fs/adl/AdlMockWebServer.java uses or overrides a deprecated API.
[WARNING] /home/runner/work/sonar-analysis/sonar-analysis/project/hadoop-tools/hadoop-azure-datalake/src/test/java/org/apache/hadoop/fs/adl/AdlMockWebServer.java: Recompile with -Xlint:deprecation for details.
[INFO] 
[INFO] --- surefire:2.21.0:test (default-test) @ hadoop-azure-datalake ---
[INFO] Tests are skipped.
[INFO] 
[INFO] --- jar:2.5:jar (default-jar) @ hadoop-azure-datalake ---
[INFO] Building jar: /home/runner/work/sonar-analysis/sonar-analysis/project/hadoop-tools/hadoop-azure-datalake/target/hadoop-azure-datalake-2.10.0-SNAPSHOT.jar
[INFO] 
[INFO] --- site:3.5:attach-descriptor (attach-descriptor) @ hadoop-azure-datalake ---
[INFO] 
[INFO] --- jar:2.5:test-jar (default) @ hadoop-azure-datalake ---
[INFO] Building jar: /home/runner/work/sonar-analysis/sonar-analysis/project/hadoop-tools/hadoop-azure-datalake/target/hadoop-azure-datalake-2.10.0-SNAPSHOT-tests.jar
[INFO] 
[INFO] --- animal-sniffer:1.16:check (signature-check) @ hadoop-azure-datalake ---
[INFO] Checking unresolved references to org.codehaus.mojo.signature:java17:1.0
[INFO] 
[INFO] --- enforcer:1.4.1:enforce (depcheck) @ hadoop-azure-datalake ---
[INFO] Skipping Rule Enforcement.
[INFO] 
[INFO] --- install:2.5.1:install (default-install) @ hadoop-azure-datalake ---
[INFO] Installing /home/runner/work/sonar-analysis/sonar-analysis/project/hadoop-tools/hadoop-azure-datalake/target/hadoop-azure-datalake-2.10.0-SNAPSHOT.jar to /home/runner/.m2/repository/org/apache/hadoop/hadoop-azure-datalake/2.10.0-SNAPSHOT/hadoop-azure-datalake-2.10.0-SNAPSHOT.jar
[INFO] Installing /home/runner/work/sonar-analysis/sonar-analysis/project/hadoop-tools/hadoop-azure-datalake/pom.xml to /home/runner/.m2/repository/org/apache/hadoop/hadoop-azure-datalake/2.10.0-SNAPSHOT/hadoop-azure-datalake-2.10.0-SNAPSHOT.pom
[INFO] Installing /home/runner/work/sonar-analysis/sonar-analysis/project/hadoop-tools/hadoop-azure-datalake/target/hadoop-azure-datalake-2.10.0-SNAPSHOT-tests.jar to /home/runner/.m2/repository/org/apache/hadoop/hadoop-azure-datalake/2.10.0-SNAPSHOT/hadoop-azure-datalake-2.10.0-SNAPSHOT-tests.jar
[INFO] 
[INFO] ----------------< org.apache.hadoop:hadoop-tools-dist >-----------------
[INFO] Building Apache Hadoop Tools Dist 2.10.0-SNAPSHOT                [80/84]
[INFO]   from hadoop-tools/hadoop-tools-dist/pom.xml
[INFO] --------------------------------[ jar ]---------------------------------
[INFO] 
[INFO] --- clean:2.5:clean (default-clean) @ hadoop-tools-dist ---
[INFO] Deleting /home/runner/work/sonar-analysis/sonar-analysis/project/hadoop-tools/hadoop-tools-dist/target
[INFO] 
[INFO] --- antrun:1.7:run (create-testdirs) @ hadoop-tools-dist ---
[INFO] Executing tasks

main:
    [mkdir] Created dir: /home/runner/work/sonar-analysis/sonar-analysis/project/hadoop-tools/hadoop-tools-dist/target/test-dir
    [mkdir] Created dir: /home/runner/work/sonar-analysis/sonar-analysis/project/hadoop-tools/hadoop-tools-dist/target/test/data
[INFO] Executed tasks
[INFO] 
[INFO] --- remote-resources:1.5:process (default) @ hadoop-tools-dist ---
[INFO] 
[INFO] --- resources:2.6:resources (default-resources) @ hadoop-tools-dist ---
[INFO] Using 'UTF-8' encoding to copy filtered resources.
[INFO] skip non existing resourceDirectory /home/runner/work/sonar-analysis/sonar-analysis/project/hadoop-tools/hadoop-tools-dist/src/main/resources
[INFO] Copying 2 resources
[INFO] 
[INFO] --- compiler:3.1:compile (default-compile) @ hadoop-tools-dist ---
[INFO] No sources to compile
[INFO] 
[INFO] --- resources:2.6:testResources (default-testResources) @ hadoop-tools-dist ---
[INFO] Using 'UTF-8' encoding to copy filtered resources.
[INFO] skip non existing resourceDirectory /home/runner/work/sonar-analysis/sonar-analysis/project/hadoop-tools/hadoop-tools-dist/src/test/resources
[INFO] Copying 2 resources
[INFO] 
[INFO] --- compiler:3.1:testCompile (default-testCompile) @ hadoop-tools-dist ---
[INFO] No sources to compile
[INFO] 
[INFO] --- surefire:2.21.0:test (default-test) @ hadoop-tools-dist ---
[INFO] Tests are skipped.
[INFO] 
[INFO] --- jar:2.5:jar (prepare-jar) @ hadoop-tools-dist ---
[INFO] Building jar: /home/runner/work/sonar-analysis/sonar-analysis/project/hadoop-tools/hadoop-tools-dist/target/hadoop-tools-dist-2.10.0-SNAPSHOT.jar
[INFO] 
[INFO] --- jar:2.5:test-jar (prepare-test-jar) @ hadoop-tools-dist ---
[INFO] Building jar: /home/runner/work/sonar-analysis/sonar-analysis/project/hadoop-tools/hadoop-tools-dist/target/hadoop-tools-dist-2.10.0-SNAPSHOT-tests.jar
[INFO] 
[INFO] --- jar:2.5:jar (default-jar) @ hadoop-tools-dist ---
[INFO] 
[INFO] --- site:3.5:attach-descriptor (attach-descriptor) @ hadoop-tools-dist ---
[INFO] 
[INFO] --- animal-sniffer:1.16:check (signature-check) @ hadoop-tools-dist ---
[INFO] Checking unresolved references to org.codehaus.mojo.signature:java17:1.0
[INFO] 
[INFO] --- enforcer:1.4.1:enforce (depcheck) @ hadoop-tools-dist ---
[INFO] Skipping Rule Enforcement.
[INFO] 
[INFO] --- install:2.5.1:install (default-install) @ hadoop-tools-dist ---
[INFO] Installing /home/runner/work/sonar-analysis/sonar-analysis/project/hadoop-tools/hadoop-tools-dist/target/hadoop-tools-dist-2.10.0-SNAPSHOT.jar to /home/runner/.m2/repository/org/apache/hadoop/hadoop-tools-dist/2.10.0-SNAPSHOT/hadoop-tools-dist-2.10.0-SNAPSHOT.jar
[INFO] Installing /home/runner/work/sonar-analysis/sonar-analysis/project/hadoop-tools/hadoop-tools-dist/pom.xml to /home/runner/.m2/repository/org/apache/hadoop/hadoop-tools-dist/2.10.0-SNAPSHOT/hadoop-tools-dist-2.10.0-SNAPSHOT.pom
[INFO] Installing /home/runner/work/sonar-analysis/sonar-analysis/project/hadoop-tools/hadoop-tools-dist/target/hadoop-tools-dist-2.10.0-SNAPSHOT-tests.jar to /home/runner/.m2/repository/org/apache/hadoop/hadoop-tools-dist/2.10.0-SNAPSHOT/hadoop-tools-dist-2.10.0-SNAPSHOT-tests.jar
[INFO] 
[INFO] -------------------< org.apache.hadoop:hadoop-tools >-------------------
[INFO] Building Apache Hadoop Tools 2.10.0-SNAPSHOT                     [81/84]
[INFO]   from hadoop-tools/pom.xml
[INFO] --------------------------------[ pom ]---------------------------------
[INFO] 
[INFO] --- clean:2.5:clean (default-clean) @ hadoop-tools ---
[INFO] Deleting /home/runner/work/sonar-analysis/sonar-analysis/project/hadoop-tools/target
[INFO] 
[INFO] --- antrun:1.7:run (create-testdirs) @ hadoop-tools ---
[INFO] Executing tasks

main:
    [mkdir] Created dir: /home/runner/work/sonar-analysis/sonar-analysis/project/hadoop-tools/target/test-dir
[INFO] Executed tasks
[INFO] 
[INFO] --- remote-resources:1.5:process (default) @ hadoop-tools ---
[INFO] 
[INFO] --- site:3.5:attach-descriptor (attach-descriptor) @ hadoop-tools ---
[INFO] 
[INFO] --- animal-sniffer:1.16:check (signature-check) @ hadoop-tools ---
[INFO] Checking unresolved references to org.codehaus.mojo.signature:java17:1.0
[INFO] 
[INFO] --- enforcer:1.4.1:enforce (depcheck) @ hadoop-tools ---
[INFO] Skipping Rule Enforcement.
[INFO] 
[INFO] --- install:2.5.1:install (default-install) @ hadoop-tools ---
[INFO] Installing /home/runner/work/sonar-analysis/sonar-analysis/project/hadoop-tools/pom.xml to /home/runner/.m2/repository/org/apache/hadoop/hadoop-tools/2.10.0-SNAPSHOT/hadoop-tools-2.10.0-SNAPSHOT.pom
[INFO] 
[INFO] -------------------< org.apache.hadoop:hadoop-dist >--------------------
[INFO] Building Apache Hadoop Distribution 2.10.0-SNAPSHOT              [82/84]
[INFO]   from hadoop-dist/pom.xml
[INFO] --------------------------------[ jar ]---------------------------------
[INFO] 
[INFO] --- clean:2.5:clean (default-clean) @ hadoop-dist ---
[INFO] Deleting /home/runner/work/sonar-analysis/sonar-analysis/project/hadoop-dist/target
[INFO] 
[INFO] --- antrun:1.7:run (create-testdirs) @ hadoop-dist ---
[INFO] Executing tasks

main:
    [mkdir] Created dir: /home/runner/work/sonar-analysis/sonar-analysis/project/hadoop-dist/target/test-dir
[INFO] Executed tasks
[INFO] 
[INFO] --- remote-resources:1.5:process (default) @ hadoop-dist ---
[INFO] 
[INFO] --- resources:2.6:resources (default-resources) @ hadoop-dist ---
[INFO] Using 'UTF-8' encoding to copy filtered resources.
[INFO] skip non existing resourceDirectory /home/runner/work/sonar-analysis/sonar-analysis/project/hadoop-dist/src/main/resources
[INFO] Copying 2 resources
[INFO] 
[INFO] --- compiler:3.1:compile (default-compile) @ hadoop-dist ---
[INFO] No sources to compile
[INFO] 
[INFO] --- resources:2.6:testResources (default-testResources) @ hadoop-dist ---
[INFO] Using 'UTF-8' encoding to copy filtered resources.
[INFO] skip non existing resourceDirectory /home/runner/work/sonar-analysis/sonar-analysis/project/hadoop-dist/src/test/resources
[INFO] Copying 2 resources
[INFO] 
[INFO] --- compiler:3.1:testCompile (default-testCompile) @ hadoop-dist ---
[INFO] No sources to compile
[INFO] 
[INFO] --- surefire:2.21.0:test (default-test) @ hadoop-dist ---
[INFO] Tests are skipped.
[INFO] 
[INFO] --- jar:2.5:jar (default-jar) @ hadoop-dist ---
[INFO] Building jar: /home/runner/work/sonar-analysis/sonar-analysis/project/hadoop-dist/target/hadoop-dist-2.10.0-SNAPSHOT.jar
[INFO] 
[INFO] --- site:3.5:attach-descriptor (attach-descriptor) @ hadoop-dist ---
[INFO] 
[INFO] --- animal-sniffer:1.16:check (signature-check) @ hadoop-dist ---
[INFO] Checking unresolved references to org.codehaus.mojo.signature:java17:1.0
[INFO] 
[INFO] --- enforcer:1.4.1:enforce (depcheck) @ hadoop-dist ---
[INFO] Skipping Rule Enforcement.
[INFO] 
[INFO] --- install:2.5.1:install (default-install) @ hadoop-dist ---
[INFO] Installing /home/runner/work/sonar-analysis/sonar-analysis/project/hadoop-dist/target/hadoop-dist-2.10.0-SNAPSHOT.jar to /home/runner/.m2/repository/org/apache/hadoop/hadoop-dist/2.10.0-SNAPSHOT/hadoop-dist-2.10.0-SNAPSHOT.jar
[INFO] Installing /home/runner/work/sonar-analysis/sonar-analysis/project/hadoop-dist/pom.xml to /home/runner/.m2/repository/org/apache/hadoop/hadoop-dist/2.10.0-SNAPSHOT/hadoop-dist-2.10.0-SNAPSHOT.pom
[INFO] 
[INFO] ---------------< org.apache.hadoop:hadoop-cloud-storage >---------------
[INFO] Building Apache Hadoop Cloud Storage 2.10.0-SNAPSHOT             [83/84]
[INFO]   from hadoop-cloud-storage-project/hadoop-cloud-storage/pom.xml
[INFO] --------------------------------[ jar ]---------------------------------
[INFO] 
[INFO] --- clean:2.5:clean (default-clean) @ hadoop-cloud-storage ---
[INFO] Deleting /home/runner/work/sonar-analysis/sonar-analysis/project/hadoop-cloud-storage-project/hadoop-cloud-storage/target
[INFO] 
[INFO] --- antrun:1.7:run (create-testdirs) @ hadoop-cloud-storage ---
[INFO] Executing tasks

main:
    [mkdir] Created dir: /home/runner/work/sonar-analysis/sonar-analysis/project/hadoop-cloud-storage-project/hadoop-cloud-storage/target/test-dir
[INFO] Executed tasks
[INFO] 
[INFO] --- remote-resources:1.5:process (default) @ hadoop-cloud-storage ---
[INFO] 
[INFO] --- resources:2.6:resources (default-resources) @ hadoop-cloud-storage ---
[INFO] Using 'UTF-8' encoding to copy filtered resources.
[INFO] skip non existing resourceDirectory /home/runner/work/sonar-analysis/sonar-analysis/project/hadoop-cloud-storage-project/hadoop-cloud-storage/src/main/resources
[INFO] Copying 2 resources
[INFO] 
[INFO] --- compiler:3.1:compile (default-compile) @ hadoop-cloud-storage ---
[INFO] No sources to compile
[INFO] 
[INFO] --- resources:2.6:testResources (default-testResources) @ hadoop-cloud-storage ---
[INFO] Using 'UTF-8' encoding to copy filtered resources.
[INFO] skip non existing resourceDirectory /home/runner/work/sonar-analysis/sonar-analysis/project/hadoop-cloud-storage-project/hadoop-cloud-storage/src/test/resources
[INFO] Copying 2 resources
[INFO] 
[INFO] --- compiler:3.1:testCompile (default-testCompile) @ hadoop-cloud-storage ---
[INFO] No sources to compile
[INFO] 
[INFO] --- surefire:2.21.0:test (default-test) @ hadoop-cloud-storage ---
[INFO] Tests are skipped.
[INFO] 
[INFO] --- jar:2.5:jar (default-jar) @ hadoop-cloud-storage ---
[INFO] Building jar: /home/runner/work/sonar-analysis/sonar-analysis/project/hadoop-cloud-storage-project/hadoop-cloud-storage/target/hadoop-cloud-storage-2.10.0-SNAPSHOT.jar
[INFO] 
[INFO] --- site:3.5:attach-descriptor (attach-descriptor) @ hadoop-cloud-storage ---
[INFO] 
[INFO] --- animal-sniffer:1.16:check (signature-check) @ hadoop-cloud-storage ---
[INFO] Checking unresolved references to org.codehaus.mojo.signature:java17:1.0
[INFO] 
[INFO] --- enforcer:1.4.1:enforce (depcheck) @ hadoop-cloud-storage ---
[INFO] Skipping Rule Enforcement.
[INFO] 
[INFO] --- install:2.5.1:install (default-install) @ hadoop-cloud-storage ---
[INFO] Installing /home/runner/work/sonar-analysis/sonar-analysis/project/hadoop-cloud-storage-project/hadoop-cloud-storage/target/hadoop-cloud-storage-2.10.0-SNAPSHOT.jar to /home/runner/.m2/repository/org/apache/hadoop/hadoop-cloud-storage/2.10.0-SNAPSHOT/hadoop-cloud-storage-2.10.0-SNAPSHOT.jar
[INFO] Installing /home/runner/work/sonar-analysis/sonar-analysis/project/hadoop-cloud-storage-project/hadoop-cloud-storage/pom.xml to /home/runner/.m2/repository/org/apache/hadoop/hadoop-cloud-storage/2.10.0-SNAPSHOT/hadoop-cloud-storage-2.10.0-SNAPSHOT.pom
[INFO] 
[INFO] -----------< org.apache.hadoop:hadoop-cloud-storage-project >-----------
[INFO] Building Apache Hadoop Cloud Storage Project 2.10.0-SNAPSHOT     [84/84]
[INFO]   from hadoop-cloud-storage-project/pom.xml
[INFO] --------------------------------[ pom ]---------------------------------
[INFO] 
[INFO] --- clean:2.5:clean (default-clean) @ hadoop-cloud-storage-project ---
[INFO] Deleting /home/runner/work/sonar-analysis/sonar-analysis/project/hadoop-cloud-storage-project/target
[INFO] 
[INFO] --- antrun:1.7:run (create-testdirs) @ hadoop-cloud-storage-project ---
[INFO] Executing tasks

main:
    [mkdir] Created dir: /home/runner/work/sonar-analysis/sonar-analysis/project/hadoop-cloud-storage-project/target/test-dir
[INFO] Executed tasks
[INFO] 
[INFO] --- remote-resources:1.5:process (default) @ hadoop-cloud-storage-project ---
[INFO] 
[INFO] --- site:3.5:attach-descriptor (attach-descriptor) @ hadoop-cloud-storage-project ---
[INFO] 
[INFO] --- animal-sniffer:1.16:check (signature-check) @ hadoop-cloud-storage-project ---
[INFO] Checking unresolved references to org.codehaus.mojo.signature:java17:1.0
[INFO] 
[INFO] --- enforcer:1.4.1:enforce (depcheck) @ hadoop-cloud-storage-project ---
[INFO] Skipping Rule Enforcement.
[INFO] 
[INFO] --- install:2.5.1:install (default-install) @ hadoop-cloud-storage-project ---
[INFO] Installing /home/runner/work/sonar-analysis/sonar-analysis/project/hadoop-cloud-storage-project/pom.xml to /home/runner/.m2/repository/org/apache/hadoop/hadoop-cloud-storage-project/2.10.0-SNAPSHOT/hadoop-cloud-storage-project-2.10.0-SNAPSHOT.pom
[INFO] ------------------------------------------------------------------------
[INFO] Reactor Summary for Apache Hadoop Main 2.10.0-SNAPSHOT:
[INFO] 
[INFO] Apache Hadoop Main ................................. SUCCESS [  0.818 s]
[INFO] Apache Hadoop Build Tools .......................... SUCCESS [  0.839 s]
[INFO] Apache Hadoop Project POM .......................... SUCCESS [  0.807 s]
[INFO] Apache Hadoop Annotations .......................... SUCCESS [  1.141 s]
[INFO] Apache Hadoop Project Dist POM ..................... SUCCESS [  0.296 s]
[INFO] Apache Hadoop Assemblies ........................... SUCCESS [  0.197 s]
[INFO] Apache Hadoop Maven Plugins ........................ SUCCESS [  1.271 s]
[INFO] Apache Hadoop MiniKDC .............................. SUCCESS [  1.413 s]
[INFO] Apache Hadoop Auth ................................. SUCCESS [  2.051 s]
[INFO] Apache Hadoop Auth Examples ........................ SUCCESS [  0.971 s]
[INFO] Apache Hadoop Common ............................... SUCCESS [ 11.387 s]
[INFO] Apache Hadoop NFS .................................. SUCCESS [  1.188 s]
[INFO] Apache Hadoop KMS .................................. SUCCESS [  2.127 s]
[INFO] Apache Hadoop Common Project ....................... SUCCESS [  0.145 s]
[INFO] Apache Hadoop HDFS Client .......................... SUCCESS [  6.178 s]
[INFO] Apache Hadoop HDFS ................................. SUCCESS [  9.414 s]
[INFO] Apache Hadoop HDFS Native Client ................... SUCCESS [  0.381 s]
[INFO] Apache Hadoop HttpFS ............................... SUCCESS [  2.763 s]
[INFO] Apache Hadoop HDFS BookKeeper Journal .............. SUCCESS [  1.256 s]
[INFO] Apache Hadoop HDFS-NFS ............................. SUCCESS [  1.230 s]
[INFO] Apache Hadoop HDFS-RBF ............................. SUCCESS [  2.351 s]
[INFO] Apache Hadoop HDFS Project ......................... SUCCESS [  0.119 s]
[INFO] Apache Hadoop YARN ................................. SUCCESS [  0.125 s]
[INFO] Apache Hadoop YARN API ............................. SUCCESS [  3.674 s]
[INFO] Apache Hadoop YARN Common .......................... SUCCESS [  3.298 s]
[INFO] Apache Hadoop YARN Registry ........................ SUCCESS [  1.061 s]
[INFO] Apache Hadoop YARN Server .......................... SUCCESS [  0.119 s]
[INFO] Apache Hadoop YARN Server Common ................... SUCCESS [  2.417 s]
[INFO] Apache Hadoop YARN NodeManager ..................... SUCCESS [  2.435 s]
[INFO] Apache Hadoop YARN Web Proxy ....................... SUCCESS [  1.086 s]
[INFO] Apache Hadoop YARN ApplicationHistoryService ....... SUCCESS [  1.981 s]
[INFO] Apache Hadoop YARN Timeline Service ................ SUCCESS [  1.189 s]
[INFO] Apache Hadoop YARN ResourceManager ................. SUCCESS [  4.352 s]
[INFO] Apache Hadoop YARN Server Tests .................... SUCCESS [  1.332 s]
[INFO] Apache Hadoop YARN Client .......................... SUCCESS [  1.350 s]
[INFO] Apache Hadoop YARN SharedCacheManager .............. SUCCESS [  1.146 s]
[INFO] Apache Hadoop YARN Timeline Plugin Storage ......... SUCCESS [  1.271 s]
[INFO] Apache Hadoop YARN Router .......................... SUCCESS [  1.347 s]
[INFO] Apache Hadoop YARN TimelineService HBase Backend ... SUCCESS [  0.121 s]
[INFO] Apache Hadoop YARN TimelineService HBase Common .... SUCCESS [  1.527 s]
[INFO] Apache Hadoop YARN TimelineService HBase Client .... SUCCESS [  1.859 s]
[INFO] Apache Hadoop YARN TimelineService HBase Servers ... SUCCESS [  0.120 s]
[INFO] Apache Hadoop YARN TimelineService HBase Server 1.2  SUCCESS [  2.079 s]
[INFO] Apache Hadoop YARN TimelineService HBase tests ..... SUCCESS [  1.239 s]
[INFO] Apache Hadoop YARN Applications .................... SUCCESS [  0.121 s]
[INFO] Apache Hadoop YARN DistributedShell ................ SUCCESS [  1.083 s]
[INFO] Apache Hadoop YARN Unmanaged Am Launcher ........... SUCCESS [  0.864 s]
[INFO] Apache Hadoop YARN Site ............................ SUCCESS [  0.128 s]
[INFO] Apache Hadoop YARN UI .............................. SUCCESS [  0.136 s]
[INFO] Apache Hadoop YARN Project ......................... SUCCESS [  1.006 s]
[INFO] Apache Hadoop MapReduce Client ..................... SUCCESS [  0.632 s]
[INFO] Apache Hadoop MapReduce Core ....................... SUCCESS [  2.381 s]
[INFO] Apache Hadoop MapReduce Common ..................... SUCCESS [  1.685 s]
[INFO] Apache Hadoop MapReduce Shuffle .................... SUCCESS [  1.131 s]
[INFO] Apache Hadoop MapReduce App ........................ SUCCESS [  1.842 s]
[INFO] Apache Hadoop MapReduce HistoryServer .............. SUCCESS [  1.649 s]
[INFO] Apache Hadoop MapReduce JobClient .................. SUCCESS [  2.135 s]
[INFO] Apache Hadoop MapReduce HistoryServer Plugins ...... SUCCESS [  0.864 s]
[INFO] Apache Hadoop MapReduce Examples ................... SUCCESS [  1.236 s]
[INFO] Apache Hadoop MapReduce ............................ SUCCESS [  0.694 s]
[INFO] Apache Hadoop MapReduce Streaming .................. SUCCESS [  1.246 s]
[INFO] Apache Hadoop Distributed Copy ..................... SUCCESS [  1.458 s]
[INFO] Apache Hadoop Archives ............................. SUCCESS [  1.110 s]
[INFO] Apache Hadoop Archive Logs ......................... SUCCESS [  1.038 s]
[INFO] Apache Hadoop Rumen ................................ SUCCESS [  1.465 s]
[INFO] Apache Hadoop Gridmix .............................. SUCCESS [  1.346 s]
[INFO] Apache Hadoop Data Join ............................ SUCCESS [  1.086 s]
[INFO] Apache Hadoop Ant Tasks ............................ SUCCESS [  0.767 s]
[INFO] Apache Hadoop Extras ............................... SUCCESS [  1.137 s]
[INFO] Apache Hadoop Pipes ................................ SUCCESS [  0.117 s]
[INFO] Apache Hadoop OpenStack support .................... SUCCESS [  0.891 s]
[INFO] Apache Hadoop Amazon Web Services support .......... SUCCESS [  3.520 s]
[INFO] Apache Hadoop Azure support ........................ SUCCESS [  1.611 s]
[INFO] Apache Hadoop Aliyun OSS support ................... SUCCESS [  0.854 s]
[INFO] Apache Hadoop Client ............................... SUCCESS [  0.967 s]
[INFO] Apache Hadoop Mini-Cluster ......................... SUCCESS [  1.498 s]
[INFO] Apache Hadoop Scheduler Load Simulator ............. SUCCESS [  1.718 s]
[INFO] Apache Hadoop Resource Estimator Service ........... SUCCESS [  1.125 s]
[INFO] Apache Hadoop Azure Data Lake support .............. SUCCESS [  0.821 s]
[INFO] Apache Hadoop Tools Dist ........................... SUCCESS [  2.303 s]
[INFO] Apache Hadoop Tools ................................ SUCCESS [  0.116 s]
[INFO] Apache Hadoop Distribution ......................... SUCCESS [  0.954 s]
[INFO] Apache Hadoop Cloud Storage ........................ SUCCESS [  1.786 s]
[INFO] Apache Hadoop Cloud Storage Project ................ SUCCESS [  0.115 s]
[INFO] ------------------------------------------------------------------------
[INFO] BUILD SUCCESS
[INFO] ------------------------------------------------------------------------
[INFO] Total time:  02:11 min
[INFO] Finished at: 2026-05-07T19:40:21Z
[INFO] ------------------------------------------------------------------------
